repair_status,cdli_id,factgrid_qid,artifact_label,live_period_property,live_period_qid,live_period_label,correct_period_qid,expected_period_label,repair_note,removed_claim_ids,new_claim_id,write_status,write_error
ready,283904,Q1372698,Cuneiform Tablet KUG 47,P853,Q512151,Old Assyrian Period,Q512163,Achaemenid Period,Replace live period claim with verified FactGrid QID for expected CDLI period label.,Q1372698$587404EF-8E99-4BD7-80DB-BCDC0ECD7192,Q1372698$33ACD4D5-E009-4337-A7A7-C5EEAA5DC7C9,written,
ready,302422,Q2163993,"Cuneiform Tablet YOS 21, 209",P853,Q512161,Neo-Babylonian Period,Q512163,Achaemenid Period,Replace live period claim with verified FactGrid QID for expected CDLI period label.,Q2163993$5BB52BC4-EFB7-4CC3-954C-9834EAA6C55E,Q2163993$D01CE2A0-7AD4-45F5-BFE5-45740A3E3063,written,
ready,314427,Q2165697,"Cuneiform Tablet CT 55, 036",P853,Q512161,Neo-Babylonian Period,Q512163,Achaemenid Period,Replace live period claim with verified FactGrid QID for expected CDLI period label.,Q2165697$A2EDC9B4-9A29-4C06-AB9C-BE99D34FE361,Q2165697$732D3434-A9B9-4061-85CF-B1E0D2A778DA,written,
ready,314470,Q2167797,"Cuneiform Tablet CT 55, 079",P853,Q512161,Neo-Babylonian Period,Q512163,Achaemenid Period,Replace live period claim with verified FactGrid QID for expected CDLI period label.,Q2167797$0A6C6C55-F228-42BA-85B7-1F7A149A7A0A,Q2167797$B0453284-1242-4F3E-B001-05A78F7D71F1,written,
ready,314630,Q2164869,"Cuneiform Tablet CT 55, 239",P853,Q512161,Neo-Babylonian Period,Q512163,Achaemenid Period,Replace live period claim with verified FactGrid QID for expected CDLI period label.,Q2164869$56ED4CF9-E87A-4209-9F46-9FF8D9B7C6EE,Q2164869$B9CAAAA5-6949-482C-954F-8BB2B8AD6816,written,
ready,314667,Q2162711,"Cuneiform Tablet CT 55, 276",P853,Q512161,Neo-Babylonian Period,Q512163,Achaemenid Period,Replace live period claim with verified FactGrid QID for expected CDLI period label.,Q2162711$2B4B9CBC-63CE-4E18-BB19-C8DB7DE10070,Q2162711$5CCB2C84-AF04-4632-9EAB-BB7C7AC5BFA9,written,
ready,314827,Q2170614,"Cuneiform Tablet CT 55, 435",P853,Q512161,Neo-Babylonian Period,Q512163,Achaemenid Period,Replace live period claim with verified FactGrid QID for expected CDLI period label.,Q2170614$9DFAE439-893A-4720-99B5-0D0BE6DB8712,Q2170614$CD69A317-2952-43CE-B660-1BC260412E74,written,
ready,315021,Q2165158,"Cuneiform Tablet CT 55, 628",P853,Q512161,Neo-Babylonian Period,Q512163,Achaemenid Period,Replace live period claim with verified FactGrid QID for expected CDLI period label.,Q2165158$E62302E5-CDEC-4158-A975-1A3FD7EDDC22,Q2165158$AC2A6B1A-E40B-41CC-B200-510A685B507C,written,
ready,345582,Q2165689,"Cuneiform Tablet CT 44, 77",P853,Q512164,Hellenistic Period,Q512163,Achaemenid Period,Replace live period claim with verified FactGrid QID for expected CDLI period label.,Q2165689$83514A62-9160-4B97-B259-EB7877844EF8,Q2165689$AB3189E3-0BCF-4523-90FC-E5EF82E57DB2,written,
ready,366470,Q2169789,"Cuneiform Tablet CT 56, 155",P853,Q512164,Hellenistic Period,Q512163,Achaemenid Period,Replace live period claim with verified FactGrid QID for expected CDLI period label.,Q2169789$4D3F7944-5C80-4951-8443-BAE7F2E123B0,Q2169789$0E3EC020-F4EE-4AED-8EC4-5371B2271E4F,written,
ready,366759,Q2154397,"Cuneiform Tablet CT 56, 444",P853,Q512164,Hellenistic Period,Q512163,Achaemenid Period,Replace live period claim with verified FactGrid QID for expected CDLI period label.,Q2154397$911E0158-6750-40B0-8AA0-CDC0C98162A7,Q2154397$3CD4B428-66B3-4E60-A4CC-9BD40FD9F174,written,
ready,367261,Q2169501,"Cuneiform Tablet CT 57, 0120a",P853,Q512161,Neo-Babylonian Period,Q512163,Achaemenid Period,Replace live period claim with verified FactGrid QID for expected CDLI period label.,Q2169501$8877FB2E-EF7D-4BC4-99BC-D1CF72B4613E,Q2169501$9B122B40-8B59-4D33-B8D8-B758B80E682A,written,
ready,367627,Q2147703,"Cuneiform Tablet CT 57, 0485",P853,Q512161,Neo-Babylonian Period,Q512163,Achaemenid Period,Replace live period claim with verified FactGrid QID for expected CDLI period label.,Q2147703$947E0EE8-C1B4-4BBB-9F1A-CB339D7DA1EF,Q2147703$27D9D88B-5E32-4BD6-A31E-4E6F9BE4F0C2,written,
ready,367631,Q2169374,"Cuneiform Tablet CT 57, 0489",P853,Q512161,Neo-Babylonian Period,Q512163,Achaemenid Period,Replace live period claim with verified FactGrid QID for expected CDLI period label.,Q2169374$C58D331A-4B66-44D5-9CF7-F35A43FC8A3D,Q2169374$2346F090-C85F-4921-8ED1-E9482F226229,written,
ready,368141,Q2164986,"Cuneiform Tablet CT 57, 1002",P853,Q512161,Neo-Babylonian Period,Q512163,Achaemenid Period,Replace live period claim with verified FactGrid QID for expected CDLI period label.,Q2164986$3ACAA4C1-D700-41FB-B936-177A0DE3DDE5,Q2164986$140BC289-323E-4D97-B75F-70F174EACBBA,written,
ready,371360,Q2165103,"Cuneiform Tablet VS 03, 071",P853,Q512161,Neo-Babylonian Period,Q512163,Achaemenid Period,Replace live period claim with verified FactGrid QID for expected CDLI period label.,Q2165103$D7DD9D6E-FB5A-421E-9C09-1E611969B2AA,Q2165103$F4B8D240-2567-4C93-9E96-281F498622AA,written,
ready,371419,Q2163289,"Cuneiform Tablet VS 03, 130",P853,Q512161,Neo-Babylonian Period,Q512163,Achaemenid Period,Replace live period claim with verified FactGrid QID for expected CDLI period label.,Q2163289$10D66002-66A8-4CEA-A778-CE7F341F3D19,Q2163289$FADD2861-A586-4E8F-BA60-756C50BB6A40,written,
ready,371435,Q2168416,"Cuneiform Tablet VS 03, 143",P853,Q512161,Neo-Babylonian Period,Q512163,Achaemenid Period,Replace live period claim with verified FactGrid QID for expected CDLI period label.,Q2168416$5B964E81-363A-4C36-8414-A0E91DF028D6,Q2168416$753AFF94-CD5E-42CE-A2B5-2A7C0D047F41,written,
ready,371589,Q2168221,"Cuneiform Tablet VS 04, 065",P853,Q512161,Neo-Babylonian Period,Q512163,Achaemenid Period,Replace live period claim with verified FactGrid QID for expected CDLI period label.,Q2168221$28B231C4-4680-474C-931A-95C32D26169F,Q2168221$5835BE39-CC48-4962-99D9-5DE66C6C24AB,written,
ready,371622,Q2162166,"Cuneiform Tablet VS 04, 098",P853,Q512161,Neo-Babylonian Period,Q512163,Achaemenid Period,Replace live period claim with verified FactGrid QID for expected CDLI period label.,Q2162166$2ED6344D-17A6-4CF0-85EB-0D2911594316,Q2162166$DAE3CD49-93FC-489F-8BC6-A502F80A8BA2,written,
ready,371659,Q2143894,"Cuneiform Tablet VS 04, 136",P853,Q512161,Neo-Babylonian Period,Q512163,Achaemenid Period,Replace live period claim with verified FactGrid QID for expected CDLI period label.,Q2143894$D9EB8565-4362-448D-B82C-8B05F0A39810,Q2143894$0595B87F-D41C-4F0B-99F2-759DEDF6ECF6,written,
ready,371675,Q2164287,"Cuneiform Tablet VS 04, 152",P853,Q512161,Neo-Babylonian Period,Q512163,Achaemenid Period,Replace live period claim with verified FactGrid QID for expected CDLI period label.,Q2164287$98C63395-10E7-4875-B324-DCA10563A79C,Q2164287$A3CFD2F6-956E-4C13-B7B9-5018F9A343D0,written,
ready,371788,Q2162201,"Cuneiform Tablet VS 05, 054",P853,Q512164,Hellenistic Period,Q512163,Achaemenid Period,Replace live period claim with verified FactGrid QID for expected CDLI period label.,Q2162201$C9F3724F-BC40-49BE-80CE-38E3033DCE14,Q2162201$8611D0D4-730A-45C7-8BA0-E742F4C5DCEA,written,
ready,371823,Q2167770,"Cuneiform Tablet VS 05, 089",P853,Q512164,Hellenistic Period,Q512163,Achaemenid Period,Replace live period claim with verified FactGrid QID for expected CDLI period label.,Q2167770$CEBF8C9A-2F2A-4979-BA3F-C87625B51EFF,Q2167770$1DA660A7-B307-4AA2-853D-6CAF534A0EC5,written,
ready,371835,Q2157353,"Cuneiform Tablet VS 05, 101",P853,Q512161,Neo-Babylonian Period,Q512163,Achaemenid Period,Replace live period claim with verified FactGrid QID for expected CDLI period label.,Q2157353$3ABD0CF5-17E1-4BC8-BEC1-FBF717C96E91,Q2157353$7563E3D3-B9C5-4418-9E58-FCEDE016006B,written,
ready,371862,Q2170021,"Cuneiform Tablet VS 05, 128",P853,Q512164,Hellenistic Period,Q512163,Achaemenid Period,Replace live period claim with verified FactGrid QID for expected CDLI period label.,Q2170021$6CA3010B-A793-4815-B492-BA0F1D7A16FC,Q2170021$4254C677-9129-4A7C-9A8F-444817293C84,written,
ready,372059,Q2164570,"Cuneiform Tablet VS 06, 164",P853,Q512164,Hellenistic Period,Q512163,Achaemenid Period,Replace live period claim with verified FactGrid QID for expected CDLI period label.,Q2164570$7B01B29E-A718-49DD-B1A3-23DC174E51B3,Q2164570$95932CB4-142C-4776-876D-F8FD5202E46A,written,
ready,372075,Q2057716,"Cuneiform Tablet VS 06, 180",P853,Q512164,Hellenistic Period,Q512163,Achaemenid Period,Replace live period claim with verified FactGrid QID for expected CDLI period label.,Q2057716$7A1E4536-4FD9-492A-9E15-33719F86F487,Q2057716$AA8CD62D-AFC0-41DA-93FC-0E0A2571199D,written,
ready,372188,Q2167466,"Cuneiform Tablet VS 06, 293",P853,Q512164,Hellenistic Period,Q512163,Achaemenid Period,Replace live period claim with verified FactGrid QID for expected CDLI period label.,Q2167466$49F4E524-7B86-408F-AE9C-C6D1AD7BCF2F,Q2167466$8F20E8C6-2480-4561-9972-CD2E84E39091,written,
ready,385177,Q2165238,"Cuneiform Tablet OECT 10, 164",P853,Q512164,Hellenistic Period,Q512163,Achaemenid Period,Replace live period claim with verified FactGrid QID for expected CDLI period label.,Q2165238$DB272A2E-BF4A-426B-82D1-0BBD66118431,Q2165238$725BE9E8-AD75-4E19-A413-DC2F2AB5DF29,written,
ready,385198,Q2164179,"Cuneiform Tablet OECT 10, 185",P853,Q512164,Hellenistic Period,Q512163,Achaemenid Period,Replace live period claim with verified FactGrid QID for expected CDLI period label.,Q2164179$A2C6FE7B-4CD0-4057-9AC4-6B489ADC3A05,Q2164179$29AAA3F1-363C-4E12-BCC6-9ADB1BED0E0A,written,
ready,385225,Q2166274,"Cuneiform Tablet OECT 10, 212",P853,Q512164,Hellenistic Period,Q512163,Achaemenid Period,Replace live period claim with verified FactGrid QID for expected CDLI period label.,Q2166274$E0302E7D-81C9-4E20-8F2A-0ED5B46646FA,Q2166274$59AC5F9B-0CD7-4EE8-9E65-B37DD42823DD,written,
ready,385419,Q2167097,"Cuneiform Tablet OECT 10, 406",P853,Q512164,Hellenistic Period,Q512163,Achaemenid Period,Replace live period claim with verified FactGrid QID for expected CDLI period label.,Q2167097$A20D79F3-B1CC-48A8-A392-4E3925EEF7E6,Q2167097$6F249F59-7260-44A4-9CE5-E8D26AF3030E,written,
ready,385458,Q2169362,"Cuneiform Tablet OECT 12, pl. 17, A 120",P853,Q512161,Neo-Babylonian Period,Q512163,Achaemenid Period,Replace live period claim with verified FactGrid QID for expected CDLI period label.,Q2169362$E14C704B-5B87-45B0-A565-B7ABD4C9262B,Q2169362$967009EC-0B99-4070-9DD1-68B1740BAF33,written,
ready,385527,Q2165076,"Cuneiform Tablet OECT 12, pl. 46-47, AB 241",P853,Q512161,Neo-Babylonian Period,Q512163,Achaemenid Period,Replace live period claim with verified FactGrid QID for expected CDLI period label.,Q2165076$F0DAEE32-5454-45F6-AFEE-936C4768AAE1,Q2165076$B613966B-E147-4681-AA92-51DAF9929B50,written,
ready,413023,Q2165772,Cuneiform Tablet BM 102275,P853,Q512148,Ur III Period,Q512163,Achaemenid Period,Replace live period claim with verified FactGrid QID for expected CDLI period label.,Q2165772$B94437C4-3700-43D2-AC3D-58915FB6D411,Q2165772$ED3D30FA-BBAD-4BF3-9657-B285F6504E0E,written,
ready,413035,Q2170055,Cuneiform Tablet BM 102290,P853,Q512148,Ur III Period,Q512163,Achaemenid Period,Replace live period claim with verified FactGrid QID for expected CDLI period label.,Q2170055$BF99A748-4281-46B6-A72C-754C82B05324,Q2170055$BABE663F-C44C-452D-AEAF-6C85496B518C,written,
ready,413432,Q2154837,Cuneiform Tablet BM 103583,P853,Q512148,Ur III Period,Q512163,Achaemenid Period,Replace live period claim with verified FactGrid QID for expected CDLI period label.,Q2154837$42617CE4-10B1-4009-9006-EF68908F3284,Q2154837$289C1D8A-E6E9-4BE7-961E-8CEFC8FC58EA,written,
ready,413473,Q2165609,Cuneiform Tablet BM 103624,P853,Q512148,Ur III Period,Q512163,Achaemenid Period,Replace live period claim with verified FactGrid QID for expected CDLI period label.,Q2165609$7AA689B5-EF08-4003-B2F8-566AC441C84C,Q2165609$68449E0B-3501-4474-B176-15F63C644E1F,written,
ready,414709,Q2165928,"Cuneiform Tablet UET 4, 0013",P853,Q512161,Neo-Babylonian Period,Q512163,Achaemenid Period,Replace live period claim with verified FactGrid QID for expected CDLI period label.,Q2165928$9BD35FA8-4D44-49F8-BC5D-816E60CE13DB,Q2165928$398D4EA7-AAC6-4AB1-9C21-7AEB80C436B1,written,
ready,414748,Q2159852,"Cuneiform Tablet UET 4, 0052",P853,Q512161,Neo-Babylonian Period,Q512163,Achaemenid Period,Replace live period claim with verified FactGrid QID for expected CDLI period label.,Q2159852$9BC0592A-B08F-483B-9AB7-23B5CEF148BE,Q2159852$D3CA61E4-809B-4810-9E26-C30AA1435B4E,written,
ready,459070,Q2162640,"Cuneiform Tablet OIC 22, & 141 26",P853,Q512164,Hellenistic Period,Q512163,Achaemenid Period,Replace live period claim with verified FactGrid QID for expected CDLI period label.,Q2162640$E1690631-899D-4089-AD29-7DAB80883DFE,Q2162640$BD6D35C9-0ADF-4443-8754-B2F27C7BE2EF,written,
ready,475959,Q2162104,Cuneiform Artifact CDLI Seals 009219 (physical),P853,Q512161,Neo-Babylonian Period,Q512163,Achaemenid Period,Replace live period claim with verified FactGrid QID for expected CDLI period label.,Q2162104$53F247ED-0BF6-412E-9142-C65D8AC126F6,Q2162104$4378A15F-5BE5-4AED-99FF-E3492D8DAC66,written,
ready,480427,Q2146782,"Cuneiform Tablet StPohl SM 11, 04",P853,Q512164,Hellenistic Period,Q512163,Achaemenid Period,Replace live period claim with verified FactGrid QID for expected CDLI period label.,Q2146782$8CE12903-74A9-45BE-8897-CBCD1F539859,Q2146782$21C976B0-7CA9-430F-A5D8-0776D1632C28,written,
ready,533020,Q2169080,Cuneiform Tablet PF-NN 0530,P853,Q512164,Hellenistic Period,Q512163,Achaemenid Period,Replace live period claim with verified FactGrid QID for expected CDLI period label.,Q2169080$94E38945-4C5C-45DF-AFB6-1A7604517247,Q2169080$D3CBD70B-F214-4D2D-8900-48878D78C05C,written,
ready,533036,Q2047275,Cuneiform Tablet PF-NN 2261,P853,Q512164,Hellenistic Period,Q512163,Achaemenid Period,Replace live period claim with verified FactGrid QID for expected CDLI period label.,Q2047275$12DA7E50-EAAC-4210-A4B0-79BA55A72CF6,Q2047275$5C78FCE4-225D-4042-BFCF-E56C7FE0AC2D,written,
ready,533061,Q2166810,Cuneiform Tablet Fort. 0172-101,P853,Q512164,Hellenistic Period,Q512163,Achaemenid Period,Replace live period claim with verified FactGrid QID for expected CDLI period label.,Q2166810$C34E52C2-4A0F-4E63-B89F-7694A1725713,Q2166810$4D056E8F-18B8-4CE1-BA27-F33B1F082230,written,
ready,533108,Q2162217,Cuneiform Tablet Fort. 1677-103,P853,Q512164,Hellenistic Period,Q512163,Achaemenid Period,Replace live period claim with verified FactGrid QID for expected CDLI period label.,Q2162217$2E9169F0-8E85-42DF-A34A-21F9D8AA030D,Q2162217$1A9FC5E4-CC62-4E40-A35C-90397F6966B4,written,
ready,533124,Q2167182,Cuneiform Tablet Fort. 1876-102,P853,Q512164,Hellenistic Period,Q512163,Achaemenid Period,Replace live period claim with verified FactGrid QID for expected CDLI period label.,Q2167182$FFC059AC-D1E7-43C8-B831-5D4B6C56C261,Q2167182$AE41193B-2632-4C32-B808-E7C74A7960E0,written,
ready,533165,Q2169413,Cuneiform Tablet PF-NN 0711,P853,Q512164,Hellenistic Period,Q512163,Achaemenid Period,Replace live period claim with verified FactGrid QID for expected CDLI period label.,Q2169413$6F66C25B-9579-47F1-B868-7CE9D386FCC3,Q2169413$9845A2C3-7F33-4E58-8C54-99F70E6B3AFB,written,
ready,533173,Q2146704,Cuneiform Tablet PFa 02,P853,Q512164,Hellenistic Period,Q512163,Achaemenid Period,Replace live period claim with verified FactGrid QID for expected CDLI period label.,Q2146704$A625A842-65C8-4080-BBE8-780B617046AE,Q2146704$62AAB5F3-8004-4E33-9164-AFD8F7909346,written,
ready,537409,Q2164762,"Cuneiform Tablet OIP 65, 3",P853,Q512164,Hellenistic Period,Q512163,Achaemenid Period,Replace live period claim with verified FactGrid QID for expected CDLI period label.,Q2164762$04D2E79E-E020-4D51-9573-6C463D735D49,Q2164762$44EEC456-4B0A-4C71-879E-645B0E3CBB20,written,
ready,537425,Q2047620,"Cuneiform Tablet OIP 65, 12b",P853,Q512164,Hellenistic Period,Q512163,Achaemenid Period,Replace live period claim with verified FactGrid QID for expected CDLI period label.,Q2047620$F14BC662-6405-4B12-9B5B-04F7E5056C80,Q2047620$64359890-772E-4C06-BF51-18CA1775CBC9,written,
ready,537433,Q2168903,"Cuneiform Tablet OIP 65, 20",P853,Q512164,Hellenistic Period,Q512163,Achaemenid Period,Replace live period claim with verified FactGrid QID for expected CDLI period label.,Q2168903$1F579F62-428E-4195-B7DA-C8EB5A2A5068,Q2168903$C0A73FD0-8711-46F9-B82B-45109DB95571,written,
ready,537472,Q2166554,"Cuneiform Tablet OIP 65, 48",P853,Q512164,Hellenistic Period,Q512163,Achaemenid Period,Replace live period claim with verified FactGrid QID for expected CDLI period label.,Q2166554$26AEDA10-973C-437F-AE0B-3828FEB54216,Q2166554$A24B3F6A-5AEB-4941-822D-C34FEC2D6B45,written,
ready,537537,Q2167338,Cuneiform Tablet JNES 24 167-92 1963-14,P853,Q512164,Hellenistic Period,Q512163,Achaemenid Period,Replace live period claim with verified FactGrid QID for expected CDLI period label.,Q2167338$5858BB1E-982E-4A07-AD60-E1CDEC10F38E,Q2167338$98E49CB8-4F31-4834-A017-33F67C156D17,written,
ready,539315,Q2166237,Cuneiform Artifact CDLI Seals 018493 (physical),P853,Q512164,Hellenistic Period,Q512163,Achaemenid Period,Replace live period claim with verified FactGrid QID for expected CDLI period label.,Q2166237$0EB29AE9-F0C0-4A03-9724-D16CFC0ED6CF,Q2166237$300C6EDC-FF3B-47FC-B87B-899D354BC263,written,
ready,539381,Q2163688,Cuneiform Artifact CDLI Seals 018826 (physical),P853,Q512164,Hellenistic Period,Q512163,Achaemenid Period,Replace live period claim with verified FactGrid QID for expected CDLI period label.,Q2163688$7CAFCC98-E811-45E9-B608-D515CF06B30D,Q2163688$0E66B8E5-CFC9-4100-A044-C380451C65FC,written,
ready,543637,Q2169518,Cuneiform Tablet LB 2036 (unpublished),P853,Q512164,Hellenistic Period,Q512163,Achaemenid Period,Replace live period claim with verified FactGrid QID for expected CDLI period label.,Q2169518$0B2784DE-8BC8-4A15-8E2E-19A09511D459,Q2169518$C36DBE82-F0D6-433F-BF87-124C102EA8B9,written,
ready,543676,Q2167217,Cuneiform Tablet LB 1777 (unpublished),P853,Q512164,Hellenistic Period,Q512163,Achaemenid Period,Replace live period claim with verified FactGrid QID for expected CDLI period label.,Q2167217$FFDE7C28-B86B-4F62-B4F9-A56CF34FE241,Q2167217$C9078F8B-975D-4D60-A3E1-15B49D809E03,written,
ready,543908,Q2164587,Cuneiform Tablet LB 1749 (unpublished),P853,Q512164,Hellenistic Period,Q512163,Achaemenid Period,Replace live period claim with verified FactGrid QID for expected CDLI period label.,Q2164587$AF462B71-262D-4AE0-80AF-319509F3B14B,Q2164587$0458433D-1F34-4BD4-ADF2-F2EC0F418A59,written,
ready,550518,Q2047212,"Cuneiform Tablet AnOr 08, 043",P853,Q512164,Hellenistic Period,Q512163,Achaemenid Period,Replace live period claim with verified FactGrid QID for expected CDLI period label.,Q2047212$C81A99A0-B7A6-474E-9C87-4CC40E31A695,Q2047212$2FA2AEFB-DD46-44EA-80A0-8633FAB92F49,written,
ready,550534,Q2164988,"Cuneiform Tablet AnOr 08, 059",P853,Q512164,Hellenistic Period,Q512163,Achaemenid Period,Replace live period claim with verified FactGrid QID for expected CDLI period label.,Q2164988$82DE6F2F-C3BC-4BE8-ADFD-B580D47A48F3,Q2164988$30E8A9E5-29F1-4BA3-9FDF-1ABC5C43A703,written,
ready,550627,Q2168689,"Cuneiform Tablet OLA 233, no. 067",P853,Q512164,Hellenistic Period,Q512163,Achaemenid Period,Replace live period claim with verified FactGrid QID for expected CDLI period label.,Q2168689$17C02213-139B-4AB1-82A3-8C72416EDD11,Q2168689$E5901474-0879-4DC9-B79F-235B486D832B,written,
ready,550631,Q2168302,"Cuneiform Tablet OLA 233, no. 071",P853,Q512164,Hellenistic Period,Q512163,Achaemenid Period,Replace live period claim with verified FactGrid QID for expected CDLI period label.,Q2168302$9BF2EAAB-CA78-48F5-96F2-259FE9B66367,Q2168302$95AD4E02-49A3-45A0-8AF2-498FB2F061A1,written,
ready,550666,Q2166329,"Cuneiform Tablet OLA 233, no. 106",P853,Q512164,Hellenistic Period,Q512163,Achaemenid Period,Replace live period claim with verified FactGrid QID for expected CDLI period label.,Q2166329$E029B472-05A8-4E81-BF1B-ED280995847B,Q2166329$1CB65D71-4556-4C93-8E7F-8E2E00CEEC6D,written,
ready,550689,Q2165312,"Cuneiform Tablet OLA 233, no. 130",P853,Q512164,Hellenistic Period,Q512163,Achaemenid Period,Replace live period claim with verified FactGrid QID for expected CDLI period label.,Q2165312$9A4C5F24-2C76-447A-8DDD-00934A3B780E,Q2165312$9050E645-58F9-410B-805A-EECB1421B122,written,
ready,550723,Q2165501,"Cuneiform Tablet OLA 233, no. 165",P853,Q512164,Hellenistic Period,Q512163,Achaemenid Period,Replace live period claim with verified FactGrid QID for expected CDLI period label.,Q2165501$38AE1934-2C9F-470C-A0AC-25484A80DEAB,Q2165501$A66CD0BA-B762-40CB-8FC4-7D3726DDAAA6,written,
ready,550735,Q2170286,"Cuneiform Tablet OLA 233, no. 178",P853,Q512164,Hellenistic Period,Q512163,Achaemenid Period,Replace live period claim with verified FactGrid QID for expected CDLI period label.,Q2170286$B82C1321-6793-4BBC-9AF3-6F1468E55EFF,Q2170286$34842D83-78C7-4EBE-8056-81E2EC7B6B7D,written,
ready,550758,Q2163763,Cuneiform Tablet Nbk. 010,P853,Q512164,Hellenistic Period,Q512163,Achaemenid Period,Replace live period claim with verified FactGrid QID for expected CDLI period label.,Q2163763$2965ACE7-A4F9-48CD-A791-98C11C38BCD4,Q2163763$D7E3DCED-C0E2-4E92-A4EC-9496103408A8,written,
ready,550762,Q2153657,Cuneiform Tablet Nbk. 015,P853,Q512164,Hellenistic Period,Q512163,Achaemenid Period,Replace live period claim with verified FactGrid QID for expected CDLI period label.,Q2153657$9F3A7B82-E9D6-400D-88BB-794986AD3DB7,Q2153657$D0E61F8D-F511-49B8-A252-C207AD8E4064,written,
ready,551260,Q2164438,"Cuneiform Tablet TMH 02-3, 099",P853,Q512164,Hellenistic Period,Q512163,Achaemenid Period,Replace live period claim with verified FactGrid QID for expected CDLI period label.,Q2164438$9DF75FE1-128F-449D-99C6-A326A827B674,Q2164438$D8429CA1-17C8-4F1A-A504-6E48104C7DA5,written,
ready,551309,Q2047895,"Cuneiform Tablet TMH 02-3, 148",P853,Q512164,Hellenistic Period,Q512163,Achaemenid Period,Replace live period claim with verified FactGrid QID for expected CDLI period label.,Q2047895$DB3D49E9-347C-400A-8CE8-7BDCBCFAFAA6,Q2047895$CB9669DB-ABC8-4D88-BE01-144EE5AA0C87,written,
ready,551325,Q2164664,"Cuneiform Tablet TMH 02-3, 164",P853,Q512164,Hellenistic Period,Q512163,Achaemenid Period,Replace live period claim with verified FactGrid QID for expected CDLI period label.,Q2164664$B4456C87-689D-4D1A-B85C-376174A998DB,Q2164664$7E3B334A-677A-475B-A94B-C4CEF41B6BDE,written,
ready,551372,Q2162827,"Cuneiform Tablet TMH 02-3, 211",P853,Q512164,Hellenistic Period,Q512163,Achaemenid Period,Replace live period claim with verified FactGrid QID for expected CDLI period label.,Q2162827$061C51A7-AB59-4E28-9BD4-689D5B9790A8,Q2162827$0908511D-129B-462D-B0C1-1B1EEC5F3C40,written,
ready,551427,Q2165904,"Cuneiform Tablet TMH 02-3, 266",P853,Q512164,Hellenistic Period,Q512163,Achaemenid Period,Replace live period claim with verified FactGrid QID for expected CDLI period label.,Q2165904$23753D81-4183-4AF2-9243-AD85952628B7,Q2165904$56118541-A8C6-4873-B074-D7392312038B,written,
ready,551775,Q2164874,"Cuneiform Tablet CM 20, no. 027",P853,Q512164,Hellenistic Period,Q512163,Achaemenid Period,Replace live period claim with verified FactGrid QID for expected CDLI period label.,Q2164874$5A60C789-7151-43D0-BBFD-49E935443BA0,Q2164874$241EF65D-0887-437C-8B00-462A95B2B8B2,written,
ready,551827,Q2170271,Cuneiform Tablet Dar. 216,P853,Q512164,Hellenistic Period,Q512163,Achaemenid Period,Replace live period claim with verified FactGrid QID for expected CDLI period label.,Q2170271$9955A015-9547-4CBC-95F8-B6407FF72848,Q2170271$9B429C18-9F3C-4E78-8EFB-0F67066FF81C,written,
ready,551831,Q2165536,Cuneiform Tablet Dar. 365,P853,Q512164,Hellenistic Period,Q512163,Achaemenid Period,Replace live period claim with verified FactGrid QID for expected CDLI period label.,Q2165536$0780B8B6-10A1-40F5-9925-1C1D6B4A2EB2,Q2165536$27962C1E-DD7E-4C2C-A7DA-B995B9AD646A,written,
ready,551866,Q2167949,Cuneiform Tablet Dar. 83,P853,Q512164,Hellenistic Period,Q512163,Achaemenid Period,Replace live period claim with verified FactGrid QID for expected CDLI period label.,Q2167949$3D5B7566-E369-4FAF-96A6-F48F282E7DE0,Q2167949$EB8B49A0-D99F-4F8F-A8F8-B71082CB8361,written,
ready,551870,Q2153232,Cuneiform Tablet Dar. 36,P853,Q512164,Hellenistic Period,Q512163,Achaemenid Period,Replace live period claim with verified FactGrid QID for expected CDLI period label.,Q2153232$46928736-711C-47EC-9F12-9DA41B8B1D6A,Q2153232$A7139D3E-D891-4D8E-AC3C-1C2A1F9C052C,written,
ready,551889,Q2168428,Cuneiform Tablet Dar. 146,P853,Q512164,Hellenistic Period,Q512163,Achaemenid Period,Replace live period claim with verified FactGrid QID for expected CDLI period label.,Q2168428$C0C0917E-1E6E-49F8-B852-ADD610511DE3,Q2168428$B697390A-5D97-44A6-84E3-5AF3CE6E27A4,written,
ready,551923,Q2168322,Cuneiform Tablet Dar. 422,P853,Q512164,Hellenistic Period,Q512163,Achaemenid Period,Replace live period claim with verified FactGrid QID for expected CDLI period label.,Q2168322$7E63D9F2-3A00-45BD-9E41-4F55AC634F53,Q2168322$DA04CF1F-5F12-41C3-A2A7-ED612412B5A0,written,
ready,551935,Q2168562,Cuneiform Tablet Dar. 67,P853,Q512164,Hellenistic Period,Q512163,Achaemenid Period,Replace live period claim with verified FactGrid QID for expected CDLI period label.,Q2168562$226C7FE2-52CC-4089-A7BB-9832C200879E,Q2168562$B5292B7B-DADB-4D03-915F-8D71352DF74E,written,
ready,551974,Q2166350,Cuneiform Tablet Dar. 96,P853,Q512164,Hellenistic Period,Q512163,Achaemenid Period,Replace live period claim with verified FactGrid QID for expected CDLI period label.,Q2166350$8B241581-18F7-4849-AA8F-B4BDBAFD20FD,Q2166350$8ED3A2BA-CCFB-409E-9C39-CE4AEE1F9E4C,written,
ready,552026,Q2169563,"Cuneiform Tablet CM 20, no. 221",P853,Q512164,Hellenistic Period,Q512163,Achaemenid Period,Replace live period claim with verified FactGrid QID for expected CDLI period label.,Q2169563$CE9A218A-6C73-4F03-BE3F-3E50B26C0B9A,Q2169563$27994CF6-D32C-4C2F-BD44-D91E934C9A9E,written,
ready,552030,Q2143065,"Cuneiform Tablet CM 20, no. 026",P853,Q512164,Hellenistic Period,Q512163,Achaemenid Period,Replace live period claim with verified FactGrid QID for expected CDLI period label.,Q2143065$641AD583-8BB5-49EC-B855-BF695B21D717,Q2143065$FEE54356-7E95-4E99-8524-454C2227CB05,written,
ready,552067,Q2167319,"Cuneiform Tablet CM 20, no. 227",P853,Q512164,Hellenistic Period,Q512163,Achaemenid Period,Replace live period claim with verified FactGrid QID for expected CDLI period label.,Q2167319$67BEEE65-B238-4172-9ACF-D0A272F3872E,Q2167319$F9A86B1B-FD38-4935-A338-3234C897F8B0,written,
ready,552460,Q2146233,Cuneiform Tablet Cyr. 217,P853,Q512164,Hellenistic Period,Q512163,Achaemenid Period,Replace live period claim with verified FactGrid QID for expected CDLI period label.,Q2146233$896FED5C-F329-45C9-9558-1F4CAAA3C1DE,Q2146233$6BD66CEA-ABF3-4792-A222-C7EC89120ED4,written,
ready,552476,Q2169439,Cuneiform Tablet Cyr. 149,P853,Q512164,Hellenistic Period,Q512163,Achaemenid Period,Replace live period claim with verified FactGrid QID for expected CDLI period label.,Q2169439$FFF8C7CA-F65E-44A7-85A1-0FC79368A568,Q2169439$F332C0B2-8233-423F-8B6F-BEC3DB665890,written,
ready,552499,Q2169337,Cuneiform Tablet Cyr. 196,P853,Q512164,Hellenistic Period,Q512163,Achaemenid Period,Replace live period claim with verified FactGrid QID for expected CDLI period label.,Q2169337$83305715-986F-49EB-A3E1-86D370EB811E,Q2169337$7EA80D39-6280-44F7-8E07-6C35ED4FB7BA,written,
ready,552509,Q2164995,Cuneiform Tablet Cyr. 17,P853,Q512164,Hellenistic Period,Q512163,Achaemenid Period,Replace live period claim with verified FactGrid QID for expected CDLI period label.,Q2164995$F6CDF4E9-3329-45AA-8106-55FDB428D9C8,Q2164995$C4D42F5B-3589-4A64-A011-2352D3327A3F,written,
ready,552525,Q2047234,Cuneiform Tablet Camb. 276,P853,Q512164,Hellenistic Period,Q512163,Achaemenid Period,Replace live period claim with verified FactGrid QID for expected CDLI period label.,Q2047234$0EB3D3BE-146C-42EA-AA7E-017B97CB37FB,Q2047234$5035BAAB-9359-4E6E-B096-23508A8CE4ED,written,
ready,552533,Q2169092,Cuneiform Tablet Camb. 149,P853,Q512164,Hellenistic Period,Q512163,Achaemenid Period,Replace live period claim with verified FactGrid QID for expected CDLI period label.,Q2169092$64FA5690-5B40-4E85-8892-FD1E2E2E159B,Q2169092$07413118-C10C-4853-8954-193805A907D2,written,
ready,552572,Q2166799,Cuneiform Tablet Camb. 292,P853,Q512164,Hellenistic Period,Q512163,Achaemenid Period,Replace live period claim with verified FactGrid QID for expected CDLI period label.,Q2166799$9123B5D4-4407-4B17-9700-70C0BB07A263,Q2166799$BE1A18C3-2ECB-443B-93AF-014E84F574B9,written,
ready,552876,Q2047547,"Cuneiform Tablet AOAT 398, O.195",P853,Q512164,Hellenistic Period,Q512163,Achaemenid Period,Replace live period claim with verified FactGrid QID for expected CDLI period label.,Q2047547$5A7C257C-E9B4-4AD4-9877-EA86C5B25394,Q2047547$71709234-5411-4661-9365-4F6A38A08EA9,written,
ready,552899,Q2063800,"Cuneiform Tablet PIHANS 86, pl. 22",P853,Q512164,Hellenistic Period,Q512163,Achaemenid Period,Replace live period claim with verified FactGrid QID for expected CDLI period label.,Q2063800$EF33EA21-C1D8-4E65-BBCB-26B3E1690D91,Q2063800$A2F7F350-DD77-4830-BAB1-C602F9848C1D,written,
ready,553461,Q2162969,"Cuneiform Tablet Abraham, BPPE 033",P853,Q512164,Hellenistic Period,Q512163,Achaemenid Period,Replace live period claim with verified FactGrid QID for expected CDLI period label.,Q2162969$09927659-0A73-40E7-9E5B-BEA24D0E0E11,Q2162969$7BD82671-7FAC-491C-8B42-BDC243F4C33B,written,
ready,553508,Q2167806,"Cuneiform Tablet Abraham, BPPE 083",P853,Q512164,Hellenistic Period,Q512163,Achaemenid Period,Replace live period claim with verified FactGrid QID for expected CDLI period label.,Q2167806$3655378D-00B6-46D6-B923-D63E4F539A67,Q2167806$D127582D-9B9B-4B92-A451-D2C0F45B5BB9,written,
ready,553524,Q2163910,Cuneiform Tablet Dar. 497,P853,Q512164,Hellenistic Period,Q512163,Achaemenid Period,Replace live period claim with verified FactGrid QID for expected CDLI period label.,Q2163910$FD1AB4B6-768B-4642-8EA6-E958D1E82CAA,Q2163910$70125EE6-E80D-4E08-AB46-21059494936B,written,
ready,553549,Q2170131,Cuneiform Tablet Dar. 182,P853,Q512164,Hellenistic Period,Q512163,Achaemenid Period,Replace live period claim with verified FactGrid QID for expected CDLI period label.,Q2170131$92B1ECD1-8963-40C9-9B9D-D3E236E62F8C,Q2170131$A8BC0058-406C-4DED-A7D9-C2BE954D601E,written,
ready,553637,Q2169860,Cuneiform Tablet Dar. 439,P853,Q512164,Hellenistic Period,Q512163,Achaemenid Period,Replace live period claim with verified FactGrid QID for expected CDLI period label.,Q2169860$6E00FA35-23A9-4733-A100-CA47EA713D34,Q2169860$7640B8B9-2AA8-466B-A4C3-D0E06E8BB1C9,written,
ready,553699,Q2166575,"Cuneiform Tablet PIHANS 86, pl. 26",P853,Q512164,Hellenistic Period,Q512163,Achaemenid Period,Replace live period claim with verified FactGrid QID for expected CDLI period label.,Q2166575$ACAF832A-7976-45D4-BA85-FC12F110D911,Q2166575$98C2079F-41E3-4C2B-8572-40BBCC44F596,written,
ready,553733,Q2166683,"Cuneiform Tablet PIHANS 86, pl. 37",P853,Q512164,Hellenistic Period,Q512163,Achaemenid Period,Replace live period claim with verified FactGrid QID for expected CDLI period label.,Q2166683$A5B5621D-6739-486F-BB52-1A91EA0C9D30,Q2166683$A4307E65-F0B2-4482-B542-FD35CD2135AC,written,
ready,553748,Q2164861,"Cuneiform Tablet PIHANS 86, pl. 49",P853,Q512164,Hellenistic Period,Q512163,Achaemenid Period,Replace live period claim with verified FactGrid QID for expected CDLI period label.,Q2164861$C746F2DF-3E19-4D49-880E-BA2384C6C7A8,Q2164861$153511C6-72A7-4E0F-91DD-47A1D29BBCEA,written,
ready,553764,Q2047580,"Cuneiform Tablet PIHANS 86, pl. 54",P853,Q512164,Hellenistic Period,Q512163,Achaemenid Period,Replace live period claim with verified FactGrid QID for expected CDLI period label.,Q2047580$84FA1F06-81FD-47B6-A2C5-E80A2019BCEB,Q2047580$67C83C01-AD25-4819-A049-DCF207A109F3,written,
ready,553772,Q2168928,"Cuneiform Tablet PIHANS 86, pl. 58",P853,Q512164,Hellenistic Period,Q512163,Achaemenid Period,Replace live period claim with verified FactGrid QID for expected CDLI period label.,Q2168928$A807E0AD-8F96-4D8D-8453-43F92D6E49D1,Q2168928$08145413-EC25-4A34-8CC6-8C953CFB90A7,written,
ready,554019,Q2167364,Cuneiform Tablet Dar. 139,P853,Q512164,Hellenistic Period,Q512163,Achaemenid Period,Replace live period claim with verified FactGrid QID for expected CDLI period label.,Q2167364$26CD8465-4B8E-4C96-924F-E179402E3176,Q2167364$4B79944B-2E4C-4E71-B2B4-B828FCF4ECCA,written,
ready,554058,Q2169680,Cuneiform Tablet Dar. 539,P853,Q512164,Hellenistic Period,Q512163,Achaemenid Period,Replace live period claim with verified FactGrid QID for expected CDLI period label.,Q2169680$3A8BBEF6-9B0C-4225-84D6-09BD3D36DB34,Q2169680$BE824774-BD18-4088-AC99-F77442E217A1,written,
ready,554062,Q2164416,Cuneiform Tablet Dar. 12,P853,Q512164,Hellenistic Period,Q512163,Achaemenid Period,Replace live period claim with verified FactGrid QID for expected CDLI period label.,Q2164416$B4624106-6111-4034-B5F3-8EF467FC0CB8,Q2164416$55AA9D2B-46A1-4F7F-A0FA-DF2861F47348,written,
ready,554222,Q897010,Cuneiform Tablet Cyr. 113,P853,Q512164,Hellenistic Period,Q512163,Achaemenid Period,Replace live period claim with verified FactGrid QID for expected CDLI period label.,Q897010$FB9FBC3F-5358-41A7-BC75-9C7583DBFAE4,Q897010$95AE5524-AACD-43E9-863F-21B3923389EA,written,
ready,554234,Q2163911,Cuneiform Tablet Cyr. 247,P853,Q512164,Hellenistic Period,Q512163,Achaemenid Period,Replace live period claim with verified FactGrid QID for expected CDLI period label.,Q2163911$E128D5C2-CEF5-41E2-B56F-575AAB5E3CC4,Q2163911$5BD86F20-400D-4433-9B28-64E9426DFB9A,written,
ready,554275,Q2166165,Cuneiform Tablet Cyr. 147,P853,Q512164,Hellenistic Period,Q512163,Achaemenid Period,Replace live period claim with verified FactGrid QID for expected CDLI period label.,Q2166165$8E49B529-4BBB-4ABA-960B-997D33A22695,Q2166165$9CC89433-68C5-4D18-9D95-A0237EFE9704,written,
ready,554330,Q2165813,Cuneiform Tablet Cyr. 68,P853,Q512164,Hellenistic Period,Q512163,Achaemenid Period,Replace live period claim with verified FactGrid QID for expected CDLI period label.,Q2165813$4470D019-EAC2-4E14-BBB7-884214960F36,Q2165813$5BDE88AF-801F-4073-B0B7-E5E99ACA8782,written,
ready,554367,Q2167758,Cuneiform Tablet Cyr. 69,P853,Q512164,Hellenistic Period,Q512163,Achaemenid Period,Replace live period claim with verified FactGrid QID for expected CDLI period label.,Q2167758$5A3A50BC-0C66-450F-991E-5CE9BB66AF07,Q2167758$C1E9D91C-A762-4223-943F-4C7BE914B01A,written,
ready,554371,Q2157105,Cuneiform Tablet Cyr. 344,P853,Q512164,Hellenistic Period,Q512163,Achaemenid Period,Replace live period claim with verified FactGrid QID for expected CDLI period label.,Q2157105$D4AAC18A-A01F-43C4-BF8D-B8379D61BC02,Q2157105$B6466750-AF16-4CCA-9BCD-4F038B874CAA,written,
ready,554388,Q2013692,Cuneiform Tablet Cyr. 265,P853,Q512164,Hellenistic Period,Q512163,Achaemenid Period,Replace live period claim with verified FactGrid QID for expected CDLI period label.,Q2013692$42080069-E2B2-456A-ADF9-C0E1A1335C1A,Q2013692$73FADAEC-D0A9-4C74-A1E4-4EB7023C8222,written,
ready,554408,Q2169845,Cuneiform Tablet Cyr. 92,P853,Q512164,Hellenistic Period,Q512163,Achaemenid Period,Replace live period claim with verified FactGrid QID for expected CDLI period label.,Q2169845$75B2DF0B-1C9C-4BE5-99E8-E7B7F5C423C0,Q2169845$DA4DCE7F-2201-48B1-A653-AEB3800E28C8,written,
ready,554432,Q2164556,Cuneiform Tablet Cyr. 216,P853,Q512164,Hellenistic Period,Q512163,Achaemenid Period,Replace live period claim with verified FactGrid QID for expected CDLI period label.,Q2164556$708CE967-F9F1-4A7C-A43F-8A99061B0E79,Q2164556$771EB760-B15D-48A5-8E89-2682209EF27E,written,
ready,554449,Q2167487,Cuneiform Tablet Camb. 181,P853,Q512164,Hellenistic Period,Q512163,Achaemenid Period,Replace live period claim with verified FactGrid QID for expected CDLI period label.,Q2167487$789D6DDF-61E0-444E-9874-52FA757D5CA2,Q2167487$C60C9522-5FE8-4EFA-BC51-9A0B251D0E62,written,
ready,554520,Q2162652,Cuneiform Tablet Camb. 352,P853,Q512164,Hellenistic Period,Q512163,Achaemenid Period,Replace live period claim with verified FactGrid QID for expected CDLI period label.,Q2162652$88170D27-54C9-431D-A25D-513F578477A5,Q2162652$C4AD0106-DF30-4517-953E-EA3FF1EB9230,written,
ready,554577,Q2164951,Cuneiform Tablet Camb. 234,P853,Q512164,Hellenistic Period,Q512163,Achaemenid Period,Replace live period claim with verified FactGrid QID for expected CDLI period label.,Q2164951$319E6892-2012-442C-89F7-615C57E34E98,Q2164951$0112E519-A0FA-4A65-8891-06041A449D0B,written,
ready,554598,Q2164426,Cuneiform Tablet Camb. 137,P853,Q512164,Hellenistic Period,Q512163,Achaemenid Period,Replace live period claim with verified FactGrid QID for expected CDLI period label.,Q2164426$60878310-E748-48E7-B83A-AF04F82FFA2A,Q2164426$7C660E46-218F-454C-BB68-01D23537559F,written,
ready,554625,Q2165992,Cuneiform Tablet Camb. 298,P853,Q512164,Hellenistic Period,Q512163,Achaemenid Period,Replace live period claim with verified FactGrid QID for expected CDLI period label.,Q2165992$F7064332-C2DE-4A97-B53B-7683878B3127,Q2165992$82B35E70-6AFC-470F-9C87-F5678450A807,written,
ready,554664,Q2161472,Cuneiform Tablet Camb. 345,P853,Q512164,Hellenistic Period,Q512163,Achaemenid Period,Replace live period claim with verified FactGrid QID for expected CDLI period label.,Q2161472$F8EF264C-459F-4211-8B04-2B2AB3FDF4B0,Q2161472$CCBC2196-7A9C-488C-982F-C0F17B416F54,written,
ready,554672,Q1938253,Cuneiform Tablet Camb. 191,P853,Q512164,Hellenistic Period,Q512163,Achaemenid Period,Replace live period claim with verified FactGrid QID for expected CDLI period label.,Q1938253$5684F0F7-5E73-4503-82ED-AE6F991B88C1,Q1938253$7BA08702-207C-4390-83E5-C1A320A1F2B2,written,
ready,554721,Q2154207,Cuneiform Tablet Camb. 403,P853,Q512164,Hellenistic Period,Q512163,Achaemenid Period,Replace live period claim with verified FactGrid QID for expected CDLI period label.,Q2154207$87B24E67-90B3-4C9B-805D-C88C58CB982D,Q2154207$E0078A78-7E00-4AB3-BD5C-7AF44A2917DE,written,
ready,554760,Q2165648,Cuneiform Tablet BM 036322,P853,Q512164,Hellenistic Period,Q512163,Achaemenid Period,Replace live period claim with verified FactGrid QID for expected CDLI period label.,Q2165648$10C454D8-B45C-41DB-8C1E-03A60A03C6CB,Q2165648$2A236E37-95A2-43DD-BEC1-82E480DC1BF1,written,
ready,554808,Q2044640,Cuneiform Tablet BM 047362,P853,Q512164,Hellenistic Period,Q512163,Achaemenid Period,Replace live period claim with verified FactGrid QID for expected CDLI period label.,Q2044640$75CD747C-62A5-4269-87E9-7836C77B7752,Q2044640$7F57C6D4-E8B4-4931-B93C-FDC3CED3D9E5,written,
ready,554873,Q2162512,Cuneiform Tablet MacGinnis Letter Orders from Sippar 102,P853,Q512164,Hellenistic Period,Q512163,Achaemenid Period,Replace live period claim with verified FactGrid QID for expected CDLI period label.,Q2162512$B623E11C-503C-4D82-AB6B-8CA4A9628A22,Q2162512$78ED20A8-D5D3-4FDF-8542-805ACE8D2215,written,
ready,554936,Q2162310,Cuneiform Tablet MacGinnis Letter Orders from Sippar 178,P853,Q512164,Hellenistic Period,Q512163,Achaemenid Period,Replace live period claim with verified FactGrid QID for expected CDLI period label.,Q2162310$8F108E9F-D0DA-4CAA-943F-46D08FF92C48,Q2162310$A8CBB36E-CB93-4E6C-8A32-901B8B1AB09F,written,
ready,555171,Q2165322,Cuneiform Tablet BM 109966,P853,Q512164,Hellenistic Period,Q512163,Achaemenid Period,Replace live period claim with verified FactGrid QID for expected CDLI period label.,Q2165322$1434163B-1861-4FFD-BB77-C253852EC4F8,Q2165322$F158D186-CC5A-496D-8E5A-70B64987B28A,written,
ready,555258,Q2167193,Cuneiform Tablet MacGinnis Letter Orders from Sippar 11,P853,Q512164,Hellenistic Period,Q512163,Achaemenid Period,Replace live period claim with verified FactGrid QID for expected CDLI period label.,Q2167193$84D59FB9-D1E5-40AF-AD59-5411E7F9434F,Q2167193$040CC64C-D3FA-4A77-9B81-C9C1BEB6D18C,written,
ready,555274,Q2162159,Cuneiform Tablet MacGinnis Letter Orders from Sippar 34,P853,Q512164,Hellenistic Period,Q512163,Achaemenid Period,Replace live period claim with verified FactGrid QID for expected CDLI period label.,Q2162159$551E4020-48FB-40E5-9CD8-B445E283BF19,Q2162159$E06EA1C1-3116-49AD-9754-2DF54DC45B02,written,
ready,555331,Q2162379,Cuneiform Tablet MacGinnis Letter Orders from Sippar 119,P853,Q512164,Hellenistic Period,Q512163,Achaemenid Period,Replace live period claim with verified FactGrid QID for expected CDLI period label.,Q2162379$F266CAD0-705D-4183-A9F6-168BECA5D38A,Q2162379$A514122D-3917-49B8-AD6D-ACA30160CDA8,written,
ready,555389,Q2164147,Cuneiform Tablet MacGinnis Letter Orders from Sippar 187,P853,Q512164,Hellenistic Period,Q512163,Achaemenid Period,Replace live period claim with verified FactGrid QID for expected CDLI period label.,Q2164147$4D09691E-160D-467F-9F2E-772D4987BAA4,Q2164147$3448C53E-7CAA-409B-88FF-A178D92A6EC4,written,
ready,555608,Q2167060,Cuneiform Artifact CDLI Seals 026858 (composite),P853,Q512164,Hellenistic Period,Q512163,Achaemenid Period,Replace live period claim with verified FactGrid QID for expected CDLI period label.,Q2167060$CFE5BBD2-9F61-4173-B31B-DAD5DAF6555E,Q2167060$C7CF3B04-216B-41D2-AA47-CA592F65DA36,written,
ready,555649,Q2169392,Cuneiform Tablet BM 017682,P853,Q512164,Hellenistic Period,Q512163,Achaemenid Period,Replace live period claim with verified FactGrid QID for expected CDLI period label.,Q2169392$08883E80-084A-453B-896F-D935EB71DD48,Q2169392$45E71AA4-2059-49A9-B838-8A987DAF050B,written,
ready,555673,Q2164127,Cuneiform Tablet BM 017736,P853,Q512164,Hellenistic Period,Q512163,Achaemenid Period,Replace live period claim with verified FactGrid QID for expected CDLI period label.,Q2164127$D243220E-05EE-4341-89F0-10DC8908A06D,Q2164127$BEB37199-DE43-4947-A04C-9AC35A340F06,written,
ready,555736,Q2165123,Cuneiform Tablet BM 022376,P853,Q512164,Hellenistic Period,Q512163,Achaemenid Period,Replace live period claim with verified FactGrid QID for expected CDLI period label.,Q2165123$D6D1FA69-D81F-4FE2-A0D4-40C9E7DC7B2C,Q2165123$E0928DCE-5D1B-4932-B5F7-3C72F9CC5E1C,written,
ready,555761,Q2162538,Cuneiform Artifact CDLI Seals 026885 (composite),P853,Q512164,Hellenistic Period,Q512163,Achaemenid Period,Replace live period claim with verified FactGrid QID for expected CDLI period label.,Q2162538$11EF4A4C-0276-48D8-8F0B-35791F55F4D3,Q2162538$51E460C2-7475-46CF-878A-E042D99B6A02,written,
ready,556073,Q2063855,"Cuneiform Tablet AOAT 451, no. 200",P853,Q512164,Hellenistic Period,Q512163,Achaemenid Period,Replace live period claim with verified FactGrid QID for expected CDLI period label.,Q2063855$6902401D-2A0B-464E-8925-331A06A3A9A3,Q2063855$6865A93C-8074-42D3-A5D3-B8722AAE4FCC,written,
ready,556989,Q2169215,"Cuneiform Tablet ADART 4, no. -368",P853,Q512164,Hellenistic Period,Q512163,Achaemenid Period,Replace live period claim with verified FactGrid QID for expected CDLI period label.,Q2169215$88659926-8175-4A01-BD80-87F57EC9FA85,Q2169215$B6F70A3B-A139-4BA2-814D-287B40EB664E,written,
ready,558893,Q2167512,Cuneiform Tablet BM 025626,P853,Q512164,Hellenistic Period,Q512163,Achaemenid Period,Replace live period claim with verified FactGrid QID for expected CDLI period label.,Q2167512$B4BE8FEB-974D-40DF-B66A-AC6180EDD8F7,Q2167512$5704F6E8-16AD-43C6-BC90-308E0EFAC2F3,written,
ready,558939,Q2167419,Cuneiform Tablet BM 025708,P853,Q512164,Hellenistic Period,Q512163,Achaemenid Period,Replace live period claim with verified FactGrid QID for expected CDLI period label.,Q2167419$A85857E1-E440-4E0E-BF17-4F0C7F27AC22,Q2167419$FE504402-DEEF-459E-A856-7BFC97B52A73,written,
ready,558942,Q2164470,Cuneiform Tablet BM 025711,P853,Q512164,Hellenistic Period,Q512163,Achaemenid Period,Replace live period claim with verified FactGrid QID for expected CDLI period label.,Q2164470$41FF5FCD-E2BD-4AE2-A3F3-9C0BE801EA66,Q2164470$56FC7E85-3CD6-461F-B037-D985575BA733,written,
ready,558981,Q2047389,Cuneiform Tablet BM 026231,P853,Q512164,Hellenistic Period,Q512163,Achaemenid Period,Replace live period claim with verified FactGrid QID for expected CDLI period label.,Q2047389$07E6FC27-957E-4A09-8556-FAEEF3E31FBB,Q2047389$C26E1269-EADA-4354-9889-39680B483FC0,written,
ready,558997,Q2169022,Cuneiform Tablet BM 026485,P853,Q512164,Hellenistic Period,Q512163,Achaemenid Period,Replace live period claim with verified FactGrid QID for expected CDLI period label.,Q2169022$6121E851-1C57-4D1A-8F6C-8E7C0A17608E,Q2169022$81E1B024-6FE1-4D8A-BAD5-59E0EB61C80A,written,
ready,559040,Q2016103,Cuneiform Tablet BM 026563,P853,Q512164,Hellenistic Period,Q512163,Achaemenid Period,Replace live period claim with verified FactGrid QID for expected CDLI period label.,Q2016103$9F8D29C1-147C-4EFB-808A-CB135F2A4AA9,Q2016103$61E5794A-F2F3-4F7F-9FE4-4A28040B4EF6,written,
ready,559056,Q2160108,Cuneiform Tablet BM 026599,P853,Q512164,Hellenistic Period,Q512163,Achaemenid Period,Replace live period claim with verified FactGrid QID for expected CDLI period label.,Q2160108$F17F03F4-B25C-47D1-82BF-51F1901E4B2A,Q2160108$261F016B-FE3E-4E3A-BBE8-899D9606FFB9,written,
ready,559083,Q2163965,Cuneiform Tablet BM 026635,P853,Q512164,Hellenistic Period,Q512163,Achaemenid Period,Replace live period claim with verified FactGrid QID for expected CDLI period label.,Q2163965$44293AB4-5BA9-4ABC-8B6B-49E9491D252B,Q2163965$1E524226-2A9D-44B6-90B5-B13A97EE2244,written,
ready,559105,Q2167828,Cuneiform Tablet BM 026665,P853,Q512164,Hellenistic Period,Q512163,Achaemenid Period,Replace live period claim with verified FactGrid QID for expected CDLI period label.,Q2167828$74B45D7B-0349-409B-954E-8B0B5AF0E88D,Q2167828$BE463EF4-F616-46C7-9C05-A7A6CBCD4476,written,
ready,559129,Q2163866,Cuneiform Tablet BM 026697,P853,Q512164,Hellenistic Period,Q512163,Achaemenid Period,Replace live period claim with verified FactGrid QID for expected CDLI period label.,Q2163866$1EFAE580-FEF9-4CB6-B589-B18BD7D498E1,Q2163866$2DE50CF3-DC55-4946-A4D6-1B05284FD120,written,
ready,559152,Q2165706,Cuneiform Tablet BM 026727,P853,Q512164,Hellenistic Period,Q512163,Achaemenid Period,Replace live period claim with verified FactGrid QID for expected CDLI period label.,Q2165706$0C61B511-B610-4D69-8EAD-76D6B6B054A0,Q2165706$E038D643-584F-4FBF-B7C9-AF9C01A5376B,written,
ready,559200,Q2164628,Cuneiform Tablet BM 027857,P853,Q512164,Hellenistic Period,Q512163,Achaemenid Period,Replace live period claim with verified FactGrid QID for expected CDLI period label.,Q2164628$6CE34F10-1025-4EAA-B36A-6E2166DB820E,Q2164628$E589CA93-1194-451D-BF45-15D6561EB47F,written,
ready,559294,Q2166595,Cuneiform Tablet BM 029034,P853,Q512164,Hellenistic Period,Q512163,Achaemenid Period,Replace live period claim with verified FactGrid QID for expected CDLI period label.,Q2166595$0F29FF9A-352B-4F9B-916E-EECCCB2C3836,Q2166595$0B2877E8-8853-483A-9F60-EE540F788808,written,
ready,559312,Q2162722,Cuneiform Tablet BM 029069,P853,Q512164,Hellenistic Period,Q512163,Achaemenid Period,Replace live period claim with verified FactGrid QID for expected CDLI period label.,Q2162722$49ABA5CF-D861-43A1-B7EF-3EE729DCC968,Q2162722$4F21B263-66A0-4D74-8976-9620F8900A14,written,
ready,559345,Q2164884,Cuneiform Tablet BM 029178,P853,Q512164,Hellenistic Period,Q512163,Achaemenid Period,Replace live period claim with verified FactGrid QID for expected CDLI period label.,Q2164884$339FDE3E-FD46-48CE-BB2E-50E6283670B8,Q2164884$47E1ECF8-6961-4D73-BCEC-1192E9524C5C,written,
ready,559369,Q2047466,Cuneiform Tablet BM 029224,P853,Q512164,Hellenistic Period,Q512163,Achaemenid Period,Replace live period claim with verified FactGrid QID for expected CDLI period label.,Q2047466$370A43CF-E42E-476B-BA95-8C09488AFEE5,Q2047466$25FEF0AB-49D1-4A3D-AB92-938510FB9FD6,written,
ready,559386,Q2063888,Cuneiform Tablet BM 029253,P853,Q512164,Hellenistic Period,Q512163,Achaemenid Period,Replace live period claim with verified FactGrid QID for expected CDLI period label.,Q2063888$79C40B5D-F2A6-426B-A53C-EAE27AFFA638,Q2063888$C69988A7-4FED-4029-ABE4-CFFB5A40A4C4,written,
ready,559390,Q2169668,Cuneiform Tablet BM 029263,P853,Q512164,Hellenistic Period,Q512163,Achaemenid Period,Replace live period claim with verified FactGrid QID for expected CDLI period label.,Q2169668$C9664380-7CA7-4CB3-A557-3B96B756EC6F,Q2169668$67F415BC-8C4F-4222-855A-0EE0B1FE95DD,written,
ready,559406,Q2162400,Cuneiform Tablet BM 029308,P853,Q512164,Hellenistic Period,Q512163,Achaemenid Period,Replace live period claim with verified FactGrid QID for expected CDLI period label.,Q2162400$7C043330-7B1F-4515-81D9-F0EF5E3C5F03,Q2162400$AFF98F84-C919-4FD3-8E1F-D3A5A3BF3A42,written,
ready,559410,Q1366173,Cuneiform Tablet BM 029312,P853,Q512164,Hellenistic Period,Q512163,Achaemenid Period,Replace live period claim with verified FactGrid QID for expected CDLI period label.,Q1366173$E4884969-76B2-420E-8EB6-235C6E8D3D56,Q1366173$554A9EF3-2D4F-4E38-8BF9-A4014C6AC58E,written,
ready,559502,Q2165874,Cuneiform Tablet BM 029516,P853,Q512164,Hellenistic Period,Q512163,Achaemenid Period,Replace live period claim with verified FactGrid QID for expected CDLI period label.,Q2165874$FC955DCA-BF1E-4F48-B94A-9DA7DAE05A4B,Q2165874$0AA86AE1-729D-4562-8C27-88ABFE3F07E8,written,
ready,559543,Q2158582,Cuneiform Tablet BM 029612,P853,Q512164,Hellenistic Period,Q512163,Achaemenid Period,Replace live period claim with verified FactGrid QID for expected CDLI period label.,Q2158582$8E7588C4-DEF8-4886-B696-773A38483F91,Q2158582$8EC321F3-901E-4729-AB5F-FC80931D5FDA,written,
ready,559579,Q2164018,Cuneiform Tablet BM 085618,P853,Q512164,Hellenistic Period,Q512163,Achaemenid Period,Replace live period claim with verified FactGrid QID for expected CDLI period label.,Q2164018$C8E16B8E-8D93-45EF-97A6-BC12CEB690F2,Q2164018$FC145F82-7FFC-4120-851C-AB71AEFF0940,written,
ready,559596,Q2163037,Cuneiform Tablet BM 085696,P853,Q512164,Hellenistic Period,Q512163,Achaemenid Period,Replace live period claim with verified FactGrid QID for expected CDLI period label.,Q2163037$0EB6D52E-12E5-47AA-855F-52B094E8463C,Q2163037$AC9FE2BA-A7DB-4D6E-A225-F6D152885899,written,
ready,559650,Q2164509,"Cuneiform Tablet AfO 38/39, 99 no. 12",P853,Q512164,Hellenistic Period,Q512163,Achaemenid Period,Replace live period claim with verified FactGrid QID for expected CDLI period label.,Q2164509$DC136EFF-55ED-4B42-8B22-14953B9B8A73,Q2164509$4C1BDDC3-993F-4CDC-91A2-FA2CB2D06576,written,
ready,559693,Q2047415,Cuneiform Tablet BM 082697,P853,Q512164,Hellenistic Period,Q512163,Achaemenid Period,Replace live period claim with verified FactGrid QID for expected CDLI period label.,Q2047415$853D4785-A3AE-4755-B1A5-7BB138B15DC8,Q2047415$3B7AEFDB-56CA-4E67-AC51-33267C6030CD,written,
ready,559739,Q2047818,Cuneiform Tablet BM 082774,P853,Q512164,Hellenistic Period,Q512163,Achaemenid Period,Replace live period claim with verified FactGrid QID for expected CDLI period label.,Q2047818$75FB4510-FD29-404C-8331-F722CA82D60D,Q2047818$2507D429-B3D3-4ADE-B8A4-E5E3D990838B,written,
ready,559806,Q2168144,Cuneiform Tablet BM 026699,P853,Q512164,Hellenistic Period,Q512163,Achaemenid Period,Replace live period claim with verified FactGrid QID for expected CDLI period label.,Q2168144$856695F9-E2E5-4934-B5DF-BC9C2A611067,Q2168144$3C0F3804-1A0E-4EB2-BDBD-5D6D288AD186,written,
ready,561639,Q2164961,Cuneiform Tablet BM 031512,P853,Q512164,Hellenistic Period,Q512163,Achaemenid Period,Replace live period claim with verified FactGrid QID for expected CDLI period label.,Q2164961$369466B1-4E99-4220-B82C-BE8B6258CEDA,Q2164961$8E41DAA8-C8F5-4A6E-BAAC-9CCD2792D922,written,
ready,561707,Q2167498,Cuneiform Tablet BM 031656,P853,Q512164,Hellenistic Period,Q512163,Achaemenid Period,Replace live period claim with verified FactGrid QID for expected CDLI period label.,Q2167498$997D6042-706D-41FA-8245-CECD53AAFCC3,Q2167498$505B93AF-670D-4ABB-84FA-299FD5B3F7D6,written,
ready,561906,Q2163664,Cuneiform Tablet BM 032065,P853,Q512164,Hellenistic Period,Q512163,Achaemenid Period,Replace live period claim with verified FactGrid QID for expected CDLI period label.,Q2163664$9A1F24E0-4C9D-4950-8746-076DFE667647,Q2163664$8FBC9B70-616C-44AC-8D4D-7252FC897301,written,
ready,562255,Q2168217,Cuneiform Tablet BM 033364,P853,Q512164,Hellenistic Period,Q512163,Achaemenid Period,Replace live period claim with verified FactGrid QID for expected CDLI period label.,Q2168217$5919F8F7-7D89-41A0-B8B2-B773F0A987A5,Q2168217$1070BAB1-B3D4-470A-937B-087AF8D40535,written,
ready,562296,Q2163395,Cuneiform Tablet BM 033421,P853,Q512164,Hellenistic Period,Q512163,Achaemenid Period,Replace live period claim with verified FactGrid QID for expected CDLI period label.,Q2163395$940ADC8B-D675-42CE-AA7A-C61F18C62307,Q2163395$585ADC53-B01C-45B9-8384-5A773E3D3C43,written,
ready,563014,Q2167734,Cuneiform Tablet BM 036405,P853,Q512164,Hellenistic Period,Q512163,Achaemenid Period,Replace live period claim with verified FactGrid QID for expected CDLI period label.,Q2167734$AE35A007-9162-48CC-9073-1630E2019A6F,Q2167734$2E1CB52E-0721-492B-8623-1910848E40C5,written,
ready,563452,Q2153937,Cuneiform Tablet BM 037745,P853,Q512164,Hellenistic Period,Q512163,Achaemenid Period,Replace live period claim with verified FactGrid QID for expected CDLI period label.,Q2153937$D2B2BA8C-2C5C-452A-BE2F-945B022813A4,Q2153937$6D7CE59A-3B98-45E7-BEE9-81A411BE0D1C,written,
ready,563628,Q2047332,Cuneiform Tablet BM 038140,P853,Q512164,Hellenistic Period,Q512163,Achaemenid Period,Replace live period claim with verified FactGrid QID for expected CDLI period label.,Q2047332$620BD113-7816-482A-9643-DE3B4EB2EE30,Q2047332$A6A1ACE3-AE93-475C-BF02-E523B1D78763,written,
ready,563741,Q2164565,Cuneiform Tablet BM 038324,P853,Q512164,Hellenistic Period,Q512163,Achaemenid Period,Replace live period claim with verified FactGrid QID for expected CDLI period label.,Q2164565$488515FB-55AE-4190-88E0-47CCD2123374,Q2164565$2C3D33A7-0BA4-45A8-A219-BC9DB92D9609,written,
ready,565197,Q2165475,"Cuneiform Tablet Strassmaier, 8th Orientalist Congress no. 14",P853,Q512164,Hellenistic Period,Q512163,Achaemenid Period,Replace live period claim with verified FactGrid QID for expected CDLI period label.,Q2165475$6EEB8820-3E77-498C-B6FF-881A03F7D104,Q2165475$1CCA3CC3-BB56-413E-8D75-497B68003A7A,written,
ready,566492,Q2167339,Cuneiform Tablet BM 035527,P853,Q512164,Hellenistic Period,Q512163,Achaemenid Period,Replace live period claim with verified FactGrid QID for expected CDLI period label.,Q2167339$52861652-624E-4B9B-BCD1-52E9B022371E,Q2167339$BEB245F0-4E5E-42AD-B5C2-009459AADE4F,written,
ready,566703,Q2012788,Cuneiform Tablet BM 040495,P853,Q512164,Hellenistic Period,Q512163,Achaemenid Period,Replace live period claim with verified FactGrid QID for expected CDLI period label.,Q2012788$62B10AE7-0510-4D7A-BEA1-E87274AB26C8,Q2012788$D22E7779-8EB9-43BD-AD58-72AB5D49E2B7,written,
ready,566754,Q2165888,Cuneiform Tablet BM 040575,P853,Q512164,Hellenistic Period,Q512163,Achaemenid Period,Replace live period claim with verified FactGrid QID for expected CDLI period label.,Q2165888$A0434DFA-FDC7-4E6E-9F13-B1620F8592C1,Q2165888$E62C1233-9BF7-4334-84BD-C6831A1D1516,written,
ready,567283,Q2167049,Cuneiform Tablet BM 031896,P853,Q512164,Hellenistic Period,Q512163,Achaemenid Period,Replace live period claim with verified FactGrid QID for expected CDLI period label.,Q2167049$7A18D6E5-0E22-43A7-914B-28B05C7E14F7,Q2167049$3F8BAF20-2378-4894-A454-DBF2577087C8,written,
ready,567329,Q2167299,"Cuneiform Tablet OLP 28, 85",P853,Q512164,Hellenistic Period,Q512163,Achaemenid Period,Replace live period claim with verified FactGrid QID for expected CDLI period label.,Q2167299$E90C72DF-10A3-4927-9CE9-9E991400416F,Q2167299$A3310847-E69D-4BA7-A828-8F3D516D5783,written,
ready,567692,Q2169526,Cuneiform Tablet BM 040275,P853,Q512164,Hellenistic Period,Q512163,Achaemenid Period,Replace live period claim with verified FactGrid QID for expected CDLI period label.,Q2169526$85C86251-6347-4719-A220-96441C267823,Q2169526$D2E5D7B0-F5ED-4D52-9068-7B16132F1863,written,
ready,568571,Q2144026,Cuneiform Tablet BM 049428,P853,Q512164,Hellenistic Period,Q512163,Achaemenid Period,Replace live period claim with verified FactGrid QID for expected CDLI period label.,Q2144026$FFF5ED32-52D4-47EC-ACE0-62688B1C5AC2,Q2144026$A8E9746A-97CB-4067-ADBC-8B215325C22B,written,
ready,570511,Q2063670,Cuneiform Tablet BM 046652,P853,Q512164,Hellenistic Period,Q512163,Achaemenid Period,Replace live period claim with verified FactGrid QID for expected CDLI period label.,Q2063670$0A9A3934-2B61-4D11-877B-DD47F2C91764,Q2063670$4B455AA2-941D-4BFD-86F2-9053AC55FAE5,written,
ready,570546,Q2167433,Cuneiform Tablet BM 046695,P853,Q512164,Hellenistic Period,Q512163,Achaemenid Period,Replace live period claim with verified FactGrid QID for expected CDLI period label.,Q2167433$C4F88C61-5379-4B3F-9A6B-95B817788FFD,Q2167433$80142F8D-A5CF-46FC-BF4C-5B3A7E6D7D41,written,
ready,571029,Q2167992,Cuneiform Tablet BM 047485,P853,Q512164,Hellenistic Period,Q512163,Achaemenid Period,Replace live period claim with verified FactGrid QID for expected CDLI period label.,Q2167992$4C53B90D-61EA-4EDA-AA98-2B7169D8A16F,Q2167992$AE17D2DE-8F97-4157-A9CD-2F4D354D17AA,written,
ready,571068,Q2170223,Cuneiform Tablet BM 047559,P853,Q512164,Hellenistic Period,Q512163,Achaemenid Period,Replace live period claim with verified FactGrid QID for expected CDLI period label.,Q2170223$B59109F8-97DB-4B0C-91E2-BAABEC4545EE,Q2170223$A29DCF36-47F6-4A33-A204-28F6745BD5B1,written,
ready,571245,Q2047147,Cuneiform Tablet BM 047969,P853,Q512164,Hellenistic Period,Q512163,Achaemenid Period,Replace live period claim with verified FactGrid QID for expected CDLI period label.,Q2047147$4200F466-9389-42C9-B76E-1F34BAF87FFC,Q2047147$E8499C8C-2002-4F9E-B1B7-02836BAD44A5,written,
ready,571286,Q2164236,Cuneiform Tablet BM 048029,P853,Q512164,Hellenistic Period,Q512163,Achaemenid Period,Replace live period claim with verified FactGrid QID for expected CDLI period label.,Q2164236$14AF3727-AEAE-4ACF-AF14-AD898E64E057,Q2164236$BCF144AF-FC09-45AD-815A-913A3A7E5C20,written,
ready,572486,Q2063630,Cuneiform Tablet BM 047398,P853,Q512164,Hellenistic Period,Q512163,Achaemenid Period,Replace live period claim with verified FactGrid QID for expected CDLI period label.,Q2063630$8CDC1C55-08F5-40C6-AADC-D187A434187C,Q2063630$ED327E67-0116-469C-9104-6BC54A41E32C,written,
ready,573055,Q2170238,Cuneiform Tablet BM 050107,P853,Q512164,Hellenistic Period,Q512163,Achaemenid Period,Replace live period claim with verified FactGrid QID for expected CDLI period label.,Q2170238$AB89FE1B-F6CC-49AD-983B-69FDCE86F146,Q2170238$0EC1D150-AE8F-4140-B6A0-50EDC85298DD,written,
ready,573147,Q2167775,Cuneiform Tablet BM 068456 (cast),P853,Q512164,Hellenistic Period,Q512163,Achaemenid Period,Replace live period claim with verified FactGrid QID for expected CDLI period label.,Q2167775$10457635-0BB2-4C02-9765-26CA2D3D93D6,Q2167775$A34D675E-C26F-4161-BD1C-86855002C76C,written,
ready,573151,Q2168351,Cuneiform Tablet BM 077426,P853,Q512164,Hellenistic Period,Q512163,Achaemenid Period,Replace live period claim with verified FactGrid QID for expected CDLI period label.,Q2168351$7BD36594-D047-43E0-BF28-DD961DA04F2A,Q2168351$65648960-C7BE-4891-AFC4-03EF60C5F00E,written,
ready,573254,Q2165044,Cuneiform Tablet Graziani Bardiya no. 35,P853,Q512164,Hellenistic Period,Q512163,Achaemenid Period,Replace live period claim with verified FactGrid QID for expected CDLI period label.,Q2165044$80CBFFAB-1CF6-459D-AD5B-6CB0190E559F,Q2165044$A8384DFE-99D5-414A-AAF3-F880C8C4CF2C,written,
ready,573346,Q2162249,Cuneiform Tablet NBDSPC no. 10,P853,Q512164,Hellenistic Period,Q512163,Achaemenid Period,Replace live period claim with verified FactGrid QID for expected CDLI period label.,Q2162249$B5A84EF3-05CE-4D22-A7B6-20E3EC6AD2E0,Q2162249$33FAEED4-8EFA-465A-B21C-58C4952A8B7C,written,
ready,573385,Q2167023,Cuneiform Tablet NBDSPC no. 11,P853,Q512164,Hellenistic Period,Q512163,Achaemenid Period,Replace live period claim with verified FactGrid QID for expected CDLI period label.,Q2167023$F3B4016F-41E9-4BD2-A9E2-848A0D73C09D,Q2167023$F35A938F-450D-436E-B580-E6F090C9B8B5,written,
ready,573405,Q2170403,Cuneiform Tablet NBDSPC no. 96,P853,Q512164,Hellenistic Period,Q512163,Achaemenid Period,Replace live period claim with verified FactGrid QID for expected CDLI period label.,Q2170403$D787F370-937A-4C25-855E-14AE88641DA7,Q2170403$1F6E7243-7DBC-457C-9389-18204880AD09,written,
ready,573444,Q2168115,Cuneiform Tablet NBDSPC no. 94,P853,Q512164,Hellenistic Period,Q512163,Achaemenid Period,Replace live period claim with verified FactGrid QID for expected CDLI period label.,Q2168115$3813ECFF-AFD3-4809-BAA8-7667630AD64D,Q2168115$39DB014B-FF2E-4BF9-AF1F-C26C688D0ACC,written,
ready,573556,Q2166214,Cuneiform Tablet BM 061550,P853,Q512164,Hellenistic Period,Q512163,Achaemenid Period,Replace live period claim with verified FactGrid QID for expected CDLI period label.,Q2166214$B311230C-B457-41EC-8E7C-52A65B7E5FF4,Q2166214$FB4DD902-A69A-4237-9331-7745E6711E13,written,
ready,573628,Q2023753,Cuneiform Tablet BM 075567,P853,Q512164,Hellenistic Period,Q512163,Achaemenid Period,Replace live period claim with verified FactGrid QID for expected CDLI period label.,Q2023753$C7568633-7A66-429F-88CA-A83975FD0C5D,Q2023753$9A525655-4390-4414-A0FE-713DD11A2AAC,written,
ready,573805,Q2166067,"Cuneiform Tablet OBO 260, no. 500",P853,Q512164,Hellenistic Period,Q512163,Achaemenid Period,Replace live period claim with verified FactGrid QID for expected CDLI period label.,Q2166067$E37A201A-B4D0-49DA-B1E8-710E54A2DC64,Q2166067$94226A87-B3C2-421B-864F-6812CE90E659,written,
ready,573852,Q1365821,"Cuneiform Tablet OBO 260, no. 367",P853,Q512164,Hellenistic Period,Q512163,Achaemenid Period,Replace live period claim with verified FactGrid QID for expected CDLI period label.,Q1365821$CE99BA7F-9211-48D8-A9C3-78B9EDA72390,Q1365821$E146BF83-0816-4AD2-ABF2-FB53A37FF5FF,written,
ready,573940,Q2165866,"Cuneiform Tablet OBO 260, no. 607",P853,Q512164,Hellenistic Period,Q512163,Achaemenid Period,Replace live period claim with verified FactGrid QID for expected CDLI period label.,Q2165866$C9E5853A-D629-408D-9769-42B5EC9D6632,Q2165866$E59ADB16-F3F1-4146-A143-E79049632FC1,written,
ready,574179,Q2162261,"Cuneiform Tablet OBO 260, no. 404",P853,Q512164,Hellenistic Period,Q512163,Achaemenid Period,Replace live period claim with verified FactGrid QID for expected CDLI period label.,Q2162261$0488734A-8363-4D5F-87BD-3CB48997C18C,Q2162261$AD8FCF32-D529-4DF5-8716-5005EE8A8EB3,written,
ready,578422,Q2168919,Cuneiform Tablet BM 053618,P853,Q512164,Hellenistic Period,Q512163,Achaemenid Period,Replace live period claim with verified FactGrid QID for expected CDLI period label.,Q2168919$7CC84776-197B-4BCC-BB2A-DFC97601553D,Q2168919$2BC56118-FB48-4E15-A75B-65DA264FC3CF,written,
ready,579337,Q2167330,Cuneiform Tablet BM 055237,P853,Q512164,Hellenistic Period,Q512163,Achaemenid Period,Replace live period claim with verified FactGrid QID for expected CDLI period label.,Q2167330$CA9AFE4D-1AD0-4BD1-98C0-4DC854DDB5D5,Q2167330$E321E182-7A30-4AD0-B20E-1859DB5FDFAF,written,
ready,580440,Q2163638,Cuneiform Tablet BM 059420,P853,Q512164,Hellenistic Period,Q512163,Achaemenid Period,Replace live period claim with verified FactGrid QID for expected CDLI period label.,Q2163638$699C96AD-B94D-4D71-996A-BDE6666B500A,Q2163638$5680B73C-02D2-4048-910E-4D8FF0285F6E,written,
ready,580568,Q2170517,Cuneiform Tablet NABU 1997/011 BM 59568,P853,Q512164,Hellenistic Period,Q512163,Achaemenid Period,Replace live period claim with verified FactGrid QID for expected CDLI period label.,Q2170517$017E4AC3-1E5B-40E9-8F03-6D50D657E824,Q2170517$8738AD64-41A2-461D-BFDE-7106DF0CB3AA,written,
ready,580745,Q2146957,Cuneiform Tablet BM 059789,P853,Q512164,Hellenistic Period,Q512163,Achaemenid Period,Replace live period claim with verified FactGrid QID for expected CDLI period label.,Q2146957$8405C2CE-71FA-434B-BF31-3C9946137B48,Q2146957$A43F3937-E28F-4E6A-B584-4D70A0008399,written,
ready,580968,Q2165646,Cuneiform Tablet Camb. 408,P853,Q512164,Hellenistic Period,Q512163,Achaemenid Period,Replace live period claim with verified FactGrid QID for expected CDLI period label.,Q2165646$EF782314-BCB0-44C1-AD50-FB2C32F43BE3,Q2165646$1397F4AC-3FCA-4BA2-B7F1-C405F62E2E98,written,
ready,581142,Q2169707,Cuneiform Tablet BM 060700,P853,Q512164,Hellenistic Period,Q512163,Achaemenid Period,Replace live period claim with verified FactGrid QID for expected CDLI period label.,Q2169707$5037F1CD-342D-4AEA-BF3D-3EF30EC6419C,Q2169707$10A85647-53D0-42B1-BD48-D97D362D3DB1,written,
ready,581441,Q2047316,Cuneiform Tablet BM 061050,P853,Q512164,Hellenistic Period,Q512163,Achaemenid Period,Replace live period claim with verified FactGrid QID for expected CDLI period label.,Q2047316$7C29E200-B226-4B5B-A32E-397B315EBC36,Q2047316$A7E88C78-2DA8-46BF-8455-74DCAC85CF36,written,
ready,581512,Q2169827,Cuneiform Tablet BM 061139,P853,Q512164,Hellenistic Period,Q512163,Achaemenid Period,Replace live period claim with verified FactGrid QID for expected CDLI period label.,Q2169827$6F033AE2-B8D1-4087-AA7E-096738597A6D,Q2169827$C5857D42-39B7-4773-9CB4-73EFB0B2F933,written,
ready,581695,Q2166059,Cuneiform Tablet BM 061392,P853,Q512164,Hellenistic Period,Q512163,Achaemenid Period,Replace live period claim with verified FactGrid QID for expected CDLI period label.,Q2166059$F9E3E5FE-360E-46F7-A17E-6B1652C1884C,Q2166059$6BDF5AF7-DC54-41F7-9475-A3DDF50A8AD0,written,
ready,581768,Q1938387,Cuneiform Tablet NABU 2006/001,P853,Q512164,Hellenistic Period,Q512163,Achaemenid Period,Replace live period claim with verified FactGrid QID for expected CDLI period label.,Q1938387$4BB1E420-C4D6-4063-84F1-207170E2EBF8,Q1938387$0C1E9A9A-D7B7-4B0A-BFB8-A8CF6890EF41,written,
ready,581857,Q2147428,Cuneiform Tablet BM 061595,P853,Q512164,Hellenistic Period,Q512163,Achaemenid Period,Replace live period claim with verified FactGrid QID for expected CDLI period label.,Q2147428$E8ACA13F-C44C-48C9-900E-57BD8EC0EDE0,Q2147428$DF0BD3A4-8FB0-4A00-A9CA-66CFFA88C8F1,written,
ready,581912,Q2044641,Cuneiform Tablet BM 061666,P853,Q512164,Hellenistic Period,Q512163,Achaemenid Period,Replace live period claim with verified FactGrid QID for expected CDLI period label.,Q2044641$A29E6868-B976-4586-9EA7-B5BD45F1BBF0,Q2044641$B2FE86DD-465B-471A-8CE7-D88623EA4DBA,written,
ready,581945,Q2166864,Cuneiform Tablet BM 061706,P853,Q512164,Hellenistic Period,Q512163,Achaemenid Period,Replace live period claim with verified FactGrid QID for expected CDLI period label.,Q2166864$C890EDAB-ED08-4CAA-9DD9-6F2552803F78,Q2166864$1E5B8E0E-BA20-42A0-B572-63C5DBEC023C,written,
ready,581986,Q2162069,Cuneiform Tablet BM 061769,P853,Q512164,Hellenistic Period,Q512163,Achaemenid Period,Replace live period claim with verified FactGrid QID for expected CDLI period label.,Q2162069$37F83EA0-F77E-47F8-95A4-A6C6474FFAB9,Q2162069$BB72CF61-AD78-4ECB-B0A0-682775416885,written,
ready,582017,Q2148491,Cuneiform Tablet BM 061809,P853,Q512164,Hellenistic Period,Q512163,Achaemenid Period,Replace live period claim with verified FactGrid QID for expected CDLI period label.,Q2148491$45BA9816-9A16-4B25-B2CB-395643304B8B,Q2148491$6DD68835-65A7-4DE6-A091-C676F871BC7C,written,
ready,582514,Q2168271,Cuneiform Tablet BM 062372,P853,Q512164,Hellenistic Period,Q512163,Achaemenid Period,Replace live period claim with verified FactGrid QID for expected CDLI period label.,Q2168271$8FB6F686-822B-4D5F-83D7-9009988929C1,Q2168271$074FA2AF-744A-4533-B80C-6BB97D049695,written,
ready,582538,Q2163421,Cuneiform Tablet BM 062401,P853,Q512164,Hellenistic Period,Q512163,Achaemenid Period,Replace live period claim with verified FactGrid QID for expected CDLI period label.,Q2163421$EBF4FFD1-B0E3-4F0F-86D0-4A7362699876,Q2163421$8DB69102-1528-43F3-B8E6-089FE05C546A,written,
ready,582703,Q2162301,Cuneiform Tablet BM 062603,P853,Q512164,Hellenistic Period,Q512163,Achaemenid Period,Replace live period claim with verified FactGrid QID for expected CDLI period label.,Q2162301$DAC5983A-BEF0-4987-B1BE-F3A661E7FAA4,Q2162301$52483CB0-EFCB-4B9E-A83D-FD87D77D7E4E,written,
ready,582797,Q2026115,Cuneiform Tablet BM 062710,P853,Q512164,Hellenistic Period,Q512163,Achaemenid Period,Replace live period claim with verified FactGrid QID for expected CDLI period label.,Q2026115$D9269C90-082C-471A-8CFC-0F2B4DFCC1E8,Q2026115$7C776C6D-58B5-4C84-8EC0-57ABCD70049F,written,
ready,583169,Q2063806,Cuneiform Tablet BM 063002,P853,Q512164,Hellenistic Period,Q512163,Achaemenid Period,Replace live period claim with verified FactGrid QID for expected CDLI period label.,Q2063806$65D1D4AC-FC37-4B51-8906-320933F557DC,Q2063806$90D8EC27-0846-46E8-9527-6A2236BD438D,written,
ready,583313,Q2164067,Cuneiform Tablet BM 063164,P853,Q512164,Hellenistic Period,Q512163,Achaemenid Period,Replace live period claim with verified FactGrid QID for expected CDLI period label.,Q2164067$57B88A6E-6212-4483-9AA9-8915A23BAE7C,Q2164067$A5861C0B-4425-4618-B9F5-8133BFAF79C2,written,
ready,583329,Q2163134,Cuneiform Tablet BM 063182,P853,Q512164,Hellenistic Period,Q512163,Achaemenid Period,Replace live period claim with verified FactGrid QID for expected CDLI period label.,Q2163134$6260C489-1655-41EC-B041-3A7D602FA3AA,Q2163134$3AA90D10-C601-4426-B724-3E34630F6E0F,written,
ready,583450,Q2164971,Cuneiform Tablet BM 063316,P853,Q512164,Hellenistic Period,Q512163,Achaemenid Period,Replace live period claim with verified FactGrid QID for expected CDLI period label.,Q2164971$9CFAE93C-A2D6-4257-B1A4-DB1CEEE9B13A,Q2164971$97FCF427-27B9-4784-896C-5C190549A0FE,written,
ready,583485,Q2169711,Cuneiform Tablet BM 063355,P853,Q512164,Hellenistic Period,Q512163,Achaemenid Period,Replace live period claim with verified FactGrid QID for expected CDLI period label.,Q2169711$737B555E-21BC-4D06-8EF4-7EA714BD21FF,Q2169711$7137C419-EF29-4AF6-B5BF-907584B35530,written,
ready,583515,Q2164568,Cuneiform Tablet BM 063388,P853,Q512164,Hellenistic Period,Q512163,Achaemenid Period,Replace live period claim with verified FactGrid QID for expected CDLI period label.,Q2164568$142F0C9C-8DB7-49CF-8AE5-55DF08D08802,Q2164568$D278CA52-AD6A-4E18-BF4E-E13749038DAF,written,
ready,583647,Q2165669,Cuneiform Tablet BM 063529,P853,Q512164,Hellenistic Period,Q512163,Achaemenid Period,Replace live period claim with verified FactGrid QID for expected CDLI period label.,Q2165669$214E8912-3C50-40FD-A920-19C3E6740BDA,Q2165669$3EDD38AB-637D-4F9F-BABD-867861359866,written,
ready,583779,Q2163012,Cuneiform Tablet BM 063682,P853,Q512164,Hellenistic Period,Q512163,Achaemenid Period,Replace live period claim with verified FactGrid QID for expected CDLI period label.,Q2163012$F2D878F0-C511-4765-9361-49EBC4620568,Q2163012$45D3AB66-2182-4936-8C29-6976F5173B0F,written,
ready,584028,Q2165834,Cuneiform Tablet BM 063997,P853,Q512164,Hellenistic Period,Q512163,Achaemenid Period,Replace live period claim with verified FactGrid QID for expected CDLI period label.,Q2165834$FA2CA0B6-88B8-4747-8925-40C159C2C034,Q2165834$6A7679F2-E430-4590-9DEB-9EA0474A2C12,written,
ready,584053,Q2164052,Cuneiform Tablet BM 064018,P853,Q512164,Hellenistic Period,Q512163,Achaemenid Period,Replace live period claim with verified FactGrid QID for expected CDLI period label.,Q2164052$B5103E0B-DB14-407B-811B-7C1CE540C0E6,Q2164052$69E8248B-C074-40C0-9AF1-F843EBDF0FF9,written,
ready,584069,Q2159294,Cuneiform Tablet BM 064041,P853,Q512164,Hellenistic Period,Q512163,Achaemenid Period,Replace live period claim with verified FactGrid QID for expected CDLI period label.,Q2159294$065B1788-3714-4073-8875-1B71B1A3562B,Q2159294$C2821232-53F0-4D2B-973F-BBCA81069064,written,
ready,584086,Q2160942,Cuneiform Tablet ABC no. 35,P853,Q512164,Hellenistic Period,Q512163,Achaemenid Period,Replace live period claim with verified FactGrid QID for expected CDLI period label.,Q2160942$905C2B97-23F4-4709-A5F7-38AF73FDB669,Q2160942$63F9CAAA-87A4-4106-892E-FCD1D3A76D99,written,
ready,584090,Q1987899,Cuneiform Tablet BM 064071,P853,Q512164,Hellenistic Period,Q512163,Achaemenid Period,Replace live period claim with verified FactGrid QID for expected CDLI period label.,Q1987899$9DC06C3B-EBEA-4179-A9BD-0CF617442EE2,Q1987899$7B3B45DF-7ECC-4CF4-B760-EF00E9EB0F76,written,
ready,584116,Q2163109,Cuneiform Tablet BM 064114,P853,Q512164,Hellenistic Period,Q512163,Achaemenid Period,Replace live period claim with verified FactGrid QID for expected CDLI period label.,Q2163109$95BF9109-961B-4EE0-AA41-A524E0ED4E2F,Q2163109$7FA6D36C-3035-4D2B-92AF-5BFF2818B905,written,
ready,584182,Q2165656,Cuneiform Tablet BM 064213 + BM 064222,P853,Q512164,Hellenistic Period,Q512163,Achaemenid Period,Replace live period claim with verified FactGrid QID for expected CDLI period label.,Q2165656$28335998-6547-40E4-AC9F-D5A1C8EF268A,Q2165656$7C616E58-EE10-48F7-B75C-FB1E969BFE06,written,
ready,584268,Q2162855,Cuneiform Tablet BM 064349,P853,Q512164,Hellenistic Period,Q512163,Achaemenid Period,Replace live period claim with verified FactGrid QID for expected CDLI period label.,Q2162855$2AD0FF82-DD6D-4B20-8484-5BC730FF564A,Q2162855$0E2E8B12-44FA-4CD4-9B47-D0ED0EC9574C,written,
ready,584403,Q2163895,Cuneiform Tablet BM 064538,P853,Q512164,Hellenistic Period,Q512163,Achaemenid Period,Replace live period claim with verified FactGrid QID for expected CDLI period label.,Q2163895$05B3273A-B465-4A41-BE17-1D1450946BF1,Q2163895$DF74B6A7-1111-43D8-BF64-AA7E48A6416A,written,
ready,584497,Q2166149,Cuneiform Tablet BM 064658,P853,Q512164,Hellenistic Period,Q512163,Achaemenid Period,Replace live period claim with verified FactGrid QID for expected CDLI period label.,Q2166149$0F009EA4-3999-40F3-9933-4A1918FC8E8C,Q2166149$FC960647-9513-48D0-A59C-18DD02F06F9F,written,
ready,584593,Q2157602,Cuneiform Tablet BM 064770,P853,Q512164,Hellenistic Period,Q512163,Achaemenid Period,Replace live period claim with verified FactGrid QID for expected CDLI period label.,Q2157602$B3CCDA9F-754D-43A7-9B7D-6EA8589CD513,Q2157602$78E17B5C-4AEB-4C56-A590-4B747D351854,written,
ready,584643,Q2047527,Cuneiform Tablet BM 064838,P853,Q512164,Hellenistic Period,Q512163,Achaemenid Period,Replace live period claim with verified FactGrid QID for expected CDLI period label.,Q2047527$85EFC0F6-1264-449E-8587-F62926EEE0CC,Q2047527$36ED23DA-54A0-49D1-8B28-B94C9AF048F4,written,
ready,584815,Q2163375,Cuneiform Tablet BM 065062,P853,Q512164,Hellenistic Period,Q512163,Achaemenid Period,Replace live period claim with verified FactGrid QID for expected CDLI period label.,Q2163375$027EB6DA-D305-4EB6-AE28-EA04FCF6E366,Q2163375$1A46E53F-8C89-4106-A282-0B6CA944027A,written,
ready,584950,Q2163758,Cuneiform Tablet BM 065241,P853,Q512164,Hellenistic Period,Q512163,Achaemenid Period,Replace live period claim with verified FactGrid QID for expected CDLI period label.,Q2163758$49F3DAB5-97B0-429E-A118-35DDE06C7C71,Q2163758$8EB41A39-2D1D-4808-B2C5-B2EAE3A63D08,written,
ready,585029,Q2162405,Cuneiform Tablet BM 065339 + BM 068761,P853,Q512164,Hellenistic Period,Q512163,Achaemenid Period,Replace live period claim with verified FactGrid QID for expected CDLI period label.,Q2162405$742645F4-60D8-4E23-B5E8-10531F8A49C1,Q2162405$0633445C-3D00-4C61-932F-E1378A5980F9,written,
ready,585290,Q2170529,Cuneiform Tablet BM 065663,P853,Q512164,Hellenistic Period,Q512163,Achaemenid Period,Replace live period claim with verified FactGrid QID for expected CDLI period label.,Q2170529$BF89A622-7C86-478F-B448-4B5620FBC177,Q2170529$09F5DE66-A273-4BBD-A33D-4E0409B789EB,written,
ready,585479,Q2162557,Cuneiform Tablet BM 065889,P853,Q512164,Hellenistic Period,Q512163,Achaemenid Period,Replace live period claim with verified FactGrid QID for expected CDLI period label.,Q2162557$9A5330E1-2A4A-45E9-9565-360FF7BB575A,Q2162557$F0EB06A5-86E0-46EA-846C-B91D85831787,written,
ready,585547,Q2146717,"Cuneiform Tablet Kaskal 6, 175 no. 13",P853,Q512164,Hellenistic Period,Q512163,Achaemenid Period,Replace live period claim with verified FactGrid QID for expected CDLI period label.,Q2146717$8BF488C6-E482-4321-A292-F742F5A06E40,Q2146717$9EE1DD2B-EB9B-4ED8-989D-69D561ACB9FA,written,
ready,585843,Q2167621,Cuneiform Tablet BM 066296,P853,Q512164,Hellenistic Period,Q512163,Achaemenid Period,Replace live period claim with verified FactGrid QID for expected CDLI period label.,Q2167621$E60AE7A1-A69E-4BDD-9891-4089AB30D77A,Q2167621$7576CABB-05EA-4EF3-8C67-D3D1E66D1F21,written,
ready,586015,Q2165846,Cuneiform Tablet BM 066485,P853,Q512164,Hellenistic Period,Q512163,Achaemenid Period,Replace live period claim with verified FactGrid QID for expected CDLI period label.,Q2165846$0B1D0E3A-4C4E-43CE-A12A-39518E6CF5E4,Q2165846$D50CF17F-633C-4CA0-B969-EC6E3AF7899B,written,
ready,586255,Q2162837,Cuneiform Tablet BM 066791,P853,Q512164,Hellenistic Period,Q512163,Achaemenid Period,Replace live period claim with verified FactGrid QID for expected CDLI period label.,Q2162837$D4D46A70-22CC-45CF-9AE2-C6E735B9ADFB,Q2162837$BBFF8567-7D6B-45B0-927A-E050BA73DACF,written,
ready,586347,Q2164453,Cuneiform Tablet BM 066913,P853,Q512164,Hellenistic Period,Q512163,Achaemenid Period,Replace live period claim with verified FactGrid QID for expected CDLI period label.,Q2164453$3E848AA2-1E7A-455B-A2DE-3297FBD4CD80,Q2164453$DAAE9B61-D334-451A-8287-8885B588B9F7,written,
ready,586594,Q2163927,"Cuneiform Tablet AfO 38/39, 94 no. 10",P853,Q512164,Hellenistic Period,Q512163,Achaemenid Period,Replace live period claim with verified FactGrid QID for expected CDLI period label.,Q2163927$DB83DACE-A8F9-40DA-9A64-7E361DDD9207,Q2163927$030017BC-6D09-48D5-A448-F18799C93FEB,written,
ready,586605,Q2162692,Cuneiform Tablet BM 067229,P853,Q512164,Hellenistic Period,Q512163,Achaemenid Period,Replace live period claim with verified FactGrid QID for expected CDLI period label.,Q2162692$6D08E189-728B-4A64-B512-B7CA774CB586,Q2162692$190ACA14-B678-412E-8C7F-B9AAD3D43129,written,
ready,586687,Q2169697,Cuneiform Tablet BM 067339,P853,Q512164,Hellenistic Period,Q512163,Achaemenid Period,Replace live period claim with verified FactGrid QID for expected CDLI period label.,Q2169697$3DEDC598-E3F5-471A-B1A1-BDE51F6C91AA,Q2169697$EDA78555-3F4D-493E-9FBC-D162F337F71F,written,
ready,587254,Q2165364,Cuneiform Tablet BM 068006,P853,Q512164,Hellenistic Period,Q512163,Achaemenid Period,Replace live period claim with verified FactGrid QID for expected CDLI period label.,Q2165364$D60E2BB5-0A1F-4CC9-A579-630940499BB4,Q2165364$58646ED9-43DE-4B1E-A562-53EF37D62F4E,written,
ready,587350,Q2165893,Cuneiform Tablet BM 068143,P853,Q512164,Hellenistic Period,Q512163,Achaemenid Period,Replace live period claim with verified FactGrid QID for expected CDLI period label.,Q2165893$66039A10-0297-4FEE-9CC5-1835B58B65B0,Q2165893$CEB13F98-D3AF-454A-A0C2-C4125D9FE23F,written,
ready,587413,Q2164997,Cuneiform Tablet BM 068224,P853,Q512164,Hellenistic Period,Q512163,Achaemenid Period,Replace live period claim with verified FactGrid QID for expected CDLI period label.,Q2164997$78F6F361-03F7-4BDE-BFFD-19CFF516EA20,Q2164997$FE8E37D5-2D7F-4C3B-B576-BADF18BA6EDD,written,
ready,587556,Q2164165,Cuneiform Tablet BM 068399,P853,Q512164,Hellenistic Period,Q512163,Achaemenid Period,Replace live period claim with verified FactGrid QID for expected CDLI period label.,Q2164165$9A01E65F-E126-4ACA-9818-F5A2E59A375D,Q2164165$4409F92E-F676-4C58-9C3F-6A22532371F8,written,
ready,587583,Q2169309,Cuneiform Tablet BM 068438,P853,Q512164,Hellenistic Period,Q512163,Achaemenid Period,Replace live period claim with verified FactGrid QID for expected CDLI period label.,Q2169309$8E04D6D2-D279-46E3-A9EB-5CD7F284A65F,Q2169309$FEBE1F5E-908E-44E7-9D7F-B66BA2EA7BDE,written,
ready,587716,Q2168311,Cuneiform Tablet BM 068602,P853,Q512164,Hellenistic Period,Q512163,Achaemenid Period,Replace live period claim with verified FactGrid QID for expected CDLI period label.,Q2168311$4AB02A94-9D50-4855-BB88-C92ADFB57325,Q2168311$FFBEBD21-7339-4800-8A77-FFB10D3C5EC9,written,
ready,589499,Q2167571,Cuneiform Tablet BM 070467,P853,Q512164,Hellenistic Period,Q512163,Achaemenid Period,Replace live period claim with verified FactGrid QID for expected CDLI period label.,Q2167571$BF4F12CF-A346-45C4-B924-3FA12CA49CE5,Q2167571$F1DFDD52-AF5F-4D1A-9CCD-9E70E9D7DA0A,written,
ready,589837,Q2144163,Cuneiform Tablet BM 070859,P853,Q512164,Hellenistic Period,Q512163,Achaemenid Period,Replace live period claim with verified FactGrid QID for expected CDLI period label.,Q2144163$5788A665-65AB-4B38-91A0-4488A11A133C,Q2144163$777045D8-BC84-4087-8A31-21D62794B695,written,
ready,590786,Q2164945,Cuneiform Tablet BM 071913,P853,Q512164,Hellenistic Period,Q512163,Achaemenid Period,Replace live period claim with verified FactGrid QID for expected CDLI period label.,Q2164945$95600912-8FE1-4661-A9FD-E7B0ADD3B2D1,Q2164945$C2ACC75F-FB0E-481C-8314-850D00C7DEB7,written,
ready,591396,Q2170481,Cuneiform Tablet BM 072793,P853,Q512164,Hellenistic Period,Q512163,Achaemenid Period,Replace live period claim with verified FactGrid QID for expected CDLI period label.,Q2170481$A1F1F3AA-9356-4C27-9A6A-0B75470C65A0,Q2170481$1B11B7AF-6760-42EF-98F3-A5197290DFE8,written,
ready,591482,Q2164073,Cuneiform Tablet BM 072895,P853,Q512164,Hellenistic Period,Q512163,Achaemenid Period,Replace live period claim with verified FactGrid QID for expected CDLI period label.,Q2164073$F1CFD36C-71E3-4482-A848-D8813A8C2F3C,Q2164073$B7B37AEC-20BD-415D-A3E4-491E493E1984,written,
ready,591512,Q2169629,Cuneiform Tablet BM 072925,P853,Q512164,Hellenistic Period,Q512163,Achaemenid Period,Replace live period claim with verified FactGrid QID for expected CDLI period label.,Q2169629$C95EDDF2-9EA1-46FD-8B05-C508687E30D3,Q2169629$D309306D-0F24-409C-B7C5-E821EE6F3E3E,written,
ready,591590,Q2162495,Cuneiform Tablet BM 073012,P853,Q512164,Hellenistic Period,Q512163,Achaemenid Period,Replace live period claim with verified FactGrid QID for expected CDLI period label.,Q2162495$06E0D10F-8BD4-4759-80EA-98DD73DD1852,Q2162495$5DE3262E-8BA5-4640-A415-9046B8130430,written,
ready,592040,Q2170116,Cuneiform Tablet BM 073593,P853,Q512164,Hellenistic Period,Q512163,Achaemenid Period,Replace live period claim with verified FactGrid QID for expected CDLI period label.,Q2170116$ABA58165-F305-4384-8AF3-B58E4AD1793E,Q2170116$024558B8-67C2-4EEF-AE9E-2A6944FE8873,written,
ready,592113,Q2165917,Cuneiform Tablet BM 073677,P853,Q512164,Hellenistic Period,Q512163,Achaemenid Period,Replace live period claim with verified FactGrid QID for expected CDLI period label.,Q2165917$1B43BBBA-F597-40B8-AFD1-55D2CABA71C6,Q2165917$C2BFEEE9-43DD-4376-90E1-3621B6EAC16D,written,
ready,592328,Q2047977,Cuneiform Tablet BM 073936,P853,Q512164,Hellenistic Period,Q512163,Achaemenid Period,Replace live period claim with verified FactGrid QID for expected CDLI period label.,Q2047977$89A3A0A0-6DFF-419C-AEC2-26FB865BDE6D,Q2047977$FFE90568-7E30-4EE7-9C9E-3A5F6063E066,written,
ready,592685,Q2167522,Cuneiform Tablet BM 074462,P853,Q512164,Hellenistic Period,Q512163,Achaemenid Period,Replace live period claim with verified FactGrid QID for expected CDLI period label.,Q2167522$84974198-5265-48C0-A2ED-49642EFE2C52,Q2167522$F248867D-E809-4FC4-B76C-4FFC5163981E,written,
ready,592754,Q2164506,Cuneiform Tablet BM 074616,P853,Q512164,Hellenistic Period,Q512163,Achaemenid Period,Replace live period claim with verified FactGrid QID for expected CDLI period label.,Q2164506$7E4B6D61-7A3E-441F-AD31-F1BFEFA76894,Q2164506$57A47C36-338C-4A37-8BA5-71F434451868,written,
ready,592778,Q2063700,Cuneiform Tablet BM 074666,P853,Q512164,Hellenistic Period,Q512163,Achaemenid Period,Replace live period claim with verified FactGrid QID for expected CDLI period label.,Q2063700$DA792D1A-18CB-41FF-956A-0F9E0D9CA2FE,Q2063700$9DD7DB62-2738-4263-93BA-9EDEC7690A90,written,
ready,592781,Q2168991,Cuneiform Tablet BM 074674,P853,Q512164,Hellenistic Period,Q512163,Achaemenid Period,Replace live period claim with verified FactGrid QID for expected CDLI period label.,Q2168991$2132CED8-D257-4A2E-9D00-A8E0DB9DC396,Q2168991$0EF04E1A-141D-46C9-9079-FE7F4278ACEE,written,
ready,592943,Q2170372,Cuneiform Tablet BM 075693,P853,Q512164,Hellenistic Period,Q512163,Achaemenid Period,Replace live period claim with verified FactGrid QID for expected CDLI period label.,Q2170372$CF7551DD-7D61-40DC-A0B6-82F463EC3AD2,Q2170372$155FA38E-42BB-41E2-B686-94436DAED4F7,written,
ready,593190,Q2169278,Cuneiform Tablet BM 076221,P853,Q512164,Hellenistic Period,Q512163,Achaemenid Period,Replace live period claim with verified FactGrid QID for expected CDLI period label.,Q2169278$013E0F42-31AA-4F9F-9173-F39F942A7F43,Q2169278$0BED61C5-2F12-4191-ACC4-4049094918A8,written,
ready,593581,Q2166871,Cuneiform Tablet BM 076747,P853,Q512164,Hellenistic Period,Q512163,Achaemenid Period,Replace live period claim with verified FactGrid QID for expected CDLI period label.,Q2166871$882DC690-7201-4974-8F32-7936B9480B34,Q2166871$C8ACEF7E-E72B-4D47-B04C-93F277D466AF,written,
ready,593885,Q2047385,"Cuneiform Tablet Rechtsleben 2, 61",P853,Q512164,Hellenistic Period,Q512163,Achaemenid Period,Replace live period claim with verified FactGrid QID for expected CDLI period label.,Q2047385$45504AC5-3F5A-49BA-8D07-6F2C5EDC4138,Q2047385$9EA1AB16-4399-429E-B3B3-DE229DDCA206,written,
ready,593997,Q2167510,Cuneiform Tablet BM 077622,P853,Q512164,Hellenistic Period,Q512163,Achaemenid Period,Replace live period claim with verified FactGrid QID for expected CDLI period label.,Q2167510$DA88AEBA-04EF-4DE2-ACBC-A1A84EBED743,Q2167510$61B290C4-85E5-4F67-BD83-D56ABD1129F9,written,
ready,594053,Q2163686,Cuneiform Tablet BM 077730,P853,Q512164,Hellenistic Period,Q512163,Achaemenid Period,Replace live period claim with verified FactGrid QID for expected CDLI period label.,Q2163686$2BAFA0AE-7B44-4EE6-B5F2-04BD6C3440B3,Q2163686$0401AB6F-719A-4278-969C-0C735AD797F8,written,
ready,594638,Q2162357,Cuneiform Tablet BM 078964,P853,Q512164,Hellenistic Period,Q512163,Achaemenid Period,Replace live period claim with verified FactGrid QID for expected CDLI period label.,Q2162357$6AD8BF2D-FAA6-4003-9DB8-D699CD7EBEB2,Q2162357$C1182CD1-0DE6-4B1F-8352-1A1BD1849556,written,
ready,594792,Q2162600,Cuneiform Tablet BM 079196,P853,Q512164,Hellenistic Period,Q512163,Achaemenid Period,Replace live period claim with verified FactGrid QID for expected CDLI period label.,Q2162600$AA41F093-249D-42EC-B321-C2A5B4E6F83B,Q2162600$1C1669E8-B7C2-4CB2-BE4E-7181DD6640B1,written,
ready,594897,Q2170097,Cuneiform Tablet BM 079331,P853,Q512164,Hellenistic Period,Q512163,Achaemenid Period,Replace live period claim with verified FactGrid QID for expected CDLI period label.,Q2170097$0B2A70C5-F4CA-4D4F-8B0A-F1F076CE1D55,Q2170097$FB3A0A58-C6D1-4369-93B1-28698C2F06A1,written,
ready,595044,Q2169002,Cuneiform Tablet BM 079527,P853,Q512164,Hellenistic Period,Q512163,Achaemenid Period,Replace live period claim with verified FactGrid QID for expected CDLI period label.,Q2169002$4A084A7F-FDCC-40B6-9924-BA6240DC39E4,Q2169002$8D0FAD0F-148E-47B6-BB27-C804707C7CB4,written,
ready,595052,Q2047433,Cuneiform Tablet BM 079537,P853,Q512164,Hellenistic Period,Q512163,Achaemenid Period,Replace live period claim with verified FactGrid QID for expected CDLI period label.,Q2047433$0DB5CBDA-C729-4B5E-B22E-CACC0462866C,Q2047433$A4770DE5-BAE2-4725-8F48-BA2366081274,written,
ready,595183,Q2162888,Cuneiform Tablet BM 079707,P853,Q512164,Hellenistic Period,Q512163,Achaemenid Period,Replace live period claim with verified FactGrid QID for expected CDLI period label.,Q2162888$0D3B05DA-CD3E-4B62-80DF-64A623A39C1A,Q2162888$41CD3369-ECC7-43D7-8F2B-5F173228B379,written,
ready,595551,Q2169646,Cuneiform Tablet BM 080755,P853,Q512164,Hellenistic Period,Q512163,Achaemenid Period,Replace live period claim with verified FactGrid QID for expected CDLI period label.,Q2169646$68ED30E2-E1E5-43AD-A170-8E8B50B3656B,Q2169646$CD0C67C2-C0F7-4ECB-838A-86A0190D5555,written,
ready,595793,Q2165717,Cuneiform Tablet BM 081242,P853,Q512164,Hellenistic Period,Q512163,Achaemenid Period,Replace live period claim with verified FactGrid QID for expected CDLI period label.,Q2165717$5505DDFD-EAC3-4252-BDA0-1ADDAD8C85DC,Q2165717$5439F10B-5493-4E3D-B428-346626E7531C,written,
ready,598226,Q2168789,Cuneiform Tablet BM 084466,P853,Q512164,Hellenistic Period,Q512163,Achaemenid Period,Replace live period claim with verified FactGrid QID for expected CDLI period label.,Q2168789$1EF260FB-815D-4683-B39C-8B19E5AA236A,Q2168789$4B269A2B-7EBA-42B3-8378-86CE422BF78F,written,
ready,598267,Q2166519,Cuneiform Tablet BM 084514,P853,Q512164,Hellenistic Period,Q512163,Achaemenid Period,Replace live period claim with verified FactGrid QID for expected CDLI period label.,Q2166519$74A626B7-E13B-436E-A72D-DEA609A159A6,Q2166519$E011DDF7-8C93-4A8D-91E2-0FAC0C2AFAF9,written,
ready,598549,Q2012899,Cuneiform Tablet BM 087248,P853,Q512164,Hellenistic Period,Q512163,Achaemenid Period,Replace live period claim with verified FactGrid QID for expected CDLI period label.,Q2012899$46CFEA5E-B1AC-44D5-900D-51227DB4B49B,Q2012899$9BB90054-B303-454A-BC84-FB902EF470B4,written,
ready,599071,Q2029860,Cuneiform Tablet BM 094198,P853,Q512164,Hellenistic Period,Q512163,Achaemenid Period,Replace live period claim with verified FactGrid QID for expected CDLI period label.,Q2029860$EB469BE5-6414-49D4-A320-05B4474C07AF,Q2029860$B37C0008-F623-47F2-96FA-E68F671CE559,written,
ready,599358,Q2168459,Cuneiform Tablet BM 094729,P853,Q512164,Hellenistic Period,Q512163,Achaemenid Period,Replace live period claim with verified FactGrid QID for expected CDLI period label.,Q2168459$92C3BCD4-5173-4A9B-AB0E-61B001C13702,Q2168459$BECE6DE8-416D-4F17-B569-2D50B8E4AF62,written,
ready,599421,Q2047236,Cuneiform Tablet BM 094826,P853,Q512164,Hellenistic Period,Q512163,Achaemenid Period,Replace live period claim with verified FactGrid QID for expected CDLI period label.,Q2047236$74905C9C-6045-4BA0-866D-C44886941C90,Q2047236$D78991E4-7234-4645-84BB-FCB429A673C4,written,
ready,599837,Q2048020,Cuneiform Tablet BM 096239,P853,Q512164,Hellenistic Period,Q512163,Achaemenid Period,Replace live period claim with verified FactGrid QID for expected CDLI period label.,Q2048020$B1A67267-4B33-458F-B540-14805422FC15,Q2048020$92F77DC7-2387-467D-B13F-22BCCC0DB852,written,
ready,599860,Q2167597,Cuneiform Tablet BM 096266,P853,Q512164,Hellenistic Period,Q512163,Achaemenid Period,Replace live period claim with verified FactGrid QID for expected CDLI period label.,Q2167597$1E686ADE-C01D-422F-9F92-2B20D360B011,Q2167597$74575E40-7021-4154-88E8-2FE2CDAD6073,written,
ready,599909,Q2162678,Cuneiform Tablet BM 096323,P853,Q512164,Hellenistic Period,Q512163,Achaemenid Period,Replace live period claim with verified FactGrid QID for expected CDLI period label.,Q2162678$F3DC2DB6-C53C-4946-A54F-2D652A90E287,Q2162678$AA9CF2AF-D542-48FB-AD8F-DCCA32584C2D,written,
ready,599925,Q2166654,Cuneiform Tablet BM 096342,P853,Q512164,Hellenistic Period,Q512163,Achaemenid Period,Replace live period claim with verified FactGrid QID for expected CDLI period label.,Q2166654$1E2FB5D9-E89B-4F19-953D-C768764F9819,Q2166654$6700309E-A1D0-4D13-B34C-2F297EBA8700,written,
ready,599964,Q2168945,Cuneiform Tablet BM 096388,P853,Q512164,Hellenistic Period,Q512163,Achaemenid Period,Replace live period claim with verified FactGrid QID for expected CDLI period label.,Q2168945$74715B12-ED0E-4B13-9BED-B78431B3B003,Q2168945$2AE28508-E15E-4595-91A1-CD01E853C43D,written,
ready,599972,Q2047562,Cuneiform Tablet BM 096400,P853,Q512164,Hellenistic Period,Q512163,Achaemenid Period,Replace live period claim with verified FactGrid QID for expected CDLI period label.,Q2047562$65F76C71-7188-43D4-B1B9-29E8042B1B2A,Q2047562$52A6AF5D-B468-4CEC-A678-55BC91D855F6,written,
ready,600056,Q2163035,Cuneiform Tablet BM 096509,P853,Q512164,Hellenistic Period,Q512163,Achaemenid Period,Replace live period claim with verified FactGrid QID for expected CDLI period label.,Q2163035$5DEC78F9-A0CF-4729-969C-5D078BA0A4B3,Q2163035$44D7693B-5214-4FF3-B3A5-13279A71D3D9,written,
ready,600083,Q2158391,Cuneiform Tablet BM 096538,P853,Q512164,Hellenistic Period,Q512163,Achaemenid Period,Replace live period claim with verified FactGrid QID for expected CDLI period label.,Q2158391$A8024FA6-72B7-4BDD-ACA7-045791FAE14F,Q2158391$B0405768-E0E7-49F4-A7D8-F938DB7D074E,written,
ready,600095,Q2167689,Cuneiform Tablet BM 096554,P853,Q512164,Hellenistic Period,Q512163,Achaemenid Period,Replace live period claim with verified FactGrid QID for expected CDLI period label.,Q2167689$D0B3860F-F083-49B8-A791-2A8E194DA5DB,Q2167689$1AF58BF0-7A04-484E-9E66-329FB0E8DD3D,written,
ready,600406,Q2163151,Cuneiform Tablet BM 099593,P853,Q512164,Hellenistic Period,Q512163,Achaemenid Period,Replace live period claim with verified FactGrid QID for expected CDLI period label.,Q2163151$2A1A225D-CCA5-47CC-BECB-2C03A7821E91,Q2163151$B39193C8-B3F6-4156-B28C-6465836E8B67,written,
ready,600538,Q2165742,Cuneiform Tablet BM 099829,P853,Q512164,Hellenistic Period,Q512163,Achaemenid Period,Replace live period claim with verified FactGrid QID for expected CDLI period label.,Q2165742$A211D56C-1687-42FF-B352-7C914CF73839,Q2165742$94DDC8DD-03B4-430C-9C70-3647C6B4E7AD,written,
ready,600580,Q2014708,Cuneiform Tablet BM 099879,P853,Q512164,Hellenistic Period,Q512163,Achaemenid Period,Replace live period claim with verified FactGrid QID for expected CDLI period label.,Q2014708$8B00FD4F-444A-4B4E-9130-030ED9B04B9F,Q2014708$652D1DAE-4939-4529-92FD-2160B4CC528D,written,
ready,600596,Q2160123,Cuneiform Tablet BM 099896,P853,Q512164,Hellenistic Period,Q512163,Achaemenid Period,Replace live period claim with verified FactGrid QID for expected CDLI period label.,Q2160123$AD319760-9F13-43BD-AA7C-CBE5D728D4B6,Q2160123$362B8546-4789-4C01-802E-F9F0C1734610,written,
ready,600611,Q2167366,Cuneiform Tablet BM 099919,P853,Q512164,Hellenistic Period,Q512163,Achaemenid Period,Replace live period claim with verified FactGrid QID for expected CDLI period label.,Q2167366$5C3503B0-13BC-4B3F-BD88-FBD1DA20B1FA,Q2167366$65476BB1-6D4D-4446-81FE-07B0C9779BE2,written,
ready,600955,Q2163307,Cuneiform Tablet BM 100990,P853,Q512164,Hellenistic Period,Q512163,Achaemenid Period,Replace live period claim with verified FactGrid QID for expected CDLI period label.,Q2163307$EDBE5A39-260D-443E-85E1-629EE77A6CA5,Q2163307$37F2D259-0312-4E5C-89FD-61030986736C,written,
ready,600980,Q2152962,Cuneiform Tablet BM 101016,P853,Q512164,Hellenistic Period,Q512163,Achaemenid Period,Replace live period claim with verified FactGrid QID for expected CDLI period label.,Q2152962$E11BE028-AE6B-44BA-AE0A-EAF266E3F3F1,Q2152962$2D4BF497-935C-49A2-8C7E-AF67E68BBF05,written,
ready,601000,Q2167092,Cuneiform Tablet BM 101036,P853,Q512164,Hellenistic Period,Q512163,Achaemenid Period,Replace live period claim with verified FactGrid QID for expected CDLI period label.,Q2167092$405D4D6C-B556-425C-BF75-1A3D474464D6,Q2167092$E8A51FC2-01B3-47F5-8C85-AC1EF6BE7631,written,
ready,601186,Q2162089,Cuneiform Tablet BM 101246,P853,Q512164,Hellenistic Period,Q512163,Achaemenid Period,Replace live period claim with verified FactGrid QID for expected CDLI period label.,Q2162089$FEA32FC1-9DE7-45DD-89D9-BF2D5C53FC6D,Q2162089$0143C730-9437-4CC9-B892-2F9AA8232EC0,written,
ready,601387,Q2165599,Cuneiform Tablet BM 101481,P853,Q512164,Hellenistic Period,Q512163,Achaemenid Period,Replace live period claim with verified FactGrid QID for expected CDLI period label.,Q2165599$53C88079-9251-469D-A5B7-F49A5311576A,Q2165599$6D0E32A0-F241-4A7E-90EB-771F5BD800A8,written,
ready,601542,Q2023144,Cuneiform Tablet BM 101653,P853,Q512164,Hellenistic Period,Q512163,Achaemenid Period,Replace live period claim with verified FactGrid QID for expected CDLI period label.,Q2023144$31D4C700-5B9F-4311-8F81-3205299D61AD,Q2023144$3EA1770D-8C55-4222-813D-29ED23D06204,written,
ready,601811,Q2047760,"Cuneiform Tablet AfO 50, 241 no. 22",P853,Q512164,Hellenistic Period,Q512163,Achaemenid Period,Replace live period claim with verified FactGrid QID for expected CDLI period label.,Q2047760$DFA9602B-4324-43B8-A80A-919B087813B5,Q2047760$EDE7312F-52E2-4255-A238-D77AEF4D6F3E,written,
ready,601903,Q2167396,Cuneiform Tablet BM 108966,P853,Q512164,Hellenistic Period,Q512163,Achaemenid Period,Replace live period claim with verified FactGrid QID for expected CDLI period label.,Q2167396$9CDFC525-3DC4-40AE-965E-C25174ABD602,Q2167396$5C0BB4D2-8130-41D4-B2CC-51CCDEC86D42,written,
ready,601942,Q2169643,Cuneiform Tablet BM 109889,P853,Q512164,Hellenistic Period,Q512163,Achaemenid Period,Replace live period claim with verified FactGrid QID for expected CDLI period label.,Q2169643$E3D19D4D-C093-4B8F-A234-5EEAAA785473,Q2169643$3F998D18-E8E7-4BFA-86E8-C977EEAF012B,written,
ready,601978,Q2164381,Cuneiform Tablet BM 113395,P853,Q512164,Hellenistic Period,Q512163,Achaemenid Period,Replace live period claim with verified FactGrid QID for expected CDLI period label.,Q2164381$B664DC5B-57B4-4953-9475-C7D7AE822CD7,Q2164381$739E3B18-332D-4E7D-9096-99691BB68230,written,
ready,601997,Q2164910,Cuneiform Tablet BM 113485,P853,Q512164,Hellenistic Period,Q512163,Achaemenid Period,Replace live period claim with verified FactGrid QID for expected CDLI period label.,Q2164910$C3ED6EE5-4648-4DB1-882F-20DD2C2BDDF3,Q2164910$DDEA7D3D-36A0-46D8-BB50-41202A96BB3E,written,
ready,602047,Q1931878,Cuneiform Tablet BM 114561,P853,Q512164,Hellenistic Period,Q512163,Achaemenid Period,Replace live period claim with verified FactGrid QID for expected CDLI period label.,Q1931878$905F666A-C918-432F-B5D7-727C236CBE63,Q1931878$FD0456B8-7A2C-4364-B239-C1D07AA4CD91,written,
ready,602051,Q2162084,Cuneiform Tablet BM 114572,P853,Q512164,Hellenistic Period,Q512163,Achaemenid Period,Replace live period claim with verified FactGrid QID for expected CDLI period label.,Q2162084$DCCF41E3-707B-40D2-ACF8-1DD2315CBD9A,Q2162084$453DAF47-0644-45C2-9792-0DE72AB8F6B6,written,
ready,602084,Q2163999,"Cuneiform Tablet JCS 72, 181 text 12",P853,Q512164,Hellenistic Period,Q512163,Achaemenid Period,Replace live period claim with verified FactGrid QID for expected CDLI period label.,Q2163999$819EC6FD-89F5-47EC-9054-362F1D30B161,Q2163999$A69F9F73-26B8-4CE2-9EA2-B07399D4A028,written,
ready,602102,Q2167879,Cuneiform Tablet BM 114849,P853,Q512164,Hellenistic Period,Q512163,Achaemenid Period,Replace live period claim with verified FactGrid QID for expected CDLI period label.,Q2167879$204274CE-2C6D-4638-86DE-7A51A8EE8F8C,Q2167879$F965413F-C5F9-4A2D-9929-2DACAB23B126,written,
ready,602712,Q2164736,"Cuneiform Tablet FuB 14, 17 no. 7",P853,Q512164,Hellenistic Period,Q512163,Achaemenid Period,Replace live period claim with verified FactGrid QID for expected CDLI period label.,Q2164736$4C186680-11F6-4910-93DE-FE8831B2B21C,Q2164736$CEC82426-6636-4371-9588-CCF17E1B53F7,written,
ready,602728,Q2168874,Cuneiform Tablet Rm 0682,P853,Q512164,Hellenistic Period,Q512163,Achaemenid Period,Replace live period claim with verified FactGrid QID for expected CDLI period label.,Q2168874$A353C294-55DB-499E-88A7-5F8595F7389F,Q2168874$49B96FD2-EB0E-407E-8B86-5224A8EAD22B,written,
ready,602745,Q2162756,Cuneiform Tablet BM 075955,P853,Q512164,Hellenistic Period,Q512163,Achaemenid Period,Replace live period claim with verified FactGrid QID for expected CDLI period label.,Q2162756$1E19D0B4-470E-435C-94D5-9E4979F50C04,Q2162756$8237BED0-BEE6-4D09-8FDD-3FF49318BC86,written,
ready,602769,Q2166590,Cuneiform Tablet BM 017017,P853,Q512164,Hellenistic Period,Q512163,Achaemenid Period,Replace live period claim with verified FactGrid QID for expected CDLI period label.,Q2166590$100A2604-8E65-481F-BBF4-EC885CFC4DAA,Q2166590$0ACE6606-67DE-4B21-9D68-A7091C6117A2,written,
ready,602786,Q2167551,"Cuneiform Tablet RA 90, 43 no. 2",P853,Q512164,Hellenistic Period,Q512163,Achaemenid Period,Replace live period claim with verified FactGrid QID for expected CDLI period label.,Q2167551$723670D4-18CE-4D89-B8D5-D7AE766DF178,Q2167551$D5CDF96E-2253-4896-92CE-5F88C6FC5F50,written,
ready,602987,Q2163702,"Cuneiform Tablet Schaudig, Babil 5, no. 83 (N13: 235)",P853,Q512164,Hellenistic Period,Q512163,Achaemenid Period,Replace live period claim with verified FactGrid QID for expected CDLI period label.,Q2163702$961BB49D-CA66-444F-AFAC-49C5DCBD2BEB,Q2163702$A5DF7B9F-3E40-4FB7-AE2D-289D73B461C4,written,
ready,603011,Q2162266,"Cuneiform Tablet Schaudig, Babil 5, no. 64 (N13: 7)",P853,Q512164,Hellenistic Period,Q512163,Achaemenid Period,Replace live period claim with verified FactGrid QID for expected CDLI period label.,Q2162266$432AD22D-9DD7-4659-928E-0627CC0370EA,Q2162266$147E941D-BF56-4EFD-AEB7-1A6AF8CD681E,written,
ready,603103,Q2165056,Cuneiform Tablet Dar. 297,P853,Q512164,Hellenistic Period,Q512163,Achaemenid Period,Replace live period claim with verified FactGrid QID for expected CDLI period label.,Q2165056$619C70DC-4D8D-4482-89E7-846293355894,Q2165056$ECF301C3-B85D-441A-AD3D-1FF493A21C83,written,
ready,218121,Q2165045,"Cuneiform Artifact RIME 4.01.04.05, ex. add50",P853,Q512152,Old Babylonian Period,Q512150,Early Old Babylonian Period,Replace live period claim with verified FactGrid QID for expected CDLI period label.,Q2165045$4ADB41BE-9B7B-4B97-BC52-75C7E409AAFB,Q2165045$94D2EE8C-DD8F-453B-BF32-BCAC20907C9E,written,
ready,225433,Q2163770,"Cuneiform Artifact RIME 4.01.10.09, ex. 01",P853,Q512161,Neo-Babylonian Period,Q512150,Early Old Babylonian Period,Replace live period claim with verified FactGrid QID for expected CDLI period label.,Q2163770$6189844E-90C1-43B6-85FD-FACECE2A080B,Q2163770$AAD782BD-5CAA-4DB0-B52A-27D854589B8D,written,
ready,225599,Q2163509,"Cuneiform Artifact RIME 4.02.05.02, ex. 08",P853,Q512163,Achaemenid Period,Q512150,Early Old Babylonian Period,Replace live period claim with verified FactGrid QID for expected CDLI period label.,Q2163509$9137A08F-C652-41E5-938B-A2F39E1FA31E,Q2163509$7775C787-A810-458E-A76E-AEB6BFBD8750,written,
ready,225608,Q2162554,"Cuneiform Artifact RIME 4.02.07.01, ex. 47",P853,Q512154,Middle Babylonian Period,Q512150,Early Old Babylonian Period,Replace live period claim with verified FactGrid QID for expected CDLI period label.,Q2162554$294A237A-5572-4B79-BEAE-E3E644ADD778,Q2162554$050140EB-F757-4942-ADFB-703870D4198B,written,
ready,225624,Q2166820,"Cuneiform Artifact RIME 4.02.13.26, ex. 03",P853,Q512148,Ur III Period,Q512150,Early Old Babylonian Period,Replace live period claim with verified FactGrid QID for expected CDLI period label.,Q2166820$B31CFCDC-25DB-4290-9179-1AAC90E7D130,Q2166820$43486C65-1D41-40FC-9ED7-FAB665321AE0,written,
ready,269873,Q2162180,"Cuneiform Artifact RIME 4.02.13.09, ex. 24",P853,Q512153,Middle Hittite Period,Q512150,Early Old Babylonian Period,Replace live period claim with verified FactGrid QID for expected CDLI period label.,Q2162180$06B569F8-1F4D-4DDF-8D2F-9E00206FD7AA,Q2162180$E92AE950-17FE-4916-A5F1-BDBFD6EC2BA4,written,
ready,269936,Q2162393,"Cuneiform Artifact RIME 4.02.12.01, ex. 12",P853,Q512148,Ur III Period,Q512150,Early Old Babylonian Period,Replace live period claim with verified FactGrid QID for expected CDLI period label.,Q2162393$ED178CD1-F5BD-4BF3-A3B3-4E7DC15A21E7,Q2162393$B7EB76D7-EDBE-4995-9040-E2EB95A551AA,written,
ready,274105,Q2168267,"Cuneiform Artifact RIME 4.04.01.03, ex. add359",P853,Q512152,Old Babylonian Period,Q512150,Early Old Babylonian Period,Replace live period claim with verified FactGrid QID for expected CDLI period label.,Q2168267$4B316C4C-15AC-4D48-AFC1-35B3A420E303,Q2168267$7D651F32-09D5-4564-97D6-5359A31006EE,written,
ready,274607,Q2162400,"Cuneiform Artifact RIME 4.04.01.04, ex. 054",P853,Q512164,Hellenistic Period,Q512150,Early Old Babylonian Period,Replace live period claim with verified FactGrid QID for expected CDLI period label.,,,error,RuntimeError: No matching P853 Q512164 claim found on Q2162400
ready,274914,Q2165805,"Cuneiform Artifact RIME 4.04.01.03, ex. add148",P853,Q512153,Middle Hittite Period,Q512150,Early Old Babylonian Period,Replace live period claim with verified FactGrid QID for expected CDLI period label.,Q2165805$1427908A-0F0B-4A40-A015-F8D2C50393F6,Q2165805$A38B228D-0C36-4386-A592-37ED2CDB0119,written,
ready,332997,Q2163713,"Cuneiform Artifact RIME 4.04.01.03, ex. add151",P853,Q512152,Old Babylonian Period,Q512150,Early Old Babylonian Period,Replace live period claim with verified FactGrid QID for expected CDLI period label.,Q2163713$8C98B4AC-1EA1-4F16-A303-CD9D327C0AD3,Q2163713$8FE1E0C4-FB3D-44BD-95EE-626A367D4974,written,
ready,391773,Q2165336,"Cuneiform Artifact RIME 4.04.01.03, ex. add219",P853,Q512146,Lagash II Period,Q512150,Early Old Babylonian Period,Replace live period claim with verified FactGrid QID for expected CDLI period label.,Q2165336$1D6A3660-F502-431D-8723-3EDFFED77AEC,Q2165336$0331B3BA-E4D0-43E0-A288-E84DCB0324F3,written,
ready,392108,Q2167914,"Cuneiform Artifact RIME 4.01.10.06, ex. 01-02",P853,Q512152,Old Babylonian Period,Q512150,Early Old Babylonian Period,Replace live period claim with verified FactGrid QID for expected CDLI period label.,Q2167914$ECEB7E52-78D4-47F1-BD61-A27FA0247991,Q2167914$D0A0080C-13A1-4083-89DE-E5FDFE8E2769,written,
ready,405499,Q2162975,"Cuneiform Artifact RIME 4.04.01.04, ex. add149",P853,Q512134,Uruk III Period,Q512150,Early Old Babylonian Period,Replace live period claim with verified FactGrid QID for expected CDLI period label.,Q2162975$9A9F7D18-4275-4464-A6E4-6C96034F1846,Q2162975$3464D48B-8A6C-4001-ADEB-58DA28EFAED4,written,
ready,416489,Q2164385,"Cuneiform Artifact RIME 4.01.05.04, ex. add129",P853,Q512152,Old Babylonian Period,Q512150,Early Old Babylonian Period,Replace live period claim with verified FactGrid QID for expected CDLI period label.,Q2164385$268B05CD-3B90-4C59-AEFF-2A15E899A40B,Q2164385$CF2F4487-80B6-4743-9486-01C8644A14C1,written,
ready,423753,Q2166629,"Cuneiform Artifact RIME 4.04.01.04, ex. add079",P853,Q512162,Persian Period,Q512150,Early Old Babylonian Period,Replace live period claim with verified FactGrid QID for expected CDLI period label.,Q2166629$C8B50FF4-2A1E-4C95-A765-DEA6B3A07E80,Q2166629$599B7863-4117-4462-8A6E-2B40CBC7270B,written,
ready,429132,Q2165695,"Cuneiform Artifact RIME 4.01.05.03, ex. 043",P853,Q512152,Old Babylonian Period,Q512150,Early Old Babylonian Period,Replace live period claim with verified FactGrid QID for expected CDLI period label.,Q2165695$1A340FE9-84C6-4EB9-8F85-E81CB4FCAAE0,Q2165695$0496DA82-B83D-4010-86A4-E9B8362B12C8,written,
ready,429149,Q2163907,"Cuneiform Artifact RIME 4.01.05.03, ex. 012-013",P853,Q512134,Uruk III Period,Q512150,Early Old Babylonian Period,Replace live period claim with verified FactGrid QID for expected CDLI period label.,Q2163907$B27AB6C9-18A1-495F-A611-43D278232A40,Q2163907$4EE53DAC-70DC-4139-B798-0A54EFB94DE6,written,
ready,431447,Q2166322,"Cuneiform Artifact RIME 4.01.04.07, ex. 11",P853,Q512162,Persian Period,Q512150,Early Old Babylonian Period,Replace live period claim with verified FactGrid QID for expected CDLI period label.,Q2166322$08BBD066-CB19-4A1D-BCC4-9283C7A148CF,Q2166322$517F886E-C737-43F4-86F0-1F723DF1869B,written,
ready,431502,Q2165338,"Cuneiform Artifact RIME 4.01.05.06, ex. 09",P853,Q512135,Proto-Elamite Period,Q512150,Early Old Babylonian Period,Replace live period claim with verified FactGrid QID for expected CDLI period label.,Q2165338$469C78DF-769E-4909-A4AC-FAE29EA6790A,Q2165338$1CA0A25E-92AA-4AE5-A6EE-C84684B5D34F,written,
ready,431555,Q2168216,"Cuneiform Artifact RIME 4.02.09.02, ex. 01",P853,Q512162,Persian Period,Q512150,Early Old Babylonian Period,Replace live period claim with verified FactGrid QID for expected CDLI period label.,Q2168216$74B58E29-5B3E-43D7-B53C-E5536173CD6E,Q2168216$CAC77514-F8D1-4DC7-B893-2DC0C8A4376C,written,
ready,431579,Q2163525,"Cuneiform Artifact RIME 4.01.15.02, ex. 03",P853,Q512142,Early Dynastic IIIb Period,Q512150,Early Old Babylonian Period,Replace live period claim with verified FactGrid QID for expected CDLI period label.,Q2163525$F82750DE-94A4-45AE-B3C0-67D1AA344525,Q2163525$4F1DEFEA-A463-4723-B3E2-0060876B2D9A,written,
ready,431596,Q2163397,"Cuneiform Artifact RIME 4.02.05.03, ex. 03",P853,Q512134,Uruk III Period,Q512150,Early Old Babylonian Period,Replace live period claim with verified FactGrid QID for expected CDLI period label.,Q2163397$E20C5A17-9245-4B03-9152-3B6EF6EC642F,Q2163397$E10641B9-2244-4A51-828E-FA4F62A62393,written,
ready,431607,Q2162177,"Cuneiform Artifact RIME 4.02.07.01, ex. 02",P853,Q512148,Ur III Period,Q512150,Early Old Babylonian Period,Replace live period claim with verified FactGrid QID for expected CDLI period label.,Q2162177$FDBCC4CD-92E0-47AE-8370-38B00459755A,Q2162177$0F50B98F-79BA-4999-A152-1D172284A1BF,written,
ready,431650,Q2164277,"Cuneiform Artifact RIME 4.02.09.06, ex. 08-09",P853,Q512158,Neo-Assyrian Period,Q512150,Early Old Babylonian Period,Replace live period claim with verified FactGrid QID for expected CDLI period label.,Q2164277$FB5791A6-ABEB-483F-9F0B-744C2C2B17C2,Q2164277$4787B245-0253-4190-9A4B-0B29D0300B47,written,
ready,431715,Q2165269,"Cuneiform Artifact RIME 4.02.13.16, ex. 19",P853,Q512152,Old Babylonian Period,Q512150,Early Old Babylonian Period,Replace live period claim with verified FactGrid QID for expected CDLI period label.,Q2165269$941BEB7C-BFDD-4D57-BF86-F0E18A6B158E,Q2165269$E8432DB8-AF23-430D-A189-8B064F55B81D,written,
ready,431742,Q2162395,"Cuneiform Artifact RIME 4.02.13.16, ex. 78",P853,Q512146,Lagash II Period,Q512150,Early Old Babylonian Period,Replace live period claim with verified FactGrid QID for expected CDLI period label.,Q2162395$DF77C6E0-D852-4FBC-99C8-FD6520DE9A20,Q2162395$6B068E8F-9B9E-4F38-AFEB-FEBFCA9C1F1F,written,
ready,432705,Q2163933,"Cuneiform Artifact RIME 4.02.14.17, ex. add13",P853,Q512148,Ur III Period,Q512150,Early Old Babylonian Period,Replace live period claim with verified FactGrid QID for expected CDLI period label.,Q2163933$DDFE957A-CF33-41E5-B756-A909FA2C8F95,Q2163933$F4F52B77-DE62-43EE-B259-D4CDE7D04E1B,written,
ready,448026,Q2167663,"Cuneiform Artifact RIME 4.04.01.01, ex. 09",P853,Q512152,Old Babylonian Period,Q512150,Early Old Babylonian Period,Replace live period claim with verified FactGrid QID for expected CDLI period label.,Q2167663$36860088-3DF1-4321-BE3A-853F60185156,Q2167663$8CD446ED-F892-428D-9410-47E69FD3EDE5,written,
ready,448134,Q2166039,"Cuneiform Artifact RIME 4.04.01.14, ex. 31-32",P853,Q512132,Uruk IV Period,Q512150,Early Old Babylonian Period,Replace live period claim with verified FactGrid QID for expected CDLI period label.,Q2166039$4DD5EC94-BC19-4758-900D-0F93FC77716D,Q2166039$A3AB47FF-89D5-4925-8087-C8528F25FEEE,written,
ready,469956,Q2167263,"Cuneiform Artifact RIME 4.04.01.02, ex. add166",P853,Q512152,Old Babylonian Period,Q512150,Early Old Babylonian Period,Replace live period claim with verified FactGrid QID for expected CDLI period label.,Q2167263$37B16630-FDF2-4777-88E1-4B066EA9BE52,Q2167263$438FE434-A53F-44EE-AC61-A6EA053E22FC,written,
ready,514410,Q2163027,Cuneiform Artifact CDLI Seals 013829 (composite),P853,Q512148,Ur III Period,Q512150,Early Old Babylonian Period,Replace live period claim with verified FactGrid QID for expected CDLI period label.,Q2163027$16FCBD48-8D1A-4516-ABAD-CAE88033343B,Q2163027$4123E819-34BF-452D-80F8-003195ED92CD,written,
ready,519520,Q2166532,"Cuneiform Artifact RIME 4.01.10.01, ex. add11",P853,Q512161,Neo-Babylonian Period,Q512150,Early Old Babylonian Period,Replace live period claim with verified FactGrid QID for expected CDLI period label.,Q2166532$747FDD2E-590C-4E37-A057-E56D9599DA7D,Q2166532$91A5DC57-4E24-4D50-BAA9-99EF9157F46F,written,
ready,231866,Q2163055,"Cuneiform Artifact RIME 3/1.01.06.04, ex. 049",P853,Q512153,Middle Hittite Period,Q512146,Lagash II Period,Replace live period claim with verified FactGrid QID for expected CDLI period label.,Q2163055$884536F5-F339-4CE2-A3BE-A8839F449801,Q2163055$1A6F84D7-4E7C-4A01-BC10-E155D8F6FA98,written,
ready,231889,Q2163831,"Cuneiform Artifact RIME 3/1.01.06.04, ex. 072",P853,Q512152,Old Babylonian Period,Q512146,Lagash II Period,Replace live period claim with verified FactGrid QID for expected CDLI period label.,Q2163831$A4FDD753-A06F-4432-8BF8-3BDCFA9D632C,Q2163831$BB483085-0C87-4FDA-AA51-97EF12EC0B9F,written,
ready,231923,Q2163996,"Cuneiform Artifact RIME 3/1.01.06.04, ex. 106",P853,Q512154,Middle Babylonian Period,Q512146,Lagash II Period,Replace live period claim with verified FactGrid QID for expected CDLI period label.,Q2163996$AF569DEA-A7AC-481E-BCB9-2CCE3DDA1A0E,Q2163996$54BE5122-E31F-4FFB-ABB1-994451EEBC59,written,
ready,231958,Q2165852,"Cuneiform Artifact RIME 3/1.01.06.04, ex. 141",P853,Q512161,Neo-Babylonian Period,Q512146,Lagash II Period,Replace live period claim with verified FactGrid QID for expected CDLI period label.,Q2165852$DE2D0103-A0BB-4CB0-9427-A52A60BBEFF3,Q2165852$762AB16F-A48F-4FC3-BF0B-8B7A647B714C,written,
ready,232067,Q2162726,"Cuneiform Artifact RIME 3/1.01.06.04, ex. 250",P853,Q512152,Old Babylonian Period,Q512146,Lagash II Period,Replace live period claim with verified FactGrid QID for expected CDLI period label.,Q2162726$9C2A736D-DDDA-4648-9FA5-FA8F2C9B559B,Q2162726$AFE18BF6-858A-4D30-8E48-718B5DBC44D8,written,
ready,232175,Q2164625,"Cuneiform Artifact RIME 3/1.01.06.04, ex. 358",P853,Q512153,Middle Hittite Period,Q512146,Lagash II Period,Replace live period claim with verified FactGrid QID for expected CDLI period label.,Q2164625$3D8D94FE-416D-4D2B-8BE9-AB7964E4000B,Q2164625$3E4590B1-87BA-4CD5-A476-A7E492C5B26E,written,
ready,232227,Q2165714,"Cuneiform Artifact RIME 3/1.01.06.04, ex. 410",P853,Q512134,Uruk III Period,Q512146,Lagash II Period,Replace live period claim with verified FactGrid QID for expected CDLI period label.,Q2165714$496F42DB-AB05-4504-884F-DA2BC9E14AF4,Q2165714$A038F45E-0AF9-4B74-8AD5-7EB1009975CD,written,
ready,232319,Q2162912,"Cuneiform Artifact RIME 3/1.01.07.003, ex. 06",P853,Q512152,Old Babylonian Period,Q512146,Lagash II Period,Replace live period claim with verified FactGrid QID for expected CDLI period label.,Q2162912$9DF5CDBA-74E9-4476-B4F5-48E622011AAC,Q2162912$8511285C-2DEA-4C7F-A380-018668B9787C,written,
ready,232460,Q2164701,"Cuneiform Artifact RIME 3/1.01.07.016, ex. 35",P853,Q512152,Old Babylonian Period,Q512146,Lagash II Period,Replace live period claim with verified FactGrid QID for expected CDLI period label.,Q2164701$BE57756F-9F63-46C7-98E0-17255E5D86CF,Q2164701$03A7D96B-A4B4-4078-AEC4-8DFFE8201BC0,written,
ready,232525,Q2164503,"Cuneiform Artifact RIME 3/1.01.07.024, ex. 31",P853,Q512154,Middle Babylonian Period,Q512146,Lagash II Period,Replace live period claim with verified FactGrid QID for expected CDLI period label.,Q2164503$D62006B2-A288-4671-96D9-B0313A1F571D,Q2164503$2AD0B01F-88EC-4E1A-A554-E4B55C92D22D,written,
ready,232620,Q2167686,"Cuneiform Artifact RIME 3/1.01.07.031, ex. 036",P853,Q512148,Ur III Period,Q512146,Lagash II Period,Replace live period claim with verified FactGrid QID for expected CDLI period label.,Q2167686$0971EF2C-686C-41FD-ACCA-005FD9709300,Q2167686$829F6936-D3C4-4F6E-A171-130FE989CF26,written,
ready,232677,Q2165872,"Cuneiform Artifact RIME 3/1.01.07.031, ex. 093",P853,Q512148,Ur III Period,Q512146,Lagash II Period,Replace live period claim with verified FactGrid QID for expected CDLI period label.,Q2165872$310B2E22-3B93-4A03-9DEF-E1CD1C9CF9C0,Q2165872$919C105A-CF77-4017-BF4B-70CE2F68CE6F,written,
ready,232698,Q2165971,"Cuneiform Artifact RIME 3/1.01.07.031, ex. 114",P853,Q512148,Ur III Period,Q512146,Lagash II Period,Replace live period claim with verified FactGrid QID for expected CDLI period label.,Q2165971$83506883-CCD9-4BD2-ABCD-746E7C42C405,Q2165971$EE73E672-8918-4FC9-8E0A-7521ACE7E783,written,
ready,232732,Q2166093,"Cuneiform Artifact RIME 3/1.01.07.031, ex. 148",P853,Q512164,Hellenistic Period,Q512146,Lagash II Period,Replace live period claim with verified FactGrid QID for expected CDLI period label.,Q2166093$321E33A3-A422-43CB-859E-9E1AC22064C4,Q2166093$4E5E48F9-C8A6-4F9A-9B30-4BB7CD3E4EF9,written,
ready,232749,Q2163075,"Cuneiform Artifact RIME 3/1.01.07.035, ex. 04",P853,Q512158,Neo-Assyrian Period,Q512146,Lagash II Period,Replace live period claim with verified FactGrid QID for expected CDLI period label.,Q2163075$2550424D-38A1-4202-A6D8-1053911DA282,Q2163075$18D84BD9-8D89-4E3E-985C-661143410D76,written,
ready,232821,Q2162099,"Cuneiform Artifact RIME 3/1.01.07.037, ex. 0070",P853,Q512155,Middle Assyrian Period,Q512146,Lagash II Period,Replace live period claim with verified FactGrid QID for expected CDLI period label.,Q2162099$BEE07DD5-C6B6-40FC-9E77-2B20D926A0ED,Q2162099$D468EB7E-B3A8-4164-AD43-2642F3B4E866,written,
ready,232964,Q2162466,"Cuneiform Artifact RIME 3/1.01.07.037, ex. 0213",P853,Q512148,Ur III Period,Q512146,Lagash II Period,Replace live period claim with verified FactGrid QID for expected CDLI period label.,Q2162466$E4693AB1-522E-4642-AB51-9E92174BAAFB,Q2162466$57F58AB5-6790-49FB-AAD2-BB8631777192,written,
ready,233066,Q2165599,"Cuneiform Artifact RIME 3/1.01.07.037, ex. 0315",P853,Q512164,Hellenistic Period,Q512146,Lagash II Period,Replace live period claim with verified FactGrid QID for expected CDLI period label.,,,error,RuntimeError: No matching P853 Q512164 claim found on Q2165599
ready,233089,Q2166263,"Cuneiform Artifact RIME 3/1.01.07.037, ex. 0338",P853,Q512150,Early Old Babylonian Period,Q512146,Lagash II Period,Replace live period claim with verified FactGrid QID for expected CDLI period label.,Q2166263$F0A99FB2-7BEC-440E-909A-C4771B156F34,Q2166263$7A87196D-5835-4ABC-B074-5FB9B79D423A,written,
ready,233123,Q2166392,"Cuneiform Artifact RIME 3/1.01.07.037, ex. 0372",P853,Q512158,Neo-Assyrian Period,Q512146,Lagash II Period,Replace live period claim with verified FactGrid QID for expected CDLI period label.,Q2166392$CE2D1811-7E30-4CB1-8F7F-B670433B364C,Q2166392$34FFBBE9-9F08-432B-BEA3-FDAFB1788316,written,
ready,233158,Q2163379,"Cuneiform Artifact RIME 3/1.01.07.037, ex. 0407",P853,Q512152,Old Babylonian Period,Q512146,Lagash II Period,Replace live period claim with verified FactGrid QID for expected CDLI period label.,Q2163379$25EE485F-02AC-4ED6-83B6-BA7FF1FC16C1,Q2163379$F6ECC50C-072D-474D-B832-208ED7A2482C,written,
ready,233174,Q2168357,"Cuneiform Artifact RIME 3/1.01.07.037, ex. 0423",P853,Q512153,Middle Hittite Period,Q512146,Lagash II Period,Replace live period claim with verified FactGrid QID for expected CDLI period label.,Q2168357$BFF7464E-02C3-4B43-B9A8-7A9D1F215362,Q2168357$83A21F06-79B1-4D70-8CB9-1551F27F8035,written,
ready,233226,Q2162585,"Cuneiform Artifact RIME 3/1.01.07.037, ex. 0475",P853,Q512161,Neo-Babylonian Period,Q512146,Lagash II Period,Replace live period claim with verified FactGrid QID for expected CDLI period label.,Q2162585$F9928C74-170C-4FBE-846F-DB4D2206D1D5,Q2162585$B6BB14B9-13C2-40F3-A484-453A1E99515F,written,
ready,233271,Q2165048,"Cuneiform Artifact RIME 3/1.01.07.037, ex. 0520",P853,Q512152,Old Babylonian Period,Q512146,Lagash II Period,Replace live period claim with verified FactGrid QID for expected CDLI period label.,Q2165048$84A80179-F9A4-4B1F-B3FC-3F1AE5A94961,Q2165048$4DBE0A25-B749-41B2-A136-EC6030AAF701,written,
ready,233363,Q2162252,"Cuneiform Artifact RIME 3/1.01.07.037, ex. 0612",P853,Q512154,Middle Babylonian Period,Q512146,Lagash II Period,Replace live period claim with verified FactGrid QID for expected CDLI period label.,Q2162252$001656A7-A285-474E-95F5-55413100CC87,Q2162252$8C800B76-E01E-450C-941E-C4A8F8E796E9,written,
ready,233461,Q2168119,"Cuneiform Artifact RIME 3/1.01.07.037, ex. 0710",P853,Q512152,Old Babylonian Period,Q512146,Lagash II Period,Replace live period claim with verified FactGrid QID for expected CDLI period label.,Q2168119$719E7F7A-BBA8-48C1-86D3-86BF870A892A,Q2168119$F5CE7F99-A815-4784-81E9-4614D3B191EE,written,
ready,233508,Q2163220,"Cuneiform Artifact RIME 3/1.01.07.037, ex. 0757",P853,Q512148,Ur III Period,Q512146,Lagash II Period,Replace live period claim with verified FactGrid QID for expected CDLI period label.,Q2163220$C0E80C91-F554-4683-B494-EC5AFBE235C4,Q2163220$BC596C65-DBDC-4CBD-99B1-BF60FD6B96F3,written,
ready,233524,Q2168493,"Cuneiform Artifact RIME 3/1.01.07.037, ex. 0773",P853,Q512143,Ebla Period,Q512146,Lagash II Period,Replace live period claim with verified FactGrid QID for expected CDLI period label.,Q2168493$DFD998FA-3F67-4C28-9D34-B798DC7E3F53,Q2168493$3A069297-2A66-4981-A360-5A10BD054418,written,
ready,233573,Q2166218,"Cuneiform Artifact RIME 3/1.01.07.037, ex. 0822",P853,Q512162,Persian Period,Q512146,Lagash II Period,Replace live period claim with verified FactGrid QID for expected CDLI period label.,Q2166218$AD5EC2B4-5156-442C-8DC3-164A83C4B923,Q2166218$3F30F6CF-D53D-4FCE-BC12-276030743690,written,
ready,233676,Q2162447,"Cuneiform Artifact RIME 3/1.01.07.037, ex. 0925",P853,Q512148,Ur III Period,Q512146,Lagash II Period,Replace live period claim with verified FactGrid QID for expected CDLI period label.,Q2162447$CA30DCC1-0927-4B94-A1B2-4C6872795785,Q2162447$ABE6EF53-F4F2-40EF-AD34-DC091D25D6A4,written,
ready,233699,Q2162270,"Cuneiform Artifact RIME 3/1.01.07.037, ex. 0948",P853,Q512158,Neo-Assyrian Period,Q512146,Lagash II Period,Replace live period claim with verified FactGrid QID for expected CDLI period label.,Q2162270$E8CBAB8B-7C0F-4337-8E29-AAA9C45BA692,Q2162270$4D2AE79E-87DE-47C3-9AC5-858D523610B3,written,
ready,233733,Q2162083,"Cuneiform Artifact RIME 3/1.01.07.037, ex. 0982",P853,Q512152,Old Babylonian Period,Q512146,Lagash II Period,Replace live period claim with verified FactGrid QID for expected CDLI period label.,Q2162083$D874D9C8-ED52-4F68-9F4B-4EFB6E693224,Q2162083$4978DBD6-9627-44EF-B7D8-D0EE3C67FB5E,written,
ready,233764,Q2164332,"Cuneiform Artifact RIME 3/1.01.07.037, ex. 1013",P853,Q512154,Middle Babylonian Period,Q512146,Lagash II Period,Replace live period claim with verified FactGrid QID for expected CDLI period label.,Q2164332$C92FF481-2DA6-4832-9337-044F949F1453,Q2164332$D0FCCE1C-AE2B-43C8-A157-59D7DA15A7D7,written,
ready,233820,Q2166064,"Cuneiform Artifact RIME 3/1.01.07.037, ex. 1069",P853,Q512148,Ur III Period,Q512146,Lagash II Period,Replace live period claim with verified FactGrid QID for expected CDLI period label.,Q2166064$AABA0843-1DF3-47CA-BF8E-06070DF0F27C,Q2166064$B9A429B1-F76B-410C-B842-4B860B74C8B5,written,
ready,233898,Q2167849,"Cuneiform Artifact RIME 3/1.01.07.037, ex. 1147",P853,Q512135,Proto-Elamite Period,Q512146,Lagash II Period,Replace live period claim with verified FactGrid QID for expected CDLI period label.,Q2167849$D581318B-58A9-4EDE-A9AB-3877100B6DB0,Q2167849$5C7AF168-F12A-418B-9A97-558AD5212131,written,
ready,234035,Q2166882,"Cuneiform Artifact RIME 3/1.01.07.041, ex. 109",P853,Q512150,Early Old Babylonian Period,Q512146,Lagash II Period,Replace live period claim with verified FactGrid QID for expected CDLI period label.,Q2166882$340F7435-6C28-4D5A-9B18-AA3E5228D92D,Q2166882$D927CE5C-4753-4623-A2A2-54CACDC8C588,written,
ready,234170,Q2167081,"Cuneiform Artifact RIME 3/1.01.07.041, ex. 244",P853,Q512158,Neo-Assyrian Period,Q512146,Lagash II Period,Replace live period claim with verified FactGrid QID for expected CDLI period label.,Q2167081$7759275F-60F8-4DDF-9D32-2DCAADF5449E,Q2167081$FA050AB7-60C1-467C-A9C4-2F4C065E2C41,written,
ready,234367,Q2163450,"Cuneiform Artifact RIME 3/1.01.07.048, ex. 052",P853,Q512148,Ur III Period,Q512146,Lagash II Period,Replace live period claim with verified FactGrid QID for expected CDLI period label.,Q2163450$4D72E504-D71D-4FF5-A89B-463FCA6B119A,Q2163450$A3FBBE67-92A3-4B13-8C0A-303D26D10165,written,
ready,234388,Q2163583,"Cuneiform Artifact RIME 3/1.01.07.049, ex. 06",P853,Q512148,Ur III Period,Q512146,Lagash II Period,Replace live period claim with verified FactGrid QID for expected CDLI period label.,Q2163583$C6C1B7F2-8FCF-4DD3-A9F5-3BCD29E584D3,Q2163583$1A44F883-505A-4EB1-B3D1-35885721A0BD,written,
ready,234449,Q2162361,"Cuneiform Artifact RIME 3/1.01.07.063, ex. add105",P853,Q512158,Neo-Assyrian Period,Q512146,Lagash II Period,Replace live period claim with verified FactGrid QID for expected CDLI period label.,Q2162361$A74A70EE-F268-4E6F-86B0-381B1B3B8C80,Q2162361$3F708E57-6590-4E6E-B1AC-EE5625A215B4,written,
ready,234520,Q2167237,"Cuneiform Artifact RIME 3/1.01.07.063, ex. 050",P853,Q512164,Hellenistic Period,Q512146,Lagash II Period,Replace live period claim with verified FactGrid QID for expected CDLI period label.,Q2167237$17F3215B-7E15-4FCE-9057-AB9327F0427A,Q2167237$D1724FB8-6D68-4D8E-BC94-3A26BB403E50,written,
ready,234609,Q2165295,"Cuneiform Artifact RIME 3/1.01.07.076, ex. 01",P853,Q512148,Ur III Period,Q512146,Lagash II Period,Replace live period claim with verified FactGrid QID for expected CDLI period label.,Q2165295$799E8A6B-59CE-460D-B97D-5B80A8DF0896,Q2165295$84F43A98-5D90-4D21-9F3D-1074897D6D1E,written,
ready,272784,Q2164963,"Cuneiform Artifact RIME 3/1.01.07.037, ex. add1183",P853,Q512152,Old Babylonian Period,Q512146,Lagash II Period,Replace live period claim with verified FactGrid QID for expected CDLI period label.,Q2164963$0D5AE326-6F3D-4378-9630-AEF2624C3251,Q2164963$AE974270-1BD5-4559-94F5-0F79812AAE61,written,
ready,275190,Q2166524,"Cuneiform Artifact RIME 3/1.01.07.037, ex. add1194",P853,Q512144,Old Akkadian Period,Q512146,Lagash II Period,Replace live period claim with verified FactGrid QID for expected CDLI period label.,Q2166524$B1A78519-1FB4-41E2-AEE0-FB8A32AA5269,Q2166524$00F70FF9-BFB8-4B0E-A2E9-19726DE2CDBB,written,
ready,293705,Q2167305,"Cuneiform Artifact RIME 3/1.01.12.03, ex. add27",P853,Q512148,Ur III Period,Q512146,Lagash II Period,Replace live period claim with verified FactGrid QID for expected CDLI period label.,Q2167305$7D35DE01-610F-4CF9-8E45-228032D670DA,Q2167305$7942C537-F02A-464A-AE93-AFE3009CE7F7,written,
ready,391533,Q2162392,"Cuneiform Artifact RIME 3/1.01.07.016, ex. add44",P853,Q512152,Old Babylonian Period,Q512146,Lagash II Period,Replace live period claim with verified FactGrid QID for expected CDLI period label.,Q2162392$EDD94D0C-3501-4F45-B029-4E496268CF8B,Q2162392$6A6CC25E-FA73-40F3-BF40-491EEF18C25C,written,
ready,404772,Q2163283,"Cuneiform Artifact RIME 3/1.01.07.037, ex. add1362",P853,Q512158,Neo-Assyrian Period,Q512146,Lagash II Period,Replace live period claim with verified FactGrid QID for expected CDLI period label.,Q2163283$B28112D6-B77B-46ED-B328-04F3214DC157,Q2163283$F847C085-86D6-40A8-930F-E5E990FCEC6F,written,
ready,429325,Q2164873,"Cuneiform Artifact RIME 3/1.01.07.037, ex. add1268",P853,Q512153,Middle Hittite Period,Q512146,Lagash II Period,Replace live period claim with verified FactGrid QID for expected CDLI period label.,Q2164873$358B2C94-2448-4125-9F48-E6EE2C799DD4,Q2164873$C62C78B6-B0E4-49D7-984E-74AB4B441F5A,written,
ready,429775,Q2164670,"Cuneiform Artifact RIME 3/1.01.07.037, ex. add1290",P853,Q512148,Ur III Period,Q512146,Lagash II Period,Replace live period claim with verified FactGrid QID for expected CDLI period label.,Q2164670$427BE0A3-D3FC-43BF-AA9F-222D935D53CB,Q2164670$D8B178EB-2C20-40E0-8E0E-E5195AA28727,written,
ready,453144,Q2167353,"Cuneiform Artifact RIME 3/1.01.07.037, ex. add1343",P853,Q512154,Middle Babylonian Period,Q512146,Lagash II Period,Replace live period claim with verified FactGrid QID for expected CDLI period label.,Q2167353$0BC49453-51E2-4867-86E9-015018CD7684,Q2167353$656AB7BD-3FA7-49CA-A612-3DC197899777,written,
ready,458533,Q2168389,Cuneiform Artifact CDLI Seals 005823 (composite),P853,Q512152,Old Babylonian Period,Q512146,Lagash II Period,Replace live period claim with verified FactGrid QID for expected CDLI period label.,Q2168389$E41F47F3-F329-4638-81EA-F3ED9B8A51D8,Q2168389$0B8ECB35-3597-4425-8369-266E99BA8257,written,
ready,460960,Q2162972,"Cuneiform Artifact RIME 3/1.01.07.037, ex. add1411",P853,Q512162,Persian Period,Q512146,Lagash II Period,Replace live period claim with verified FactGrid QID for expected CDLI period label.,Q2162972$20980E42-3399-42F6-B08E-DE63997E167A,Q2162972$17E1CBF2-5A1F-4CE6-B5AE-C7BA0CFAD028,written,
ready,464923,Q2163436,"Cuneiform Artifact RIME 3/1.01.12.03, ex. add25",P853,Q512148,Ur III Period,Q512146,Lagash II Period,Replace live period claim with verified FactGrid QID for expected CDLI period label.,Q2163436$A19FD5F5-135B-4AE7-83DE-31FB6061D33F,Q2163436$415C8BC8-97E8-4684-8A54-A6B0C1E11628,written,
ready,469868,Q2165179,"Cuneiform Artifact RIME 3/1.01.07.037, ex. add1439",P853,Q512154,Middle Babylonian Period,Q512146,Lagash II Period,Replace live period claim with verified FactGrid QID for expected CDLI period label.,Q2165179$EA5E1AB2-94C3-4F24-BC72-B2B2E42AAB32,Q2165179$3016C19C-B31E-48EA-9546-BF3183789C2B,written,
ready,474519,Q2168125,Cuneiform Artifact CDLI Seals 007742 (physical),P853,Q512162,Persian Period,Q512146,Lagash II Period,Replace live period claim with verified FactGrid QID for expected CDLI period label.,Q2168125$C3EDA6E9-1334-4FCA-B038-4ACACDF9FBF3,Q2168125$D17C4C15-9C43-4E26-8F13-FFCFEF7F509B,written,
ready,480149,Q2162401,"Cuneiform Artifact RIME 3/1.01.07.041, ex. add402",P853,Q512154,Middle Babylonian Period,Q512146,Lagash II Period,Replace live period claim with verified FactGrid QID for expected CDLI period label.,Q2162401$36FAA9AE-6587-4463-8DF9-8FA083159979,Q2162401$200E861D-89F4-420E-BB1C-2513A5617593,written,
ready,480688,Q2163507,"Cuneiform Artifact RIME 3/1.01.07.041, ex. add404",P853,Q512150,Early Old Babylonian Period,Q512146,Lagash II Period,Replace live period claim with verified FactGrid QID for expected CDLI period label.,Q2163507$7FF43C0A-FFA1-45D2-9BBE-AE8A62ED5792,Q2163507$31F8C421-6071-45FA-B985-2ACF0F6277F3,written,
ready,373561,Q2163502,"Cuneiform Artifact RIMA 2.0.087.028, ex. 04",P853,Q512158,Neo-Assyrian Period,Q512155,Middle Assyrian Period,Replace live period claim with verified FactGrid QID for expected CDLI period label.,Q2163502$89558E3B-081E-4B55-8BF4-E912206CA27C,Q2163502$90CE01AC-969F-4D2B-AD59-F2326BFEB0AA,written,
ready,465518,Q2165106,"Cuneiform Artifact RIMA 1.0.073.x1002, ex. 01",P853,Q512158,Neo-Assyrian Period,Q512155,Middle Assyrian Period,Replace live period claim with verified FactGrid QID for expected CDLI period label.,Q2165106$63581612-CC38-4D11-943F-5E5CCB4844BF,Q2165106$A16E41CD-9144-4BE1-9D5E-9C736E8551A0,written,
ready,466066,Q2166139,"Cuneiform Artifact RIMA 1.0.076.033, ex. 04",P853,Q512158,Neo-Assyrian Period,Q512155,Middle Assyrian Period,Replace live period claim with verified FactGrid QID for expected CDLI period label.,Q2166139$5647BB84-2051-4947-AAFF-44376D3E88ED,Q2166139$C645D6D0-8B4F-4FC7-B513-741CD0083282,written,
ready,466089,Q2165678,"Cuneiform Artifact RIMA 1.0.076.037, ex. 01",P853,Q512148,Ur III Period,Q512155,Middle Assyrian Period,Replace live period claim with verified FactGrid QID for expected CDLI period label.,Q2165678$4A52DEBA-D07B-42F5-A8A8-B8FD58370F28,Q2165678$17D40C16-D27F-4EC1-9FC8-FF21F5401DA9,written,
ready,466123,Q2165791,"Cuneiform Artifact RIMA 1.0.076.040, ex. 16 = RIMA 1.0.076.046, ex. 12",P853,Q512158,Neo-Assyrian Period,Q512155,Middle Assyrian Period,Replace live period claim with verified FactGrid QID for expected CDLI period label.,Q2165791$5646CA8B-FCA4-45C8-A096-E16391F3646A,Q2165791$701531A4-0A69-48AB-A6BC-7A1E713AE477,written,
ready,466174,Q2167737,"Cuneiform Artifact RIMA 1.0.076.045, ex. 01",P853,Q512152,Old Babylonian Period,Q512155,Middle Assyrian Period,Replace live period claim with verified FactGrid QID for expected CDLI period label.,Q2167737$E604DC62-C8FC-499F-97FE-E493812F96B0,Q2167737$73852F9F-39C3-4962-BA6D-80741EF0DC03,written,
ready,466508,Q2163801,"Cuneiform Artifact RIMA 1.0.078.038, ex. 39",P853,Q512161,Neo-Babylonian Period,Q512155,Middle Assyrian Period,Replace live period claim with verified FactGrid QID for expected CDLI period label.,Q2163801$33B4A18E-52A5-46F4-8E5D-738846A051A8,Q2163801$05E40423-4127-40FD-87C8-7D2840BDC217,written,
ready,466524,Q2167911,"Cuneiform Artifact RIMA 1.0.078.042, ex. 01",P853,Q512154,Middle Babylonian Period,Q512155,Middle Assyrian Period,Replace live period claim with verified FactGrid QID for expected CDLI period label.,Q2167911$35CB95D5-BC6F-4680-A2ED-193CC9B9C9D3,Q2167911$7E420B7D-5B0C-4A3B-A3AE-D16C182CC145,written,
ready,467319,Q2163522,"Cuneiform Artifact RIMA 2.0.087.001, ex. 09",P853,Q512148,Ur III Period,Q512155,Middle Assyrian Period,Replace live period claim with verified FactGrid QID for expected CDLI period label.,Q2163522$3485F593-DB82-497A-8FC4-AB1C5F92D96E,Q2163522$1B93216C-2B18-43CC-9AD2-E6759772105F,written,
ready,467335,Q2168215,"Cuneiform Artifact RIMA 2.0.087.001, ex. 30",P853,Q512153,Middle Hittite Period,Q512155,Middle Assyrian Period,Replace live period claim with verified FactGrid QID for expected CDLI period label.,Q2168215$A9448AFA-0DB9-4B23-B54F-7C268A4AE0C1,Q2168215$33C92311-CC64-4ACE-BCE2-CC300293D92F,written,
ready,467525,Q2165098,"Cuneiform Artifact RIMA 2.0.091.002, ex. 01",P853,Q512134,Uruk III Period,Q512155,Middle Assyrian Period,Replace live period claim with verified FactGrid QID for expected CDLI period label.,Q2165098$5AFE5B74-C3DA-4B0E-B0EE-0AEC4F8FA635,Q2165098$4C772371-BD64-4EBC-8DD1-38F3E30F408E,written,
ready,258640,Q2169578,"Cuneiform Tablet PBS 01/2, 021",P853,Q512152,Old Babylonian Period,Q512154,Middle Babylonian Period,Replace live period claim with verified FactGrid QID for expected CDLI period label.,Q2169578$412DA714-FD24-4D25-A4C7-21C8D1AA3D67,Q2169578$41BBA1D5-A007-4688-ABDD-B769C4BF932D,written,
ready,262194,Q2168001,Cuneiform Tablet CBS 07160,P853,Q512152,Old Babylonian Period,Q512154,Middle Babylonian Period,Replace live period claim with verified FactGrid QID for expected CDLI period label.,Q2168001$3B9EE65A-67CD-4953-842D-CE85FC755AAA,Q2168001$169828B5-A40A-445B-B7C7-573CB29CE9E1,written,
ready,386720,Q2166735,"Cuneiform Tablet TCL 09, 046",P853,Q512158,Neo-Assyrian Period,Q512154,Middle Babylonian Period,Replace live period claim with verified FactGrid QID for expected CDLI period label.,Q2166735$1A4BD1BE-7885-4431-9B1E-C47394A999DD,Q2166735$8B7B8838-862B-43D4-9934-9536ACA6DCEF,written,
ready,468795,Q2164096,"Cuneiform Artifact RIMB 2.06.21.02, ex. 006",P853,Q512137,Early Dynastic I Period,Q512154,Middle Babylonian Period,Replace live period claim with verified FactGrid QID for expected CDLI period label.,Q2164096$97DF9A1E-5B12-49EE-97F1-A8D7990AAB98,Q2164096$A10A114F-FB24-4E1C-A497-840FB59C871C,written,
ready,435054,Q1371953,"Cuneiform Tablet KBo 09, 031",P853,Q512151,Old Assyrian Period,Q512153,Middle Hittite Period,Replace live period claim with verified FactGrid QID for expected CDLI period label.,Q1371953$F3B7EEB5-20DD-4CDC-9967-16DA184F3F59,Q1371953$FA6B2DFF-C49A-49F7-93AE-494C342A6A4D,written,
ready,270111,Q2165893,"Cuneiform Artifact RINAP 5/3, Ashurbanipal x2018, ex. 003-004",P853,Q512164,Hellenistic Period,Q512158,Neo-Assyrian Period,Replace live period claim with verified FactGrid QID for expected CDLI period label.,,,error,RuntimeError: No matching P853 Q512164 claim found on Q2165893
ready,293355,Q2167177,"Cuneiform Artifact RINAP 5/3, Ashurbanipal 259, ex. 021",P853,Q512148,Ur III Period,Q512158,Neo-Assyrian Period,Replace live period claim with verified FactGrid QID for expected CDLI period label.,Q2167177$E9F21FE8-7A0E-44EB-AA44-3C84AB02E85A,Q2167177$3436DB29-31AD-4191-B9C1-0570D64178F3,written,
ready,308146,Q1362604,Cuneiform Tablet YBC 07162,P853,Q512161,Neo-Babylonian Period,Q512158,Neo-Assyrian Period,Replace live period claim with verified FactGrid QID for expected CDLI period label.,Q1362604$6F1FC7D5-0BE7-43C1-8EA6-40B85B54D238,Q1362604$18B1188D-5DB4-42C5-885F-D9935A07A831,written,
ready,311577,Q2164550,Cuneiform Tablet YBC 11404,P853,Q512161,Neo-Babylonian Period,Q512158,Neo-Assyrian Period,Replace live period claim with verified FactGrid QID for expected CDLI period label.,Q2164550$F9EEA190-9E5F-4608-A65B-2460FFA9E878,Q2164550$C52D540A-5D3C-44CB-A8BE-9A404086EC36,written,
ready,345516,Q2163141,"Cuneiform Artifact RINAP 4 Esarhaddon 106, ex. 005",P853,Q512143,Ebla Period,Q512158,Neo-Assyrian Period,Replace live period claim with verified FactGrid QID for expected CDLI period label.,Q2163141$665D3BE4-FE1F-42F3-907C-41CEECBB852B,Q2163141$35BCB22D-DC73-48D6-BA44-A1C1E583D51B,written,
ready,371527,Q2165332,"Cuneiform Tablet VS 04, 003",P853,Q512161,Neo-Babylonian Period,Q512158,Neo-Assyrian Period,Replace live period claim with verified FactGrid QID for expected CDLI period label.,Q2165332$9EF0DF36-F623-4284-A155-C8117CE46346,Q2165332$3ED539A7-D512-45C3-B40F-9FCDF02A6526,written,
ready,371531,Q2170450,"Cuneiform Tablet VS 04, 007",P853,Q512161,Neo-Babylonian Period,Q512158,Neo-Assyrian Period,Replace live period claim with verified FactGrid QID for expected CDLI period label.,Q2170450$170E0FA2-B92C-4166-88BD-8D171824E805,Q2170450$75F8D0EF-3A68-4398-ACBD-4A0F368D2B93,written,
ready,387074,Q2167231,"Cuneiform Tablet TCL 12, 009",P853,Q512161,Neo-Babylonian Period,Q512158,Neo-Assyrian Period,Replace live period claim with verified FactGrid QID for expected CDLI period label.,Q2167231$FC9B16B6-DB8B-455C-8C94-A44B8D1C01FA,Q2167231$D014389E-83A3-403B-9355-C9E9BAEA4EA5,written,
ready,392276,Q2167493,"Cuneiform Artifact RINAP 5/1 Ashurbanipal 009, ex. 175",P853,Q512152,Old Babylonian Period,Q512158,Neo-Assyrian Period,Replace live period claim with verified FactGrid QID for expected CDLI period label.,Q2167493$7B43554A-8B23-4D6C-B2CE-F2850E935D99,Q2167493$AD8E2ECF-CE2C-40B7-9A65-014A9B1C9DA4,written,
ready,392299,Q2166545,"Cuneiform Artifact RINAP 5/1 Ashurbanipal 009, ex. 047",P853,Q512152,Old Babylonian Period,Q512158,Neo-Assyrian Period,Replace live period claim with verified FactGrid QID for expected CDLI period label.,Q2166545$031FA6D5-28FE-49BA-8001-CE4476E03373,Q2166545$25B6510F-7469-404A-B265-E9BA3362F775,written,
ready,416827,Q2162242,Cuneiform Tablet CUA 010,P853,Q512161,Neo-Babylonian Period,Q512158,Neo-Assyrian Period,Replace live period claim with verified FactGrid QID for expected CDLI period label.,Q2162242$3D2F89E7-2B86-4547-9ABE-94A00BA3838D,Q2162242$4D9396A4-3D60-4DAF-80E3-E593218A2B52,written,
ready,427854,Q2163825,"Cuneiform Artifact RIMA 3.0.102.111, ex. 03",P853,Q512154,Middle Babylonian Period,Q512158,Neo-Assyrian Period,Replace live period claim with verified FactGrid QID for expected CDLI period label.,Q2163825$4C043D38-B9D1-409E-A85F-A58DCB6E2D14,Q2163825$EA8C38AE-7589-40AD-81DE-7CB2575C6A77,written,
ready,427878,Q2167862,"Cuneiform Artifact RINAP 3/2 Sennacherib 091, ex. 001",P853,Q512162,Persian Period,Q512158,Neo-Assyrian Period,Replace live period claim with verified FactGrid QID for expected CDLI period label.,Q2167862$23E8C2D0-23AD-42C7-BE77-6286D9FF6E6B,Q2167862$33F5423C-A9C4-4E68-8F78-50FCDF42F1C1,written,
ready,428471,Q2164314,"Cuneiform Artifact RINAP 5/3, Ashurbanipal x2009, ex. 001",P853,Q512153,Middle Hittite Period,Q512158,Neo-Assyrian Period,Replace live period claim with verified FactGrid QID for expected CDLI period label.,Q2164314$B339CDAA-8A06-40E1-8F77-DB3AADA09A2C,Q2164314$06003F31-6234-435B-8427-B0BD4C7571D4,written,
ready,450338,Q2167191,"Cuneiform Artifact RINAP 3/1 Sennacherib 015, ex. 009",P853,Q512148,Ur III Period,Q512158,Neo-Assyrian Period,Replace live period claim with verified FactGrid QID for expected CDLI period label.,Q2167191$AA18DE67-6CF0-4D26-8F98-CF15795DFEC4,Q2167191$0D22504F-5A9D-436F-87E7-21A5654EA7EC,written,
ready,274607,Q2162400,"Cuneiform Artifact RIME 4.04.01.04, ex. 054",P853,Q512164,Hellenistic Period,Q512150,Early Old Babylonian Period,Replace live period claim with verified FactGrid QID for expected CDLI period label.,,,error,RuntimeError: No matching P853 Q512164 claim found on Q2162400
ready,233066,Q2165599,"Cuneiform Artifact RIME 3/1.01.07.037, ex. 0315",P853,Q512164,Hellenistic Period,Q512146,Lagash II Period,Replace live period claim with verified FactGrid QID for expected CDLI period label.,,,error,RuntimeError: No matching P853 Q512164 claim found on Q2165599
ready,270111,Q2165893,"Cuneiform Artifact RINAP 5/3, Ashurbanipal x2018, ex. 003-004",P853,Q512164,Hellenistic Period,Q512158,Neo-Assyrian Period,Replace live period claim with verified FactGrid QID for expected CDLI period label.,,,error,RuntimeError: No matching P853 Q512164 claim found on Q2165893
ready,450343,Q2164255,"Cuneiform Artifact RINAP 3/1 Sennacherib 015, ex. 017",P853,Q512155,Middle Assyrian Period,Q512158,Neo-Assyrian Period,Replace live period claim with verified FactGrid QID for expected CDLI period label.,Q2164255$88EB3926-2698-46DB-8578-D4B0CBB653D5,Q2164255$8970AE9C-5588-45DF-8042-8B9C53CF7506,written,
ready,450504,Q2166467,"Cuneiform Artifact RINAP 4 Esarhaddon 106, ex. 002",P853,Q512154,Middle Babylonian Period,Q512158,Neo-Assyrian Period,Replace live period claim with verified FactGrid QID for expected CDLI period label.,Q2166467$4D30CA0C-9D9D-4316-8C24-5CA9DB24F61C,Q2166467$E220845B-9741-4112-A47F-759FE861F455,written,
ready,463161,Q2162850,"Cuneiform Artifact RIMA 3.0.xx0.x1044, ex. 01",P853,Q512153,Middle Hittite Period,Q512158,Neo-Assyrian Period,Replace live period claim with verified FactGrid QID for expected CDLI period label.,Q2162850$D67D0FEC-6501-4D65-BC9C-68C312C3AA90,Q2162850$00687540-0E22-4FD6-A978-94054C70A5E0,written,
ready,464667,Q2167490,"Cuneiform Artifact RIMA 2.0.101.113, ex. 39",P853,Q512152,Old Babylonian Period,Q512158,Neo-Assyrian Period,Replace live period claim with verified FactGrid QID for expected CDLI period label.,Q2167490$907A2ED1-7E20-458A-A619-4EE2024CE019,Q2167490$7D1A6C9F-FC24-4E33-8144-A8B179E576C2,written,
ready,464688,Q2166546,"Cuneiform Artifact RIMA 2.0.101.113, ex. 60",P853,Q512143,Ebla Period,Q512158,Neo-Assyrian Period,Replace live period claim with verified FactGrid QID for expected CDLI period label.,Q2166546$70ACBFBE-3EBA-474E-8888-E0D311B5FE4D,Q2166546$9463B392-5C6F-4527-B964-80FE798ACF08,written,
ready,464722,Q2166713,"Cuneiform Artifact RIMA 2.0.101.115, ex. 32",P853,Q512165,Selucid Period,Q512158,Neo-Assyrian Period,Replace live period claim with verified FactGrid QID for expected CDLI period label.,Q2166713$D1843994-B566-48E1-8790-1B5B35E57DA4,Q2166713$3285B6B2-8641-4842-8262-A518363708E7,written,
ready,465076,Q2167214,"Cuneiform Artifact RIMA 3.0.102.043, ex. 01",P853,Q512154,Middle Babylonian Period,Q512158,Neo-Assyrian Period,Replace live period claim with verified FactGrid QID for expected CDLI period label.,Q2167214$C84E89EA-8173-4A19-83E8-CE44B142DB15,Q2167214$F38C55F8-0C1D-4ED0-B50D-8C712502565E,written,
ready,465099,Q2166822,"Cuneiform Artifact RIMA 3.0.102.044, ex. 012",P853,Q512163,Achaemenid Period,Q512158,Neo-Assyrian Period,Replace live period claim with verified FactGrid QID for expected CDLI period label.,Q2166822$0A2D3CDC-E4D4-4968-AAB0-F6DE969C3706,Q2166822$9DEB7E03-4B8F-43E5-A24B-52855D4494A1,written,
ready,465133,Q2167001,"Cuneiform Artifact RIMA 3.0.102.044, ex. 119",P853,Q512148,Ur III Period,Q512158,Neo-Assyrian Period,Replace live period claim with verified FactGrid QID for expected CDLI period label.,Q2167001$1220F6CA-BF96-4874-9FF1-922765CA3939,Q2167001$62858922-8E87-4227-A9C3-8D51947D0932,written,
ready,465308,Q2168196,"Cuneiform Artifact RIMA 3.0.102.108, ex. 02",P853,Q512152,Old Babylonian Period,Q512158,Neo-Assyrian Period,Replace live period claim with verified FactGrid QID for expected CDLI period label.,Q2168196$434344F5-00AC-42D8-8E56-EB12F509ABAD,Q2168196$545183E6-2547-4A2B-9B6C-B8E40C129FAE,written,
ready,465324,Q2163493,"Cuneiform Artifact RIMA 3.0.102.111, ex. 72",P853,Q512148,Ur III Period,Q512158,Neo-Assyrian Period,Replace live period claim with verified FactGrid QID for expected CDLI period label.,Q2163493$324C4357-4542-4E8C-B5E6-CE46D4FFE5F9,Q2163493$333E0F8C-95BD-45C3-AE73-13F95E649D06,written,
ready,466733,Q2162671,"Cuneiform Artifact RINAP 3/2 Sennacherib 088, ex. 029",P853,Q512148,Ur III Period,Q512158,Neo-Assyrian Period,Replace live period claim with verified FactGrid QID for expected CDLI period label.,Q2162671$19660BAC-3061-4129-BAB0-A61FC10A23E4,Q2162671$2E079551-C718-4F57-BCF4-7E9D65C516FB,written,
ready,466764,Q2164968,"Cuneiform Artifact RINAP 3/2 Sennacherib 092, ex. 021",P853,Q512162,Persian Period,Q512158,Neo-Assyrian Period,Replace live period claim with verified FactGrid QID for expected CDLI period label.,Q2164968$AC9B64F9-1777-48D4-898C-23741769FA15,Q2164968$ED217614-A35E-4D12-AF51-7BE1621DB799,written,
ready,466965,Q2166460,"Cuneiform Artifact RINAP 3/2 Sennacherib 203, ex. 001",P853,Q512152,Old Babylonian Period,Q512158,Neo-Assyrian Period,Replace live period claim with verified FactGrid QID for expected CDLI period label.,Q2166460$C2B6FC33-920F-43FC-9715-68DFB5EC599C,Q2166460$D9527398-18B2-4DF7-9209-06BD1159FF1F,written,
ready,467030,Q2164282,"Cuneiform Artifact RINAP 3/2 Sennacherib 219, ex. 014",P853,Q512152,Old Babylonian Period,Q512158,Neo-Assyrian Period,Replace live period claim with verified FactGrid QID for expected CDLI period label.,Q2164282$582511A0-2AA3-4AAC-ADEE-BB900BA10FAB,Q2164282$1A764605-CFDE-4BAE-B2C8-444F51CF3739,written,
ready,468003,Q2163351,"Cuneiform Artifact RINAP 5/3, Ashurbanipal x2005, ex. 005",P853,Q512161,Neo-Babylonian Period,Q512158,Neo-Assyrian Period,Replace live period claim with verified FactGrid QID for expected CDLI period label.,Q2163351$E0CF1207-0345-4B55-B459-139B641900E9,Q2163351$D2FB1A68-2C19-4A2E-9B72-8419459373C2,written,
ready,468845,Q2164014,"Cuneiform Artifact RINAP 2, Sargon II 127 ex. 004",P853,Q512152,Old Babylonian Period,Q512158,Neo-Assyrian Period,Replace live period claim with verified FactGrid QID for expected CDLI period label.,Q2164014$85365476-3583-4CCE-9103-386C5AB86542,Q2164014$942DD100-ECAA-43A4-9C81-8AFE543B8667,written,
ready,498484,Q2164657,"Cuneiform Artifact RIMA 3.0.102.111, ex. add84",P853,Q512148,Ur III Period,Q512158,Neo-Assyrian Period,Replace live period claim with verified FactGrid QID for expected CDLI period label.,Q2164657$E539D831-A62D-4C94-AFE5-756A2A69F22C,Q2164657$4EFD6B16-F4F7-4459-9F42-308A873F0263,written,
ready,514693,Q2164696,"Cuneiform Artifact RINAP 5/3 Sîn-šarru-iškun 13, ex. 011",P853,Q512156,Middle Elamite Period,Q512158,Neo-Assyrian Period,Replace live period claim with verified FactGrid QID for expected CDLI period label.,Q2164696$989794C8-C7EA-4072-B3A7-179E562DC7E4,Q2164696$F6352068-235E-4311-91FF-911D5B7E9B5D,written,
ready,528292,Q2167315,"Cuneiform Artifact SAAB 09, 069",P853,Q512162,Persian Period,Q512158,Neo-Assyrian Period,Replace live period claim with verified FactGrid QID for expected CDLI period label.,Q2167315$2D2899F1-4D31-4AB5-A68E-179E63D6D7CE,Q2167315$B23604D2-6F97-49C8-A183-E934F0B851AB,written,
ready,294812,Q2164429,"Cuneiform Tablet dubsar 3, 067",P853,Q512163,Achaemenid Period,Q512161,Neo-Babylonian Period,Replace live period claim with verified FactGrid QID for expected CDLI period label.,Q2164429$BA165012-3D6D-4F39-90DC-3D2D1245C4EE,Q2164429$B5C8069B-8EEF-4C55-9320-DB1998FBAAF4,written,
ready,386761,Q2169004,"Cuneiform Tablet dubsar 3, 104",P853,Q512158,Neo-Assyrian Period,Q512161,Neo-Babylonian Period,Replace live period claim with verified FactGrid QID for expected CDLI period label.,Q2169004$2FFCCDFA-CE48-4D14-8B5B-807959EEADF9,Q2169004$A0B4F564-7843-46EA-A2D9-96C71C904D45,written,
ready,386777,Q2047439,"Cuneiform Tablet TCL 09, 107",P853,Q512158,Neo-Assyrian Period,Q512161,Neo-Babylonian Period,Replace live period claim with verified FactGrid QID for expected CDLI period label.,Q2047439$8146774D-F597-4BEE-BA09-910DB24A387A,Q2047439$3BD4AF03-9D0D-4703-B3D9-9CB5F5C66DEC,written,
ready,386798,Q2063680,"Cuneiform Tablet TCL 09, 128",P853,Q512158,Neo-Assyrian Period,Q512161,Neo-Babylonian Period,Replace live period claim with verified FactGrid QID for expected CDLI period label.,Q2063680$FD7318CA-D7CD-4B17-ADD2-8189F7FBF891,Q2063680$14C9DCE6-4D7F-4DED-9C67-1D0233D83917,written,
ready,386809,Q2170339,"Cuneiform Tablet dubsar 3, 065",P853,Q512158,Neo-Assyrian Period,Q512161,Neo-Babylonian Period,Replace live period claim with verified FactGrid QID for expected CDLI period label.,Q2170339$BCABB381-CDA3-4D1B-BF2F-625426F4DA87,Q2170339$797262E5-3C31-469E-8C5E-71B69E7D8462,written,
ready,413058,Q2163987,Cuneiform Tablet BM 102315,P853,Q512148,Ur III Period,Q512161,Neo-Babylonian Period,Replace live period claim with verified FactGrid QID for expected CDLI period label.,Q2163987$745418B0-E178-4696-A198-EB25326960FE,Q2163987$6BB5E0AC-1AFF-4F47-AABF-AF6F11760B06,written,
ready,413062,Q2157826,Cuneiform Tablet BM 102320,P853,Q512148,Ur III Period,Q512161,Neo-Babylonian Period,Replace live period claim with verified FactGrid QID for expected CDLI period label.,Q2157826$F9135444-1B91-416F-8DD5-A0B4120C8A8D,Q2157826$91091A86-BD50-4EEB-B092-36A80601ED5F,written,
ready,413074,Q2167729,Cuneiform Tablet BM 102333,P853,Q512148,Ur III Period,Q512161,Neo-Babylonian Period,Replace live period claim with verified FactGrid QID for expected CDLI period label.,Q2167729$7486B5FF-11B6-4F04-8DE8-DBFF62EC9A40,Q2167729$831FCD31-C0DF-4368-A49E-55580D5D1A86,written,
ready,413371,Q2164390,Cuneiform Tablet BM 103522,P853,Q512148,Ur III Period,Q512161,Neo-Babylonian Period,Replace live period claim with verified FactGrid QID for expected CDLI period label.,Q2164390$6DEE10E2-EDC1-4C79-9A23-D610CC55FF08,Q2164390$8258F45E-8F92-464A-B233-A8BBB5351A19,written,
ready,413408,Q2163830,Cuneiform Tablet BM 103559,P853,Q512148,Ur III Period,Q512161,Neo-Babylonian Period,Replace live period claim with verified FactGrid QID for expected CDLI period label.,Q2163830$D6DBE6E4-4EC6-4209-A2E6-A9A4FFB5646E,Q2163830$C23F55DD-66D1-4126-A312-89CF8D0B7E8C,written,
ready,413424,Q2167861,Cuneiform Tablet BM 103575,P853,Q512148,Ur III Period,Q512161,Neo-Babylonian Period,Replace live period claim with verified FactGrid QID for expected CDLI period label.,Q2167861$5DC08F10-F886-4603-A4F4-034A22E65C75,Q2167861$29114010-D185-4C37-BE85-E3EA51C63EC5,written,
ready,413465,Q2170216,Cuneiform Tablet BM 103616,P853,Q512148,Ur III Period,Q512161,Neo-Babylonian Period,Replace live period claim with verified FactGrid QID for expected CDLI period label.,Q2170216$81F532A7-A6A6-40B9-9C16-9029DD9DBDE4,Q2170216$0E4543FC-7599-4214-87F7-B5F270259ED5,written,
ready,428373,Q2165500,"Cuneiform Artifact SANER 3, 2.02.03 (C21), ex. 05",P853,Q512148,Ur III Period,Q512161,Neo-Babylonian Period,Replace live period claim with verified FactGrid QID for expected CDLI period label.,Q2165500$544EB843-EB85-451B-9A30-5D5E814C740D,Q2165500$5DAB5E96-CB44-4A36-8130-40FA6466C13B,written,
ready,518960,Q2163101,"Cuneiform Artifact RINBE 2, Nabonidus 18, ex. 15",P853,Q512158,Neo-Assyrian Period,Q512161,Neo-Babylonian Period,Replace live period claim with verified FactGrid QID for expected CDLI period label.,Q2163101$EEB1006E-767B-4993-AE95-955C3652AC44,Q2163101$37477D48-92B6-486D-9658-E625BA5BC3B5,written,
ready,382237,Q2169622,Cuneiform Artifact MAA 1952.356,P853,Q512158,Neo-Assyrian Period,Q512160,Neo-Elamite Period,Replace live period claim with verified FactGrid QID for expected CDLI period label.,Q2169622$97BD78A1-7C88-4EAF-9A12-390BD99ADCC1,Q2169622$1DC91206-24EB-4070-9FF3-7FB4E7D07522,written,
ready,475758,Q2167676,Cuneiform Artifact CDLI Seals 009018 (physical),P853,Q512158,Neo-Assyrian Period,Q512160,Neo-Elamite Period,Replace live period claim with verified FactGrid QID for expected CDLI period label.,Q2167676$E7F4A325-B6EF-47CF-AE02-E5258E2A10D4,Q2167676$7F380018-CAC4-4966-9B95-88A16493DD20,written,
ready,373424,Q2163297,"Cuneiform Artifact RIMA 1.0.033.007, ex. 08",P853,Q512158,Neo-Assyrian Period,Q512151,Old Assyrian Period,Replace live period claim with verified FactGrid QID for expected CDLI period label.,Q2163297$3AD97FFC-3656-4863-9A44-72896D1BF7E9,Q2163297$EA4EC5BD-669F-405A-B0A9-C575B541E70D,written,
ready,465758,Q2168033,"Cuneiform Artifact RIMA 1.0.034.004, ex. 01",P853,Q512148,Ur III Period,Q512151,Old Assyrian Period,Replace live period claim with verified FactGrid QID for expected CDLI period label.,Q2168033$DBDB9343-4183-40BD-AF1B-86938EC85F27,Q2168033$EDC81FE4-C5C7-42CD-97E3-9EB5151389DA,written,
ready,225448,Q2165527,"Cuneiform Artifact RIME 4.03.06.15, ex. 03",P853,Q512143,Ebla Period,Q512152,Old Babylonian Period,Replace live period claim with verified FactGrid QID for expected CDLI period label.,Q2165527$F257D98E-F86E-40E6-BA69-BDBBD941A17C,Q2165527$84FBE121-C882-45B7-BC18-317A2D192E1B,written,
ready,273802,Q2167454,Cuneiform Tablet Education in the Earliest Schools 015,P853,Q512162,Persian Period,Q512152,Old Babylonian Period,Replace live period claim with verified FactGrid QID for expected CDLI period label.,Q2167454$0BBC22C5-B47B-4297-9208-98B592D0B034,Q2167454$11CBD6AA-4A7A-47C9-9C0D-97AEC797D762,written,
ready,274650,Q2165259,"Cuneiform Artifact MVN 10, 248",P853,Q512150,Early Old Babylonian Period,Q512152,Old Babylonian Period,Replace live period claim with verified FactGrid QID for expected CDLI period label.,Q2165259$B17CF7F0-EC03-472E-ABA1-44D991B584C4,Q2165259$338B2175-DD81-4CE3-A9A6-DA1D833D3A36,written,
ready,413218,Q2047740,Cuneiform Tablet BM 103146,P853,Q512148,Ur III Period,Q512152,Old Babylonian Period,Replace live period claim with verified FactGrid QID for expected CDLI period label.,Q2047740$3564597B-C2D3-46B9-9812-969E50563969,Q2047740$4F10A656-DC5F-4E00-B8EE-B90BE802A196,written,
ready,413536,Q2165958,Cuneiform Artifact BM 103687,P853,Q512148,Ur III Period,Q512152,Old Babylonian Period,Replace live period claim with verified FactGrid QID for expected CDLI period label.,Q2165958$DB1EC4FC-9DA2-49A6-BB43-0E5006481DB7,Q2165958$C3212B0A-BF7D-40F3-9FB6-F869CDCB96AE,written,
ready,413598,Q2158890,Cuneiform Tablet BM 103750,P853,Q512148,Ur III Period,Q512152,Old Babylonian Period,Replace live period claim with verified FactGrid QID for expected CDLI period label.,Q2158890$F6392E0B-BFEC-40FE-8A15-7E6A0BE98E8B,Q2158890$378CCCE9-E58A-4AC7-ADA1-A7F1A754D1B0,written,
ready,430807,Q2165257,"Cuneiform Artifact RIME 4.03.06.12Sumerian, ex. 01",P853,Q512148,Ur III Period,Q512152,Old Babylonian Period,Replace live period claim with verified FactGrid QID for expected CDLI period label.,Q2165257$5D8BB52F-70FE-4634-B0C3-9ED0E8422C88,Q2165257$9F64DC71-2423-46CE-80FC-D1D2D6B52FDD,written,
ready,447982,Q2162255,"Cuneiform Artifact RIME 4.03.07.x1002, ex. 01",P853,Q512148,Ur III Period,Q512152,Old Babylonian Period,Replace live period claim with verified FactGrid QID for expected CDLI period label.,Q2162255$AC0C1E80-BD7C-4F2D-A929-2E82C49D5461,Q2162255$FE101CA2-4545-482E-ACB5-CE237EBAD5BC,written,
ready,448231,Q2162845,"Cuneiform Artifact RIME 4.07.01.01, ex. 01",P853,Q512150,Early Old Babylonian Period,Q512152,Old Babylonian Period,Replace live period claim with verified FactGrid QID for expected CDLI period label.,Q2162845$52D4CFB6-AD85-48A0-B6D3-23634639E643,Q2162845$BC26BFDB-F790-4873-A7D8-C92533C52942,written,
ready,457890,Q2164815,Cuneiform Artifact CDLI Seals 005180 (physical),P853,Q512158,Neo-Assyrian Period,Q512152,Old Babylonian Period,Replace live period claim with verified FactGrid QID for expected CDLI period label.,Q2164815$076C1210-C148-409C-9A2F-D622D2DD8D59,Q2164815$E9091C22-9AFA-4DC8-BD91-704DD3AA6BB5,written,
ready,114069,Q2167387,"Cuneiform Artifact MVN 04, 117",P853,Q512153,Middle Hittite Period,Q512148,Ur III Period,Replace live period claim with verified FactGrid QID for expected CDLI period label.,Q2167387$F8CE996D-0762-4DE7-8E06-611A3B2C2363,Q2167387$945046B5-9ADE-424D-BF15-8F0AD308EC01,written,
ready,117583,Q2166223,"Cuneiform Artifact MVN 13, 810",P853,Q512152,Old Babylonian Period,Q512148,Ur III Period,Replace live period claim with verified FactGrid QID for expected CDLI period label.,Q2166223$D344FF8D-810D-4624-A97F-0F488054C79C,Q2166223$AC6D3D67-6548-47A1-9CC8-F6718FA0E715,written,
ready,212279,Q2168462,"Cuneiform Artifact Hermitage 3, 542",P853,Q512161,Neo-Babylonian Period,Q512148,Ur III Period,Replace live period claim with verified FactGrid QID for expected CDLI period label.,Q2168462$EC9D752A-E609-4E6F-AC87-F2FA081242B3,Q2168462$1E6F71B7-B77B-4D2A-B632-80487A911CFA,written,
ready,212296,Q2168058,"Cuneiform Artifact Hermitage 3, 549",P853,Q512153,Middle Hittite Period,Q512148,Ur III Period,Replace live period claim with verified FactGrid QID for expected CDLI period label.,Q2168058$2D6B1F8F-757C-4FE2-BB7E-8E5CD50D5E32,Q2168058$2FA3DAFB-6E97-4DA6-96C4-A264D22C5F70,written,
ready,212310,Q2163610,"Cuneiform Artifact Hermitage 3, 522",P853,Q512158,Neo-Assyrian Period,Q512148,Ur III Period,Replace live period claim with verified FactGrid QID for expected CDLI period label.,Q2163610$44EAB575-EC0F-403E-93F3-C7D76246AC1F,Q2163610$67FB7F69-F47E-48C5-B6DE-A53B6FB60A6B,written,
ready,222270,Q2168221,"Cuneiform Artifact RIME 3/2.01.06.1043, ex. 01",P853,Q512161,Neo-Babylonian Period,Q512148,Ur III Period,Replace live period claim with verified FactGrid QID for expected CDLI period label.,,,error,RuntimeError: No matching P853 Q512161 claim found on Q2168221
ready,226136,Q2164452,"Cuneiform Artifact RIME 3/2.01.01.39, ex. 07",P853,Q512153,Middle Hittite Period,Q512148,Ur III Period,Replace live period claim with verified FactGrid QID for expected CDLI period label.,Q2164452$B8FDEDEB-9FAE-444F-BFE1-2DD222B79D29,Q2164452$706A2F55-6946-424C-8412-9C719DDAC842,written,
ready,226233,Q2167644,"Cuneiform Artifact RIME 3/2.01.01.11, ex. 082",P853,Q512152,Old Babylonian Period,Q512148,Ur III Period,Replace live period claim with verified FactGrid QID for expected CDLI period label.,Q2167644$5BD04C8D-EEEF-4285-A905-D0D2155DC29F,Q2167644$170E3025-6C8F-4C80-8A60-41C7C0AD7A41,written,
ready,226321,Q2166035,"Cuneiform Artifact RIME 3/2.01.01.11, ex. 098",P853,Q512161,Neo-Babylonian Period,Q512148,Ur III Period,Replace live period claim with verified FactGrid QID for expected CDLI period label.,Q2166035$DBEEC5E3-C5E9-4E5A-A95C-97F1EBDF35A2,Q2166035$AFE7F12F-98C8-47CB-9814-94F0F77604DF,written,
ready,226423,Q2164844,"Cuneiform Artifact RIME 3/2.01.01.35, ex. 07",P853,Q512150,Early Old Babylonian Period,Q512148,Ur III Period,Replace live period claim with verified FactGrid QID for expected CDLI period label.,Q2164844$1152589E-92A9-4D24-A6DC-DF16C20A47DB,Q2164844$B8165B74-3A35-4F8A-9966-A8506DC79FB6,written,
ready,226474,Q2162687,"Cuneiform Artifact RIME 3/2.01.01.33, ex. 12",P853,Q512152,Old Babylonian Period,Q512148,Ur III Period,Replace live period claim with verified FactGrid QID for expected CDLI period label.,Q2162687$71B2ADB7-F112-4534-BBB2-2B48992BEA25,Q2162687$38B75E55-B779-4976-9C03-DC2E7F1C52FB,written,
ready,226566,Q2164587,"Cuneiform Artifact RIME 3/2.01.03.13, ex. 10",P853,Q512164,Hellenistic Period,Q512148,Ur III Period,Replace live period claim with verified FactGrid QID for expected CDLI period label.,,,error,RuntimeError: No matching P853 Q512164 claim found on Q2164587
ready,226634,Q2165683,Cuneiform Artifact CDLI Seals 006359 (physical),P853,Q512152,Old Babylonian Period,Q512148,Ur III Period,Replace live period claim with verified FactGrid QID for expected CDLI period label.,Q2165683$A4B07497-7824-4AD2-9933-E8A948DE82CE,Q2165683$1DAE494C-893E-4E9E-8FC3-DA8AC8A9ABCB,written,
ready,226663,Q2167775,"Cuneiform Artifact RIME 3/2.01.03.01, ex. 10",P853,Q512164,Hellenistic Period,Q512148,Ur III Period,Replace live period claim with verified FactGrid QID for expected CDLI period label.,,,error,RuntimeError: No matching P853 Q512164 claim found on Q2167775
ready,226862,Q2162198,"Cuneiform Artifact RIME 3/2.01.03.01, ex. 35",P853,Q512163,Achaemenid Period,Q512148,Ur III Period,Replace live period claim with verified FactGrid QID for expected CDLI period label.,Q2162198$9316A474-9C8B-4F3F-AE89-FF910832824D,Q2162198$2D0B7940-1BB6-49B5-9A43-0225E5DE16E4,written,
ready,226927,Q2162544,"Cuneiform Artifact RIME 3/2.01.01.24, ex. 26",P853,Q512140,Early Dynastic IIIa Period,Q512148,Ur III Period,Replace live period claim with verified FactGrid QID for expected CDLI period label.,Q2162544$30A11343-8141-4368-A8C4-D04C22BD51C4,Q2162544$6344958C-0B70-4564-A582-EF55D757165A,written,
ready,227025,Q2165357,"Cuneiform Artifact RIME 3/2.01.02.031, ex. 03",P853,Q512152,Old Babylonian Period,Q512148,Ur III Period,Replace live period claim with verified FactGrid QID for expected CDLI period label.,Q2165357$B7C2EE11-61A0-42D7-AAC8-F8BB07A6797A,Q2165357$AB6FD370-B1E5-4675-8A43-D15D0707BC75,written,
ready,227160,Q2166187,"Cuneiform Artifact RIME 3/2.01.02.039, ex. 07",P853,Q512163,Achaemenid Period,Q512148,Ur III Period,Replace live period claim with verified FactGrid QID for expected CDLI period label.,Q2166187$FD445B98-B20C-42F1-B5EA-3AA33E7E63D0,Q2166187$0C5F37A6-5A47-4F9D-A334-376FE8954184,written,
ready,265153,Q2162084,Cuneiform Artifact CBS 09840,P853,Q512164,Hellenistic Period,Q512148,Ur III Period,Replace live period claim with verified FactGrid QID for expected CDLI period label.,,,error,RuntimeError: No matching P853 Q512164 claim found on Q2162084
ready,297044,Q2163805,"Cuneiform Artifact BRM 3, pl. VII 58",P853,Q512143,Ebla Period,Q512148,Ur III Period,Replace live period claim with verified FactGrid QID for expected CDLI period label.,Q2163805$82164CB7-4398-4CD9-8CAB-4FB9449A188F,Q2163805$A1DFC579-0D69-41CE-A392-5FF598EC0952,written,
ready,303458,Q2162460,"Cuneiform Tablet BPOA 07, 2688",P853,Q512158,Neo-Assyrian Period,Q512148,Ur III Period,Replace live period claim with verified FactGrid QID for expected CDLI period label.,Q2162460$C39384BF-D200-4DF1-B1C8-1272D94A588E,Q2162460$2765ABAF-E55F-49CC-8148-A4A52EF96333,written,
ready,430190,Q2167468,Cuneiform Artifact CDLI Seals 000090 (composite),P853,Q512158,Neo-Assyrian Period,Q512148,Ur III Period,Replace live period claim with verified FactGrid QID for expected CDLI period label.,Q2167468$6483AAC7-9001-4579-A559-7721C5CBCA9B,Q2167468$6C9B83A6-419C-4E66-B651-853F7BBBD7B2,written,
ready,430313,Q2165660,Cuneiform Artifact CDLI Seals 000215 (composite),P853,Q512132,Uruk IV Period,Q512148,Ur III Period,Replace live period claim with verified FactGrid QID for expected CDLI period label.,Q2165660$14D0E718-C16E-43F4-A49D-81CF21646624,Q2165660$2D0E9333-4266-4A14-BBBE-0A1B1518B1F9,written,
ready,430344,Q2167908,Cuneiform Artifact CDLI Seals 000246 (composite),P853,Q512160,Neo-Elamite Period,Q512148,Ur III Period,Replace live period claim with verified FactGrid QID for expected CDLI period label.,Q2167908$584794B2-F968-4B1A-9CCA-5FA6EDD85A41,Q2167908$B21F65B8-960B-4792-A669-DC08F383F727,written,
ready,430368,Q2163797,Cuneiform Artifact CDLI Seals 000270 (composite),P853,Q512153,Middle Hittite Period,Q512148,Ur III Period,Replace live period claim with verified FactGrid QID for expected CDLI period label.,Q2163797$B7B8246A-C0C9-489E-BD34-46068A50B259,Q2163797$8EE32926-E50B-4337-9585-CF8B84E78696,written,
ready,430503,Q2162784,Cuneiform Artifact CDLI Seals 000407 (composite),P853,Q512155,Middle Assyrian Period,Q512148,Ur III Period,Replace live period claim with verified FactGrid QID for expected CDLI period label.,Q2162784$1E02C56A-FEA1-4FEE-BED8-CC0A89923535,Q2162784$3534232A-CED7-4E15-9AB5-BC98DCE29932,written,
ready,430554,Q2164825,Cuneiform Artifact CDLI Seals 000458 (composite),P853,Q512158,Neo-Assyrian Period,Q512148,Ur III Period,Replace live period claim with verified FactGrid QID for expected CDLI period label.,Q2164825$ED34517E-5412-418E-8A1C-54DFB42312D6,Q2164825$AD9AE499-5AAC-40A0-BDE8-9160CAA6C86D,written,
ready,430651,Q2168562,Cuneiform Artifact CDLI Seals 000557 (composite),P853,Q512164,Hellenistic Period,Q512148,Ur III Period,Replace live period claim with verified FactGrid QID for expected CDLI period label.,,,error,RuntimeError: No matching P853 Q512164 claim found on Q2168562
ready,454402,Q2165698,Cuneiform Artifact CDLI Seals 001692 (composite),P853,Q512154,Middle Babylonian Period,Q512148,Ur III Period,Replace live period claim with verified FactGrid QID for expected CDLI period label.,Q2165698$093960BE-AABA-4336-B448-4DACF54F4ED3,Q2165698$0BBE58CA-D080-44EB-ADEA-D41D367B71BA,written,
ready,454496,Q2163150,Cuneiform Artifact CDLI Seals 001786 (composite),P853,Q512153,Middle Hittite Period,Q512148,Ur III Period,Replace live period claim with verified FactGrid QID for expected CDLI period label.,Q2163150$9CC9636A-B732-4F83-8F53-FA9A81DA2736,Q2163150$69098410-6FBB-4D76-BE28-4CC26F3C9E6E,written,
ready,454547,Q2165899,Cuneiform Artifact CDLI Seals 001837 (composite),P853,Q512158,Neo-Assyrian Period,Q512148,Ur III Period,Replace live period claim with verified FactGrid QID for expected CDLI period label.,Q2165899$2B4940F6-804E-47C6-8893-6702C3B26B37,Q2165899$3C93C11B-6416-4DD1-BC19-5BB57AD2122E,written,
ready,454814,Q2166349,Cuneiform Artifact CDLI Seals 002104 (composite),P853,Q512152,Old Babylonian Period,Q512148,Ur III Period,Replace live period claim with verified FactGrid QID for expected CDLI period label.,Q2166349$01FD2192-0CB5-4331-BB72-E8B8BB088FB1,Q2166349$A9A64E71-2F2E-4B67-92D1-769ED799803F,written,
ready,454843,Q2168323,Cuneiform Artifact CDLI Seals 002133 (composite),P853,Q512161,Neo-Babylonian Period,Q512148,Ur III Period,Replace live period claim with verified FactGrid QID for expected CDLI period label.,Q2168323$7A2E7C65-1364-4D8B-8A26-B356A89B8BC0,Q2168323$75C9852A-FB77-4BCB-B9C8-BC083F82E94F,written,
ready,454880,Q2163498,Cuneiform Artifact CDLI Seals 002170 (composite),P853,Q512162,Persian Period,Q512148,Ur III Period,Replace live period claim with verified FactGrid QID for expected CDLI period label.,Q2163498$99651222-FE7A-4A2C-A38F-45A605DF0C74,Q2163498$0AE8DF5C-E966-4EB7-B9AB-AAC3F3658116,written,
ready,454906,Q2167952,Cuneiform Artifact CDLI Seals 002196 (composite),P853,Q512152,Old Babylonian Period,Q512148,Ur III Period,Replace live period claim with verified FactGrid QID for expected CDLI period label.,Q2167952$CDFBA59F-B334-4593-A1A4-9A8F2F2B07CE,Q2167952$63AE6726-31BD-4F90-9197-A7354DFBD3B8,written,
ready,454951,Q2165533,Cuneiform Artifact CDLI Seals 002241 (composite),P853,Q512135,Proto-Elamite Period,Q512148,Ur III Period,Replace live period claim with verified FactGrid QID for expected CDLI period label.,Q2165533$F61D34BB-6552-4FA3-8F4D-80BE90514323,Q2165533$DC039CEF-99BB-439D-A0C3-526E0966D82C,written,
ready,455004,Q2165150,Cuneiform Artifact CDLI Seals 002294 (composite),P853,Q512153,Middle Hittite Period,Q512148,Ur III Period,Replace live period claim with verified FactGrid QID for expected CDLI period label.,Q2165150$63897372-2281-4B40-81B6-EBE7DF6DAA05,Q2165150$EFBFBE8C-399A-443E-8835-B06232741F4B,written,
ready,455090,Q2167067,Cuneiform Artifact CDLI Seals 002380 (composite),P853,Q512140,Early Dynastic IIIa Period,Q512148,Ur III Period,Replace live period claim with verified FactGrid QID for expected CDLI period label.,Q2167067$87732AEF-FD94-4917-AFB8-2E1808344344,Q2167067$8D5528FB-76A0-476E-9E0B-ABEA7F123BEF,written,
ready,455116,Q2162068,Cuneiform Artifact CDLI Seals 002406 (composite),P853,Q512158,Neo-Assyrian Period,Q512148,Ur III Period,Replace live period claim with verified FactGrid QID for expected CDLI period label.,Q2162068$A591BB1B-3104-4EFF-85C7-1841BAA1A09C,Q2162068$01BF35F9-4551-4855-921F-7BE337082166,written,
ready,455141,Q2164315,Cuneiform Artifact CDLI Seals 002431 (composite),P853,Q512153,Middle Hittite Period,Q512148,Ur III Period,Replace live period claim with verified FactGrid QID for expected CDLI period label.,Q2164315$F7C6C502-F3AF-4687-8064-C127B335D0B5,Q2164315$619C303B-9020-4907-B569-8E1274B24FC7,written,
ready,455244,Q2168103,Cuneiform Artifact CDLI Seals 002534 (composite),P853,Q512152,Old Babylonian Period,Q512148,Ur III Period,Replace live period claim with verified FactGrid QID for expected CDLI period label.,Q2168103$B77FB766-8287-437C-AC9F-D8B9EF94AD5A,Q2168103$3F38E1DE-EEF3-4B47-B31F-65C931495C60,written,
ready,455268,Q2163633,Cuneiform Artifact CDLI Seals 002558 (composite),P853,Q512134,Uruk III Period,Q512148,Ur III Period,Replace live period claim with verified FactGrid QID for expected CDLI period label.,,,error,HTTPError: 502 Server Error: Proxy Error for url: https://database.factgrid.de/w/api.php
ready,455301,Q2168456,Cuneiform Artifact CDLI Seals 002591 (composite),P853,Q512158,Neo-Assyrian Period,Q512148,Ur III Period,Replace live period claim with verified FactGrid QID for expected CDLI period label.,Q2168456$22C5B3F2-4BE5-4E6B-ACAF-26F5750B9565,Q2168456$ACC0BACE-3B38-4458-9463-2F8AF3511265,written,
ready,455356,Q2166213,Cuneiform Artifact CDLI Seals 002646 (composite),P853,Q512161,Neo-Babylonian Period,Q512148,Ur III Period,Replace live period claim with verified FactGrid QID for expected CDLI period label.,Q2166213$C557C7A2-2B8A-4234-9467-A76924CDAE0C,Q2166213$88C78C58-A014-4B88-87FD-455155D660C5,written,
ready,455403,Q2162547,Cuneiform Artifact CDLI Seals 002693 (composite),P853,Q512152,Old Babylonian Period,Q512148,Ur III Period,Replace live period claim with verified FactGrid QID for expected CDLI period label.,Q2162547$053B2B65-9EE1-4637-B1B1-3EEBCD54041D,Q2162547$8F1890C1-564F-4525-A665-1C37961975C2,written,
ready,455454,Q2164983,Cuneiform Artifact CDLI Seals 002744 (composite),P853,Q512153,Middle Hittite Period,Q512148,Ur III Period,Replace live period claim with verified FactGrid QID for expected CDLI period label.,Q2164983$A74938A2-EC05-4A89-81A4-F22563DC61C1,Q2164983$B1094C1C-7E03-4556-84B8-DDC918B229AF,written,
ready,455546,Q2162196,Cuneiform Artifact CDLI Seals 002836 (composite),P853,Q512153,Middle Hittite Period,Q512148,Ur III Period,Replace live period claim with verified FactGrid QID for expected CDLI period label.,Q2162196$CCDE7F4E-69CB-4F6F-B0FC-BE40641618CE,Q2162196$572F3DEC-F4EE-4B24-874F-F26EF89056D3,written,
ready,455614,Q2167934,Cuneiform Artifact CDLI Seals 002904 (composite),P853,Q512153,Middle Hittite Period,Q512148,Ur III Period,Replace live period claim with verified FactGrid QID for expected CDLI period label.,Q2167934$96CE0564-C8A9-450F-B4A5-CF14BCFBE4C0,Q2167934$E8D9E4D6-28B7-4B98-B807-68DD64939BC8,written,
ready,455638,Q2163761,Cuneiform Artifact CDLI Seals 002928 (composite),P853,Q512162,Persian Period,Q512148,Ur III Period,Replace live period claim with verified FactGrid QID for expected CDLI period label.,Q2163761$6F8932F6-023D-4211-BD59-C4EF33C8773D,Q2163761$44479507-EB06-4031-8FCA-9360D05AD194,written,
ready,455751,Q2168299,Cuneiform Artifact CDLI Seals 003041 (composite),P853,Q512161,Neo-Babylonian Period,Q512148,Ur III Period,Replace live period claim with verified FactGrid QID for expected CDLI period label.,Q2168299$E1265738-9D44-4140-B2AE-FB9AAD216C13,Q2168299$8EE931ED-970D-42E3-97AA-773265D766B1,written,
ready,455792,Q2163490,Cuneiform Artifact CDLI Seals 003082 (composite),P853,Q512158,Neo-Assyrian Period,Q512148,Ur III Period,Replace live period claim with verified FactGrid QID for expected CDLI period label.,Q2163490$6144358B-80A9-4B40-AD6F-8E3DABE51087,Q2163490$C8E0FA0C-5F01-4BAB-A7E9-4524C1B3281B,written,
ready,455839,Q2167592,Cuneiform Artifact CDLI Seals 003129 (composite),P853,Q512158,Neo-Assyrian Period,Q512148,Ur III Period,Replace live period claim with verified FactGrid QID for expected CDLI period label.,Q2167592$7C4AA8EE-86A5-40C6-AE3A-27B959D79D4D,Q2167592$F5DEC8BA-A5A9-416E-844A-775BF8DD5CA7,written,
ready,455907,Q2164836,Cuneiform Artifact CDLI Seals 003197 (composite),P853,Q512163,Achaemenid Period,Q512148,Ur III Period,Replace live period claim with verified FactGrid QID for expected CDLI period label.,Q2164836$08CD1C33-3721-49FF-B553-888F35EED07E,Q2164836$28386246-018A-471E-A64D-7274B268CAA0,written,
ready,455950,Q2162700,Cuneiform Artifact CDLI Seals 003240 (composite),P853,Q512150,Early Old Babylonian Period,Q512148,Ur III Period,Replace live period claim with verified FactGrid QID for expected CDLI period label.,Q2162700$BB7DA534-9B6A-4A9F-B274-69E283253774,Q2162700$0F95E61A-F488-428B-A373-15FDD5307807,written,
ready,456014,Q2164039,Cuneiform Artifact CDLI Seals 003304 (composite),P853,Q512153,Middle Hittite Period,Q512148,Ur III Period,Replace live period claim with verified FactGrid QID for expected CDLI period label.,Q2164039$706720A8-0F11-4F24-A493-BDE62EF493A2,Q2164039$DFBABB25-ACC4-42AA-ADF0-01E3B63DC7B4,written,
ready,456038,Q2167640,Cuneiform Artifact CDLI Seals 003328 (composite),P853,Q512153,Middle Hittite Period,Q512148,Ur III Period,Replace live period claim with verified FactGrid QID for expected CDLI period label.,Q2167640$665D24FA-CE2C-43CB-B6B3-A343C1E7814C,Q2167640$31EEAF9B-13AB-4AB6-A988-B773E1DCB08A,written,
ready,456080,Q2165999,Cuneiform Artifact CDLI Seals 003370 (composite),P853,Q512144,Old Akkadian Period,Q512148,Ur III Period,Replace live period claim with verified FactGrid QID for expected CDLI period label.,Q2165999$60CBA550-378A-4E8F-87E4-86F0B4095280,Q2165999$6C15F91E-E7A7-4C7B-B27A-E25A5B8069EA,written,
ready,456151,Q2163088,Cuneiform Artifact CDLI Seals 003441 (composite),P853,Q512152,Old Babylonian Period,Q512148,Ur III Period,Replace live period claim with verified FactGrid QID for expected CDLI period label.,Q2163088$74351561-23AC-4365-91EF-E841E6B88DE3,Q2163088$43DB2487-88B8-46D7-92A1-E2138C577CDE,written,
ready,456203,Q2166525,Cuneiform Artifact CDLI Seals 003493 (composite),P853,Q512154,Middle Babylonian Period,Q512148,Ur III Period,Replace live period claim with verified FactGrid QID for expected CDLI period label.,Q2166525$2E920D45-0294-465D-9AD2-5476A8BC6811,Q2166525$95A8A944-89A1-4FD5-9935-7D5107AB6533,written,
ready,456278,Q2164649,Cuneiform Artifact CDLI Seals 003568 (composite),P853,Q512163,Achaemenid Period,Q512148,Ur III Period,Replace live period claim with verified FactGrid QID for expected CDLI period label.,Q2164649$54B78A34-AA90-441C-ADC1-0E2FCBDC3A83,Q2164649$A45F7CC4-0347-4917-93D2-27DA4CD163F7,written,
ready,456297,Q2164558,Cuneiform Artifact CDLI Seals 003587 (composite),P853,Q512152,Old Babylonian Period,Q512148,Ur III Period,Replace live period claim with verified FactGrid QID for expected CDLI period label.,Q2164558$99370464-C00D-495D-83F8-2A0A2D108D97,Q2164558$9ADEF242-5332-4659-A9A0-505273E4A207,written,
ready,456444,Q2163911,Cuneiform Artifact CDLI Seals 003734 (composite),P853,Q512164,Hellenistic Period,Q512148,Ur III Period,Replace live period claim with verified FactGrid QID for expected CDLI period label.,,,error,RuntimeError: No matching P853 Q512164 claim found on Q2163911
ready,456468,Q2167803,Cuneiform Artifact CDLI Seals 003758 (composite),P853,Q512137,Early Dynastic I Period,Q512148,Ur III Period,Replace live period claim with verified FactGrid QID for expected CDLI period label.,Q2167803$7A9C88E5-25F7-40F8-9ADB-D3793BF0FDA8,Q2167803$A169C163-8BAB-4840-8FA0-91A336ECCEA4,written,
ready,456501,Q2162970,Cuneiform Artifact CDLI Seals 003791 (composite),P853,Q512135,Proto-Elamite Period,Q512148,Ur III Period,Replace live period claim with verified FactGrid QID for expected CDLI period label.,Q2162970$54460FA0-A7EB-4EB7-9F16-6878BF615EA1,Q2162970$70BD4607-4B15-4293-A588-88D4D5117CE0,written,
ready,456595,Q2165800,Cuneiform Artifact CDLI Seals 003885 (composite),P853,Q512152,Old Babylonian Period,Q512148,Ur III Period,Replace live period claim with verified FactGrid QID for expected CDLI period label.,Q2165800$A23DCFD7-276E-42F0-96F9-14CAE4CACB8D,Q2165800$A6F9D67D-D607-4D0D-8220-13B54DBC7681,written,
ready,456628,Q2164856,Cuneiform Artifact CDLI Seals 003918 (composite),P853,Q512152,Old Babylonian Period,Q512148,Ur III Period,Replace live period claim with verified FactGrid QID for expected CDLI period label.,Q2164856$64E7C62F-A26A-4F2D-9945-0181250DCCC1,Q2164856$FE0A28CA-EDB0-4FFB-B669-4423C4122B7E,written,
ready,456782,Q2164826,Cuneiform Artifact CDLI Seals 004072 (composite),P853,Q512161,Neo-Babylonian Period,Q512148,Ur III Period,Replace live period claim with verified FactGrid QID for expected CDLI period label.,Q2164826$577F5687-2417-4574-B518-843001BAC8D2,Q2164826$AA07007C-00F4-4DA7-B94D-1B3B25C6FA3D,written,
ready,456829,Q2166355,Cuneiform Artifact CDLI Seals 004119 (composite),P853,Q512161,Neo-Babylonian Period,Q512148,Ur III Period,Replace live period claim with verified FactGrid QID for expected CDLI period label.,Q2166355$0A3901FB-D180-40E3-9E4B-254B9A8B59EB,Q2166355$FA0B92E5-7FF1-4ADC-9F67-BCE40F89EEE4,written,
ready,456917,Q2163778,Cuneiform Artifact CDLI Seals 004207 (composite),P853,Q512143,Ebla Period,Q512148,Ur III Period,Replace live period claim with verified FactGrid QID for expected CDLI period label.,Q2163778$B8C6D9C6-15FF-4EEE-A50C-88E60B6F9E96,Q2163778$58E7FF82-29CE-4701-A448-D018BFE6E1C2,written,
ready,456983,Q2166311,Cuneiform Artifact CDLI Seals 004273 (composite),P853,Q512146,Lagash II Period,Q512148,Ur III Period,Replace live period claim with verified FactGrid QID for expected CDLI period label.,Q2166311$77730DA5-0F89-492B-A6CB-E7D1E240D31B,Q2166311$5938D7B6-4352-40AC-A374-60E2A22902EB,written,
ready,457039,Q2165164,Cuneiform Artifact CDLI Seals 004329 (composite),P853,Q512154,Middle Babylonian Period,Q512148,Ur III Period,Replace live period claim with verified FactGrid QID for expected CDLI period label.,Q2165164$4B7BCA2B-8E5A-4F11-BA77-B34FAC457594,Q2165164$AE6F590E-27F4-4969-B82C-84C807D7B8EA,written,
ready,457081,Q2162331,Cuneiform Artifact CDLI Seals 004371 (composite),P853,Q512152,Old Babylonian Period,Q512148,Ur III Period,Replace live period claim with verified FactGrid QID for expected CDLI period label.,Q2162331$2531E7EF-D6A0-4DD6-A166-2BEFE508D02B,Q2162331$B146D3BC-6471-44C8-880E-FB8C1DBD403C,written,
ready,457107,Q2167323,Cuneiform Artifact CDLI Seals 004397 (composite),P853,Q512140,Early Dynastic IIIa Period,Q512148,Ur III Period,Replace live period claim with verified FactGrid QID for expected CDLI period label.,Q2167323$2593D66D-97C8-495D-8324-560117DDCFE6,Q2167323$BBC10F44-1E7D-4BD0-B238-09DB31022C1E,written,
ready,457255,Q2163619,Cuneiform Artifact CDLI Seals 004545 (composite),P853,Q512155,Middle Assyrian Period,Q512148,Ur III Period,Replace live period claim with verified FactGrid QID for expected CDLI period label.,Q2163619$241842E1-9022-422B-B523-A28702C19041,Q2163619$773E37C6-AB72-476A-A05B-E1B66C921E26,written,
ready,457279,Q2168080,Cuneiform Artifact CDLI Seals 004569 (composite),P853,Q512152,Old Babylonian Period,Q512148,Ur III Period,Replace live period claim with verified FactGrid QID for expected CDLI period label.,Q2168080$6B133905-197D-4B6E-B75D-8F57159A67DE,Q2168080$661310A7-FEBA-4FB7-9AB6-6BB09D870DE9,written,
ready,457310,Q2163260,Cuneiform Artifact CDLI Seals 004600 (composite),P853,Q512140,Early Dynastic IIIa Period,Q512148,Ur III Period,Replace live period claim with verified FactGrid QID for expected CDLI period label.,Q2163260$2C5F5E8C-2084-49F6-9BCC-2FACC5D0B02A,Q2163260$7B8DB884-946A-4A94-9259-E613F8CC33CC,written,
ready,457469,Q2164989,Cuneiform Artifact CDLI Seals 004759 (composite),P853,Q512134,Uruk III Period,Q512148,Ur III Period,Replace live period claim with verified FactGrid QID for expected CDLI period label.,Q2164989$CF7FDE6E-0DAC-4F08-9FAC-961B00F30540,Q2164989$90A4F42C-358C-4D9B-8B89-0CD3723AE561,written,
ready,457486,Q2164246,Cuneiform Artifact CDLI Seals 004776 (composite),P853,Q512144,Old Akkadian Period,Q512148,Ur III Period,Replace live period claim with verified FactGrid QID for expected CDLI period label.,Q2164246$EA1F648C-9E48-4FF5-A0E3-89E9DF3FEE9E,Q2164246$908277EA-74F7-43AD-B441-B8384639040F,written,
ready,457629,Q2167922,Cuneiform Artifact CDLI Seals 004919 (composite),P853,Q512146,Lagash II Period,Q512148,Ur III Period,Replace live period claim with verified FactGrid QID for expected CDLI period label.,Q2167922$7CB06AEB-DC46-427D-A7B8-61E316B5BF4F,Q2167922$8FF2ABA1-15F5-41C2-B73B-7302F768586D,written,
ready,457691,Q2166289,Cuneiform Artifact CDLI Seals 004981 (composite),P853,Q512143,Ebla Period,Q512148,Ur III Period,Replace live period claim with verified FactGrid QID for expected CDLI period label.,Q2166289$AF958D53-F440-4A23-8965-7196C6549D6D,Q2166289$789602A7-D463-46E4-90E8-01117BFB2CB8,written,
ready,457740,Q2163386,Cuneiform Artifact CDLI Seals 005030 (composite),P853,Q512158,Neo-Assyrian Period,Q512148,Ur III Period,Replace live period claim with verified FactGrid QID for expected CDLI period label.,Q2163386$225D1C16-B875-49C2-8638-1845A6CFD59F,Q2163386$B87B0348-01AA-456B-9609-7F8E4BE58CB5,written,
ready,458026,Q2168006,Cuneiform Artifact CDLI Seals 005316 (composite),P853,Q512153,Middle Hittite Period,Q512148,Ur III Period,Replace live period claim with verified FactGrid QID for expected CDLI period label.,Q2168006$B4FC5247-3C48-4799-BD8D-024DBADEACC7,Q2168006$BCE0453B-CB6F-40D8-AC11-D0D17EF93E84,written,
ready,458134,Q2166414,Cuneiform Artifact CDLI Seals 005424 (composite),P853,Q512134,Uruk III Period,Q512148,Ur III Period,Replace live period claim with verified FactGrid QID for expected CDLI period label.,Q2166414$0E72EC8C-2F8E-4655-B222-D39FE5F31F62,Q2166414$E0C9FCA0-3E40-421E-BC82-59F12D94E61F,written,
ready,458163,Q2168233,Cuneiform Artifact CDLI Seals 005453 (composite),P853,Q512132,Uruk IV Period,Q512148,Ur III Period,Replace live period claim with verified FactGrid QID for expected CDLI period label.,Q2168233$097441DA-FA9F-44BD-A422-76CA62AE5E74,Q2168233$2C86238D-D1AD-4B9C-9E26-191F820CCAB6,written,
ready,458231,Q2162483,Cuneiform Artifact CDLI Seals 005521 (composite),P853,Q512152,Old Babylonian Period,Q512148,Ur III Period,Replace live period claim with verified FactGrid QID for expected CDLI period label.,Q2162483$BAA672B2-532D-4667-872E-347039FB023D,Q2162483$ADFD8E66-CCB5-44C6-ACAF-1017F83E9C45,written,
ready,458266,Q2165063,Cuneiform Artifact CDLI Seals 005556 (composite),P853,Q512153,Middle Hittite Period,Q512148,Ur III Period,Replace live period claim with verified FactGrid QID for expected CDLI period label.,Q2165063$FFEDA5D4-3261-4336-923D-3D078EB58B06,Q2165063$9EAB1DDF-36E6-4F68-AED4-D8F1CC5C733A,written,
ready,458323,Q2164067,Cuneiform Artifact CDLI Seals 005613 (composite),P853,Q512164,Hellenistic Period,Q512148,Ur III Period,Replace live period claim with verified FactGrid QID for expected CDLI period label.,,,error,RuntimeError: No matching P853 Q512164 claim found on Q2164067
ready,458421,Q2165308,Cuneiform Artifact CDLI Seals 005711 (composite),P853,Q512152,Old Babylonian Period,Q512148,Ur III Period,Replace live period claim with verified FactGrid QID for expected CDLI period label.,Q2165308$7D946EBB-CD56-4D8F-9D7A-713AFA0A3DD7,Q2165308$7B6444A1-5F2C-4109-9871-55C07B3347F6,written,
ready,458476,Q2168175,Cuneiform Artifact CDLI Seals 005766 (composite),P853,Q512152,Old Babylonian Period,Q512148,Ur III Period,Replace live period claim with verified FactGrid QID for expected CDLI period label.,Q2168175$23FCE489-A25A-4E90-945D-527B27FFBFF7,Q2168175$A7FCD231-F03D-48A6-B6AF-BD3190270A1D,written,
ready,458499,Q2168346,Cuneiform Artifact CDLI Seals 005789 (composite),P853,Q512153,Middle Hittite Period,Q512148,Ur III Period,Replace live period claim with verified FactGrid QID for expected CDLI period label.,Q2168346$9F183E35-27CF-42DE-B28C-423C80333108,Q2168346$83550107-98E3-405D-BA4B-E1530681842B,written,
ready,458564,Q2166270,Cuneiform Artifact CDLI Seals 005854 (composite),P853,Q512153,Middle Hittite Period,Q512148,Ur III Period,Replace live period claim with verified FactGrid QID for expected CDLI period label.,Q2166270$FF7ABA8F-DF67-414D-94FC-D19238A424CF,Q2166270$4A420B0F-0979-4967-B12E-655895F4E8E2,written,
ready,458636,Q2165247,Cuneiform Artifact CDLI Seals 005926 (composite),P853,Q512153,Middle Hittite Period,Q512148,Ur III Period,Replace live period claim with verified FactGrid QID for expected CDLI period label.,Q2165247$CF11F0C7-A635-46A5-AB0E-BDDFB32F8C2C,Q2165247$06A878B8-8906-4CD3-8EB0-70003C7F5C44,written,
ready,458661,Q2162350,Cuneiform Artifact CDLI Seals 005951 (composite),P853,Q512152,Old Babylonian Period,Q512148,Ur III Period,Replace live period claim with verified FactGrid QID for expected CDLI period label.,Q2162350$DFD2DD05-A4D5-402F-8C31-89D8E4137BDD,Q2162350$23EBFD35-F790-4E89-A71F-642023BB31BB,written,
ready,458773,Q2164226,Cuneiform Artifact CDLI Seals 006063 (composite),P853,Q512152,Old Babylonian Period,Q512148,Ur III Period,Replace live period claim with verified FactGrid QID for expected CDLI period label.,Q2164226$50BBCCF5-8C57-4649-B594-1C1AF50F9776,Q2164226$F3F94BC7-A3FF-4DCE-8FD4-CCF2F801297B,written,
ready,458837,Q2166128,Cuneiform Artifact CDLI Seals 006127 (composite),P853,Q512144,Old Akkadian Period,Q512148,Ur III Period,Replace live period claim with verified FactGrid QID for expected CDLI period label.,Q2166128$772BD0B8-9AB1-44B4-835F-FD8B1B68BAA1,Q2166128$6B0CC7B9-121F-478A-8B70-9E84733BBD8E,written,
ready,458860,Q2168545,Cuneiform Artifact CDLI Seals 006150 (composite),P853,Q512153,Middle Hittite Period,Q512148,Ur III Period,Replace live period claim with verified FactGrid QID for expected CDLI period label.,Q2168545$BC257AB0-C7BB-474A-9428-4B8DB0DE971A,Q2168545$D2B2D8B5-F279-427E-9F0E-A1C01D7310B8,written,
ready,464020,Q2163127,Cuneiform Artifact CDLI Seals 006392 (composite),P853,Q512146,Lagash II Period,Q512148,Ur III Period,Replace live period claim with verified FactGrid QID for expected CDLI period label.,Q2163127$ADB855E6-795D-4E48-A805-52F961043619,Q2163127$4CB599B2-071E-42E6-AC2F-8D025999DDF1,written,
ready,478003,Q2163135,Cuneiform Artifact CDLI Seals 004272 (composite),P853,Q512152,Old Babylonian Period,Q512148,Ur III Period,Replace live period claim with verified FactGrid QID for expected CDLI period label.,Q2163135$C2AF8613-E1EF-4E16-86D3-96CCAC1F842F,Q2163135$ABF89653-409A-4EE8-A0F0-D1FC93C1FECA,written,
ready,478214,Q2167346,Cuneiform Artifact CDLI Seals 011420 (physical),P853,Q512163,Achaemenid Period,Q512148,Ur III Period,Replace live period claim with verified FactGrid QID for expected CDLI period label.,Q2167346$92E4D7B5-945C-4F5C-BDC0-1B6C5F58E175,Q2167346$2ACBF56B-6B9C-4ABD-87B7-D74134C6304A,written,
ready,478280,Q2164862,Cuneiform Artifact CDLI Seals 011486 (physical),P853,Q512152,Old Babylonian Period,Q512148,Ur III Period,Replace live period claim with verified FactGrid QID for expected CDLI period label.,Q2164862$348FC01F-C49F-4B98-BA66-4A1F0C19CCA2,Q2164862$6D388DDF-1FF9-4708-9FF6-0EAF780F3C4D,written,
ready,499446,Q2163445,"Cuneiform Artifact RIME 3/2.01.03.15, ex. add56",P853,Q512153,Middle Hittite Period,Q512148,Ur III Period,Replace live period claim with verified FactGrid QID for expected CDLI period label.,Q2163445$75FF4914-DE5D-4584-BA9B-1B1F5CA18E09,Q2163445$D3A3ADE3-8017-481E-9199-CB6503C5B34E,written,
ready,504596,Q2168291,Cuneiform Artifact CDLI Seals 013407 (physical),P853,Q512158,Neo-Assyrian Period,Q512148,Ur III Period,Replace live period claim with verified FactGrid QID for expected CDLI period label.,Q2168291$A72C0087-0304-41F6-87BA-D1DCC99C54F4,Q2168291$6F35050C-3125-427E-836F-992541569716,written,
ready,511491,Q2164758,Cuneiform Artifact CDLI Seals 013014 (physical),P853,Q512152,Old Babylonian Period,Q512148,Ur III Period,Replace live period claim with verified FactGrid QID for expected CDLI period label.,Q2164758$E94F99AE-A78D-4E29-922C-C5C1629383F5,Q2164758$809E5B97-21B0-4694-A66F-3CF68E5E4A4D,written,
ready,511540,Q2166641,Cuneiform Artifact CDLI Seals 013063 (physical),P853,Q512159,Late Babylonian Period,Q512148,Ur III Period,Replace live period claim with verified FactGrid QID for expected CDLI period label.,Q2166641$6C06359E-0AC8-42BD-805D-7A4F8CFEB348,Q2166641$996D815F-1BCF-4C13-8ED5-7C7885F41BE8,written,
ready,515597,Q2164352,"Cuneiform Artifact CUSAS 40, 0813",P853,Q512158,Neo-Assyrian Period,Q512148,Ur III Period,Replace live period claim with verified FactGrid QID for expected CDLI period label.,Q2164352$70D615C4-4C4F-490F-B804-2A09BD478EB4,Q2164352$75AC9E3D-4729-46FC-AA41-ACA26E61AA66,written,
ready,517007,Q2162122,Cuneiform Artifact CDLI Seals 013959 (composite),P853,Q512154,Middle Babylonian Period,Q512148,Ur III Period,Replace live period claim with verified FactGrid QID for expected CDLI period label.,Q2162122$E5B80CDC-0CA1-4DD7-B0B9-19452C216679,Q2162122$DC0E85E6-17A8-4231-A880-7F7539F164A6,written,
ready,519672,Q2163113,Cuneiform Artifact CDLI Seals 014291 (composite),P853,Q512162,Persian Period,Q512148,Ur III Period,Replace live period claim with verified FactGrid QID for expected CDLI period label.,Q2163113$C5E2B17F-E6DC-4430-9E96-48A21AB88B34,Q2163113$BB3B4D42-82CE-4CC5-9A80-27294E2D99B2,written,
