audit_status,cdli_id,factgrid_qid,artifact_label,live_label_en,live_description_en,expected_period_qid,expected_period_label,live_period_property,live_period_qid,live_period_label,live_cdli_id
no_expected_no_live,115802,Q2165607,,"Cuneiform Tablet MVN 09, 159","CDLI artifact: tablet; from uncertain (mod. uncertain); held by Yale Babylonian Collection, New Haven, Connecticut, USA; CDLI P115802",,,,,,P115802
no_expected_no_live,227658,Q2169068,,"Cuneiform Artifact PBS 11/3, 078","CDLI artifact: prism; from Nippur (mod. Nuffar); held by Penn Museum, Philadelphia, Pennsylvania, USA; CDLI P227658",,,,,,P227658
no_expected_no_live,229596,Q1937608,,"Cuneiform Tablet MSL 13, 040 B","Sumerian lexical tablet found in the nufar provenience, dated to an unspecified period and currently held in the arkeoloji müzeleri, istanbul, turkey.",,,,,,P229596
no_expected_no_live,229607,Q1937644,,"Cuneiform Tablet MSL 13, 041, CBS 10294","Sumerian lexical tablet found in the nufar provenience, dated to an unspecified period and currently held in the university of pennsylvania museum of archaeology and anthropology, philadelphia, pennsylvania, usa.",,,,,,P229607
no_expected_no_live,229781,Q894455,,Cuneiform Tablet HS 1645,Cuneiform Tablet of the Hilprecht Collection of Babylonian antiquities,,,,,,P229781
no_expected_no_live,229892,Q894588,,Cuneiform Tablet HS 1688,Cuneiform Tablet of the Hilprecht Collection of Babylonian antiquities,,,,,,P229892
no_expected_no_live,229938,Q894566,,Cuneiform Tablet HS 1768,Cuneiform Tablet of the Hilprecht Collection of Babylonian antiquities,,,,,,P229938
no_expected_no_live,229943,Q2063736,,Cuneiform Tablet HS 1773,"Lexical tablet from an unspecified location, dated to an unspecified period and currently held in the hilprecht collection, university of jena, germany.",,,,,,P229943
no_expected_no_live,229980,Q893863,,Cuneiform Tablet HS 1825,Cuneiform Tablet of the Hilprecht Collection of Babylonian antiquities,,,,,,P229980
no_expected_no_live,230076,Q2066277,,Cuneiform Tablet Ist Ni 03355,"Lexical tablet found in the nufar provenience, dated to an unspecified period and currently held in the arkeoloji müzeleri, istanbul, turkey.",,,,,,P230076
no_expected_no_live,230099,Q2066338,,Cuneiform Tablet Ist Ni 05143,"Lexical tablet found in the nufar provenience, dated to an unspecified period and currently held in the arkeoloji müzeleri, istanbul, turkey.",,,,,,P230099
no_expected_no_live,230148,Q2048132,,"Cuneiform Tablet TMN p. 330, Ist Ni 03179","Sumerian lexical tablet found in the nufar provenience, dated to an unspecified period and currently held in the arkeoloji müzeleri, istanbul, turkey.",,,,,,P230148
no_expected_no_live,230172,Q2169918,,"Cuneiform Artifact PBS 11/3, 070","CDLI artifact: prism; from Nippur (mod. Nuffar); held by Penn Museum, Philadelphia, Pennsylvania, USA; CDLI P230172",,,,,,P230172
no_expected_no_live,230261,Q2059547,,Cuneiform Tablet UM 55-21-272,"Lexical tablet found in the nufar provenience, dated to an unspecified period and currently held in the university of pennsylvania museum of archaeology and anthropology, philadelphia, pennsylvania, usa.",,,,,,P230261
no_expected_no_live,230324,Q2003348,,"Cuneiform Tablet PBS 11/2, 029","Lexical tablet found in the nufar provenience, dated to an unspecified period and currently held in the university of pennsylvania museum of archaeology and anthropology, philadelphia, pennsylvania, usa.",,,,,,P230324
no_expected_no_live,230518,Q2018860,,Cuneiform Tablet CBS 13128,"Sumerian lexical tablet from an unspecified location, dated to an unspecified period and currently held in the university of pennsylvania museum of archaeology and anthropology, philadelphia, pennsylvania, usa.",,,,,,P230518
no_expected_no_live,230563,Q2059422,,Cuneiform Tablet UM 29-16-575,"Sumerian lexical tablet found in the nufar provenience, dated to an unspecified period and currently held in the university of pennsylvania museum of archaeology and anthropology, philadelphia, pennsylvania, usa.",,,,,,P230563
no_expected_no_live,230631,Q2059235,,Cuneiform Tablet UM 29-15-424,"Sumerian lexical tablet found in the nufar provenience, dated to an unspecified period and currently held in the university of pennsylvania museum of archaeology and anthropology, philadelphia, pennsylvania, usa.",,,,,,P230631
no_expected_no_live,231759,Q2048146,,"Cuneiform Tablet TMN p. 337, Ist Ni 03711","Sumerian lexical tablet found in the nufar provenience, dated to an unspecified period and currently held in the arkeoloji müzeleri, istanbul, turkey.",,,,,,P231759
no_expected_no_live,247864,Q2033369,,"Cuneiform Tablet CM 22, pl. 36-37","Lexical tablet from an unspecified location, dated to an unspecified period and currently held in the national museum of iraq, baghdad, iraq.",,,,,,P247864
no_expected_no_live,248380,Q2164618,,Cuneiform Tablet HMA 9-02884,"CDLI artifact: tablet; held by Hearst Museum of Anthropology, University of California at Berkeley, Berkeley, California, USA; CDLI P248380",,,,,,P248380
no_expected_no_live,248569,Q2154344,,Cuneiform Tablet HMA unident07,"CDLI artifact: tablet; held by Hearst Museum of Anthropology, University of California at Berkeley, Berkeley, California, USA; CDLI P248569",,,,,,P248569
no_expected_no_live,250323,Q2025049,,Cuneiform Tablet AUAM 73.3308a,"CDLI artifact: tablet; held by Siegfried H. Horn Museum, Institute of Archaeology, Andrews University, Berrien Springs, Michigan, USA; CDLI P250323",,,,,,P250323
no_expected_no_live,252164,Q2149592,,Cuneiform Tablet MS 3153,"CDLI artifact: tablet; from uncertain (mod. uncertain); held by Schøyen Collection, Oslo, Norway; CDLI P252164",,,,,,P252164
no_expected_no_live,256721,Q2164912,,Cuneiform Tablet UM 29-16-124,"CDLI artifact: tablet; held by Penn Museum, Philadelphia, Pennsylvania, USA; CDLI P256721",,,,,,P256721
no_expected_no_live,256776,Q2162617,,Cuneiform Artifact UM 29-16-196,"CDLI artifact: sealing; from Nippur (mod. Nuffar); held by Penn Museum, Philadelphia, Pennsylvania, USA; CDLI P256776",,,,,,P256776
no_expected_no_live,257327,Q2165286,,Cuneiform Artifact UM 55-21-137,"CDLI artifact: Vessel; from Nippur (mod. Nuffar); held by Penn Museum, Philadelphia, Pennsylvania, USA; CDLI P257327",,,,,,P257327
no_expected_no_live,260306,Q2164225,,"Cuneiform Tablet PBS 14, 0105","CDLI artifact: tablet; held by Penn Museum, Philadelphia, Pennsylvania, USA; CDLI P260306",,,,,,P260306
no_expected_no_live,260701,Q2162275,,Cuneiform Tablet CBS 04384,"CDLI artifact: tablet; held by Penn Museum, Philadelphia, Pennsylvania, USA; CDLI P260701",,,,,,P260701
no_expected_no_live,260869,Q2163034,,Cuneiform Tablet CBS 04555,"CDLI artifact: tablet; held by Penn Museum, Philadelphia, Pennsylvania, USA; CDLI P260869",,,,,,P260869
no_expected_no_live,261096,Q2167542,,Cuneiform Tablet CBS 04900,"CDLI artifact: tablet; held by Penn Museum, Philadelphia, Pennsylvania, USA; CDLI P261096",,,,,,P261096
no_expected_no_live,261203,Q2170080,,Cuneiform Artifact CDLI Seals 000617 (physical),"CDLI artifact: Cylinder seal; from uncertain (mod. uncertain); held by Penn Museum, Philadelphia, Pennsylvania, USA; CDLI P261203",,,,,,P261203
no_expected_no_live,261215,Q2165754,,Cuneiform Artifact CDLI Seals 000629 (physical),"CDLI artifact: Cylinder seal; from uncertain (mod. uncertain); held by Penn Museum, Philadelphia, Pennsylvania, USA; CDLI P261215",,,,,,P261215
no_expected_no_live,261242,Q2167702,,Cuneiform Artifact CDLI Seals 000656 (physical),"CDLI artifact: Cylinder seal; from uncertain (mod. uncertain); held by Penn Museum, Philadelphia, Pennsylvania, USA; CDLI P261242",,,,,,P261242
no_expected_no_live,261254,Q2158301,,Cuneiform Artifact CDLI Seals 000668 (physical),"CDLI artifact: Cylinder seal; from uncertain (mod. uncertain); held by Penn Museum, Philadelphia, Pennsylvania, USA; CDLI P261254",,,,,,P261254
no_expected_no_live,261281,Q2162911,,Cuneiform Artifact CDLI Seals 000695 (physical),"CDLI artifact: Cylinder seal; from uncertain (mod. uncertain); held by Penn Museum, Philadelphia, Pennsylvania, USA; CDLI P261281",,,,,,P261281
no_expected_no_live,261307,Q2168525,,Cuneiform Artifact CDLI Seals 000721 (physical),"CDLI artifact: Stamp seal; from uncertain (mod. uncertain); held by Penn Museum, Philadelphia, Pennsylvania, USA; CDLI P261307",,,,,,P261307
no_expected_no_live,261311,Q2164738,,Cuneiform Artifact CDLI Seals 000725 (physical),"CDLI artifact: Stamp seal; from uncertain (mod. uncertain); held by Penn Museum, Philadelphia, Pennsylvania, USA; CDLI P261311",,,,,,P261311
no_expected_no_live,261645,Q2165614,,Cuneiform Artifact CDLI Seals 000736 (physical),"CDLI artifact: Cylinder seal; held by Penn Museum, Philadelphia, Pennsylvania, USA; CDLI P261645",,,,,,P261645
no_expected_no_live,261653,Q2170191,,Cuneiform Artifact CDLI Seals 000744 (physical),"CDLI artifact: Cylinder seal; held by Penn Museum, Philadelphia, Pennsylvania, USA; CDLI P261653",,,,,,P261653
no_expected_no_live,261700,Q2165981,,Cuneiform Tablet CBS 05507,"CDLI artifact: tablet; held by Penn Museum, Philadelphia, Pennsylvania, USA; CDLI P261700",,,,,,P261700
no_expected_no_live,261741,Q2161758,,Cuneiform Tablet CBS 05548,"CDLI artifact: tablet; held by Penn Museum, Philadelphia, Pennsylvania, USA; CDLI P261741",,,,,,P261741
no_expected_no_live,261757,Q1368819,,Cuneiform Tablet CBS 05564,"CDLI artifact: tablet; held by Penn Museum, Philadelphia, Pennsylvania, USA; CDLI P261757",,,,,,P261757
no_expected_no_live,261813,Q2162283,,Cuneiform Tablet CBS 05620,"CDLI artifact: tablet; held by Penn Museum, Philadelphia, Pennsylvania, USA; CDLI P261813",,,,,,P261813
no_expected_no_live,261844,Q2164099,,Cuneiform Tablet CBS 05651,"CDLI artifact: tablet; held by Penn Museum, Philadelphia, Pennsylvania, USA; CDLI P261844",,,,,,P261844
no_expected_no_live,261901,Q2165084,,Cuneiform Tablet CBS 05708,"CDLI artifact: tablet; held by Penn Museum, Philadelphia, Pennsylvania, USA; CDLI P261901",,,,,,P261901
no_expected_no_live,261956,Q2162504,,Cuneiform Tablet CBS 05763,"CDLI artifact: tablet; held by Penn Museum, Philadelphia, Pennsylvania, USA; CDLI P261956",,,,,,P261956
no_expected_no_live,262340,Q2167233,,Cuneiform Artifact CDLI Seals 000785 (physical),"CDLI artifact: Cylinder seal; held by Penn Museum, Philadelphia, Pennsylvania, USA; CDLI P262340",,,,,,P262340
no_expected_no_live,262439,Q2165430,,Cuneiform Tablet CBS 07438,"CDLI artifact: tablet; held by Penn Museum, Philadelphia, Pennsylvania, USA; CDLI P262439",,,,,,P262439
no_expected_no_live,262442,Q2163680,,Cuneiform Tablet CBS 07441,"CDLI artifact: tablet; held by Penn Museum, Philadelphia, Pennsylvania, USA; CDLI P262442",,,,,,P262442
no_expected_no_live,262710,Q2167078,,Cuneiform Tablet CBS 07700A,"CDLI artifact: tablet; from Nippur (mod. Nuffar); held by Penn Museum, Philadelphia, Pennsylvania, USA; CDLI P262710",,,,,,P262710
no_expected_no_live,262878,Q1367471,,Cuneiform Tablet CBS 07918,"CDLI artifact: tablet; from Nippur (mod. Nuffar); held by Penn Museum, Philadelphia, Pennsylvania, USA; CDLI P262878",,,,,,P262878
no_expected_no_live,263438,Q2162616,,Cuneiform Tablet CBS 08640,"CDLI artifact: tablet; from Nippur (mod. Nuffar); held by Penn Museum, Philadelphia, Pennsylvania, USA; CDLI P263438",,,,,,P263438
no_expected_no_live,263697,Q2166079,,Cuneiform Tablet CBS 08881b,"CDLI artifact: tablet; held by Penn Museum, Philadelphia, Pennsylvania, USA; CDLI P263697",,,,,,P263697
no_expected_no_live,263746,Q2163046,,Cuneiform Artifact CDLI Seals 000817 (physical),"CDLI artifact: Cylinder seal; from Nippur (mod. Nuffar); held by Penn Museum, Philadelphia, Pennsylvania, USA; CDLI P263746",,,,,,P263746
no_expected_no_live,263785,Q2167675,,Cuneiform Artifact CDLI Seals 000845 (physical),"CDLI artifact: Cylinder seal; from uncertain (mod. uncertain); held by Penn Museum, Philadelphia, Pennsylvania, USA; CDLI P263785",,,,,,P263785
no_expected_no_live,263793,Q2158377,,Cuneiform Artifact CDLI Seals 000853 (physical),"CDLI artifact: Cylinder seal; held by Penn Museum, Philadelphia, Pennsylvania, USA; CDLI P263793",,,,,,P263793
no_expected_no_live,263802,Q2167109,,Cuneiform Artifact CDLI Seals 000862 (physical),"CDLI artifact: Cylinder seal; held by Penn Museum, Philadelphia, Pennsylvania, USA; CDLI P263802",,,,,,P263802
no_expected_no_live,263910,Q2047087,,Cuneiform Tablet CBS 06145,"CDLI artifact: tablet; held by Penn Museum, Philadelphia, Pennsylvania, USA; CDLI P263910",,,,,,P263910
no_expected_no_live,263947,Q2166890,,Cuneiform Tablet CBS 06279,"CDLI artifact: tablet; held by Penn Museum, Philadelphia, Pennsylvania, USA; CDLI P263947",,,,,,P263947
no_expected_no_live,264040,Q2167688,,Cuneiform Tablet CBS 06376,"CDLI artifact: tablet; from Nippur (mod. Nuffar); held by Penn Museum, Philadelphia, Pennsylvania, USA; CDLI P264040",,,,,,P264040
no_expected_no_live,264200,Q2164700,,"Cuneiform Tablet PBS 14, 1069","CDLI artifact: tablet; from Nippur (mod. Nuffar); held by Penn Museum, Philadelphia, Pennsylvania, USA; CDLI P264200",,,,,,P264200
no_expected_no_live,264406,Q2156240,,Cuneiform Artifact CBS 06994,"CDLI artifact: bulla; from Nippur (mod. Nuffar); held by Penn Museum, Philadelphia, Pennsylvania, USA; CDLI P264406",,,,,,P264406
no_expected_no_live,264410,Q2167826,,"Cuneiform Artifact PBS 14, 0044","CDLI artifact: bulla; from Nippur (mod. Nuffar); held by Penn Museum, Philadelphia, Pennsylvania, USA; CDLI P264410",,,,,,P264410
no_expected_no_live,264715,Q2164624,,Cuneiform Artifact CDLI Seals 000891 (physical),"CDLI artifact: Stamp seal; from uncertain (mod. uncertain); held by Penn Museum, Philadelphia, Pennsylvania, USA; CDLI P264715",,,,,,P264715
no_expected_no_live,265368,Q2163215,,Cuneiform Tablet CBS 10105,"CDLI artifact: tablet; from Nippur (mod. Nuffar); held by Penn Museum, Philadelphia, Pennsylvania, USA; CDLI P265368",,,,,,P265368
no_expected_no_live,265503,Q2162254,,Cuneiform Artifact CBS 10268,"CDLI artifact: brick; from Nippur (mod. Nuffar); held by Penn Museum, Philadelphia, Pennsylvania, USA; CDLI P265503",,,,,,P265503
no_expected_no_live,265578,Q2144702,,Cuneiform Tablet CBS 10354,"CDLI artifact: tablet; from Nippur (mod. Nuffar); held by Penn Museum, Philadelphia, Pennsylvania, USA; CDLI P265578",,,,,,P265578
no_expected_no_live,265807,Q2164636,,Cuneiform Tablet CBS 10605,"CDLI artifact: tablet; from Nippur (mod. Nuffar); held by Penn Museum, Philadelphia, Pennsylvania, USA; CDLI P265807",,,,,,P265807
no_expected_no_live,265893,Q2166602,,Cuneiform Tablet CBS 10688a,"CDLI artifact: tablet; held by Penn Museum, Philadelphia, Pennsylvania, USA; CDLI P265893",,,,,,P265893
no_expected_no_live,266354,Q2063672,,Cuneiform Tablet CBS 11192a,"CDLI artifact: tablet; held by Penn Museum, Philadelphia, Pennsylvania, USA; CDLI P266354",,,,,,P266354
no_expected_no_live,267284,Q2166421,,Cuneiform Tablet CBS 12646,"CDLI artifact: tablet; from Nippur (mod. Nuffar); held by Penn Museum, Philadelphia, Pennsylvania, USA; CDLI P267284",,,,,,P267284
no_expected_no_live,267640,Q2163734,,Cuneiform Artifact CBS 12037,"CDLI artifact: vase; from Nippur (mod. Nuffar); held by Penn Museum, Philadelphia, Pennsylvania, USA; CDLI P267640",,,,,,P267640
no_expected_no_live,268999,Q2160597,,Cuneiform Tablet CBS 13417,"CDLI artifact: tablet; held by Penn Museum, Philadelphia, Pennsylvania, USA; CDLI P268999",,,,,,P268999
no_expected_no_live,269019,Q2166696,,Cuneiform Tablet CBS 13437,"CDLI artifact: tablet; held by Penn Museum, Philadelphia, Pennsylvania, USA; CDLI P269019",,,,,,P269019
no_expected_no_live,269058,Q2169056,,Cuneiform Tablet CBS 14037,"CDLI artifact: tablet; held by Penn Museum, Philadelphia, Pennsylvania, USA; CDLI P269058",,,,,,P269058
no_expected_no_live,269222,Q2167891,,"Cuneiform Artifact PBS 14, 0026","CDLI artifact: bulla; from Nippur (mod. Nuffar); held by Penn Museum, Philadelphia, Pennsylvania, USA; CDLI P269222",,,,,,P269222
no_expected_no_live,269263,Q2170186,,Cuneiform Artifact CDLI Seals 000972 (physical),"CDLI artifact: Cylinder seal; from Nippur (mod. Nuffar); held by Penn Museum, Philadelphia, Pennsylvania, USA; CDLI P269263",,,,,,P269263
no_expected_no_live,269275,Q2165653,,Cuneiform Artifact CDLI Seals 000984 (physical),"CDLI artifact: Cylinder seal; from Nippur (mod. Nuffar); held by Penn Museum, Philadelphia, Pennsylvania, USA; CDLI P269275",,,,,,P269275
no_expected_no_live,269330,Q2165993,,Cuneiform Artifact CDLI Seals 001035 (physical),"CDLI artifact: Stamp seal; from Nippur (mod. Nuffar); held by Penn Museum, Philadelphia, Pennsylvania, USA; CDLI P269330",,,,,,P269330
no_expected_no_live,269367,Q1932806,,Cuneiform Artifact CDLI Seals 001064 (physical),"CDLI artifact: Cylinder seal; held by Penn Museum, Philadelphia, Pennsylvania, USA; CDLI P269367",,,,,,P269367
no_expected_no_live,269388,Q2167618,,Cuneiform Artifact CDLI Seals 001076 (physical),"CDLI artifact: Cylinder seal; held by Penn Museum, Philadelphia, Pennsylvania, USA; CDLI P269388",,,,,,P269388
no_expected_no_live,269408,Q2168898,,Cuneiform Artifact CDLI Seals 001096 (physical),"CDLI artifact: Cylinder seal; held by Penn Museum, Philadelphia, Pennsylvania, USA; CDLI P269408",,,,,,P269408
no_expected_no_live,269432,Q2164834,,Cuneiform Artifact CDLI Seals 001120 (physical),"CDLI artifact: Cylinder seal; held by Penn Museum, Philadelphia, Pennsylvania, USA; CDLI P269432",,,,,,P269432
no_expected_no_live,269449,Q2166565,,Cuneiform Artifact CDLI Seals 001136 (physical),"CDLI artifact: Cylinder seal; held by Penn Museum, Philadelphia, Pennsylvania, USA; CDLI P269449",,,,,,P269449
no_expected_no_live,269465,Q2162809,,Cuneiform Artifact CDLI Seals 001152 (physical),"CDLI artifact: Cylinder seal; held by Penn Museum, Philadelphia, Pennsylvania, USA; CDLI P269465",,,,,,P269465
no_expected_no_live,269625,Q2165818,,Cuneiform Tablet CBS 15048,"CDLI artifact: tablet; held by Penn Museum, Philadelphia, Pennsylvania, USA; CDLI P269625",,,,,,P269625
no_expected_no_live,270054,Q2165682,,Cuneiform Tablet CBS 16104,"CDLI artifact: tablet; held by Penn Museum, Philadelphia, Pennsylvania, USA; CDLI P270054",,,,,,P270054
no_expected_no_live,270150,Q2160761,,Cuneiform Artifact CBS 16562,"CDLI artifact: brick; from Ur (mod. Tell Muqayyar); held by Penn Museum, Philadelphia, Pennsylvania, USA; CDLI P270150",,,,,,P270150
no_expected_no_live,270185,Q2163920,,Cuneiform Artifact CDLI Seals 001274 (physical),"CDLI artifact: Cylinder seal; from Ur (mod. Tell Muqayyar); held by Penn Museum, Philadelphia, Pennsylvania, USA; CDLI P270185",,,,,,P270185
no_expected_no_live,270238,Q2166661,,Cuneiform Artifact CDLI Seals 001302 (physical),"CDLI artifact: Cylinder seal; from Ur (mod. Tell Muqayyar); held by Penn Museum, Philadelphia, Pennsylvania, USA; CDLI P270238",,,,,,P270238
no_expected_no_live,270243,Q2164846,,Cuneiform Artifact CDLI Seals 001307 (physical),"CDLI artifact: Cylinder seal; from Ur (mod. Tell Muqayyar); held by Penn Museum, Philadelphia, Pennsylvania, USA; CDLI P270243",,,,,,P270243
no_expected_no_live,270412,Q2169989,,Cuneiform Artifact CDLI Seals 001326 (physical),"CDLI artifact: Cylinder seal; from Shuruppak (mod. Fara); held by Penn Museum, Philadelphia, Pennsylvania, USA; CDLI P270412",,,,,,P270412
no_expected_no_live,270756,Q2164455,,"Cuneiform Tablet CUSAS 15, 139","CDLI artifact: tablet; from uncertain (mod. uncertain); held by Rare Manuscript Collections, Cornell University Library, Ithaca, New York, USA; CDLI P270756",,,,,,P270756
no_expected_no_live,273455,Q2169230,,Cuneiform Tablet P273455,CDLI artifact: tablet; held by anonymous; CDLI P273455,,,,,,P273455
no_expected_no_live,273947,Q2166515,,Cuneiform Tablet Smith College 405,"CDLI artifact: tablet; held by Smith College, Northampton, Massachusetts, USA; CDLI P273947",,,,,,P273947
no_expected_no_live,274001,Q2170319,,Cuneiform Tablet Smith College 483,"CDLI artifact: tablet; held by Smith College, Northampton, Massachusetts, USA; CDLI P274001",,,,,,P274001
no_expected_no_live,274017,Q2165474,,Cuneiform Tablet Smith College 502,"CDLI artifact: tablet; held by Smith College, Northampton, Massachusetts, USA; CDLI P274017",,,,,,P274017
no_expected_no_live,275016,Q2024667,,"Cuneiform Tablet RT 36, 184",Lexical tablet from an unspecified location.,,,,,,P275016
no_expected_no_live,275446,Q2162789,,Cuneiform Tablet N 0180,"CDLI artifact: tablet; from Nippur (mod. Nuffar); held by Penn Museum, Philadelphia, Pennsylvania, USA; CDLI P275446",,,,,,P275446
no_expected_no_live,275597,Q2047554,,Cuneiform Tablet CBS 08428 + N 0379 + N 0387 + N 0390 + N 0467,"CDLI artifact: tablet; from Nippur (mod. Nuffar); held by Penn Museum, Philadelphia, Pennsylvania, USA; CDLI P275597",,,,,,P275597
no_expected_no_live,277210,Q2163802,,Cuneiform Artifact N 2101,"CDLI artifact: sealing; from Nippur (mod. Nuffar); held by Penn Museum, Philadelphia, Pennsylvania, USA; CDLI P277210",,,,,,P277210
no_expected_no_live,277904,Q2166986,,Cuneiform Tablet N 2835,"CDLI artifact: tablet; from Nippur (mod. Nuffar); held by Penn Museum, Philadelphia, Pennsylvania, USA; CDLI P277904",,,,,,P277904
no_expected_no_live,277928,Q2162381,,Cuneiform Tablet N 2859,"CDLI artifact: tablet; from Nippur (mod. Nuffar); held by Penn Museum, Philadelphia, Pennsylvania, USA; CDLI P277928",,,,,,P277928
no_expected_no_live,279449,Q2166767,,Cuneiform Tablet N 4693,"CDLI artifact: tablet; from Nippur (mod. Nuffar); held by Penn Museum, Philadelphia, Pennsylvania, USA; CDLI P279449",,,,,,P279449
no_expected_no_live,280105,Q2162148,,Cuneiform Tablet N 6341,"CDLI artifact: tablet; from Nippur (mod. Nuffar); held by Penn Museum, Philadelphia, Pennsylvania, USA; CDLI P280105",,,,,,P280105
no_expected_no_live,280129,Q2167250,,Cuneiform Tablet N 6365,"CDLI artifact: tablet; from Nippur (mod. Nuffar); held by Penn Museum, Philadelphia, Pennsylvania, USA; CDLI P280129",,,,,,P280129
no_expected_no_live,280152,Q2164231,,Cuneiform Tablet N 6388,"CDLI artifact: tablet; from Nippur (mod. Nuffar); held by Penn Museum, Philadelphia, Pennsylvania, USA; CDLI P280152",,,,,,P280152
no_expected_no_live,280168,Q2169492,,Cuneiform Tablet N 6404,"CDLI artifact: tablet; from Nippur (mod. Nuffar); held by Penn Museum, Philadelphia, Pennsylvania, USA; CDLI P280168",,,,,,P280168
no_expected_no_live,280191,Q2047167,,Cuneiform Tablet N 6427,"CDLI artifact: tablet; from Nippur (mod. Nuffar); held by Penn Museum, Philadelphia, Pennsylvania, USA; CDLI P280191",,,,,,P280191
no_expected_no_live,280200,Q2165305,,Cuneiform Tablet N 6436,"CDLI artifact: tablet; from Nippur (mod. Nuffar); held by Penn Museum, Philadelphia, Pennsylvania, USA; CDLI P280200",,,,,,P280200
no_expected_no_live,280216,Q2170482,,Cuneiform Tablet N 6452,"CDLI artifact: tablet; from Nippur (mod. Nuffar); held by Penn Museum, Philadelphia, Pennsylvania, USA; CDLI P280216",,,,,,P280216
no_expected_no_live,280241,Q2149056,,Cuneiform Tablet N 6478,"CDLI artifact: tablet; from Nippur (mod. Nuffar); held by Penn Museum, Philadelphia, Pennsylvania, USA; CDLI P280241",,,,,,P280241
no_expected_no_live,280304,Q2167032,,Cuneiform Tablet N 6544,"CDLI artifact: tablet; from Nippur (mod. Nuffar); held by Penn Museum, Philadelphia, Pennsylvania, USA; CDLI P280304",,,,,,P280304
no_expected_no_live,280410,Q2162479,,Cuneiform Tablet N 6653,"CDLI artifact: tablet; from Nippur (mod. Nuffar); held by Penn Museum, Philadelphia, Pennsylvania, USA; CDLI P280410",,,,,,P280410
no_expected_no_live,280447,Q2165066,,Cuneiform Tablet N 6691,"CDLI artifact: tablet; from Nippur (mod. Nuffar); held by Penn Museum, Philadelphia, Pennsylvania, USA; CDLI P280447",,,,,,P280447
no_expected_no_live,280484,Q2063947,,Cuneiform Tablet N 6729,"CDLI artifact: tablet; from Nippur (mod. Nuffar); held by Penn Museum, Philadelphia, Pennsylvania, USA; CDLI P280484",,,,,,P280484
no_expected_no_live,280492,Q2169617,,Cuneiform Tablet N 6737,"CDLI artifact: tablet; from Nippur (mod. Nuffar); held by Penn Museum, Philadelphia, Pennsylvania, USA; CDLI P280492",,,,,,P280492
no_expected_no_live,280502,Q2164063,,Cuneiform Tablet N 6747,"CDLI artifact: tablet; from Nippur (mod. Nuffar); held by Penn Museum, Philadelphia, Pennsylvania, USA; CDLI P280502",,,,,,P280502
no_expected_no_live,280538,Q2169356,,Cuneiform Tablet N 6787,"CDLI artifact: tablet; from Nippur (mod. Nuffar); held by Penn Museum, Philadelphia, Pennsylvania, USA; CDLI P280538",,,,,,P280538
no_expected_no_live,280555,Q2162282,,Cuneiform Tablet N 6805,"CDLI artifact: tablet; from Nippur (mod. Nuffar); held by Penn Museum, Philadelphia, Pennsylvania, USA; CDLI P280555",,,,,,P280555
no_expected_no_live,280579,Q2167098,,Cuneiform Tablet N 6830,"CDLI artifact: tablet; from Nippur (mod. Nuffar); held by Penn Museum, Philadelphia, Pennsylvania, USA; CDLI P280579",,,,,,P280579
no_expected_no_live,280596,Q2166908,,Cuneiform Tablet N 6847,"CDLI artifact: tablet; from Nippur (mod. Nuffar); held by Penn Museum, Philadelphia, Pennsylvania, USA; CDLI P280596",,,,,,P280596
no_expected_no_live,280650,Q2165447,,Cuneiform Tablet N 6901,"CDLI artifact: tablet; from Nippur (mod. Nuffar); held by Penn Museum, Philadelphia, Pennsylvania, USA; CDLI P280650",,,,,,P280650
no_expected_no_live,280703,Q2170561,,Cuneiform Tablet N 6954,"CDLI artifact: tablet; from Nippur (mod. Nuffar); held by Penn Museum, Philadelphia, Pennsylvania, USA; CDLI P280703",,,,,,P280703
no_expected_no_live,280715,Q2166409,,Cuneiform Tablet N 6966,"CDLI artifact: tablet; from Nippur (mod. Nuffar); held by Penn Museum, Philadelphia, Pennsylvania, USA; CDLI P280715",,,,,,P280715
no_expected_no_live,280742,Q2168237,,Cuneiform Tablet N 6996,"CDLI artifact: tablet; from Nippur (mod. Nuffar); held by Penn Museum, Philadelphia, Pennsylvania, USA; CDLI P280742",,,,,,P280742
no_expected_no_live,280851,Q2164512,,Cuneiform Tablet N 7110,"CDLI artifact: tablet; from Nippur (mod. Nuffar); held by Penn Museum, Philadelphia, Pennsylvania, USA; CDLI P280851",,,,,,P280851
no_expected_no_live,280892,Q2047795,,Cuneiform Tablet N 7153,"CDLI artifact: tablet; from Nippur (mod. Nuffar); held by Penn Museum, Philadelphia, Pennsylvania, USA; CDLI P280892",,,,,,P280892
no_expected_no_live,280914,Q2164924,,Cuneiform Tablet N 7179,"CDLI artifact: tablet; from Nippur (mod. Nuffar); held by Penn Museum, Philadelphia, Pennsylvania, USA; CDLI P280914",,,,,,P280914
no_expected_no_live,280938,Q2047409,,Cuneiform Tablet N 7204,"CDLI artifact: tablet; from Nippur (mod. Nuffar); held by Penn Museum, Philadelphia, Pennsylvania, USA; CDLI P280938",,,,,,P280938
no_expected_no_live,280943,Q2162610,,Cuneiform Tablet N 7209,"CDLI artifact: tablet; from Nippur (mod. Nuffar); held by Penn Museum, Philadelphia, Pennsylvania, USA; CDLI P280943",,,,,,P280943
no_expected_no_live,280980,Q2167418,,Cuneiform Tablet N 7246,"CDLI artifact: tablet; from Nippur (mod. Nuffar); held by Penn Museum, Philadelphia, Pennsylvania, USA; CDLI P280980",,,,,,P280980
no_expected_no_live,281016,Q2167714,,Cuneiform Tablet N 7283,"CDLI artifact: tablet; from Nippur (mod. Nuffar); held by Penn Museum, Philadelphia, Pennsylvania, USA; CDLI P281016",,,,,,P281016
no_expected_no_live,281041,Q2165744,,Cuneiform Tablet N 7308,"CDLI artifact: tablet; from Nippur (mod. Nuffar); held by Penn Museum, Philadelphia, Pennsylvania, USA; CDLI P281041",,,,,,P281041
no_expected_no_live,281104,Q2166114,,Cuneiform Tablet N 7372,"CDLI artifact: tablet; from Nippur (mod. Nuffar); held by Penn Museum, Philadelphia, Pennsylvania, USA; CDLI P281104",,,,,,P281104
no_expected_no_live,281153,Q2168517,,Cuneiform Tablet N 7421,"CDLI artifact: tablet; from Nippur (mod. Nuffar); held by Penn Museum, Philadelphia, Pennsylvania, USA; CDLI P281153",,,,,,P281153
no_expected_no_live,281256,Q2164733,,Cuneiform Tablet N 7527,"CDLI artifact: tablet; from Nippur (mod. Nuffar); held by Penn Museum, Philadelphia, Pennsylvania, USA; CDLI P281256",,,,,,P281256
no_expected_no_live,281283,Q2169933,,Cuneiform Tablet N 7554,"CDLI artifact: tablet; from Nippur (mod. Nuffar); held by Penn Museum, Philadelphia, Pennsylvania, USA; CDLI P281283",,,,,,P281283
no_expected_no_live,281295,Q2047965,,Cuneiform Tablet N 7566,"CDLI artifact: tablet; from Nippur (mod. Nuffar); held by Penn Museum, Philadelphia, Pennsylvania, USA; CDLI P281295",,,,,,P281295
no_expected_no_live,281313,Q2164371,,Cuneiform Tablet N 7585,"CDLI artifact: tablet; from Nippur (mod. Nuffar); held by Penn Museum, Philadelphia, Pennsylvania, USA; CDLI P281313",,,,,,P281313
no_expected_no_live,281329,Q2169674,,Cuneiform Tablet N 7601,"CDLI artifact: tablet; from Nippur (mod. Nuffar); held by Penn Museum, Philadelphia, Pennsylvania, USA; CDLI P281329",,,,,,P281329
no_expected_no_live,281368,Q2167375,,Cuneiform Tablet N 7640,"CDLI artifact: tablet; from Nippur (mod. Nuffar); held by Penn Museum, Philadelphia, Pennsylvania, USA; CDLI P281368",,,,,,P281368
no_expected_no_live,281387,Q2166631,,Cuneiform Tablet N 7659,"CDLI artifact: tablet; from Nippur (mod. Nuffar); held by Penn Museum, Philadelphia, Pennsylvania, USA; CDLI P281387",,,,,,P281387
no_expected_no_live,281446,Q2167877,,Cuneiform Tablet N 7722,"CDLI artifact: tablet; from Nippur (mod. Nuffar); held by Penn Museum, Philadelphia, Pennsylvania, USA; CDLI P281446",,,,,,P281446
no_expected_no_live,281450,Q2154684,,Cuneiform Tablet N 7726,"CDLI artifact: tablet; from Nippur (mod. Nuffar); held by Penn Museum, Philadelphia, Pennsylvania, USA; CDLI P281450",,,,,,P281450
no_expected_no_live,281503,Q1928062,,Cuneiform Tablet N 7779,"CDLI artifact: tablet; from Nippur (mod. Nuffar); held by Penn Museum, Philadelphia, Pennsylvania, USA; CDLI P281503",,,,,,P281503
no_expected_no_live,281515,Q2161881,,Cuneiform Tablet N 7791,"CDLI artifact: tablet; from Nippur (mod. Nuffar); held by Penn Museum, Philadelphia, Pennsylvania, USA; CDLI P281515",,,,,,P281515
no_expected_no_live,281554,Q2165974,,Cuneiform Tablet N 7830,"CDLI artifact: tablet; from Nippur (mod. Nuffar); held by Penn Museum, Philadelphia, Pennsylvania, USA; CDLI P281554",,,,,,P281554
no_expected_no_live,281606,Q2164936,,Cuneiform Tablet N 7882,"CDLI artifact: tablet; from Nippur (mod. Nuffar); held by Penn Museum, Philadelphia, Pennsylvania, USA; CDLI P281606",,,,,,P281606
no_expected_no_live,281651,Q2162632,,Cuneiform Tablet N 7928,"CDLI artifact: tablet; from Nippur (mod. Nuffar); held by Penn Museum, Philadelphia, Pennsylvania, USA; CDLI P281651",,,,,,P281651
no_expected_no_live,285106,Q2165425,,"Cuneiform Tablet BAM 1, 001","CDLI artifact: tablet; from Assur (mod. Qalat Sherqat); held by Vorderasiatisches Museum, Berlin, Germany; CDLI P285106",,,,,,P285106
no_expected_no_live,285110,Q2168497,,"Cuneiform Tablet BAM 1, 006","CDLI artifact: tablet; held by Vorderasiatisches Museum, Berlin, Germany; CDLI P285110",,,,,,P285110
no_expected_no_live,285147,Q2166212,,"Cuneiform Tablet BAM 1, 047","CDLI artifact: tablet; held by Vorderasiatisches Museum, Berlin, Germany; CDLI P285147",,,,,,P285147
no_expected_no_live,285242,Q2162439,,"Cuneiform Tablet BAM 2, 146","CDLI artifact: tablet; held by Vorderasiatisches Museum, Berlin, Germany; CDLI P285242",,,,,,P285242
no_expected_no_live,285307,Q2162093,,"Cuneiform Tablet BAM 3, 220","CDLI artifact: tablet; held by Vorderasiatisches Museum, Berlin, Germany; CDLI P285307",,,,,,P285307
no_expected_no_live,285350,Q2164327,,"Cuneiform Tablet BAM 3, 266","CDLI artifact: tablet; held by Vorderasiatisches Museum, Berlin, Germany; CDLI P285350",,,,,,P285350
no_expected_no_live,285385,Q2169154,,"Cuneiform Tablet BAM 3, 301","CDLI artifact: tablet; held by Vorderasiatisches Museum, Berlin, Germany; CDLI P285385",,,,,,P285385
no_expected_no_live,285393,Q2047060,,"Cuneiform Tablet BAM 3, 309","CDLI artifact: tablet; held by Vorderasiatisches Museum, Berlin, Germany; CDLI P285393",,,,,,P285393
no_expected_no_live,285444,Q2170236,,"Cuneiform Tablet BAM 4, 373",CDLI artifact: tablet; from Assur (mod. Qalat Sherqat); CDLI P285444,,,,,,P285444
no_expected_no_live,285501,Q2170584,,Cuneiform Tablet KAV 018,"CDLI artifact: tablet; from Assur (mod. Qalat Sherqat); held by Vorderasiatisches Museum, Berlin, Germany; CDLI P285501",,,,,,P285501
no_expected_no_live,285517,Q2166394,,Cuneiform Tablet KAV 041,"CDLI artifact: tablet; from Assur (mod. Qalat Sherqat); held by Vorderasiatisches Museum, Berlin, Germany; CDLI P285517",,,,,,P285517
no_expected_no_live,285540,Q2168350,,Cuneiform Tablet KAV 064,"CDLI artifact: tablet; from Assur (mod. Qalat Sherqat); held by Vorderasiatisches Museum, Berlin, Germany; CDLI P285540",,,,,,P285540
no_expected_no_live,285583,Q2163549,,Cuneiform Tablet KAV 131,"CDLI artifact: tablet; from Assur (mod. Qalat Sherqat); held by Vorderasiatisches Museum, Berlin, Germany; CDLI P285583",,,,,,P285583
no_expected_no_live,285612,Q2162590,,Cuneiform Tablet KAV 184,"CDLI artifact: tablet; from Assur (mod. Qalat Sherqat); held by Vorderasiatisches Museum, Berlin, Germany; CDLI P285612",,,,,,P285612
no_expected_no_live,285956,Q2167838,,"Cuneiform Tablet CT 51, 094","CDLI artifact: tablet; from uncertain (mod. uncertain); held by British Museum, London, UK; CDLI P285956",,,,,,P285956
no_expected_no_live,285995,Q2163181,,"Cuneiform Tablet CT 51, 133","CDLI artifact: tablet; from uncertain (mod. uncertain); held by British Museum, London, UK; CDLI P285995",,,,,,P285995
no_expected_no_live,286012,Q2166495,,"Cuneiform Tablet CT 51, 151","CDLI artifact: tablet; from Nineveh (mod. Kuyunjik); held by British Museum, London, UK; CDLI P286012",,,,,,P286012
no_expected_no_live,286053,Q2168820,,"Cuneiform Tablet CT 51, 192","CDLI artifact: tablet; from Nineveh (mod. Kuyunjik); held by British Museum, London, UK; CDLI P286053",,,,,,P286053
no_expected_no_live,286069,Q2164719,,"Cuneiform Tablet CT 51, 208","CDLI artifact: tablet; from Nineveh (mod. Kuyunjik); held by British Museum, London, UK; CDLI P286069",,,,,,P286069
no_expected_no_live,286291,Q2165970,,Cuneiform Tablet YBC 13234,"CDLI artifact: tablet; held by Yale Babylonian Collection, New Haven, Connecticut, USA; CDLI P286291",,,,,,P286291
no_expected_no_live,301625,Q2165415,,Cuneiform Tablet NBC 10726,"CDLI artifact: tablet; from Nippur (mod. Nuffar); held by Nies Babylonian Collection, Yale Babylonian Collection, New Haven, Connecticut, USA; CDLI P301625",,,,,,P301625
no_expected_no_live,310425,Q2151315,,Cuneiform Tablet YBC 09893,"CDLI artifact: tablet; held by Yale Babylonian Collection, New Haven, Connecticut, USA; CDLI P310425",,,,,,P310425
no_expected_no_live,329318,Q2154860,,Cuneiform Tablet CUNES 52-10-131,"CDLI artifact: tablet; held by Department of Near Eastern Studies, Cornell University, Ithaca, New York, USA; CDLI P329318",,,,,,P329318
no_expected_no_live,329322,Q2163871,,Cuneiform Tablet CUNES 52-18-130,"CDLI artifact: tablet; held by Department of Near Eastern Studies, Cornell University, Ithaca, New York, USA; CDLI P329322",,,,,,P329322
no_expected_no_live,329359,Q2165729,,Cuneiform Tablet CUNES 53-02-152,"CDLI artifact: tablet; held by Department of Near Eastern Studies, Cornell University, Ithaca, New York, USA; CDLI P329359",,,,,,P329359
no_expected_no_live,329836,Q2166911,,Cuneiform Tablet CUNES 48-10-271,"CDLI artifact: tablet; from uncertain (mod. uncertain); held by Department of Near Eastern Studies, Cornell University, Ithaca, New York, USA; CDLI P329836",,,,,,P329836
no_expected_no_live,330206,Q2063600,,Cuneiform Tablet Christie's Erlenmeyer no. 68d,"CDLI artifact: tablet; held by Erlenmeyer, Basel, Switzerland (dispersed); CDLI P330206",,,,,,P330206
no_expected_no_live,333345,Q2152025,,Cuneiform Artifact CDLI Seals 001384 (physical),"CDLI artifact: Cylinder seal; from Adab (mod. Bismaya); held by Institute for the Study of Ancient Cultures West Asia & North Africa Museum, Chicago, Illinois, USA; CDLI P333345",,,,,,P333345
no_expected_no_live,341892,Q2165664,,Cuneiform Tablet NMSA 3499,"CDLI artifact: tablet; held by National Museum of Syria, Aleppo, Syria; CDLI P341892",,,,,,P341892
no_expected_no_live,342545,Q2164430,,Cuneiform Tablet MW 0188/054,"CDLI artifact: tablet; from uncertain (mod. uncertain); held by anonymous, Europe; CDLI P342545",,,,,,P342545
no_expected_no_live,342569,Q2063722,,Cuneiform Tablet MW 0188/078,"CDLI artifact: tablet; from uncertain (mod. uncertain); held by anonymous, Europe; CDLI P342569",,,,,,P342569
no_expected_no_live,342586,Q2047300,,Cuneiform Tablet MW 0188/095,"CDLI artifact: tablet; from uncertain (mod. uncertain); held by anonymous, Europe; CDLI P342586",,,,,,P342586
no_expected_no_live,342590,Q2169051,,Cuneiform Tablet MW 0188/099,"CDLI artifact: tablet; from uncertain (mod. uncertain); held by anonymous, Europe; CDLI P342590",,,,,,P342590
no_expected_no_live,342601,Q2170014,,Cuneiform Tablet MW 0188/110,"CDLI artifact: tablet; from uncertain (mod. uncertain); held by anonymous, Europe; CDLI P342601",,,,,,P342601
no_expected_no_live,342617,Q2165829,,Cuneiform Tablet MW 0188/126,"CDLI artifact: tablet; from uncertain (mod. uncertain); held by anonymous, Europe; CDLI P342617",,,,,,P342617
no_expected_no_live,342752,Q2166025,,Cuneiform Tablet NYPLC 305,"CDLI artifact: tablet; held by New York Public Library, New York, New York, USA; CDLI P342752",,,,,,P342752
no_expected_no_live,343817,Q1362555,,Cuneiform Tablet PRAK A 011,"CDLI artifact: tablet; from Kish (mod. Tell Uhaimir); held by Arkeoloji Müzeleri, Istanbul, Turkey; CDLI P343817",,,,,,P343817
no_expected_no_live,343840,Q2166050,,Cuneiform Tablet PRAK B 023,"CDLI artifact: tablet; from Kish (mod. Tell Uhaimir); held by Arkeoloji Müzeleri, Istanbul, Turkey; CDLI P343840",,,,,,P343840
no_expected_no_live,343913,Q2169979,,Cuneiform Tablet PRAK B 096,"CDLI artifact: tablet; from Kish (mod. Tell Uhaimir); held by Arkeoloji Müzeleri, Istanbul, Turkey; CDLI P343913",,,,,,P343913
no_expected_no_live,343952,Q2167656,,Cuneiform Tablet PRAK B 135,"CDLI artifact: tablet; from Kish (mod. Tell Uhaimir); held by Arkeoloji Müzeleri, Istanbul, Turkey; CDLI P343952",,,,,,P343952
no_expected_no_live,344055,Q2166849,,Cuneiform Tablet PRAK B 239,"CDLI artifact: tablet; from Kish (mod. Tell Uhaimir); held by Arkeoloji Müzeleri, Istanbul, Turkey; CDLI P344055",,,,,,P344055
no_expected_no_live,344079,Q2162526,,Cuneiform Tablet PRAK B 263,"CDLI artifact: tablet; from Kish (mod. Tell Uhaimir); held by Arkeoloji Müzeleri, Istanbul, Turkey; CDLI P344079",,,,,,P344079
no_expected_no_live,344110,Q2167069,,Cuneiform Tablet PRAK B 294,"CDLI artifact: tablet; from Kish (mod. Tell Uhaimir); held by Arkeoloji Müzeleri, Istanbul, Turkey; CDLI P344110",,,,,,P344110
no_expected_no_live,344184,Q2165170,,Cuneiform Tablet PRAK B 368,"CDLI artifact: tablet; from Kish (mod. Tell Uhaimir); held by Arkeoloji Müzeleri, Istanbul, Turkey; CDLI P344184",,,,,,P344184
no_expected_no_live,344281,Q2168466,,Cuneiform Tablet PRAK B 464,"CDLI artifact: tablet; from Kish (mod. Tell Uhaimir); held by Arkeoloji Müzeleri, Istanbul, Turkey; CDLI P344281",,,,,,P344281
no_expected_no_live,344307,Q2163443,,Cuneiform Tablet PRAK A 015,"CDLI artifact: tablet; from Kish (mod. Tell Uhaimir); held by Arkeoloji Müzeleri, Istanbul, Turkey; CDLI P344307",,,,,,P344307
no_expected_no_live,344385,Q2170432,,Cuneiform Tablet PRAK A 093,"CDLI artifact: tablet; from Kish (mod. Tell Uhaimir); held by Arkeoloji Müzeleri, Istanbul, Turkey; CDLI P344385",,,,,,P344385
no_expected_no_live,344405,Q2166980,,Cuneiform Tablet PRAK A 113,"CDLI artifact: tablet; from Kish (mod. Tell Uhaimir); held by Arkeoloji Müzeleri, Istanbul, Turkey; CDLI P344405",,,,,,P344405
no_expected_no_live,344429,Q2162373,,Cuneiform Tablet PRAK A 137,"CDLI artifact: tablet; from Kish (mod. Tell Uhaimir); held by Arkeoloji Müzeleri, Istanbul, Turkey; CDLI P344429",,,,,,P344429
no_expected_no_live,344444,Q2169329,,Cuneiform Tablet PRAK A 152,"CDLI artifact: tablet; from Kish (mod. Tell Uhaimir); held by Arkeoloji Müzeleri, Istanbul, Turkey; CDLI P344444",,,,,,P344444
no_expected_no_live,344452,Q2018243,,Cuneiform Tablet PRAK A 160,"CDLI artifact: tablet; from Kish (mod. Tell Uhaimir); held by Arkeoloji Müzeleri, Istanbul, Turkey; CDLI P344452",,,,,,P344452
no_expected_no_live,344491,Q2164140,,Cuneiform Tablet PRAK A 199,"CDLI artifact: tablet; from Kish (mod. Tell Uhaimir); held by Arkeoloji Müzeleri, Istanbul, Turkey; CDLI P344491",,,,,,P344491
no_expected_no_live,344501,Q2169538,,Cuneiform Tablet PRAK A 209,"CDLI artifact: tablet; from Kish (mod. Tell Uhaimir); held by Arkeoloji Müzeleri, Istanbul, Turkey; CDLI P344501",,,,,,P344501
no_expected_no_live,344517,Q2143300,,Cuneiform Tablet PRAK A 225,"CDLI artifact: tablet; from Kish (mod. Tell Uhaimir); held by Arkeoloji Müzeleri, Istanbul, Turkey; CDLI P344517",,,,,,P344517
no_expected_no_live,344540,Q2167202,,Cuneiform Tablet PRAK A 248,"CDLI artifact: tablet; from Kish (mod. Tell Uhaimir); held by Arkeoloji Müzeleri, Istanbul, Turkey; CDLI P344540",,,,,,P344540
no_expected_no_live,344583,Q2162541,,Cuneiform Tablet PRAK A 291,"CDLI artifact: tablet; from Kish (mod. Tell Uhaimir); held by Arkeoloji Müzeleri, Istanbul, Turkey; CDLI P344583",,,,,,P344583
no_expected_no_live,344612,Q2163483,,Cuneiform Tablet PRAK A 320,"CDLI artifact: tablet; from Kish (mod. Tell Uhaimir); held by Arkeoloji Müzeleri, Istanbul, Turkey; CDLI P344612",,,,,,P344612
no_expected_no_live,344628,Q2148570,,Cuneiform Tablet PRAK A 336,"CDLI artifact: tablet; from Kish (mod. Tell Uhaimir); held by Arkeoloji Müzeleri, Istanbul, Turkey; CDLI P344628",,,,,,P344628
no_expected_no_live,344669,Q2165326,,Cuneiform Tablet PRAK A 377,"CDLI artifact: tablet; from Kish (mod. Tell Uhaimir); held by Arkeoloji Müzeleri, Istanbul, Turkey; CDLI P344669",,,,,,P344669
no_expected_no_live,344686,Q2166326,,Cuneiform Tablet PRAK A 394,"CDLI artifact: tablet; from Kish (mod. Tell Uhaimir); held by Arkeoloji Müzeleri, Istanbul, Turkey; CDLI P344686",,,,,,P344686
no_expected_no_live,344690,Q2170635,,Cuneiform Tablet PRAK A 398,"CDLI artifact: tablet; from Kish (mod. Tell Uhaimir); held by Arkeoloji Müzeleri, Istanbul, Turkey; CDLI P344690",,,,,,P344690
no_expected_no_live,344757,Q2163275,,Cuneiform Tablet PRAK A 460bis,"CDLI artifact: tablet; from Kish (mod. Tell Uhaimir); held by Arkeoloji Müzeleri, Istanbul, Turkey; CDLI P344757",,,,,,P344757
no_expected_no_live,344782,Q2153579,,Cuneiform Tablet PRAK A 477,"CDLI artifact: tablet; from Kish (mod. Tell Uhaimir); held by Arkeoloji Müzeleri, Istanbul, Turkey; CDLI P344782",,,,,,P344782
no_expected_no_live,344794,Q2167928,,Cuneiform Tablet PRAK A 489,"CDLI artifact: tablet; from Kish (mod. Tell Uhaimir); held by Arkeoloji Müzeleri, Istanbul, Turkey; CDLI P344794",,,,,,P344794
no_expected_no_live,344813,Q2167341,,Cuneiform Tablet PRAK A 508,"CDLI artifact: tablet; from Kish (mod. Tell Uhaimir); held by Arkeoloji Müzeleri, Istanbul, Turkey; CDLI P344813",,,,,,P344813
no_expected_no_live,344868,Q2164392,,Cuneiform Tablet PRAK A 582bis,"CDLI artifact: tablet; from Kish (mod. Tell Uhaimir); held by Arkeoloji Müzeleri, Istanbul, Turkey; CDLI P344868",,,,,,P344868
no_expected_no_live,344956,Q2166548,,Cuneiform Tablet PRAK C 082,"CDLI artifact: tablet; from Kish (mod. Tell Uhaimir); held by Louvre Museum, Paris, France; CDLI P344956",,,,,,P344956
no_expected_no_live,345003,Q2007838,,Cuneiform Tablet PRAK C 130,"tablet from an unspecified location, dated to an unspecified period and currently held in the louvre museum, paris, france.",,,,,,P345003
no_expected_no_live,346438,Q2166989,,"Cuneiform Tablet UET 6, 0395","CDLI artifact: tablet; from Ur (mod. Tell Muqayyar); held by British Museum, London, UK; CDLI P346438",,,,,,P346438
no_expected_no_live,346443,Q2165248,,"Cuneiform Tablet UET 6, 0402","CDLI artifact: tablet; from Ur (mod. Tell Muqayyar); held by British Museum, London, UK; CDLI P346443",,,,,,P346443
no_expected_no_live,347141,Q2161521,,"Cuneiform Tablet VS 24, 022","CDLI artifact: tablet; from Babylon (mod. Bābil); held by Vorderasiatisches Museum, Berlin, Germany; CDLI P347141",,,,,,P347141
no_expected_no_live,347194,Q2164028,,"Cuneiform Tablet VS 24, 075","CDLI artifact: tablet; from Babylon (mod. Bābil); held by Vorderasiatisches Museum, Berlin, Germany; CDLI P347194",,,,,,P347194
no_expected_no_live,347205,Q2162645,,"Cuneiform Tablet VS 24, 086","CDLI artifact: tablet; from Babylon (mod. Bābil); held by Vorderasiatisches Museum, Berlin, Germany; CDLI P347205",,,,,,P347205
no_expected_no_live,347229,Q2166697,,"Cuneiform Tablet VS 24, 110","CDLI artifact: tablet; from Babylon (mod. Bābil); held by Vorderasiatisches Museum, Berlin, Germany; CDLI P347229",,,,,,P347229
no_expected_no_live,349309,Q2164338,,"Cuneiform Tablet AUWE 23, 316","CDLI artifact: tablet; from Uruk (mod. Warka); held by National Museum of Iraq, Baghdad, Iraq; CDLI P349309",,,,,,P349309
no_expected_no_live,349325,Q2142339,,"Cuneiform Tablet AUWE 23, 332","CDLI artifact: tablet; from Uruk (mod. Warka); held by National Museum of Iraq, Baghdad, Iraq; CDLI P349325",,,,,,P349325
no_expected_no_live,356615,Q2154946,,Cuneiform Tablet P356615,CDLI artifact: tablet; from Nippur (mod. Nuffar); CDLI P356615,,,,,,P356615
no_expected_no_live,361435,Q2015976,,Cuneiform Tablet P361435,"CDLI artifact: tablet; held by Adana Museum, Adana, Turkey; CDLI P361435",,,,,,P361435
no_expected_no_live,365266,Q2036072,,"Cuneiform Tablet CT 12, pl. 30, BM 038178","tablet from an unspecified location, dated to an unspecified period and currently held in the british museum, london, uk.",,,,,,P365266
no_expected_no_live,366020,Q2169647,,"Cuneiform Tablet CT 37, pl. 21, BM 038284","CDLI artifact: tablet; held by British Museum, London, UK; CDLI P366020",,,,,,P366020
no_expected_no_live,366124,Q2166586,,"Cuneiform Tablet CT 39, pl. 23-24, Rm 2, 138 +","CDLI artifact: tablet; from Nineveh (mod. Kuyunjik); held by British Museum, London, UK; CDLI P366124",,,,,,P366124
no_expected_no_live,366333,Q2163950,,"Cuneiform Tablet CT 56, 018","CDLI artifact: tablet; from Sippar-Yahrurum (mod. Tell Abu Habbah); held by British Museum, London, UK; CDLI P366333",,,,,,P366333
no_expected_no_live,366431,Q2167533,,"Cuneiform Tablet CT 56, 116","CDLI artifact: tablet; from Sippar-Yahrurum (mod. Tell Abu Habbah); held by British Museum, London, UK; CDLI P366431",,,,,,P366431
no_expected_no_live,366489,Q2047859,,"Cuneiform Tablet CT 56, 174","CDLI artifact: tablet; from Sippar-Yahrurum (mod. Tell Abu Habbah); held by British Museum, London, UK; CDLI P366489",,,,,,P366489
no_expected_no_live,366523,Q2047443,,"Cuneiform Tablet CT 56, 208","CDLI artifact: tablet; from Sippar-Yahrurum (mod. Tell Abu Habbah); held by British Museum, London, UK; CDLI P366523",,,,,,P366523
no_expected_no_live,366626,Q2163039,,"Cuneiform Tablet CT 56, 311","CDLI artifact: tablet; from Sippar-Yahrurum (mod. Tell Abu Habbah); held by British Museum, London, UK; CDLI P366626",,,,,,P366626
no_expected_no_live,366718,Q2165628,,"Cuneiform Tablet CT 56, 403","CDLI artifact: tablet; from Sippar-Yahrurum (mod. Tell Abu Habbah); held by British Museum, London, UK; CDLI P366718",,,,,,P366718
no_expected_no_live,366866,Q2169136,,"Cuneiform Tablet CT 56, 551","CDLI artifact: tablet; from Sippar-Yahrurum (mod. Tell Abu Habbah); held by British Museum, London, UK; CDLI P366866",,,,,,P366866
no_expected_no_live,366870,Q2047089,,"Cuneiform Tablet CT 56, 555","CDLI artifact: tablet; from Sippar-Yahrurum (mod. Tell Abu Habbah); held by British Museum, London, UK; CDLI P366870",,,,,,P366870
no_expected_no_live,366919,Q2164080,,"Cuneiform Tablet CT 56, 604","CDLI artifact: tablet; from Sippar-Yahrurum (mod. Tell Abu Habbah); held by British Museum, London, UK; CDLI P366919",,,,,,P366919
no_expected_no_live,366962,Q2167108,,"Cuneiform Tablet CT 56, 647","CDLI artifact: tablet; from Sippar-Yahrurum (mod. Tell Abu Habbah); held by British Museum, London, UK; CDLI P366962",,,,,,P366962
no_expected_no_live,367037,Q2163335,,"Cuneiform Tablet CT 56, 722","CDLI artifact: tablet; from Sippar-Yahrurum (mod. Tell Abu Habbah); held by British Museum, London, UK; CDLI P367037",,,,,,P367037
no_expected_no_live,367109,Q2165293,,"Cuneiform Tablet CT 56, 794","CDLI artifact: tablet; from Sippar-Yahrurum (mod. Tell Abu Habbah); held by British Museum, London, UK; CDLI P367109",,,,,,P367109
no_expected_no_live,368317,Q2153785,,"Cuneiform Tablet MDP 12, p. 77 fig. 38",CDLI artifact: tablet; from Susa (mod. Shush); CDLI P368317,,,,,,P368317
no_expected_no_live,370336,Q1932797,,"Cuneiform Tablet LTBA 1, 12","Lexical tablet from an unspecified location, dated to an unspecified period and currently held in the vorderasiatisches museum, berlin, germany.",,,,,,P370336
no_expected_no_live,370361,Q1932843,,"Cuneiform Tablet LTBA 1, 38","Lexical tablet from an unspecified location, dated to an unspecified period and currently held in the vorderasiatisches museum, berlin, germany.",,,,,,P370361
no_expected_no_live,370398,Q2163300,,"Cuneiform Tablet LTBA 1, 78","CDLI artifact: tablet; held by Vorderasiatisches Museum, Berlin, Germany; CDLI P370398",,,,,,P370398
no_expected_no_live,371874,Q2165802,,"Cuneiform Tablet VS 05, 140","CDLI artifact: tablet; held by Vorderasiatisches Museum, Berlin, Germany; CDLI P371874",,,,,,P371874
no_expected_no_live,372126,Q2169035,,"Cuneiform Tablet VS 06, 231","CDLI artifact: tablet; held by Vorderasiatisches Museum, Berlin, Germany; CDLI P372126",,,,,,P372126
no_expected_no_live,372167,Q2166712,,"Cuneiform Tablet VS 06, 272","CDLI artifact: tablet; held by Vorderasiatisches Museum, Berlin, Germany; CDLI P372167",,,,,,P372167
no_expected_no_live,385264,Q2167116,,"Cuneiform Tablet OECT 10, 251","CDLI artifact: tablet; from Babylon (mod. Bābil); held by Ashmolean Museum, Oxford, UK; CDLI P385264",,,,,,P385264
no_expected_no_live,385272,Q2168387,,"Cuneiform Tablet OECT 10, 259","CDLI artifact: tablet; from Kish (mod. Tell Ingharra); held by Ashmolean Museum, Oxford, UK; CDLI P385272",,,,,,P385272
no_expected_no_live,385321,Q2149150,,"Cuneiform Tablet OECT 10, 308","CDLI artifact: tablet; from Kish (mod. Tell Ingharra); held by Ashmolean Museum, Oxford, UK; CDLI P385321",,,,,,P385321
no_expected_no_live,385337,Q2168182,,"Cuneiform Tablet OECT 10, 324","CDLI artifact: tablet; from Kish (mod. Tell Ingharra); held by Ashmolean Museum, Oxford, UK; CDLI P385337",,,,,,P385337
no_expected_no_live,385360,Q2165304,,"Cuneiform Tablet OECT 10, 347","CDLI artifact: tablet; from Kish (mod. Tell Ingharra); held by Ashmolean Museum, Oxford, UK; CDLI P385360",,,,,,P385360
no_expected_no_live,386370,Q2036016,,"Cuneiform Tablet CT 12, pl. 20, BM 038189+","tablet from an unspecified location, dated to an unspecified period and currently held in the british museum, london, uk.",,,,,,P386370
no_expected_no_live,386409,Q2036068,,"Cuneiform Tablet CT 12, pl. 30, BM 034950","tablet from an unspecified location, dated to an unspecified period and currently held in the british museum, london, uk.",,,,,,P386409
no_expected_no_live,387832,Q2166728,,Cuneiform Tablet RIAA 276,"CDLI artifact: tablet; held by Musées royaux d’Art et d’Histoire, Brussels, Belgium; CDLI P387832",,,,,,P387832
no_expected_no_live,388102,Q2165496,,Cuneiform Artifact MS 3019/1,"CDLI artifact: sealing; from Umma (mod. Tell Jokha); held by Schøyen Collection, Oslo, Norway; CDLI P388102",,,,,,P388102
no_expected_no_live,388552,Q1907273,,Cuneiform Tablet SC-UCLA — in CDLI P388552,Lexical tablet from an unspecified location.,,,,,,P388552
no_expected_no_live,388905,Q2163247,,Cuneiform Tablet LB 0382,"CDLI artifact: tablet; held by de Liagre Böhl Collection, Netherlands Institute for the Near East, Leiden, The Netherlands; CDLI P388905",,,,,,P388905
no_expected_no_live,389085,Q2166561,,Cuneiform Tablet LB 0617,"CDLI artifact: tablet; held by de Liagre Böhl Collection, Netherlands Institute for the Near East, Leiden, The Netherlands; CDLI P389085",,,,,,P389085
no_expected_no_live,390322,Q2162665,,Cuneiform Tablet LB 3264,"CDLI artifact: tablet; held by de Liagre Böhl Collection, Netherlands Institute for the Near East, Leiden, The Netherlands; CDLI P390322",,,,,,P390322
no_expected_no_live,390420,Q2168561,,Cuneiform Tablet LB 1155,"CDLI artifact: tablet; held by de Liagre Böhl Collection, Netherlands Institute for the Near East, Leiden, The Netherlands; CDLI P390420",,,,,,P390420
no_expected_no_live,391564,Q2165267,,Cuneiform Tablet OIM A04220,"CDLI artifact: tablet; held by Institute for the Study of Ancient Cultures West Asia & North Africa Museum, Chicago, Illinois, USA; CDLI P391564",,,,,,P391564
no_expected_no_live,393037,Q2167048,,"Cuneiform Tablet KTT p. 031 Bi.29/49:149,02","CDLI artifact: tablet; from Tuttul (mod. Tell Bi'a); held by National Museum of Syria, Raqqa, Syria; CDLI P393037",,,,,,P393037
no_expected_no_live,404748,Q2166687,,Cuneiform Tablet DUROM 1952.5,"CDLI artifact: tablet; held by Oriental Museum, University of Durham, Durham, UK; CDLI P404748",,,,,,P404748
no_expected_no_live,404932,Q2168914,,"Cuneiform Tablet Iraq 60, 205","CDLI artifact: tablet; from Sippar-Yahrurum (mod. Tell Abu Habbah); held by National Museum of Iraq, Baghdad, Iraq; CDLI P404932",,,,,,P404932
no_expected_no_live,405509,Q2163681,,Cuneiform Tablet WML 1963.188.4,"CDLI artifact: tablet; held by World Museum Liverpool, Liverpool, UK; CDLI P405509",,,,,,P405509
no_expected_no_live,405548,Q2166167,,Cuneiform Tablet WML 51.63.091 (1985.354.4 ?),"CDLI artifact: tablet; held by World Museum Liverpool, Liverpool, UK; CDLI P405548",,,,,,P405548
no_expected_no_live,408053,Q2166500,,Cuneiform Artifact SM 1949.03.002,"CDLI artifact: amulet; held by Harvard Museum of the Ancient Near East, Harvard University, Cambridge, Massachusetts, USA; CDLI P408053",,,,,,P408053
no_expected_no_live,409480,Q2166888,,Cuneiform Tablet CUNES 47-00-004,"CDLI artifact: tablet; from uncertain (mod. uncertain); held by Department of Near Eastern Studies, Cornell University, Ithaca, New York, USA; CDLI P409480",,,,,,P409480
no_expected_no_live,409496,Q2168383,,Cuneiform Tablet CUNES 48-00-030,"CDLI artifact: tablet; held by Department of Near Eastern Studies, Cornell University, Ithaca, New York, USA; CDLI P409496",,,,,,P409496
no_expected_no_live,409584,Q2165298,,Cuneiform Tablet CUNES 48-09-209,"CDLI artifact: tablet; held by Department of Near Eastern Studies, Cornell University, Ithaca, New York, USA; CDLI P409584",,,,,,P409584
no_expected_no_live,409592,Q2170480,,Cuneiform Tablet CUNES 48-09-217,"CDLI artifact: tablet; held by Department of Near Eastern Studies, Cornell University, Ithaca, New York, USA; CDLI P409592",,,,,,P409592
no_expected_no_live,409603,Q2169107,,Cuneiform Tablet CUNES 48-09-228,"CDLI artifact: tablet; held by Department of Near Eastern Studies, Cornell University, Ithaca, New York, USA; CDLI P409603",,,,,,P409603
no_expected_no_live,409615,Q2047159,,Cuneiform Artifact CUNES 48-09-240,"CDLI artifact: tag; held by Department of Near Eastern Studies, Cornell University, Ithaca, New York, USA; CDLI P409615",,,,,,P409615
no_expected_no_live,409639,Q2165023,,Cuneiform Artifact CUNES 48-09-264,"CDLI artifact: tag; held by Department of Near Eastern Studies, Cornell University, Ithaca, New York, USA; CDLI P409639",,,,,,P409639
no_expected_no_live,409642,Q2166784,,Cuneiform Artifact CUNES 48-09-267,"CDLI artifact: tag; held by Department of Near Eastern Studies, Cornell University, Ithaca, New York, USA; CDLI P409642",,,,,,P409642
no_expected_no_live,409707,Q2167137,,Cuneiform Tablet CUNES 48-09-332,"CDLI artifact: tablet; held by Department of Near Eastern Studies, Cornell University, Ithaca, New York, USA; CDLI P409707",,,,,,P409707
no_expected_no_live,409750,Q2144877,,Cuneiform Tablet CUNES 48-10-046,"CDLI artifact: tablet; from uncertain (mod. uncertain); held by Department of Near Eastern Studies, Cornell University, Ithaca, New York, USA; CDLI P409750",,,,,,P409750
no_expected_no_live,410033,Q2167011,,Cuneiform Tablet CUNES 48-12-115,"CDLI artifact: tablet; from uncertain (mod. uncertain); held by Department of Near Eastern Studies, Cornell University, Ithaca, New York, USA; CDLI P410033",,,,,,P410033
no_expected_no_live,410048,Q2165209,,Cuneiform Tablet CUNES 48-12-130,"CDLI artifact: tablet; from uncertain (mod. uncertain); held by Department of Near Eastern Studies, Cornell University, Ithaca, New York, USA; CDLI P410048",,,,,,P410048
no_expected_no_live,410072,Q2169299,,Cuneiform Tablet CUNES 48-12-154,"CDLI artifact: tablet; from uncertain (mod. uncertain); held by Department of Near Eastern Studies, Cornell University, Ithaca, New York, USA; CDLI P410072",,,,,,P410072
no_expected_no_live,411049,Q2167713,,Cuneiform Tablet CUNES 50-05-097,"CDLI artifact: tablet; held by Department of Near Eastern Studies, Cornell University, Ithaca, New York, USA; CDLI P411049",,,,,,P411049
no_expected_no_live,411065,Q2163971,,Cuneiform Tablet CUNES 50-05-113,"CDLI artifact: tablet; held by Department of Near Eastern Studies, Cornell University, Ithaca, New York, USA; CDLI P411065",,,,,,P411065
no_expected_no_live,411966,Q2163674,,Cuneiform Tablet CUNES 55-01-043,"CDLI artifact: tablet; from uncertain (mod. uncertain); held by Department of Near Eastern Studies, Cornell University, Ithaca, New York, USA; CDLI P411966",,,,,,P411966
no_expected_no_live,412219,Q2163535,,"Cuneiform Tablet CTMMA 2, 046","CDLI artifact: tablet; held by Metropolitan Museum of Art, New York, New York, USA; CDLI P412219",,,,,,P412219
no_expected_no_live,412223,Q2149395,,"Cuneiform Tablet CTMMA 2, 050","CDLI artifact: tablet; held by Metropolitan Museum of Art, New York, New York, USA; CDLI P412223",,,,,,P412223
no_expected_no_live,412235,Q2168157,,"Cuneiform Tablet CTMMA 2, 062","CDLI artifact: tablet; held by Metropolitan Museum of Art, New York, New York, USA; CDLI P412235",,,,,,P412235
no_expected_no_live,412262,Q2165282,,"Cuneiform Tablet CTMMA 2, 091","CDLI artifact: tablet; held by Metropolitan Museum of Art, New York, New York, USA; CDLI P412262",,,,,,P412262
no_expected_no_live,412274,Q2170503,,"Cuneiform Tablet CTMMA 2, 103","CDLI artifact: tablet; held by Metropolitan Museum of Art, New York, New York, USA; CDLI P412274",,,,,,P412274
no_expected_no_live,414461,Q2168968,,"Cuneiform Tablet YOS 15, 006","CDLI artifact: tablet; held by Garrett-Evangelical Theological Seminary, Evanston, Illinois, USA; CDLI P414461",,,,,,P414461
no_expected_no_live,416237,Q2169963,,Cuneiform Tablet CULC 329,"CDLI artifact: tablet; held by Columbia University Library, New York, New York, USA; CDLI P416237",,,,,,P416237
no_expected_no_live,416276,Q2167666,,Cuneiform Tablet CULC 368,"CDLI artifact: tablet; held by Columbia University Library, New York, New York, USA; CDLI P416276",,,,,,P416276
no_expected_no_live,420692,Q2163552,,Cuneiform Tablet SMUI 1913.14.0311,"CDLI artifact: tablet; held by Spurlock Museum, University of Illinois, Urbana-Champaign, Illinois, USA; CDLI P420692",,,,,,P420692
no_expected_no_live,420702,Q2152412,,Cuneiform Tablet SMUI 1913.14.0322,"CDLI artifact: tablet; held by Spurlock Museum, University of Illinois, Urbana-Champaign, Illinois, USA; CDLI P420702",,,,,,P420702
no_expected_no_live,420714,Q2167989,,Cuneiform Tablet SMUI 1913.14.0334,"CDLI artifact: tablet; held by Spurlock Museum, University of Illinois, Urbana-Champaign, Illinois, USA; CDLI P420714",,,,,,P420714
no_expected_no_live,420738,Q2163731,,Cuneiform Tablet SMUI 1913.14.0358,"CDLI artifact: tablet; held by Spurlock Museum, University of Illinois, Urbana-Champaign, Illinois, USA; CDLI P420738",,,,,,P420738
no_expected_no_live,420743,Q2165598,,Cuneiform Tablet SMUI 1913.14.0363,"CDLI artifact: tablet; held by Spurlock Museum, University of Illinois, Urbana-Champaign, Illinois, USA; CDLI P420743",,,,,,P420743
no_expected_no_live,421345,Q2164709,,Cuneiform Tablet SMUI 1913.14.1492,"CDLI artifact: tablet; held by Spurlock Museum, University of Illinois, Urbana-Champaign, Illinois, USA; CDLI P421345",,,,,,P421345
no_expected_no_live,421847,Q2170248,,Cuneiform Tablet BM 098557,"CDLI artifact: tablet; held by British Museum, London, UK; CDLI P421847",,,,,,P421847
no_expected_no_live,421851,Q2165542,,Cuneiform Tablet BM 098566,"CDLI artifact: tablet; held by British Museum, London, UK; CDLI P421851",,,,,,P421851
no_expected_no_live,421902,Q2170610,,Cuneiform Tablet BM 098648,"CDLI artifact: tablet; held by British Museum, London, UK; CDLI P421902",,,,,,P421902
no_expected_no_live,421914,Q2166380,,Cuneiform Tablet BM 098670,"CDLI artifact: tablet; held by British Museum, London, UK; CDLI P421914",,,,,,P421914
no_expected_no_live,421943,Q2168330,,"Cuneiform Tablet MC 25, 629","CDLI artifact: tablet; held by British Museum, London, UK; CDLI P421943",,,,,,P421943
no_expected_no_live,421955,Q2167981,,Cuneiform Tablet BM 098746,"CDLI artifact: tablet; held by British Museum, London, UK; CDLI P421955",,,,,,P421955
no_expected_no_live,421980,Q2163539,,Cuneiform Tablet BM 098774,"CDLI artifact: tablet; held by British Museum, London, UK; CDLI P421980",,,,,,P421980
no_expected_no_live,422007,Q2167264,,Cuneiform Tablet BM 098807,"CDLI artifact: tablet; held by British Museum, London, UK; CDLI P422007",,,,,,P422007
no_expected_no_live,422046,Q2169626,,Cuneiform Tablet BM 098887,"CDLI artifact: tablet; held by British Museum, London, UK; CDLI P422046",,,,,,P422046
no_expected_no_live,422139,Q2165177,,Cuneiform Tablet BM 099123,"CDLI artifact: tablet; held by British Museum, London, UK; CDLI P422139",,,,,,P422139
no_expected_no_live,422181,Q2162263,,Cuneiform Tablet BM 099213,"CDLI artifact: tablet; held by British Museum, London, UK; CDLI P422181",,,,,,P422181
no_expected_no_live,422210,Q2163198,,Cuneiform Tablet BM 099264,"CDLI artifact: tablet; held by British Museum, London, UK; CDLI P422210",,,,,,P422210
no_expected_no_live,422284,Q2165434,,Cuneiform Tablet BM 105322,"CDLI artifact: tablet; held by British Museum, London, UK; CDLI P422284",,,,,,P422284
no_expected_no_live,422292,Q2170349,,Cuneiform Tablet BM 114697,"CDLI artifact: tablet; held by British Museum, London, UK; CDLI P422292",,,,,,P422292
no_expected_no_live,422338,Q2170382,,Cuneiform Tablet BM 121063,"CDLI artifact: tablet; held by British Museum, London, UK; CDLI P422338",,,,,,P422338
no_expected_no_live,422355,Q2163576,,Cuneiform Tablet BM 121093,"CDLI artifact: tablet; held by British Museum, London, UK; CDLI P422355",,,,,,P422355
no_expected_no_live,422379,Q2168123,,Cuneiform Tablet BM 121128,"CDLI artifact: tablet; held by British Museum, London, UK; CDLI P422379",,,,,,P422379
no_expected_no_live,422380,Q2168751,,Cuneiform Tablet BM 121129,"CDLI artifact: tablet; held by British Museum, London, UK; CDLI P422380",,,,,,P422380
no_expected_no_live,422400,Q2146027,,Cuneiform Tablet BM 122614,"CDLI artifact: tablet; held by British Museum, London, UK; CDLI P422400",,,,,,P422400
no_expected_no_live,422416,Q2169462,,Cuneiform Tablet BM 122633,"CDLI artifact: tablet; held by British Museum, London, UK; CDLI P422416",,,,,,P422416
no_expected_no_live,422705,Q2163738,,Cuneiform Tablet BM 127930,"CDLI artifact: tablet; held by British Museum, London, UK; CDLI P422705",,,,,,P422705
no_expected_no_live,422791,Q2166280,,Cuneiform Tablet BM 128017,"CDLI artifact: tablet; held by British Museum, London, UK; CDLI P422791",,,,,,P422791
no_expected_no_live,422800,Q2168958,,Cuneiform Tablet BM 128028,"CDLI artifact: tablet; held by British Museum, London, UK; CDLI P422800",,,,,,P422800
no_expected_no_live,422816,Q2047511,,Cuneiform Tablet BM 128049,"CDLI artifact: tablet; held by British Museum, London, UK; CDLI P422816",,,,,,P422816
no_expected_no_live,422904,Q2167561,,Cuneiform Tablet BM 128148,"CDLI artifact: tablet; held by British Museum, London, UK; CDLI P422904",,,,,,P422904
no_expected_no_live,422945,Q2169915,,Cuneiform Tablet BM 128192,"CDLI artifact: tablet; held by British Museum, London, UK; CDLI P422945",,,,,,P422945
no_expected_no_live,423246,Q2167438,,Cuneiform Tablet BM 134520,"CDLI artifact: tablet; held by British Museum, London, UK; CDLI P423246",,,,,,P423246
no_expected_no_live,423303,Q2166494,,Cuneiform Tablet BM 134784,"CDLI artifact: tablet; held by British Museum, London, UK; CDLI P423303",,,,,,P423303
no_expected_no_live,423342,Q2168819,,Cuneiform Tablet BM 134827,"CDLI artifact: tablet; held by British Museum, London, UK; CDLI P423342",,,,,,P423342
no_expected_no_live,423378,Q2164714,,Cuneiform Tablet Bod AB A 005,"CDLI artifact: tablet; held by Ashmolean Museum, Oxford, UK; CDLI P423378",,,,,,P423378
no_expected_no_live,423397,Q2164529,,Cuneiform Tablet Bod AB A 026,"CDLI artifact: tablet; held by Ashmolean Museum, Oxford, UK; CDLI P423397",,,,,,P423397
no_expected_no_live,424147,Q2164728,,Cuneiform Tablet MAH 16314,"CDLI artifact: tablet; from uncertain (mod. uncertain); held by Musée d'Art et d'Histoire, Geneva, Switzerland; CDLI P424147",,,,,,P424147
no_expected_no_live,427593,Q2166226,,"Cuneiform Tablet MDP 57, 02",CDLI artifact: tablet; from Susa (mod. Shush); CDLI P427593,,,,,,P427593
no_expected_no_live,427602,Q2147535,,"Cuneiform Tablet MDP 57, 11",CDLI artifact: tablet; from Susa (mod. Shush); CDLI P427602,,,,,,P427602
no_expected_no_live,427985,Q2165859,,Cuneiform Artifact BM 090373,"CDLI artifact: brick; held by British Museum, London, UK; CDLI P427985",,,,,,P427985
no_expected_no_live,428426,Q2162079,,Cuneiform Artifact BM 114296,"CDLI artifact: brick; held by British Museum, London, UK; CDLI P428426",,,,,,P428426
no_expected_no_live,428627,Q2165507,,Cuneiform Artifact BM 137860,"CDLI artifact: brick; held by British Museum, London, UK; CDLI P428627",,,,,,P428627
no_expected_no_live,428631,Q2168452,,Cuneiform Artifact BM 138718,"CDLI artifact: brick; held by British Museum, London, UK; CDLI P428631",,,,,,P428631
no_expected_no_live,428666,Q2166208,,Cuneiform Artifact P428666,"CDLI artifact: brick; held by British Museum, London, UK; CDLI P428666",,,,,,P428666
no_expected_no_live,428689,Q2165478,,Cuneiform Artifact P428689,"CDLI artifact: brick; held by British Museum, London, UK; CDLI P428689",,,,,,P428689
no_expected_no_live,428758,Q2163628,,Cuneiform Artifact N 2025,"CDLI artifact: brick; held by British Museum, London, UK; CDLI P428758",,,,,,P428758
no_expected_no_live,428762,Q2150328,,Cuneiform Artifact N 2033,"CDLI artifact: brick; held by British Museum, London, UK; CDLI P428762",,,,,,P428762
no_expected_no_live,429165,Q2167798,,Cuneiform Tablet MAH 00000F13,"CDLI artifact: tablet; from uncertain (mod. uncertain); held by Musée d'Art et d'Histoire, Geneva, Switzerland; CDLI P429165",,,,,,P429165
no_expected_no_live,429470,Q1090978,,Cuneiform Tablet P429470,"CDLI artifact: tablet; held by P. J., USA; CDLI P429470",,,,,,P429470
no_expected_no_live,429866,Q2168066,,Cuneiform Tablet SE 138 (missing),"CDLI artifact: tablet; from uncertain (mod. uncertain); held by Couvent Saint-Étienne, Jerusalem; CDLI P429866",,,,,,P429866
no_expected_no_live,429889,Q2168274,,Cuneiform Artifact CDLI Seals 001481 (physical),"CDLI artifact: Cylinder seal; held by Studium Biblicum Franciscanum Archaeological Museum, Jerusalem; CDLI P429889",,,,,,P429889
no_expected_no_live,430104,Q2164965,,Cuneiform Artifact GMII 1336 ?,"CDLI artifact: cone; held by Pushkin State Museum of Fine Arts, Moscow, Russian Federation; CDLI P430104",,,,,,P430104
no_expected_no_live,430997,Q2169096,,"Cuneiform Tablet RA 028, 105",CDLI artifact: tablet; CDLI P430997,,,,,,P430997
no_expected_no_live,431369,Q2032021,,Cuneiform Tablet SE 089,"CDLI artifact: tablet; held by Couvent Saint-Étienne, Jerusalem; CDLI P431369",,,,,,P431369
no_expected_no_live,431386,Q2142926,,Cuneiform Tablet SE 107,"CDLI artifact: tablet; held by Couvent Saint-Étienne, Jerusalem; CDLI P431386",,,,,,P431386
no_expected_no_live,431390,Q2169581,,Cuneiform Tablet SE 112,"CDLI artifact: tablet; held by Couvent Saint-Étienne, Jerusalem; CDLI P431390",,,,,,P431390
no_expected_no_live,431410,Q2168418,,Cuneiform Artifact CDLI Seals 006368 (physical),"CDLI artifact: Cylinder seal; held by Couvent Saint-Étienne, Jerusalem; CDLI P431410",,,,,,P431410
no_expected_no_live,432800,Q2169318,,"Cuneiform Tablet OrSP 2, p. 56-57, tab. I, III.","CDLI artifact: tablet; held by Montserrat Museum, Barcelona, Spain; CDLI P432800",,,,,,P432800
no_expected_no_live,432945,Q2169547,,Cuneiform Tablet Fs Sanmartín 293-298 MM unn. 08,"CDLI artifact: tablet; held by Montserrat Museum, Barcelona, Spain; CDLI P432945",,,,,,P432945
no_expected_no_live,433179,Q2170327,,Cuneiform Tablet X.3.207 unpublished assigned,"CDLI artifact: tablet; held by Michael C. Carlos Museum, Emory University, Atlanta, Georgia, USA; CDLI P433179",,,,,,P433179
no_expected_no_live,433180,Q2166180,,Cuneiform Tablet X.3.208 unpublished assigned,"CDLI artifact: tablet; held by Michael C. Carlos Museum, Emory University, Atlanta, Georgia, USA; CDLI P433180",,,,,,P433180
no_expected_no_live,433207,Q2169400,,Cuneiform Tablet X.3.235 unpublished assigned,"CDLI artifact: tablet; held by Michael C. Carlos Museum, Emory University, Atlanta, Georgia, USA; CDLI P433207",,,,,,P433207
no_expected_no_live,433211,Q2146971,,Cuneiform Tablet X.3.239 unpublished assigned,"CDLI artifact: tablet; held by Michael C. Carlos Museum, Emory University, Atlanta, Georgia, USA; CDLI P433211",,,,,,P433211
no_expected_no_live,433246,Q2167053,,Cuneiform Tablet X.3.274 unpublished assigned,"CDLI artifact: tablet; held by Michael C. Carlos Museum, Emory University, Atlanta, Georgia, USA; CDLI P433246",,,,,,P433246
no_expected_no_live,433303,Q2166837,,Cuneiform Tablet X.3.331 unpublished assigned,"CDLI artifact: tablet; held by Michael C. Carlos Museum, Emory University, Atlanta, Georgia, USA; CDLI P433303",,,,,,P433303
no_expected_no_live,449226,Q2170437,,Cuneiform Tablet CUNES 51-03-321,"CDLI artifact: tablet; from uncertain (mod. uncertain); held by Department of Near Eastern Studies, Cornell University, Ithaca, New York, USA; CDLI P449226",,,,,,P449226
no_expected_no_live,449230,Q2165359,,Cuneiform Tablet CUNES 51-03-325,"CDLI artifact: tablet; from uncertain (mod. uncertain); held by Department of Near Eastern Studies, Cornell University, Ithaca, New York, USA; CDLI P449230",,,,,,P449230
no_expected_no_live,449271,Q2150697,,Cuneiform Tablet CUNES 55-12-004,"CDLI artifact: tablet; from uncertain (mod. uncertain); held by Department of Near Eastern Studies, Cornell University, Ithaca, New York, USA; CDLI P449271",,,,,,P449271
no_expected_no_live,450768,Q1988067,,Cuneiform Tablet Ashm 1924-0823,"tablet from an unspecified location, dated to an unspecified period and currently held in the ashmolean museum, oxford, uk.",,,,,,P450768
no_expected_no_live,450787,Q1988079,,Cuneiform Tablet Ashm 1924-0845h,"tablet from an unspecified location, dated to an unspecified period and currently held in the ashmolean museum, oxford, uk.",,,,,,P450787
no_expected_no_live,450857,Q2065558,,"Cuneiform Tablet Iraq 06, 157, 21","Lexical tablet from an unspecified location, dated to an unspecified period and currently held in the ashmolean museum, oxford, uk.",,,,,,P450857
no_expected_no_live,450945,Q1988276,,Cuneiform Tablet Ashm 1924-1112,"tablet from an unspecified location, dated to an unspecified period and currently held in the ashmolean museum, oxford, uk.",,,,,,P450945
no_expected_no_live,450969,Q1988309,,Cuneiform Tablet Ashm 1924-1165,"tablet from an unspecified location, dated to an unspecified period and currently held in the ashmolean museum, oxford, uk.",,,,,,P450969
no_expected_no_live,450986,Q1988331,,Cuneiform Tablet Ashm 1924-1202,"Lexical tablet from an unspecified location, dated to an unspecified period and currently held in the ashmolean museum, oxford, uk.",,,,,,P450986
no_expected_no_live,451010,Q1988351,,Cuneiform Tablet Ashm 1924-1247,"tablet from an unspecified location, dated to an unspecified period and currently held in the ashmolean museum, oxford, uk.",,,,,,P451010
no_expected_no_live,451102,Q1988427,,Cuneiform Tablet Ashm 1924-1506,"tablet from an unspecified location, dated to an unspecified period and currently held in the ashmolean museum, oxford, uk.",,,,,,P451102
no_expected_no_live,451179,Q1988495,,Cuneiform Tablet Ashm 1924-1732,"tablet from an unspecified location, dated to an unspecified period and currently held in the ashmolean museum, oxford, uk.",,,,,,P451179
no_expected_no_live,451196,Q1988524,,Cuneiform Tablet Ashm 1924-1757,"tablet from an unspecified location, dated to an unspecified period and currently held in the ashmolean museum, oxford, uk.",,,,,,P451196
no_expected_no_live,451207,Q1988542,,Cuneiform Tablet Ashm 1924-1782,"tablet from an unspecified location, dated to an unspecified period and currently held in the ashmolean museum, oxford, uk.",,,,,,P451207
no_expected_no_live,451250,Q1988607,,Cuneiform Tablet Ashm 1924-1907,"Lexical tablet from an unspecified location, dated to an unspecified period and currently held in the ashmolean museum, oxford, uk.",,,,,,P451250
no_expected_no_live,451381,Q1988720,,Cuneiform Tablet Ashm 1924-2203,"tablet from an unspecified location, dated to an unspecified period and currently held in the ashmolean museum, oxford, uk.",,,,,,P451381
no_expected_no_live,451529,Q1988784,,Cuneiform Tablet Ashm 1930-0354e,"Lexical tablet from an unspecified location, dated to an unspecified period and currently held in the ashmolean museum, oxford, uk.",,,,,,P451529
no_expected_no_live,452094,Q2168308,,Cuneiform Artifact BM 092494,"CDLI artifact: vase; held by British Museum, London, UK; CDLI P452094",,,,,,P452094
no_expected_no_live,452128,Q2166666,,Cuneiform Tablet P452128,"CDLI artifact: tablet; from Nineveh (mod. Kuyunjik); held by British Museum, London, UK; CDLI P452128",,,,,,P452128
no_expected_no_live,452169,Q2166288,,Cuneiform Tablet P452169,"CDLI artifact: tablet; from Nineveh (mod. Kuyunjik); held by British Museum, London, UK; CDLI P452169",,,,,,P452169
no_expected_no_live,452186,Q2165504,,Cuneiform Tablet P452186,"CDLI artifact: tablet; from Nineveh (mod. Kuyunjik); held by British Museum, London, UK; CDLI P452186",,,,,,P452186
no_expected_no_live,452201,Q2169334,,Cuneiform Tablet P452201,"CDLI artifact: tablet; from Nineveh (mod. Kuyunjik); held by British Museum, London, UK; CDLI P452201",,,,,,P452201
no_expected_no_live,453282,Q2059399,,Cuneiform Tablet Fs Pettinato 060 no. 04,Lexical tablet from an unspecified location.,,,,,,P453282
no_expected_no_live,459119,Q2167524,,Cuneiform Tablet CAJS 31,"CDLI artifact: tablet; held by Center for Advanced Judaic Studies, University of Pennsylvania, Philadephia, Pennsylvania, USA; CDLI P459119",,,,,,P459119
no_expected_no_live,459836,Q2162113,,Cuneiform Tablet FLP 1268 (missing ?),"CDLI artifact: tablet; held by Free Library of Philadelphia, Philadelphia, Pennsylvania, USA; CDLI P459836",,,,,,P459836
no_expected_no_live,461170,Q2006608,,Cuneiform Tablet BM 038411,"Akkadian literary tablet from an unspecified location, dated to an unspecified period and currently held in the british museum, london, uk.",,,,,,P461170
no_expected_no_live,461222,Q2006837,,Cuneiform Tablet BM 045754,"Akkadian literary tablet from an unspecified location, dated to an unspecified period and currently held in the british museum, london, uk.",,,,,,P461222
no_expected_no_live,461259,Q2003301,,"Cuneiform Tablet BLO, pl. 27 no. 78","Akkadian literary tablet from an unspecified location, dated to an unspecified period and currently held in the british museum, london, uk.",,,,,,P461259
no_expected_no_live,461367,Q2164055,,Cuneiform Tablet UM 33-58-089,"CDLI artifact: tablet; from Šibaniba (mod. Tell Billa); held by Penn Museum, Philadelphia, Pennsylvania, USA; CDLI P461367",,,,,,P461367
no_expected_no_live,461388,Q2163006,,Cuneiform Tablet UM 33-58-120,"CDLI artifact: tablet; from Šibaniba (mod. Tell Billa); held by Penn Museum, Philadelphia, Pennsylvania, USA; CDLI P461388",,,,,,P461388
no_expected_no_live,461424,Q2169883,,Cuneiform Artifact UM 84-26-060,"CDLI artifact: brick; held by Penn Museum, Philadelphia, Pennsylvania, USA; CDLI P461424",,,,,,P461424
no_expected_no_live,461432,Q2048016,,Cuneiform Artifact UM 84-26-069,"CDLI artifact: brick; held by Penn Museum, Philadelphia, Pennsylvania, USA; CDLI P461432",,,,,,P461432
no_expected_no_live,461465,Q2167589,,Cuneiform Artifact UM 84-26-102,"CDLI artifact: brick; held by Penn Museum, Philadelphia, Pennsylvania, USA; CDLI P461465",,,,,,P461465
no_expected_no_live,461561,Q2168934,,Cuneiform Tablet CBS 02496.28,"CDLI artifact: tablet; held by Penn Museum, Philadelphia, Pennsylvania, USA; CDLI P461561",,,,,,P461561
no_expected_no_live,461577,Q2047537,,Cuneiform Tablet CBS 02496.45,"CDLI artifact: tablet; held by Penn Museum, Philadelphia, Pennsylvania, USA; CDLI P461577",,,,,,P461577
no_expected_no_live,461598,Q2063840,,Cuneiform Tablet CBS 02496.q,"CDLI artifact: tablet; held by Penn Museum, Philadelphia, Pennsylvania, USA; CDLI P461598",,,,,,P461598
no_expected_no_live,461737,Q2163893,,Cuneiform Tablet UM 37-35-031,"CDLI artifact: tablet; held by Penn Museum, Philadelphia, Pennsylvania, USA; CDLI P461737",,,,,,P461737
no_expected_no_live,461808,Q2164975,,Cuneiform Tablet UM 37-35-104,"CDLI artifact: tablet; held by Penn Museum, Philadelphia, Pennsylvania, USA; CDLI P461808",,,,,,P461808
no_expected_no_live,461824,Q2047198,,Cuneiform Tablet UM 37-35-120,"CDLI artifact: tablet; held by Penn Museum, Philadelphia, Pennsylvania, USA; CDLI P461824",,,,,,P461824
no_expected_no_live,461832,Q2169084,,Cuneiform Tablet UM 39-09-002,"CDLI artifact: tablet; held by Penn Museum, Philadelphia, Pennsylvania, USA; CDLI P461832",,,,,,P461832
no_expected_no_live,463970,Q2164141,,Cuneiform Artifact CDLI Seals 006370 (composite),CDLI artifact: seal (not impression); CDLI P463970,,,,,,P463970
no_expected_no_live,465349,Q2170461,,Cuneiform Artifact CDLI Seals 006511 (physical),"CDLI artifact: seal (not impression); held by Brenner, Ori, Rehovot, Israel; CDLI P465349",,,,,,P465349
no_expected_no_live,467636,Q2168723,,Cuneiform Tablet Penn —,"CDLI artifact: tablet; held by Penn Museum, Philadelphia, Pennsylvania, USA; CDLI P467636",,,,,,P467636
no_expected_no_live,467899,Q2164444,,Cuneiform Tablet U 00503,CDLI artifact: tablet; from Ur (mod. Tell Muqayyar); CDLI P467899,,,,,,P467899
no_expected_no_live,467909,Q2169853,,Cuneiform Tablet U 00579,"CDLI artifact: tablet; from Ur (mod. Tell Muqayyar); held by British Museum, London, UK; CDLI P467909",,,,,,P467909
no_expected_no_live,467933,Q2164555,,Cuneiform Tablet U 00807,"CDLI artifact: tablet; from Ur (mod. Tell Muqayyar); held by British Museum, London, UK; CDLI P467933",,,,,,P467933
no_expected_no_live,467948,Q2167485,,Cuneiform Tablet U 00992,CDLI artifact: tablet; from Ur (mod. Tell Muqayyar); CDLI P467948,,,,,,P467948
no_expected_no_live,468078,Q2166376,,Cuneiform Tablet U 05606,CDLI artifact: tablet; from Ur (mod. Tell Muqayyar); CDLI P468078,,,,,,P468078
no_expected_no_live,468081,Q2170496,,"Cuneiform Tablet UE 06, pl. 47c","CDLI artifact: tablet; from Ur (mod. Tell Muqayyar); held by National Museum of Iraq, Baghdad, Iraq; CDLI P468081",,,,,,P468081
no_expected_no_live,468146,Q2163712,,Cuneiform Tablet U 07769,CDLI artifact: tablet; from Ur (mod. Tell Muqayyar); CDLI P468146,,,,,,P468146
no_expected_no_live,468185,Q2168366,,Cuneiform Tablet U 07833h,CDLI artifact: tablet; from Ur (mod. Tell Muqayyar); CDLI P468185,,,,,,P468185
no_expected_no_live,468193,Q2167307,,Cuneiform Tablet U 07833s,CDLI artifact: tablet; from Ur (mod. Tell Muqayyar); CDLI P468193,,,,,,P468193
no_expected_no_live,468238,Q2162222,,Cuneiform Tablet Meteors and Meteorites in the Ancient Near East p. 125,CDLI artifact: tablet; from Ur (mod. Tell Muqayyar); CDLI P468238,,,,,,P468238
no_expected_no_live,468243,Q2144473,,"Cuneiform Tablet UET 8/1, 0055","CDLI artifact: tablet; from Ur (mod. Tell Muqayyar); held by National Museum of Iraq, Baghdad, Iraq; CDLI P468243",,,,,,P468243
no_expected_no_live,468255,Q2169471,,Cuneiform Tablet U 10632,CDLI artifact: tablet; from Ur (mod. Tell Muqayyar); CDLI P468255,,,,,,P468255
no_expected_no_live,468280,Q2165208,,Cuneiform Tablet U 13073,CDLI artifact: tablet; from Ur (mod. Tell Muqayyar); CDLI P468280,,,,,,P468280
no_expected_no_live,468306,Q2047116,,Cuneiform Tablet U 16088,CDLI artifact: tablet; from Ur (mod. Tell Muqayyar); CDLI P468306,,,,,,P468306
no_expected_no_live,468310,Q2169120,,Cuneiform Tablet U 16240a,CDLI artifact: tablet; from Ur (mod. Tell Muqayyar); CDLI P468310,,,,,,P468310
no_expected_no_live,468392,Q2162117,,Cuneiform Tablet U 17844,CDLI artifact: tablet; from Ur (mod. Tell Muqayyar); CDLI P468392,,,,,,P468392
no_expected_no_live,468428,Q2166241,,Cuneiform Tablet U 18810,"CDLI artifact: tablet; from Ur (mod. Tell Muqayyar); held by British Museum, London, UK; CDLI P468428",,,,,,P468428
no_expected_no_live,468453,Q2163218,,Cuneiform Tablet U 30327,CDLI artifact: tablet; from Ur (mod. Tell Muqayyar); CDLI P468453,,,,,,P468453
no_expected_no_live,468469,Q2164959,,Cuneiform Tablet U 30343,CDLI artifact: tablet; from Ur (mod. Tell Muqayyar); CDLI P468469,,,,,,P468469
no_expected_no_live,468486,Q2151764,,"Cuneiform Tablet AMD 1, 247 Fig. 12","CDLI artifact: tablet; from Ur (mod. Tell Muqayyar); held by British Museum, London, UK; CDLI P468486",,,,,,P468486
no_expected_no_live,468516,Q2163592,,Cuneiform Tablet U 30663,CDLI artifact: tablet; from Ur (mod. Tell Muqayyar); CDLI P468516,,,,,,P468516
no_expected_no_live,468582,Q2166435,,"Cuneiform Tablet UET 8/1, 0066a","CDLI artifact: tablet; from Ur (mod. Tell Muqayyar); held by National Museum of Iraq, Baghdad, Iraq; CDLI P468582",,,,,,P468582
no_expected_no_live,468605,Q2169612,,Cuneiform Artifact CDLI Seals 012514 (physical),"CDLI artifact: Cylinder seal; from Ur (mod. Tell Muqayyar); held by National Museum of Iraq, Baghdad, Iraq; CDLI P468605",,,,,,P468605
no_expected_no_live,468613,Q2142681,,Cuneiform Artifact CDLI Seals 012664 (physical),"CDLI artifact: Cylinder seal; from Ur (mod. Tell Muqayyar); held by National Museum of Iraq, Baghdad, Iraq; CDLI P468613",,,,,,P468613
no_expected_no_live,469278,Q2159863,,Cuneiform Tablet BM 061547,"CDLI artifact: tablet; from Sippar-Yahrurum (mod. Tell Abu Habbah); held by British Museum, London, UK; CDLI P469278",,,,,,P469278
no_expected_no_live,469297,Q2157713,,"Cuneiform Tablet ZA 076, 275","CDLI artifact: tablet; from Gasur/Nuzi (mod. Yorgan Tepe); held by British Museum, London, UK; CDLI P469297",,,,,,P469297
no_expected_no_live,469393,Q2166127,,Cuneiform Tablet U 07810un1,"CDLI artifact: tablet; from Ur (mod. Tell Muqayyar); held by British Museum, London, UK; CDLI P469393",,,,,,P469393
no_expected_no_live,469444,Q2169777,,Cuneiform Tablet U 30760,"CDLI artifact: tablet; from Ur (mod. Tell Muqayyar); held by British Museum, London, UK; CDLI P469444",,,,,,P469444
no_expected_no_live,469452,Q2063640,,Cuneiform Tablet U 30768,"CDLI artifact: tablet; from Ur (mod. Tell Muqayyar); held by British Museum, London, UK; CDLI P469452",,,,,,P469452
no_expected_no_live,469612,Q2163060,,Cuneiform Tablet BM 131531,"CDLI artifact: tablet; held by British Museum, London, UK; CDLI P469612",,,,,,P469612
no_expected_no_live,469628,Q2162900,,Cuneiform Tablet BM 131550,"CDLI artifact: tablet; held by British Museum, London, UK; CDLI P469628",,,,,,P469628
no_expected_no_live,473474,Q2162145,,Cuneiform Artifact CDLI Seals 007219 (physical),"CDLI artifact: seal (not impression); from uncertain (mod. uncertain); held by Ashmolean Museum, Oxford, UK; CDLI P473474",,,,,,P473474
no_expected_no_live,473531,Q2162354,,Cuneiform Artifact CDLI Seals 007276 (physical),"CDLI artifact: Cylinder seal; from Alalakh (mod. Tell Açana/Atshana); held by Ashmolean Museum, Oxford, UK; CDLI P473531",,,,,,P473531
no_expected_no_live,473566,Q2165236,,Cuneiform Artifact CDLI Seals 007311 (physical),"CDLI artifact: Cylinder seal; from uncertain (mod. uncertain); held by Ashmolean Museum, Oxford, UK; CDLI P473566",,,,,,P473566
no_expected_no_live,473589,Q2164180,,Cuneiform Artifact CDLI Seals 007334 (physical),"CDLI artifact: Cylinder seal; from uncertain (mod. uncertain); held by Ashmolean Museum, Oxford, UK; CDLI P473589",,,,,,P473589
no_expected_no_live,473634,Q2166275,,Cuneiform Artifact CDLI Seals 007379 (physical),"CDLI artifact: Cylinder seal; from uncertain (mod. uncertain); held by Ashmolean Museum, Oxford, UK; CDLI P473634",,,,,,P473634
no_expected_no_live,473663,Q2168386,,Cuneiform Artifact CDLI Seals 007408 (physical),"CDLI artifact: seal (not impression); from uncertain (mod. uncertain); held by Ashmolean Museum, Oxford, UK; CDLI P473663",,,,,,P473663
no_expected_no_live,473675,Q2167061,,Cuneiform Artifact CDLI Seals 007420 (physical),"CDLI artifact: seal (not impression); from uncertain (mod. uncertain); held by Ashmolean Museum, Oxford, UK; CDLI P473675",,,,,,P473675
no_expected_no_live,476363,Q2162589,,Cuneiform Artifact CDLI Seals 009622 (physical),"CDLI artifact: Cylinder seal; from uncertain (mod. uncertain); held by Département des Monnaies, Médailles et Antiques, Bibliothèque Nationale, Paris, France; CDLI P476363",,,,,,P476363
no_expected_no_live,476436,Q2166211,,Cuneiform Artifact CDLI Seals 009695 (physical),"CDLI artifact: Cylinder seal; from uncertain (mod. uncertain); held by Département des Monnaies, Médailles et Antiques, Bibliothèque Nationale, Paris, France; CDLI P476436",,,,,,P476436
no_expected_no_live,476461,Q2168498,,Cuneiform Artifact CDLI Seals 009720 (physical),"CDLI artifact: Cylinder seal; from uncertain (mod. uncertain); held by Département des Monnaies, Médailles et Antiques, Bibliothèque Nationale, Paris, France; CDLI P476461",,,,,,P476461
no_expected_no_live,476477,Q2165479,,Cuneiform Artifact CDLI Seals 009736 (physical),"CDLI artifact: Cylinder seal; from uncertain (mod. uncertain); held by Département des Monnaies, Médailles et Antiques, Bibliothèque Nationale, Paris, France; CDLI P476477",,,,,,P476477
no_expected_no_live,477266,Q2159971,,Cuneiform Artifact CDLI Seals 010525 (physical),CDLI artifact: Cylinder seal; from uncertain (mod. uncertain); CDLI P477266,,,,,,P477266
no_expected_no_live,477270,Q2014687,,Cuneiform Artifact CDLI Seals 010529 (physical),CDLI artifact: Cylinder seal; from uncertain (mod. uncertain); CDLI P477270,,,,,,P477270
no_expected_no_live,477289,Q2158084,,Cuneiform Artifact CDLI Seals 010548 (physical),CDLI artifact: Cylinder seal; from uncertain (mod. uncertain); CDLI P477289,,,,,,P477289
no_expected_no_live,477319,Q2163867,,Cuneiform Artifact CDLI Seals 010578 (physical),CDLI artifact: Cylinder seal; from uncertain (mod. uncertain); CDLI P477319,,,,,,P477319
no_expected_no_live,477323,Q2156245,,Cuneiform Artifact CDLI Seals 010582 (physical),CDLI artifact: Cylinder seal; from uncertain (mod. uncertain); CDLI P477323,,,,,,P477323
no_expected_no_live,477335,Q2167832,,Cuneiform Artifact CDLI Seals 010594 (physical),CDLI artifact: Cylinder seal; from uncertain (mod. uncertain); CDLI P477335,,,,,,P477335
no_expected_no_live,477460,Q2164498,,Cuneiform Artifact CDLI Seals 010719 (physical),"CDLI artifact: Cylinder seal; from uncertain (mod. uncertain); held by Moore, Mrs. W. H.; CDLI P477460",,,,,,P477460
no_expected_no_live,477525,Q2164706,,Cuneiform Artifact CDLI Seals 010784 (physical),"CDLI artifact: Cylinder seal; from uncertain (mod. uncertain); held by Moore, Mrs. W. H.; CDLI P477525",,,,,,P477525
no_expected_no_live,477933,Q2164349,,Cuneiform Artifact CDLI Seals 011192 (physical),"CDLI artifact: Cylinder seal; from uncertain (mod. uncertain); held by Allard Pierson Museum, University of Amsterdam, Amsterdam, Holland; CDLI P477933",,,,,,P477933
no_expected_no_live,477948,Q2167279,,Cuneiform Artifact CDLI Seals 011207 (physical),"CDLI artifact: Cylinder seal; from uncertain (mod. uncertain); held by Allard Pierson Museum, University of Amsterdam, Amsterdam, Holland; CDLI P477948",,,,,,P477948
no_expected_no_live,477964,Q2162096,,Cuneiform Artifact CDLI Seals 011223 (physical),"CDLI artifact: Cylinder seal; from uncertain (mod. uncertain); held by Allard Pierson Museum, University of Amsterdam, Amsterdam, Holland; CDLI P477964",,,,,,P477964
no_expected_no_live,478828,Q2170309,,"Cuneiform Tablet MSL 11, 003 S6","CDLI artifact: tablet; held by British Museum, London, UK; CDLI P478828",,,,,,P478828
no_expected_no_live,480372,Q2163603,,"Cuneiform Tablet BOC pl. 53-54 1881-03-24, 0028+","CDLI artifact: tablet; held by British Museum, London, UK; CDLI P480372",,,,,,P480372
no_expected_no_live,480431,Q2169421,,"Cuneiform Tablet StPohl SM 11, 37","CDLI artifact: tablet; held by British Museum, London, UK; CDLI P480431",,,,,,P480431
no_expected_no_live,480470,Q2167171,,Cuneiform Tablet BM 132550,"CDLI artifact: tablet; held by British Museum, London, UK; CDLI P480470",,,,,,P480470
no_expected_no_live,480923,Q2061909,,Cuneiform Tablet VAT 11088,"Prayer/incantation tablet from an unspecified location, dated to an unspecified period and currently held in the vorderasiatisches museum, berlin, germany.",,,,,,P480923
no_expected_no_live,491689,Q2047155,,Cuneiform Tablet SFS Ist Si 0085,"CDLI artifact: tablet; from Sippar-Yahrurum (mod. Tell Abu Habbah); held by Arkeoloji Müzeleri, Istanbul, Turkey; CDLI P491689",,,,,,P491689
no_expected_no_live,491975,Q2163168,,Cuneiform Tablet P491975,"CDLI artifact: tablet; held by Louvre Museum, Paris, France; CDLI P491975",,,,,,P491975
no_expected_no_live,492174,Q2162641,,Cuneiform Tablet P492174,"CDLI artifact: tablet; held by Louvre Museum, Paris, France; CDLI P492174",,,,,,P492174
no_expected_no_live,492226,Q1931908,,Cuneiform Tablet P492226,"CDLI artifact: tablet; held by Louvre Museum, Paris, France; CDLI P492226",,,,,,P492226
no_expected_no_live,492230,Q2161624,,Cuneiform Tablet P492230,"CDLI artifact: tablet; held by Louvre Museum, Paris, France; CDLI P492230",,,,,,P492230
no_expected_no_live,492271,Q2165982,,Cuneiform Tablet P492271,"CDLI artifact: tablet; held by Louvre Museum, Paris, France; CDLI P492271",,,,,,P492271
no_expected_no_live,492288,Q2169936,,Cuneiform Tablet P492288,"CDLI artifact: tablet; held by Louvre Museum, Paris, France; CDLI P492288",,,,,,P492288
no_expected_no_live,492334,Q2165618,,Cuneiform Tablet P492334,"CDLI artifact: tablet; held by Louvre Museum, Paris, France; CDLI P492334",,,,,,P492334
no_expected_no_live,492508,Q2166597,,"Cuneiform Tablet ZA 99, 56 AO 7033","CDLI artifact: tablet; held by Louvre Museum, Paris, France; CDLI P492508",,,,,,P492508
no_expected_no_live,492524,Q2162765,,Cuneiform Tablet P492524,"CDLI artifact: tablet; held by Louvre Museum, Paris, France; CDLI P492524",,,,,,P492524
no_expected_no_live,492573,Q2164732,,Cuneiform Tablet P492573,"CDLI artifact: tablet; held by Louvre Museum, Paris, France; CDLI P492573",,,,,,P492573
no_expected_no_live,492699,Q2167822,,Cuneiform Tablet P492699,"CDLI artifact: tablet; held by Louvre Museum, Paris, France; CDLI P492699",,,,,,P492699
no_expected_no_live,492932,Q2162112,,"Cuneiform Tablet TBER pl. 17, AO 8156","CDLI artifact: tablet; held by Louvre Museum, Paris, France; CDLI P492932",,,,,,P492932
no_expected_no_live,492965,Q2164230,,Cuneiform Tablet P492965,"CDLI artifact: tablet; held by Louvre Museum, Paris, France; CDLI P492965",,,,,,P492965
no_expected_no_live,493026,Q2170566,,Cuneiform Tablet P493026,"CDLI artifact: tablet; held by Louvre Museum, Paris, France; CDLI P493026",,,,,,P493026
no_expected_no_live,493067,Q2168235,,Cuneiform Tablet P493067,"CDLI artifact: tablet; held by Louvre Museum, Paris, France; CDLI P493067",,,,,,P493067
no_expected_no_live,493088,Q2168109,,Cuneiform Tablet P493088,"CDLI artifact: tablet; held by Louvre Museum, Paris, France; CDLI P493088",,,,,,P493088
no_expected_no_live,493134,Q2151886,,Cuneiform Tablet P493134,"CDLI artifact: tablet; held by Louvre Museum, Paris, France; CDLI P493134",,,,,,P493134
no_expected_no_live,493270,Q2007822,,Cuneiform Tablet PRAK C 097,"tablet from an unspecified location, dated to an unspecified period and currently held in the louvre museum, paris, france.",,,,,,P493270
no_expected_no_live,493335,Q2162485,,Cuneiform Tablet P493335,"CDLI artifact: tablet; held by Louvre Museum, Paris, France; CDLI P493335",,,,,,P493335
no_expected_no_live,493358,Q2169158,,Cuneiform Tablet P493358,"CDLI artifact: tablet; held by Louvre Museum, Paris, France; CDLI P493358",,,,,,P493358
no_expected_no_live,493362,Q2165054,,Cuneiform Tablet P493362,"CDLI artifact: tablet; held by Louvre Museum, Paris, France; CDLI P493362",,,,,,P493362
no_expected_no_live,493421,Q2167160,,Cuneiform Tablet P493421,"CDLI artifact: tablet; held by Louvre Museum, Paris, France; CDLI P493421",,,,,,P493421
no_expected_no_live,493437,Q2168392,,"Cuneiform Tablet TBER pl. 48, AO 17632","CDLI artifact: tablet; held by Louvre Museum, Paris, France; CDLI P493437",,,,,,P493437
no_expected_no_live,493460,Q2166273,,Cuneiform Tablet P493460,"CDLI artifact: tablet; held by Louvre Museum, Paris, France; CDLI P493460",,,,,,P493460
no_expected_no_live,493499,Q2170234,,Cuneiform Tablet P493499,"CDLI artifact: tablet; held by Louvre Museum, Paris, France; CDLI P493499",,,,,,P493499
no_expected_no_live,493564,Q2148968,,Cuneiform Tablet P493564,"CDLI artifact: tablet; held by Louvre Museum, Paris, France; CDLI P493564",,,,,,P493564
no_expected_no_live,493572,Q2168174,,Cuneiform Tablet P493572,"CDLI artifact: tablet; held by Louvre Museum, Paris, France; CDLI P493572",,,,,,P493572
no_expected_no_live,493698,Q2165034,,Cuneiform Tablet P493698,"CDLI artifact: tablet; held by Louvre Museum, Paris, France; CDLI P493698",,,,,,P493698
no_expected_no_live,493708,Q2169293,,Cuneiform Tablet P493708,"CDLI artifact: tablet; held by Louvre Museum, Paris, France; CDLI P493708",,,,,,P493708
no_expected_no_live,493749,Q2167031,,Cuneiform Tablet P493749,"CDLI artifact: tablet; held by Louvre Museum, Paris, France; CDLI P493749",,,,,,P493749
no_expected_no_live,493765,Q2162347,,Cuneiform Tablet P493765,"CDLI artifact: tablet; held by Louvre Museum, Paris, France; CDLI P493765",,,,,,P493765
no_expected_no_live,493821,Q2167719,,Cuneiform Tablet P493821,"CDLI artifact: tablet; held by Louvre Museum, Paris, France; CDLI P493821",,,,,,P493821
no_expected_no_live,493837,Q2157630,,Cuneiform Tablet P493837,"CDLI artifact: tablet; held by Louvre Museum, Paris, France; CDLI P493837",,,,,,P493837
no_expected_no_live,493860,Q2170069,,Cuneiform Tablet P493860,"CDLI artifact: tablet; held by Louvre Museum, Paris, France; CDLI P493860",,,,,,P493860
no_expected_no_live,493876,Q2165783,,Cuneiform Tablet P493876,"CDLI artifact: tablet; held by Louvre Museum, Paris, France; CDLI P493876",,,,,,P493876
no_expected_no_live,493899,Q2165932,,Cuneiform Tablet P493899,"CDLI artifact: tablet; held by Louvre Museum, Paris, France; CDLI P493899",,,,,,P493899
no_expected_no_live,493933,Q2166122,,Cuneiform Tablet P493933,"CDLI artifact: tablet; held by Louvre Museum, Paris, France; CDLI P493933",,,,,,P493933
no_expected_no_live,493948,Q2163188,,Cuneiform Tablet P493948,"CDLI artifact: tablet; held by Louvre Museum, Paris, France; CDLI P493948",,,,,,P493948
no_expected_no_live,493972,Q2164431,,Cuneiform Tablet P493972,"CDLI artifact: tablet; held by Louvre Museum, Paris, France; CDLI P493972",,,,,,P493972
no_expected_no_live,494063,Q2167138,,Cuneiform Tablet P494063,"CDLI artifact: tablet; held by Louvre Museum, Paris, France; CDLI P494063",,,,,,P494063
no_expected_no_live,494126,Q2166781,,"Cuneiform Tablet TBER pl. 89-90, AO 26784","CDLI artifact: tablet; held by Louvre Museum, Paris, France; CDLI P494126",,,,,,P494126
no_expected_no_live,494167,Q2169103,,Cuneiform Tablet P494167,"CDLI artifact: tablet; held by Louvre Museum, Paris, France; CDLI P494167",,,,,,P494167
no_expected_no_live,494171,Q2047151,,Cuneiform Tablet P494171,"CDLI artifact: tablet; held by Louvre Museum, Paris, France; CDLI P494171",,,,,,P494171
no_expected_no_live,494188,Q2169510,,Cuneiform Tablet P494188,"CDLI artifact: tablet; held by Louvre Museum, Paris, France; CDLI P494188",,,,,,P494188
no_expected_no_live,494219,Q2170589,,Cuneiform Tablet P494219,"CDLI artifact: tablet; held by Louvre Museum, Paris, France; CDLI P494219",,,,,,P494219
no_expected_no_live,494258,Q2168342,,Cuneiform Tablet P494258,"CDLI artifact: tablet; held by Louvre Museum, Paris, France; CDLI P494258",,,,,,P494258
no_expected_no_live,494274,Q2163362,,Cuneiform Tablet P494274,"CDLI artifact: tablet; held by Louvre Museum, Paris, France; CDLI P494274",,,,,,P494274
no_expected_no_live,494433,Q2167255,,Cuneiform Tablet P494433,"CDLI artifact: tablet; held by Louvre Museum, Paris, France; CDLI P494433",,,,,,P494433
no_expected_no_live,494448,Q2164337,,Cuneiform Tablet P494448,"CDLI artifact: tablet; held by Louvre Museum, Paris, France; CDLI P494448",,,,,,P494448
no_expected_no_live,494464,Q2142498,,Cuneiform Tablet P494464,"CDLI artifact: tablet; held by Louvre Museum, Paris, France; CDLI P494464",,,,,,P494464
no_expected_no_live,494472,Q2169631,,Cuneiform Tablet P494472,"CDLI artifact: tablet; held by Louvre Museum, Paris, France; CDLI P494472",,,,,,P494472
no_expected_no_live,494761,Q2163581,,"Cuneiform Tablet CM 03, no. 341","CDLI artifact: tablet; held by Louvre Museum, Paris, France; CDLI P494761",,,,,,P494761
no_expected_no_live,495737,Q2166496,,Cuneiform Tablet Sb 07391,"CDLI artifact: tablet; held by Louvre Museum, Paris, France; CDLI P495737",,,,,,P495737
no_expected_no_live,495760,Q2047836,,Cuneiform Tablet Sb 09507,"CDLI artifact: tablet; held by Louvre Museum, Paris, France; CDLI P495760",,,,,,P495760
no_expected_no_live,495776,Q2168816,,"Cuneiform Tablet Schülertexte aus Susa, 200 T 248","CDLI artifact: tablet; held by Louvre Museum, Paris, France; CDLI P495776",,,,,,P495776
no_expected_no_live,495799,Q2169796,,Cuneiform Tablet Sb 11258,"CDLI artifact: tablet; held by Louvre Museum, Paris, France; CDLI P495799",,,,,,P495799
no_expected_no_live,495808,Q2165416,,Cuneiform Tablet Sb 12307,"CDLI artifact: tablet; held by Louvre Museum, Paris, France; CDLI P495808",,,,,,P495808
no_expected_no_live,495849,Q2149560,,Cuneiform Tablet Sb 12352,"CDLI artifact: tablet; held by Louvre Museum, Paris, France; CDLI P495849",,,,,,P495849
no_expected_no_live,495873,Q2163585,,Cuneiform Tablet Sb 12387,"CDLI artifact: tablet; held by Louvre Museum, Paris, France; CDLI P495873",,,,,,P495873
no_expected_no_live,495936,Q2163230,,Cuneiform Tablet Sb 12465,"CDLI artifact: tablet; held by Louvre Museum, Paris, France; CDLI P495936",,,,,,P495936
no_expected_no_live,496530,Q2165181,,"Cuneiform Tablet MUL.APIN, text W","CDLI artifact: tablet; from Babylon (mod. Bābil); held by British Museum, London, UK; CDLI P496530",,,,,,P496530
no_expected_no_live,496588,Q2162267,,"Cuneiform Tablet BPO 3, 275, BM 040111","CDLI artifact: tablet; from Nineveh (mod. Kuyunjik); held by British Museum, London, UK; CDLI P496588",,,,,,P496588
no_expected_no_live,497823,Q2170374,,Cuneiform Tablet A 00486 + M 05319,CDLI artifact: tablet; from Mari (mod. Tell Hariri); CDLI P497823,,,,,,P497823
no_expected_no_live,497931,Q2164998,,Cuneiform Tablet Missing designation,CDLI artifact: tablet; from Mari (mod. Tell Hariri); CDLI P497931,,,,,,P497931
no_expected_no_live,498410,Q2167478,,Cuneiform Artifact P498410,CDLI artifact: cone; held by anonymous; CDLI P498410,,,,,,P498410
no_expected_no_live,499503,Q2163661,,Cuneiform Tablet SM 2000.02.011 (cast),"CDLI artifact: tablet; held by Harvard Museum of the Ancient Near East, Harvard University, Cambridge, Massachusetts, USA; CDLI P499503",,,,,,P499503
no_expected_no_live,500428,Q2166163,,"Cuneiform Tablet New MCT, §13.5","CDLI artifact: tablet; held by Arkeoloji Müzeleri, Istanbul, Turkey; CDLI P500428",,,,,,P500428
no_expected_no_live,500516,Q2163948,,Cuneiform Artifact PTS unn06,"CDLI artifact: barrel; held by Princeton Theological Seminary, Princeton, New Jersey, USA; CDLI P500516",,,,,,P500516
no_expected_no_live,502546,Q2170032,,Cuneiform Artifact CDLI Seals 012258 (physical),"CDLI artifact: Cylinder seal; from uncertain (mod. uncertain); held by Département des Monnaies, Médailles et Antiques, Bibliothèque Nationale, Paris, France; CDLI P502546",,,,,,P502546
no_expected_no_live,502550,Q2165815,,Cuneiform Artifact CDLI Seals 012262 (physical),"CDLI artifact: Cylinder seal; from uncertain (mod. uncertain); held by Département des Monnaies, Médailles et Antiques, Bibliothèque Nationale, Paris, France; CDLI P502550",,,,,,P502550
no_expected_no_live,502602,Q2164418,,Cuneiform Artifact CDLI Seals 012314 (physical),"CDLI artifact: Cylinder seal; from uncertain (mod. uncertain); held by Département des Monnaies, Médailles et Antiques, Bibliothèque Nationale, Paris, France; CDLI P502602",,,,,,P502602
no_expected_no_live,502638,Q2169688,,Cuneiform Artifact CDLI Seals 012350 (physical),"CDLI artifact: Cylinder seal; from uncertain (mod. uncertain); held by Département des Monnaies, Médailles et Antiques, Bibliothèque Nationale, Paris, France; CDLI P502638",,,,,,P502638
no_expected_no_live,502696,Q2166679,,Cuneiform Artifact CDLI Seals 012575 (physical),"CDLI artifact: Cylinder seal; from uncertain (mod. uncertain); held by Département des Monnaies, Médailles et Antiques, Bibliothèque Nationale, Paris, France; CDLI P502696",,,,,,P502696
no_expected_no_live,502710,Q2162807,,Cuneiform Artifact CDLI Seals 012589 (physical),"CDLI artifact: Cylinder seal; from uncertain (mod. uncertain); held by Département des Monnaies, Médailles et Antiques, Bibliothèque Nationale, Paris, France; CDLI P502710",,,,,,P502710
no_expected_no_live,502747,Q2164842,,Cuneiform Artifact CDLI Seals 012631 (physical),"CDLI artifact: Cylinder seal; from uncertain (mod. uncertain); held by Département des Monnaies, Médailles et Antiques, Bibliothèque Nationale, Paris, France; CDLI P502747",,,,,,P502747
no_expected_no_live,502784,Q2048046,,Cuneiform Artifact CDLI Seals 012411 (physical),"CDLI artifact: Cylinder seal; from uncertain (mod. uncertain); held by Département des Monnaies, Médailles et Antiques, Bibliothèque Nationale, Paris, France; CDLI P502784",,,,,,P502784
no_expected_no_live,502792,Q2169858,,Cuneiform Artifact CDLI Seals 012419 (physical),"CDLI artifact: Cylinder seal; from uncertain (mod. uncertain); held by Département des Monnaies, Médailles et Antiques, Bibliothèque Nationale, Paris, France; CDLI P502792",,,,,,P502792
no_expected_no_live,502803,Q2165344,,Cuneiform Artifact CDLI Seals 012430 (physical),"CDLI artifact: Cylinder seal; from uncertain (mod. uncertain); held by Département des Monnaies, Médailles et Antiques, Bibliothèque Nationale, Paris, France; CDLI P502803",,,,,,P502803
no_expected_no_live,502815,Q2170466,,Cuneiform Artifact CDLI Seals 012442 (physical),"CDLI artifact: Cylinder seal; from uncertain (mod. uncertain); held by Département des Monnaies, Médailles et Antiques, Bibliothèque Nationale, Paris, France; CDLI P502815",,,,,,P502815
no_expected_no_live,502842,Q2148445,,Cuneiform Artifact CDLI Seals 012469 (physical),"CDLI artifact: Cylinder seal; from uncertain (mod. uncertain); held by Département des Monnaies, Médailles et Antiques, Bibliothèque Nationale, Paris, France; CDLI P502842",,,,,,P502842
no_expected_no_live,502854,Q2168210,,Cuneiform Artifact CDLI Seals 012481 (physical),"CDLI artifact: Cylinder seal; from uncertain (mod. uncertain); held by Département des Monnaies, Médailles et Antiques, Bibliothèque Nationale, Paris, France; CDLI P502854",,,,,,P502854
no_expected_no_live,502878,Q2163510,,Cuneiform Artifact CDLI Seals 012505 (physical),"CDLI artifact: Cylinder seal; from uncertain (mod. uncertain); held by Département des Monnaies, Médailles et Antiques, Bibliothèque Nationale, Paris, France; CDLI P502878",,,,,,P502878
no_expected_no_live,504693,Q2165131,,Cuneiform Artifact CDLI Seals 013567 (physical),"CDLI artifact: Cylinder seal; held by Newell Collections of Babylonian Seals, Yale Babylonian Collection, New Haven, Connecticut, USA; CDLI P504693",,,,,,P504693
no_expected_no_live,504703,Q2169195,,Cuneiform Artifact CDLI Seals 013576 (physical),"CDLI artifact: Cylinder seal; held by Newell Collections of Babylonian Seals, Yale Babylonian Collection, New Haven, Connecticut, USA; CDLI P504703",,,,,,P504703
no_expected_no_live,504715,Q2028996,,Cuneiform Tablet RBC 02197,"CDLI artifact: tablet; held by J. Rosen Collection, Yale Babylonian Collection, New Haven, Connecticut, USA; CDLI P504715",,,,,,P504715
no_expected_no_live,504739,Q2165162,,Cuneiform Tablet YBC 05748,"CDLI artifact: tablet; held by Yale Babylonian Collection, New Haven, Connecticut, USA; CDLI P504739",,,,,,P504739
no_expected_no_live,504742,Q2166964,,Cuneiform Tablet YBC 08505,"CDLI artifact: tablet; held by Yale Babylonian Collection, New Haven, Connecticut, USA; CDLI P504742",,,,,,P504742
no_expected_no_live,504781,Q2162334,,Cuneiform Tablet NBC 03809,"CDLI artifact: tablet; held by Yale Babylonian Collection, New Haven, Connecticut, USA; CDLI P504781",,,,,,P504781
no_expected_no_live,504892,Q2166009,,Cuneiform Tablet YBC 14318,"CDLI artifact: tablet; held by Yale Babylonian Collection, New Haven, Connecticut, USA; CDLI P504892",,,,,,P504892
no_expected_no_live,504938,Q2166030,,Cuneiform Tablet YBC 15105,"CDLI artifact: tablet; held by Yale Babylonian Collection, New Haven, Connecticut, USA; CDLI P504938",,,,,,P504938
no_expected_no_live,504979,Q2163311,,Cuneiform Tablet YBC 13697,"CDLI artifact: tablet; held by Yale Babylonian Collection, New Haven, Connecticut, USA; CDLI P504979",,,,,,P504979
no_expected_no_live,504980,Q2167910,,Cuneiform Tablet YBC 13698,"CDLI artifact: tablet; held by Yale Babylonian Collection, New Haven, Connecticut, USA; CDLI P504980",,,,,,P504980
no_expected_no_live,504996,Q2153919,,Cuneiform Tablet YBC 13756,"CDLI artifact: tablet; held by Yale Babylonian Collection, New Haven, Connecticut, USA; CDLI P504996",,,,,,P504996
no_expected_no_live,505016,Q2167612,,Cuneiform Tablet YBC 13869,"CDLI artifact: tablet; held by Yale Babylonian Collection, New Haven, Connecticut, USA; CDLI P505016",,,,,,P505016
no_expected_no_live,505041,Q2048057,,Cuneiform Tablet YBC 14112,"CDLI artifact: tablet; held by Yale Babylonian Collection, New Haven, Connecticut, USA; CDLI P505041",,,,,,P505041
no_expected_no_live,505057,Q2169861,,Cuneiform Tablet YBC 15329,"CDLI artifact: tablet; held by Yale Babylonian Collection, New Haven, Connecticut, USA; CDLI P505057",,,,,,P505057
no_expected_no_live,505082,Q2164832,,Cuneiform Tablet YBC 15426,"CDLI artifact: tablet; held by Yale Babylonian Collection, New Haven, Connecticut, USA; CDLI P505082",,,,,,P505082
no_expected_no_live,505104,Q2047568,,Cuneiform Tablet YBC 15472,"CDLI artifact: tablet; held by Yale Babylonian Collection, New Haven, Connecticut, USA; CDLI P505104",,,,,,P505104
no_expected_no_live,505128,Q2164857,,Cuneiform Tablet YBC 15580,"CDLI artifact: tablet; held by Yale Babylonian Collection, New Haven, Connecticut, USA; CDLI P505128",,,,,,P505128
no_expected_no_live,505153,Q2166688,,Cuneiform Tablet YBC 15631,"CDLI artifact: tablet; held by Yale Babylonian Collection, New Haven, Connecticut, USA; CDLI P505153",,,,,,P505153
no_expected_no_live,505201,Q2162968,,Cuneiform Tablet YBC 15750,"CDLI artifact: tablet; held by Yale Babylonian Collection, New Haven, Connecticut, USA; CDLI P505201",,,,,,P505201
no_expected_no_live,505295,Q2165801,,Cuneiform Tablet YBC 16086,"CDLI artifact: tablet; held by Yale Babylonian Collection, New Haven, Connecticut, USA; CDLI P505295",,,,,,P505295
no_expected_no_live,505329,Q2170133,,Cuneiform Tablet YBC 16140,"CDLI artifact: tablet; held by Yale Babylonian Collection, New Haven, Connecticut, USA; CDLI P505329",,,,,,P505329
no_expected_no_live,505344,Q2163916,,Cuneiform Tablet YBC 16210,"CDLI artifact: tablet; held by Yale Babylonian Collection, New Haven, Connecticut, USA; CDLI P505344",,,,,,P505344
no_expected_no_live,505368,Q2167799,,Cuneiform Tablet YBC 16304,"CDLI artifact: tablet; held by Yale Babylonian Collection, New Haven, Connecticut, USA; CDLI P505368",,,,,,P505368
no_expected_no_live,505387,Q892391,,Cuneiform Tablet YBC 16353,"CDLI artifact: tablet; held by Yale Babylonian Collection, New Haven, Connecticut, USA; CDLI P505387",,,,,,P505387
no_expected_no_live,505391,Q2163744,,Cuneiform Tablet YBC 16362,"CDLI artifact: tablet; held by Yale Babylonian Collection, New Haven, Connecticut, USA; CDLI P505391",,,,,,P505391
no_expected_no_live,505407,Q2169746,,Cuneiform Tablet YBC 16402,"CDLI artifact: tablet; held by Yale Babylonian Collection, New Haven, Connecticut, USA; CDLI P505407",,,,,,P505407
no_expected_no_live,505411,Q2063742,,Cuneiform Tablet YBC 16388,"CDLI artifact: tablet; held by Yale Babylonian Collection, New Haven, Connecticut, USA; CDLI P505411",,,,,,P505411
no_expected_no_live,505446,Q2167445,,Cuneiform Tablet YBC 16510,"CDLI artifact: tablet; held by Yale Babylonian Collection, New Haven, Connecticut, USA; CDLI P505446",,,,,,P505446
no_expected_no_live,505485,Q2162658,,Cuneiform Tablet YBC 16599,"CDLI artifact: tablet; held by Yale Babylonian Collection, New Haven, Connecticut, USA; CDLI P505485",,,,,,P505485
no_expected_no_live,505503,Q2166520,,Cuneiform Tablet YBC 16660,"CDLI artifact: tablet; held by Yale Babylonian Collection, New Haven, Connecticut, USA; CDLI P505503",,,,,,P505503
no_expected_no_live,505578,Q2164647,,Cuneiform Tablet YBC 16809,"CDLI artifact: tablet; held by Yale Babylonian Collection, New Haven, Connecticut, USA; CDLI P505578",,,,,,P505578
no_expected_no_live,505651,Q2163083,,Cuneiform Tablet YBC 16889,"CDLI artifact: tablet; held by Yale Babylonian Collection, New Haven, Connecticut, USA; CDLI P505651",,,,,,P505651
no_expected_no_live,505684,Q2154309,,Cuneiform Tablet YBC 15793,"CDLI artifact: tablet; held by Yale Babylonian Collection, New Haven, Connecticut, USA; CDLI P505684",,,,,,P505684
no_expected_no_live,505692,Q2167894,,Cuneiform Tablet YBC 16085,"CDLI artifact: tablet; held by Yale Babylonian Collection, New Haven, Connecticut, USA; CDLI P505692",,,,,,P505692
no_expected_no_live,505714,Q2164031,,Cuneiform Tablet YBC 13316,"CDLI artifact: tablet; held by Yale Babylonian Collection, New Haven, Connecticut, USA; CDLI P505714",,,,,,P505714
no_expected_no_live,505738,Q2167632,,Cuneiform Tablet YBC 13363,"CDLI artifact: tablet; held by Yale Babylonian Collection, New Haven, Connecticut, USA; CDLI P505738",,,,,,P505738
no_expected_no_live,505779,Q2169993,,Cuneiform Tablet YBC 15956,"CDLI artifact: tablet; held by Yale Babylonian Collection, New Haven, Connecticut, USA; CDLI P505779",,,,,,P505779
no_expected_no_live,505780,Q2165998,,Cuneiform Tablet YBC 16036,"CDLI artifact: tablet; held by Yale Babylonian Collection, New Haven, Connecticut, USA; CDLI P505780",,,,,,P505780
no_expected_no_live,505807,Q2026023,,Cuneiform Tablet YBC 17056,"CDLI artifact: tablet; held by Yale Babylonian Collection, New Haven, Connecticut, USA; CDLI P505807",,,,,,P505807
no_expected_no_live,505811,Q2169212,,Cuneiform Tablet YBC 01938,"CDLI artifact: tablet; held by Yale Babylonian Collection, New Haven, Connecticut, USA; CDLI P505811",,,,,,P505811
no_expected_no_live,505850,Q2166952,,Cuneiform Tablet YBC 17048,"CDLI artifact: tablet; held by Yale Babylonian Collection, New Haven, Connecticut, USA; CDLI P505850",,,,,,P505850
no_expected_no_live,505942,Q2142864,,Cuneiform Tablet YBC 09850,"CDLI artifact: tablet; held by Yale Babylonian Collection, New Haven, Connecticut, USA; CDLI P505942",,,,,,P505942
no_expected_no_live,505954,Q2169585,,Cuneiform Tablet YBC 08935,"CDLI artifact: tablet; held by Yale Babylonian Collection, New Haven, Connecticut, USA; CDLI P505954",,,,,,P505954
no_expected_no_live,506006,Q2166331,,Cuneiform Tablet RBC 02630,"CDLI artifact: tablet; held by J. Rosen Collection, Yale Babylonian Collection, New Haven, Connecticut, USA; CDLI P506006",,,,,,P506006
no_expected_no_live,506047,Q2168692,,Cuneiform Tablet RBC 02671,"CDLI artifact: tablet; held by J. Rosen Collection, Yale Babylonian Collection, New Haven, Connecticut, USA; CDLI P506047",,,,,,P506047
no_expected_no_live,506051,Q2168300,,Cuneiform Tablet RBC 02675,"CDLI artifact: tablet; held by J. Rosen Collection, Yale Babylonian Collection, New Haven, Connecticut, USA; CDLI P506051",,,,,,P506051
no_expected_no_live,506092,Q2163496,,Cuneiform Tablet RBC 02715,"CDLI artifact: tablet; held by J. Rosen Collection, Yale Babylonian Collection, New Haven, Connecticut, USA; CDLI P506092",,,,,,P506092
no_expected_no_live,506102,Q2153660,,Cuneiform Tablet RBC 02725,"CDLI artifact: tablet; held by J. Rosen Collection, Yale Babylonian Collection, New Haven, Connecticut, USA; CDLI P506102",,,,,,P506102
no_expected_no_live,506114,Q2167940,,Cuneiform Tablet RBC 02737,"CDLI artifact: tablet; held by J. Rosen Collection, Yale Babylonian Collection, New Haven, Connecticut, USA; CDLI P506114",,,,,,P506114
no_expected_no_live,506138,Q2163762,,Cuneiform Tablet RBC 02761,"CDLI artifact: tablet; held by J. Rosen Collection, Yale Babylonian Collection, New Haven, Connecticut, USA; CDLI P506138",,,,,,P506138
no_expected_no_live,506143,Q2165502,,Cuneiform Tablet RBC 02766,"CDLI artifact: tablet; held by J. Rosen Collection, Yale Babylonian Collection, New Haven, Connecticut, USA; CDLI P506143",,,,,,P506143
no_expected_no_live,506155,Q2170288,,Cuneiform Tablet RBC 02778,"CDLI artifact: tablet; held by J. Rosen Collection, Yale Babylonian Collection, New Haven, Connecticut, USA; CDLI P506155",,,,,,P506155
no_expected_no_live,506246,Q2162188,,Cuneiform Tablet RBC 02868,"CDLI artifact: tablet; held by J. Rosen Collection, Yale Babylonian Collection, New Haven, Connecticut, USA; CDLI P506246",,,,,,P506246
no_expected_no_live,506285,Q2166991,,Cuneiform Tablet RBC 02907,"CDLI artifact: tablet; held by J. Rosen Collection, Yale Babylonian Collection, New Haven, Connecticut, USA; CDLI P506285",,,,,,P506285
no_expected_no_live,506303,Q2162545,,Cuneiform Tablet RBC 02925,"CDLI artifact: tablet; held by J. Rosen Collection, Yale Babylonian Collection, New Haven, Connecticut, USA; CDLI P506303",,,,,,P506303
no_expected_no_live,506354,Q2164984,,Cuneiform Tablet RBC 02976,"CDLI artifact: tablet; held by J. Rosen Collection, Yale Babylonian Collection, New Haven, Connecticut, USA; CDLI P506354",,,,,,P506354
no_expected_no_live,506378,Q2047214,,Cuneiform Tablet RBC 03000,"CDLI artifact: tablet; held by J. Rosen Collection, Yale Babylonian Collection, New Haven, Connecticut, USA; CDLI P506378",,,,,,P506378
no_expected_no_live,506381,Q2169548,,Cuneiform Tablet RBC 03003,"CDLI artifact: tablet; held by J. Rosen Collection, Yale Babylonian Collection, New Haven, Connecticut, USA; CDLI P506381",,,,,,P506381
no_expected_no_live,506397,Q2143491,,Cuneiform Tablet EAH 00135,"CDLI artifact: tablet; held by Yale Babylonian Collection, New Haven, Connecticut, USA; CDLI P506397",,,,,,P506397
no_expected_no_live,506401,Q2168454,,Cuneiform Tablet EAH 00179,"CDLI artifact: tablet; held by Yale Babylonian Collection, New Haven, Connecticut, USA; CDLI P506401",,,,,,P506401
no_expected_no_live,507379,Q2163903,,Cuneiform Tablet RBC 03264,"CDLI artifact: tablet; held by J. Rosen Collection, Yale Babylonian Collection, New Haven, Connecticut, USA; CDLI P507379",,,,,,P507379
no_expected_no_live,507396,Q2163147,,Cuneiform Tablet EAH 00112a,"CDLI artifact: tablet; held by Yale Babylonian Collection, New Haven, Connecticut, USA; CDLI P507396",,,,,,P507396
no_expected_no_live,507400,Q2164436,,Cuneiform Tablet EAH 00186,"CDLI artifact: tablet; held by Yale Babylonian Collection, New Haven, Connecticut, USA; CDLI P507400",,,,,,P507400
no_expected_no_live,507494,Q2166692,,Cuneiform Tablet MLC 02693,"CDLI artifact: tablet; held by Yale Babylonian Collection, New Haven, Connecticut, USA; CDLI P507494",,,,,,P507494
no_expected_no_live,507512,Q2162829,,Cuneiform Tablet MLC 00920,"CDLI artifact: tablet; held by Yale Babylonian Collection, New Haven, Connecticut, USA; CDLI P507512",,,,,,P507512
no_expected_no_live,507569,Q2047893,,Cuneiform Tablet YBC 02268,"CDLI artifact: tablet; held by Yale Babylonian Collection, New Haven, Connecticut, USA; CDLI P507569",,,,,,P507569
no_expected_no_live,507586,Q2048075,,Cuneiform Tablet YBC 02593,"CDLI artifact: tablet; held by Yale Babylonian Collection, New Haven, Connecticut, USA; CDLI P507586",,,,,,P507586
no_expected_no_live,507590,Q2169831,,Cuneiform Tablet YBC 13080,"CDLI artifact: tablet; held by Yale Babylonian Collection, New Haven, Connecticut, USA; CDLI P507590",,,,,,P507590
no_expected_no_live,507729,Q2164026,,Cuneiform Tablet BM 033234,"CDLI artifact: tablet; held by British Museum, London, UK; CDLI P507729",,,,,,P507729
no_expected_no_live,511405,Q2167569,,Cuneiform Artifact Parrot Glyptique 065,"CDLI artifact: bulla; from Girsu (mod. Tello); held by Louvre Museum, Paris, France; CDLI P511405",,,,,,P511405
no_expected_no_live,511452,Q2047985,,Cuneiform Artifact CDLI Seals 012975 (physical),"CDLI artifact: Cylinder seal; from Girsu (mod. Tello); held by Louvre Museum, Paris, France; CDLI P511452",,,,,,P511452
no_expected_no_live,511501,Q2168966,,Cuneiform Artifact CDLI Seals 013024 (physical),"CDLI artifact: Cylinder seal; from Girsu (mod. Tello); held by Louvre Museum, Paris, France; CDLI P511501",,,,,,P511501
no_expected_no_live,513480,Q2047732,,Cuneiform Tablet PUAM 1999-238,"CDLI artifact: tablet; held by The Art Museum, Princeton University, Princeton, New Jersey, USA; CDLI P513480",,,,,,P513480
no_expected_no_live,513855,Q2165032,,"Cuneiform Tablet KAL 05, 098","CDLI artifact: tablet; from Assur (mod. Qalat Sherqat); held by Vorderasiatisches Museum, Berlin, Germany; CDLI P513855",,,,,,P513855
no_expected_no_live,520374,Q2162141,,Cuneiform Tablet NHMU AR4097,"CDLI artifact: tablet; held by Utah Museum of Natural History, University of Utah, Salt Lake City, Utah, USA; CDLI P520374",,,,,,P520374
no_expected_no_live,520421,Q2165448,,Cuneiform Tablet KTU3 4.96,"CDLI artifact: tablet; from Ugarit (mod. Ras Shamra); held by Louvre Museum, Paris, France; CDLI P520421",,,,,,P520421
no_expected_no_live,520437,Q2170366,,Cuneiform Tablet KTU3 4.40,"CDLI artifact: tablet; from Ugarit (mod. Ras Shamra); held by Louvre Museum, Paris, France; CDLI P520437",,,,,,P520437
no_expected_no_live,520460,Q2151871,,Cuneiform Tablet KTU3 4.105,"CDLI artifact: tablet; from Ugarit (mod. Ras Shamra); held by Louvre Museum, Paris, France; CDLI P520460",,,,,,P520460
no_expected_no_live,520476,Q2167995,,"Cuneiform Tablet BAH 214, 40","CDLI artifact: tablet; from uncertain (mod. Ras Ibn Hani); held by National Museum of Syria, Damascus, Syria; CDLI P520476",,,,,,P520476
no_expected_no_live,520499,Q2168485,,Cuneiform Tablet KTU3 4.196,"CDLI artifact: tablet; from Ugarit (mod. Ras Shamra); held by National Museum of Syria, Damascus, Syria; CDLI P520499",,,,,,P520499
no_expected_no_live,520525,Q2168769,,Cuneiform Tablet KTU3 4.293,"CDLI artifact: tablet; from Ugarit (mod. Ras Shamra); held by National Museum of Syria, Damascus, Syria; CDLI P520525",,,,,,P520525
no_expected_no_live,520533,Q2168247,,Cuneiform Tablet KTU3 4.322,"CDLI artifact: tablet; from Ugarit (mod. Ras Shamra); held by National Museum of Syria, Damascus, Syria; CDLI P520533",,,,,,P520533
no_expected_no_live,520564,Q2166408,,Cuneiform Tablet KTU3 4.426,"CDLI artifact: tablet; from Ugarit (mod. Ras Shamra); held by National Museum of Syria, Damascus, Syria; CDLI P520564",,,,,,P520564
no_expected_no_live,520572,Q2170558,,Cuneiform Tablet KTU3 4.435,"CDLI artifact: tablet; from Ugarit (mod. Ras Shamra); held by National Museum of Syria, Damascus, Syria; CDLI P520572",,,,,,P520572
no_expected_no_live,520636,Q2165065,,Cuneiform Tablet KTU3 4.503,"CDLI artifact: tablet; from Ugarit (mod. Ras Shamra); held by National Museum of Syria, Damascus, Syria; CDLI P520636",,,,,,P520636
no_expected_no_live,520661,Q2162480,,Cuneiform Tablet KTU3 4.528,"CDLI artifact: tablet; from Ugarit (mod. Ras Shamra); held by National Museum of Syria, Damascus, Syria; CDLI P520661",,,,,,P520661
no_expected_no_live,520708,Q2167095,,Cuneiform Tablet KTU3 4.581,"CDLI artifact: tablet; from Ugarit (mod. Ras Shamra); held by National Museum of Syria, Damascus, Syria; CDLI P520708",,,,,,P520708
no_expected_no_live,520724,Q2162272,,Cuneiform Tablet KTU3 4.592,"CDLI artifact: tablet; from Ugarit (mod. Ras Shamra); held by National Museum of Syria, Damascus, Syria; CDLI P520724",,,,,,P520724
no_expected_no_live,520749,Q2169361,,Cuneiform Tablet KTU3 4.652,"CDLI artifact: tablet; from Ugarit (mod. Ras Shamra); held by National Museum of Syria, Damascus, Syria; CDLI P520749",,,,,,P520749
no_expected_no_live,520773,Q2164066,,Cuneiform Tablet KTU3 4.716,"CDLI artifact: tablet; from Ugarit (mod. Ras Shamra); held by National Museum of Syria, Damascus, Syria; CDLI P520773",,,,,,P520773
no_expected_no_live,520837,Q2165951,,Cuneiform Tablet KTU3 4.124,"CDLI artifact: tablet; from Ugarit (mod. Ras Shamra); held by National Museum of Syria, Damascus, Syria; CDLI P520837",,,,,,P520837
no_expected_no_live,520860,Q1368350,,Cuneiform Tablet KTU3 4.143,"CDLI artifact: tablet; from Ugarit (mod. Ras Shamra); held by National Museum of Syria, Damascus, Syria; CDLI P520860",,,,,,P520860
no_expected_no_live,520876,Q2162374,,Cuneiform Tablet KTU3 4.160,"CDLI artifact: tablet; from Ugarit (mod. Ras Shamra); held by National Museum of Syria, Damascus, Syria; CDLI P520876",,,,,,P520876
no_expected_no_live,520899,Q2158626,,Cuneiform Tablet KTU3 4.180,"CDLI artifact: tablet; from Ugarit (mod. Ras Shamra); held by National Museum of Syria, Damascus, Syria; CDLI P520899",,,,,,P520899
no_expected_no_live,520909,Q2163823,,Cuneiform Tablet KTU3 4.185,"CDLI artifact: tablet; from Ugarit (mod. Ras Shamra); held by National Museum of Syria, Damascus, Syria; CDLI P520909",,,,,,P520909
no_expected_no_live,520925,Q2167854,,Cuneiform Tablet KTU3 4.205,"CDLI artifact: tablet; from Ugarit (mod. Ras Shamra); held by National Museum of Syria, Damascus, Syria; CDLI P520925",,,,,,P520925
no_expected_no_live,520933,Q2154723,,Cuneiform Tablet KTU3 4.213,"CDLI artifact: tablet; from Ugarit (mod. Ras Shamra); held by National Museum of Syria, Damascus, Syria; CDLI P520933",,,,,,P520933
no_expected_no_live,520964,Q2170217,,Cuneiform Tablet KTU3 4.245,"CDLI artifact: tablet; from Ugarit (mod. Ras Shamra); held by National Museum of Syria, Damascus, Syria; CDLI P520964",,,,,,P520964
no_expected_no_live,520972,Q2165613,,Cuneiform Tablet KTU3 4.261,"CDLI artifact: tablet; from Ugarit (mod. Ras Shamra); held by National Museum of Syria, Damascus, Syria; CDLI P520972",,,,,,P520972
no_expected_no_live,521027,Q2164723,,Cuneiform Tablet KTU3 4.319,"CDLI artifact: tablet; from Ugarit (mod. Ras Shamra); held by National Museum of Syria, Damascus, Syria; CDLI P521027",,,,,,P521027
no_expected_no_live,521070,Q2162770,,Cuneiform Tablet KTU3 4.369,"CDLI artifact: tablet; from Ugarit (mod. Ras Shamra); held by National Museum of Syria, Damascus, Syria; CDLI P521070",,,,,,P521070
no_expected_no_live,521119,Q2167372,,Cuneiform Tablet KTU3 4.611,"CDLI artifact: tablet; from Ugarit (mod. Ras Shamra); held by National Museum of Syria, Damascus, Syria; CDLI P521119",,,,,,P521119
no_expected_no_live,521158,Q2169669,,Cuneiform Tablet KTU3 4.677,"CDLI artifact: tablet; from Ugarit (mod. Ras Shamra); held by National Museum of Syria, Damascus, Syria; CDLI P521158",,,,,,P521158
no_expected_no_live,521162,Q2164368,,Cuneiform Tablet KTU3 4.681,"CDLI artifact: tablet; from Ugarit (mod. Ras Shamra); held by National Museum of Syria, Damascus, Syria; CDLI P521162",,,,,,P521162
no_expected_no_live,521226,Q2170075,,Cuneiform Tablet KTU3 4.799,"CDLI artifact: tablet; from Ugarit (mod. Ras Shamra); held by National Museum of Syria, Damascus, Syria; CDLI P521226",,,,,,P521226
no_expected_no_live,521230,Q2165747,,Cuneiform Tablet KTU3 2.86,"CDLI artifact: tablet; from Ugarit (mod. Ras Shamra); held by National Museum of Syria, Damascus, Syria; CDLI P521230",,,,,,P521230
no_expected_no_live,521267,Q2167706,,Cuneiform Tablet KTU3 4.864,"CDLI artifact: tablet; from Ugarit (mod. Ras Shamra); held by National Museum of Syria, Damascus, Syria; CDLI P521267",,,,,,P521267
no_expected_no_live,521271,Q2158333,,Cuneiform Tablet KTU3 2.107,"CDLI artifact: tablet; from Ugarit (mod. Ras Shamra); held by National Museum of Syria, Damascus, Syria; CDLI P521271",,,,,,P521271
no_expected_no_live,521288,Q2014520,,Cuneiform Tablet KTU3 5.34,"CDLI artifact: tablet; from Ugarit (mod. Ras Shamra); held by National Museum of Syria, Damascus, Syria; CDLI P521288",,,,,,P521288
no_expected_no_live,521322,Q2168510,,"Cuneiform Tablet BAH 214, 64","CDLI artifact: tablet; from uncertain (mod. Ras Ibn Hani); held by National Museum of Syria, Damascus, Syria; CDLI P521322",,,,,,P521322
no_expected_no_live,521334,Q2164600,,"Cuneiform Tablet BAH 214, 74","CDLI artifact: tablet; from uncertain (mod. Ras Ibn Hani); held by National Museum of Syria, Damascus, Syria; CDLI P521334",,,,,,P521334
no_expected_no_live,521375,Q2166120,,Cuneiform Tablet KTU3 4.16,"CDLI artifact: tablet; from Ugarit (mod. Ras Shamra); held by National Museum of Syria, Aleppo, Syria; CDLI P521375",,,,,,P521375
no_expected_no_live,521420,Q2162639,,Cuneiform Tablet KTU3 2.94,"CDLI artifact: tablet; from Ugarit (mod. Ras Shamra); held by National Museum of Syria, Aleppo, Syria; CDLI P521420",,,,,,P521420
no_expected_no_live,521660,Q1975354,,"Cuneiform Tablet AchHist 15, 209","Akkadian administrative tablet found in the borsippa provenience, dated to an unspecified period and currently held in the british museum, london, uk.",,,,,,P521660
no_expected_no_live,522037,Q2163560,,Cuneiform Artifact CDLI Seals 015480 (physical),CDLI artifact: seal (not impression); held by anonymous; CDLI P522037,,,,,,P522037
no_expected_no_live,522298,Q2146061,,Cuneiform Artifact CDLI Seals 015300 (physical),"CDLI artifact: Cylinder seal; held by Museum of Archaeology and Anthropology, University of Cambridge, Cambridge, UK; CDLI P522298",,,,,,P522298
no_expected_no_live,522324,Q2169506,,Cuneiform Artifact CDLI Seals 015326 (physical),"CDLI artifact: seal (not impression); from Ur (mod. Tell Muqayyar); held by Museum of Archaeology and Anthropology, University of Cambridge, Cambridge, UK; CDLI P522324",,,,,,P522324
no_expected_no_live,522332,Q2144329,,Cuneiform Artifact CDLI Seals 015334 (physical),"CDLI artifact: seal (not impression); from Ur (mod. Tell Muqayyar); held by Museum of Archaeology and Anthropology, University of Cambridge, Cambridge, UK; CDLI P522332",,,,,,P522332
no_expected_no_live,522349,Q2162127,,Cuneiform Artifact CDLI Seals 015351 (physical),"CDLI artifact: seal (not impression); held by Museum of Archaeology and Anthropology, University of Cambridge, Cambridge, UK; CDLI P522349",,,,,,P522349
no_expected_no_live,523574,Q2167537,,Cuneiform Artifact CDLI Seals 015015 (physical),"CDLI artifact: Stamp seal; held by Schøyen Collection, Oslo, Norway; CDLI P523574",,,,,,P523574
no_expected_no_live,523626,Q2163836,,Cuneiform Artifact CDLI Seals 015067 (physical),"CDLI artifact: Stamp seal; held by Schøyen Collection, Oslo, Norway; CDLI P523626",,,,,,P523626
no_expected_no_live,523718,Q2165962,,Cuneiform Artifact CDLI Seals 015159 (physical),"CDLI artifact: Stamp seal; held by Schøyen Collection, Oslo, Norway; CDLI P523718",,,,,,P523718
no_expected_no_live,524989,Q1992503,,Cuneiform Tablet NMI BK 00574,School tablet from an unspecified location.,,,,,,P524989
no_expected_no_live,528553,Q2168398,,Cuneiform Artifact CDLI Seals 015913 (physical),"CDLI artifact: Stamp seal; held by Ashmolean Museum, Oxford, UK; CDLI P528553",,,,,,P528553
no_expected_no_live,528590,Q2163756,,Cuneiform Artifact CDLI Seals 016649 (physical),"CDLI artifact: Stamp seal; held by Ashmolean Museum, Oxford, UK; CDLI P528590",,,,,,P528590
no_expected_no_live,528601,Q2162386,,Cuneiform Artifact CDLI Seals 016680 (physical),"CDLI artifact: Stamp seal; held by Ashmolean Museum, Oxford, UK; CDLI P528601",,,,,,P528601
no_expected_no_live,528656,Q2165252,,Cuneiform Artifact CDLI Seals 015624 (physical),"CDLI artifact: Stamp seal; held by Ashmolean Museum, Oxford, UK; CDLI P528656",,,,,,P528656
no_expected_no_live,528695,Q2146288,,Cuneiform Artifact CDLI Seals 015691 (physical),"CDLI artifact: Stamp seal; from Lachish (mod. Tell ed-Duweir); held by Ashmolean Museum, Oxford, UK; CDLI P528695",,,,,,P528695
no_expected_no_live,528713,Q2164256,,Cuneiform Artifact CDLI Seals 015727 (physical),"CDLI artifact: Stamp seal; held by Ashmolean Museum, Oxford, UK; CDLI P528713",,,,,,P528713
no_expected_no_live,528729,Q2169554,,Cuneiform Artifact CDLI Seals 015759 (physical),"CDLI artifact: Stamp seal; held by Ashmolean Museum, Oxford, UK; CDLI P528729",,,,,,P528729
no_expected_no_live,528744,Q2162161,,Cuneiform Artifact CDLI Seals 015791 (physical),"CDLI artifact: Stamp seal; held by Ashmolean Museum, Oxford, UK; CDLI P528744",,,,,,P528744
no_expected_no_live,528768,Q2167190,,Cuneiform Artifact CDLI Seals 015844 (physical),"CDLI artifact: Stamp seal; from uncertain (mod. Tell Kar); held by Ashmolean Museum, Oxford, UK; CDLI P528768",,,,,,P528768
no_expected_no_live,528787,Q2166806,,Cuneiform Artifact CDLI Seals 015870 (physical),"CDLI artifact: Stamp seal; held by Ashmolean Museum, Oxford, UK; CDLI P528787",,,,,,P528787
no_expected_no_live,528800,Q2168556,,Cuneiform Artifact CDLI Seals 015892 (physical),"CDLI artifact: Stamp seal; from Karkemish (mod. Djerabis); held by Ashmolean Museum, Oxford, UK; CDLI P528800",,,,,,P528800
no_expected_no_live,528816,Q2164129,,Cuneiform Artifact CDLI Seals 015927 (physical),"CDLI artifact: Stamp seal; held by Ashmolean Museum, Oxford, UK; CDLI P528816",,,,,,P528816
no_expected_no_live,528857,Q2166146,,Cuneiform Artifact CDLI Seals 016681 (physical),"CDLI artifact: Stamp seal; held by Ashmolean Museum, Oxford, UK; CDLI P528857",,,,,,P528857
no_expected_no_live,528904,Q2170041,,Cuneiform Artifact CDLI Seals 016284 (physical),"CDLI artifact: Stamp seal; held by Ashmolean Museum, Oxford, UK; CDLI P528904",,,,,,P528904
no_expected_no_live,528912,Q2165788,,Cuneiform Artifact CDLI Seals 016302 (physical),"CDLI artifact: Stamp seal; held by Ashmolean Museum, Oxford, UK; CDLI P528912",,,,,,P528912
no_expected_no_live,528945,Q2167749,,Cuneiform Artifact CDLI Seals 015680 (physical),"CDLI artifact: Stamp seal; held by Ashmolean Museum, Oxford, UK; CDLI P528945",,,,,,P528945
no_expected_no_live,528953,Q2157531,,Cuneiform Artifact CDLI Seals 015696 (physical),"CDLI artifact: Stamp seal; from Karkemish (mod. Djerabis); held by Ashmolean Museum, Oxford, UK; CDLI P528953",,,,,,P528953
no_expected_no_live,528969,Q2163938,,Cuneiform Artifact CDLI Seals 015728 (physical),"CDLI artifact: Stamp seal; held by Ashmolean Museum, Oxford, UK; CDLI P528969",,,,,,P528969
no_expected_no_live,528986,Q2162946,,Cuneiform Artifact CDLI Seals 016398 (physical),"CDLI artifact: Stamp seal; held by Ashmolean Museum, Oxford, UK; CDLI P528986",,,,,,P528986
no_expected_no_live,529010,Q2162648,,Cuneiform Artifact CDLI Seals 015817 (physical),"CDLI artifact: Stamp seal; held by Ashmolean Museum, Oxford, UK; CDLI P529010",,,,,,P529010
no_expected_no_live,529047,Q2164956,,Cuneiform Artifact CDLI Seals 016529 (physical),"CDLI artifact: Stamp seal; held by Ashmolean Museum, Oxford, UK; CDLI P529047",,,,,,P529047
no_expected_no_live,529084,Q2063712,,Cuneiform Artifact CDLI Seals 016611 (physical),"CDLI artifact: Stamp seal; held by Ashmolean Museum, Oxford, UK; CDLI P529084",,,,,,P529084
no_expected_no_live,529092,Q2169743,,Cuneiform Artifact CDLI Seals 015953 (physical),"CDLI artifact: Stamp seal; held by Ashmolean Museum, Oxford, UK; CDLI P529092",,,,,,P529092
no_expected_no_live,529102,Q2164549,,Cuneiform Artifact CDLI Seals 016650 (physical),"CDLI artifact: Stamp seal; held by Ashmolean Museum, Oxford, UK; CDLI P529102",,,,,,P529102
no_expected_no_live,529179,Q2167492,,Cuneiform Artifact CDLI Seals 016326 (physical),"CDLI artifact: Stamp seal; held by Ashmolean Museum, Oxford, UK; CDLI P529179",,,,,,P529179
no_expected_no_live,529196,Q2166511,,Cuneiform Artifact CDLI Seals 016346 (physical),"CDLI artifact: Stamp seal; held by Ashmolean Museum, Oxford, UK; CDLI P529196",,,,,,P529196
no_expected_no_live,529207,Q2167890,,Cuneiform Artifact CDLI Seals 016359 (physical),"CDLI artifact: Stamp seal; held by Ashmolean Museum, Oxford, UK; CDLI P529207",,,,,,P529207
no_expected_no_live,529211,Q2154147,,Cuneiform Artifact CDLI Seals 016363 (physical),"CDLI artifact: Stamp seal; held by Ashmolean Museum, Oxford, UK; CDLI P529211",,,,,,P529211
no_expected_no_live,529246,Q2170189,,Cuneiform Artifact CDLI Seals 016407 (physical),"CDLI artifact: Stamp seal; held by Ashmolean Museum, Oxford, UK; CDLI P529246",,,,,,P529246
no_expected_no_live,529250,Q2165650,,Cuneiform Artifact CDLI Seals 016415 (physical),"CDLI artifact: Stamp seal; held by Ashmolean Museum, Oxford, UK; CDLI P529250",,,,,,P529250
no_expected_no_live,529315,Q2165984,,Cuneiform Artifact CDLI Seals 016552 (physical),"CDLI artifact: Stamp seal; held by Ashmolean Museum, Oxford, UK; CDLI P529315",,,,,,P529315
no_expected_no_live,529342,Q1938263,,Cuneiform Artifact CDLI Seals 016617 (physical),"CDLI artifact: Stamp seal; from Karkemish (mod. Djerabis); held by Ashmolean Museum, Oxford, UK; CDLI P529342",,,,,,P529342
no_expected_no_live,529354,Q2161430,,Cuneiform Artifact CDLI Seals 016640 (physical),"CDLI artifact: Stamp seal; held by Ashmolean Museum, Oxford, UK; CDLI P529354",,,,,,P529354
no_expected_no_live,529381,Q2164022,,Cuneiform Artifact CDLI Seals 016709 (physical),"CDLI artifact: Stamp seal; held by Ashmolean Museum, Oxford, UK; CDLI P529381",,,,,,P529381
no_expected_no_live,529417,Q2164835,,Cuneiform Artifact CDLI Seals 016288 (physical),"CDLI artifact: Stamp seal; held by Ashmolean Museum, Oxford, UK; CDLI P529417",,,,,,P529417
no_expected_no_live,529440,Q2162812,,Cuneiform Artifact CDLI Seals 016776 (physical),"CDLI artifact: Stamp seal; held by Ashmolean Museum, Oxford, UK; CDLI P529440",,,,,,P529440
no_expected_no_live,530231,Q2162679,,Cuneiform Artifact CDLI Seals 014553 (physical),"CDLI artifact: seal (not impression); held by Rijksmuseum van Oudheden, Leiden, Holland; CDLI P530231",,,,,,P530231
no_expected_no_live,530319,Q2169882,,Cuneiform Artifact CDLI Seals 014641 (physical),"CDLI artifact: seal (not impression); held by Rijksmuseum van Oudheden, Leiden, Holland; CDLI P530319",,,,,,P530319
no_expected_no_live,530323,Q2164586,,Cuneiform Artifact CDLI Seals 014645 (physical),"CDLI artifact: seal (not impression); held by Rijksmuseum van Oudheden, Leiden, Holland; CDLI P530323",,,,,,P530323
no_expected_no_live,530421,Q2165842,,Cuneiform Artifact CDLI Seals 014743 (physical),"CDLI artifact: seal (not impression); held by Rijksmuseum van Oudheden, Leiden, Holland; CDLI P530421",,,,,,P530421
no_expected_no_live,530564,Q2166041,,Cuneiform Artifact CDLI Seals 014886 (physical),"CDLI artifact: seal (not impression); held by Rijksmuseum van Oudheden, Leiden, Holland; CDLI P530564",,,,,,P530564
no_expected_no_live,530636,Q2164678,,Cuneiform Artifact CDLI Seals 014958 (physical),"CDLI artifact: seal (not impression); held by Rijksmuseum van Oudheden, Leiden, Holland; CDLI P530636",,,,,,P530636
no_expected_no_live,530708,Q2167474,,Cuneiform Artifact CDLI Seals 015196 (physical),"CDLI artifact: seal (not impression); held by de Liagre Böhl Collection, Netherlands Institute for the Near East, Leiden, The Netherlands; CDLI P530708",,,,,,P530708
no_expected_no_live,530749,Q2169718,,Cuneiform Artifact CDLI Seals 015237 (physical),"CDLI artifact: seal (not impression); held by de Liagre Böhl Collection, Netherlands Institute for the Near East, Leiden, The Netherlands; CDLI P530749",,,,,,P530749
no_expected_no_live,530773,Q2164458,,Cuneiform Artifact CDLI Seals 015261 (physical),"CDLI artifact: seal (not impression); held by de Liagre Böhl Collection, Netherlands Institute for the Near East, Leiden, The Netherlands; CDLI P530773",,,,,,P530773
no_expected_no_live,533276,Q2163767,,Cuneiform Artifact CDLI Seals 001735.6 (composite),CDLI artifact: seal (not impression); CDLI P533276,,,,,,P533276
no_expected_no_live,533299,Q2163306,,Cuneiform Artifact CDLI Seals 001801.2 (composite),CDLI artifact: seal (not impression); CDLI P533299,,,,,,P533299
no_expected_no_live,533309,Q2168450,,Cuneiform Artifact CDLI Seals 001828.1 (composite),CDLI artifact: seal (not impression); CDLI P533309,,,,,,P533309
no_expected_no_live,533333,Q2163406,,Cuneiform Artifact CDLI Seals 001960.3 (composite),CDLI artifact: seal (not impression); CDLI P533333,,,,,,P533333
no_expected_no_live,533348,Q2166344,,Cuneiform Artifact CDLI Seals 002054.03 (composite),CDLI artifact: seal (not impression); CDLI P533348,,,,,,P533348
no_expected_no_live,533431,Q2166945,,Cuneiform Artifact CDLI Seals 002498.3 (composite),CDLI artifact: seal (not impression); CDLI P533431,,,,,,P533431
no_expected_no_live,533466,Q2026027,,Cuneiform Artifact CDLI Seals 002584.3 (composite),CDLI artifact: seal (not impression); CDLI P533466,,,,,,P533466
no_expected_no_live,533470,Q2169219,,Cuneiform Artifact CDLI Seals 002586.1 (composite),CDLI artifact: seal (not impression); CDLI P533470,,,,,,P533470
no_expected_no_live,533489,Q2147074,,Cuneiform Artifact CDLI Seals 002738.1 (composite),CDLI artifact: seal (not impression); CDLI P533489,,,,,,P533489
no_expected_no_live,533523,Q2142791,,Cuneiform Artifact CDLI Seals 002811.2 (composite),CDLI artifact: seal (not impression); CDLI P533523,,,,,,P533523
no_expected_no_live,533535,Q2169572,,Cuneiform Artifact CDLI Seals 002827.1 (composite),CDLI artifact: seal (not impression); CDLI P533535,,,,,,P533535
no_expected_no_live,533574,Q2167302,,Cuneiform Artifact CDLI Seals 003006.01b (composite),CDLI artifact: seal (not impression); CDLI P533574,,,,,,P533574
no_expected_no_live,533626,Q2163601,,Cuneiform Artifact CDLI Seals 003235.3 (composite),CDLI artifact: seal (not impression); CDLI P533626,,,,,,P533626
no_expected_no_live,533718,Q2166184,,Cuneiform Artifact CDLI Seals 003535.3 (composite),CDLI artifact: seal (not impression); CDLI P533718,,,,,,P533718
no_expected_no_live,533759,Q2165920,,Cuneiform Artifact CDLI Seals 003656.3 (composite),CDLI artifact: seal (not impression); CDLI P533759,,,,,,P533759
no_expected_no_live,533763,Q2163234,,Cuneiform Artifact CDLI Seals 003673.4 (composite),CDLI artifact: seal (not impression); CDLI P533763,,,,,,P533763
no_expected_no_live,533827,Q2167453,,Cuneiform Artifact CDLI Seals 004003.2 (composite),CDLI artifact: seal (not impression); CDLI P533827,,,,,,P533827
no_expected_no_live,533866,Q2169730,,Cuneiform Artifact CDLI Seals 004155.3 (composite),CDLI artifact: seal (not impression); CDLI P533866,,,,,,P533866
no_expected_no_live,533870,Q2063714,,Cuneiform Artifact CDLI Seals 004301.1 (composite),CDLI artifact: seal (not impression); CDLI P533870,,,,,,P533870
no_expected_no_live,533889,Q2169062,,Cuneiform Artifact CDLI Seals 004330.4 (composite),CDLI artifact: seal (not impression); CDLI P533889,,,,,,P533889
no_expected_no_live,533919,Q2164666,,Cuneiform Artifact CDLI Seals 004445.3 (composite),CDLI artifact: seal (not impression); CDLI P533919,,,,,,P533919
no_expected_no_live,533923,Q2168807,,Cuneiform Artifact CDLI Seals 004452.3 (composite),CDLI artifact: seal (not impression); CDLI P533923,,,,,,P533923
no_expected_no_live,533935,Q2047902,,Cuneiform Artifact CDLI Seals 004518.2 (composite),CDLI artifact: seal (not impression); CDLI P533935,,,,,,P533935
no_expected_no_live,533962,Q2166506,,Cuneiform Artifact CDLI Seals 004746.1 (composite),CDLI artifact: seal (not impression); CDLI P533962,,,,,,P533962
no_expected_no_live,534024,Q2170311,,Cuneiform Artifact CDLI Seals 005314.4 (composite),CDLI artifact: seal (not impression); CDLI P534024,,,,,,P534024
no_expected_no_live,534032,Q2165467,,Cuneiform Artifact CDLI Seals 005342.2 (composite),CDLI artifact: seal (not impression); CDLI P534032,,,,,,P534032
no_expected_no_live,534049,Q2163654,,Cuneiform Artifact CDLI Seals 005365.2 (composite),CDLI artifact: seal (not impression); CDLI P534049,,,,,,P534049
no_expected_no_live,534065,Q2168052,,Cuneiform Artifact CDLI Seals 005453.1 (composite),CDLI artifact: seal (not impression); CDLI P534065,,,,,,P534065
no_expected_no_live,534073,Q2151593,,Cuneiform Artifact CDLI Seals 005470.1 (composite),CDLI artifact: seal (not impression); CDLI P534073,,,,,,P534073
no_expected_no_live,534120,Q2168270,,Cuneiform Artifact CDLI Seals 005673.3 (composite),CDLI artifact: seal (not impression); CDLI P534120,,,,,,P534120
no_expected_no_live,537976,Q2017697,,Cuneiform Artifact CDLI Seals 017151 (physical),"CDLI artifact: Cylinder seal; from uncertain (mod. uncertain); held by Louvre Museum, Paris, France; CDLI P537976",,,,,,P537976
no_expected_no_live,538085,Q2163016,,Cuneiform Artifact CDLI Seals 017260 (physical),"CDLI artifact: Cylinder seal; from uncertain (mod. uncertain); held by Louvre Museum, Paris, France; CDLI P538085",,,,,,P538085
no_expected_no_live,538590,Q2163981,,Cuneiform Artifact CDLI Seals 017765 (physical),"CDLI artifact: Cylinder seal; held by Louvre Museum, Paris, France; CDLI P538590",,,,,,P538590
no_expected_no_live,538601,Q2162748,,Cuneiform Artifact CDLI Seals 017776 (physical),"CDLI artifact: Cylinder seal; held by Louvre Museum, Paris, France; CDLI P538601",,,,,,P538601
no_expected_no_live,538656,Q2164900,,Cuneiform Artifact CDLI Seals 017831 (physical),"CDLI artifact: Cylinder seal; held by Louvre Museum, Paris, France; CDLI P538656",,,,,,P538656
no_expected_no_live,538695,Q2063926,,Cuneiform Artifact CDLI Seals 017870 (physical),"CDLI artifact: Cylinder seal; from Girsu (mod. Tello); held by Louvre Museum, Paris, France; CDLI P538695",,,,,,P538695
no_expected_no_live,538800,Q2168343,,Cuneiform Artifact CDLI Seals 017978 (physical),"CDLI artifact: Stamp seal; from Girsu (mod. Tello); held by Louvre Museum, Paris, France; CDLI P538800",,,,,,P538800
no_expected_no_live,538816,Q2167609,,Cuneiform Artifact CDLI Seals 017994 (physical),"CDLI artifact: Cylinder seal; held by Louvre Museum, Paris, France; CDLI P538816",,,,,,P538816
no_expected_no_live,538841,Q2170595,,Cuneiform Artifact CDLI Seals 018019 (physical),"CDLI artifact: Cylinder seal; held by Louvre Museum, Paris, France; CDLI P538841",,,,,,P538841
no_expected_no_live,538857,Q2166400,,Cuneiform Artifact CDLI Seals 018035 (physical),"CDLI artifact: Cylinder seal; held by Louvre Museum, Paris, France; CDLI P538857",,,,,,P538857
no_expected_no_live,538945,Q2167994,,Cuneiform Artifact CDLI Seals 018123 (physical),"CDLI artifact: Cylinder seal; held by Louvre Museum, Paris, France; CDLI P538945",,,,,,P538945
no_expected_no_live,538953,Q2152276,,Cuneiform Artifact CDLI Seals 018131 (physical),"CDLI artifact: Cylinder seal; held by Louvre Museum, Paris, France; CDLI P538953",,,,,,P538953
no_expected_no_live,539092,Q2169341,,Cuneiform Artifact CDLI Seals 018270 (physical),"CDLI artifact: Cylinder seal; from Kish (mod. Tell Uhaimir); held by Louvre Museum, Paris, France; CDLI P539092",,,,,,P539092
no_expected_no_live,539102,Q2164347,,Cuneiform Artifact CDLI Seals 018280 (physical),"CDLI artifact: Cylinder seal; held by Louvre Museum, Paris, France; CDLI P539102",,,,,,P539102
no_expected_no_live,539138,Q2169608,,Cuneiform Artifact CDLI Seals 018316 (physical),"CDLI artifact: Cylinder seal; from uncertain (mod. Tepe Sialk); held by Louvre Museum, Paris, France; CDLI P539138",,,,,,P539138
no_expected_no_live,539179,Q2167286,,Cuneiform Artifact CDLI Seals 018357 (physical),"CDLI artifact: Cylinder seal; held by Louvre Museum, Paris, France; CDLI P539179",,,,,,P539179
no_expected_no_live,539196,Q2166891,,Cuneiform Artifact CDLI Seals 018374 (physical),"CDLI artifact: Cylinder seal; held by Louvre Museum, Paris, France; CDLI P539196",,,,,,P539196
no_expected_no_live,539207,Q2168139,,Cuneiform Artifact CDLI Seals 018385 (physical),"CDLI artifact: Cylinder seal; held by Louvre Museum, Paris, France; CDLI P539207",,,,,,P539207
no_expected_no_live,539211,Q2149675,,Cuneiform Artifact CDLI Seals 018389 (physical),"CDLI artifact: Cylinder seal; held by Louvre Museum, Paris, France; CDLI P539211",,,,,,P539211
no_expected_no_live,539246,Q2170376,,Cuneiform Artifact CDLI Seals 018424 (physical),"CDLI artifact: Cylinder seal; held by Louvre Museum, Paris, France; CDLI P539246",,,,,,P539246
no_expected_no_live,539250,Q2165412,,Cuneiform Artifact CDLI Seals 018428 (physical),"CDLI artifact: Cylinder seal; held by Louvre Museum, Paris, France; CDLI P539250",,,,,,P539250
no_expected_no_live,540277,Q2162277,,Cuneiform Artifact CDLI Seals 019458 (physical),"CDLI artifact: Cylinder seal; held by Metropolitan Museum of Art, New York, New York, USA; CDLI P540277",,,,,,P540277
no_expected_no_live,540365,Q2170214,,Cuneiform Artifact CDLI Seals 019546 (physical),"CDLI artifact: Cylinder seal; held by Walters Art Museum, Baltimore, Maryland, USA; CDLI P540365",,,,,,P540365
no_expected_no_live,540471,Q2164393,,Cuneiform Artifact CDLI Seals 019652 (physical),"CDLI artifact: Cylinder seal; held by Metropolitan Museum of Art, New York, New York, USA; CDLI P540471",,,,,,P540471
no_expected_no_live,540518,Q2047738,,Cuneiform Artifact CDLI Seals 019699 (physical),"CDLI artifact: Cylinder seal; from Nippur (mod. Nuffar); held by National Museum of Iraq, Baghdad, Iraq; CDLI P540518",,,,,,P540518
no_expected_no_live,540563,Q2162782,,Cuneiform Artifact CDLI Seals 019744 (physical),"CDLI artifact: Cylinder seal; from Nippur (mod. Nuffar); held by Penn Museum, Philadelphia, Pennsylvania, USA; CDLI P540563",,,,,,P540563
no_expected_no_live,540627,Q2164351,,Cuneiform Artifact CDLI Seals 019808 (physical),"CDLI artifact: Cylinder seal; from Nippur (mod. Nuffar); held by Harvard Museum of the Ancient Near East, Harvard University, Cambridge, Massachusetts, USA; CDLI P540627",,,,,,P540627
no_expected_no_live,541124,Q2170343,,Cuneiform Artifact CDLI Seals 020255 (physical),"CDLI artifact: Cylinder seal; from Ur (mod. Tell Muqayyar); held by Penn Museum, Philadelphia, Pennsylvania, USA; CDLI P541124",,,,,,P541124
no_expected_no_live,541132,Q2165461,,Cuneiform Artifact CDLI Seals 020263 (physical),"CDLI artifact: Cylinder seal; from uncertain (mod. Diqdiqqah); held by Penn Museum, Philadelphia, Pennsylvania, USA; CDLI P541132",,,,,,P541132
no_expected_no_live,541149,Q2163692,,Cuneiform Artifact CDLI Seals 020552 (physical),"CDLI artifact: Cylinder seal; from Ur (mod. Tell Muqayyar); held by Penn Museum, Philadelphia, Pennsylvania, USA; CDLI P541149",,,,,,P541149
no_expected_no_live,541260,Q2164083,,Cuneiform Artifact CDLI Seals 020336 (physical),"CDLI artifact: Cylinder seal; from Ur (mod. Tell Muqayyar); held by Penn Museum, Philadelphia, Pennsylvania, USA; CDLI P541260",,,,,,P541260
no_expected_no_live,541309,Q2047112,,Cuneiform Artifact CDLI Seals 020367 (physical),"CDLI artifact: Cylinder seal; from Ur (mod. Tell Muqayyar); held by Penn Museum, Philadelphia, Pennsylvania, USA; CDLI P541309",,,,,,P541309
no_expected_no_live,541325,Q2165091,,Cuneiform Artifact CDLI Seals 020385 (physical),"CDLI artifact: Cylinder seal; from Ur (mod. Tell Muqayyar); held by Penn Museum, Philadelphia, Pennsylvania, USA; CDLI P541325",,,,,,P541325
no_expected_no_live,541372,Q2162496,,Cuneiform Artifact CDLI Seals 020514 (physical),"CDLI artifact: Cylinder seal; from Ur (mod. Tell Muqayyar); held by Penn Museum, Philadelphia, Pennsylvania, USA; CDLI P541372",,,,,,P541372
no_expected_no_live,541466,Q2167331,,Cuneiform Artifact CDLI Seals 020628 (physical),"CDLI artifact: Cylinder seal; from Ur (mod. Tell Muqayyar); held by National Museum of Iraq, Baghdad, Iraq; CDLI P541466",,,,,,P541466
no_expected_no_live,541470,Q2168371,,Cuneiform Artifact CDLI Seals 020632 (physical),"CDLI artifact: Cylinder seal; from Ur (mod. Tell Muqayyar); held by National Museum of Iraq, Baghdad, Iraq; CDLI P541470",,,,,,P541470
no_expected_no_live,541489,Q2152524,,Cuneiform Artifact CDLI Seals 020651 (physical),"CDLI artifact: Cylinder seal; from Ur (mod. Tell Muqayyar); held by National Museum of Iraq, Baghdad, Iraq; CDLI P541489",,,,,,P541489
no_expected_no_live,541519,Q2163532,,Cuneiform Artifact CDLI Seals 020681 (physical),"CDLI artifact: Cylinder seal; from Ur (mod. Tell Muqayyar); held by National Museum of Iraq, Baghdad, Iraq; CDLI P541519",,,,,,P541519
no_expected_no_live,541523,Q2149298,,Cuneiform Artifact CDLI Seals 020685 (physical),"CDLI artifact: Cylinder seal; from Ur (mod. Tell Muqayyar); held by National Museum of Iraq, Baghdad, Iraq; CDLI P541523",,,,,,P541523
no_expected_no_live,541535,Q2168158,,Cuneiform Artifact CDLI Seals 020697 (physical),"CDLI artifact: Cylinder seal; from Ur (mod. Tell Muqayyar); held by National Museum of Iraq, Baghdad, Iraq; CDLI P541535",,,,,,P541535
no_expected_no_live,541562,Q2165284,,Cuneiform Artifact CDLI Seals 020724 (physical),"CDLI artifact: Cylinder seal; from Ur (mod. Tell Muqayyar); held by National Museum of Iraq, Baghdad, Iraq; CDLI P541562",,,,,,P541562
no_expected_no_live,541574,Q2170501,,Cuneiform Artifact CDLI Seals 020736 (physical),"CDLI artifact: Cylinder seal; from Ur (mod. Tell Muqayyar); held by National Museum of Iraq, Baghdad, Iraq; CDLI P541574",,,,,,P541574
no_expected_no_live,541630,Q2164214,,Cuneiform Artifact CDLI Seals 020792 (physical),"CDLI artifact: Cylinder seal; from Ur (mod. Tell Muqayyar); held by National Museum of Iraq, Baghdad, Iraq; CDLI P541630",,,,,,P541630
no_expected_no_live,541667,Q2162119,,Cuneiform Artifact CDLI Seals 020829 (physical),"CDLI artifact: Cylinder seal; from Ur (mod. Tell Muqayyar); held by National Museum of Iraq, Baghdad, Iraq; CDLI P541667",,,,,,P541667
no_expected_no_live,541688,Q2162578,,Cuneiform Artifact CDLI Seals 020850 (physical),CDLI artifact: Cylinder seal; from Ur (mod. Tell Muqayyar); CDLI P541688,,,,,,P541688
no_expected_no_live,541722,Q2162335,,Cuneiform Artifact CDLI Seals 020884 (physical),"CDLI artifact: Cylinder seal; from uncertain (mod. Diqdiqqah); held by National Museum of Iraq, Baghdad, Iraq; CDLI P541722",,,,,,P541722
no_expected_no_live,541759,Q2021393,,Cuneiform Artifact CDLI Seals 020921 (physical),"CDLI artifact: Cylinder seal; from uncertain (mod. Diqdiqqah); held by National Museum of Iraq, Baghdad, Iraq; CDLI P541759",,,,,,P541759
no_expected_no_live,541775,Q2165221,,Cuneiform Artifact CDLI Seals 020937 (physical),CDLI artifact: Cylinder seal; from Ur (mod. Tell Muqayyar); CDLI P541775,,,,,,P541775
no_expected_no_live,541827,Q2170090,,Cuneiform Artifact CDLI Seals 020989 (physical),CDLI artifact: Cylinder seal; from Ur (mod. Tell Muqayyar); CDLI P541827,,,,,,P541827
no_expected_no_live,541831,Q2165770,,Cuneiform Artifact CDLI Seals 020993 (physical),CDLI artifact: Cylinder seal; from Ur (mod. Tell Muqayyar); CDLI P541831,,,,,,P541831
no_expected_no_live,541866,Q2167695,,Cuneiform Artifact CDLI Seals 021028 (physical),CDLI artifact: Cylinder seal; from Ur (mod. Tell Muqayyar); CDLI P541866,,,,,,P541866
no_expected_no_live,541870,Q2157913,,Cuneiform Artifact CDLI Seals 021032 (physical),CDLI artifact: Cylinder seal; from Ur (mod. Tell Muqayyar); CDLI P541870,,,,,,P541870
no_expected_no_live,541889,Q2016294,,Cuneiform Artifact CDLI Seals 021051 (physical),CDLI artifact: Cylinder seal; from Ur (mod. Tell Muqayyar); CDLI P541889,,,,,,P541889
no_expected_no_live,541923,Q2168531,,Cuneiform Artifact CDLI Seals 021085 (physical),"CDLI artifact: Cylinder seal; from Ur (mod. Tell Muqayyar); held by National Museum of Iraq, Baghdad, Iraq; CDLI P541923",,,,,,P541923
no_expected_no_live,541935,Q2164907,,Cuneiform Artifact CDLI Seals 021097 (physical),"CDLI artifact: Cylinder seal; from Ur (mod. Tell Muqayyar); held by National Museum of Iraq, Baghdad, Iraq; CDLI P541935",,,,,,P541935
no_expected_no_live,541974,Q2166099,,Cuneiform Artifact CDLI Seals 021136 (physical),CDLI artifact: Cylinder seal; from Ur (mod. Tell Muqayyar); CDLI P541974,,,,,,P541974
no_expected_no_live,542026,Q2169815,,Cuneiform Artifact CDLI Seals 021188 (physical),"CDLI artifact: Cylinder seal; from uncertain (mod. Diqdiqqah); held by National Museum of Iraq, Baghdad, Iraq; CDLI P542026",,,,,,P542026
no_expected_no_live,542030,Q2063557,,Cuneiform Artifact CDLI Seals 021192 (physical),"CDLI artifact: Cylinder seal; from Ur (mod. Tell Muqayyar); held by National Museum of Iraq, Baghdad, Iraq; CDLI P542030",,,,,,P542030
no_expected_no_live,542067,Q2167515,,Cuneiform Artifact CDLI Seals 021229 (physical),"CDLI artifact: Cylinder seal; from uncertain (mod. Diqdiqqah); held by National Museum of Iraq, Baghdad, Iraq; CDLI P542067",,,,,,P542067
no_expected_no_live,542088,Q2166484,,Cuneiform Artifact CDLI Seals 021250 (physical),"CDLI artifact: Cylinder seal; from Ur (mod. Tell Muqayyar); held by National Museum of Iraq, Baghdad, Iraq; CDLI P542088",,,,,,P542088
no_expected_no_live,542122,Q2166723,,Cuneiform Artifact CDLI Seals 021284 (physical),CDLI artifact: Cylinder seal; from Ur (mod. Tell Muqayyar); CDLI P542122,,,,,,P542122
no_expected_no_live,542159,Q2164920,,Cuneiform Artifact CDLI Seals 021318 (composite),CDLI artifact: seal (not impression); from Larsa (mod. Tell as-Senkereh); CDLI P542159,,,,,,P542159
no_expected_no_live,542572,Q2166609,,Cuneiform Artifact CDLI Seals 021718 (physical),"CDLI artifact: Cylinder seal; from uncertain (mod. Tell Agrab); held by National Museum of Iraq, Baghdad, Iraq; CDLI P542572",,,,,,P542572
no_expected_no_live,542876,Q2023267,,Cuneiform Artifact CDLI Seals 022022 (physical),"CDLI artifact: Cylinder seal; from Ešnunna (mod. Tell Asmar); held by National Museum of Iraq, Baghdad, Iraq; CDLI P542876",,,,,,P542876
no_expected_no_live,542899,Q2144778,,Cuneiform Artifact CDLI Seals 022045 (physical),"CDLI artifact: Cylinder seal; from Ešnunna (mod. Tell Asmar); held by Institute for the Study of Ancient Cultures West Asia & North Africa Museum, Chicago, Illinois, USA; CDLI P542899",,,,,,P542899
no_expected_no_live,542933,Q2144147,,Cuneiform Artifact CDLI Seals 022079 (physical),CDLI artifact: Cylinder seal; from Ešnunna (mod. Tell Asmar); CDLI P542933,,,,,,P542933
no_expected_no_live,544127,Q2165014,,Cuneiform Tablet LB 2674 (unpublished),"CDLI artifact: tablet; held by de Liagre Böhl Collection, Netherlands Institute for the Near East, Leiden, The Netherlands; CDLI P544127",,,,,,P544127
no_expected_no_live,544408,Q2169601,,Cuneiform Tablet TA 1934 T0013,"CDLI artifact: tablet; from Ešnunna (mod. Tell Asmar); held by Institute for the Study of Ancient Cultures West Asia & North Africa Museum, Chicago, Illinois, USA; CDLI P544408",,,,,,P544408
no_expected_no_live,544664,Q2165180,,Cuneiform Artifact CDLI Seals 022315 (physical),"CDLI artifact: Cylinder seal; from Nagar (mod. Tell Brak); held by British Museum, London, UK; CDLI P544664",,,,,,P544664
no_expected_no_live,544672,Q2168516,,Cuneiform Artifact CDLI Seals 022323 (physical),"CDLI artifact: Cylinder seal; from Nagar (mod. Tell Brak); held by British Museum, London, UK; CDLI P544672",,,,,,P544672
no_expected_no_live,544721,Q2149596,,Cuneiform Artifact CDLI Seals 022372 (physical),"CDLI artifact: Cylinder seal; from Nagar (mod. Tell Brak); held by National Museum of Syria, Aleppo, Syria; CDLI P544721",,,,,,P544721
no_expected_no_live,544760,Q2165426,,Cuneiform Artifact CDLI Seals 022411 (physical),"CDLI artifact: Cylinder seal; from Nagar (mod. Tell Brak); held by National Museum of Syria, Der-ez-Zor, Syria; CDLI P544760",,,,,,P544760
no_expected_no_live,545034,Q2165947,,Cuneiform Artifact CDLI Seals 022682 (physical),"CDLI artifact: Cylinder seal; from uncertain (mod. uncertain); held by British Museum, London, UK; CDLI P545034",,,,,,P545034
no_expected_no_live,545126,Q2167842,,Cuneiform Artifact CDLI Seals 022774 (physical),"CDLI artifact: Cylinder seal; from uncertain (mod. uncertain); held by British Museum, London, UK; CDLI P545126",,,,,,P545126
no_expected_no_live,545130,Q2155018,,Cuneiform Artifact CDLI Seals 022778 (physical),"CDLI artifact: Cylinder seal; from uncertain (mod. uncertain); held by British Museum, London, UK; CDLI P545130",,,,,,P545130
no_expected_no_live,545171,Q2165730,,Cuneiform Artifact CDLI Seals 022819 (physical),"CDLI artifact: Cylinder seal; from uncertain (mod. uncertain); held by British Museum, London, UK; CDLI P545171",,,,,,P545171
no_expected_no_live,545258,Q2167560,,Cuneiform Artifact CDLI Seals 022906 (physical),"CDLI artifact: Cylinder seal; from uncertain (mod. uncertain); held by Agnes Baldwin Brett, unlocated; CDLI P545258",,,,,,P545258
no_expected_no_live,545521,Q2165862,,Cuneiform Artifact CDLI Seals 023150 (physical),"CDLI artifact: Cylinder seal; from uncertain (mod. uncertain); held by Newell Collections of Babylonian Seals, Yale Babylonian Collection, New Haven, Connecticut, USA; CDLI P545521",,,,,,P545521
no_expected_no_live,545537,Q2169964,,Cuneiform Artifact CDLI Seals 023166 (physical),"CDLI artifact: Cylinder seal; from uncertain (mod. uncertain); held by Newell Collections of Babylonian Seals, Yale Babylonian Collection, New Haven, Connecticut, USA; CDLI P545537",,,,,,P545537
no_expected_no_live,545560,Q2158941,,Cuneiform Artifact CDLI Seals 023189 (physical),"CDLI artifact: Cylinder seal; from uncertain (mod. uncertain); held by Newell Collections of Babylonian Seals, Yale Babylonian Collection, New Haven, Connecticut, USA; CDLI P545560",,,,,,P545560
no_expected_no_live,545576,Q2167667,,Cuneiform Artifact CDLI Seals 023205 (physical),"CDLI artifact: Cylinder seal; from uncertain (mod. uncertain); held by Newell Collections of Babylonian Seals, Yale Babylonian Collection, New Haven, Connecticut, USA; CDLI P545576",,,,,,P545576
no_expected_no_live,545599,Q1367254,,Cuneiform Artifact CDLI Seals 023228 (physical),"CDLI artifact: Cylinder seal; from uncertain (mod. uncertain); held by Newell Collections of Babylonian Seals, Yale Babylonian Collection, New Haven, Connecticut, USA; CDLI P545599",,,,,,P545599
no_expected_no_live,545608,Q2167408,,Cuneiform Artifact CDLI Seals 023237 (physical),"CDLI artifact: Cylinder seal; from uncertain (mod. uncertain); held by Newell Collections of Babylonian Seals, Yale Babylonian Collection, New Haven, Connecticut, USA; CDLI P545608",,,,,,P545608
no_expected_no_live,545649,Q2169782,,Cuneiform Artifact CDLI Seals 023278 (physical),"CDLI artifact: Cylinder seal; from uncertain (mod. uncertain); held by Newell Collections of Babylonian Seals, Yale Babylonian Collection, New Haven, Connecticut, USA; CDLI P545649",,,,,,P545649
no_expected_no_live,545673,Q2164476,,Cuneiform Artifact CDLI Seals 023302 (physical),"CDLI artifact: Cylinder seal; from uncertain (mod. uncertain); held by Newell Collections of Babylonian Seals, Yale Babylonian Collection, New Haven, Connecticut, USA; CDLI P545673",,,,,,P545673
no_expected_no_live,545736,Q2164692,,Cuneiform Artifact CDLI Seals 023365 (physical),"CDLI artifact: Cylinder seal; from uncertain (mod. uncertain); held by Newell Collections of Babylonian Seals, Yale Babylonian Collection, New Haven, Connecticut, USA; CDLI P545736",,,,,,P545736
no_expected_no_live,545809,Q2163588,,Cuneiform Artifact CDLI Seals 023480 (physical),"CDLI artifact: Cylinder seal; from uncertain (mod. uncertain); held by Yale Babylonian Collection, New Haven, Connecticut, USA; CDLI P545809",,,,,,P545809
no_expected_no_live,545825,Q2168127,,Cuneiform Artifact CDLI Seals 023496 (physical),"CDLI artifact: Cylinder seal; from uncertain (mod. uncertain); held by Nies Babylonian Collection, Yale Babylonian Collection, New Haven, Connecticut, USA; CDLI P545825",,,,,,P545825
no_expected_no_live,545833,Q2150260,,Cuneiform Artifact CDLI Seals 023504 (physical),"CDLI artifact: Cylinder seal; from uncertain (mod. uncertain); held by Yale Babylonian Collection, New Haven, Connecticut, USA; CDLI P545833",,,,,,P545833
no_expected_no_live,545864,Q2170386,,Cuneiform Artifact CDLI Seals 023535 (physical),"CDLI artifact: Cylinder seal; from uncertain (mod. uncertain); held by Newell Collections of Babylonian Seals, Yale Babylonian Collection, New Haven, Connecticut, USA; CDLI P545864",,,,,,P545864
no_expected_no_live,545872,Q2165389,,Cuneiform Artifact CDLI Seals 023543 (physical),"CDLI artifact: Cylinder seal; from uncertain (mod. uncertain); held by Newell Collections of Babylonian Seals, Yale Babylonian Collection, New Haven, Connecticut, USA; CDLI P545872",,,,,,P545872
no_expected_no_live,545999,Q2152088,,Cuneiform Artifact CDLI Seals 023670 (physical),"CDLI artifact: Cylinder seal; from uncertain (mod. uncertain); held by Nies Babylonian Collection, Yale Babylonian Collection, New Haven, Connecticut, USA; CDLI P545999",,,,,,P545999
no_expected_no_live,546008,Q2162219,,Cuneiform Artifact CDLI Seals 023679 (physical),"CDLI artifact: Cylinder seal; from uncertain (mod. uncertain); held by Nies Babylonian Collection, Yale Babylonian Collection, New Haven, Connecticut, USA; CDLI P546008",,,,,,P546008
no_expected_no_live,546065,Q2169479,,Cuneiform Artifact CDLI Seals 023736 (physical),"CDLI artifact: Cylinder seal; from uncertain (mod. uncertain); held by Nies Babylonian Collection, Yale Babylonian Collection, New Haven, Connecticut, USA; CDLI P546065",,,,,,P546065
no_expected_no_live,546073,Q2144575,,Cuneiform Artifact CDLI Seals 023744 (physical),"CDLI artifact: Cylinder seal; from uncertain (mod. uncertain); held by Nies Babylonian Collection, Yale Babylonian Collection, New Haven, Connecticut, USA; CDLI P546073",,,,,,P546073
no_expected_no_live,546376,Q2163717,,Cuneiform Artifact CDLI Seals 024014 (physical),"CDLI artifact: Cylinder seal; from Alalakh (mod. Tell Açana/Atshana); held by Archeological Museum, Antakya, Hatay, Turkey; CDLI P546376",,,,,,P546376
no_expected_no_live,546399,Q2163322,,Cuneiform Artifact CDLI Seals 024037 (physical),"CDLI artifact: Cylinder seal; from Qattara (mod. Tell al Rimah); held by National Museum of Iraq, Baghdad, Iraq; CDLI P546399",,,,,,P546399
no_expected_no_live,546423,Q2142660,,Cuneiform Artifact CDLI Seals 024062 (physical),"CDLI artifact: Cylinder seal; from Qattara (mod. Tell al Rimah); held by National Museum of Iraq, Baghdad, Iraq; CDLI P546423",,,,,,P546423
no_expected_no_live,546618,Q2166236,,Cuneiform Artifact CDLI Seals 024095 (physical),"CDLI artifact: Cylinder seal; from Kish (mod. Tell Ingharra); held by National Museum of Iraq, Baghdad, Iraq; CDLI P546618",,,,,,P546618
no_expected_no_live,546927,Q2167421,,Cuneiform Artifact CDLI Seals 024364 (physical),"CDLI artifact: Cylinder seal; from Thêbai (mod. Thebes Beoticia Greece); held by Archaeological Museum of Thebes, Boeotia, Greece; CDLI P546927",,,,,,P546927
no_expected_no_live,546989,Q2168997,,Cuneiform Artifact CDLI Seals 024417 (physical),"CDLI artifact: Cylinder seal; from uncertain (mod. uncertain); held by J. Pierpont Morgan Library Collection, New York, New York, USA; CDLI P546989",,,,,,P546989
no_expected_no_live,547009,Q2165930,,Cuneiform Artifact CDLI Seals 024437 (physical),"CDLI artifact: Cylinder seal; from uncertain (mod. uncertain); held by J. Pierpont Morgan Library Collection, New York, New York, USA; CDLI P547009",,,,,,P547009
no_expected_no_live,547048,Q2159833,,Cuneiform Artifact CDLI Seals 024476 (physical),"CDLI artifact: Cylinder seal; from uncertain (mod. uncertain); held by J. Pierpont Morgan Library Collection, New York, New York, USA; CDLI P547048",,,,,,P547048
no_expected_no_live,547072,Q2162936,,Cuneiform Artifact CDLI Seals 024500 (physical),"CDLI artifact: Cylinder seal; from uncertain (mod. uncertain); held by J. Pierpont Morgan Library Collection, New York, New York, USA; CDLI P547072",,,,,,P547072
no_expected_no_live,547137,Q2163878,,Cuneiform Artifact CDLI Seals 024565 (physical),"CDLI artifact: Cylinder seal; from uncertain (mod. uncertain); held by J. Pierpont Morgan Library Collection, New York, New York, USA; CDLI P547137",,,,,,P547137
no_expected_no_live,547224,Q2169902,,Cuneiform Artifact CDLI Seals 024652 (physical),"CDLI artifact: Cylinder seal; from uncertain (mod. uncertain); held by J. Pierpont Morgan Library Collection, New York, New York, USA; CDLI P547224",,,,,,P547224
no_expected_no_live,547232,Q2048000,,Cuneiform Artifact CDLI Seals 024660 (physical),"CDLI artifact: Cylinder seal; from uncertain (mod. uncertain); held by J. Pierpont Morgan Library Collection, New York, New York, USA; CDLI P547232",,,,,,P547232
no_expected_no_live,547265,Q2167567,,Cuneiform Artifact CDLI Seals 024693 (physical),"CDLI artifact: Cylinder seal; from uncertain (mod. uncertain); held by Louvre Museum, Paris, France; CDLI P547265",,,,,,P547265
no_expected_no_live,547320,Q2166640,,Cuneiform Artifact CDLI Seals 024748 (physical),"CDLI artifact: Cylinder seal; from Susa (mod. Shush); held by Louvre Museum, Paris, France; CDLI P547320",,,,,,P547320
no_expected_no_live,547361,Q2168962,,Cuneiform Artifact CDLI Seals 024789 (physical),"CDLI artifact: Cylinder seal; from Susa (mod. Shush); held by Louvre Museum, Paris, France; CDLI P547361",,,,,,P547361
no_expected_no_live,547377,Q2047513,,Cuneiform Artifact CDLI Seals 024805 (physical),"CDLI artifact: Cylinder seal; from Susa (mod. Shush); held by Louvre Museum, Paris, France; CDLI P547377",,,,,,P547377
no_expected_no_live,547398,Q2063920,,Cuneiform Artifact CDLI Seals 024826 (physical),"CDLI artifact: Cylinder seal; from Susa (mod. Shush); held by Louvre Museum, Paris, France; CDLI P547398",,,,,,P547398
no_expected_no_live,547418,Q2162905,,Cuneiform Artifact CDLI Seals 024846 (physical),"CDLI artifact: Cylinder seal; from Susa (mod. Shush); held by Louvre Museum, Paris, France; CDLI P547418",,,,,,P547418
no_expected_no_live,547422,Q2163061,,Cuneiform Artifact CDLI Seals 024850 (physical),"CDLI artifact: Cylinder seal; from Susa (mod. Shush); held by Louvre Museum, Paris, France; CDLI P547422",,,,,,P547422
no_expected_no_live,547459,Q2166060,,Cuneiform Artifact CDLI Seals 024887 (physical),"CDLI artifact: Cylinder seal; from Susa (mod. Shush); held by Louvre Museum, Paris, France; CDLI P547459",,,,,,P547459
no_expected_no_live,547674,Q2169768,,Cuneiform Artifact CDLI Seals 025099 (physical),"CDLI artifact: Cylinder seal; from Kish (mod. Tell Ingharra); held by Field Museum of Natural History, Chicago, Illinois, USA; CDLI P547674",,,,,,P547674
no_expected_no_live,547971,Q2163204,,Cuneiform Artifact CDLI Seals 025367 (physical),"CDLI artifact: Cylinder seal; from uncertain (mod. uncertain); held by Spurlock Museum, University of Illinois, Urbana-Champaign, Illinois, USA; CDLI P547971",,,,,,P547971
no_expected_no_live,548094,Q2168946,,Cuneiform Artifact CDLI Seals 025489 (physical),"CDLI artifact: Cylinder seal; from uncertain (mod. uncertain); held by Walters Art Museum, Baltimore, Maryland, USA; CDLI P548094",,,,,,P548094
no_expected_no_live,548153,Q2162796,,Cuneiform Artifact CDLI Seals 025538 (physical),"CDLI artifact: Cylinder seal; from uncertain (mod. uncertain); held by British Museum, London, UK; CDLI P548153",,,,,,P548153
no_expected_no_live,548190,Q2167598,,Cuneiform Artifact CDLI Seals 025575 (physical),"CDLI artifact: Cylinder seal; from uncertain (mod. uncertain); held by British Museum, London, UK; CDLI P548190",,,,,,P548190
no_expected_no_live,548201,Q2168557,,Cuneiform Artifact CDLI Seals 025586 (physical),"CDLI artifact: Cylinder seal; from uncertain (mod. uncertain); held by British Museum, London, UK; CDLI P548201",,,,,,P548201
no_expected_no_live,548217,Q2164138,,Cuneiform Artifact CDLI Seals 025602 (physical),"CDLI artifact: Cylinder seal; from uncertain (mod. uncertain); held by British Museum, London, UK; CDLI P548217",,,,,,P548217
no_expected_no_live,548256,Q2166148,,Cuneiform Artifact CDLI Seals 025641 (physical),"CDLI artifact: Cylinder seal; from uncertain (mod. uncertain); held by British Museum, London, UK; CDLI P548256",,,,,,P548256
no_expected_no_live,548313,Q2165793,,Cuneiform Artifact CDLI Seals 025698 (physical),"CDLI artifact: Cylinder seal; from Ugarit (mod. Ras Shamra); held by Louvre Museum, Paris, France; CDLI P548313",,,,,,P548313
no_expected_no_live,548344,Q2167745,,Cuneiform Artifact CDLI Seals 025729 (physical),"CDLI artifact: Cylinder seal; from Ugarit (mod. Ras Shamra); held by Louvre Museum, Paris, France; CDLI P548344",,,,,,P548344
no_expected_no_live,548352,Q2157428,,Cuneiform Artifact CDLI Seals 025737 (physical),"CDLI artifact: Cylinder seal; from Ugarit (mod. Ras Shamra); held by Louvre Museum, Paris, France; CDLI P548352",,,,,,P548352
no_expected_no_live,548368,Q2163930,,Cuneiform Artifact CDLI Seals 025753 (physical),"CDLI artifact: Cylinder seal; from Ugarit (mod. Ras Shamra); held by Louvre Museum, Paris, France; CDLI P548368",,,,,,P548368
no_expected_no_live,548387,Q2162960,,Cuneiform Artifact CDLI Seals 025772 (physical),"CDLI artifact: Cylinder seal; from Ugarit (mod. Ras Shamra); held by Louvre Museum, Paris, France; CDLI P548387",,,,,,P548387
no_expected_no_live,548411,Q2164563,,Cuneiform Artifact CDLI Seals 025796 (physical),"CDLI artifact: Cylinder seal; from Ugarit (mod. Ras Shamra); held by Louvre Museum, Paris, France; CDLI P548411",,,,,,P548411
no_expected_no_live,548503,Q2162663,,Cuneiform Artifact CDLI Seals 025888 (physical),"CDLI artifact: Cylinder seal; from Ugarit (mod. Ras Shamra); held by National Museum of Syria, Aleppo, Syria; CDLI P548503",,,,,,P548503
no_expected_no_live,548554,Q2164977,,Cuneiform Artifact CDLI Seals 025939 (physical),"CDLI artifact: Cylinder seal; from Ugarit (mod. Ras Shamra); held by National Museum of Syria, Damascus, Syria; CDLI P548554",,,,,,P548554
no_expected_no_live,548578,Q2047340,,Cuneiform Artifact CDLI Seals 025963 (physical),"CDLI artifact: Cylinder seal; from Ugarit (mod. Ras Shamra); held by National Museum of Syria, Damascus, Syria; CDLI P548578",,,,,,P548578
no_expected_no_live,548581,Q2169709,,Cuneiform Artifact CDLI Seals 025966 (physical),"CDLI artifact: Cylinder seal; from Ugarit (mod. Ras Shamra); held by National Museum of Syria, Damascus, Syria; CDLI P548581",,,,,,P548581
no_expected_no_live,548597,Q2063753,,Cuneiform Artifact CDLI Seals 025982 (physical),"CDLI artifact: Cylinder seal; from Ugarit (mod. Ras Shamra); held by National Museum of Syria, Damascus, Syria; CDLI P548597",,,,,,P548597
no_expected_no_live,548606,Q2166000,,Cuneiform Artifact CDLI Seals 025991 (physical),"CDLI artifact: Cylinder seal; from Ugarit (mod. Ras Shamra); held by National Museum of Syria, Damascus, Syria; CDLI P548606",,,,,,P548606
no_expected_no_live,548647,Q2161236,,Cuneiform Artifact CDLI Seals 026032 (physical),"CDLI artifact: Cylinder seal; from Ugarit (mod. Ras Shamra); held by National Museum of Syria, Damascus, Syria; CDLI P548647",,,,,,P548647
no_expected_no_live,548651,Q2011479,,Cuneiform Artifact CDLI Seals 026036 (physical),"CDLI artifact: Cylinder seal; from Ugarit (mod. Ras Shamra); held by National Museum of Syria, Damascus, Syria; CDLI P548651",,,,,,P548651
no_expected_no_live,548692,Q2164045,,Cuneiform Artifact CDLI Seals 026077 (physical),"CDLI artifact: Cylinder seal; from Ugarit (mod. Ras Shamra); held by National Museum of Syria, Damascus, Syria; CDLI P548692",,,,,,P548692
no_expected_no_live,548702,Q2153804,,Cuneiform Artifact CDLI Seals 026087 (physical),"CDLI artifact: Cylinder seal; from Ugarit (mod. Ras Shamra); held by National Museum of Syria, Damascus, Syria; CDLI P548702",,,,,,P548702
no_expected_no_live,548714,Q2167905,,Cuneiform Artifact CDLI Seals 026099 (physical),"CDLI artifact: Cylinder seal; from Ugarit (mod. Ras Shamra); held by National Museum of Syria, Damascus, Syria; CDLI P548714",,,,,,P548714
no_expected_no_live,548738,Q2163795,,Cuneiform Artifact CDLI Seals 026123 (physical),"CDLI artifact: Cylinder seal; from Ugarit (mod. Ras Shamra); held by National Museum of Syria, Damascus, Syria; CDLI P548738",,,,,,P548738
no_expected_no_live,548743,Q2165666,,Cuneiform Artifact CDLI Seals 026128 (physical),"CDLI artifact: Cylinder seal; from Ugarit (mod. Ras Shamra); held by National Museum of Syria, Damascus, Syria; CDLI P548743",,,,,,P548743
no_expected_no_live,548755,Q2170179,,Cuneiform Artifact CDLI Seals 026140 (physical),"CDLI artifact: Cylinder seal; from Ugarit (mod. Ras Shamra); held by National Museum of Syria, Damascus, Syria; CDLI P548755",,,,,,P548755
no_expected_no_live,548807,Q2165128,,Cuneiform Artifact CDLI Seals 026192 (physical),"CDLI artifact: Cylinder seal; from Ugarit (mod. Ras Shamra); held by National Museum of Syria, Aleppo, Syria; CDLI P548807",,,,,,P548807
no_expected_no_live,548850,Q2162529,,Cuneiform Artifact CDLI Seals 026235 (physical),CDLI artifact: Cylinder seal; from Ugarit (mod. Ras Shamra); CDLI P548850,,,,,,P548850
no_expected_no_live,548893,Q2167327,,Cuneiform Artifact CDLI Seals 026278 (physical),"CDLI artifact: Cylinder seal; from Ugarit (mod. Ras Shamra); held by National Museum of Syria, Aleppo, Syria; CDLI P548893",,,,,,P548893
no_expected_no_live,548915,Q2162326,,Cuneiform Artifact CDLI Seals 026300 (physical),CDLI artifact: Cylinder seal; from Ugarit (mod. Ras Shamra); CDLI P548915,,,,,,P548915
no_expected_no_live,548978,Q2169391,,Cuneiform Artifact CDLI Seals 026336 (physical),"CDLI artifact: Cylinder seal; from Ugarit (mod. Ras Shamra); held by National Museum of Syria, Aleppo, Syria; CDLI P548978",,,,,,P548978
no_expected_no_live,548981,Q2029862,,Cuneiform Artifact CDLI Seals 026339 (physical),"CDLI artifact: Cylinder seal; from Ugarit (mod. Ras Shamra); held by National Museum of Syria, Aleppo, Syria; CDLI P548981",,,,,,P548981
no_expected_no_live,548997,Q2169203,,Cuneiform Artifact CDLI Seals 026355 (physical),"CDLI artifact: Cylinder seal; from Ugarit (mod. Ras Shamra); held by National Museum of Syria, Aleppo, Syria; CDLI P548997",,,,,,P548997
no_expected_no_live,549017,Q2166324,,Cuneiform Artifact CDLI Seals 026375 (physical),"CDLI artifact: Cylinder seal; from Ugarit (mod. Ras Shamra); held by National Museum of Syria, Aleppo, Syria; CDLI P549017",,,,,,P549017
no_expected_no_live,549040,Q2168413,,Cuneiform Artifact CDLI Seals 026398 (physical),"CDLI artifact: Cylinder seal; from Ebla (mod. Tell Mardikh); held by National Museum of Syria, Aleppo, Syria; CDLI P549040",,,,,,P549040
no_expected_no_live,549056,Q2166141,,Cuneiform Artifact CDLI Seals 026414 (physical),"CDLI artifact: Cylinder seal; from Ebla (mod. Tell Mardikh); held by National Museum of Syria, Aleppo, Syria; CDLI P549056",,,,,,P549056
no_expected_no_live,549083,Q2163782,,Cuneiform Artifact CDLI Seals 026441 (physical),"CDLI artifact: Cylinder seal; from uncertain (mod. uncertain); held by British Museum, London, UK; CDLI P549083",,,,,,P549083
no_expected_no_live,549105,Q2168222,,Cuneiform Artifact CDLI Seals 026463 (physical),"CDLI artifact: Cylinder seal; from uncertain (mod. uncertain); held by British Museum, London, UK; CDLI P549105",,,,,,P549105
no_expected_no_live,549113,Q2148496,,Cuneiform Artifact CDLI Seals 026471 (physical),"CDLI artifact: Cylinder seal; from uncertain (mod. uncertain); held by British Museum, London, UK; CDLI P549113",,,,,,P549113
no_expected_no_live,549406,Q2168724,,Cuneiform Artifact CDLI Seals 026648 (physical),"CDLI artifact: Cylinder seal; from uncertain (mod. uncertain); held by Michael Chiha collection, Beyrouth, Lebanon; CDLI P549406",,,,,,P549406
no_expected_no_live,549410,Q2168272,,Cuneiform Artifact CDLI Seals 026652 (physical),"CDLI artifact: Cylinder seal; from uncertain (mod. uncertain); held by Michael Chiha collection, Beyrouth, Lebanon; CDLI P549410",,,,,,P549410
no_expected_no_live,549447,Q2166445,,Cuneiform Artifact CDLI Seals 026689 (physical),"CDLI artifact: Cylinder seal; from uncertain (mod. uncertain); held by Michael Chiha collection, Beyrouth, Lebanon; CDLI P549447",,,,,,P549447
no_expected_no_live,549451,Q2170534,,Cuneiform Artifact CDLI Seals 026693 (physical),"CDLI artifact: Cylinder seal; from uncertain (mod. uncertain); held by Michael Chiha collection, Beyrouth, Lebanon; CDLI P549451",,,,,,P549451
no_expected_no_live,549502,Q2165469,,Cuneiform Artifact CDLI Seals 026744 (physical),"CDLI artifact: Cylinder seal; from uncertain (mod. uncertain); held by Michael Chiha collection, Beyrouth, Lebanon; CDLI P549502",,,,,,P549502
no_expected_no_live,549514,Q2170317,,Cuneiform Artifact CDLI Seals 026756 (physical),"CDLI artifact: Cylinder seal; from uncertain (mod. uncertain); held by Michael Chiha collection, Beyrouth, Lebanon; CDLI P549514",,,,,,P549514
no_expected_no_live,549543,Q2151431,,Cuneiform Artifact CDLI Seals 026785 (physical),"CDLI artifact: Cylinder seal; from uncertain (mod. uncertain); held by Michael Chiha collection, Beyrouth, Lebanon; CDLI P549543",,,,,,P549543
no_expected_no_live,549596,Q2163232,,Cuneiform Artifact Ashm 1975-0132d,"CDLI artifact: brick; from Dur-Untaš (mod. Chogha Zanbil); held by Ashmolean Museum, Oxford, UK; CDLI P549596",,,,,,P549596
no_expected_no_live,549650,Q2164117,,"Cuneiform Tablet Baghdader Forschungen 07, 730","CDLI artifact: tablet; from uncertain (mod. Tell Subeidi); held by National Museum of Iraq, Baghdad, Iraq; CDLI P549650",,,,,,P549650
no_expected_no_live,549781,Q2167292,,Cuneiform Artifact Ashm 1939-0332 (030),"CDLI artifact: sealing; from Nagar (mod. Tell Brak); held by Ashmolean Museum, Oxford, UK; CDLI P549781",,,,,,P549781
no_expected_no_live,549806,Q2167902,,Cuneiform Artifact Ashm 1939-0332 (045.1),"CDLI artifact: sealing; from Nagar (mod. Tell Brak); held by Ashmolean Museum, Oxford, UK; CDLI P549806",,,,,,P549806
no_expected_no_live,549810,Q2154385,,Cuneiform Artifact Ashm 1939-0332 (047.1),"CDLI artifact: sealing; from Nagar (mod. Tell Brak); held by Ashmolean Museum, Oxford, UK; CDLI P549810",,,,,,P549810
no_expected_no_live,549851,Q2165641,,Cuneiform Artifact Ashm 1939-0332 (070),"CDLI artifact: sealing; from Nagar (mod. Tell Brak); held by Ashmolean Museum, Oxford, UK; CDLI P549851",,,,,,P549851
no_expected_no_live,552708,Q2170284,,"Cuneiform Tablet CM 03, no. 373","CDLI artifact: tablet; held by British Museum, London, UK; CDLI P552708",,,,,,P552708
no_expected_no_live,554776,Q2170185,,Cuneiform Artifact BM 041386,"CDLI artifact: sealing; held by British Museum, London, UK; CDLI P554776",,,,,,P554776
no_expected_no_live,555366,Q2165253,,Cuneiform Tablet MacGinnis Letter Orders from Sippar 162,"CDLI artifact: tablet; from Sippar-Yahrurum (mod. Tell Abu Habbah); held by British Museum, London, UK; CDLI P555366",,,,,,P555366
no_expected_no_live,555809,Q2163807,,"Cuneiform Tablet Tallies and trends, text 2","CDLI artifact: tablet; held by British Museum, London, UK; CDLI P555809",,,,,,P555809
no_expected_no_live,555825,Q2167916,,"Cuneiform Tablet Tallies and trends, text 3A","CDLI artifact: tablet; held by British Museum, London, UK; CDLI P555825",,,,,,P555825
no_expected_no_live,555833,Q2154036,,"Cuneiform Tablet AOAT 451, no. 167","CDLI artifact: tablet; from Sippar-Yahrurum (mod. Tell Abu Habbah); held by British Museum, London, UK; CDLI P555833",,,,,,P555833
no_expected_no_live,555960,Q1994177,,"Cuneiform Tablet AOAT 451, no. 222","CDLI artifact: tablet; from Sippar-Yahrurum (mod. Tell Abu Habbah); held by British Museum, London, UK; CDLI P555960",,,,,,P555960
no_expected_no_live,555999,Q2159230,,"Cuneiform Tablet AOAT 451, no. 231","CDLI artifact: tablet; from Sippar-Yahrurum (mod. Tell Abu Habbah); held by British Museum, London, UK; CDLI P555999",,,,,,P555999
no_expected_no_live,556024,Q2167348,,"Cuneiform Tablet AOAT 451, no. 236","CDLI artifact: tablet; from Sippar-Yahrurum (mod. Tell Abu Habbah); held by British Museum, London, UK; CDLI P556024",,,,,,P556024
no_expected_no_live,556065,Q2169687,,"Cuneiform Tablet AOAT 451, no. 263","CDLI artifact: tablet; from Sippar-Yahrurum (mod. Tell Abu Habbah); held by British Museum, London, UK; CDLI P556065",,,,,,P556065
no_expected_no_live,556376,Q2163945,,"Cuneiform Tablet MC 24, no. 201","CDLI artifact: tablet; held by British Museum, London, UK; CDLI P556376",,,,,,P556376
no_expected_no_live,556399,Q2162973,,"Cuneiform Tablet MC 24, no. 172","CDLI artifact: tablet; held by British Museum, London, UK; CDLI P556399",,,,,,P556399
no_expected_no_live,556435,Q2169850,,"Cuneiform Tablet MC 25, 392","CDLI artifact: tablet; held by British Museum, London, UK; CDLI P556435",,,,,,P556435
no_expected_no_live,556474,Q2167480,,"Cuneiform Tablet MC 25, 418","CDLI artifact: tablet; held by British Museum, London, UK; CDLI P556474",,,,,,P556474
no_expected_no_live,556531,Q2166707,,"Cuneiform Tablet Nisaba 21, 1110","CDLI artifact: tablet; from Borsippa (mod. Birs Nimrud); held by British Museum, London, UK; CDLI P556531",,,,,,P556531
no_expected_no_live,556570,Q2169043,,Cuneiform Tablet BM 032949,"CDLI artifact: tablet; held by British Museum, London, UK; CDLI P556570",,,,,,P556570
no_expected_no_live,556589,Q2063763,,Cuneiform Tablet BM 034265,"CDLI artifact: tablet; held by British Museum, London, UK; CDLI P556589",,,,,,P556589
no_expected_no_live,556659,Q2161285,,Cuneiform Tablet BM 042205,"CDLI artifact: tablet; held by British Museum, London, UK; CDLI P556659",,,,,,P556659
no_expected_no_live,557137,Q2163484,,Cuneiform Tablet BM 032255,"CDLI artifact: tablet; from Babylon (mod. Bābil); held by British Museum, London, UK; CDLI P557137",,,,,,P557137
no_expected_no_live,557224,Q2169533,,Cuneiform Tablet BM 033601,"CDLI artifact: tablet; from Babylon (mod. Bābil); held by British Museum, London, UK; CDLI P557224",,,,,,P557224
no_expected_no_live,557232,Q2143212,,Cuneiform Tablet BM 033771,"CDLI artifact: tablet; from Babylon (mod. Bābil); held by British Museum, London, UK; CDLI P557232",,,,,,P557232
no_expected_no_live,557249,Q2162165,,Cuneiform Tablet BM 034431,"CDLI artifact: tablet; held by British Museum, London, UK; CDLI P557249",,,,,,P557249
no_expected_no_live,557265,Q2167205,,Cuneiform Tablet BM 035006,"CDLI artifact: tablet; from Babylon (mod. Bābil); held by British Museum, London, UK; CDLI P557265",,,,,,P557265
no_expected_no_live,557320,Q2166973,,Cuneiform Tablet BM 035728,"CDLI artifact: tablet; from Babylon (mod. Bābil); held by British Museum, London, UK; CDLI P557320",,,,,,P557320
no_expected_no_live,557361,Q2169330,,Cuneiform Tablet BM 035953,"CDLI artifact: tablet; held by British Museum, London, UK; CDLI P557361",,,,,,P557361
no_expected_no_live,557377,Q2018291,,Cuneiform Tablet BM 036068,"CDLI artifact: tablet; held by British Museum, London, UK; CDLI P557377",,,,,,P557377
no_expected_no_live,557398,Q2146414,,Cuneiform Tablet BM 036130,"CDLI artifact: tablet; held by British Museum, London, UK; CDLI P557398",,,,,,P557398
no_expected_no_live,557418,Q2168712,,Cuneiform Tablet BM 036172,"CDLI artifact: tablet; held by British Museum, London, UK; CDLI P557418",,,,,,P557418
no_expected_no_live,557422,Q2163439,,Cuneiform Tablet BM 036179,"CDLI artifact: tablet; held by British Museum, London, UK; CDLI P557422",,,,,,P557422
no_expected_no_live,557459,Q2166455,,Cuneiform Tablet BM 036412,"CDLI artifact: tablet; held by British Museum, London, UK; CDLI P557459",,,,,,P557459
no_expected_no_live,557567,Q2163660,,Cuneiform Tablet BM 037470,"CDLI artifact: tablet; held by British Museum, London, UK; CDLI P557567",,,,,,P557567
no_expected_no_live,557588,Q2163267,,Cuneiform Tablet BM 037896,"CDLI artifact: tablet; held by British Museum, London, UK; CDLI P557588",,,,,,P557588
no_expected_no_live,557619,Q2162324,,Cuneiform Tablet BM 038705,"CDLI artifact: tablet; held by British Museum, London, UK; CDLI P557619",,,,,,P557619
no_expected_no_live,557635,Q2167070,,Cuneiform Tablet BM 038965,"CDLI artifact: tablet; held by British Museum, London, UK; CDLI P557635",,,,,,P557635
no_expected_no_live,557662,Q2147336,,Cuneiform Tablet BM 039144,"CDLI artifact: tablet; held by British Museum, London, UK; CDLI P557662",,,,,,P557662
no_expected_no_live,557674,Q2169385,,Cuneiform Tablet BM 039205,"CDLI artifact: tablet; held by British Museum, London, UK; CDLI P557674",,,,,,P557674
no_expected_no_live,557727,Q2046977,,Cuneiform Tablet BM 039704,"CDLI artifact: tablet; held by British Museum, London, UK; CDLI P557727",,,,,,P557727
no_expected_no_live,557731,Q2169167,,Cuneiform Tablet BM 039756,"CDLI artifact: tablet; held by British Museum, London, UK; CDLI P557731",,,,,,P557731
no_expected_no_live,557770,Q2166851,,Cuneiform Tablet BM 040280,"CDLI artifact: tablet; held by British Museum, London, UK; CDLI P557770",,,,,,P557770
no_expected_no_live,557834,Q2163788,,Cuneiform Tablet BM 041070,"CDLI artifact: tablet; from Babylon (mod. Bābil); held by British Museum, London, UK; CDLI P557834",,,,,,P557834
no_expected_no_live,557859,Q2170173,,Cuneiform Tablet BM 041158,"CDLI artifact: tablet; from Babylon (mod. Bābil); held by British Museum, London, UK; CDLI P557859",,,,,,P557859
no_expected_no_live,557971,Q2163011,,Cuneiform Tablet BM 042677,"CDLI artifact: tablet; held by British Museum, London, UK; CDLI P557971",,,,,,P557971
no_expected_no_live,558016,Q2162257,,Cuneiform Tablet BM 042742,"CDLI artifact: tablet; held by British Museum, London, UK; CDLI P558016",,,,,,P558016
no_expected_no_live,558041,Q2164185,,Cuneiform Tablet BM 042785,"CDLI artifact: tablet; held by British Museum, London, UK; CDLI P558041",,,,,,P558041
no_expected_no_live,558082,Q2022347,,Cuneiform Tablet BM 042850,"CDLI artifact: tablet; held by British Museum, London, UK; CDLI P558082",,,,,,P558082
no_expected_no_live,558094,Q2169279,,Cuneiform Tablet BM 042866,"CDLI artifact: tablet; held by British Museum, London, UK; CDLI P558094",,,,,,P558094
no_expected_no_live,558104,Q2165047,,Cuneiform Tablet BM 042884,"CDLI artifact: tablet; held by British Museum, London, UK; CDLI P558104",,,,,,P558104
no_expected_no_live,558128,Q2047193,,Cuneiform Tablet BM 042945,"CDLI artifact: tablet; held by British Museum, London, UK; CDLI P558128",,,,,,P558128
no_expected_no_live,558153,Q2162587,,Cuneiform Tablet BM 042990,"CDLI artifact: tablet; held by British Museum, London, UK; CDLI P558153",,,,,,P558153
no_expected_no_live,558190,Q2167242,,Cuneiform Tablet BM 043037,"CDLI artifact: tablet; held by British Museum, London, UK; CDLI P558190",,,,,,P558190
no_expected_no_live,558201,Q2168356,,Cuneiform Tablet BM 043054,"CDLI artifact: tablet; held by British Museum, London, UK; CDLI P558201",,,,,,P558201
no_expected_no_live,558217,Q2167898,,Cuneiform Tablet BM 043079,"CDLI artifact: tablet; held by British Museum, London, UK; CDLI P558217",,,,,,P558217
no_expected_no_live,558240,Q2170578,,Cuneiform Tablet BM 043614,"CDLI artifact: tablet; held by British Museum, London, UK; CDLI P558240",,,,,,P558240
no_expected_no_live,558256,Q2166389,,Cuneiform Tablet BM 043882,"CDLI artifact: tablet; held by British Museum, London, UK; CDLI P558256",,,,,,P558256
no_expected_no_live,558305,Q2170243,,Cuneiform Tablet BM 044209,"CDLI artifact: tablet; held by British Museum, London, UK; CDLI P558305",,,,,,P558305
no_expected_no_live,558313,Q2165603,,Cuneiform Tablet BM 044438,"CDLI artifact: tablet; held by British Museum, London, UK; CDLI P558313",,,,,,P558313
no_expected_no_live,558344,Q2167977,,Cuneiform Tablet BM 045509,"CDLI artifact: tablet; held by British Museum, London, UK; CDLI P558344",,,,,,P558344
no_expected_no_live,558352,Q2152215,,Cuneiform Tablet BM 045726,"CDLI artifact: tablet; from Babylon (mod. Bābil); held by British Museum, London, UK; CDLI P558352",,,,,,P558352
no_expected_no_live,558387,Q2163345,,Cuneiform Tablet BM 045875,"CDLI artifact: tablet; from Babylon (mod. Bābil); held by British Museum, London, UK; CDLI P558387",,,,,,P558387
no_expected_no_live,558411,Q2164325,,Cuneiform Tablet BM 045937,"CDLI artifact: tablet; from Babylon (mod. Bābil); held by British Museum, London, UK; CDLI P558411",,,,,,P558411
no_expected_no_live,558446,Q2162088,,Cuneiform Tablet BM 046034,"CDLI artifact: tablet; from Babylon (mod. Bābil); held by British Museum, London, UK; CDLI P558446",,,,,,P558446
no_expected_no_live,558485,Q2166868,,Cuneiform Tablet BM 046150,"CDLI artifact: tablet; from Babylon (mod. Bābil); held by British Museum, London, UK; CDLI P558485",,,,,,P558485
no_expected_no_live,558503,Q2162448,,Cuneiform Tablet BM 046190,"CDLI artifact: tablet; held by British Museum, London, UK; CDLI P558503",,,,,,P558503
no_expected_no_live,558554,Q2165184,,Cuneiform Tablet BM 047118,"CDLI artifact: tablet; held by British Museum, London, UK; CDLI P558554",,,,,,P558554
no_expected_no_live,558578,Q2023756,,Cuneiform Tablet BM 047739,"CDLI artifact: tablet; held by British Museum, London, UK; CDLI P558578",,,,,,P558578
no_expected_no_live,558581,Q2169353,,Cuneiform Tablet BM 047843,"CDLI artifact: tablet; held by British Museum, London, UK; CDLI P558581",,,,,,P558581
no_expected_no_live,558597,Q2147458,,Cuneiform Tablet BM 047917,"CDLI artifact: tablet; held by British Museum, London, UK; CDLI P558597",,,,,,P558597
no_expected_no_live,558606,Q2166227,,Cuneiform Tablet BM 048075,"CDLI artifact: tablet; held by British Museum, London, UK; CDLI P558606",,,,,,P558606
no_expected_no_live,558647,Q2165493,,Cuneiform Tablet BM 048235,"CDLI artifact: tablet; held by British Museum, London, UK; CDLI P558647",,,,,,P558647
no_expected_no_live,558651,Q2168492,,Cuneiform Tablet BM 048257,"CDLI artifact: tablet; held by British Museum, London, UK; CDLI P558651",,,,,,P558651
no_expected_no_live,558692,Q2163670,,Cuneiform Tablet BM 048745,"CDLI artifact: tablet; held by British Museum, London, UK; CDLI P558692",,,,,,P558692
no_expected_no_live,558702,Q2149974,,Cuneiform Tablet BM 048870,"CDLI artifact: tablet; held by British Museum, London, UK; CDLI P558702",,,,,,P558702
no_expected_no_live,558714,Q2168114,,Cuneiform Tablet BM 048970,"CDLI artifact: tablet; held by British Museum, London, UK; CDLI P558714",,,,,,P558714
no_expected_no_live,558738,Q2163569,,Cuneiform Tablet BM 054736 + BM 054744,"CDLI artifact: tablet; held by British Museum, London, UK; CDLI P558738",,,,,,P558738
no_expected_no_live,558743,Q2165397,,Cuneiform Tablet BM 055109,"CDLI artifact: tablet; held by British Museum, London, UK; CDLI P558743",,,,,,P558743
no_expected_no_live,558755,Q2170401,,Cuneiform Tablet BM 055538,"CDLI artifact: tablet; held by British Museum, London, UK; CDLI P558755",,,,,,P558755
no_expected_no_live,558807,Q2164690,,Cuneiform Tablet BM 077616 + BM 077682 + BM 077727,"CDLI artifact: tablet; held by British Museum, London, UK; CDLI P558807",,,,,,P558807
no_expected_no_live,558850,Q2162872,,Cuneiform Tablet BM 099702,"CDLI artifact: tablet; held by British Museum, London, UK; CDLI P558850",,,,,,P558850
no_expected_no_live,558978,Q2169775,,Cuneiform Tablet BM 026019,"CDLI artifact: tablet; from Borsippa (mod. Birs Nimrud); held by British Museum, London, UK; CDLI P558978",,,,,,P558978
no_expected_no_live,559781,Q2167517,,Cuneiform Tablet BM 025634,"CDLI artifact: tablet; from Borsippa (mod. Birs Nimrud); held by British Museum, London, UK; CDLI P559781",,,,,,P559781
no_expected_no_live,559847,Q2170367,,Cuneiform Tablet BM 029175,"CDLI artifact: tablet; from Borsippa (mod. Birs Nimrud); held by British Museum, London, UK; CDLI P559847",,,,,,P559847
no_expected_no_live,559851,Q2165409,,Cuneiform Tablet BM 029230,"CDLI artifact: tablet; from Borsippa (mod. Birs Nimrud); held by British Museum, London, UK; CDLI P559851",,,,,,P559851
no_expected_no_live,559914,Q2166242,,Cuneiform Tablet BM 029794,"CDLI artifact: tablet; from Borsippa (mod. Birs Nimrud); held by British Museum, London, UK; CDLI P559914",,,,,,P559914
no_expected_no_live,561584,Q2165840,,Cuneiform Tablet BM 031275,"CDLI artifact: tablet; held by British Museum, London, UK; CDLI P561584",,,,,,P561584
no_expected_no_live,561592,Q2169977,,Cuneiform Tablet BM 031291,"CDLI artifact: tablet; held by British Museum, London, UK; CDLI P561592",,,,,,P561592
no_expected_no_live,561615,Q2047308,,Cuneiform Tablet BM 031410,"CDLI artifact: tablet; held by British Museum, London, UK; CDLI P561615",,,,,,P561615
no_expected_no_live,561642,Q2166718,,Cuneiform Tablet BM 031537,"CDLI artifact: tablet; held by British Museum, London, UK; CDLI P561642",,,,,,P561642
no_expected_no_live,561750,Q2057720,,Cuneiform Tablet BM 031740,"CDLI artifact: tablet; held by British Museum, London, UK; CDLI P561750",,,,,,P561750
no_expected_no_live,561793,Q2164671,,Cuneiform Tablet BM 031812,"CDLI artifact: tablet; held by British Museum, London, UK; CDLI P561793",,,,,,P561793
no_expected_no_live,561838,Q2166459,,Cuneiform Tablet BM 031934,"CDLI artifact: tablet; held by British Museum, London, UK; CDLI P561838",,,,,,P561838
no_expected_no_live,561843,Q2163441,,Cuneiform Tablet BM 031944,"CDLI artifact: tablet; held by British Museum, London, UK; CDLI P561843",,,,,,P561843
no_expected_no_live,561880,Q2168106,,Cuneiform Tablet BM 032020,"CDLI artifact: tablet; held by British Museum, London, UK; CDLI P561880",,,,,,P561880
no_expected_no_live,561896,Q2150527,,Cuneiform Tablet BM 032050,"CDLI artifact: tablet; held by British Museum, London, UK; CDLI P561896",,,,,,P561896
no_expected_no_live,561992,Q2166215,,Cuneiform Tablet BM 032367+,"CDLI artifact: tablet; held by British Museum, London, UK; CDLI P561992",,,,,,P561992
no_expected_no_live,562039,Q2019649,,"Cuneiform Tablet MSL 11, 067 E","CDLI artifact: tablet; held by British Museum, London, UK; CDLI P562039",,,,,,P562039
no_expected_no_live,562042,Q2162403,,"Cuneiform Tablet MSL 10, 065",CDLI artifact: tablet; CDLI P562042,,,,,,P562042
no_expected_no_live,562081,Q2167162,,Cuneiform Tablet BM 032671,"CDLI artifact: tablet; held by British Museum, London, UK; CDLI P562081",,,,,,P562081
no_expected_no_live,562185,Q2169063,,Cuneiform Tablet BM 032842,"CDLI artifact: tablet; held by British Museum, London, UK; CDLI P562185",,,,,,P562185
no_expected_no_live,562193,Q2047246,,Cuneiform Tablet BM 032915 + BM 032977,"CDLI artifact: tablet; held by British Museum, London, UK; CDLI P562193",,,,,,P562193
no_expected_no_live,562214,Q2170451,,Cuneiform Tablet BM 033043,"CDLI artifact: tablet; held by British Museum, London, UK; CDLI P562214",,,,,,P562214
no_expected_no_live,562243,Q2148394,,Cuneiform Tablet BM 033345,"CDLI artifact: tablet; held by British Museum, London, UK; CDLI P562243",,,,,,P562243
no_expected_no_live,562279,Q2163520,,Cuneiform Tablet BM 033396,"CDLI artifact: tablet; held by British Museum, London, UK; CDLI P562279",,,,,,P562279
no_expected_no_live,562347,Q2166312,,Cuneiform Tablet BM 033584 (+) BM 033636 + BM 033855,"CDLI artifact: tablet; from Babylon (mod. Bābil); held by British Museum, London, UK; CDLI P562347",,,,,,P562347
no_expected_no_live,562412,Q2162520,,Cuneiform Tablet BM 033704,"CDLI artifact: tablet; from Babylon (mod. Bābil); held by British Museum, London, UK; CDLI P562412",,,,,,P562412
no_expected_no_live,562469,Q2044626,,Cuneiform Tablet BM 033897,"CDLI artifact: tablet; from Babylon (mod. Bābil); held by British Museum, London, UK; CDLI P562469",,,,,,P562469
no_expected_no_live,562486,Q2142869,,Cuneiform Tablet BM 034006,"CDLI artifact: tablet; held by British Museum, London, UK; CDLI P562486",,,,,,P562486
no_expected_no_live,562490,Q2169582,,Cuneiform Tablet BM 034011,"CDLI artifact: tablet; held by British Museum, London, UK; CDLI P562490",,,,,,P562490
no_expected_no_live,562500,Q2164121,,Cuneiform Tablet BM 034026,"CDLI artifact: tablet; held by British Museum, London, UK; CDLI P562500",,,,,,P562500
no_expected_no_live,562557,Q2162296,,Cuneiform Tablet BM 034288,"CDLI artifact: tablet; held by British Museum, London, UK; CDLI P562557",,,,,,P562557
no_expected_no_live,562594,Q2166948,,Cuneiform Tablet BM 034382,"CDLI artifact: tablet; held by British Museum, London, UK; CDLI P562594",,,,,,P562594
no_expected_no_live,562605,Q2168056,,Cuneiform Tablet BM 034414,"CDLI artifact: tablet; held by British Museum, London, UK; CDLI P562605",,,,,,P562605
no_expected_no_live,562613,Q2151605,,Cuneiform Tablet BM 034441,"CDLI artifact: tablet; held by British Museum, London, UK; CDLI P562613",,,,,,P562613
no_expected_no_live,562629,Q2163655,,Cuneiform Tablet BM 034474,"CDLI artifact: tablet; held by British Museum, London, UK; CDLI P562629",,,,,,P562629
no_expected_no_live,562644,Q2170310,,Cuneiform Tablet BM 034505,"CDLI artifact: tablet; held by British Museum, London, UK; CDLI P562644",,,,,,P562644
no_expected_no_live,562652,Q2165464,,Cuneiform Tablet BM 034522,"CDLI artifact: tablet; held by British Museum, London, UK; CDLI P562652",,,,,,P562652
no_expected_no_live,562717,Q2166446,,Cuneiform Tablet BM 035256,"CDLI artifact: tablet; held by British Museum, London, UK; CDLI P562717",,,,,,P562717
no_expected_no_live,562740,Q2168266,,Cuneiform Tablet BM 035409,"CDLI artifact: tablet; held by British Museum, London, UK; CDLI P562740",,,,,,P562740
no_expected_no_live,562756,Q2168720,,Cuneiform Tablet BM 035452,"CDLI artifact: tablet; held by British Museum, London, UK; CDLI P562756",,,,,,P562756
no_expected_no_live,562783,Q2163608,,Cuneiform Tablet BM 035588,"CDLI artifact: tablet; held by British Museum, London, UK; CDLI P562783",,,,,,P562783
no_expected_no_live,562828,Q2167482,,Cuneiform Tablet BM 035827,"CDLI artifact: tablet; held by British Museum, London, UK; CDLI P562828",,,,,,P562828
no_expected_no_live,562853,Q2164559,,Cuneiform Tablet BM 035903,"CDLI artifact: tablet; held by British Museum, London, UK; CDLI P562853",,,,,,P562853
no_expected_no_live,562869,Q2169852,,Cuneiform Tablet BM 035952,"CDLI artifact: tablet; held by British Museum, London, UK; CDLI P562869",,,,,,P562869
no_expected_no_live,562886,Q2168792,,Cuneiform Tablet BM 036002,"CDLI artifact: tablet; held by British Museum, London, UK; CDLI P562886",,,,,,P562886
no_expected_no_live,562890,Q2047865,,Cuneiform Tablet BM 036015,"CDLI artifact: tablet; held by British Museum, London, UK; CDLI P562890",,,,,,P562890
no_expected_no_live,562916,Q2164947,,Cuneiform Tablet BM 036113,"CDLI artifact: tablet; held by British Museum, London, UK; CDLI P562916",,,,,,P562916
no_expected_no_live,562941,Q2162654,,Cuneiform Tablet BM 036199,"CDLI artifact: tablet; held by British Museum, London, UK; CDLI P562941",,,,,,P562941
no_expected_no_live,562982,Q2167439,,Cuneiform Tablet BM 036342,"CDLI artifact: tablet; held by British Museum, London, UK; CDLI P562982",,,,,,P562982
no_expected_no_live,563002,Q2157393,,Cuneiform Tablet BM 036374,"CDLI artifact: tablet; held by British Museum, London, UK; CDLI P563002",,,,,,P563002
no_expected_no_live,563038,Q2163924,,Cuneiform Tablet BM 036465,"CDLI artifact: tablet; held by British Museum, London, UK; CDLI P563038",,,,,,P563038
no_expected_no_live,563043,Q2165795,,Cuneiform Tablet BM 036474,"CDLI artifact: tablet; held by British Museum, London, UK; CDLI P563043",,,,,,P563043
no_expected_no_live,563055,Q2170053,,Cuneiform Tablet BM 036496,"CDLI artifact: tablet; held by British Museum, London, UK; CDLI P563055",,,,,,P563055
no_expected_no_live,563106,Q2166142,,Cuneiform Tablet BM 036562,"CDLI artifact: tablet; held by British Museum, London, UK; CDLI P563106",,,,,,P563106
no_expected_no_live,563147,Q2164189,,Cuneiform Tablet BM 036640,"CDLI artifact: tablet; held by British Museum, London, UK; CDLI P563147",,,,,,P563147
no_expected_no_live,563151,Q2168565,,Cuneiform Tablet BM 036670,"CDLI artifact: tablet; held by British Museum, London, UK; CDLI P563151",,,,,,P563151
no_expected_no_live,563192,Q2163886,,Cuneiform Tablet BM 036893,"CDLI artifact: tablet; held by British Museum, London, UK; CDLI P563192",,,,,,P563192
no_expected_no_live,563203,Q2162788,,Cuneiform Tablet BM 036933,"CDLI artifact: tablet; held by British Museum, London, UK; CDLI P563203",,,,,,P563203
no_expected_no_live,563254,Q2164818,,Cuneiform Tablet BM 037224,"CDLI artifact: tablet; held by British Museum, London, UK; CDLI P563254",,,,,,P563254
no_expected_no_live,563278,Q2047654,,Cuneiform Tablet BM 037300,"CDLI artifact: tablet; held by British Museum, London, UK; CDLI P563278",,,,,,P563278
no_expected_no_live,563281,Q2169870,,Cuneiform Tablet BM 037308,"CDLI artifact: tablet; held by British Museum, London, UK; CDLI P563281",,,,,,P563281
no_expected_no_live,563297,Q2048004,,Cuneiform Tablet BM 037371,"CDLI artifact: tablet; held by British Museum, London, UK; CDLI P563297",,,,,,P563297
no_expected_no_live,563311,Q2164396,,Cuneiform Tablet BM 037431,"CDLI artifact: tablet; held by British Museum, London, UK; CDLI P563311",,,,,,P563311
no_expected_no_live,563385,Q2166656,,Cuneiform Tablet BM 037624,"CDLI artifact: tablet; held by British Museum, London, UK; CDLI P563385",,,,,,P563385
no_expected_no_live,563405,Q2170175,,Cuneiform Tablet BM 037666,"CDLI artifact: tablet; held by British Museum, London, UK; CDLI P563405",,,,,,P563405
no_expected_no_live,563413,Q2165661,,Cuneiform Tablet BM 037677,"CDLI artifact: tablet; held by British Museum, London, UK; CDLI P563413",,,,,,P563413
no_expected_no_live,563444,Q2167906,,Cuneiform Tablet BM 037737,"CDLI artifact: tablet; held by British Museum, London, UK; CDLI P563444",,,,,,P563444
no_expected_no_live,563468,Q2163799,,Cuneiform Tablet BM 037767,"CDLI artifact: tablet; held by British Museum, London, UK; CDLI P563468",,,,,,P563468
no_expected_no_live,563487,Q2163114,,Cuneiform Tablet BM 037792,"CDLI artifact: tablet; held by British Museum, London, UK; CDLI P563487",,,,,,P563487
no_expected_no_live,563517,Q2161031,,Cuneiform Tablet BM 037850,"CDLI artifact: tablet; held by British Museum, London, UK; CDLI P563517",,,,,,P563517
no_expected_no_live,563556,Q2166011,,Cuneiform Tablet BM 037913,"CDLI artifact: tablet; held by British Museum, London, UK; CDLI P563556",,,,,,P563556
no_expected_no_live,563604,Q2164970,,Cuneiform Tablet BM 038054,"CDLI artifact: tablet; held by British Museum, London, UK; CDLI P563604",,,,,,P563604
no_expected_no_live,563653,Q2162667,,Cuneiform Tablet BM 038187,"CDLI artifact: tablet; held by British Museum, London, UK; CDLI P563653",,,,,,P563653
no_expected_no_live,563782,Q2047932,,Cuneiform Tablet BM 038388,"CDLI artifact: tablet; held by British Museum, London, UK; CDLI P563782",,,,,,P563782
no_expected_no_live,563794,Q2168785,,Cuneiform Tablet BM 038408,"CDLI artifact: tablet; held by British Museum, London, UK; CDLI P563794",,,,,,P563794
no_expected_no_live,563805,Q2166456,,Cuneiform Tablet BM 038429,"CDLI artifact: tablet; held by British Museum, London, UK; CDLI P563805",,,,,,P563805
no_expected_no_live,563813,Q2170510,,Cuneiform Tablet BM 038445,"CDLI artifact: tablet; held by British Museum, London, UK; CDLI P563813",,,,,,P563813
no_expected_no_live,563844,Q2168722,,Cuneiform Tablet BM 038490,"CDLI artifact: tablet; held by British Museum, London, UK; CDLI P563844",,,,,,P563844
no_expected_no_live,563891,Q2163615,,Cuneiform Tablet BM 038565,"CDLI artifact: tablet; held by British Museum, London, UK; CDLI P563891",,,,,,P563891
no_expected_no_live,563901,Q2151012,,Cuneiform Tablet BM 038575,"CDLI artifact: tablet; from Babylon (mod. Bābil); held by British Museum, London, UK; CDLI P563901",,,,,,P563901
no_expected_no_live,563917,Q2168053,,Cuneiform Tablet BM 038623,"CDLI artifact: tablet; held by British Museum, London, UK; CDLI P563917",,,,,,P563917
no_expected_no_live,563940,Q2165494,,Cuneiform Tablet BM 038663,"CDLI artifact: tablet; held by British Museum, London, UK; CDLI P563940",,,,,,P563940
no_expected_no_live,563956,Q2170306,,Cuneiform Tablet BM 038686,"CDLI artifact: tablet; held by British Museum, London, UK; CDLI P563956",,,,,,P563956
no_expected_no_live,564010,Q2166538,,Cuneiform Tablet BM 038773,"CDLI artifact: tablet; held by British Museum, London, UK; CDLI P564010",,,,,,P564010
no_expected_no_live,564047,Q2047912,,Cuneiform Tablet BM 038832,"CDLI artifact: tablet; held by British Museum, London, UK; CDLI P564047",,,,,,P564047
no_expected_no_live,564051,Q2168772,,Cuneiform Tablet BM 038842,"CDLI artifact: tablet; held by British Museum, London, UK; CDLI P564051",,,,,,P564051
no_expected_no_live,564084,Q2164576,,Cuneiform Tablet BM 038899,"CDLI artifact: tablet; held by British Museum, London, UK; CDLI P564084",,,,,,P564084
no_expected_no_live,564102,Q2063792,,Cuneiform Tablet BM 038926,"CDLI artifact: tablet; held by British Museum, London, UK; CDLI P564102",,,,,,P564102
no_expected_no_live,564114,Q2169734,,Cuneiform Tablet BM 038941,"CDLI artifact: tablet; held by British Museum, London, UK; CDLI P564114",,,,,,P564114
no_expected_no_live,564155,Q2167455,,Cuneiform Tablet BM 039012,"CDLI artifact: tablet; held by British Museum, London, UK; CDLI P564155",,,,,,P564155
no_expected_no_live,564196,Q2162670,,Cuneiform Tablet BM 039073,"CDLI artifact: tablet; held by British Museum, London, UK; CDLI P564196",,,,,,P564196
no_expected_no_live,564207,Q2164060,,Cuneiform Tablet BM 039087,"CDLI artifact: tablet; held by British Museum, London, UK; CDLI P564207",,,,,,P564207
no_expected_no_live,564293,Q2166010,,Cuneiform Tablet BM 039257,"CDLI artifact: tablet; held by British Museum, London, UK; CDLI P564293",,,,,,P564293
no_expected_no_live,564339,Q2166048,,Cuneiform Tablet BM 039328,"CDLI artifact: tablet; held by British Museum, London, UK; CDLI P564339",,,,,,P564339
no_expected_no_live,564342,Q2163107,,Cuneiform Tablet BM 039333,"CDLI artifact: tablet; held by British Museum, London, UK; CDLI P564342",,,,,,P564342
no_expected_no_live,564378,Q2163116,,Cuneiform Tablet BM 039389,"CDLI artifact: tablet; held by British Museum, London, UK; CDLI P564378",,,,,,P564378
no_expected_no_live,564381,Q2167917,,Cuneiform Tablet BM 039393,"CDLI artifact: tablet; held by British Museum, London, UK; CDLI P564381",,,,,,P564381
no_expected_no_live,564397,Q2153999,,Cuneiform Tablet BM 039416,"CDLI artifact: tablet; held by British Museum, London, UK; CDLI P564397",,,,,,P564397
no_expected_no_live,564401,Q2168939,,Cuneiform Tablet BM 039420,"CDLI artifact: tablet; held by British Museum, London, UK; CDLI P564401",,,,,,P564401
no_expected_no_live,564417,Q2047539,,Cuneiform Tablet BM 039449,"CDLI artifact: tablet; held by British Museum, London, UK; CDLI P564417",,,,,,P564417
no_expected_no_live,564440,Q2166665,,Cuneiform Tablet BM 039485,"CDLI artifact: tablet; held by British Museum, London, UK; CDLI P564440",,,,,,P564440
no_expected_no_live,564505,Q2167584,,Cuneiform Tablet BM 039587,"CDLI artifact: tablet; held by British Museum, London, UK; CDLI P564505",,,,,,P564505
no_expected_no_live,564544,Q2169889,,Cuneiform Tablet BM 039658,"CDLI artifact: tablet; held by British Museum, London, UK; CDLI P564544",,,,,,P564544
no_expected_no_live,564552,Q2048036,,Cuneiform Tablet BM 039668,"CDLI artifact: tablet; held by British Museum, London, UK; CDLI P564552",,,,,,P564552
no_expected_no_live,564591,Q2164767,,Cuneiform Tablet BM 039740,"CDLI artifact: tablet; held by British Museum, London, UK; CDLI P564591",,,,,,P564591
no_expected_no_live,564657,Q2163892,,Cuneiform Tablet BM 039862,"CDLI artifact: tablet; held by British Museum, London, UK; CDLI P564657",,,,,,P564657
no_expected_no_live,564682,Q2163925,,Cuneiform Tablet BM 039900,"CDLI artifact: tablet; held by British Museum, London, UK; CDLI P564682",,,,,,P564682
no_expected_no_live,564694,Q2168554,,Cuneiform Tablet BM 039916,"CDLI artifact: tablet; held by British Museum, London, UK; CDLI P564694",,,,,,P564694
no_expected_no_live,564712,Q2162950,,Cuneiform Tablet BM 039935,"CDLI artifact: tablet; held by British Museum, London, UK; CDLI P564712",,,,,,P564712
no_expected_no_live,564728,Q2160509,,Cuneiform Tablet BM 039953,"CDLI artifact: tablet; held by British Museum, London, UK; CDLI P564728",,,,,,P564728
no_expected_no_live,564769,Q2165895,,Cuneiform Tablet BM 039996,"CDLI artifact: tablet; held by British Museum, London, UK; CDLI P564769",,,,,,P564769
no_expected_no_live,564786,Q2165782,,Cuneiform Tablet BM 040014,"CDLI artifact: tablet; held by British Museum, London, UK; CDLI P564786",,,,,,P564786
no_expected_no_live,564790,Q2170039,,Cuneiform Tablet BM 040020,"CDLI artifact: tablet; held by British Museum, London, UK; CDLI P564790",,,,,,P564790
no_expected_no_live,564801,Q2146432,,Cuneiform Tablet BM 040036,"CDLI artifact: tablet; held by British Museum, London, UK; CDLI P564801",,,,,,P564801
no_expected_no_live,564817,Q2169444,,Cuneiform Tablet BM 040363,"CDLI artifact: tablet; held by British Museum, London, UK; CDLI P564817",,,,,,P564817
no_expected_no_live,564856,Q2167150,,Cuneiform Tablet BM 041284,"CDLI artifact: tablet; from Babylon (mod. Bābil); held by British Museum, London, UK; CDLI P564856",,,,,,P564856
no_expected_no_live,564895,Q2162382,,Cuneiform Tablet BM 043953,"CDLI artifact: tablet; held by British Museum, London, UK; CDLI P564895",,,,,,P564895
no_expected_no_live,564913,Q2166804,,Cuneiform Tablet BM 044864,"CDLI artifact: tablet; held by British Museum, London, UK; CDLI P564913",,,,,,P564913
no_expected_no_live,564944,Q2047204,,Cuneiform Tablet BM 046814,"CDLI artifact: tablet; held by British Museum, London, UK; CDLI P564944",,,,,,P564944
no_expected_no_live,564952,Q2169085,,Cuneiform Tablet BM 046896,"CDLI artifact: tablet; held by British Museum, London, UK; CDLI P564952",,,,,,P564952
no_expected_no_live,564968,Q2164974,,Cuneiform Tablet BM 047502,"CDLI artifact: tablet; held by British Museum, London, UK; CDLI P564968",,,,,,P564968
no_expected_no_live,564987,Q2164252,,Cuneiform Tablet BM 047877,"CDLI artifact: tablet; held by British Museum, London, UK; CDLI P564987",,,,,,P564987
no_expected_no_live,565046,Q2163600,,Cuneiform Tablet BM 048823,"CDLI artifact: tablet; held by British Museum, London, UK; CDLI P565046",,,,,,P565046
no_expected_no_live,565085,Q2168277,,"Cuneiform Tablet MSL 5, 89","CDLI artifact: tablet; from Babylon (mod. Bābil); held by British Museum, London, UK; CDLI P565085",,,,,,P565085
no_expected_no_live,565093,Q2168727,,"Cuneiform Tablet MSL 5, 7","CDLI artifact: tablet; held by British Museum, London, UK; CDLI P565093",,,,,,P565093
no_expected_no_live,565103,Q2163237,,Cuneiform Tablet BM 036597,"CDLI artifact: tablet; held by British Museum, London, UK; CDLI P565103",,,,,,P565103
no_expected_no_live,565139,Q2166006,,Cuneiform Tablet BM 038695,"CDLI artifact: tablet; held by British Museum, London, UK; CDLI P565139",,,,,,P565139
no_expected_no_live,565787,Q2162396,,Cuneiform Tablet BM 032357,"CDLI artifact: tablet; held by British Museum, London, UK; CDLI P565787",,,,,,P565787
no_expected_no_live,565800,Q2162974,,Cuneiform Tablet BM 033405,"CDLI artifact: tablet; held by British Museum, London, UK; CDLI P565800",,,,,,P565800
no_expected_no_live,565882,Q2170029,,Cuneiform Tablet BM 046032,"CDLI artifact: tablet; from Babylon (mod. Bābil); held by British Museum, London, UK; CDLI P565882",,,,,,P565882
no_expected_no_live,565894,Q2165819,,Cuneiform Tablet BM 047793,"CDLI artifact: tablet; held by British Museum, London, UK; CDLI P565894",,,,,,P565894
no_expected_no_live,565928,Q2170139,,Cuneiform Tablet BM 039184,"CDLI artifact: tablet; held by British Museum, London, UK; CDLI P565928",,,,,,P565928
no_expected_no_live,565945,Q2163900,,Cuneiform Tablet BM 040630,"CDLI artifact: tablet; from Babylon (mod. Bābil); held by British Museum, London, UK; CDLI P565945",,,,,,P565945
no_expected_no_live,565969,Q2167791,,"Cuneiform Tablet Fs Lambert 196-197, text 40 A","CDLI artifact: tablet; from Sippar-Yahrurum (mod. Tell Abu Habbah); held by British Museum, London, UK; CDLI P565969",,,,,,P565969
no_expected_no_live,565986,Q897011,,Cuneiform Tablet BM 045727,"CDLI artifact: tablet; from Babylon (mod. Bābil); held by British Museum, London, UK; CDLI P565986",,,,,,P565986
no_expected_no_live,565990,Q2163858,,Cuneiform Tablet BM 046297 + BM 046328,"CDLI artifact: tablet; held by British Museum, London, UK; CDLI P565990",,,,,,P565990
no_expected_no_live,566001,Q2162847,,Cuneiform Tablet BM 047054,"CDLI artifact: tablet; held by British Museum, London, UK; CDLI P566001",,,,,,P566001
no_expected_no_live,566056,Q2164676,,"Cuneiform Tablet Fs Lambert 193, text 36 A","CDLI artifact: tablet; from Sippar-Yahrurum (mod. Tell Abu Habbah); held by British Museum, London, UK; CDLI P566056",,,,,,P566056
no_expected_no_live,566083,Q2169829,,Cuneiform Tablet BM 036623,"CDLI artifact: tablet; held by British Museum, London, UK; CDLI P566083",,,,,,P566083
no_expected_no_live,566095,Q2048104,,Cuneiform Tablet BM 036935,"CDLI artifact: tablet; held by British Museum, London, UK; CDLI P566095",,,,,,P566095
no_expected_no_live,566113,Q2164463,,Cuneiform Tablet BM 037248,"CDLI artifact: tablet; held by British Museum, London, UK; CDLI P566113",,,,,,P566113
no_expected_no_live,566129,Q2169717,,Cuneiform Tablet BM 037303,"CDLI artifact: tablet; held by British Museum, London, UK; CDLI P566129",,,,,,P566129
no_expected_no_live,566168,Q2167475,,Cuneiform Tablet BM 037634,"CDLI artifact: tablet; held by British Museum, London, UK; CDLI P566168",,,,,,P566168
no_expected_no_live,566187,Q2166706,,Cuneiform Tablet BM 037778,"CDLI artifact: tablet; held by British Museum, London, UK; CDLI P566187",,,,,,P566187
no_expected_no_live,566200,Q2159058,,Cuneiform Tablet BM 037869,"CDLI artifact: tablet; held by British Museum, London, UK; CDLI P566200",,,,,,P566200
no_expected_no_live,566216,Q2167649,,Cuneiform Tablet BM 037955,"CDLI artifact: tablet; held by British Museum, London, UK; CDLI P566216",,,,,,P566216
no_expected_no_live,566241,Q2165841,,Cuneiform Tablet BM 038056,"CDLI artifact: tablet; held by British Museum, London, UK; CDLI P566241",,,,,,P566241
no_expected_no_live,566257,Q2169981,,Cuneiform Tablet BM 038542,"CDLI artifact: tablet; held by British Museum, London, UK; CDLI P566257",,,,,,P566257
no_expected_no_live,566304,Q2166038,,"Cuneiform Tablet Fs Lambert 164, text 11 A","CDLI artifact: tablet; from Sippar-Yahrurum (mod. Tell Abu Habbah); held by British Museum, London, UK; CDLI P566304",,,,,,P566304
no_expected_no_live,566345,Q2163398,,Cuneiform Tablet BM 045675,"CDLI artifact: tablet; from Babylon (mod. Bābil); held by British Museum, London, UK; CDLI P566345",,,,,,P566345
no_expected_no_live,566353,Q1362575,,Cuneiform Tablet BM 045720,"CDLI artifact: tablet; from Babylon (mod. Bābil); held by British Museum, London, UK; CDLI P566353",,,,,,P566353
no_expected_no_live,566390,Q2163792,,Cuneiform Tablet BM 046036,"CDLI artifact: tablet; from Babylon (mod. Bābil); held by British Museum, London, UK; CDLI P566390",,,,,,P566390
no_expected_no_live,566406,Q2164853,,"Cuneiform Tablet Sachs, PTRSL A.276, 49, fig 14","CDLI artifact: tablet; from Babylon (mod. Bābil); held by British Museum, London, UK; CDLI P566406",,,,,,P566406
no_expected_no_live,566538,Q2167603,,Cuneiform Artifact BM 034179,"CDLI artifact: cylinder; held by British Museum, London, UK; CDLI P566538",,,,,,P566538
no_expected_no_live,566543,Q2164584,,Cuneiform Artifact BM 034268,"CDLI artifact: cylinder; held by British Museum, London, UK; CDLI P566543",,,,,,P566543
no_expected_no_live,566579,Q2169878,,Cuneiform Tablet BM 034874,"CDLI artifact: tablet; held by British Museum, London, UK; CDLI P566579",,,,,,P566579
no_expected_no_live,566580,Q2047642,,Cuneiform Tablet BM 034974,"CDLI artifact: tablet; held by British Museum, London, UK; CDLI P566580",,,,,,P566580
no_expected_no_live,566607,Q2170154,,"Cuneiform Tablet AfO 42/43. 54-55, no. 4b","CDLI artifact: tablet; held by British Museum, London, UK; CDLI P566607",,,,,,P566607
no_expected_no_live,566650,Q2156731,,"Cuneiform Artifact Cuneiform in Canaan, Megiddo 03",CDLI artifact: seal (not impression); from uncertain (mod. Megiddo); CDLI P566650,,,,,,P566650
no_expected_no_live,566685,Q2163129,,Cuneiform Tablet BM 040815,"CDLI artifact: tablet; from Babylon (mod. Bābil); held by British Museum, London, UK; CDLI P566685",,,,,,P566685
no_expected_no_live,566715,Q2160873,,Cuneiform Tablet BM 040514,"CDLI artifact: tablet; from Babylon (mod. Bābil); held by British Museum, London, UK; CDLI P566715",,,,,,P566715
no_expected_no_live,566810,Q2164142,,Cuneiform Tablet BM 040729,"CDLI artifact: tablet; from Babylon (mod. Bābil); held by British Museum, London, UK; CDLI P566810",,,,,,P566810
no_expected_no_live,566847,Q2162193,,Cuneiform Tablet BM 040796,"CDLI artifact: tablet; from Babylon (mod. Bābil); held by British Museum, London, UK; CDLI P566847",,,,,,P566847
no_expected_no_live,566955,Q2164996,,Cuneiform Tablet BM 040916,"CDLI artifact: tablet; from Babylon (mod. Bābil); held by British Museum, London, UK; CDLI P566955",,,,,,P566955
no_expected_no_live,566979,Q2047240,,Cuneiform Tablet BM 040967,"CDLI artifact: tablet; from Babylon (mod. Bābil); held by British Museum, London, UK; CDLI P566979",,,,,,P566979
no_expected_no_live,566980,Q2169532,,Cuneiform Tablet BM 040968,"CDLI artifact: tablet; from Babylon (mod. Bābil); held by British Museum, London, UK; CDLI P566980",,,,,,P566980
no_expected_no_live,566996,Q2143236,,Cuneiform Tablet BM 041000,"CDLI artifact: tablet; from Babylon (mod. Bābil); held by British Museum, London, UK; CDLI P566996",,,,,,P566996
no_expected_no_live,567000,Q2165355,,Cuneiform Tablet BM 041015,"CDLI artifact: tablet; from Babylon (mod. Bābil); held by British Museum, London, UK; CDLI P567000",,,,,,P567000
no_expected_no_live,567016,Q2170438,,Cuneiform Tablet BM 041061,"CDLI artifact: tablet; from Babylon (mod. Bābil); held by British Museum, London, UK; CDLI P567016",,,,,,P567016
no_expected_no_live,567041,Q2150804,,Cuneiform Tablet BM 041152,"CDLI artifact: tablet; from Babylon (mod. Bābil); held by British Museum, London, UK; CDLI P567041",,,,,,P567041
no_expected_no_live,567057,Q2168075,,Cuneiform Tablet BM 041214,"CDLI artifact: tablet; held by British Museum, London, UK; CDLI P567057",,,,,,P567057
no_expected_no_live,567094,Q2163414,,Cuneiform Tablet BM 041265,"CDLI artifact: tablet; held by British Museum, London, UK; CDLI P567094",,,,,,P567094
no_expected_no_live,567104,Q2165849,,Cuneiform Tablet BM 041292,"CDLI artifact: tablet; held by British Museum, London, UK; CDLI P567104",,,,,,P567104
no_expected_no_live,567112,Q2168435,,Cuneiform Tablet BM 041312,"CDLI artifact: tablet; held by British Museum, London, UK; CDLI P567112",,,,,,P567112
no_expected_no_live,567145,Q2166195,,Cuneiform Tablet BM 041367,"CDLI artifact: tablet; held by British Museum, London, UK; CDLI P567145",,,,,,P567145
no_expected_no_live,567217,Q2165133,,Cuneiform Tablet BM 030566,"CDLI artifact: tablet; held by British Museum, London, UK; CDLI P567217",,,,,,P567217
no_expected_no_live,567352,Q2164304,,"Cuneiform Tablet Iraq 59, 157, no. 13","CDLI artifact: tablet; from Uruk (mod. Warka); held by Birmingham Museums and Art Gallery, Birmingham, UK; CDLI P567352",,,,,,P567352
no_expected_no_live,567368,Q2169592,,"Cuneiform Tablet Iraq 59, 160, no. 29","CDLI artifact: tablet; from Uruk (mod. Warka); held by Birmingham Museums and Art Gallery, Birmingham, UK; CDLI P567368",,,,,,P567368
no_expected_no_live,567387,Q2169179,,"Cuneiform Tablet Iraq 59, 172, no. 51","CDLI artifact: tablet; from Babylon (mod. Bābil); held by Birmingham Museums and Art Gallery, Birmingham, UK; CDLI P567387",,,,,,P567387
no_expected_no_live,567391,Q2031629,,"Cuneiform Tablet Iraq 59, 173, no. 55","CDLI artifact: tablet; from Borsippa (mod. Birs Nimrud); held by Birmingham Museums and Art Gallery, Birmingham, UK; CDLI P567391",,,,,,P567391
no_expected_no_live,567450,Q2165524,,Cuneiform Tablet BM 043873,"CDLI artifact: tablet; held by British Museum, London, UK; CDLI P567450",,,,,,P567450
no_expected_no_live,567503,Q2170624,,Cuneiform Tablet FM 156007,"CDLI artifact: tablet; from Babylon (mod. Bābil); held by Field Museum of Natural History, Chicago, Illinois, USA; CDLI P567503",,,,,,P567503
no_expected_no_live,567515,Q2166361,,Cuneiform Tablet BM 042476,"CDLI artifact: tablet; from Kutha (mod. Tell Ibrahim); held by British Museum, London, UK; CDLI P567515",,,,,,P567515
no_expected_no_live,567542,Q2168316,,Cuneiform Tablet VAT 13160,"CDLI artifact: tablet; from Babylon (mod. Bābil); held by Vorderasiatisches Museum, Berlin, Germany; CDLI P567542",,,,,,P567542
no_expected_no_live,567554,Q2168290,,Cuneiform Tablet VAT 13381,"CDLI artifact: tablet; from Babylon (mod. Bābil); held by Vorderasiatisches Museum, Berlin, Germany; CDLI P567554",,,,,,P567554
no_expected_no_live,567610,Q2162566,,Cuneiform Tablet BM 040146,"CDLI artifact: tablet; held by British Museum, London, UK; CDLI P567610",,,,,,P567610
no_expected_no_live,567647,Q2165004,,Cuneiform Tablet BM 040212,"CDLI artifact: tablet; held by British Museum, London, UK; CDLI P567647",,,,,,P567647
no_expected_no_live,567684,Q2143679,,Cuneiform Tablet BM 040265,"CDLI artifact: tablet; held by British Museum, London, UK; CDLI P567684",,,,,,P567684
no_expected_no_live,567702,Q2164158,,Cuneiform Tablet BM 040290,"CDLI artifact: tablet; held by British Museum, London, UK; CDLI P567702",,,,,,P567702
no_expected_no_live,567738,Q2169426,,Cuneiform Tablet BM 040358,"CDLI artifact: tablet; held by British Museum, London, UK; CDLI P567738",,,,,,P567738
no_expected_no_live,567755,Q2162212,,Cuneiform Tablet BM 040383,"CDLI artifact: tablet; held by British Museum, London, UK; CDLI P567755",,,,,,P567755
no_expected_no_live,567779,Q2167174,,Cuneiform Tablet BM 040416,"CDLI artifact: tablet; held by British Museum, London, UK; CDLI P567779",,,,,,P567779
no_expected_no_live,567796,Q2167003,,Cuneiform Tablet BM 040439,"CDLI artifact: tablet; held by British Museum, London, UK; CDLI P567796",,,,,,P567796
no_expected_no_live,567807,Q2160313,,Cuneiform Tablet BM 040452,"CDLI artifact: tablet; held by British Museum, London, UK; CDLI P567807",,,,,,P567807
no_expected_no_live,567811,Q2013243,,Cuneiform Tablet BM 040456,"CDLI artifact: tablet; held by British Museum, London, UK; CDLI P567811",,,,,,P567811
no_expected_no_live,567846,Q2165910,,Cuneiform Tablet BM 041078,"CDLI artifact: tablet; held by British Museum, London, UK; CDLI P567846",,,,,,P567846
no_expected_no_live,567903,Q2165687,,Cuneiform Tablet BM 041606,"CDLI artifact: tablet; held by British Museum, London, UK; CDLI P567903",,,,,,P567903
no_expected_no_live,567915,Q2170130,,Cuneiform Tablet BM 041675,"CDLI artifact: tablet; held by British Museum, London, UK; CDLI P567915",,,,,,P567915
no_expected_no_live,567942,Q2156602,,Cuneiform Tablet BM 041727,"CDLI artifact: tablet; held by British Museum, London, UK; CDLI P567942",,,,,,P567942
no_expected_no_live,567954,Q2167807,,Cuneiform Tablet BM 041739,"CDLI artifact: tablet; held by British Museum, London, UK; CDLI P567954",,,,,,P567954
no_expected_no_live,567978,Q2163918,,Cuneiform Tablet BM 041773,"CDLI artifact: tablet; held by British Museum, London, UK; CDLI P567978",,,,,,P567978
no_expected_no_live,567997,Q2163137,,Cuneiform Tablet BM 041795,"CDLI artifact: tablet; held by British Museum, London, UK; CDLI P567997",,,,,,P567997
no_expected_no_live,568033,Q2166903,,Cuneiform Tablet BM 041886,"CDLI artifact: tablet; held by British Museum, London, UK; CDLI P568033",,,,,,P568033
no_expected_no_live,568048,Q2165072,,Cuneiform Tablet BM 041977,"CDLI artifact: tablet; held by British Museum, London, UK; CDLI P568048",,,,,,P568048
no_expected_no_live,568064,Q2047070,,Cuneiform Tablet BM 042019,"CDLI artifact: tablet; held by British Museum, London, UK; CDLI P568064",,,,,,P568064
no_expected_no_live,568072,Q2169129,,Cuneiform Tablet BM 042050,"CDLI artifact: tablet; held by British Museum, London, UK; CDLI P568072",,,,,,P568072
no_expected_no_live,568121,Q2148178,,Cuneiform Tablet BM 042189,"CDLI artifact: tablet; held by British Museum, London, UK; CDLI P568121",,,,,,P568121
no_expected_no_live,568176,Q2167101,,Cuneiform Tablet BM 042377,"CDLI artifact: tablet; held by British Museum, London, UK; CDLI P568176",,,,,,P568176
no_expected_no_live,568199,Q2166936,,Cuneiform Tablet BM 042463,"CDLI artifact: tablet; held by British Museum, London, UK; CDLI P568199",,,,,,P568199
no_expected_no_live,568224,Q2163703,,Cuneiform Tablet BM 042538,"CDLI artifact: tablet; held by British Museum, London, UK; CDLI P568224",,,,,,P568224
no_expected_no_live,568249,Q2170329,,Cuneiform Tablet BM 042660,"CDLI artifact: tablet; held by British Museum, London, UK; CDLI P568249",,,,,,P568249
no_expected_no_live,568418,Q2165207,,Cuneiform Tablet BM 049266,"CDLI artifact: tablet; from Sippar-Yahrurum (mod. Tell Abu Habbah); held by British Museum, London, UK; CDLI P568418",,,,,,P568418
no_expected_no_live,568422,Q2169304,,Cuneiform Tablet BM 049270,"CDLI artifact: tablet; from Sippar-Yahrurum (mod. Tell Abu Habbah); held by British Museum, London, UK; CDLI P568422",,,,,,P568422
no_expected_no_live,568463,Q2167014,,Cuneiform Tablet BM 049312,"CDLI artifact: tablet; held by British Museum, London, UK; CDLI P568463",,,,,,P568463
no_expected_no_live,568526,Q2167223,,Cuneiform Tablet BM 049380,"CDLI artifact: tablet; from Sippar-Yahrurum (mod. Tell Abu Habbah); held by British Museum, London, UK; CDLI P568526",,,,,,P568526
no_expected_no_live,568588,Q2169127,,Cuneiform Tablet BM 049445,"CDLI artifact: tablet; from Sippar-Yahrurum (mod. Tell Abu Habbah); held by British Museum, London, UK; CDLI P568588",,,,,,P568588
no_expected_no_live,568619,Q2170495,,Cuneiform Tablet BM 043109 + BM 043118,"CDLI artifact: tablet; held by British Museum, London, UK; CDLI P568619",,,,,,P568619
no_expected_no_live,568658,Q2168160,,Cuneiform Tablet BM 043184,"CDLI artifact: tablet; held by British Museum, London, UK; CDLI P568658",,,,,,P568658
no_expected_no_live,568674,Q2163537,,Cuneiform Tablet BM 043207,"CDLI artifact: tablet; held by British Museum, London, UK; CDLI P568674",,,,,,P568674
no_expected_no_live,568731,Q2163315,,Cuneiform Tablet BM 043335,"CDLI artifact: tablet; held by British Museum, London, UK; CDLI P568731",,,,,,P568731
no_expected_no_live,568822,Q2063898,,Cuneiform Tablet BM 043552,"CDLI artifact: tablet; held by British Museum, London, UK; CDLI P568822",,,,,,P568822
no_expected_no_live,568834,Q2169662,,Cuneiform Tablet BM 043583,"CDLI artifact: tablet; held by British Museum, London, UK; CDLI P568834",,,,,,P568834
no_expected_no_live,568875,Q2167367,,Cuneiform Tablet BM 043657,"CDLI artifact: tablet; from Sippar-Yahrurum (mod. Tell Abu Habbah); held by British Museum, London, UK; CDLI P568875",,,,,,P568875
no_expected_no_live,568930,Q2166596,,Cuneiform Tablet BM 043777,"CDLI artifact: tablet; held by British Museum, London, UK; CDLI P568930",,,,,,P568930
no_expected_no_live,568967,Q2047692,,Cuneiform Tablet BM 043853,"CDLI artifact: tablet; held by British Museum, London, UK; CDLI P568967",,,,,,P568967
no_expected_no_live,568971,Q2168853,,Cuneiform Tablet BM 043860,"CDLI artifact: tablet; held by British Museum, London, UK; CDLI P568971",,,,,,P568971
no_expected_no_live,569008,Q2170213,,Cuneiform Tablet BM 043923,"CDLI artifact: tablet; held by British Museum, London, UK; CDLI P569008",,,,,,P569008
no_expected_no_live,569049,Q2167851,,Cuneiform Tablet BM 043976,"CDLI artifact: tablet; held by British Museum, London, UK; CDLI P569049",,,,,,P569049
no_expected_no_live,569065,Q2163817,,Cuneiform Tablet BM 043996,"CDLI artifact: tablet; held by British Museum, London, UK; CDLI P569065",,,,,,P569065
no_expected_no_live,569120,Q2163024,,Cuneiform Tablet BM 044073,"CDLI artifact: tablet; held by British Museum, London, UK; CDLI P569120",,,,,,P569120
no_expected_no_live,569209,Q2164925,,Cuneiform Tablet BM 044198,"CDLI artifact: tablet; held by British Museum, London, UK; CDLI P569209",,,,,,P569209
no_expected_no_live,569225,Q2047393,,Cuneiform Tablet BM 044225,"CDLI artifact: tablet; held by British Museum, London, UK; CDLI P569225",,,,,,P569225
no_expected_no_live,569233,Q2169027,,Cuneiform Tablet BM 044235,"CDLI artifact: tablet; held by British Museum, London, UK; CDLI P569233",,,,,,P569233
no_expected_no_live,569272,Q2166729,,Cuneiform Tablet BM 044286,"CDLI artifact: tablet; held by British Museum, London, UK; CDLI P569272",,,,,,P569272
no_expected_no_live,569337,Q2167508,,Cuneiform Tablet BM 044357,"CDLI artifact: tablet; held by British Museum, London, UK; CDLI P569337",,,,,,P569337
no_expected_no_live,569360,Q2063549,,Cuneiform Tablet BM 044382,"CDLI artifact: tablet; held by British Museum, London, UK; CDLI P569360",,,,,,P569360
no_expected_no_live,569419,Q2167716,,Cuneiform Tablet BM 044458,"CDLI artifact: tablet; held by British Museum, London, UK; CDLI P569419",,,,,,P569419
no_expected_no_live,569435,Q2163972,,Cuneiform Tablet BM 044475,"CDLI artifact: tablet; held by British Museum, London, UK; CDLI P569435",,,,,,P569435
no_expected_no_live,569458,Q2170066,,Cuneiform Tablet BM 044501,"CDLI artifact: tablet; held by British Museum, London, UK; CDLI P569458",,,,,,P569458
no_expected_no_live,569570,Q2163186,,Cuneiform Tablet BM 044626,"CDLI artifact: tablet; held by British Museum, London, UK; CDLI P569570",,,,,,P569570
no_expected_no_live,569622,Q2166608,,Cuneiform Tablet BM 044681,"CDLI artifact: tablet; held by British Museum, London, UK; CDLI P569622",,,,,,P569622
no_expected_no_live,569659,Q2164755,,Cuneiform Tablet BM 044719,"CDLI artifact: tablet; held by British Museum, London, UK; CDLI P569659",,,,,,P569659
no_expected_no_live,569663,Q2168855,,Cuneiform Tablet BM 044723,"CDLI artifact: tablet; held by British Museum, London, UK; CDLI P569663",,,,,,P569663
no_expected_no_live,569675,Q2047758,,Cuneiform Tablet BM 044735,"CDLI artifact: tablet; held by British Museum, London, UK; CDLI P569675",,,,,,P569675
no_expected_no_live,569726,Q2169635,,Cuneiform Tablet BM 044794,"CDLI artifact: tablet; held by British Museum, London, UK; CDLI P569726",,,,,,P569726
no_expected_no_live,569730,Q2063900,,Cuneiform Tablet BM 044798,"CDLI artifact: tablet; held by British Museum, London, UK; CDLI P569730",,,,,,P569730
no_expected_no_live,569767,Q2167397,,Cuneiform Tablet BM 044838,"CDLI artifact: tablet; held by British Museum, London, UK; CDLI P569767",,,,,,P569767
no_expected_no_live,569788,Q2166639,,Cuneiform Tablet BM 044860,"CDLI artifact: tablet; held by British Museum, London, UK; CDLI P569788",,,,,,P569788
no_expected_no_live,569819,Q2166993,,Cuneiform Tablet BM 044899,"CDLI artifact: tablet; held by British Museum, London, UK; CDLI P569819",,,,,,P569819
no_expected_no_live,569823,Q2163339,,Cuneiform Tablet BM 044903,"CDLI artifact: tablet; held by British Museum, London, UK; CDLI P569823",,,,,,P569823
no_expected_no_live,569858,Q2166265,,Cuneiform Tablet BM 044941,"CDLI artifact: tablet; held by British Museum, London, UK; CDLI P569858",,,,,,P569858
no_expected_no_live,569966,Q2163550,,Cuneiform Tablet BM 045053,"CDLI artifact: tablet; held by British Museum, London, UK; CDLI P569966",,,,,,P569966
no_expected_no_live,569989,Q2163371,,Cuneiform Tablet BM 045077,"CDLI artifact: tablet; held by British Museum, London, UK; CDLI P569989",,,,,,P569989
no_expected_no_live,570004,Q2047480,,Cuneiform Tablet BM 045095,"CDLI artifact: tablet; held by British Museum, London, UK; CDLI P570004",,,,,,P570004
no_expected_no_live,570012,Q2168986,,Cuneiform Tablet BM 045104,"CDLI artifact: tablet; held by British Museum, London, UK; CDLI P570012",,,,,,P570012
no_expected_no_live,570028,Q2164890,,Cuneiform Tablet BM 045122,"CDLI artifact: tablet; held by British Museum, London, UK; CDLI P570028",,,,,,P570028
no_expected_no_live,570053,Q2166624,,Cuneiform Tablet BM 045148,"CDLI artifact: tablet; held by British Museum, London, UK; CDLI P570053",,,,,,P570053
no_expected_no_live,570116,Q2167550,,Cuneiform Tablet BM 045217,"CDLI artifact: tablet; held by British Museum, London, UK; CDLI P570116",,,,,,P570116
no_expected_no_live,570141,Q2047951,,Cuneiform Tablet BM 045248,"CDLI artifact: tablet; held by British Museum, London, UK; CDLI P570141",,,,,,P570141
no_expected_no_live,570157,Q2169932,,Cuneiform Tablet BM 045265,"CDLI artifact: tablet; held by British Museum, London, UK; CDLI P570157",,,,,,P570157
no_expected_no_live,570182,Q2164737,,Cuneiform Tablet BM 045292,"CDLI artifact: tablet; held by British Museum, London, UK; CDLI P570182",,,,,,P570182
no_expected_no_live,570229,Q2170123,,Cuneiform Tablet BM 045340,"CDLI artifact: tablet; held by British Museum, London, UK; CDLI P570229",,,,,,P570229
no_expected_no_live,570244,Q2163854,,Cuneiform Tablet BM 045358,"CDLI artifact: tablet; held by British Museum, London, UK; CDLI P570244",,,,,,P570244
no_expected_no_live,570287,Q2168526,,Cuneiform Tablet BM 045445,"CDLI artifact: tablet; held by British Museum, London, UK; CDLI P570287",,,,,,P570287
no_expected_no_live,570291,Q2164875,,Cuneiform Tablet BM 045452,"CDLI artifact: tablet; held by British Museum, London, UK; CDLI P570291",,,,,,P570291
no_expected_no_live,570301,Q2162919,,Cuneiform Tablet BM 045466,"CDLI artifact: tablet; held by British Museum, London, UK; CDLI P570301",,,,,,P570301
no_expected_no_live,570383,Q2170089,,Cuneiform Artifact BM 045596,"CDLI artifact: sealing; held by British Museum, London, UK; CDLI P570383",,,,,,P570383
no_expected_no_live,570395,Q2165761,,Cuneiform Tablet BM 046313 + BM 046514,"CDLI artifact: tablet; held by British Museum, London, UK; CDLI P570395",,,,,,P570395
no_expected_no_live,570403,Q2166491,,Cuneiform Tablet BM 046338+,"CDLI artifact: tablet; held by British Museum, London, UK; CDLI P570403",,,,,,P570403
no_expected_no_live,570442,Q2168818,,Cuneiform Tablet BM 046456,"CDLI artifact: tablet; held by British Museum, London, UK; CDLI P570442",,,,,,P570442
no_expected_no_live,570454,Q2047840,,Cuneiform Tablet BM 046503,"CDLI artifact: tablet; held by British Museum, London, UK; CDLI P570454",,,,,,P570454
no_expected_no_live,570478,Q2164718,,Cuneiform Tablet BM 046593,"CDLI artifact: tablet; held by British Museum, London, UK; CDLI P570478",,,,,,P570478
no_expected_no_live,570585,Q2162627,,Cuneiform Tablet BM 046757,"CDLI artifact: tablet; from Babylon (mod. Bābil); held by British Museum, London, UK; CDLI P570585",,,,,,P570585
no_expected_no_live,570614,Q2164005,,Cuneiform Tablet BM 046809,"CDLI artifact: tablet; held by British Museum, London, UK; CDLI P570614",,,,,,P570614
no_expected_no_live,570638,Q2167679,,Cuneiform Tablet BM 046855,"CDLI artifact: tablet; held by British Museum, London, UK; CDLI P570638",,,,,,P570638
no_expected_no_live,570680,Q2165967,,Cuneiform Tablet BM 046922,"CDLI artifact: tablet; held by British Museum, London, UK; CDLI P570680",,,,,,P570680
no_expected_no_live,570751,Q2163081,,Cuneiform Tablet BM 047044,"CDLI artifact: tablet; held by British Museum, London, UK; CDLI P570751",,,,,,P570751
no_expected_no_live,570784,Q2154606,,Cuneiform Tablet BM 047093,"CDLI artifact: tablet; held by British Museum, London, UK; CDLI P570784",,,,,,P570784
no_expected_no_live,570792,Q2167872,,Cuneiform Tablet BM 047103,"CDLI artifact: tablet; held by British Museum, London, UK; CDLI P570792",,,,,,P570792
no_expected_no_live,570815,Q2167276,,Cuneiform Tablet BM 047147,"CDLI artifact: tablet; from Babylon (mod. Bābil); held by British Museum, London, UK; CDLI P570815",,,,,,P570815
no_expected_no_live,570839,Q2162103,,Cuneiform Tablet BM 047192,"CDLI artifact: tablet; held by British Museum, London, UK; CDLI P570839",,,,,,P570839
no_expected_no_live,570842,Q2142640,,Cuneiform Tablet BM 047195,"CDLI artifact: tablet; held by British Museum, London, UK; CDLI P570842",,,,,,P570842
no_expected_no_live,570854,Q2169599,,Cuneiform Tablet BM 047210,"CDLI artifact: tablet; held by British Museum, London, UK; CDLI P570854",,,,,,P570854
no_expected_no_live,570907,Q2025386,,Cuneiform Tablet BM 047281,"CDLI artifact: tablet; held by British Museum, London, UK; CDLI P570907",,,,,,P570907
no_expected_no_live,570911,Q2169241,,Cuneiform Tablet BM 047286,"CDLI artifact: tablet; held by British Museum, London, UK; CDLI P570911",,,,,,P570911
no_expected_no_live,570993,Q2162290,,Cuneiform Tablet BM 047421,"CDLI artifact: tablet; held by British Museum, London, UK; CDLI P570993",,,,,,P570993
no_expected_no_live,571005,Q2163736,,Cuneiform Tablet BM 047439,"CDLI artifact: tablet; held by British Museum, London, UK; CDLI P571005",,,,,,P571005
no_expected_no_live,571091,Q2166282,,Cuneiform Tablet BM 047598,"CDLI artifact: tablet; held by British Museum, London, UK; CDLI P571091",,,,,,P571091
no_expected_no_live,571140,Q2163357,,Cuneiform Tablet BM 047708,"CDLI artifact: tablet; held by British Museum, London, UK; CDLI P571140",,,,,,P571140
no_expected_no_live,571183,Q2168181,,Cuneiform Tablet BM 047823,"CDLI artifact: tablet; held by British Museum, London, UK; CDLI P571183",,,,,,P571183
no_expected_no_live,571195,Q2149245,,Cuneiform Tablet BM 047836,"CDLI artifact: tablet; held by British Museum, London, UK; CDLI P571195",,,,,,P571195
no_expected_no_live,571212,Q2166790,,Cuneiform Tablet BM 047883,"CDLI artifact: tablet; held by British Museum, London, UK; CDLI P571212",,,,,,P571212
no_expected_no_live,571253,Q2169100,,Cuneiform Tablet BM 047980,"CDLI artifact: tablet; held by British Museum, London, UK; CDLI P571253",,,,,,P571253
no_expected_no_live,571269,Q2165024,,Cuneiform Tablet Disputation poems p. 163,"CDLI artifact: tablet; held by British Museum, London, UK; CDLI P571269",,,,,,P571269
no_expected_no_live,571300,Q2144936,,Cuneiform Tablet BM 048058,"CDLI artifact: tablet; held by British Museum, London, UK; CDLI P571300",,,,,,P571300
no_expected_no_live,571316,Q2169456,,Cuneiform Tablet Disputation poems p. 333,"CDLI artifact: tablet; held by British Museum, London, UK; CDLI P571316",,,,,,P571316
no_expected_no_live,571357,Q2167136,,Cuneiform Tablet BM 048186,"CDLI artifact: tablet; held by British Museum, London, UK; CDLI P571357",,,,,,P571357
no_expected_no_live,571394,Q2162363,,Cuneiform Tablet BM 048246,"CDLI artifact: tablet; held by British Museum, London, UK; CDLI P571394",,,,,,P571394
no_expected_no_live,571438,Q2170390,,Cuneiform Tablet BM 048323,"CDLI artifact: tablet; held by British Museum, London, UK; CDLI P571438",,,,,,P571438
no_expected_no_live,571455,Q2163574,,Cuneiform Tablet BM 048348,"CDLI artifact: tablet; held by British Museum, London, UK; CDLI P571455",,,,,,P571455
no_expected_no_live,571479,Q2168122,,Cuneiform Tablet BM 048378,"CDLI artifact: tablet; held by British Museum, London, UK; CDLI P571479",,,,,,P571479
no_expected_no_live,571480,Q2168747,,Cuneiform Tablet BM 048379 + BM 048383,"CDLI artifact: tablet; held by British Museum, London, UK; CDLI P571480",,,,,,P571480
no_expected_no_live,571496,Q2168224,,Cuneiform Tablet BM 048399,"CDLI artifact: tablet; held by British Museum, London, UK; CDLI P571496",,,,,,P571496
no_expected_no_live,571510,Q2163199,,Cuneiform Tablet BM 048418,"CDLI artifact: tablet; held by British Museum, London, UK; CDLI P571510",,,,,,P571510
no_expected_no_live,571584,Q2165431,,Cuneiform Tablet BM 048537,"CDLI artifact: tablet; held by British Museum, London, UK; CDLI P571584",,,,,,P571584
no_expected_no_live,571592,Q2170352,,Cuneiform Tablet BM 048548,"CDLI artifact: tablet; held by British Museum, London, UK; CDLI P571592",,,,,,P571592
no_expected_no_live,571603,Q2169256,,Cuneiform Tablet BM 048571,"CDLI artifact: tablet; held by British Museum, London, UK; CDLI P571603",,,,,,P571603
no_expected_no_live,571615,Q2023402,,Cuneiform Tablet BM 048587,"CDLI artifact: tablet; held by British Museum, London, UK; CDLI P571615",,,,,,P571615
no_expected_no_live,571639,Q2165172,,Cuneiform Tablet BM 048635,"CDLI artifact: tablet; held by British Museum, London, UK; CDLI P571639",,,,,,P571639
no_expected_no_live,571642,Q2166915,,Cuneiform Tablet BM 048639 + BM 048646,"CDLI artifact: tablet; held by British Museum, London, UK; CDLI P571642",,,,,,P571642
no_expected_no_live,571681,Q2162265,,Cuneiform Tablet BM 048716,"CDLI artifact: tablet; held by British Museum, London, UK; CDLI P571681",,,,,,P571681
no_expected_no_live,571707,Q2167257,,Cuneiform Tablet BM 048761,"CDLI artifact: tablet; held by British Museum, London, UK; CDLI P571707",,,,,,P571707
no_expected_no_live,571746,Q2169624,,Cuneiform Tablet BM 048831,"CDLI artifact: tablet; held by British Museum, London, UK; CDLI P571746",,,,,,P571746
no_expected_no_live,571750,Q2142450,,Cuneiform Tablet BM 048839,"CDLI artifact: tablet; held by British Museum, London, UK; CDLI P571750",,,,,,P571750
no_expected_no_live,571793,Q2165052,,Cuneiform Tablet BM 048914,"CDLI artifact: tablet; held by British Museum, London, UK; CDLI P571793",,,,,,P571793
no_expected_no_live,571838,Q2166066,,Cuneiform Tablet BM 048992,"CDLI artifact: tablet; held by British Museum, London, UK; CDLI P571838",,,,,,P571838
no_expected_no_live,571843,Q2163053,,Cuneiform Tablet BM 049002,"CDLI artifact: tablet; held by British Museum, London, UK; CDLI P571843",,,,,,P571843
no_expected_no_live,571879,Q2162666,,Cuneiform Tablet BM 049063,"CDLI artifact: tablet; held by British Museum, London, UK; CDLI P571879",,,,,,P571879
no_expected_no_live,571880,Q2167860,,Cuneiform Tablet BM 049064,"CDLI artifact: tablet; held by British Museum, London, UK; CDLI P571880",,,,,,P571880
no_expected_no_live,571896,Q2154850,,Cuneiform Tablet BM 049088,"CDLI artifact: tablet; held by British Museum, London, UK; CDLI P571896",,,,,,P571896
no_expected_no_live,571906,Q2164000,,Cuneiform Tablet BM 049105,"CDLI artifact: tablet; held by British Museum, London, UK; CDLI P571906",,,,,,P571906
no_expected_no_live,571992,Q2165957,,Cuneiform Tablet BM 049513,"CDLI artifact: tablet; held by British Museum, London, UK; CDLI P571992",,,,,,P571992
no_expected_no_live,572042,Q2162725,,Cuneiform Tablet BM 049566,"CDLI artifact: tablet; held by British Museum, London, UK; CDLI P572042",,,,,,P572042
no_expected_no_live,572081,Q2167368,,Cuneiform Tablet BM 049608,"CDLI artifact: tablet; held by British Museum, London, UK; CDLI P572081",,,,,,P572081
no_expected_no_live,572150,Q2164630,,Cuneiform Tablet BM 049682,"CDLI artifact: tablet; held by British Museum, London, UK; CDLI P572150",,,,,,P572150
no_expected_no_live,572193,Q2047706,,Cuneiform Tablet BM 049729,"CDLI artifact: tablet; held by British Museum, London, UK; CDLI P572193",,,,,,P572193
no_expected_no_live,572214,Q2170106,,Cuneiform Tablet BM 049753,"CDLI artifact: tablet; held by British Museum, London, UK; CDLI P572214",,,,,,P572214
no_expected_no_live,572347,Q2165922,,Cuneiform Tablet BM 046410 + BM 046495,"CDLI artifact: tablet; held by British Museum, London, UK; CDLI P572347",,,,,,P572347
no_expected_no_live,572445,Q2164712,,"Cuneiform Tablet Fs Lambert 174-175, text 20 A","CDLI artifact: tablet; from Sippar-Yahrurum (mod. Tell Abu Habbah); held by British Museum, London, UK; CDLI P572445",,,,,,P572445
no_expected_no_live,572469,Q2047826,,Cuneiform Tablet BM 046285,"CDLI artifact: tablet; held by British Museum, London, UK; CDLI P572469",,,,,,P572469
no_expected_no_live,572500,Q2164505,,"Cuneiform Tablet Lugale, text u1","CDLI artifact: tablet; held by British Museum, London, UK; CDLI P572500",,,,,,P572500
no_expected_no_live,572594,Q2166750,,Cuneiform Tablet Lamaštu text α,"CDLI artifact: tablet; from Nippur (mod. Nuffar); held by Arkeoloji Müzeleri, Istanbul, Turkey; CDLI P572594",,,,,,P572594
no_expected_no_live,572717,Q2166082,,"Cuneiform Tablet AnOr 9, 15","CDLI artifact: tablet; held by Vorderasiatisches Museum, Berlin, Germany; CDLI P572717",,,,,,P572717
no_expected_no_live,572740,Q1366952,,"Cuneiform Tablet Ambos, Baurituale no. 21","CDLI artifact: tablet; from Sippar-Yahrurum (mod. Tell Abu Habbah); held by British Museum, London, UK; CDLI P572740",,,,,,P572740
no_expected_no_live,572756,Q2162522,,Cuneiform Tablet Archives de Borsippa 244,"CDLI artifact: tablet; from Borsippa (mod. Birs Nimrud); held by Arkeoloji Müzeleri, Istanbul, Turkey; CDLI P572756",,,,,,P572756
no_expected_no_live,572783,Q2163852,,"Cuneiform Tablet Archives de Borsippa 94, 262","CDLI artifact: tablet; from Borsippa (mod. Birs Nimrud); held by Arkeoloji Müzeleri, Istanbul, Turkey; CDLI P572783",,,,,,P572783
no_expected_no_live,572804,Q2162098,,Cuneiform Tablet BM 049820,"CDLI artifact: tablet; from Sippar-Yahrurum (mod. Tell Abu Habbah); held by British Museum, London, UK; CDLI P572804",,,,,,P572804
no_expected_no_live,572828,Q2167288,,Cuneiform Tablet BM 049846,"CDLI artifact: tablet; held by British Museum, London, UK; CDLI P572828",,,,,,P572828
no_expected_no_live,572853,Q2164356,,"Cuneiform Tablet MacGinnis, Mes 31, no. 53","CDLI artifact: tablet; from Sippar-Yahrurum (mod. Tell Abu Habbah); held by British Museum, London, UK; CDLI P572853",,,,,,P572853
no_expected_no_live,572869,Q2169616,,Cuneiform Tablet BM 049890,"CDLI artifact: tablet; held by British Museum, London, UK; CDLI P572869",,,,,,P572869
no_expected_no_live,572886,Q2169139,,Cuneiform Tablet BM 049910,"CDLI artifact: tablet; held by British Museum, London, UK; CDLI P572886",,,,,,P572886
no_expected_no_live,572890,Q2047085,,Cuneiform Tablet BM 049915,"CDLI artifact: tablet; from Sippar-Yahrurum (mod. Tell Abu Habbah); held by British Museum, London, UK; CDLI P572890",,,,,,P572890
no_expected_no_live,572916,Q2165189,,Cuneiform Tablet BM 049947,"CDLI artifact: tablet; held by British Museum, London, UK; CDLI P572916",,,,,,P572916
no_expected_no_live,572941,Q2162464,,Cuneiform Tablet BM 049978,"CDLI artifact: tablet; held by British Museum, London, UK; CDLI P572941",,,,,,P572941
no_expected_no_live,572982,Q2167102,,Cuneiform Tablet BM 050028,"CDLI artifact: tablet; held by British Museum, London, UK; CDLI P572982",,,,,,P572982
no_expected_no_live,573014,Q2167985,,Cuneiform Tablet BM 050063,"CDLI artifact: tablet; held by British Museum, London, UK; CDLI P573014",,,,,,P573014
no_expected_no_live,573038,Q2163724,,Cuneiform Tablet BM 050088,"CDLI artifact: tablet; held by British Museum, London, UK; CDLI P573038",,,,,,P573038
no_expected_no_live,573043,Q2165561,,Cuneiform Tablet BM 050094,"CDLI artifact: tablet; held by British Museum, London, UK; CDLI P573043",,,,,,P573043
no_expected_no_live,573110,Q2170591,,Cuneiform Tablet BM 050178,"CDLI artifact: tablet; held by British Museum, London, UK; CDLI P573110",,,,,,P573110
no_expected_no_live,573278,Q2047187,,Cuneiform Tablet NBDSPC no. 171,"CDLI artifact: tablet; from Sippar-Yahrurum (mod. Tell Abu Habbah); held by British Museum, London, UK; CDLI P573278",,,,,,P573278
no_expected_no_live,573311,Q2164188,,Cuneiform Tablet NBDSPC no. 5,"CDLI artifact: tablet; from Sippar-Yahrurum (mod. Tell Abu Habbah); held by British Museum, London, UK; CDLI P573311",,,,,,P573311
no_expected_no_live,573413,Q2165401,,Cuneiform Tablet NBDSPC no. 78,"CDLI artifact: tablet; from Sippar-Yahrurum (mod. Tell Abu Habbah); held by British Museum, London, UK; CDLI P573413",,,,,,P573413
no_expected_no_live,573487,Q2163458,,Cuneiform Tablet SCT 096,"CDLI artifact: tablet; held by Smith College, Northampton, Massachusetts, USA; CDLI P573487",,,,,,P573487
no_expected_no_live,573501,Q2168494,,Cuneiform Tablet SCT 110,"CDLI artifact: tablet; from Borsippa (mod. Birs Nimrud); held by Smith College, Northampton, Massachusetts, USA; CDLI P573501",,,,,,P573501
no_expected_no_live,573517,Q2165395,,Cuneiform Tablet BM 050835 + BM 051546 + BM 052855,"CDLI artifact: tablet; from Sippar-Yahrurum (mod. Tell Abu Habbah); held by British Museum, London, UK; CDLI P573517",,,,,,P573517
no_expected_no_live,573653,Q2162446,,Cuneiform Tablet BM 083772,"CDLI artifact: tablet; held by British Museum, London, UK; CDLI P573653",,,,,,P573653
no_expected_no_live,573782,Q2047056,,"Cuneiform Tablet OBO 260, no. 205","CDLI artifact: tablet; from Sippar-Yahrurum (mod. Tell Abu Habbah); held by British Museum, London, UK; CDLI P573782",,,,,,P573782
no_expected_no_live,573891,Q2163811,,"Cuneiform Tablet OBO 260, no. 314","CDLI artifact: tablet; from Sippar-Yahrurum (mod. Tell Abu Habbah); held by British Museum, London, UK; CDLI P573891",,,,,,P573891
no_expected_no_live,573917,Q2167665,,"Cuneiform Tablet OBO 260, no. 246","CDLI artifact: tablet; from Sippar-Yahrurum (mod. Tell Abu Habbah); held by British Museum, London, UK; CDLI P573917",,,,,,P573917
no_expected_no_live,573956,Q2169972,,"Cuneiform Tablet OBO 260, no. 347","CDLI artifact: tablet; from Sippar-Yahrurum (mod. Tell Abu Habbah); held by British Museum, London, UK; CDLI P573956",,,,,,P573956
no_expected_no_live,574047,Q2047048,,"Cuneiform Tablet OBO 260, no. 248","CDLI artifact: tablet; from Sippar-Yahrurum (mod. Tell Abu Habbah); held by British Museum, London, UK; CDLI P574047",,,,,,P574047
no_expected_no_live,574051,Q2169148,,"Cuneiform Tablet OBO 260, no. 351","CDLI artifact: tablet; from Sippar-Yahrurum (mod. Tell Abu Habbah); held by British Museum, London, UK; CDLI P574051",,,,,,P574051
no_expected_no_live,574102,Q2147607,,"Cuneiform Tablet OBO 260, no. 319","CDLI artifact: tablet; from Sippar-Yahrurum (mod. Tell Abu Habbah); held by British Museum, London, UK; CDLI P574102",,,,,,P574102
no_expected_no_live,574196,Q2162449,,"Cuneiform Tablet OBO 260, no. 363","CDLI artifact: tablet; from Sippar-Yahrurum (mod. Tell Abu Habbah); held by British Museum, London, UK; CDLI P574196",,,,,,P574196
no_expected_no_live,574207,Q2163685,,"Cuneiform Tablet OBO 260, no. 157","CDLI artifact: tablet; from Sippar-Yahrurum (mod. Tell Abu Habbah); held by British Museum, London, UK; CDLI P574207",,,,,,P574207
no_expected_no_live,574293,Q2166222,,Cuneiform Tablet BM 053165,"CDLI artifact: tablet; held by British Museum, London, UK; CDLI P574293",,,,,,P574293
no_expected_no_live,574339,Q2166418,,Cuneiform Tablet BM 053474,"CDLI artifact: tablet; held by British Museum, London, UK; CDLI P574339",,,,,,P574339
no_expected_no_live,574342,Q2163459,,Cuneiform Tablet BM 053515,"CDLI artifact: tablet; held by British Museum, London, UK; CDLI P574342",,,,,,P574342
no_expected_no_live,574378,Q2168745,,Cuneiform Tablet BM 053788,"CDLI artifact: tablet; held by British Museum, London, UK; CDLI P574378",,,,,,P574378
no_expected_no_live,574381,Q2168134,,Cuneiform Tablet BM 053801,"CDLI artifact: tablet; held by British Museum, London, UK; CDLI P574381",,,,,,P574381
no_expected_no_live,574397,Q2150046,,Cuneiform Tablet BM 053851,"CDLI artifact: tablet; held by British Museum, London, UK; CDLI P574397",,,,,,P574397
no_expected_no_live,574401,Q2169270,,Cuneiform Tablet BM 053859,"CDLI artifact: tablet; held by British Museum, London, UK; CDLI P574401",,,,,,P574401
no_expected_no_live,574417,Q2021719,,Cuneiform Tablet BM 053929,"CDLI artifact: tablet; held by British Museum, London, UK; CDLI P574417",,,,,,P574417
no_expected_no_live,574440,Q2167037,,"Cuneiform Tablet AOAT 50, pl. 11","CDLI artifact: tablet; held by British Museum, London, UK; CDLI P574440",,,,,,P574440
no_expected_no_live,574483,Q2162245,,Cuneiform Tablet BM 055117,"CDLI artifact: tablet; held by British Museum, London, UK; CDLI P574483",,,,,,P574483
no_expected_no_live,574505,Q2167230,,Cuneiform Tablet BM 055280,"CDLI artifact: tablet; held by British Museum, London, UK; CDLI P574505",,,,,,P574505
no_expected_no_live,574529,Q2162125,,Cuneiform Tablet BM 055493,"CDLI artifact: tablet; held by British Museum, London, UK; CDLI P574529",,,,,,P574529
no_expected_no_live,574544,Q2169508,,Cuneiform Tablet BM 058656,"CDLI artifact: tablet; from Sippar-Yahrurum (mod. Tell Abu Habbah); held by British Museum, London, UK; CDLI P574544",,,,,,P574544
no_expected_no_live,574552,Q2144381,,Cuneiform Tablet BM 059250 + BM 059965,"CDLI artifact: tablet; from Sippar-Yahrurum (mod. Tell Abu Habbah); held by British Museum, London, UK; CDLI P574552",,,,,,P574552
no_expected_no_live,574591,Q2165030,,Cuneiform Tablet BM 061537,"CDLI artifact: tablet; held by British Museum, London, UK; CDLI P574591",,,,,,P574591
no_expected_no_live,574657,Q2163554,,Cuneiform Tablet BM 066576,"CDLI artifact: tablet; held by British Museum, London, UK; CDLI P574657",,,,,,P574657
no_expected_no_live,574682,Q2167659,,Cuneiform Tablet BM 068082,"CDLI artifact: tablet; held by British Museum, London, UK; CDLI P574682",,,,,,P574682
no_expected_no_live,574694,Q2168345,,Cuneiform Tablet BM 068314,"CDLI artifact: tablet; held by British Museum, London, UK; CDLI P574694",,,,,,P574694
no_expected_no_live,574712,Q2163332,,Cuneiform Tablet BM 068826,"CDLI artifact: tablet; held by British Museum, London, UK; CDLI P574712",,,,,,P574712
no_expected_no_live,574728,Q2166940,,Cuneiform Tablet BM 069459,"CDLI artifact: tablet; held by British Museum, London, UK; CDLI P574728",,,,,,P574728
no_expected_no_live,574769,Q2166276,,Cuneiform Tablet BM 069999,"CDLI artifact: tablet; held by British Museum, London, UK; CDLI P574769",,,,,,P574769
no_expected_no_live,574786,Q2165557,,Cuneiform Tablet BM 070099,"CDLI artifact: tablet; held by British Museum, London, UK; CDLI P574786",,,,,,P574786
no_expected_no_live,574790,Q2170229,,Cuneiform Tablet BM 070131,"CDLI artifact: tablet; held by British Museum, London, UK; CDLI P574790",,,,,,P574790
no_expected_no_live,574801,Q2063940,,Cuneiform Tablet BM 070565,"CDLI artifact: tablet; held by British Museum, London, UK; CDLI P574801",,,,,,P574801
no_expected_no_live,574817,Q2169641,,Cuneiform Tablet BM 070732,"CDLI artifact: tablet; held by British Museum, London, UK; CDLI P574817",,,,,,P574817
no_expected_no_live,574856,Q2167389,,Cuneiform Tablet BM 071811,"CDLI artifact: tablet; held by British Museum, London, UK; CDLI P574856",,,,,,P574856
no_expected_no_live,574895,Q2162749,,Cuneiform Tablet BM 072043,"CDLI artifact: tablet; from Sippar-Yahrurum (mod. Tell Abu Habbah); held by British Museum, London, UK; CDLI P574895",,,,,,P574895
no_expected_no_live,574913,Q2166616,,Cuneiform Tablet BM 072082,"CDLI artifact: tablet; from Sippar-Yahrurum (mod. Tell Abu Habbah); held by British Museum, London, UK; CDLI P574913",,,,,,P574913
no_expected_no_live,574944,Q2047734,,Cuneiform Tablet BM 072162,"CDLI artifact: tablet; from Sippar-Yahrurum (mod. Tell Abu Habbah); held by British Museum, London, UK; CDLI P574944",,,,,,P574944
no_expected_no_live,574952,Q2168851,,Cuneiform Tablet BM 072176,"CDLI artifact: tablet; from Sippar-Yahrurum (mod. Tell Abu Habbah); held by British Museum, London, UK; CDLI P574952",,,,,,P574952
no_expected_no_live,574968,Q2164741,,Cuneiform Tablet BM 072211,"CDLI artifact: tablet; from Sippar-Yahrurum (mod. Tell Abu Habbah); held by British Museum, London, UK; CDLI P574968",,,,,,P574968
no_expected_no_live,574987,Q2164643,,Cuneiform Tablet BM 072274,"CDLI artifact: tablet; from Sippar-Yahrurum (mod. Tell Abu Habbah); held by British Museum, London, UK; CDLI P574987",,,,,,P574987
no_expected_no_live,575046,Q2163837,,Cuneiform Tablet BM 073316,"CDLI artifact: tablet; from Sippar-Yahrurum (mod. Tell Abu Habbah); held by British Museum, London, UK; CDLI P575046",,,,,,P575046
no_expected_no_live,575085,Q1367319,,Cuneiform Tablet BM 073712,"CDLI artifact: tablet; from Sippar-Yahrurum (mod. Tell Abu Habbah); held by British Museum, London, UK; CDLI P575085",,,,,,P575085
no_expected_no_live,575093,Q2162492,,Cuneiform Tablet BM 073830,"CDLI artifact: tablet; from Sippar-Yahrurum (mod. Tell Abu Habbah); held by British Museum, London, UK; CDLI P575093",,,,,,P575093
no_expected_no_live,575103,Q2163048,,Cuneiform Tablet BM 073920,"CDLI artifact: tablet; from Sippar-Yahrurum (mod. Tell Abu Habbah); held by British Museum, London, UK; CDLI P575103",,,,,,P575103
no_expected_no_live,575139,Q2161875,,Cuneiform Tablet BM 074226,"CDLI artifact: tablet; from Sippar-Yahrurum (mod. Tell Abu Habbah); held by British Museum, London, UK; CDLI P575139",,,,,,P575139
no_expected_no_live,575178,Q2165961,,Cuneiform Tablet BM 076186,"CDLI artifact: tablet; held by British Museum, London, UK; CDLI P575178",,,,,,P575178
no_expected_no_live,575181,Q2169956,,Cuneiform Tablet BM 076238,"CDLI artifact: tablet; held by British Museum, London, UK; CDLI P575181",,,,,,P575181
no_expected_no_live,575197,Q2165879,,Cuneiform Tablet BM 076481,"CDLI artifact: tablet; held by British Museum, London, UK; CDLI P575197",,,,,,P575197
no_expected_no_live,575206,Q2047445,,Cuneiform Tablet BM 076564 + BM 076745 + BM 082946,"CDLI artifact: tablet; held by British Museum, London, UK; CDLI P575206",,,,,,P575206
no_expected_no_live,575210,Q2169008,,Cuneiform Tablet BM 076597,"CDLI artifact: tablet; held by British Museum, London, UK; CDLI P575210",,,,,,P575210
no_expected_no_live,575251,Q2166736,,Cuneiform Tablet BM 076954,"CDLI artifact: tablet; held by British Museum, London, UK; CDLI P575251",,,,,,P575251
no_expected_no_live,575314,Q2167543,,Cuneiform Tablet BM 077146,"CDLI artifact: tablet; held by British Museum, London, UK; CDLI P575314",,,,,,P575314
no_expected_no_live,575343,Q2063576,,Cuneiform Tablet BM 077717,"CDLI artifact: tablet; held by British Museum, London, UK; CDLI P575343",,,,,,P575343
no_expected_no_live,575355,Q2169786,,Cuneiform Tablet BM 078116,"CDLI artifact: tablet; held by British Museum, London, UK; CDLI P575355",,,,,,P575355
no_expected_no_live,575380,Q2164717,,Cuneiform Tablet BM 082854,"CDLI artifact: tablet; held by British Museum, London, UK; CDLI P575380",,,,,,P575380
no_expected_no_live,575416,Q2163954,,Cuneiform Tablet BM 083892,"CDLI artifact: tablet; held by British Museum, London, UK; CDLI P575416",,,,,,P575416
no_expected_no_live,575482,Q2165914,,Cuneiform Tablet BM 053554,"CDLI artifact: tablet; held by British Museum, London, UK; CDLI P575482",,,,,,P575482
no_expected_no_live,575528,Q2166094,,Cuneiform Tablet BM 050239,"CDLI artifact: tablet; held by British Museum, London, UK; CDLI P575528",,,,,,P575528
no_expected_no_live,575553,Q2163160,,Cuneiform Tablet BM 050266,"CDLI artifact: tablet; held by British Museum, London, UK; CDLI P575553",,,,,,P575553
no_expected_no_live,575569,Q2164753,,Cuneiform Tablet BM 050286,"CDLI artifact: tablet; from Sippar-Yahrurum (mod. Tell Abu Habbah); held by British Museum, London, UK; CDLI P575569",,,,,,P575569
no_expected_no_live,575586,Q2155124,,Cuneiform Tablet BM 050306,"CDLI artifact: tablet; held by British Museum, London, UK; CDLI P575586",,,,,,P575586
no_expected_no_live,575590,Q2167812,,Cuneiform Tablet BM 050311,"CDLI artifact: tablet; held by British Museum, London, UK; CDLI P575590",,,,,,P575590
no_expected_no_live,575601,Q2166589,,Cuneiform Tablet BM 050323,"CDLI artifact: tablet; from Sippar-Yahrurum (mod. Tell Abu Habbah); held by British Museum, London, UK; CDLI P575601",,,,,,P575601
no_expected_no_live,575640,Q2168867,,Cuneiform Tablet BM 050365,"CDLI artifact: tablet; held by British Museum, London, UK; CDLI P575640",,,,,,P575640
no_expected_no_live,575656,Q2047718,,Cuneiform Tablet BM 050383,"CDLI artifact: tablet; held by British Museum, London, UK; CDLI P575656",,,,,,P575656
no_expected_no_live,575705,Q2169652,,Cuneiform Tablet BM 050443,"CDLI artifact: tablet; held by British Museum, London, UK; CDLI P575705",,,,,,P575705
no_expected_no_live,575713,Q2063874,,Cuneiform Tablet BM 050453,"CDLI artifact: tablet; held by British Museum, London, UK; CDLI P575713",,,,,,P575713
no_expected_no_live,575744,Q2167382,,Cuneiform Tablet BM 050486,"CDLI artifact: tablet; held by British Museum, London, UK; CDLI P575744",,,,,,P575744
no_expected_no_live,575800,Q2163326,,Cuneiform Tablet BM 050558,"CDLI artifact: tablet; held by British Museum, London, UK; CDLI P575800",,,,,,P575800
no_expected_no_live,575882,Q2170252,,Cuneiform Tablet BM 050663,"CDLI artifact: tablet; held by British Museum, London, UK; CDLI P575882",,,,,,P575882
no_expected_no_live,575894,Q2165551,,Cuneiform Tablet BM 050684,"CDLI artifact: tablet; held by British Museum, London, UK; CDLI P575894",,,,,,P575894
no_expected_no_live,575928,Q2170500,,Cuneiform Tablet BM 050750,"CDLI artifact: tablet; held by British Museum, London, UK; CDLI P575928",,,,,,P575928
no_expected_no_live,575945,Q2163523,,Cuneiform Tablet BM 050787,"CDLI artifact: tablet; held by British Museum, London, UK; CDLI P575945",,,,,,P575945
no_expected_no_live,575969,Q2168149,,Cuneiform Tablet BM 050823,"CDLI artifact: tablet; held by British Museum, London, UK; CDLI P575969",,,,,,P575969
no_expected_no_live,575990,Q2168057,,Cuneiform Tablet BM 050854,"CDLI artifact: tablet; held by British Museum, London, UK; CDLI P575990",,,,,,P575990
no_expected_no_live,576001,Q2162476,,Cuneiform Tablet BM 050866,"CDLI artifact: tablet; held by British Museum, London, UK; CDLI P576001",,,,,,P576001
no_expected_no_live,576056,Q2165069,,Cuneiform Tablet BM 050925,"CDLI artifact: tablet; held by British Museum, London, UK; CDLI P576056",,,,,,P576056
no_expected_no_live,576083,Q2169625,,Cuneiform Tablet BM 050955,"CDLI artifact: tablet; held by British Museum, London, UK; CDLI P576083",,,,,,P576083
no_expected_no_live,576095,Q2142367,,Cuneiform Tablet BM 050969,"CDLI artifact: tablet; held by British Museum, London, UK; CDLI P576095",,,,,,P576095
no_expected_no_live,576113,Q2164062,,Cuneiform Tablet BM 050990,"CDLI artifact: tablet; held by British Museum, London, UK; CDLI P576113",,,,,,P576113
no_expected_no_live,576129,Q2169358,,Cuneiform Tablet BM 051008,"CDLI artifact: tablet; held by British Museum, London, UK; CDLI P576129",,,,,,P576129
no_expected_no_live,576144,Q2162274,,Cuneiform Tablet BM 051023,"CDLI artifact: tablet; held by British Museum, London, UK; CDLI P576144",,,,,,P576144
no_expected_no_live,576168,Q2167096,,"Cuneiform Tablet AMD 8/3, text 8.61.a pl. 26","CDLI artifact: tablet; held by British Museum, London, UK; CDLI P576168",,,,,,P576168
no_expected_no_live,576187,Q2166910,,Cuneiform Tablet BM 051071,"CDLI artifact: tablet; held by British Museum, London, UK; CDLI P576187",,,,,,P576187
no_expected_no_live,576200,Q2151961,,Cuneiform Tablet BM 051088,"CDLI artifact: tablet; held by British Museum, London, UK; CDLI P576200",,,,,,P576200
no_expected_no_live,576216,Q2168000,,Cuneiform Tablet BM 051107,"CDLI artifact: tablet; held by British Museum, London, UK; CDLI P576216",,,,,,P576216
no_expected_no_live,576241,Q2165445,,Cuneiform Tablet BM 051134,"CDLI artifact: tablet; held by British Museum, London, UK; CDLI P576241",,,,,,P576241
no_expected_no_live,576257,Q2170364,,Cuneiform Tablet BM 051152,"CDLI artifact: tablet; held by British Museum, London, UK; CDLI P576257",,,,,,P576257
no_expected_no_live,576304,Q2166410,,Cuneiform Tablet BM 051201,"CDLI artifact: tablet; held by British Museum, London, UK; CDLI P576304",,,,,,P576304
no_expected_no_live,576312,Q2170562,,Cuneiform Tablet BM 051210,"CDLI artifact: tablet; held by British Museum, London, UK; CDLI P576312",,,,,,P576312
no_expected_no_live,576345,Q2168766,,Cuneiform Tablet BM 051250,"CDLI artifact: tablet; held by British Museum, London, UK; CDLI P576345",,,,,,P576345
no_expected_no_live,576406,Q2165243,,Cuneiform Tablet BM 051326,"CDLI artifact: tablet; held by British Museum, London, UK; CDLI P576406",,,,,,P576406
no_expected_no_live,576451,Q2162351,,Cuneiform Tablet BM 051372,"CDLI artifact: tablet; held by British Museum, London, UK; CDLI P576451",,,,,,P576451
no_expected_no_live,576492,Q2167147,,Cuneiform Tablet BM 051417,"CDLI artifact: tablet; held by British Museum, London, UK; CDLI P576492",,,,,,P576492
no_expected_no_live,576514,Q2162140,,Cuneiform Tablet BM 051440,"CDLI artifact: tablet; held by British Museum, London, UK; CDLI P576514",,,,,,P576514
no_expected_no_live,576538,Q2167244,,Cuneiform Tablet BM 051468,"CDLI artifact: tablet; held by British Museum, London, UK; CDLI P576538",,,,,,P576538
no_expected_no_live,576543,Q2164238,,Cuneiform Tablet BM 051473,"CDLI artifact: tablet; held by British Museum, London, UK; CDLI P576543",,,,,,P576543
no_expected_no_live,576579,Q2169500,,Cuneiform Tablet BM 051512,"CDLI artifact: tablet; held by British Museum, London, UK; CDLI P576579",,,,,,P576579
no_expected_no_live,576580,Q2047185,,Cuneiform Tablet BM 051513,"CDLI artifact: tablet; held by British Museum, London, UK; CDLI P576580",,,,,,P576580
no_expected_no_live,576596,Q2169115,,Cuneiform Tablet BM 051532,"CDLI artifact: tablet; held by British Museum, London, UK; CDLI P576596",,,,,,P576596
no_expected_no_live,576607,Q2170486,,Cuneiform Tablet BM 051545,"CDLI artifact: tablet; held by British Museum, London, UK; CDLI P576607",,,,,,P576607
no_expected_no_live,576611,Q2165310,,Cuneiform Tablet BM 051550,"CDLI artifact: tablet; held by British Museum, London, UK; CDLI P576611",,,,,,P576611
no_expected_no_live,576646,Q2168179,,Cuneiform Tablet BM 051589,"CDLI artifact: tablet; held by British Museum, London, UK; CDLI P576646",,,,,,P576646
no_expected_no_live,576650,Q2149010,,Cuneiform Tablet BM 051593,"CDLI artifact: tablet; held by British Museum, London, UK; CDLI P576650",,,,,,P576650
no_expected_no_live,576685,Q2163368,,Cuneiform Tablet BM 051635,"CDLI artifact: tablet; held by British Museum, London, UK; CDLI P576685",,,,,,P576685
no_expected_no_live,576703,Q2168393,,Cuneiform Tablet BM 051653,"CDLI artifact: tablet; held by British Museum, London, UK; CDLI P576703",,,,,,P576703
no_expected_no_live,576715,Q2167093,,Cuneiform Tablet BM 051666,"CDLI artifact: tablet; held by British Museum, London, UK; CDLI P576715",,,,,,P576715
no_expected_no_live,576754,Q2166272,,Cuneiform Tablet BM 051708,"CDLI artifact: tablet; held by British Museum, London, UK; CDLI P576754",,,,,,P576754
no_expected_no_live,576884,Q2166637,,Cuneiform Tablet BM 051846,"CDLI artifact: tablet; held by British Museum, London, UK; CDLI P576884",,,,,,P576884
no_expected_no_live,576902,Q2162772,,Cuneiform Tablet BM 051864,"CDLI artifact: tablet; held by British Museum, London, UK; CDLI P576902",,,,,,P576902
no_expected_no_live,576955,Q2164761,,Cuneiform Tablet BM 051920,"CDLI artifact: tablet; held by British Museum, London, UK; CDLI P576955",,,,,,P576955
no_expected_no_live,576979,Q2047766,,Cuneiform Tablet BM 051944,"CDLI artifact: tablet; held by British Museum, London, UK; CDLI P576979",,,,,,P576979
no_expected_no_live,576980,Q2169907,,Cuneiform Tablet BM 051945,"CDLI artifact: tablet; held by British Museum, London, UK; CDLI P576980",,,,,,P576980
no_expected_no_live,576996,Q2047993,,Cuneiform Tablet BM 051963,"CDLI artifact: tablet; held by British Museum, London, UK; CDLI P576996",,,,,,P576996
no_expected_no_live,577000,Q2165624,,Cuneiform Tablet BM 051967,"CDLI artifact: tablet; held by British Museum, London, UK; CDLI P577000",,,,,,P577000
no_expected_no_live,577016,Q2170198,,Cuneiform Tablet BM 051985,"CDLI artifact: tablet; held by British Museum, London, UK; CDLI P577016",,,,,,P577016
no_expected_no_live,577041,Q2154537,,Cuneiform Tablet BM 052011,"CDLI artifact: tablet; held by British Museum, London, UK; CDLI P577041",,,,,,P577041
no_expected_no_live,577057,Q2167881,,Cuneiform Tablet BM 052027,"CDLI artifact: tablet; held by British Museum, London, UK; CDLI P577057",,,,,,P577057
no_expected_no_live,577094,Q2163067,,Cuneiform Tablet BM 052065,"CDLI artifact: tablet; held by British Museum, London, UK; CDLI P577094",,,,,,P577094
no_expected_no_live,577104,Q2161648,,Cuneiform Tablet BM 052075,"CDLI artifact: tablet; held by British Museum, London, UK; CDLI P577104",,,,,,P577104
no_expected_no_live,577145,Q2165978,,Cuneiform Tablet BM 052120,"CDLI artifact: tablet; held by British Museum, London, UK; CDLI P577145",,,,,,P577145
no_expected_no_live,577217,Q2164942,,Cuneiform Tablet BM 052198,"CDLI artifact: tablet; held by British Museum, London, UK; CDLI P577217",,,,,,P577217
no_expected_no_live,577240,Q2162634,,Cuneiform Tablet BM 052222,"CDLI artifact: tablet; held by British Museum, London, UK; CDLI P577240",,,,,,P577240
no_expected_no_live,577283,Q2167428,,Cuneiform Tablet BM 052266,"CDLI artifact: tablet; held by British Museum, London, UK; CDLI P577283",,,,,,P577283
no_expected_no_live,577329,Q2167529,,Cuneiform Tablet BM 052318,"CDLI artifact: tablet; held by British Museum, London, UK; CDLI P577329",,,,,,P577329
no_expected_no_live,577352,Q2164537,,Cuneiform Tablet BM 052347,"CDLI artifact: tablet; held by British Museum, London, UK; CDLI P577352",,,,,,P577352
no_expected_no_live,577368,Q2169803,,Cuneiform Tablet BM 052366,"CDLI artifact: tablet; held by British Museum, London, UK; CDLI P577368",,,,,,P577368
no_expected_no_live,577387,Q2168808,,Cuneiform Tablet BM 052387,"CDLI artifact: tablet; held by British Museum, London, UK; CDLI P577387",,,,,,P577387
no_expected_no_live,577391,Q2047810,,Cuneiform Tablet BM 052391,"CDLI artifact: tablet; held by British Museum, London, UK; CDLI P577391",,,,,,P577391
no_expected_no_live,577407,Q2167707,,Cuneiform Tablet BM 052408,"CDLI artifact: tablet; held by British Museum, London, UK; CDLI P577407",,,,,,P577407
no_expected_no_live,577411,Q2158211,,Cuneiform Tablet BM 052412,"CDLI artifact: tablet; held by British Museum, London, UK; CDLI P577411",,,,,,P577411
no_expected_no_live,577446,Q2170077,,Cuneiform Tablet BM 052452,"CDLI artifact: tablet; held by British Museum, London, UK; CDLI P577446",,,,,,P577446
no_expected_no_live,577450,Q2165751,,Cuneiform Tablet BM 052458,"CDLI artifact: tablet; held by British Museum, London, UK; CDLI P577450",,,,,,P577450
no_expected_no_live,577515,Q2166115,,Cuneiform Tablet BM 052527,"CDLI artifact: tablet; held by British Museum, London, UK; CDLI P577515",,,,,,P577515
no_expected_no_live,577542,Q2168520,,Cuneiform Tablet BM 052558,"CDLI artifact: tablet; held by British Museum, London, UK; CDLI P577542",,,,,,P577542
no_expected_no_live,577554,Q2164673,,Cuneiform Tablet BM 052571,"CDLI artifact: tablet; held by British Museum, London, UK; CDLI P577554",,,,,,P577554
no_expected_no_live,577581,Q2163862,,Cuneiform Tablet BM 052599,"CDLI artifact: tablet; held by British Museum, London, UK; CDLI P577581",,,,,,P577581
no_expected_no_live,577684,Q2047959,,Cuneiform Tablet BM 052714,"CDLI artifact: tablet; held by British Museum, London, UK; CDLI P577684",,,,,,P577684
no_expected_no_live,577692,Q2169935,,Cuneiform Tablet BM 052723,"CDLI artifact: tablet; held by British Museum, London, UK; CDLI P577692",,,,,,P577692
no_expected_no_live,577702,Q2164369,,Cuneiform Tablet BM 052735,"CDLI artifact: tablet; held by British Museum, London, UK; CDLI P577702",,,,,,P577702
no_expected_no_live,577779,Q2167373,,Cuneiform Tablet BM 052817,"CDLI artifact: tablet; held by British Museum, London, UK; CDLI P577779",,,,,,P577779
no_expected_no_live,577796,Q2166633,,Cuneiform Tablet BM 052836,"CDLI artifact: tablet; held by British Museum, London, UK; CDLI P577796",,,,,,P577796
no_expected_no_live,577811,Q2168369,,Cuneiform Tablet BM 052854,"CDLI artifact: tablet; held by British Museum, London, UK; CDLI P577811",,,,,,P577811
no_expected_no_live,577846,Q2166259,,Cuneiform Tablet BM 052890,"CDLI artifact: tablet; held by British Museum, London, UK; CDLI P577846",,,,,,P577846
no_expected_no_live,577903,Q2165283,,Cuneiform Tablet BM 052952,"CDLI artifact: tablet; held by British Museum, London, UK; CDLI P577903",,,,,,P577903
no_expected_no_live,577915,Q2170499,,Cuneiform Tablet BM 052965,"CDLI artifact: tablet; held by British Museum, London, UK; CDLI P577915",,,,,,P577915
no_expected_no_live,577942,Q2149392,,Cuneiform Tablet BM 052993,"CDLI artifact: tablet; held by British Museum, London, UK; CDLI P577942",,,,,,P577942
no_expected_no_live,577954,Q2168167,,Cuneiform Tablet BM 053006,"CDLI artifact: tablet; held by British Museum, London, UK; CDLI P577954",,,,,,P577954
no_expected_no_live,577978,Q2163543,,Cuneiform Tablet BM 053031,"CDLI artifact: tablet; held by British Museum, London, UK; CDLI P577978",,,,,,P577978
no_expected_no_live,577997,Q2163347,,Cuneiform Tablet BM 053051,"CDLI artifact: tablet; held by British Museum, London, UK; CDLI P577997",,,,,,P577997
no_expected_no_live,578033,Q2166516,,Cuneiform Tablet BM 053088,"CDLI artifact: tablet; held by British Museum, London, UK; CDLI P578033",,,,,,P578033
no_expected_no_live,578048,Q2164651,,Cuneiform Tablet BM 053106,"CDLI artifact: tablet; held by British Museum, London, UK; CDLI P578048",,,,,,P578048
no_expected_no_live,578064,Q2047873,,Cuneiform Tablet BM 053125,"CDLI artifact: tablet; held by British Museum, London, UK; CDLI P578064",,,,,,P578064
no_expected_no_live,578072,Q2168796,,Cuneiform Tablet BM 053142,"CDLI artifact: tablet; held by British Museum, London, UK; CDLI P578072",,,,,,P578072
no_expected_no_live,578121,Q2063732,,Cuneiform Tablet BM 053210,"CDLI artifact: tablet; held by British Museum, London, UK; CDLI P578121",,,,,,P578121
no_expected_no_live,578137,Q2169737,,Cuneiform Tablet BM 053228,"CDLI artifact: tablet; held by British Museum, London, UK; CDLI P578137",,,,,,P578137
no_expected_no_live,578176,Q2167448,,Cuneiform Tablet BM 053269,"CDLI artifact: tablet; held by British Museum, London, UK; CDLI P578176",,,,,,P578176
no_expected_no_live,578199,Q2166704,,Cuneiform Tablet BM 053307,"CDLI artifact: tablet; held by British Museum, London, UK; CDLI P578199",,,,,,P578199
no_expected_no_live,578208,Q2167631,,Cuneiform Tablet BM 053330,"CDLI artifact: tablet; held by British Museum, London, UK; CDLI P578208",,,,,,P578208
no_expected_no_live,578224,Q2164027,,Cuneiform Tablet BM 053370,"CDLI artifact: tablet; held by British Museum, London, UK; CDLI P578224",,,,,,P578224
no_expected_no_live,578249,Q2170000,,Cuneiform Tablet BM 053402,"CDLI artifact: tablet; held by British Museum, London, UK; CDLI P578249",,,,,,P578249
no_expected_no_live,578361,Q2163095,,Cuneiform Tablet BM 053542,"CDLI artifact: tablet; held by British Museum, London, UK; CDLI P578361",,,,,,P578361
no_expected_no_live,578418,Q2164854,,Cuneiform Tablet BM 053612,"CDLI artifact: tablet; held by British Museum, London, UK; CDLI P578418",,,,,,P578418
no_expected_no_live,578434,Q2047556,,Cuneiform Tablet BM 053640,"CDLI artifact: tablet; held by British Museum, London, UK; CDLI P578434",,,,,,P578434
no_expected_no_live,578463,Q2166689,,Cuneiform Tablet BM 053693,"CDLI artifact: tablet; held by British Museum, London, UK; CDLI P578463",,,,,,P578463
no_expected_no_live,578526,Q2167606,,Cuneiform Tablet BM 053765,"CDLI artifact: tablet; held by British Museum, London, UK; CDLI P578526",,,,,,P578526
no_expected_no_live,578567,Q2169871,,Cuneiform Tablet BM 053864,"CDLI artifact: tablet; held by British Museum, London, UK; CDLI P578567",,,,,,P578567
no_expected_no_live,578571,Q2048073,,Cuneiform Tablet BM 053870,"CDLI artifact: tablet; held by British Museum, London, UK; CDLI P578571",,,,,,P578571
no_expected_no_live,578588,Q2168882,,Cuneiform Tablet BM 053897,"CDLI artifact: tablet; held by British Museum, London, UK; CDLI P578588",,,,,,P578588
no_expected_no_live,578619,Q2170125,,Cuneiform Tablet BM 053950,"CDLI artifact: tablet; held by British Museum, London, UK; CDLI P578619",,,,,,P578619
no_expected_no_live,578658,Q2167804,,Cuneiform Tablet BM 053998,"CDLI artifact: tablet; held by British Museum, London, UK; CDLI P578658",,,,,,P578658
no_expected_no_live,578674,Q2163915,,Cuneiform Tablet BM 054008,"CDLI artifact: tablet; held by British Museum, London, UK; CDLI P578674",,,,,,P578674
no_expected_no_live,578731,Q2162961,,Cuneiform Tablet BM 054098,"CDLI artifact: tablet; held by British Museum, London, UK; CDLI P578731",,,,,,P578731
no_expected_no_live,578822,Q2146869,,Cuneiform Tablet BM 054247,"CDLI artifact: tablet; held by British Museum, London, UK; CDLI P578822",,,,,,P578822
no_expected_no_live,578859,Q2162202,,Cuneiform Tablet BM 054302,"CDLI artifact: tablet; held by British Museum, London, UK; CDLI P578859",,,,,,P578859
no_expected_no_live,578930,Q2166827,,Cuneiform Tablet BM 054635,"CDLI artifact: tablet; held by British Museum, London, UK; CDLI P578930",,,,,,P578930
no_expected_no_live,578967,Q2047257,,Cuneiform Tablet BM 054708,"CDLI artifact: tablet; held by British Museum, London, UK; CDLI P578967",,,,,,P578967
no_expected_no_live,579008,Q2170425,,Cuneiform Tablet BM 054796,"CDLI artifact: tablet; held by British Museum, London, UK; CDLI P579008",,,,,,P579008
no_expected_no_live,579049,Q2168077,,Cuneiform Tablet BM 054862,"CDLI artifact: tablet; held by British Museum, London, UK; CDLI P579049",,,,,,P579049
no_expected_no_live,579065,Q2163611,,Cuneiform Tablet BM 054881,"CDLI artifact: tablet; held by British Museum, London, UK; CDLI P579065",,,,,,P579065
no_expected_no_live,579120,Q2163264,,Cuneiform Tablet BM 054953,"CDLI artifact: tablet; held by British Museum, London, UK; CDLI P579120",,,,,,P579120
no_expected_no_live,579209,Q2165167,,Cuneiform Tablet BM 055065,"CDLI artifact: tablet; held by British Museum, London, UK; CDLI P579209",,,,,,P579209
no_expected_no_live,579225,Q2030393,,Cuneiform Tablet BM 055083,"CDLI artifact: tablet; held by British Museum, London, UK; CDLI P579225",,,,,,P579225
no_expected_no_live,579233,Q2169201,,Cuneiform Tablet BM 055091,"CDLI artifact: tablet; held by British Museum, London, UK; CDLI P579233",,,,,,P579233
no_expected_no_live,579272,Q2166961,,Cuneiform Tablet BM 055145,"CDLI artifact: tablet; held by British Museum, London, UK; CDLI P579272",,,,,,P579272
no_expected_no_live,579360,Q2142979,,Cuneiform Tablet BM 055276,"CDLI artifact: tablet; held by British Museum, London, UK; CDLI P579360",,,,,,P579360
no_expected_no_live,579376,Q2169557,,Cuneiform Tablet BM 055298,"CDLI artifact: tablet; held by British Museum, London, UK; CDLI P579376",,,,,,P579376
no_expected_no_live,579419,Q2167929,,Cuneiform Tablet BM 055361,"CDLI artifact: tablet; held by British Museum, London, UK; CDLI P579419",,,,,,P579419
no_expected_no_live,579435,Q2163753,,Cuneiform Tablet BM 055383,"CDLI artifact: tablet; held by British Museum, London, UK; CDLI P579435",,,,,,P579435
no_expected_no_live,579458,Q2170285,,Cuneiform Tablet BM 055423,"CDLI artifact: tablet; held by British Museum, London, UK; CDLI P579458",,,,,,P579458
no_expected_no_live,579622,Q2166798,,Cuneiform Tablet BM 058530,"CDLI artifact: tablet; from Sippar-Yahrurum (mod. Tell Abu Habbah); held by British Museum, London, UK; CDLI P579622",,,,,,P579622
no_expected_no_live,579663,Q2169090,,Cuneiform Tablet BM 058573,"CDLI artifact: tablet; from Sippar-Yahrurum (mod. Tell Abu Habbah); held by British Museum, London, UK; CDLI P579663",,,,,,P579663
no_expected_no_live,579675,Q2047226,,Cuneiform Tablet BM 058587,"CDLI artifact: tablet; from Sippar-Yahrurum (mod. Tell Abu Habbah); held by British Museum, London, UK; CDLI P579675",,,,,,P579675
no_expected_no_live,579726,Q2169437,,Cuneiform Tablet BM 058638,"CDLI artifact: tablet; from Sippar-Yahrurum (mod. Tell Abu Habbah); held by British Museum, London, UK; CDLI P579726",,,,,,P579726
no_expected_no_live,579730,Q2146245,,Cuneiform Tablet BM 058643,"CDLI artifact: tablet; from Sippar-Yahrurum (mod. Tell Abu Habbah); held by British Museum, London, UK; CDLI P579730",,,,,,P579730
no_expected_no_live,579767,Q2167159,,Cuneiform Tablet BM 058683,"CDLI artifact: tablet; from Sippar-Yahrurum (mod. Tell Abu Habbah); held by British Museum, London, UK; CDLI P579767",,,,,,P579767
no_expected_no_live,579788,Q2166981,,Cuneiform Tablet BM 058704,"CDLI artifact: tablet; from Sippar-Yahrurum (mod. Tell Abu Habbah); held by British Museum, London, UK; CDLI P579788",,,,,,P579788
no_expected_no_live,579819,Q2160636,,Cuneiform Tablet BM 058736,"CDLI artifact: tablet; from Sippar-Yahrurum (mod. Tell Abu Habbah); held by British Museum, London, UK; CDLI P579819",,,,,,P579819
no_expected_no_live,579823,Q2162957,,"Cuneiform Tablet AOAT 315, no. 85","CDLI artifact: tablet; from Sippar-Yahrurum (mod. Tell Abu Habbah); held by British Museum, London, UK; CDLI P579823",,,,,,P579823
no_expected_no_live,579858,Q2165881,,Cuneiform Tablet BM 058778,"CDLI artifact: tablet; from Sippar-Yahrurum (mod. Tell Abu Habbah); held by British Museum, London, UK; CDLI P579858",,,,,,P579858
no_expected_no_live,579989,Q2163132,,Cuneiform Tablet BM 058920,"CDLI artifact: tablet; from Sippar-Yahrurum (mod. Tell Abu Habbah); held by British Museum, London, UK; CDLI P579989",,,,,,P579989
no_expected_no_live,580010,Q2163503,,Cuneiform Tablet BM 058942,"CDLI artifact: tablet; from Sippar-Yahrurum (mod. Tell Abu Habbah); held by British Museum, London, UK; CDLI P580010",,,,,,P580010
no_expected_no_live,580084,Q2166347,,Cuneiform Tablet BM 059021,"CDLI artifact: tablet; from Sippar-Yahrurum (mod. Tell Abu Habbah); held by British Museum, London, UK; CDLI P580084",,,,,,P580084
no_expected_no_live,580092,Q2170612,,Cuneiform Tablet BM 059029,"CDLI artifact: tablet; from Sippar-Yahrurum (mod. Tell Abu Habbah); held by British Museum, London, UK; CDLI P580092",,,,,,P580092
no_expected_no_live,580179,Q2168424,,Cuneiform Tablet BM 059120,"CDLI artifact: tablet; from Sippar-Yahrurum (mod. Tell Abu Habbah); held by British Museum, London, UK; CDLI P580179",,,,,,P580179
no_expected_no_live,580196,Q2167943,,Cuneiform Tablet BM 059138,"CDLI artifact: tablet; from Sippar-Yahrurum (mod. Tell Abu Habbah); held by British Museum, London, UK; CDLI P580196",,,,,,P580196
no_expected_no_live,580207,Q2166998,,Cuneiform Tablet BM 059149,"CDLI artifact: tablet; from Sippar-Yahrurum (mod. Tell Abu Habbah); held by British Museum, London, UK; CDLI P580207",,,,,,P580207
no_expected_no_live,580246,Q2169310,,Cuneiform Tablet BM 059194,"CDLI artifact: tablet; from Sippar-Yahrurum (mod. Tell Abu Habbah); held by British Museum, London, UK; CDLI P580246",,,,,,P580246
no_expected_no_live,580293,Q2164160,,Cuneiform Tablet BM 059248,"CDLI artifact: tablet; from Sippar-Yahrurum (mod. Tell Abu Habbah); held by British Museum, London, UK; CDLI P580293",,,,,,P580293
no_expected_no_live,580303,Q2169524,,Cuneiform Tablet BM 059265,"CDLI artifact: tablet; from Sippar-Yahrurum (mod. Tell Abu Habbah); held by British Museum, London, UK; CDLI P580303",,,,,,P580303
no_expected_no_live,580315,Q2143627,,Cuneiform Tablet BM 059280,"CDLI artifact: tablet; from Sippar-Yahrurum (mod. Tell Abu Habbah); held by British Museum, London, UK; CDLI P580315",,,,,,P580315
no_expected_no_live,580339,Q2164257,,Cuneiform Tablet BM 059304,"CDLI artifact: tablet; from Sippar-Yahrurum (mod. Tell Abu Habbah); held by British Museum, London, UK; CDLI P580339",,,,,,P580339
no_expected_no_live,580342,Q2167212,,Cuneiform Tablet BM 059307,"CDLI artifact: tablet; from Sippar-Yahrurum (mod. Tell Abu Habbah); held by British Museum, London, UK; CDLI P580342",,,,,,P580342
no_expected_no_live,580381,Q2162558,,Cuneiform Tablet BM 059351,"CDLI artifact: tablet; from Sippar-Yahrurum (mod. Tell Abu Habbah); held by British Museum, London, UK; CDLI P580381",,,,,,P580381
no_expected_no_live,580483,Q2168444,,Cuneiform Tablet BM 059468,"CDLI artifact: tablet; from Sippar-Yahrurum (mod. Tell Abu Habbah); held by British Museum, London, UK; CDLI P580483",,,,,,P580483
no_expected_no_live,580495,Q2166043,,Cuneiform Tablet BM 059480,"CDLI artifact: tablet; from Sippar-Yahrurum (mod. Tell Abu Habbah); held by British Museum, London, UK; CDLI P580495",,,,,,P580495
no_expected_no_live,580505,Q2163431,,Cuneiform Tablet BM 059495,"CDLI artifact: tablet; from Sippar-Yahrurum (mod. Tell Abu Habbah); held by British Museum, London, UK; CDLI P580505",,,,,,P580505
no_expected_no_live,580529,Q2168275,,Cuneiform Tablet BM 059521,"CDLI artifact: tablet; from Sippar-Yahrurum (mod. Tell Abu Habbah); held by British Museum, London, UK; CDLI P580529",,,,,,P580529
no_expected_no_live,580587,Q2170442,,Cuneiform Tablet BM 059593,"CDLI artifact: tablet; from Sippar-Yahrurum (mod. Tell Abu Habbah); held by British Museum, London, UK; CDLI P580587",,,,,,P580587
no_expected_no_live,580591,Q2165369,,Cuneiform Tablet BM 059599,"CDLI artifact: tablet; from Sippar-Yahrurum (mod. Tell Abu Habbah); held by British Museum, London, UK; CDLI P580591",,,,,,P580591
no_expected_no_live,580600,Q2044638,,Cuneiform Tablet BM 059608,"CDLI artifact: tablet; from Sippar-Yahrurum (mod. Tell Abu Habbah); held by British Museum, London, UK; CDLI P580600",,,,,,P580600
no_expected_no_live,580616,Q2169193,,Cuneiform Tablet BM 059636,"CDLI artifact: tablet; from Sippar-Yahrurum (mod. Tell Abu Habbah); held by British Museum, London, UK; CDLI P580616",,,,,,P580616
no_expected_no_live,580657,Q2166831,,Cuneiform Tablet BM 059684,"CDLI artifact: tablet; from Sippar-Yahrurum (mod. Tell Abu Habbah); held by British Museum, London, UK; CDLI P580657",,,,,,P580657
no_expected_no_live,580753,Q2169397,,Cuneiform Tablet BM 059798,"CDLI artifact: tablet; from Sippar-Yahrurum (mod. Tell Abu Habbah); held by British Museum, London, UK; CDLI P580753",,,,,,P580753
no_expected_no_live,580786,Q2165142,,Cuneiform Tablet BM 059833,"CDLI artifact: tablet; from Sippar-Yahrurum (mod. Tell Abu Habbah); held by British Museum, London, UK; CDLI P580786",,,,,,P580786
no_expected_no_live,580856,Q2162993,,Cuneiform Tablet BM 059909,"CDLI artifact: tablet; from Sippar-Yahrurum (mod. Tell Abu Habbah); held by British Museum, London, UK; CDLI P580856",,,,,,P580856
no_expected_no_live,580883,Q2159429,,Cuneiform Tablet BM 059941,"CDLI artifact: tablet; from Sippar-Yahrurum (mod. Tell Abu Habbah); held by British Museum, London, UK; CDLI P580883",,,,,,P580883
no_expected_no_live,580895,Q2167628,,Cuneiform Tablet BM 059959,"CDLI artifact: tablet; from Sippar-Yahrurum (mod. Tell Abu Habbah); held by British Museum, London, UK; CDLI P580895",,,,,,P580895
no_expected_no_live,580913,Q2163784,,Cuneiform Tablet BM 059980,"CDLI artifact: tablet; from Sippar-Yahrurum (mod. Tell Abu Habbah); held by British Museum, London, UK; CDLI P580913",,,,,,P580913
no_expected_no_live,580929,Q2154144,,Cuneiform Tablet BM 059998,"CDLI artifact: tablet; from Sippar-Yahrurum (mod. Tell Abu Habbah); held by British Museum, London, UK; CDLI P580929",,,,,,P580929
no_expected_no_live,580987,Q2166017,,Cuneiform Tablet BM 060059,"CDLI artifact: tablet; from Sippar-Yahrurum (mod. Tell Abu Habbah); held by British Museum, London, UK; CDLI P580987",,,,,,P580987
no_expected_no_live,581007,Q2168901,,Cuneiform Tablet BM 060142,"CDLI artifact: tablet; held by British Museum, London, UK; CDLI P581007",,,,,,P581007
no_expected_no_live,581011,Q2047616,,Cuneiform Tablet BM 060148,"CDLI artifact: tablet; held by British Museum, London, UK; CDLI P581011",,,,,,P581011
no_expected_no_live,581046,Q2166558,,Cuneiform Tablet BM 060252,"CDLI artifact: tablet; from Sippar-Yahrurum (mod. Tell Abu Habbah); held by British Museum, London, UK; CDLI P581046",,,,,,P581046
no_expected_no_live,581103,Q2167335,,Cuneiform Artifact BM 060499,"CDLI artifact: tag; held by British Museum, London, UK; CDLI P581103",,,,,,P581103
no_expected_no_live,581154,Q2063824,,Cuneiform Tablet BM 060724,"CDLI artifact: tablet; held by British Museum, London, UK; CDLI P581154",,,,,,P581154
no_expected_no_live,581178,Q2164405,,Cuneiform Tablet BM 060789,"CDLI artifact: tablet; held by British Museum, London, UK; CDLI P581178",,,,,,P581178
no_expected_no_live,581251,Q2163931,,Cuneiform Tablet BM 060889,"CDLI artifact: tablet; held by British Museum, London, UK; CDLI P581251",,,,,,P581251
no_expected_no_live,581416,Q2166714,,Cuneiform Tablet BM 061018,"CDLI artifact: tablet; held by British Museum, London, UK; CDLI P581416",,,,,,P581416
no_expected_no_live,581482,Q2164466,,Cuneiform Tablet BM 061099,"CDLI artifact: tablet; held by British Museum, London, UK; CDLI P581482",,,,,,P581482
no_expected_no_live,581528,Q2164572,,Cuneiform Tablet BM 061161,"CDLI artifact: tablet; held by British Museum, London, UK; CDLI P581528",,,,,,P581528
no_expected_no_live,581553,Q2167496,,Cuneiform Tablet BM 061194,"CDLI artifact: tablet; held by British Museum, London, UK; CDLI P581553",,,,,,P581553
no_expected_no_live,581590,Q2162859,,Cuneiform Tablet BM 061242,"CDLI artifact: tablet; held by British Museum, London, UK; CDLI P581590",,,,,,P581590
no_expected_no_live,581601,Q2163800,,Cuneiform Tablet BM 061255,"CDLI artifact: tablet; held by British Museum, London, UK; CDLI P581601",,,,,,P581601
no_expected_no_live,581787,Q2167654,,Cuneiform Tablet BM 061507,"CDLI artifact: tablet; held by British Museum, London, UK; CDLI P581787",,,,,,P581787
no_expected_no_live,581791,Q2159331,,Cuneiform Tablet BM 061511,"CDLI artifact: tablet; held by British Museum, London, UK; CDLI P581791",,,,,,P581791
no_expected_no_live,581800,Q2167057,,Cuneiform Tablet BM 061521,"CDLI artifact: tablet; held by British Museum, London, UK; CDLI P581800",,,,,,P581800
no_expected_no_live,581841,Q2169390,,Cuneiform Tablet BM 061576,"CDLI artifact: tablet; held by British Museum, London, UK; CDLI P581841",,,,,,P581841
no_expected_no_live,581894,Q2165155,,Cuneiform Tablet BM 061643,"CDLI artifact: tablet; held by British Museum, London, UK; CDLI P581894",,,,,,P581894
no_expected_no_live,581969,Q2162530,,Cuneiform Tablet BM 061740,"CDLI artifact: tablet; held by British Museum, London, UK; CDLI P581969",,,,,,P581969
no_expected_no_live,582001,Q2168225,,Cuneiform Tablet BM 061790,"CDLI artifact: tablet; held by British Museum, London, UK; CDLI P582001",,,,,,P582001
no_expected_no_live,582040,Q2170455,,Cuneiform Tablet BM 061835,"CDLI artifact: tablet; held by British Museum, London, UK; CDLI P582040",,,,,,P582040
no_expected_no_live,582056,Q2165329,,Cuneiform Tablet BM 061855,"CDLI artifact: tablet; held by British Museum, London, UK; CDLI P582056",,,,,,P582056
no_expected_no_live,582113,Q2166320,,Cuneiform Tablet BM 061917,"CDLI artifact: tablet; held by British Museum, London, UK; CDLI P582113",,,,,,P582113
no_expected_no_live,582144,Q2168417,,Cuneiform Tablet BM 061959,"CDLI artifact: tablet; held by British Museum, London, UK; CDLI P582144",,,,,,P582144
no_expected_no_live,582168,Q2163293,,Cuneiform Tablet BM 061989,"CDLI artifact: tablet; held by British Museum, London, UK; CDLI P582168",,,,,,P582168
no_expected_no_live,582187,Q2163774,,"Cuneiform Tablet BabAr 4, no. 4","CDLI artifact: tablet; from Sippar-Yahrurum (mod. Tell Abu Habbah); held by British Museum, London, UK; CDLI P582187",,,,,,P582187
no_expected_no_live,582216,Q2162402,,Cuneiform Tablet BM 062039,"CDLI artifact: tablet; held by British Museum, London, UK; CDLI P582216",,,,,,P582216
no_expected_no_live,582241,Q2165266,,Cuneiform Tablet BM 062071,"CDLI artifact: tablet; held by British Museum, London, UK; CDLI P582241",,,,,,P582241
no_expected_no_live,582282,Q2146885,,Cuneiform Tablet BM 062118,"CDLI artifact: tablet; held by British Museum, London, UK; CDLI P582282",,,,,,P582282
no_expected_no_live,582304,Q2164281,,Cuneiform Tablet BM 062145,"CDLI artifact: tablet; held by British Museum, London, UK; CDLI P582304",,,,,,P582304
no_expected_no_live,582328,Q2143791,,Cuneiform Tablet BM 062174,"CDLI artifact: tablet; held by British Museum, London, UK; CDLI P582328",,,,,,P582328
no_expected_no_live,582390,Q2166824,,Cuneiform Tablet BM 062241,"CDLI artifact: tablet; held by British Museum, London, UK; CDLI P582390",,,,,,P582390
no_expected_no_live,582406,Q2165470,,Cuneiform Tablet BM 062260,"CDLI artifact: tablet; held by British Museum, London, UK; CDLI P582406",,,,,,P582406
no_expected_no_live,582410,Q2170318,,Cuneiform Tablet BM 062264,"CDLI artifact: tablet; held by British Museum, London, UK; CDLI P582410",,,,,,P582410
no_expected_no_live,582447,Q2151404,,Cuneiform Tablet BM 062302,"CDLI artifact: tablet; held by British Museum, London, UK; CDLI P582447",,,,,,P582447
no_expected_no_live,582492,Q2163236,,Cuneiform Tablet BM 062347,"CDLI artifact: tablet; held by British Museum, London, UK; CDLI P582492",,,,,,P582492
no_expected_no_live,582502,Q2168726,,Cuneiform Tablet BM 062358,"CDLI artifact: tablet; held by British Museum, London, UK; CDLI P582502",,,,,,P582502
no_expected_no_live,582543,Q2166444,,Cuneiform Tablet BM 062416,"CDLI artifact: tablet; held by British Museum, London, UK; CDLI P582543",,,,,,P582543
no_expected_no_live,582555,Q2170528,,Cuneiform Tablet BM 062432,"CDLI artifact: tablet; held by British Museum, London, UK; CDLI P582555",,,,,,P582555
no_expected_no_live,582646,Q2162515,,Cuneiform Tablet BM 062533,"CDLI artifact: tablet; held by British Museum, London, UK; CDLI P582646",,,,,,P582646
no_expected_no_live,582685,Q2167287,,Cuneiform Tablet BM 062584,"CDLI artifact: tablet; held by British Museum, London, UK; CDLI P582685",,,,,,P582685
no_expected_no_live,582754,Q2164118,,Cuneiform Tablet BM 062663,"CDLI artifact: tablet; held by British Museum, London, UK; CDLI P582754",,,,,,P582754
no_expected_no_live,582810,Q2166001,,Cuneiform Tablet BM 062725,"CDLI artifact: tablet; held by British Museum, London, UK; CDLI P582810",,,,,,P582810
no_expected_no_live,582847,Q1932789,,Cuneiform Tablet BM 062772,"CDLI artifact: tablet; held by British Museum, London, UK; CDLI P582847",,,,,,P582847
no_expected_no_live,582902,Q2167900,,Cuneiform Tablet BM 062830,"CDLI artifact: tablet; held by British Museum, London, UK; CDLI P582902",,,,,,P582902
no_expected_no_live,582914,Q2154327,,Cuneiform Tablet BM 062844,"CDLI artifact: tablet; held by British Museum, London, UK; CDLI P582914",,,,,,P582914
no_expected_no_live,582943,Q2170180,,Cuneiform Tablet BM 062875,"CDLI artifact: tablet; held by British Museum, London, UK; CDLI P582943",,,,,,P582943
no_expected_no_live,583057,Q2162801,,Cuneiform Tablet BM 016708,"CDLI artifact: tablet; from Babylon (mod. Bābil); held by British Museum, London, UK; CDLI P583057",,,,,,P583057
no_expected_no_live,583094,Q2167599,,"Cuneiform Tablet MacGinnis, Mes 31, no. 12","CDLI artifact: tablet; from Sippar-Yahrurum (mod. Tell Abu Habbah); held by British Museum, London, UK; CDLI P583094",,,,,,P583094
no_expected_no_live,583145,Q2164404,,Cuneiform Tablet BM 074189,"CDLI artifact: tablet; held by British Museum, London, UK; CDLI P583145",,,,,,P583145
no_expected_no_live,583186,Q2047548,,Cuneiform Tablet BM 063026,"CDLI artifact: tablet; held by British Museum, London, UK; CDLI P583186",,,,,,P583186
no_expected_no_live,583190,Q2168947,,Cuneiform Tablet BM 063031,"CDLI artifact: tablet; held by British Museum, London, UK; CDLI P583190",,,,,,P583190
no_expected_no_live,583201,Q2170046,,Cuneiform Tablet BM 063042,"CDLI artifact: tablet; held by British Museum, London, UK; CDLI P583201",,,,,,P583201
no_expected_no_live,583217,Q2165787,,Cuneiform Tablet BM 063062,"CDLI artifact: tablet; held by British Museum, London, UK; CDLI P583217",,,,,,P583217
no_expected_no_live,583256,Q2157423,,Cuneiform Tablet BM 063103,"CDLI artifact: tablet; held by British Museum, London, UK; CDLI P583256",,,,,,P583256
no_expected_no_live,583283,Q2162958,,Cuneiform Tablet BM 063132,"CDLI artifact: tablet; held by British Museum, London, UK; CDLI P583283",,,,,,P583283
no_expected_no_live,583352,Q2166147,,Cuneiform Tablet BM 063207,"CDLI artifact: tablet; held by British Museum, London, UK; CDLI P583352",,,,,,P583352
no_expected_no_live,583407,Q2162664,,Cuneiform Tablet BM 063270,"CDLI artifact: tablet; held by British Museum, London, UK; CDLI P583407",,,,,,P583407
no_expected_no_live,583493,Q2063755,,Cuneiform Tablet BM 063363,"CDLI artifact: tablet; held by British Museum, London, UK; CDLI P583493",,,,,,P583493
no_expected_no_live,583539,Q2048110,,Cuneiform Tablet BM 063415,"CDLI artifact: tablet; held by British Museum, London, UK; CDLI P583539",,,,,,P583539
no_expected_no_live,583581,Q2166523,,Cuneiform Tablet BM 063460,"CDLI artifact: tablet; held by British Museum, London, UK; CDLI P583581",,,,,,P583581
no_expected_no_live,583606,Q2153886,,Cuneiform Tablet BM 063485,"CDLI artifact: tablet; held by British Museum, London, UK; CDLI P583606",,,,,,P583606
no_expected_no_live,583610,Q2167903,,Cuneiform Tablet BM 063489,"CDLI artifact: tablet; held by British Museum, London, UK; CDLI P583610",,,,,,P583610
no_expected_no_live,583651,Q2170182,,Cuneiform Tablet BM 063533,"CDLI artifact: tablet; held by British Museum, London, UK; CDLI P583651",,,,,,P583651
no_expected_no_live,583702,Q2166005,,Cuneiform Tablet BM 063592,"CDLI artifact: tablet; held by British Museum, London, UK; CDLI P583702",,,,,,P583702
no_expected_no_live,583743,Q2161133,,Cuneiform Tablet BM 063637,"CDLI artifact: tablet; held by British Museum, London, UK; CDLI P583743",,,,,,P583743
no_expected_no_live,583755,Q2011295,,Cuneiform Tablet BM 063651,"CDLI artifact: tablet; held by British Museum, London, UK; CDLI P583755",,,,,,P583755
no_expected_no_live,583796,Q2164047,,Cuneiform Tablet BM 063702,"CDLI artifact: tablet; held by British Museum, London, UK; CDLI P583796",,,,,,P583796
no_expected_no_live,583811,Q2162325,,Cuneiform Tablet BM 063719,"CDLI artifact: tablet; held by British Museum, London, UK; CDLI P583811",,,,,,P583811
no_expected_no_live,583846,Q2164125,,Cuneiform Tablet BM 063758,"CDLI artifact: tablet; held by British Museum, London, UK; CDLI P583846",,,,,,P583846
no_expected_no_live,584194,Q2170167,,Cuneiform Tablet BM 064233,"CDLI artifact: tablet; held by British Museum, London, UK; CDLI P584194",,,,,,P584194
no_expected_no_live,584205,Q2168778,,Cuneiform Tablet BM 064249,"CDLI artifact: tablet; held by British Museum, London, UK; CDLI P584205",,,,,,P584205
no_expected_no_live,584213,Q2047944,,Cuneiform Tablet BM 064263,"CDLI artifact: tablet; held by British Museum, London, UK; CDLI P584213",,,,,,P584213
no_expected_no_live,584301,Q2167462,,Cuneiform Tablet BM 064410,"CDLI artifact: tablet; held by British Museum, London, UK; CDLI P584301",,,,,,P584301
no_expected_no_live,584340,Q2169724,,Cuneiform Tablet BM 064454,"CDLI artifact: tablet; held by British Museum, London, UK; CDLI P584340",,,,,,P584340
no_expected_no_live,584356,Q2063778,,Cuneiform Tablet BM 064471,"CDLI artifact: tablet; held by British Museum, London, UK; CDLI P584356",,,,,,P584356
no_expected_no_live,584439,Q2156882,,Cuneiform Tablet BM 064587,"CDLI artifact: tablet; held by British Museum, London, UK; CDLI P584439",,,,,,P584439
no_expected_no_live,584478,Q2165668,,Cuneiform Tablet BM 064634,"CDLI artifact: tablet; held by British Museum, London, UK; CDLI P584478",,,,,,P584478
no_expected_no_live,584546,Q2162949,,Cuneiform Tablet BM 064716,"CDLI artifact: tablet; held by British Museum, London, UK; CDLI P584546",,,,,,P584546
no_expected_no_live,584585,Q2167752,,Cuneiform Tablet BM 064761,"CDLI artifact: tablet; held by British Museum, London, UK; CDLI P584585",,,,,,P584585
no_expected_no_live,584614,Q2166672,,Cuneiform Tablet BM 064797,"CDLI artifact: tablet; held by British Museum, London, UK; CDLI P584614",,,,,,P584614
no_expected_no_live,584638,Q2162689,,Cuneiform Tablet BM 064832,"CDLI artifact: tablet; held by British Museum, London, UK; CDLI P584638",,,,,,P584638
no_expected_no_live,584655,Q2168932,,Cuneiform Tablet BM 064853,"CDLI artifact: tablet; held by British Museum, London, UK; CDLI P584655",,,,,,P584655
no_expected_no_live,584680,Q2164415,,Cuneiform Tablet BM 064885,"CDLI artifact: tablet; held by British Museum, London, UK; CDLI P584680",,,,,,P584680
no_expected_no_live,584710,Q2169893,,Cuneiform Tablet BM 064932,"CDLI artifact: tablet; held by British Museum, London, UK; CDLI P584710",,,,,,P584710
no_expected_no_live,584792,Q2162794,,Cuneiform Tablet BM 065033,"CDLI artifact: tablet; held by British Museum, London, UK; CDLI P584792",,,,,,P584792
no_expected_no_live,584839,Q2168293,,Cuneiform Tablet BM 065088,"CDLI artifact: tablet; held by British Museum, London, UK; CDLI P584839",,,,,,P584839
no_expected_no_live,584881,Q2165313,,Cuneiform Tablet BM 065161,"CDLI artifact: tablet; held by British Museum, London, UK; CDLI P584881",,,,,,P584881
no_expected_no_live,584897,Q2170471,,Cuneiform Tablet BM 065181,"CDLI artifact: tablet; held by British Museum, London, UK; CDLI P584897",,,,,,P584897
no_expected_no_live,584993,Q2168397,,Cuneiform Tablet BM 065299,"CDLI artifact: tablet; held by British Museum, London, UK; CDLI P584993",,,,,,P584993
no_expected_no_live,585005,Q2166938,,Cuneiform Tablet BM 065312,"CDLI artifact: tablet; held by British Museum, London, UK; CDLI P585005",,,,,,P585005
no_expected_no_live,585044,Q2169229,,Cuneiform Tablet BM 065357,"CDLI artifact: tablet; held by British Museum, London, UK; CDLI P585044",,,,,,P585044
no_expected_no_live,585052,Q2027187,,Cuneiform Tablet BM 065365,"CDLI artifact: tablet; held by British Museum, London, UK; CDLI P585052",,,,,,P585052
no_expected_no_live,585091,Q2164112,,Cuneiform Tablet BM 065412,"CDLI artifact: tablet; held by British Museum, London, UK; CDLI P585091",,,,,,P585091
no_expected_no_live,585101,Q2169567,,Cuneiform Tablet BM 065422,"CDLI artifact: tablet; held by British Museum, London, UK; CDLI P585101",,,,,,P585101
no_expected_no_live,585117,Q2142717,,Cuneiform Tablet BM 065441,"CDLI artifact: tablet; held by British Museum, London, UK; CDLI P585117",,,,,,P585117
no_expected_no_live,585140,Q2167308,,Cuneiform Tablet BM 065468,"CDLI artifact: tablet; held by British Museum, London, UK; CDLI P585140",,,,,,P585140
no_expected_no_live,585183,Q2162517,,Cuneiform Tablet BM 065523,"CDLI artifact: tablet; held by British Museum, London, UK; CDLI P585183",,,,,,P585183
no_expected_no_live,585228,Q2150605,,Cuneiform Tablet BM 065583,"CDLI artifact: tablet; held by British Museum, London, UK; CDLI P585228",,,,,,P585228
no_expected_no_live,585269,Q2165366,,Cuneiform Tablet BM 065633,"CDLI artifact: tablet; held by British Museum, London, UK; CDLI P585269",,,,,,P585269
no_expected_no_live,585286,Q2166439,,Cuneiform Tablet BM 065657,"CDLI artifact: tablet; held by British Museum, London, UK; CDLI P585286",,,,,,P585286
no_expected_no_live,585357,Q2163241,,Cuneiform Tablet BM 065758,"CDLI artifact: tablet; held by British Museum, London, UK; CDLI P585357",,,,,,P585357
no_expected_no_live,585382,Q2151486,,Cuneiform Tablet BM 065785,"CDLI artifact: tablet; held by British Museum, London, UK; CDLI P585382",,,,,,P585382
no_expected_no_live,585394,Q2168042,,Cuneiform Tablet BM 065797,"CDLI artifact: tablet; held by British Museum, London, UK; CDLI P585394",,,,,,P585394
no_expected_no_live,585414,Q2169071,,"Cuneiform Tablet BM 065817 + 1882-09-18, 05808","CDLI artifact: tablet; held by British Museum, London, UK; CDLI P585414",,,,,,P585414
no_expected_no_live,585455,Q2166818,,Cuneiform Tablet BM 065864,"CDLI artifact: tablet; held by British Museum, London, UK; CDLI P585455",,,,,,P585455
no_expected_no_live,585496,Q2162185,,Cuneiform Tablet BM 065908,"CDLI artifact: tablet; held by British Museum, London, UK; CDLI P585496",,,,,,P585496
no_expected_no_live,585551,Q2169419,,Cuneiform Tablet BM 065970,"CDLI artifact: tablet; held by British Museum, London, UK; CDLI P585551",,,,,,P585551
no_expected_no_live,585584,Q2165276,,Cuneiform Tablet BM 066001,"CDLI artifact: tablet; held by British Museum, London, UK; CDLI P585584",,,,,,P585584
no_expected_no_live,585639,Q2165531,,Cuneiform Tablet BM 066059,"CDLI artifact: tablet; held by British Museum, London, UK; CDLI P585639",,,,,,P585639
no_expected_no_live,585642,Q2163764,,Cuneiform Tablet BM 066065,"CDLI artifact: tablet; held by British Museum, London, UK; CDLI P585642",,,,,,P585642
no_expected_no_live,585678,Q2153080,,Cuneiform Tablet BM 066107,"CDLI artifact: tablet; held by British Museum, London, UK; CDLI P585678",,,,,,P585678
no_expected_no_live,585681,Q2168430,,Cuneiform Tablet BM 066110,"CDLI artifact: tablet; held by British Museum, London, UK; CDLI P585681",,,,,,P585681
no_expected_no_live,585785,Q2170468,,Cuneiform Tablet BM 066227,"CDLI artifact: tablet; held by British Museum, London, UK; CDLI P585785",,,,,,P585785
no_expected_no_live,585793,Q2165340,,Cuneiform Tablet BM 066238,"CDLI artifact: tablet; from Sippar-Yahrurum (mod. Tell Abu Habbah); held by British Museum, London, UK; CDLI P585793",,,,,,P585793
no_expected_no_live,585802,Q2169855,,Cuneiform Tablet BM 066249,"CDLI artifact: tablet; held by British Museum, London, UK; CDLI P585802",,,,,,P585802
no_expected_no_live,585814,Q2048044,,Cuneiform Tablet BM 066263,"CDLI artifact: tablet; held by British Museum, London, UK; CDLI P585814",,,,,,P585814
no_expected_no_live,585880,Q2162817,,Cuneiform Tablet BM 066333,"CDLI artifact: tablet; held by British Museum, London, UK; CDLI P585880",,,,,,P585880
no_expected_no_live,585906,Q2166678,,Cuneiform Tablet BM 066364,"CDLI artifact: tablet; held by British Museum, London, UK; CDLI P585906",,,,,,P585906
no_expected_no_live,585992,Q2164425,,Cuneiform Tablet BM 066458,"CDLI artifact: tablet; held by British Museum, London, UK; CDLI P585992",,,,,,P585992
no_expected_no_live,586003,Q2169994,,Cuneiform Tablet BM 066473,"CDLI artifact: tablet; held by British Museum, London, UK; CDLI P586003",,,,,,P586003
no_expected_no_live,586042,Q2167645,,Cuneiform Tablet BM 066513,"CDLI artifact: tablet; held by British Museum, London, UK; CDLI P586042",,,,,,P586042
no_expected_no_live,586081,Q2163010,,Cuneiform Tablet BM 066555,"CDLI artifact: tablet; held by British Museum, London, UK; CDLI P586081",,,,,,P586081
no_expected_no_live,586107,Q1362648,,Cuneiform Tablet BM 066595,"CDLI artifact: tablet; held by British Museum, London, UK; CDLI P586107",,,,,,P586107
no_expected_no_live,586111,Q2163409,,Cuneiform Tablet BM 066601,"CDLI artifact: tablet; held by British Museum, London, UK; CDLI P586111",,,,,,P586111
no_expected_no_live,586150,Q2166036,,Cuneiform Tablet BM 066673,"CDLI artifact: tablet; held by British Museum, London, UK; CDLI P586150",,,,,,P586150
no_expected_no_live,586202,Q2164683,,Cuneiform Tablet BM 066730,"CDLI artifact: tablet; held by British Museum, London, UK; CDLI P586202",,,,,,P586202
no_expected_no_live,586238,Q2168790,,Cuneiform Tablet BM 066771,"CDLI artifact: tablet; held by British Museum, London, UK; CDLI P586238",,,,,,P586238
no_expected_no_live,586279,Q2166527,,Cuneiform Tablet BM 066819,"CDLI artifact: tablet; held by British Museum, London, UK; CDLI P586279",,,,,,P586279
no_expected_no_live,586296,Q2167501,,Cuneiform Tablet BM 066839,"CDLI artifact: tablet; held by British Museum, London, UK; CDLI P586296",,,,,,P586296
no_expected_no_live,586384,Q2047328,,Cuneiform Tablet BM 066958,"CDLI artifact: tablet; held by British Museum, London, UK; CDLI P586384",,,,,,P586384
no_expected_no_live,586392,Q2169040,,Cuneiform Tablet BM 066969,"CDLI artifact: tablet; held by British Museum, London, UK; CDLI P586392",,,,,,P586392
no_expected_no_live,586445,Q2165680,,Cuneiform Tablet BM 067035,"CDLI artifact: tablet; held by British Museum, London, UK; CDLI P586445",,,,,,P586445
no_expected_no_live,586453,Q2170155,,Cuneiform Tablet BM 067043,"CDLI artifact: tablet; held by British Museum, London, UK; CDLI P586453",,,,,,P586453
no_expected_no_live,586500,Q2165890,,Cuneiform Tablet BM 067102,"CDLI artifact: tablet; held by British Museum, London, UK; CDLI P586500",,,,,,P586500
no_expected_no_live,586541,Q2160725,,Cuneiform Tablet BM 067150,"CDLI artifact: tablet; held by British Museum, London, UK; CDLI P586541",,,,,,P586541
no_expected_no_live,586557,Q2012401,,Cuneiform Tablet BM 067168,"CDLI artifact: tablet; held by British Museum, London, UK; CDLI P586557",,,,,,P586557
no_expected_no_live,586629,Q2166662,,Cuneiform Tablet BM 067255,"CDLI artifact: tablet; held by British Museum, London, UK; CDLI P586629",,,,,,P586629
no_expected_no_live,586652,Q2164849,,Cuneiform Tablet BM 067284,"CDLI artifact: tablet; held by British Museum, London, UK; CDLI P586652",,,,,,P586652
no_expected_no_live,586668,Q2168953,,Cuneiform Tablet BM 067308,"CDLI artifact: tablet; held by British Museum, London, UK; CDLI P586668",,,,,,P586668
no_expected_no_live,586691,Q2063796,,Cuneiform Tablet BM 067345,"CDLI artifact: tablet; held by British Museum, London, UK; CDLI P586691",,,,,,P586691
no_expected_no_live,586717,Q2164590,,Cuneiform Tablet BM 067380,"CDLI artifact: tablet; held by British Museum, London, UK; CDLI P586717",,,,,,P586717
no_expected_no_live,586783,Q2166544,,Cuneiform Tablet BM 067483,"CDLI artifact: tablet; held by British Museum, London, UK; CDLI P586783",,,,,,P586783
no_expected_no_live,586804,Q2168315,,Cuneiform Tablet BM 067505,"CDLI artifact: tablet; held by British Museum, London, UK; CDLI P586804",,,,,,P586804
no_expected_no_live,586812,Q2168695,,Cuneiform Tablet BM 067513,"CDLI artifact: tablet; held by British Museum, London, UK; CDLI P586812",,,,,,P586812
no_expected_no_live,586853,Q2166325,,Cuneiform Tablet BM 067562,"CDLI artifact: tablet; held by British Museum, London, UK; CDLI P586853",,,,,,P586853
no_expected_no_live,586900,Q2170296,,Cuneiform Tablet BM 067612,"CDLI artifact: tablet; held by British Museum, London, UK; CDLI P586900",,,,,,P586900
no_expected_no_live,586916,Q2165509,,Cuneiform Tablet BM 067628,"CDLI artifact: tablet; held by British Museum, London, UK; CDLI P586916",,,,,,P586916
no_expected_no_live,586941,Q2167932,,Cuneiform Tablet BM 067655,"CDLI artifact: tablet; held by British Museum, London, UK; CDLI P586941",,,,,,P586941
no_expected_no_live,586957,Q2153475,,Cuneiform Tablet BM 067672,"CDLI artifact: tablet; held by British Museum, London, UK; CDLI P586957",,,,,,P586957
no_expected_no_live,586982,Q2163277,,Cuneiform Tablet BM 067701,"CDLI artifact: tablet; held by British Museum, London, UK; CDLI P586982",,,,,,P586982
no_expected_no_live,587014,Q2162419,,Cuneiform Tablet BM 067735,"CDLI artifact: tablet; from Sippar-Yahrurum (mod. Tell Abu Habbah); held by British Museum, London, UK; CDLI P587014",,,,,,P587014
no_expected_no_live,587043,Q2165138,,Cuneiform Tablet BM 067766,"CDLI artifact: tablet; held by British Museum, London, UK; CDLI P587043",,,,,,P587043
no_expected_no_live,587079,Q2169222,,Cuneiform Tablet BM 067804,"CDLI artifact: tablet; held by British Museum, London, UK; CDLI P587079",,,,,,P587079
no_expected_no_live,587080,Q2147121,,Cuneiform Tablet BM 067805,"CDLI artifact: tablet; held by British Museum, London, UK; CDLI P587080",,,,,,P587080
no_expected_no_live,587096,Q2169404,,Cuneiform Tablet BM 067822,"CDLI artifact: tablet; held by British Museum, London, UK; CDLI P587096",,,,,,P587096
no_expected_no_live,587106,Q2164293,,Cuneiform Tablet BM 067835,"CDLI artifact: tablet; held by British Museum, London, UK; CDLI P587106",,,,,,P587106
no_expected_no_live,587192,Q2166844,,Cuneiform Tablet BM 067938,"CDLI artifact: tablet; held by British Museum, London, UK; CDLI P587192",,,,,,P587192
no_expected_no_live,587203,Q2168068,,Cuneiform Tablet BM 067949,"CDLI artifact: tablet; held by British Museum, London, UK; CDLI P587203",,,,,,P587203
no_expected_no_live,587215,Q2150702,,Cuneiform Tablet BM 067962,"CDLI artifact: tablet; held by British Museum, London, UK; CDLI P587215",,,,,,P587215
no_expected_no_live,587311,Q2166189,,Cuneiform Tablet BM 068096,"CDLI artifact: tablet; held by British Museum, London, UK; CDLI P587311",,,,,,P587311
no_expected_no_live,587346,Q2168441,,Cuneiform Tablet BM 068139,"CDLI artifact: tablet; held by British Museum, London, UK; CDLI P587346",,,,,,P587346
no_expected_no_live,587429,Q2169072,,Cuneiform Tablet BM 068241,"CDLI artifact: tablet; held by British Museum, London, UK; CDLI P587429",,,,,,P587429
no_expected_no_live,587444,Q2162567,,Cuneiform Tablet BM 068258,"CDLI artifact: tablet; held by British Museum, London, UK; CDLI P587444",,,,,,P587444
no_expected_no_live,587468,Q2166830,,Cuneiform Tablet BM 068285,"CDLI artifact: tablet; held by British Museum, London, UK; CDLI P587468",,,,,,P587468
no_expected_no_live,587487,Q2167206,,Cuneiform Tablet BM 068308,"CDLI artifact: tablet; held by British Museum, London, UK; CDLI P587487",,,,,,P587487
no_expected_no_live,587501,Q2162205,,Cuneiform Tablet BM 068328,"CDLI artifact: tablet; held by British Museum, London, UK; CDLI P587501",,,,,,P587501
no_expected_no_live,587595,Q2019099,,Cuneiform Tablet BM 068454 + BM 069328,"CDLI artifact: tablet; held by British Museum, London, UK; CDLI P587595",,,,,,P587595
no_expected_no_live,587604,Q2165517,,Cuneiform Tablet BM 068470,"CDLI artifact: tablet; held by British Museum, London, UK; CDLI P587604",,,,,,P587604
no_expected_no_live,587612,Q2170263,,Cuneiform Tablet BM 068481,"CDLI artifact: tablet; held by British Museum, London, UK; CDLI P587612",,,,,,P587612
no_expected_no_live,587653,Q2167955,,Cuneiform Tablet BM 068526,"CDLI artifact: tablet; held by British Museum, London, UK; CDLI P587653",,,,,,P587653
no_expected_no_live,587700,Q2168265,,Cuneiform Tablet BM 068581,"CDLI artifact: tablet; held by British Museum, London, UK; CDLI P587700",,,,,,P587700
no_expected_no_live,587741,Q2166366,,Cuneiform Tablet BM 068636,"CDLI artifact: tablet; held by British Museum, London, UK; CDLI P587741",,,,,,P587741
no_expected_no_live,587757,Q2170630,,Cuneiform Tablet BM 068653,"CDLI artifact: tablet; held by British Museum, London, UK; CDLI P587757",,,,,,P587757
no_expected_no_live,587805,Q2164610,,Cuneiform Tablet BM 068711,"CDLI artifact: tablet; held by British Museum, London, UK; CDLI P587805",,,,,,P587805
no_expected_no_live,587829,Q2048081,,Cuneiform Tablet BM 068739,"CDLI artifact: tablet; held by British Museum, London, UK; CDLI P587829",,,,,,P587829
no_expected_no_live,587983,Q2063866,,Cuneiform Tablet BM 068915,"CDLI artifact: tablet; held by British Museum, London, UK; CDLI P587983",,,,,,P587983
no_expected_no_live,587995,Q2169696,,Cuneiform Tablet BM 068930,"CDLI artifact: tablet; held by British Museum, London, UK; CDLI P587995",,,,,,P587995
no_expected_no_live,588230,Q2047075,,Cuneiform Tablet BM 069007,"CDLI artifact: tablet; held by British Museum, London, UK; CDLI P588230",,,,,,P588230
no_expected_no_live,588267,Q2166895,,Cuneiform Tablet BM 069047,"CDLI artifact: tablet; held by British Museum, London, UK; CDLI P588267",,,,,,P588267
no_expected_no_live,588288,Q2167277,,Cuneiform Tablet BM 069069,"CDLI artifact: tablet; held by British Museum, London, UK; CDLI P588288",,,,,,P588288
no_expected_no_live,588322,Q2167103,,Cuneiform Tablet BM 069105,"CDLI artifact: tablet; held by British Museum, London, UK; CDLI P588322",,,,,,P588322
no_expected_no_live,588359,Q2164090,,Cuneiform Tablet BM 069145,"CDLI artifact: tablet; held by British Museum, London, UK; CDLI P588359",,,,,,P588359
no_expected_no_live,588363,Q2169344,,Cuneiform Tablet BM 069149,"CDLI artifact: tablet; held by British Museum, London, UK; CDLI P588363",,,,,,P588363
no_expected_no_live,588375,Q2148000,,Cuneiform Tablet BM 069161,"CDLI artifact: tablet; held by British Museum, London, UK; CDLI P588375",,,,,,P588375
no_expected_no_live,588420,Q2163538,,Cuneiform Tablet BM 069219,"CDLI artifact: tablet; held by British Museum, London, UK; CDLI P588420",,,,,,P588420
no_expected_no_live,588565,Q2163310,,Cuneiform Tablet BM 069384,"CDLI artifact: tablet; held by British Museum, London, UK; CDLI P588565",,,,,,P588565
no_expected_no_live,588637,Q2167016,,Cuneiform Tablet BM 069461,"CDLI artifact: tablet; held by British Museum, London, UK; CDLI P588637",,,,,,P588637
no_expected_no_live,588660,Q2020841,,Cuneiform Tablet BM 069487,"CDLI artifact: tablet; held by British Museum, London, UK; CDLI P588660",,,,,,P588660
no_expected_no_live,588676,Q2169297,,Cuneiform Tablet BM 069506,"CDLI artifact: tablet; held by British Museum, London, UK; CDLI P588676",,,,,,P588676
no_expected_no_live,588699,Q2169483,,Cuneiform Tablet BM 069529,"CDLI artifact: tablet; held by British Museum, London, UK; CDLI P588699",,,,,,P588699
no_expected_no_live,588709,Q2164221,,Cuneiform Tablet BM 069540,"CDLI artifact: tablet; held by British Museum, London, UK; CDLI P588709",,,,,,P588709
no_expected_no_live,588725,Q2144109,,Cuneiform Tablet BM 069556,"CDLI artifact: tablet; held by British Museum, London, UK; CDLI P588725",,,,,,P588725
no_expected_no_live,588733,Q2169515,,Cuneiform Tablet BM 069565,"CDLI artifact: tablet; held by British Museum, London, UK; CDLI P588733",,,,,,P588733
no_expected_no_live,588772,Q2167218,,Cuneiform Tablet BM 069606,"CDLI artifact: tablet; held by British Museum, London, UK; CDLI P588772",,,,,,P588772
no_expected_no_live,588836,Q2163153,,Cuneiform Tablet BM 069685,"CDLI artifact: tablet; held by British Museum, London, UK; CDLI P588836",,,,,,P588836
no_expected_no_live,588973,Q2163958,,Cuneiform Tablet BM 069845,"CDLI artifact: tablet; held by British Museum, London, UK; CDLI P588973",,,,,,P588973
no_expected_no_live,589026,Q2166725,,Cuneiform Tablet BM 069915,"CDLI artifact: tablet; from Sippar-Yahrurum (mod. Tell Abu Habbah); held by British Museum, London, UK; CDLI P589026",,,,,,P589026
no_expected_no_live,589067,Q2169031,,Cuneiform Tablet BM 069962,"CDLI artifact: tablet; held by British Museum, London, UK; CDLI P589067",,,,,,P589067
no_expected_no_live,589088,Q2169772,,Cuneiform Tablet BM 069992,"CDLI artifact: tablet; held by British Museum, London, UK; CDLI P589088",,,,,,P589088
no_expected_no_live,589118,Q2164514,,Cuneiform Tablet BM 070037,"CDLI artifact: tablet; held by British Museum, London, UK; CDLI P589118",,,,,,P589118
no_expected_no_live,589122,Q2169820,,Cuneiform Tablet BM 070042,"CDLI artifact: tablet; held by British Museum, London, UK; CDLI P589122",,,,,,P589122
no_expected_no_live,589134,Q2057738,,Cuneiform Tablet BM 070056,"CDLI artifact: tablet; held by British Museum, London, UK; CDLI P589134",,,,,,P589134
no_expected_no_live,589163,Q2167514,,Cuneiform Tablet BM 070092,"CDLI artifact: tablet; held by British Museum, London, UK; CDLI P589163",,,,,,P589163
no_expected_no_live,589231,Q2163813,,Cuneiform Tablet BM 070174,"CDLI artifact: tablet; held by British Museum, London, UK; CDLI P589231",,,,,,P589231
no_expected_no_live,589358,Q1368278,,Cuneiform Tablet BM 070314,"CDLI artifact: tablet; held by British Museum, London, UK; CDLI P589358",,,,,,P589358
no_expected_no_live,589374,Q2163033,,Cuneiform Tablet BM 070332,"CDLI artifact: tablet; held by British Museum, London, UK; CDLI P589374",,,,,,P589374
no_expected_no_live,589437,Q2168850,,Cuneiform Tablet BM 070399,"CDLI artifact: tablet; held by British Museum, London, UK; CDLI P589437",,,,,,P589437
no_expected_no_live,589476,Q2166611,,Cuneiform Tablet BM 070443,"CDLI artifact: tablet; held by British Museum, London, UK; CDLI P589476",,,,,,P589476
no_expected_no_live,589533,Q2167392,,Cuneiform Tablet BM 070506,"CDLI artifact: tablet; held by British Museum, London, UK; CDLI P589533",,,,,,P589533
no_expected_no_live,589548,Q2164379,,Cuneiform Tablet BM 070524,"CDLI artifact: tablet; held by British Museum, London, UK; CDLI P589548",,,,,,P589548
no_expected_no_live,589564,Q2063912,,Cuneiform Tablet BM 070541,"CDLI artifact: tablet; held by British Museum, London, UK; CDLI P589564",,,,,,P589564
no_expected_no_live,589572,Q2169640,,Cuneiform Tablet BM 070551,"CDLI artifact: tablet; held by British Museum, London, UK; CDLI P589572",,,,,,P589572
no_expected_no_live,589661,Q2163977,,Cuneiform Tablet BM 070657,"CDLI artifact: tablet; held by British Museum, London, UK; CDLI P589661",,,,,,P589661
no_expected_no_live,589708,Q2168539,,Cuneiform Tablet BM 070708,"CDLI artifact: tablet; held by British Museum, London, UK; CDLI P589708",,,,,,P589708
no_expected_no_live,589724,Q2163180,,Cuneiform Tablet BM 070726,"CDLI artifact: tablet; held by British Museum, London, UK; CDLI P589724",,,,,,P589724
no_expected_no_live,589821,Q2169490,,Cuneiform Tablet BM 070839,"CDLI artifact: tablet; held by British Museum, London, UK; CDLI P589821",,,,,,P589821
no_expected_no_live,589860,Q2167249,,Cuneiform Tablet BM 070886,"CDLI artifact: tablet; held by British Museum, London, UK; CDLI P589860",,,,,,P589860
no_expected_no_live,589909,Q2162342,,Cuneiform Tablet BM 070940,"CDLI artifact: tablet; held by British Museum, London, UK; CDLI P589909",,,,,,P589909
no_expected_no_live,589925,Q2167022,,Cuneiform Tablet BM 070957,"CDLI artifact: tablet; held by British Museum, London, UK; CDLI P589925",,,,,,P589925
no_expected_no_live,589964,Q2169285,,Cuneiform Tablet BM 071000,"CDLI artifact: tablet; held by British Museum, London, UK; CDLI P589964",,,,,,P589964
no_expected_no_live,589972,Q2022834,,Cuneiform Tablet BM 071008,"CDLI artifact: tablet; held by British Museum, London, UK; CDLI P589972",,,,,,P589972
no_expected_no_live,590010,Q2163849,,Cuneiform Tablet BM 071053,"CDLI artifact: tablet; held by British Museum, London, UK; CDLI P590010",,,,,,P590010
no_expected_no_live,590084,Q2166102,,Cuneiform Tablet BM 071138,"CDLI artifact: tablet; held by British Museum, London, UK; CDLI P590084",,,,,,P590084
no_expected_no_live,590155,Q2162926,,Cuneiform Tablet BM 071214,"CDLI artifact: tablet; held by British Museum, London, UK; CDLI P590155",,,,,,P590155
no_expected_no_live,590179,Q2016356,,Cuneiform Tablet BM 071240,"CDLI artifact: tablet; held by British Museum, London, UK; CDLI P590179",,,,,,P590179
no_expected_no_live,590207,Q2166621,,Cuneiform Tablet BM 071270,"CDLI artifact: tablet; held by British Museum, London, UK; CDLI P590207",,,,,,P590207
no_expected_no_live,590246,Q2168990,,Cuneiform Tablet BM 071312,"CDLI artifact: tablet; held by British Museum, London, UK; CDLI P590246",,,,,,P590246
no_expected_no_live,590250,Q2047494,,Cuneiform Tablet BM 071316,"CDLI artifact: tablet; held by British Museum, London, UK; CDLI P590250",,,,,,P590250
no_expected_no_live,590293,Q2164359,,Cuneiform Tablet BM 071360,"CDLI artifact: tablet; held by British Museum, London, UK; CDLI P590293",,,,,,P590293
no_expected_no_live,590303,Q2169923,,Cuneiform Tablet BM 071370,"CDLI artifact: tablet; held by British Museum, London, UK; CDLI P590303",,,,,,P590303
no_expected_no_live,590315,Q2047949,,Cuneiform Tablet BM 071384,"CDLI artifact: tablet; held by British Museum, London, UK; CDLI P590315",,,,,,P590315
no_expected_no_live,590339,Q2164616,,Cuneiform Tablet BM 071408,"CDLI artifact: tablet; held by British Museum, London, UK; CDLI P590339",,,,,,P590339
no_expected_no_live,590342,Q2167552,,Cuneiform Tablet BM 071411,"CDLI artifact: tablet; held by British Museum, London, UK; CDLI P590342",,,,,,P590342
no_expected_no_live,590381,Q2162753,,Cuneiform Tablet BM 071452,"CDLI artifact: tablet; held by British Museum, London, UK; CDLI P590381",,,,,,P590381
no_expected_no_live,590440,Q2164011,,Cuneiform Tablet BM 071515,"CDLI artifact: tablet; held by British Museum, London, UK; CDLI P590440",,,,,,P590440
no_expected_no_live,590483,Q1932787,,Cuneiform Tablet BM 071568,"CDLI artifact: tablet; held by British Museum, London, UK; CDLI P590483",,,,,,P590483
no_expected_no_live,590495,Q2162195,,Cuneiform Tablet BM 071584,"CDLI artifact: tablet; held by British Museum, London, UK; CDLI P590495",,,,,,P590495
no_expected_no_live,590505,Q2163076,,Cuneiform Tablet BM 071594,"CDLI artifact: tablet; held by British Museum, London, UK; CDLI P590505",,,,,,P590505
no_expected_no_live,590529,Q1367040,,Cuneiform Tablet BM 071623,"CDLI artifact: tablet; held by British Museum, London, UK; CDLI P590529",,,,,,P590529
no_expected_no_live,590591,Q2165636,,Cuneiform Tablet BM 071699,"CDLI artifact: tablet; held by British Museum, London, UK; CDLI P590591",,,,,,P590591
no_expected_no_live,590616,Q2168814,,Cuneiform Tablet BM 071726,"CDLI artifact: tablet; held by British Museum, London, UK; CDLI P590616",,,,,,P590616
no_expected_no_live,590657,Q2166498,,Cuneiform Tablet BM 071771,"CDLI artifact: tablet; held by British Museum, London, UK; CDLI P590657",,,,,,P590657
no_expected_no_live,590712,Q2167429,,Cuneiform Tablet BM 071831,"CDLI artifact: tablet; held by British Museum, London, UK; CDLI P590712",,,,,,P590712
no_expected_no_live,590745,Q2063678,,Cuneiform Tablet BM 071865,"CDLI artifact: tablet; held by British Museum, London, UK; CDLI P590745",,,,,,P590745
no_expected_no_live,590753,Q2169758,,Cuneiform Tablet BM 071874,"CDLI artifact: tablet; held by British Museum, London, UK; CDLI P590753",,,,,,P590753
no_expected_no_live,590769,Q2164487,,Cuneiform Tablet BM 071892,"CDLI artifact: tablet; held by British Museum, London, UK; CDLI P590769",,,,,,P590769
no_expected_no_live,590856,Q2163229,,Cuneiform Tablet BM 072040,"CDLI artifact: tablet; held by British Museum, London, UK; CDLI P590856",,,,,,P590856
no_expected_no_live,590883,Q2151826,,Cuneiform Tablet BM 072099,"CDLI artifact: tablet; held by British Museum, London, UK; CDLI P590883",,,,,,P590883
no_expected_no_live,590895,Q2168026,,Cuneiform Tablet BM 072124,"CDLI artifact: tablet; held by British Museum, London, UK; CDLI P590895",,,,,,P590895
no_expected_no_live,590913,Q2163587,,Cuneiform Tablet BM 072153,"CDLI artifact: tablet; held by British Museum, London, UK; CDLI P590913",,,,,,P590913
no_expected_no_live,590929,Q2149569,,Cuneiform Tablet BM 072189,"CDLI artifact: tablet; held by British Museum, London, UK; CDLI P590929",,,,,,P590929
no_expected_no_live,590968,Q2165411,,Cuneiform Tablet BM 072267,"CDLI artifact: tablet; held by British Museum, London, UK; CDLI P590968",,,,,,P590968
no_expected_no_live,590987,Q2166430,,Cuneiform Tablet BM 072295,"CDLI artifact: tablet; held by British Museum, London, UK; CDLI P590987",,,,,,P590987
no_expected_no_live,590991,Q2170545,,Cuneiform Tablet BM 072300,"CDLI artifact: tablet; held by British Museum, London, UK; CDLI P590991",,,,,,P590991
no_expected_no_live,591007,Q2169101,,Cuneiform Tablet BM 072317,"CDLI artifact: tablet; held by British Museum, London, UK; CDLI P591007",,,,,,P591007
no_expected_no_live,591011,Q2047149,,Cuneiform Tablet BM 072322,"CDLI artifact: tablet; held by British Museum, London, UK; CDLI P591011",,,,,,P591011
no_expected_no_live,591046,Q2166786,,Cuneiform Tablet BM 072358,"CDLI artifact: tablet; held by British Museum, London, UK; CDLI P591046",,,,,,P591046
no_expected_no_live,591085,Q2162136,,Cuneiform Tablet BM 072400,"CDLI artifact: tablet; held by British Museum, London, UK; CDLI P591085",,,,,,P591085
no_expected_no_live,591103,Q2167135,,Cuneiform Tablet BM 072421,"CDLI artifact: tablet; held by British Museum, London, UK; CDLI P591103",,,,,,P591103
no_expected_no_live,591142,Q2169452,,Cuneiform Tablet BM 072464,"CDLI artifact: tablet; held by British Museum, London, UK; CDLI P591142",,,,,,P591142
no_expected_no_live,591154,Q2144815,,Cuneiform Tablet BM 072479,"CDLI artifact: tablet; held by British Museum, London, UK; CDLI P591154",,,,,,P591154
no_expected_no_live,591178,Q2164193,,Cuneiform Tablet BM 072505,"CDLI artifact: tablet; held by British Museum, London, UK; CDLI P591178",,,,,,P591178
no_expected_no_live,591197,Q2165226,,Cuneiform Tablet BM 072531,"CDLI artifact: tablet; held by British Museum, London, UK; CDLI P591197",,,,,,P591197
no_expected_no_live,591251,Q2163729,,Cuneiform Tablet BM 072593,"CDLI artifact: tablet; held by British Museum, London, UK; CDLI P591251",,,,,,P591251
no_expected_no_live,591284,Q2166970,,Cuneiform Tablet BM 072628,"CDLI artifact: tablet; held by British Museum, London, UK; CDLI P591284",,,,,,P591284
no_expected_no_live,591292,Q2168382,,Cuneiform Tablet BM 072637,"CDLI artifact: tablet; held by British Museum, London, UK; CDLI P591292",,,,,,P591292
no_expected_no_live,591314,Q2163363,,Cuneiform Tablet BM 072668,"CDLI artifact: tablet; held by British Museum, London, UK; CDLI P591314",,,,,,P591314
no_expected_no_live,591338,Q2168339,,Cuneiform Tablet BM 072714,"CDLI artifact: tablet; held by British Museum, London, UK; CDLI P591338",,,,,,P591338
no_expected_no_live,591380,Q2165299,,Cuneiform Tablet BM 072775,"CDLI artifact: tablet; held by British Museum, London, UK; CDLI P591380",,,,,,P591380
no_expected_no_live,591416,Q2166920,,Cuneiform Tablet BM 072818,"CDLI artifact: tablet; held by British Museum, London, UK; CDLI P591416",,,,,,P591416
no_expected_no_live,591457,Q2169248,,Cuneiform Tablet BM 072864,"CDLI artifact: tablet; held by British Museum, London, UK; CDLI P591457",,,,,,P591457
no_expected_no_live,591504,Q2142474,,Cuneiform Tablet BM 072917,"CDLI artifact: tablet; held by British Museum, London, UK; CDLI P591504",,,,,,P591504
no_expected_no_live,591528,Q2164334,,Cuneiform Tablet BM 072942,"CDLI artifact: tablet; held by British Museum, London, UK; CDLI P591528",,,,,,P591528
no_expected_no_live,591553,Q2167258,,Cuneiform Tablet BM 072968,"CDLI artifact: tablet; held by British Museum, London, UK; CDLI P591553",,,,,,P591553
no_expected_no_live,591601,Q2163580,,Cuneiform Tablet BM 073024,"CDLI artifact: tablet; held by British Museum, London, UK; CDLI P591601",,,,,,P591601
no_expected_no_live,591683,Q2170572,,Cuneiform Tablet BM 073141,"CDLI artifact: tablet; held by British Museum, London, UK; CDLI P591683",,,,,,P591683
no_expected_no_live,591695,Q2166424,,Cuneiform Tablet BM 073153,"CDLI artifact: tablet; held by British Museum, London, UK; CDLI P591695",,,,,,P591695
no_expected_no_live,591744,Q2163189,,Cuneiform Tablet BM 073211,"CDLI artifact: tablet; held by British Museum, London, UK; CDLI P591744",,,,,,P591744
no_expected_no_live,591768,Q2168469,,Cuneiform Tablet BM 073238,"CDLI artifact: tablet; held by British Museum, London, UK; CDLI P591768",,,,,,P591768
no_expected_no_live,591791,Q2152127,,Cuneiform Tablet BM 073264,"CDLI artifact: tablet; held by British Museum, London, UK; CDLI P591791",,,,,,P591791
no_expected_no_live,591800,Q2167405,,Cuneiform Tablet BM 073273,"CDLI artifact: tablet; held by British Museum, London, UK; CDLI P591800",,,,,,P591800
no_expected_no_live,591857,Q2063643,,Cuneiform Tablet BM 073348,"CDLI artifact: tablet; held by British Museum, London, UK; CDLI P591857",,,,,,P591857
no_expected_no_live,591894,Q2164916,,Cuneiform Tablet BM 073399,"CDLI artifact: tablet; held by British Museum, London, UK; CDLI P591894",,,,,,P591894
no_expected_no_live,591904,Q2168824,,Cuneiform Tablet BM 073413,"CDLI artifact: tablet; held by British Museum, London, UK; CDLI P591904",,,,,,P591904
no_expected_no_live,591945,Q2166480,,Cuneiform Tablet BM 073473,"CDLI artifact: tablet; held by British Museum, London, UK; CDLI P591945",,,,,,P591945
no_expected_no_live,591969,Q2162879,,Cuneiform Tablet BM 073504,"CDLI artifact: tablet; held by British Museum, London, UK; CDLI P591969",,,,,,P591969
no_expected_no_live,592001,Q2167827,,Cuneiform Tablet BM 073543,"CDLI artifact: tablet; held by British Museum, London, UK; CDLI P592001",,,,,,P592001
no_expected_no_live,592017,Q2156224,,Cuneiform Tablet BM 073566,"CDLI artifact: tablet; held by British Museum, London, UK; CDLI P592017",,,,,,P592017
no_expected_no_live,592056,Q2165712,,Cuneiform Tablet BM 073609,"CDLI artifact: tablet; held by British Museum, London, UK; CDLI P592056",,,,,,P592056
no_expected_no_live,592144,Q2015906,,Cuneiform Tablet BM 073713,"CDLI artifact: tablet; held by British Museum, London, UK; CDLI P592144",,,,,,P592144
no_expected_no_live,592152,Q2160125,,Cuneiform Tablet BM 073724,"CDLI artifact: tablet; held by British Museum, London, UK; CDLI P592152",,,,,,P592152
no_expected_no_live,592168,Q2162916,,Cuneiform Tablet BM 073742,"CDLI artifact: tablet; held by British Museum, London, UK; CDLI P592168",,,,,,P592168
no_expected_no_live,592216,Q2162727,,Cuneiform Tablet BM 073797,"CDLI artifact: tablet; held by British Museum, London, UK; CDLI P592216",,,,,,P592216
no_expected_no_live,592241,Q2164889,,Cuneiform Tablet BM 073831,"CDLI artifact: tablet; held by British Museum, London, UK; CDLI P592241",,,,,,P592241
no_expected_no_live,592282,Q2063894,,Cuneiform Tablet BM 073875,"CDLI artifact: tablet; held by British Museum, London, UK; CDLI P592282",,,,,,P592282
no_expected_no_live,592294,Q2169673,,Cuneiform Tablet BM 073891,"CDLI artifact: tablet; held by British Museum, London, UK; CDLI P592294",,,,,,P592294
no_expected_no_live,592304,Q2164626,,Cuneiform Tablet BM 073903,"CDLI artifact: tablet; held by British Museum, London, UK; CDLI P592304",,,,,,P592304
no_expected_no_live,592390,Q2166593,,Cuneiform Tablet BM 074009,"CDLI artifact: tablet; held by British Museum, London, UK; CDLI P592390",,,,,,P592390
no_expected_no_live,592406,Q2165873,,Cuneiform Tablet BM 074027,"CDLI artifact: tablet; held by British Museum, London, UK; CDLI P592406",,,,,,P592406
no_expected_no_live,592410,Q2169939,,Cuneiform Tablet BM 074034,"CDLI artifact: tablet; held by British Museum, London, UK; CDLI P592410",,,,,,P592410
no_expected_no_live,592447,Q2158595,,Cuneiform Tablet BM 074078,"CDLI artifact: tablet; held by British Museum, London, UK; CDLI P592447",,,,,,P592447
no_expected_no_live,592492,Q2163038,,Cuneiform Tablet BM 074130,"CDLI artifact: tablet; held by British Museum, London, UK; CDLI P592492",,,,,,P592492
no_expected_no_live,592502,Q2162443,,Cuneiform Tablet BM 074142,"CDLI artifact: tablet; held by British Museum, London, UK; CDLI P592502",,,,,,P592502
no_expected_no_live,592514,Q1366760,,Cuneiform Tablet BM 074154,"CDLI artifact: tablet; held by British Museum, London, UK; CDLI P592514",,,,,,P592514
no_expected_no_live,592538,Q2163077,,Cuneiform Tablet BM 074196,"CDLI artifact: tablet; held by British Museum, London, UK; CDLI P592538",,,,,,P592538
no_expected_no_live,592543,Q2166086,,Cuneiform Tablet BM 074206,"CDLI artifact: tablet; held by British Museum, London, UK; CDLI P592543",,,,,,P592543
no_expected_no_live,592611,Q2164707,,Cuneiform Tablet BM 074320,"CDLI artifact: tablet; held by British Museum, London, UK; CDLI P592611",,,,,,P592611
no_expected_no_live,592797,Q2047427,,Cuneiform Tablet BM 074784,"CDLI artifact: tablet; held by British Museum, London, UK; CDLI P592797",,,,,,P592797
no_expected_no_live,592810,Q2166245,,Cuneiform Tablet BM 074883,"CDLI artifact: tablet; held by British Museum, London, UK; CDLI P592810",,,,,,P592810
no_expected_no_live,592847,Q2168503,,Cuneiform Tablet BM 075099,"CDLI artifact: tablet; held by British Museum, London, UK; CDLI P592847",,,,,,P592847
no_expected_no_live,592851,Q2165073,,Cuneiform Tablet BM 075117,"CDLI artifact: tablet; held by British Museum, London, UK; CDLI P592851",,,,,,P592851
no_expected_no_live,592902,Q2168143,,Cuneiform Tablet BM 075377,"CDLI artifact: tablet; held by British Museum, London, UK; CDLI P592902",,,,,,P592902
no_expected_no_live,592914,Q2149705,,Cuneiform Tablet BM 075427,"CDLI artifact: tablet; held by British Museum, London, UK; CDLI P592914",,,,,,P592914
no_expected_no_live,592955,Q2165405,,Cuneiform Tablet BM 075828,"CDLI artifact: tablet; held by British Museum, London, UK; CDLI P592955",,,,,,P592955
no_expected_no_live,593000,Q2165049,,Cuneiform Tablet BM 075972,"CDLI artifact: tablet; held by British Museum, London, UK; CDLI P593000",,,,,,P593000
no_expected_no_live,593057,Q2162588,,Cuneiform Tablet BM 076053,"CDLI artifact: tablet; held by British Museum, London, UK; CDLI P593057",,,,,,P593057
no_expected_no_live,593094,Q2167240,,Cuneiform Tablet BM 076098,"CDLI artifact: tablet; held by British Museum, London, UK; CDLI P593094",,,,,,P593094
no_expected_no_live,593112,Q2162251,,Cuneiform Tablet BM 076120,"CDLI artifact: tablet; held by British Museum, London, UK; CDLI P593112",,,,,,P593112
no_expected_no_live,593145,Q2164183,,Cuneiform Tablet BM 076163,"CDLI artifact: tablet; held by British Museum, London, UK; CDLI P593145",,,,,,P593145
no_expected_no_live,593186,Q2022560,,Cuneiform Tablet BM 076217,"CDLI artifact: tablet; held by British Museum, London, UK; CDLI P593186",,,,,,P593186
no_expected_no_live,593201,Q2170242,,Cuneiform Tablet BM 076235,"CDLI artifact: tablet; held by British Museum, London, UK; CDLI P593201",,,,,,P593201
no_expected_no_live,593217,Q2165601,,Cuneiform Tablet BM 076256,"CDLI artifact: tablet; held by British Museum, London, UK; CDLI P593217",,,,,,P593217
no_expected_no_live,593256,Q2152214,,Cuneiform Tablet BM 076308,"CDLI artifact: tablet; held by British Museum, London, UK; CDLI P593256",,,,,,P593256
no_expected_no_live,593283,Q2163338,,Cuneiform Tablet BM 076340,"CDLI artifact: tablet; held by British Museum, London, UK; CDLI P593283",,,,,,P593283
no_expected_no_live,593305,Q2168355,,Cuneiform Tablet BM 076366,"CDLI artifact: tablet; held by British Museum, London, UK; CDLI P593305",,,,,,P593305
no_expected_no_live,593329,Q2163369,,Cuneiform Tablet BM 076394,"CDLI artifact: tablet; held by British Museum, London, UK; CDLI P593329",,,,,,P593329
no_expected_no_live,593344,Q2170581,,Cuneiform Tablet BM 076410,"CDLI artifact: tablet; held by British Museum, London, UK; CDLI P593344",,,,,,P593344
no_expected_no_live,593352,Q2166391,,Cuneiform Tablet BM 076418,"CDLI artifact: tablet; held by British Museum, London, UK; CDLI P593352",,,,,,P593352
no_expected_no_live,593485,Q2169352,,Cuneiform Tablet BM 076603 + BM 076788,"CDLI artifact: tablet; held by British Museum, London, UK; CDLI P593485",,,,,,P593485
no_expected_no_live,593493,Q2147444,,Cuneiform Tablet BM 076615,"CDLI artifact: tablet; held by British Museum, London, UK; CDLI P593493",,,,,,P593493
no_expected_no_live,593515,Q2164328,,Cuneiform Tablet BM 076654,"CDLI artifact: tablet; held by British Museum, London, UK; CDLI P593515",,,,,,P593515
no_expected_no_live,593539,Q2142329,,Cuneiform Tablet BM 076686,"CDLI artifact: tablet; held by British Museum, London, UK; CDLI P593539",,,,,,P593539
no_expected_no_live,593542,Q2162086,,Cuneiform Tablet BM 076690,"CDLI artifact: tablet; held by British Museum, London, UK; CDLI P593542",,,,,,P593542
no_expected_no_live,593606,Q2150005,,Cuneiform Tablet BM 076775,"CDLI artifact: tablet; held by British Museum, London, UK; CDLI P593606",,,,,,P593606
no_expected_no_live,593610,Q2168120,,Cuneiform Tablet BM 076779,"CDLI artifact: tablet; held by British Museum, London, UK; CDLI P593610",,,,,,P593610
no_expected_no_live,593647,Q2165393,,Cuneiform Tablet BM 076826,"CDLI artifact: tablet; held by British Museum, London, UK; CDLI P593647",,,,,,P593647
no_expected_no_live,593651,Q2170395,,Cuneiform Tablet BM 076830,"CDLI artifact: tablet; held by British Museum, London, UK; CDLI P593651",,,,,,P593651
no_expected_no_live,593702,Q2166220,,Cuneiform Tablet BM 076901,"CDLI artifact: tablet; held by British Museum, London, UK; CDLI P593702",,,,,,P593702
no_expected_no_live,593743,Q2165275,,Cuneiform Tablet BM 076951,"CDLI artifact: tablet; held by British Museum, London, UK; CDLI P593743",,,,,,P593743
no_expected_no_live,593755,Q2168488,,Cuneiform Tablet BID pl. 15-16,"CDLI artifact: tablet; held by British Museum, London, UK; CDLI P593755",,,,,,P593755
no_expected_no_live,593779,Q2163213,,Cuneiform Tablet BM 077014,"CDLI artifact: tablet; held by British Museum, London, UK; CDLI P593779",,,,,,P593779
no_expected_no_live,593796,Q2163669,,Cuneiform Tablet BM 077050,"CDLI artifact: tablet; from Borsippa (mod. Birs Nimrud); held by British Museum, London, UK; CDLI P593796",,,,,,P593796
no_expected_no_live,593846,Q2164475,,Cuneiform Tablet BM 077164,"CDLI artifact: tablet; held by British Museum, London, UK; CDLI P593846",,,,,,P593846
no_expected_no_live,593893,Q2169024,,Cuneiform Tablet BM 077423,"CDLI artifact: tablet; held by British Museum, London, UK; CDLI P593893",,,,,,P593893
no_expected_no_live,593903,Q2164691,,Cuneiform Tablet BM 077442,"CDLI artifact: tablet; held by British Museum, London, UK; CDLI P593903",,,,,,P593903
no_expected_no_live,593939,Q2168840,,Cuneiform Tablet BM 077499,"CDLI artifact: tablet; held by British Museum, London, UK; CDLI P593939",,,,,,P593939
no_expected_no_live,593954,Q2162869,,Cuneiform Tablet BM 077532,"CDLI artifact: tablet; held by British Museum, London, UK; CDLI P593954",,,,,,P593954
no_expected_no_live,593978,Q2166479,,Cuneiform Tablet BM 077582,"CDLI artifact: tablet; held by British Museum, London, UK; CDLI P593978",,,,,,P593978
no_expected_no_live,594028,Q2165423,,Cuneiform Tablet BM 077668 + BM 077766,"CDLI artifact: tablet; held by British Museum, London, UK; CDLI P594028",,,,,,P594028
no_expected_no_live,594069,Q2152132,,Cuneiform Tablet BM 077762,"CDLI artifact: tablet; held by British Museum, London, UK; CDLI P594069",,,,,,P594069
no_expected_no_live,594086,Q2165270,,Cuneiform Tablet BM 077791,"CDLI artifact: tablet; held by British Museum, London, UK; CDLI P594086",,,,,,P594086
no_expected_no_live,594090,Q2168481,,Cuneiform Tablet BM 077796  + 1884-02-11 unnum.,"CDLI artifact: tablet; held by British Museum, London, UK; CDLI P594090",,,,,,P594090
no_expected_no_live,594116,Q2163457,,Cuneiform Tablet BM 077853,"CDLI artifact: tablet; held by British Museum, London, UK; CDLI P594116",,,,,,P594116
no_expected_no_live,594182,Q2165391,,Cuneiform Tablet BM 077967,"CDLI artifact: tablet; held by British Museum, London, UK; CDLI P594182",,,,,,P594182
no_expected_no_live,594194,Q2170387,,Cuneiform Tablet BM 077983,"CDLI artifact: tablet; held by British Museum, London, UK; CDLI P594194",,,,,,P594194
no_expected_no_live,594205,Q2169146,,Cuneiform Tablet BM 078000,"CDLI artifact: tablet; held by British Museum, London, UK; CDLI P594205",,,,,,P594205
no_expected_no_live,594213,Q2047032,,Cuneiform Tablet BM 078010,"CDLI artifact: tablet; held by British Museum, London, UK; CDLI P594213",,,,,,P594213
no_expected_no_live,594244,Q2166885,,Cuneiform Tablet BM 078047,"CDLI artifact: tablet; held by British Museum, London, UK; CDLI P594244",,,,,,P594244
no_expected_no_live,594287,Q2162081,,Cuneiform Tablet BM 078111,"CDLI artifact: tablet; held by British Museum, London, UK; CDLI P594287",,,,,,P594287
no_expected_no_live,594301,Q2167079,,Cuneiform Tablet BM 078150,"CDLI artifact: tablet; held by British Museum, London, UK; CDLI P594301",,,,,,P594301
no_expected_no_live,594614,Q2167034,,Cuneiform Tablet BM 078919,"CDLI artifact: tablet; held by British Museum, London, UK; CDLI P594614",,,,,,P594614
no_expected_no_live,594680,Q2164206,,Cuneiform Tablet BM 079039,"CDLI artifact: tablet; held by British Museum, London, UK; CDLI P594680",,,,,,P594680
no_expected_no_live,594815,Q2163170,,Cuneiform Tablet BM 079224,"CDLI artifact: tablet; held by British Museum, London, UK; CDLI P594815",,,,,,P594815
no_expected_no_live,594950,Q2163985,,Cuneiform Tablet BM 079403,"CDLI artifact: tablet; from Sippar-Yahrurum (mod. Tell Abu Habbah); held by British Museum, London, UK; CDLI P594950",,,,,,P594950
no_expected_no_live,595091,Q2164492,,Cuneiform Tablet BM 079584,"CDLI artifact: tablet; held by British Museum, London, UK; CDLI P595091",,,,,,P595091
no_expected_no_live,595101,Q2169791,,Cuneiform Tablet BM 079598,"CDLI artifact: tablet; held by British Museum, London, UK; CDLI P595101",,,,,,P595101
no_expected_no_live,595212,Q2163841,,Cuneiform Tablet BM 079747,"CDLI artifact: tablet; held by British Museum, London, UK; CDLI P595212",,,,,,P595212
no_expected_no_live,595228,Q2154340,,Cuneiform Tablet BM 079772,"CDLI artifact: tablet; held by British Museum, London, UK; CDLI P595228",,,,,,P595228
no_expected_no_live,596541,Q2167251,,Cuneiform Tablet BM 082594,"CDLI artifact: tablet; held by British Museum, London, UK; CDLI P596541",,,,,,P596541
no_expected_no_live,596594,Q2163722,,Cuneiform Tablet BM 082898,"CDLI artifact: tablet; held by British Museum, London, UK; CDLI P596594",,,,,,P596594
no_expected_no_live,596629,Q2167024,,Cuneiform Tablet BM 082981,"CDLI artifact: tablet; held by British Museum, London, UK; CDLI P596629",,,,,,P596629
no_expected_no_live,596652,Q2165246,,Cuneiform Tablet BM 083033,"CDLI artifact: tablet; held by British Museum, London, UK; CDLI P596652",,,,,,P596652
no_expected_no_live,596668,Q2169296,,Cuneiform Tablet BM 083062,"CDLI artifact: tablet; held by British Museum, London, UK; CDLI P596668",,,,,,P596668
no_expected_no_live,596687,Q2169449,,Cuneiform Tablet BM 083081,"CDLI artifact: tablet; held by British Museum, London, UK; CDLI P596687",,,,,,P596687
no_expected_no_live,596691,Q2144690,,Cuneiform Tablet BM 083085,"CDLI artifact: tablet; held by British Museum, London, UK; CDLI P596691",,,,,,P596691
no_expected_no_live,596717,Q2164228,,Cuneiform Tablet BM 083113,"CDLI artifact: tablet; held by British Museum, London, UK; CDLI P596717",,,,,,P596717
no_expected_no_live,596740,Q2162153,,Cuneiform Tablet BM 083139,"CDLI artifact: tablet; held by British Museum, London, UK; CDLI P596740",,,,,,P596740
no_expected_no_live,596804,Q2168543,,Cuneiform Tablet BM 083209,"CDLI artifact: tablet; held by British Museum, London, UK; CDLI P596804",,,,,,P596804
no_expected_no_live,596812,Q2164403,,Cuneiform Tablet BM 083217,"CDLI artifact: tablet; held by British Museum, London, UK; CDLI P596812",,,,,,P596812
no_expected_no_live,596828,Q2163187,,Cuneiform Tablet BM 083235,"CDLI artifact: tablet; held by British Museum, London, UK; CDLI P596828",,,,,,P596828
no_expected_no_live,596900,Q2170068,,Cuneiform Tablet BM 083319,"CDLI artifact: tablet; held by British Museum, London, UK; CDLI P596900",,,,,,P596900
no_expected_no_live,596916,Q2165778,,Cuneiform Tablet BM 083337,"CDLI artifact: tablet; held by British Museum, London, UK; CDLI P596916",,,,,,P596916
no_expected_no_live,596941,Q2167722,,Cuneiform Tablet BM 083364,"CDLI artifact: tablet; held by British Museum, London, UK; CDLI P596941",,,,,,P596941
no_expected_no_live,596982,Q2162941,,Cuneiform Tablet BM 083411,"CDLI artifact: tablet; held by British Museum, London, UK; CDLI P596982",,,,,,P596982
no_expected_no_live,597014,Q2162643,,Cuneiform Tablet BM 083451,"CDLI artifact: tablet; held by British Museum, London, UK; CDLI P597014",,,,,,P597014
no_expected_no_live,597043,Q2164928,,Cuneiform Tablet BM 083485,"CDLI artifact: tablet; held by British Museum, London, UK; CDLI P597043",,,,,,P597043
no_expected_no_live,597079,Q2168995,,Cuneiform Tablet BM 083524,"CDLI artifact: tablet; held by British Museum, London, UK; CDLI P597079",,,,,,P597079
no_expected_no_live,597096,Q2169760,,Cuneiform Tablet BM 083547,"CDLI artifact: tablet; held by British Museum, London, UK; CDLI P597096",,,,,,P597096
no_expected_no_live,597106,Q2164542,,Cuneiform Tablet BM 083559,"CDLI artifact: tablet; held by British Museum, London, UK; CDLI P597106",,,,,,P597106
no_expected_no_live,597254,Q2165622,,Cuneiform Tablet BM 083730,"CDLI artifact: tablet; held by British Museum, London, UK; CDLI P597254",,,,,,P597254
no_expected_no_live,597385,Q2164012,,Cuneiform Tablet BM 083872,"CDLI artifact: tablet; held by British Museum, London, UK; CDLI P597385",,,,,,P597385
no_expected_no_live,597413,Q2164730,,Cuneiform Tablet BM 083903,"CDLI artifact: tablet; held by British Museum, London, UK; CDLI P597413",,,,,,P597413
no_expected_no_live,597429,Q2168863,,Cuneiform Tablet BM 083921,"CDLI artifact: tablet; held by British Museum, London, UK; CDLI P597429",,,,,,P597429
no_expected_no_live,597444,Q2162766,,Cuneiform Tablet BM 083937,"CDLI artifact: tablet; held by British Museum, London, UK; CDLI P597444",,,,,,P597444
no_expected_no_live,597487,Q2167549,,Cuneiform Tablet BM 083986,"CDLI artifact: tablet; held by British Museum, London, UK; CDLI P597487",,,,,,P597487
no_expected_no_live,597829,Q2144117,,Cuneiform Tablet BM 084022,"CDLI artifact: tablet; held by British Museum, London, UK; CDLI P597829",,,,,,P597829
no_expected_no_live,597917,Q2162341,,Cuneiform Tablet BM 084118,"CDLI artifact: tablet; held by British Museum, London, UK; CDLI P597917",,,,,,P597917
no_expected_no_live,597940,Q2165211,,Cuneiform Tablet BM 084146,"CDLI artifact: tablet; held by British Museum, London, UK; CDLI P597940",,,,,,P597940
no_expected_no_live,597995,Q2169477,,Cuneiform Tablet BM 084207,"CDLI artifact: tablet; held by British Museum, London, UK; CDLI P597995",,,,,,P597995
no_expected_no_live,598070,Q2164038,,Cuneiform Tablet BM 084288,"CDLI artifact: tablet; held by British Museum, London, UK; CDLI P598070",,,,,,P598070
no_expected_no_live,598119,Q897012,,Cuneiform Tablet BM 084347,"CDLI artifact: tablet; held by British Museum, London, UK; CDLI P598119",,,,,,P598119
no_expected_no_live,598135,Q2163085,,Cuneiform Tablet BM 084366,"CDLI artifact: tablet; held by British Museum, London, UK; CDLI P598135",,,,,,P598135
no_expected_no_live,598288,Q2167486,,Cuneiform Tablet BM 084927,"CDLI artifact: tablet; held by British Museum, London, UK; CDLI P598288",,,,,,P598288
no_expected_no_live,598322,Q2167449,,Cuneiform Tablet BM 084989,"CDLI artifact: tablet; held by British Museum, London, UK; CDLI P598322",,,,,,P598322
no_expected_no_live,598949,Q2153257,,Cuneiform Tablet BM 093310,"CDLI artifact: tablet; held by British Museum, London, UK; CDLI P598949",,,,,,P598949
no_expected_no_live,602801,Q2168162,,Cuneiform Tablet BM 051245,"CDLI artifact: tablet; held by British Museum, London, UK; CDLI P602801",,,,,,P602801
no_expected_no_live,602856,Q2165289,,"Cuneiform Tablet Boivin, Babil 3, no. 21 (N9: 3)",CDLI artifact: tablet; from Babylon (mod. Bābil); CDLI P602856,,,,,,P602856
no_expected_no_live,603093,Q2169254,,"Cuneiform Tablet Fs Lambert 209, text 51 B","CDLI artifact: tablet; from Sippar-Yahrurum (mod. Tell Abu Habbah); held by British Museum, London, UK; CDLI P603093",,,,,,P603093
no_expected_no_live,603139,Q2169151,,"Cuneiform Tablet PEQ 32 (1900), 261 no. 2",CDLI artifact: tablet; from Sippar-Yahrurum (mod. Tell Abu Habbah); CDLI P603139,,,,,,P603139
no_expected_no_live,603247,Q2170576,,"Cuneiform Tablet CM 13, no. 15","CDLI artifact: tablet; from Emar (mod. Tell Meskene); held by Bible Lands Museum, Jerusalem, Israel; CDLI P603247",,,,,,P603247
no_expected_no_live,603251,Q2166426,,"Cuneiform Tablet CM 13, no. 19","CDLI artifact: tablet; from Emar (mod. Tell Meskene); held by Bible Lands Museum, Jerusalem, Israel; CDLI P603251",,,,,,P603251
no_expected_no_live,9407,Q2165013,,"Cuneiform Tablet CahDAFI 1, 43 06",CDLI artifact: tablet; from Susa (mod. Shush); CDLI P009407,,,,,,P009407
no_expected_no_live,9515,Q2162231,,"Cuneiform Tablet Fouilles de Sialk I, pl. 93, Sialk 1625","CDLI artifact: tablet; from uncertain (mod. Tepe Sialk); held by Louvre Museum, Paris, France; CDLI P009515",,,,,,P009515
unexpected_live_period,461644,Q2152709,,Cuneiform Tablet IM — (cast UPenn),"CDLI artifact: tablet; from Nippur (mod. Nuffar); Old Babylonian; held by National Museum of Iraq, Baghdad, Iraq; CDLI P461644",,,P853,Q512152,Old Babylonian Period,P461644
