repair_status,cdli_id,live_cdli_id,factgrid_qid,artifact_label,live_label_en,live_description_en,live_period_property,live_period_qid,live_period_label,expected_period_label,correct_period_qid,repair_note,removed_claim_ids,new_claim_id,write_status,write_error
ready,111046,P111046,Q2162671,"TCTI 3, 04924","Cuneiform Tablet TCTI 3, 04924",,P853,Q512158,Neo-Assyrian Period,Ur III Period,Q512148,Replace live period claim with the period expected from the current live FactGrid P692 CDLI ID.,Q2162671$2E079551-C718-4F57-BCF4-7E9D65C516FB,Q2162671$EB1F0AE2-EC91-489E-AB34-D923B08FE401,written,
ready,119476,P119476,Q2163493,"MVN 16, 1428","Cuneiform Tablet MVN 16, 1428",,P853,Q512158,Neo-Assyrian Period,Ur III Period,Q512148,Replace live period claim with the period expected from the current live FactGrid P692 CDLI ID.,Q2163493$333E0F8C-95BD-45C3-AE73-13F95E649D06,Q2163493$92A3899F-A5D3-41A3-94F9-C7DA5CEE9D1A,written,
ready,122376,P122376,Q2167305,"NRVN 1, 160","Cuneiform Tablet NRVN 1, 160",,P853,Q512146,Lagash II Period,Ur III Period,Q512148,Replace live period claim with the period expected from the current live FactGrid P692 CDLI ID.,Q2167305$7942C537-F02A-464A-AE93-AFE3009CE7F7,Q2167305$33EC3E22-2CDE-42B8-9180-D6E67B22B8F7,written,
ready,125519,P125519,Q2168033,"PDT 1, 0103","Cuneiform Tablet PDT 1, 0103",,P853,Q512151,Old Assyrian Period,Ur III Period,Q512148,Replace live period claim with the period expected from the current live FactGrid P692 CDLI ID.,Q2168033$EDC81FE4-C5C7-42CD-97E3-9EB5151389DA,Q2168033$37CDA948-0F55-466C-942F-004860484040,written,
ready,126335,P126335,Q2163027,"PDT 2, 0989","Cuneiform Tablet PDT 2, 0989",,P853,Q512150,Early Old Babylonian Period,Ur III Period,Q512148,Replace live period claim with the period expected from the current live FactGrid P692 CDLI ID.,Q2163027$4123E819-34BF-452D-80F8-003195ED92CD,Q2163027$3DDECBCE-394F-40FA-809A-9E97CA8D5D9D,written,
ready,128281,P128281,Q2165872,Rochester 176,Cuneiform Tablet Rochester 176,,P853,Q512146,Lagash II Period,Ur III Period,Q512148,Replace live period claim with the period expected from the current live FactGrid P692 CDLI ID.,Q2165872$919C105A-CF77-4017-BF4B-70CE2F68CE6F,Q2165872$E1D6EE8D-30B6-4801-8F2F-86A8EE7C4F83,written,
ready,132726,P132726,Q2163450,"TCTI 2, 03497","Cuneiform Tablet TCTI 2, 03497",,P853,Q512146,Lagash II Period,Ur III Period,Q512148,Replace live period claim with the period expected from the current live FactGrid P692 CDLI ID.,Q2163450$A3FBBE67-92A3-4B13-8C0A-303D26D10165,Q2163450$C964E76F-1ADC-4842-9779-CD3FA22F16D4,written,
ready,133567,P133567,Q2165678,TÉL 059,Cuneiform Tablet TÉL 059,,P853,Q512155,Middle Assyrian Period,Ur III Period,Q512148,Replace live period claim with the period expected from the current live FactGrid P692 CDLI ID.,Q2165678$17D40C16-D27F-4EC1-9FC8-FF21F5401DA9,Q2165678$02A277B5-E7B2-4E84-A443-652BCF38CA23,written,
ready,141658,P141658,Q2167001,"UTI 6, 3661","Cuneiform Tablet UTI 6, 3661",,P853,Q512158,Neo-Assyrian Period,Ur III Period,Q512148,Replace live period claim with the period expected from the current live FactGrid P692 CDLI ID.,Q2167001$62858922-8E87-4227-A9C3-8D51947D0932,Q2167001$F6305BC9-76C1-4A0C-9C3C-5633A92EC694,written,
ready,1774,P001774,Q2166039,"ATU 6, pl. 011, W 10931","Cuneiform Tablet ATU 6, pl. 011, W 10931",,P853,Q512150,Early Old Babylonian Period,Uruk IV Period,Q512132,Replace live period claim with the period expected from the current live FactGrid P692 CDLI ID.,Q2166039$A3AB47FF-89D5-4925-8087-C8528F25FEEE,Q2166039$EF500482-6980-400C-AEC1-77A83CFA67DC,written,
ready,205953,P205953,Q2165257,BM 025402,Cuneiform Tablet BM 025402,,P853,Q512152,Old Babylonian Period,Ur III Period,Q512148,Replace live period claim with the period expected from the current live FactGrid P692 CDLI ID.,Q2165257$9F64DC71-2423-46CE-80FC-D1D2D6B52FDD,Q2165257$B0786D10-6E9B-4516-A5F5-2FD1CE6695DC,written,
ready,211013,P211013,Q2163583,YBC 15247,Cuneiform Tablet YBC 15247,,P853,Q512146,Lagash II Period,Ur III Period,Q512148,Replace live period claim with the period expected from the current live FactGrid P692 CDLI ID.,Q2163583$1A44F883-505A-4EB1-B3D1-35885721A0BD,Q2163583$97B9E0B7-7ACB-41AC-8EDC-A2CB86C33285,written,
ready,223162,P223162,Q2164226,"TIM 03, 045","Cuneiform Tablet TIM 03, 045",,P853,Q512148,Ur III Period,Old Babylonian Period,Q512152,Replace live period claim with the period expected from the current live FactGrid P692 CDLI ID.,Q2164226$F3F94BC7-A3FF-4DCE-8FD4-CCF2F801297B,Q2164226$3DA1BB5B-EE98-4435-8A7D-5AD12D0739E9,written,
ready,227121,P227121,Q2165971,"RIME 3/2.01.02.003, ex. 18","Cuneiform Artifact RIME 3/2.01.02.003, ex. 18",,P853,Q512146,Lagash II Period,Ur III Period,Q512148,Replace live period claim with the period expected from the current live FactGrid P692 CDLI ID.,Q2165971$EE73E672-8918-4FC9-8E0A-7521ACE7E783,Q2165971$24E9E495-1784-4B35-81B5-C95BF75070D4,written,
ready,232773,P232773,Q2162395,"RIME 3/1.01.07.037, ex. 0022","Cuneiform Artifact RIME 3/1.01.07.037, ex. 0022",,P853,Q512150,Early Old Babylonian Period,Lagash II Period,Q512146,Replace live period claim with the period expected from the current live FactGrid P692 CDLI ID.,Q2162395$6B068E8F-9B9E-4F38-AFEB-FEBFCA9C1F1F,Q2162395$B0814B89-A7E2-40C3-9CB3-5F8414FBC36B,written,
ready,233162,P233162,Q2167922,"RIME 3/1.01.07.037, ex. 0411","Cuneiform Artifact RIME 3/1.01.07.037, ex. 0411",,P853,Q512148,Ur III Period,Lagash II Period,Q512146,Replace live period claim with the period expected from the current live FactGrid P692 CDLI ID.,Q2167922$8FF2ABA1-15F5-41C2-B73B-7302F768586D,Q2167922$CBB56BF3-F12B-4DEE-AA6E-84C44D17AEFC,written,
ready,233532,P233532,Q2165336,"RIME 3/1.01.07.037, ex. 0781","Cuneiform Artifact RIME 3/1.01.07.037, ex. 0781",,P853,Q512150,Early Old Babylonian Period,Lagash II Period,Q512146,Replace live period claim with the period expected from the current live FactGrid P692 CDLI ID.,Q2165336$0331B3BA-E4D0-43E0-A288-E84DCB0324F3,Q2165336$C173FB53-6B3A-4851-9D67-29902DC9684B,written,
ready,233861,P233861,Q2163127,"RIME 3/1.01.07.037, ex. 1110","Cuneiform Artifact RIME 3/1.01.07.037, ex. 1110",,P853,Q512148,Ur III Period,Lagash II Period,Q512146,Replace live period claim with the period expected from the current live FactGrid P692 CDLI ID.,Q2163127$4CB599B2-071E-42E6-AC2F-8D025999DDF1,Q2163127$2BC909FF-841F-4730-8A9F-8C7FFDDD3D8C,written,
ready,237571,P237571,Q2164815,BM 099274,Cuneiform Tablet BM 099274,,P853,Q512152,Old Babylonian Period,Neo-Assyrian Period,Q512158,Replace live period claim with the period expected from the current live FactGrid P692 CDLI ID.,Q2164815$E9091C22-9AFA-4DC8-BD91-704DD3AA6BB5,Q2164815$E2B71614-826F-4187-86F4-86614D82438C,written,
ready,239996,P239996,Q2164277,K 21017,Cuneiform Tablet K 21017,,P853,Q512150,Early Old Babylonian Period,Neo-Assyrian Period,Q512158,Replace live period claim with the period expected from the current live FactGrid P692 CDLI ID.,Q2164277$4787B245-0253-4190-9A4B-0B29D0300B47,Q2164277$F001F27A-CDEB-4884-8286-EFAD07633D44,written,
ready,242471,P242471,Q2163805,"ARET 03, 278","Cuneiform Tablet ARET 03, 278",,P853,Q512148,Ur III Period,Ebla Period,Q512143,Replace live period claim with the period expected from the current live FactGrid P692 CDLI ID.,Q2163805$A1DFC579-0D69-41CE-A392-5FF598EC0952,Q2163805$E78EB73C-E1CF-4544-878A-7536AB4A287F,written,
ready,242888,P242888,Q2168493,"ARET 03, 692","Cuneiform Tablet ARET 03, 692",,P853,Q512146,Lagash II Period,Ebla Period,Q512143,Replace live period claim with the period expected from the current live FactGrid P692 CDLI ID.,Q2168493$3A069297-2A66-4981-A360-5A10BD054418,Q2168493$A4713B4E-2A93-4FC2-B9BC-30414E782926,written,
ready,242922,P242922,Q2166289,"ARET 03, 726","Cuneiform Tablet ARET 03, 726",,P853,Q512148,Ur III Period,Ebla Period,Q512143,Replace live period claim with the period expected from the current live FactGrid P692 CDLI ID.,Q2166289$789602A7-D463-46E4-90E8-01117BFB2CB8,Q2166289$838E4713-F6E4-4C4A-A8E0-5BBDD169C4C2,written,
ready,243630,P243630,Q2166546,"ARET 12, 0415","Cuneiform Tablet ARET 12, 0415",,P853,Q512158,Neo-Assyrian Period,Ebla Period,Q512143,Replace live period claim with the period expected from the current live FactGrid P692 CDLI ID.,Q2166546$9463B392-5C6F-4527-B964-80FE798ACF08,Q2166546$C61AC83C-1700-40BA-9523-4D8B0DA19E07,written,
ready,246432,P246432,Q2165527,NMSI —,Cuneiform Tablet P246432,,P853,Q512152,Old Babylonian Period,Ebla Period,Q512143,Replace live period claim with the period expected from the current live FactGrid P692 CDLI ID.,Q2165527$84FBE121-C882-45B7-BC18-317A2D192E1B,Q2165527$E2184AD2-6317-43D2-A10F-16982725D5E6,written,
ready,246961,P246961,Q2163141,"ARET 08, 21","Cuneiform Tablet ARET 08, 21",,P853,Q512158,Neo-Assyrian Period,Ebla Period,Q512143,Replace live period claim with the period expected from the current live FactGrid P692 CDLI ID.,Q2163141$35BCB22D-DC73-48D6-BA44-A1C1E583D51B,Q2163141$84C131F6-D435-4308-8C4E-B13BF52F3371,written,
ready,247389,P247389,Q2163778,NMSI —,Cuneiform Tablet P247389,,P853,Q512148,Ur III Period,Ebla Period,Q512143,Replace live period claim with the period expected from the current live FactGrid P692 CDLI ID.,Q2163778$58E7FF82-29CE-4701-A448-D018BFE6E1C2,Q2163778$65D49358-2EB1-4465-A061-41236B73382D,written,
ready,249397,P249397,Q2167663,"AUCT 5, 172","Cuneiform Tablet AUCT 5, 172",,P853,Q512150,Early Old Babylonian Period,Old Babylonian Period,Q512152,Replace live period claim with the period expected from the current live FactGrid P692 CDLI ID.,Q2167663$8CD446ED-F892-428D-9410-47E69FD3EDE5,Q2167663$F964B855-91D6-4599-8E4D-631C723FC476,written,
ready,2508,P002508,Q2163397,"IM 023447,?1","Cuneiform Tablet IM 023447,?1",,P853,Q512150,Early Old Babylonian Period,Uruk III Period,Q512134,Replace live period claim with the period expected from the current live FactGrid P692 CDLI ID.,Q2163397$E10641B9-2244-4A51-828E-FA4F62A62393,Q2163397$2AC5054B-0FDE-4867-BF89-1315FFB19CA9,written,
ready,252471,P252471,Q2168175,"MSCT 16, 108","Cuneiform Tablet MSCT 16, 108",,P853,Q512148,Ur III Period,Old Babylonian Period,Q512152,Replace live period claim with the period expected from the current live FactGrid P692 CDLI ID.,Q2168175$A7FCD231-F03D-48A6-B6AF-BD3190270A1D,Q2168175$53DC360C-15C5-4B38-A6BB-3EB86EF6CF0E,written,
ready,252888,P252888,Q2164862,MS 3850/3,Cuneiform Tablet MS 3850/3,,P853,Q512148,Ur III Period,Old Babylonian Period,Q512152,Replace live period claim with the period expected from the current live FactGrid P692 CDLI ID.,Q2164862$6D388DDF-1FF9-4708-9FF6-0EAF780F3C4D,Q2164862$B5810265-B6D9-4836-84F1-CD369E531CBF,written,
ready,256062,P256062,Q2164332,UM 29-15-233,Cuneiform Tablet UM 29-15-233,,P853,Q512146,Lagash II Period,Middle Babylonian Period,Q512154,Replace live period claim with the period expected from the current live FactGrid P692 CDLI ID.,Q2164332$D0FCCE1C-AE2B-43C8-A157-59D7DA15A7D7,Q2164332$2433FE4F-CF81-4121-86D6-D4EB1492C92B,written,
ready,256432,P256432,Q2162252,UM 29-15-716,Cuneiform Tablet UM 29-15-716,,P853,Q512146,Lagash II Period,Middle Babylonian Period,Q512154,Replace live period claim with the period expected from the current live FactGrid P692 CDLI ID.,Q2162252$8C800B76-E01E-450C-941E-C4A8F8E796E9,Q2162252$77AE321F-3E53-4F88-AEB0-D25F980B7543,written,
ready,256598,P256598,Q2162554,UM 29-15-969,Cuneiform Tablet UM 29-15-969,,P853,Q512150,Early Old Babylonian Period,Middle Babylonian Period,Q512154,Replace live period claim with the period expected from the current live FactGrid P692 CDLI ID.,Q2162554$050140EB-F757-4942-ADFB-703870D4198B,Q2162554$131588E9-DAA1-4C97-9409-13CD7CA8FE5A,written,
ready,257223,P257223,Q2167592,"RINAP 4 Esarhaddon 057, ex. 001","Cuneiform Artifact RINAP 4 Esarhaddon 057, ex. 001",,P853,Q512148,Ur III Period,Neo-Assyrian Period,Q512158,Replace live period claim with the period expected from the current live FactGrid P692 CDLI ID.,Q2167592$F5DEC8BA-A5A9-416E-844A-775BF8DD5CA7,Q2167592$3E014706-017C-4352-BF13-4FFF47E1551B,written,
ready,259397,P259397,Q2163996,"BE 15, 003","Cuneiform Tablet BE 15, 003",,P853,Q512146,Lagash II Period,Middle Babylonian Period,Q512154,Replace live period claim with the period expected from the current live FactGrid P692 CDLI ID.,Q2163996$54BE5122-E31F-4FFB-ABB1-994451EEBC59,Q2163996$36CC8C4B-0D13-4793-BB12-FBA48A506828,written,
ready,260150,P260150,Q2167214,CBS 03777,Cuneiform Tablet CBS 03777,,P853,Q512158,Neo-Assyrian Period,Middle Babylonian Period,Q512154,Replace live period claim with the period expected from the current live FactGrid P692 CDLI ID.,Q2167214$F38C55F8-0C1D-4ED0-B50D-8C712502565E,Q2167214$7DDB8E41-3086-4E58-BE97-727F0201F47E,written,
ready,262497,P262497,Q2165259,CBS 07495,Cuneiform Tablet CBS 07495,,P853,Q512152,Old Babylonian Period,Early Old Babylonian Period,Q512150,Replace live period claim with the period expected from the current live FactGrid P692 CDLI ID.,Q2165259$338B2175-DD81-4CE3-A9A6-DA1D833D3A36,Q2165259$D3617448-DCE2-4542-A9B6-4405FFD18102,written,
ready,264113,P264113,Q2162401,CBS 06605,Cuneiform Tablet CBS 06605,,P853,Q512146,Lagash II Period,Middle Babylonian Period,Q512154,Replace live period claim with the period expected from the current live FactGrid P692 CDLI ID.,Q2162401$200E861D-89F4-420E-BB1C-2513A5617593,Q2162401$4FB8F539-D52A-4075-B51F-80F7514E846C,written,
ready,265702,P265702,Q2167911,BagM 33 Tafel 2 24,Cuneiform Tablet BagM 33 Tafel 2 24,,P853,Q512155,Middle Assyrian Period,Middle Babylonian Period,Q512154,Replace live period claim with the period expected from the current live FactGrid P692 CDLI ID.,Q2167911$7E420B7D-5B0C-4A3B-A3AE-D16C182CC145,Q2167911$D11B77C5-474F-41C4-8B3E-B3DBA39EEAF4,written,
ready,265997,P265997,Q2169638,"BE 17/1, 021","Cuneiform Tablet BE 17/1, 021",,P853,Q512155,Middle Assyrian Period,Middle Babylonian Period,Q512154,Replace live period claim with the period expected from the current live FactGrid P692 CDLI ID.,Q2169638$94825032-DFB4-476B-8358-D8C56683A461,Q2169638$C39858F2-5645-45A4-9F8C-18FD6D4CD631,written,
ready,266987,P266987,Q2167353,CBS 11849,Cuneiform Tablet CBS 11849,,P853,Q512146,Lagash II Period,Middle Babylonian Period,Q512154,Replace live period claim with the period expected from the current live FactGrid P692 CDLI ID.,Q2167353$656AB7BD-3FA7-49CA-A612-3DC197899777,Q2167353$1431F235-4A8D-4931-BD93-3A2035CBC4E5,written,
ready,270146,P270146,Q2012290,"RINAP 5/3, Ashurbanipal x2016, ex. 007-008","Cuneiform Artifact RINAP 5/3, Ashurbanipal x2016, ex. 007-008",,P853,Q512159,Late Babylonian Period,Neo-Assyrian Period,Q512158,Replace live period claim with the period expected from the current live FactGrid P692 CDLI ID.,Q2012290$CAB6DF36-4FEB-4E70-B77B-D54190126EE2,Q2012290$2852D1D1-864D-4021-B010-D6E1BA75B505,written,
ready,270853,P270853,Q2165698,EA 354,Cuneiform Tablet EA 354,,P853,Q512148,Ur III Period,Middle Babylonian Period,Q512154,Replace live period claim with the period expected from the current live FactGrid P692 CDLI ID.,Q2165698$0BBE58CA-D080-44EB-ADEA-D41D367B71BA,Q2165698$A582AEA7-576C-46F6-B2DE-17FC5FE0BF45,written,
ready,272881,P272881,Q2151206,CDLI Seals 001371 (physical),Cuneiform Artifact CDLI Seals 001371 (physical),,P853,Q512151,Old Assyrian Period,Early Old Babylonian Period,Q512150,Replace live period claim with the period expected from the current live FactGrid P692 CDLI ID.,Q2151206$48625520-E7D0-4566-8457-9075E6C3D6BF,Q2151206$D5D43D32-FBEF-430F-A571-E7613F432047,written,
ready,274543,P274543,Q2166139,"ZA 004, 159 9","Cuneiform Tablet ZA 004, 159 9",,P853,Q512155,Middle Assyrian Period,Neo-Assyrian Period,Q512158,Replace live period claim with the period expected from the current live FactGrid P692 CDLI ID.,Q2166139$C645D6D0-8B4F-4FC7-B513-741CD0083282,Q2166139$C92B3765-4584-4FC7-888A-DBF06AA1D8F9,written,
ready,274810,P274810,Q2163770,SAKF 144,Cuneiform Tablet SAKF 144,,P853,Q512150,Early Old Babylonian Period,Neo-Babylonian Period,Q512161,Replace live period claim with the period expected from the current live FactGrid P692 CDLI ID.,Q2163770$AAD782BD-5CAA-4DB0-B52A-27D854589B8D,Q2163770$7DA9EBA7-4758-4178-A1E2-9B72393FD6DD,written,
ready,278833,P278833,Q2167644,N 3856,Cuneiform Tablet N 3856,,P853,Q512148,Ur III Period,Old Babylonian Period,Q512152,Replace live period claim with the period expected from the current live FactGrid P692 CDLI ID.,Q2167644$170E3025-6C8F-4C80-8A60-41C7C0AD7A41,Q2167644$6AF145DB-AF9E-4102-AD16-214E51F3FD1D,written,
ready,279371,P279371,Q2165164,N 4513,Cuneiform Tablet N 4513,,P853,Q512148,Ur III Period,Middle Babylonian Period,Q512154,Replace live period claim with the period expected from the current live FactGrid P692 CDLI ID.,Q2165164$AE6F590E-27F4-4969-B82C-84C807D7B8EA,Q2165164$C6345256-EC69-4DF0-8D2E-D9E67BDC51AF,written,
ready,279721,P279721,Q2168103,N 5525,Cuneiform Tablet N 5525,,P853,Q512148,Ur III Period,Old Babylonian Period,Q512152,Replace live period claim with the period expected from the current live FactGrid P692 CDLI ID.,Q2168103$3F38E1DE-EEF3-4B47-B31F-65C931495C60,Q2168103$C586207B-3125-4BCB-86E4-4F97E46763F7,written,
ready,281145,P281145,Q2164657,NATN p. 61 catalogue,Cuneiform Tablet NATN p. 61 catalogue,,P853,Q512158,Neo-Assyrian Period,Ur III Period,Q512148,Replace live period claim with the period expected from the current live FactGrid P692 CDLI ID.,Q2164657$4EFD6B16-F4F7-4459-9F42-308A873F0263,Q2164657$8307DD72-1E2B-4921-9520-EF88D70D30CA,written,
ready,282616,P282616,Q2163676,"KAL 12, 03","Cuneiform Tablet KAL 12, 03",,P853,Q512156,Middle Elamite Period,Middle Assyrian Period,Q512155,Replace live period claim with the period expected from the current live FactGrid P692 CDLI ID.,Q2163676$CC8C2706-F322-4D3E-B989-6E9BF2CF9890,Q2163676$C3AC2676-1D96-45C9-9D4D-285E7C7F6325,written,
ready,283528,P283528,Q2162099,"MARV 8, 54","Cuneiform Tablet MARV 8, 54",,P853,Q512146,Lagash II Period,Middle Assyrian Period,Q512155,Replace live period claim with the period expected from the current live FactGrid P692 CDLI ID.,Q2162099$D468EB7E-B3A8-4164-AD43-2642F3B4E866,Q2162099$4F92444B-F908-418E-914C-E65A522F3F20,written,
ready,285239,P285239,Q2024365,"BAM 2, 143","Cuneiform Tablet BAM 2, 143",,P853,Q512159,Late Babylonian Period,Neo-Assyrian Period,Q512158,Replace live period claim with the period expected from the current live FactGrid P692 CDLI ID.,Q2024365$12B2A5FF-AF19-4224-8C59-4C363E2EA1BA,Q2024365$7B073B24-6DD3-49F4-A8B2-DB4F81E20363,written,
ready,285281,P285281,Q2167089,"BAM 2, 189","Cuneiform Tablet BAM 2, 189",,P853,Q512159,Late Babylonian Period,Neo-Assyrian Period,Q512158,Replace live period claim with the period expected from the current live FactGrid P692 CDLI ID.,Q2167089$97C5102F-3DC6-42FF-B82C-2008649757DC,Q2167089$62058830-D0C8-4B83-A38A-CCD4CC228BCF,written,
ready,285413,P285413,Q2152545,"BAM 4, 333","Cuneiform Tablet BAM 4, 333",,P853,Q512159,Late Babylonian Period,Neo-Assyrian Period,Q512158,Replace live period claim with the period expected from the current live FactGrid P692 CDLI ID.,Q2152545$88E9F0FA-94B6-40A5-9DE8-F10FBBCF0FB4,Q2152545$20C01615-14D2-48CD-A993-65E87B0E68B7,written,
ready,285429,P285429,Q2163730,"BAM 4, 357","Cuneiform Tablet BAM 4, 357",,P853,Q512159,Late Babylonian Period,Neo-Assyrian Period,Q512158,Replace live period claim with the period expected from the current live FactGrid P692 CDLI ID.,Q2163730$DA0001AA-7D72-425A-A965-1F4B02C8CF99,Q2163730$3C37E326-F0C2-41F0-87B0-0E314FA9D67E,written,
ready,289826,P289826,Q2166311,YBC 16999,Cuneiform Artifact YBC 16999,,P853,Q512148,Ur III Period,Lagash II Period,Q512146,Replace live period claim with the period expected from the current live FactGrid P692 CDLI ID.,Q2166311$5938D7B6-4352-40AC-A374-60E2A22902EB,Q2166311$EA649196-B0E6-43FE-A5F8-15CA626B538A,written,
ready,291515,P291515,Q2165852,"BIN 01, 149","Cuneiform Tablet BIN 01, 149",,P853,Q512146,Lagash II Period,Neo-Babylonian Period,Q512161,Replace live period claim with the period expected from the current live FactGrid P692 CDLI ID.,Q2165852$762AB16F-A48F-4FC3-BF0B-8B7A647B714C,Q2165852$E1042F34-5F13-47C6-A10C-74207610D344,written,
ready,292293,P292293,Q2164014,"BIN 02, 038","Cuneiform Artifact BIN 02, 038",,P853,Q512158,Neo-Assyrian Period,Old Babylonian Period,Q512152,Replace live period claim with the period expected from the current live FactGrid P692 CDLI ID.,Q2164014$942DD100-ECAA-43A4-9C81-8AFE543B8667,Q2164014$158C5AC3-B7C7-425F-9A8E-76D6849769E6,written,
ready,292769,P292769,Q2163088,"BIN 07, 177","Cuneiform Tablet BIN 07, 177",,P853,Q512148,Ur III Period,Old Babylonian Period,Q512152,Replace live period claim with the period expected from the current live FactGrid P692 CDLI ID.,Q2163088$43DB2487-88B8-46D7-92A1-E2138C577CDE,Q2163088$265A9A5F-7442-4249-A26A-B28C9658950E,written,
ready,293528,P293528,Q2166064,NBC 04431,Cuneiform Tablet NBC 04431,,P853,Q512146,Lagash II Period,Ur III Period,Q512148,Replace live period claim with the period expected from the current live FactGrid P692 CDLI ID.,Q2166064$B9A429B1-F76B-410C-B842-4B860B74C8B5,Q2166064$508CB575-61C2-4BC0-A3C6-7A8A0DB80202,written,
ready,294717,P294717,Q2166213,"GCCI 2, 386","Cuneiform Tablet GCCI 2, 386",,P853,Q512148,Ur III Period,Neo-Babylonian Period,Q512161,Replace live period claim with the period expected from the current live FactGrid P692 CDLI ID.,Q2166213$88C78C58-A014-4B88-87FD-455155D660C5,Q2166213$9DB4DD30-3CAC-4B63-BC49-BC31094F6DB6,written,
ready,295556,P295556,Q2164282,MLC 00767,Cuneiform Tablet MLC 00767,,P853,Q512158,Neo-Assyrian Period,Old Babylonian Period,Q512152,Replace live period claim with the period expected from the current live FactGrid P692 CDLI ID.,Q2164282$1A764605-CFDE-4BAE-B2C8-444F51CF3739,Q2164282$003D5E1C-4471-4F90-838C-95DAD7AD24F6,written,
ready,297091,P297091,Q2163351,"BIN 01, 135","Cuneiform Tablet BIN 01, 135",,P853,Q512158,Neo-Assyrian Period,Neo-Babylonian Period,Q512161,Replace live period claim with the period expected from the current live FactGrid P692 CDLI ID.,Q2163351$D2FB1A68-2C19-4A2E-9B72-8419459373C2,Q2163351$70A13F4E-1AC4-4B4A-B471-538AEC8AFA47,written,
ready,297838,P297838,Q2166355,"YOS 17, 106","Cuneiform Tablet YOS 17, 106",,P853,Q512148,Ur III Period,Neo-Babylonian Period,Q512161,Replace live period claim with the period expected from the current live FactGrid P692 CDLI ID.,Q2166355$FA0B92E5-7FF1-4ADC-9F67-BCE40F89EEE4,Q2166355$FE5AA251-D2CA-4403-B47B-025072E401D2,written,
ready,298364,P298364,Q2162700,NBC 06449,Cuneiform Tablet NBC 06449,,P853,Q512148,Ur III Period,Early Old Babylonian Period,Q512150,Replace live period claim with the period expected from the current live FactGrid P692 CDLI ID.,Q2162700$0F95E61A-F488-428B-A373-15FDD5307807,Q2162700$4F065507-8EEE-4B8A-9E29-3639F3C0482D,written,
ready,300560,P300560,Q2162687,NBC 09393,Cuneiform Tablet NBC 09393,,P853,Q512148,Ur III Period,Old Babylonian Period,Q512152,Replace live period claim with the period expected from the current live FactGrid P692 CDLI ID.,Q2162687$38B75E55-B779-4976-9C03-DC2E7F1C52FB,Q2162687$23C4AD39-B99A-4C3F-9016-6E9BC95ADF08,written,
ready,300833,P300833,Q2165269,NBC 09716,Cuneiform Artifact NBC 09716,,P853,Q512150,Early Old Babylonian Period,Old Babylonian Period,Q512152,Replace live period claim with the period expected from the current live FactGrid P692 CDLI ID.,Q2165269$E8432DB8-AF23-430D-A189-8B064F55B81D,Q2165269$1AB5A3ED-0A59-46A8-BA43-452210EEE1E7,written,
ready,301371,P301371,Q2168196,NBC 10436,Cuneiform Tablet NBC 10436,,P853,Q512158,Neo-Assyrian Period,Old Babylonian Period,Q512152,Replace live period claim with the period expected from the current live FactGrid P692 CDLI ID.,Q2168196$545183E6-2547-4A2B-9B6C-B8E40C129FAE,Q2168196$823C54C5-8599-4660-A5CB-42AC8834A475,written,
ready,304523,P304523,Q2167490,YBC 01959,Cuneiform Tablet YBC 01959,,P853,Q512158,Neo-Assyrian Period,Old Babylonian Period,Q512152,Replace live period claim with the period expected from the current live FactGrid P692 CDLI ID.,Q2167490$7D1A6C9F-FC24-4E33-8144-A8B179E576C2,Q2167490$C84D5B5A-006D-47FA-B772-683F18A373AD,written,
ready,304870,P304870,Q2164826,YBC 03431,Cuneiform Tablet YBC 03431,,P853,Q512148,Ur III Period,Neo-Babylonian Period,Q512161,Replace live period claim with the period expected from the current live FactGrid P692 CDLI ID.,Q2164826$AA07007C-00F4-4DA7-B94D-1B3B25C6FA3D,Q2164826$15FF9F42-9C65-4A87-A3BD-4244CC5CDD89,written,
ready,305298,P305298,Q2162585,"YOS 06, 001","Cuneiform Tablet YOS 06, 001",,P853,Q512146,Lagash II Period,Neo-Babylonian Period,Q512161,Replace live period claim with the period expected from the current live FactGrid P692 CDLI ID.,Q2162585$B6BB14B9-13C2-40F3-A484-453A1E99515F,Q2162585$B1D89214-29ED-483D-82F2-AAA7D4F5F0DE,written,
ready,305332,P305332,Q2162198,"YOS 07, 043","Cuneiform Tablet YOS 07, 043",,P853,Q512148,Ur III Period,Achaemenid Period,Q512163,Replace live period claim with the period expected from the current live FactGrid P692 CDLI ID.,Q2162198$2D0B7940-1BB6-49B5-9A43-0225E5DE16E4,Q2162198$E0C9AF48-840F-493C-B8B6-C3644D57AD16,written,
ready,310130,P310130,Q2166532,"YOS 17, 245","Cuneiform Tablet YOS 17, 245",,P853,Q512150,Early Old Babylonian Period,Neo-Babylonian Period,Q512161,Replace live period claim with the period expected from the current live FactGrid P692 CDLI ID.,Q2166532$91A5DC57-4E24-4D50-BAA9-99EF9157F46F,Q2166532$FB19B826-C0A8-4593-BB67-2C824348D8C7,written,
ready,310999,P310999,Q2163135,YBC 10713,Cuneiform Tablet YBC 10713,,P853,Q512148,Ur III Period,Old Babylonian Period,Q512152,Replace live period claim with the period expected from the current live FactGrid P692 CDLI ID.,Q2163135$ABF89653-409A-4EE8-A0F0-D1FC93C1FECA,Q2163135$5BEA25D5-2AB8-4B4D-8FBA-C4A7F10453CF,written,
ready,314173,P314173,Q2163502,"CT 53, 763","Cuneiform Tablet CT 53, 763",,P853,Q512155,Middle Assyrian Period,Neo-Assyrian Period,Q512158,Replace live period claim with the period expected from the current live FactGrid P692 CDLI ID.,Q2163502$90CE01AC-969F-4D2B-AD59-F2326BFEB0AA,Q2163502$E1D9FE62-97FB-43CB-879C-B7BB7A35386C,written,
ready,314489,P314489,Q2163801,"CT 55, 098","Cuneiform Tablet CT 55, 098",,P853,Q512155,Middle Assyrian Period,Neo-Babylonian Period,Q512161,Replace live period claim with the period expected from the current live FactGrid P692 CDLI ID.,Q2163801$05E40423-4127-40FD-87C8-7D2840BDC217,Q2163801$8134436E-D2E5-4047-AE3C-5654A9B4AD57,written,
ready,315332,P315332,Q2165683,TJA UMM G 07,Cuneiform Tablet TJA UMM G 07,,P853,Q512148,Ur III Period,Old Babylonian Period,Q512152,Replace live period claim with the period expected from the current live FactGrid P692 CDLI ID.,Q2165683$1DAE494C-893E-4E9E-8FC3-DA8AC8A9ABCB,Q2165683$1244F5F9-378B-41BF-B7F5-BB35D4AD2244,written,
ready,318500,P318500,Q2167191,BM 018978,Cuneiform Tablet BM 018978,,P853,Q512158,Neo-Assyrian Period,Ur III Period,Q512148,Replace live period claim with the period expected from the current live FactGrid P692 CDLI ID.,Q2167191$0D22504F-5A9D-436F-87E7-21A5654EA7EC,Q2167191$336656AF-BDF4-47EC-8D5D-EC840A43B2B0,written,
ready,319741,P319741,Q2164670,BM 022016,Cuneiform Tablet BM 022016,,P853,Q512146,Lagash II Period,Ur III Period,Q512148,Replace live period claim with the period expected from the current live FactGrid P692 CDLI ID.,Q2164670$D8B178EB-2C20-40E0-8E0E-E5195AA28727,Q2164670$33647D00-1AD9-4378-BDED-71C166C81691,written,
ready,331397,P331397,Q2165295,"Nisaba 05/1, 367","Cuneiform Tablet Nisaba 05/1, 367",,P853,Q512146,Lagash II Period,Ur III Period,Q512148,Replace live period claim with the period expected from the current live FactGrid P692 CDLI ID.,Q2165295$84F43A98-5D90-4D21-9F3D-1074897D6D1E,Q2165295$709F6BAB-C985-45AE-8FAE-829541C3219D,written,
ready,3319,P003319,Q2168233,"W 19684,a","Cuneiform Tablet W 19684,a",,P853,Q512148,Ur III Period,Uruk IV Period,Q512132,Replace live period claim with the period expected from the current live FactGrid P692 CDLI ID.,Q2168233$2C86238D-D1AD-4B9C-9E26-191F820CCAB6,Q2168233$AA627676-38D7-405C-B34F-A97EE9B0F310,written,
ready,332978,P332978,Q2163316,LinElam X,Cuneiform Artifact LinElam X,,P853,Q512145,Linear Elamite Period,Linear Elamite Period,Q512146,Replace live period claim with the period expected from the current live FactGrid P692 CDLI ID.,Q2163316$2B958BBE-DAA6-4C42-8163-2F95E3CF3724,Q2163316$EC9D3F0C-04F9-4204-833E-0CC653E676FC,written,
ready,336901,P336901,Q2163101,"StAT 2, 093","Cuneiform Tablet StAT 2, 093",,P853,Q512161,Neo-Babylonian Period,Neo-Assyrian Period,Q512158,Replace live period claim with the period expected from the current live FactGrid P692 CDLI ID.,Q2163101$37477D48-92B6-486D-9658-E625BA5BC3B5,Q2163101$482352EF-2AD2-4ED0-9B23-62BE1E941C12,written,
ready,341095,P341095,Q2166820,"BPOA 02, 2439","Cuneiform Tablet BPOA 02, 2439",,P853,Q512150,Early Old Babylonian Period,Ur III Period,Q512148,Replace live period claim with the period expected from the current live FactGrid P692 CDLI ID.,Q2166820$43486C65-1D41-40FC-9ED7-FAB665321AE0,Q2166820$695BE045-08F7-47EF-B163-EAA389826495,written,
ready,342713,P342713,Q2163522,NYPLC 008,Cuneiform Tablet NYPLC 008,,P853,Q512155,Middle Assyrian Period,Ur III Period,Q512148,Replace live period claim with the period expected from the current live FactGrid P692 CDLI ID.,Q2163522$1B93216C-2B18-43CC-9AD2-E6759772105F,Q2163522$1250F79B-603E-47BD-B0C0-A0ECCF2ECC0E,written,
ready,345490,P345490,Q2013565,CDLI Seals 022469 (physical),Cuneiform Artifact CDLI Seals 022469 (physical),,P853,Q512155,Middle Assyrian Period,Middle Babylonian Period,Q512154,Replace live period claim with the period expected from the current live FactGrid P692 CDLI ID.,Q2013565$66A0493A-BB66-4792-A2AD-5F58D1987874,Q2013565$BB4400E8-643F-4CAA-8DC7-791E3CFE5E65,written,
ready,345594,P345594,Q2170135,"CT 44, 89","Cuneiform Tablet CT 44, 89",,P853,Q512162,Persian Period,Neo-Babylonian Period,Q512161,Replace live period claim with the period expected from the current live FactGrid P692 CDLI ID.,Q2170135$82A4B3AD-C0B4-47FC-8FF3-0AE995DB41A6,Q2170135$EF32B4BF-B533-4EE2-8952-C18B69608B0D,written,
ready,347157,P347157,Q1938257,"VS 24, 038","Cuneiform Tablet VS 24, 038",,P853,Q512153,Middle Hittite Period,Old Babylonian Period,Q512152,Replace live period claim with the period expected from the current live FactGrid P692 CDLI ID.,Q1938257$F8169B2A-AC8D-468D-9F3B-75D6515B88BA,Q1938257$E4A27AF7-17FC-4DDB-88BD-79CF39A8CC21,written,
ready,347511,P347511,Q2163825,"OECT 15, 169","Cuneiform Tablet OECT 15, 169",,P853,Q512158,Neo-Assyrian Period,Middle Babylonian Period,Q512154,Replace live period claim with the period expected from the current live FactGrid P692 CDLI ID.,Q2163825$EA8C38AE-7589-40AD-81DE-7CB2575C6A77,Q2163825$243B1E70-5410-4205-987B-03E5CA948463,written,
ready,347842,P347842,Q2166467,"Ras Shamra-Ougarit 07, 004","Cuneiform Tablet Ras Shamra-Ougarit 07, 004",,P853,Q512158,Neo-Assyrian Period,Middle Babylonian Period,Q512154,Replace live period claim with the period expected from the current live FactGrid P692 CDLI ID.,Q2166467$E220845B-9741-4112-A47F-759FE861F455,Q2166467$B7CD08AE-D9DE-4FBB-A698-3FB03F081914,written,
ready,350684,P350684,Q2165048,"ARM 12, 241","Cuneiform Tablet ARM 12, 241",,P853,Q512146,Lagash II Period,Old Babylonian Period,Q512152,Replace live period claim with the period expected from the current live FactGrid P692 CDLI ID.,Q2165048$4DBE0A25-B749-41B2-A136-EC6030AAF701,Q2165048$20033B3C-35ED-4A53-A09D-7C2BC281D46C,written,
ready,351996,P351996,Q2165357,"ARM 19, 457","Cuneiform Tablet ARM 19, 457",,P853,Q512148,Ur III Period,Old Babylonian Period,Q512152,Replace live period claim with the period expected from the current live FactGrid P692 CDLI ID.,Q2165357$AB6FD370-B1E5-4675-8A43-D15D0707BC75,Q2165357$51D5ABCD-536A-400F-A740-858C29F2E049,written,
ready,352343,P352343,Q2167493,"ARM 21, 341","Cuneiform Tablet ARM 21, 341",,P853,Q512158,Neo-Assyrian Period,Old Babylonian Period,Q512152,Replace live period claim with the period expected from the current live FactGrid P692 CDLI ID.,Q2167493$AD8E2ECF-CE2C-40B7-9A65-014A9B1C9DA4,Q2167493$15AE2A43-B616-43EA-968C-614AB6A46FCD,written,
ready,352617,P352617,Q2165460,"ARM 22, 171","Cuneiform Tablet ARM 22, 171",,P853,Q512153,Middle Hittite Period,Old Babylonian Period,Q512152,Replace live period claim with the period expected from the current live FactGrid P692 CDLI ID.,Q2165460$4B9A5827-98EB-4A9A-AC96-59564FDD160C,Q2165460$6DF7D12F-7A73-44C7-9BA4-767B673C524D,written,
ready,352656,P352656,Q2151649,"ARM 22, 210 + 214","Cuneiform Tablet ARM 22, 210 + 214",,P853,Q512153,Middle Hittite Period,Old Babylonian Period,Q512152,Replace live period claim with the period expected from the current live FactGrid P692 CDLI ID.,Q2151649$652955B0-BD91-426A-8EE7-E5AEDBB9558F,Q2151649$0AD9F751-AAD6-40C1-9BCC-7A76CDCE6172,written,
ready,353102,P353102,Q2164385,"ARM 23, 314","Cuneiform Tablet ARM 23, 314",,P853,Q512150,Early Old Babylonian Period,Old Babylonian Period,Q512152,Replace live period claim with the period expected from the current live FactGrid P692 CDLI ID.,Q2164385$CF2F4487-80B6-4743-9486-01C8644A14C1,Q2164385$2802B031-0BEB-4AD3-9E4A-ADD28F92B6ED,written,
ready,353552,P353552,Q2162350,"ARM 24, 137","Cuneiform Tablet ARM 24, 137",,P853,Q512148,Ur III Period,Old Babylonian Period,Q512152,Replace live period claim with the period expected from the current live FactGrid P692 CDLI ID.,Q2162350$23EBFD35-F790-4E89-A71F-642023BB31BB,Q2162350$F05E4EB6-28B9-4C4F-B7A3-037A1ACEF860,written,
ready,354297,P354297,Q2162392,"ARM 25, 558","Cuneiform Tablet ARM 25, 558",,P853,Q512146,Lagash II Period,Old Babylonian Period,Q512152,Replace live period claim with the period expected from the current live FactGrid P692 CDLI ID.,Q2162392$6A6CC25E-FA73-40F3-BF40-491EEF18C25C,Q2162392$C719EB9A-2564-432B-916B-647643154AF0,written,
ready,355486,P355486,Q2167263,"ARM 31, 064","Cuneiform Tablet ARM 31, 064",,P853,Q512150,Early Old Babylonian Period,Old Babylonian Period,Q512152,Replace live period claim with the period expected from the current live FactGrid P692 CDLI ID.,Q2167263$438FE434-A53F-44EE-AC61-A6EA053E22FC,Q2167263$2EFB7405-616B-47C8-9EC0-BD037C7B3039,written,
ready,357141,P357141,Q2165106,BWL pl. 65 K 15227+,Cuneiform Tablet BWL pl. 65 K 15227+,,P853,Q512155,Middle Assyrian Period,Neo-Assyrian Period,Q512158,Replace live period claim with the period expected from the current live FactGrid P692 CDLI ID.,Q2165106$A16E41CD-9144-4BE1-9D5E-9C736E8551A0,Q2165106$F4CE797F-ED9F-43E9-8254-E9CF7A17829C,written,
ready,365030,P365030,Q2167237,LBAT 0937,Cuneiform Tablet LBAT 0937,,P853,Q512146,Lagash II Period,Hellenistic Period,Q512164,Replace live period claim with the period expected from the current live FactGrid P692 CDLI ID.,Q2167237$D1724FB8-6D68-4D8E-BC94-3A26BB403E50,Q2167237$234691B1-04BC-4CAB-80BE-6CBB73E48FCA,written,
ready,365933,P365933,Q2162460,"CT 28, pl. 38, K 03143","Cuneiform Tablet CT 28, pl. 38, K 03143",,P853,Q512148,Ur III Period,Neo-Assyrian Period,Q512158,Replace live period claim with the period expected from the current live FactGrid P692 CDLI ID.,Q2162460$2765ABAF-E55F-49CC-8148-A4A52EF96333,Q2162460$98D570C5-EBBC-4A18-9D51-5734246E2900,written,
ready,366348,P366348,Q2165767,"CT 56, 033","Cuneiform Tablet CT 56, 033",,P853,Q512162,Persian Period,Neo-Babylonian Period,Q512161,Replace live period claim with the period expected from the current live FactGrid P692 CDLI ID.,Q2165767$5AE5A1AB-5062-4067-B6F8-E3D5CEF74AF7,Q2165767$21B11E50-EE36-4EF2-8108-5DFBC4DAE40C,written,
ready,366466,P366466,Q2063586,"CT 56, 151","Cuneiform Tablet CT 56, 151",,P853,Q512162,Persian Period,Neo-Babylonian Period,Q512161,Replace live period claim with the period expected from the current live FactGrid P692 CDLI ID.,Q2063586$5E4466C1-F514-4692-B776-3C1C4B823E33,Q2063586$F06E0246-58C7-42AC-A1A5-338876C45305,written,
ready,366535,P366535,Q2169005,"CT 56, 220","Cuneiform Tablet CT 56, 220",,P853,Q512162,Persian Period,Neo-Babylonian Period,Q512161,Replace live period claim with the period expected from the current live FactGrid P692 CDLI ID.,Q2169005$120D7086-86EB-4B86-BC38-4FC6EE8AF71E,Q2169005$206A300F-EA04-4011-ABF8-D082756E9AAE,written,
ready,366558,P366558,Q2162623,"CT 56, 243","Cuneiform Tablet CT 56, 243",,P853,Q512162,Persian Period,Neo-Babylonian Period,Q512161,Replace live period claim with the period expected from the current live FactGrid P692 CDLI ID.,Q2162623$00183742-86B4-4629-8570-DF6F88C53BCE,Q2162623$483093FB-BA63-493D-B0A3-6BDDC7D62E5E,written,
ready,366574,P366574,Q2166740,"CT 56, 259","Cuneiform Tablet CT 56, 259",,P853,Q512162,Persian Period,Neo-Babylonian Period,Q512161,Replace live period claim with the period expected from the current live FactGrid P692 CDLI ID.,Q2166740$25234206-58ED-4337-86FD-2112BE42D3D9,Q2166740$90D8A8E1-9C99-4747-B984-3F204569E80C,written,
ready,366763,P366763,Q2163844,"CT 56, 448","Cuneiform Tablet CT 56, 448",,P853,Q512162,Persian Period,Neo-Babylonian Period,Q512161,Replace live period claim with the period expected from the current live FactGrid P692 CDLI ID.,Q2163844$EADBD82C-00CB-43A4-ABC1-2AC18E74F983,Q2163844$43430374-F37F-483C-952D-B17232156621,written,
ready,366827,P366827,Q2166892,"CT 56, 512","Cuneiform Tablet CT 56, 512",,P853,Q512162,Persian Period,Neo-Babylonian Period,Q512161,Replace live period claim with the period expected from the current live FactGrid P692 CDLI ID.,Q2166892$2D74FFEF-32D5-4ADD-8AF6-FCF3CE5B9ECB,Q2166892$4662FBA4-26F0-49F3-8FC5-FC5401CBB039,written,
ready,366889,P366889,Q2169603,"CT 56, 574","Cuneiform Tablet CT 56, 574",,P853,Q512162,Persian Period,Neo-Babylonian Period,Q512161,Replace live period claim with the period expected from the current live FactGrid P692 CDLI ID.,Q2169603$ED620889-F262-41F2-8B26-36FE43F8E187,Q2169603$D2D42B67-C694-47F2-8948-A77AB93829C1,written,
ready,366923,P366923,Q2169339,"CT 56, 608","Cuneiform Tablet CT 56, 608",,P853,Q512162,Persian Period,Neo-Babylonian Period,Q512161,Replace live period claim with the period expected from the current live FactGrid P692 CDLI ID.,Q2169339$9DF21BDB-610C-44AB-82CE-9C476EDBD75F,Q2169339$C379627F-2A47-4276-884E-0DCFA1E7F542,written,
ready,366935,P366935,Q2147786,"CT 56, 620","Cuneiform Tablet CT 56, 620",,P853,Q512162,Persian Period,Neo-Babylonian Period,Q512161,Replace live period claim with the period expected from the current live FactGrid P692 CDLI ID.,Q2147786$0487DAB6-1BBB-41F1-9940-5CFDDE18C8CC,Q2147786$65072F7F-0CDC-4040-BBE2-E03B4112D6CE,written,
ready,368602,P368602,Q2165533,"TCL 32, 116","Cuneiform Tablet TCL 32, 116",,P853,Q512148,Ur III Period,Proto-Elamite Period,Q512135,Replace live period claim with the period expected from the current live FactGrid P692 CDLI ID.,Q2165533$DC039CEF-99BB-439D-A0C3-526E0966D82C,Q2165533$F9CE5E9C-B25A-4946-B7F5-3D5EC60E44F5,written,
ready,369443,P369443,Q2163507,OBTI 013,Cuneiform Tablet OBTI 013,,P853,Q512146,Lagash II Period,Early Old Babylonian Period,Q512150,Replace live period claim with the period expected from the current live FactGrid P692 CDLI ID.,Q2163507$31F8C421-6071-45FA-B985-2ACF0F6277F3,Q2163507$9136BCA2-A2A2-43E0-B08E-6C83EC9BF99D,written,
ready,369910,P369910,Q2166223,"MDP 27, 163","Cuneiform Tablet MDP 27, 163",,P853,Q512148,Ur III Period,Old Babylonian Period,Q512152,Replace live period claim with the period expected from the current live FactGrid P692 CDLI ID.,Q2166223$AC6D3D67-6548-47A1-9CC8-F6718FA0E715,Q2166223$6D9107FF-6286-4666-944F-7AA42FF9B75D,written,
ready,371423,P371423,Q2166187,"VS 03, 134","Cuneiform Tablet VS 03, 134",,P853,Q512148,Ur III Period,Achaemenid Period,Q512163,Replace live period claim with the period expected from the current live FactGrid P692 CDLI ID.,Q2166187$0C5F37A6-5A47-4F9D-A334-376FE8954184,Q2166187$E06FB74B-B582-4653-B6BD-EB6F7D5AF8CD,written,
ready,371931,P371931,Q2166171,"VS 06, 036","Cuneiform Tablet VS 06, 036",,P853,Q512162,Persian Period,Neo-Babylonian Period,Q512161,Replace live period claim with the period expected from the current live FactGrid P692 CDLI ID.,Q2166171$4054408C-35D4-4E34-A08B-3EAC63DCA4D6,Q2166171$47BAFCDC-B62B-4CD4-8C46-39829727EC62,written,
ready,371966,P371966,Q892473,"VS 06, 071","Cuneiform Tablet VS 06, 071",,P853,Q512162,Persian Period,Neo-Babylonian Period,Q512161,Replace live period claim with the period expected from the current live FactGrid P692 CDLI ID.,Q892473$3E601C4C-D129-4887-9DFC-7C7948301B1F,Q892473$6BC3DF09-D0C9-4A73-913A-BB4AEC8CD13D,written,
ready,371970,P371970,Q2163761,"VS 06, 075","Cuneiform Tablet VS 06, 075",,P853,Q512148,Ur III Period,Neo-Babylonian Period,Q512161,Replace live period claim with the period expected from the current live FactGrid P692 CDLI ID.,Q2163761$44479507-EB06-4031-8FCA-9360D05AD194,Q2163761$0F5FC15F-58FC-4808-80B1-AEA8433F5F8D,written,
ready,371989,P371989,Q2167801,"VS 06, 094","Cuneiform Tablet VS 06, 094",,P853,Q512162,Persian Period,Neo-Babylonian Period,Q512161,Replace live period claim with the period expected from the current live FactGrid P692 CDLI ID.,Q2167801$7E79D367-D69B-4D64-AA2A-E9C51FB6A87F,Q2167801$0FE4541B-02CB-4913-8AC7-EBE70CBF8395,written,
ready,372130,P372130,Q2047314,"VS 06, 235","Cuneiform Tablet VS 06, 235",,P853,Q512162,Persian Period,Neo-Babylonian Period,Q512161,Replace live period claim with the period expected from the current live FactGrid P692 CDLI ID.,Q2047314$49CB6E2C-8509-4674-8E7F-D8E92B3A44EB,Q2047314$0BD86F73-3FCF-4CE5-8236-86DFC1D46595,written,
ready,3749,P003749,Q2165714,"ATU 7, pl. 065, W 20493,45","Cuneiform Tablet ATU 7, pl. 065, W 20493,45",,P853,Q512146,Lagash II Period,Uruk III Period,Q512134,Replace live period claim with the period expected from the current live FactGrid P692 CDLI ID.,Q2165714$A038F45E-0AF9-4B74-8AD5-7EB1009975CD,Q2165714$948CC42B-8FD9-4CEF-90EC-C008E13F6A47,written,
ready,375460,P375460,Q2163436,BM 106414,Cuneiform Tablet BM 106414,,P853,Q512146,Lagash II Period,Ur III Period,Q512148,Replace live period claim with the period expected from the current live FactGrid P692 CDLI ID.,Q2163436$415C8BC8-97E8-4684-8A54-A6B0C1E11628,Q2163436$6FC41CE2-AA3C-4F07-B70F-652AA8395D6E,written,
ready,379910,P379910,Q2162177,BM 093195,Cuneiform Tablet BM 093195,,P853,Q512150,Early Old Babylonian Period,Ur III Period,Q512148,Replace live period claim with the period expected from the current live FactGrid P692 CDLI ID.,Q2162177$0F50B98F-79BA-4999-A152-1D172284A1BF,Q2162177$491971DC-BE9E-4A51-9F49-6826DC19FDBB,written,
ready,380436,P380436,Q2167686,BM 096462,Cuneiform Tablet BM 096462,,P853,Q512146,Lagash II Period,Ur III Period,Q512148,Replace live period claim with the period expected from the current live FactGrid P692 CDLI ID.,Q2167686$829F6936-D3C4-4F6E-A171-130FE989CF26,Q2167686$F65001E5-29D8-4254-BDC0-F35EF04A1A5A,written,
ready,381227,P381227,Q2162466,BM 085251,Cuneiform Tablet BM 085251,,P853,Q512146,Lagash II Period,Ur III Period,Q512148,Replace live period claim with the period expected from the current live FactGrid P692 CDLI ID.,Q2162466$57F58AB5-6790-49FB-AAD2-BB8631777192,Q2162466$2A89D3D8-F0A4-41B7-92D8-4339E6D1C003,written,
ready,382671,P382671,Q2144845,CDLI Seals 001403 (physical),Cuneiform Artifact CDLI Seals 001403 (physical),,P853,Q512147,Harappan Period,Harappan Period,Q512148,Replace live period claim with the period expected from the current live FactGrid P692 CDLI ID.,Q2144845$A4E77999-8DFC-47D6-9755-680910884AE2,Q2144845$B455D93E-D864-4D8F-82FA-2C5D4C2D2045,written,
ready,384025,P384025,Q2164649,"OIP 092, 1339","Cuneiform Tablet OIP 092, 1339",,P853,Q512148,Ur III Period,Achaemenid Period,Q512163,Replace live period claim with the period expected from the current live FactGrid P692 CDLI ID.,Q2164649$A45F7CC4-0347-4917-93D2-27DA4CD163F7,Q2164649$20897325-FF19-4240-80F9-C87FCD92629E,written,
ready,385032,P385032,Q2164237,"OECT 10, 019","Cuneiform Tablet OECT 10, 019",,P853,Q512162,Persian Period,Neo-Babylonian Period,Q512161,Replace live period claim with the period expected from the current live FactGrid P692 CDLI ID.,Q2164237$9F11AF63-B8F9-447B-90CB-6979A3D5533D,Q2164237$D03C84F5-CD52-4642-9CFA-52586F8E9FCB,written,
ready,385049,P385049,Q2167253,"OECT 10, 036","Cuneiform Tablet OECT 10, 036",,P853,Q512162,Persian Period,Neo-Babylonian Period,Q512161,Replace live period claim with the period expected from the current live FactGrid P692 CDLI ID.,Q2167253$09FB064A-01B6-4DE3-9C21-21F1EC8051CB,Q2167253$BD50772D-2EFF-4C5E-B0AB-EA84E67794F1,written,
ready,385065,P385065,Q2162146,"OECT 10, 052","Cuneiform Tablet OECT 10, 052",,P853,Q512162,Persian Period,Neo-Babylonian Period,Q512161,Replace live period claim with the period expected from the current live FactGrid P692 CDLI ID.,Q2162146$05B4CDFC-295C-4FA2-BB3D-6FE09E165EB1,Q2162146$3367887E-F255-4B89-9CAD-B0BB49558C89,written,
ready,385120,P385120,Q2162346,"OECT 10, 107","Cuneiform Tablet OECT 10, 107",,P853,Q512162,Persian Period,Neo-Babylonian Period,Q512161,Replace live period claim with the period expected from the current live FactGrid P692 CDLI ID.,Q2162346$15FD3546-B932-497A-A18E-14396C3C834C,Q2162346$93E0D0D6-89EE-4FF4-BABE-7AEBDFF78F43,written,
ready,385376,P385376,Q2170485,"OECT 10, 363","Cuneiform Tablet OECT 10, 363",,P853,Q512162,Persian Period,Neo-Babylonian Period,Q512161,Replace live period claim with the period expected from the current live FactGrid P692 CDLI ID.,Q2170485$E7126768-91C2-44A2-A6D3-5B37ADE5E5B0,Q2170485$7984BB98-D458-47AB-B919-1949F10B3E5C,written,
ready,385399,P385399,Q2170577,"OECT 10, 386","Cuneiform Tablet OECT 10, 386",,P853,Q512162,Persian Period,Neo-Babylonian Period,Q512161,Replace live period claim with the period expected from the current live FactGrid P692 CDLI ID.,Q2170577$4295FD9A-F10B-4376-BA1B-6F72222A4420,Q2170577$700AB165-6376-4DD0-8108-831B5D542B7A,written,
ready,386018,P386018,Q2164856,"TCL 07, 025","Cuneiform Tablet TCL 07, 025",,P853,Q512148,Ur III Period,Old Babylonian Period,Q512152,Replace live period claim with the period expected from the current live FactGrid P692 CDLI ID.,Q2164856$FE0A28CA-EDB0-4FFB-B669-4423C4122B7E,Q2164856$785129AC-1FA1-4561-87A9-1BD2AA6547F4,written,
ready,387259,P387259,Q2166822,"TCL 13, 194","Cuneiform Tablet TCL 13, 194",,P853,Q512158,Neo-Assyrian Period,Achaemenid Period,Q512163,Replace live period claim with the period expected from the current live FactGrid P692 CDLI ID.,Q2166822$9DEB7E03-4B8F-43E5-A24B-52855D4494A1,Q2166822$642D00FF-E49B-4C6D-804F-1DFEE82F2919,written,
ready,389314,P389314,Q2167795,"AfK 2, 58-60","Cuneiform Tablet AfK 2, 58-60",,P853,Q512154,Middle Babylonian Period,Early Neo-Babylonian Period,Q512158,Replace live period claim with the period expected from the current live FactGrid P692 CDLI ID.,Q2167795$3CA9D47A-9E56-4F99-81C1-CA2B2243E281,Q2167795$EDFC6813-E079-46CE-8D4D-065201630058,written,
ready,391677,P391677,Q2166263,OIM A04672,Cuneiform Artifact OIM A04672,,P853,Q512146,Lagash II Period,Early Old Babylonian Period,Q512150,Replace live period claim with the period expected from the current live FactGrid P692 CDLI ID.,Q2166263$7A87196D-5835-4ABC-B074-5FB9B79D423A,Q2166263$0C7C245B-0ACF-472E-B653-9BA0C2E73998,written,
ready,392958,P392958,Q2166460,KTT 323,Cuneiform Tablet KTT 323,,P853,Q512158,Neo-Assyrian Period,Old Babylonian Period,Q512152,Replace live period claim with the period expected from the current live FactGrid P692 CDLI ID.,Q2166460$D9527398-18B2-4DF7-9209-06BD1159FF1F,Q2166460$7E41FDA6-BBC7-4E41-A931-C7614A37B152,written,
ready,394025,P394025,Q2168291,"RINAP 5/1 Ashurbanipal 011, ex. 041","Cuneiform Artifact RINAP 5/1 Ashurbanipal 011, ex. 041",,P853,Q512148,Ur III Period,Neo-Assyrian Period,Q512158,Replace live period claim with the period expected from the current live FactGrid P692 CDLI ID.,Q2168291$6F35050C-3125-427E-836F-992541569716,Q2168291$3DA46A2E-AF08-40B9-9E2F-EA0E4926A78C,written,
ready,394475,P394475,Q2165791,"CT 16, pl. 12-14, K 02507+","Cuneiform Tablet CT 16, pl. 12-14, K 02507+",,P853,Q512155,Middle Assyrian Period,Neo-Assyrian Period,Q512158,Replace live period claim with the period expected from the current live FactGrid P692 CDLI ID.,Q2165791$701531A4-0A69-48AB-A6BC-7A1E713AE477,Q2165791$C4B5F5FF-BBE7-4EBA-B4DD-37E78F172DBB,written,
ready,394926,P394926,Q2163490,"Maqlu 2, 53-56","Cuneiform Tablet Maqlu 2, 53-56",,P853,Q512148,Ur III Period,Neo-Assyrian Period,Q512158,Replace live period claim with the period expected from the current live FactGrid P692 CDLI ID.,Q2163490$C8E0FA0C-5F01-4BAB-A7E9-4524C1B3281B,Q2163490$5BC5D7C9-43DD-4062-BCE5-4FE35D77E9F8,written,
ready,395634,P395634,Q2163386,K 04554,Cuneiform Tablet K 04554,,P853,Q512148,Ur III Period,Neo-Assyrian Period,Q512158,Replace live period claim with the period expected from the current live FactGrid P692 CDLI ID.,Q2163386$B87B0348-01AA-456B-9609-7F8E4BE58CB5,Q2163386$4797F9E8-EF82-4B8D-A265-DE07A96F4FB7,written,
ready,396018,P396018,Q2168456,AMT pl. 014 03,Cuneiform Tablet AMT pl. 014 03,,P853,Q512148,Ur III Period,Neo-Assyrian Period,Q512158,Replace live period claim with the period expected from the current live FactGrid P692 CDLI ID.,Q2168456$ACC0BACE-3B38-4458-9463-2F8AF3511265,Q2168456$00E5358A-5CE5-4D58-8D45-743F2C38FE13,written,
ready,396448,P396448,Q2165899,Thompson Gilg. pl. 17,Cuneiform Tablet Thompson Gilg. pl. 17,,P853,Q512148,Ur III Period,Neo-Assyrian Period,Q512158,Replace live period claim with the period expected from the current live FactGrid P692 CDLI ID.,Q2165899$3C93C11B-6416-4DD1-BC19-5BB57AD2122E,Q2165899$079C56E6-07A1-464B-A8B4-B677BF5F6C28,written,
ready,397609,P397609,Q2163075,K 08385,Cuneiform Tablet K 08385,,P853,Q512146,Lagash II Period,Neo-Assyrian Period,Q512158,Replace live period claim with the period expected from the current live FactGrid P692 CDLI ID.,Q2163075$18D84BD9-8D89-4E3E-985C-661143410D76,Q2163075$3201B763-0D59-4690-BBC6-27DC81F6E423,written,
ready,398006,P398006,Q2164352,"CT 17, pl. 36, K 9272+","Cuneiform Tablet CT 17, pl. 36, K 9272+",,P853,Q512148,Ur III Period,Neo-Assyrian Period,Q512158,Replace live period claim with the period expected from the current live FactGrid P692 CDLI ID.,Q2164352$75AC9E3D-4729-46FC-AA41-ACA26E61AA66,Q2164352$7E23DE55-6E09-4D19-8AE5-56C69BE7DFC4,written,
ready,398456,P398456,Q2162270,K 10033,Cuneiform Tablet K 10033,,P853,Q512146,Lagash II Period,Neo-Assyrian Period,Q512158,Replace live period claim with the period expected from the current live FactGrid P692 CDLI ID.,Q2162270$4D2AE79E-87DE-47C3-9AC5-858D523610B3,Q2162270$639B5126-3B27-45E2-8690-923BFBF96A0D,written,
ready,399247,P399247,Q2167468,K 11353,Cuneiform Tablet K 11353,,P853,Q512148,Ur III Period,Neo-Assyrian Period,Q512158,Replace live period claim with the period expected from the current live FactGrid P692 CDLI ID.,Q2167468$6C9B83A6-419C-4E66-B651-853F7BBBD7B2,Q2167468$99B3E0C0-8B24-4D59-BDAC-8A84E00F5AED,written,
ready,401819,P401819,Q2163297,K 16181,Cuneiform Tablet K 16181,,P853,Q512151,Old Assyrian Period,Neo-Assyrian Period,Q512158,Replace live period claim with the period expected from the current live FactGrid P692 CDLI ID.,Q2163297$EA4EC5BD-669F-405A-B0A9-C575B541E70D,Q2163297$00A22224-8D90-4415-8F47-8A9731FF7D72,written,
ready,402736,P402736,Q2163610,K 17389,Cuneiform Tablet K 17389,,P853,Q512148,Ur III Period,Neo-Assyrian Period,Q512158,Replace live period claim with the period expected from the current live FactGrid P692 CDLI ID.,Q2163610$67FB7F69-F47E-48C5-B6DE-A53B6FB60A6B,Q2163610$8E0C486D-31D6-4C7C-BE9F-EC3EB6C790F3,written,
ready,403824,P403824,Q2163283,K 18681,Cuneiform Tablet K 18681,,P853,Q512146,Lagash II Period,Neo-Assyrian Period,Q512158,Replace live period claim with the period expected from the current live FactGrid P692 CDLI ID.,Q2163283$F847C085-86D6-40A8-930F-E5E990FCEC6F,Q2163283$D6AF2322-6E4B-47E9-88AA-AC50994C3848,written,
ready,407867,P407867,Q2166349,SM 1913.02.251,Cuneiform Tablet SM 1913.02.251,,P853,Q512148,Ur III Period,Old Babylonian Period,Q512152,Replace live period claim with the period expected from the current live FactGrid P692 CDLI ID.,Q2166349$A9A64E71-2F2E-4B67-92D1-769ED799803F,Q2166349$006DE2F1-F5BB-49D7-9EED-D87D16A2B575,written,
ready,408291,P408291,Q2162122,"HSS 13, 019","Cuneiform Tablet HSS 13, 019",,P853,Q512148,Ur III Period,Middle Babylonian Period,Q512154,Replace live period claim with the period expected from the current live FactGrid P692 CDLI ID.,Q2162122$DC0E85E6-17A8-4231-A880-7F7539F164A6,Q2162122$D0618B4D-A187-4DD0-BACF-B51A9655FBFE,written,
ready,412366,P412366,Q2167346,"CTMMA 3, 088","Cuneiform Tablet CTMMA 3, 088",,P853,Q512148,Ur III Period,Achaemenid Period,Q512163,Replace live period claim with the period expected from the current live FactGrid P692 CDLI ID.,Q2167346$2ACBF56B-6B9C-4ABD-87B7-D74134C6304A,Q2167346$6E475AC8-01A5-440E-9E00-C6F3079842AA,written,
ready,413577,P413577,Q2162255,BM 103729,Cuneiform Tablet BM 103729,,P853,Q512152,Old Babylonian Period,Ur III Period,Q512148,Replace live period claim with the period expected from the current live FactGrid P692 CDLI ID.,Q2162255$FE101CA2-4545-482E-ACB5-CE237EBAD5BC,Q2162255$EF1FF1E8-4E0F-41B6-90E0-0A6F117AC917,written,
ready,415159,P415159,Q2164963,"UET 5, 0275","Cuneiform Tablet UET 5, 0275",,P853,Q512146,Lagash II Period,Old Babylonian Period,Q512152,Replace live period claim with the period expected from the current live FactGrid P692 CDLI ID.,Q2164963$AE974270-1BD5-4559-94F5-0F79812AAE61,Q2164963$174092B8-48AD-43F4-B5D4-D92CCEC098A6,written,
ready,415509,P415509,Q2167914,"UET 5, 0637","Cuneiform Tablet UET 5, 0637",,P853,Q512150,Early Old Babylonian Period,Old Babylonian Period,Q512152,Replace live period claim with the period expected from the current live FactGrid P692 CDLI ID.,Q2167914$D0A0080C-13A1-4083-89DE-E5FDFE8E2769,Q2167914$C4D1D762-7BA0-4830-961A-0376B4F41A00,written,
ready,416325,P416325,Q2162726,CULC 441,Cuneiform Tablet CULC 441,,P853,Q512146,Lagash II Period,Old Babylonian Period,Q512152,Replace live period claim with the period expected from the current live FactGrid P692 CDLI ID.,Q2162726$AFE18BF6-858A-4D30-8E48-718B5DBC44D8,Q2162726$0CDA931B-1590-4E37-B33A-90CD07D572BE,written,
ready,417164,P417164,Q2165179,ROM 910x209.389,Cuneiform Tablet ROM 910x209.389,,P853,Q512146,Lagash II Period,Middle Babylonian Period,Q512154,Replace live period claim with the period expected from the current live FactGrid P692 CDLI ID.,Q2165179$3016C19C-B31E-48EA-9546-BF3183789C2B,Q2165179$07D8BEFF-B4D7-4710-8DA6-E7FD77D3D52A,written,
ready,419879,P419879,Q2166392,K 21617,Cuneiform Tablet K 21617,,P853,Q512146,Lagash II Period,Neo-Assyrian Period,Q512158,Replace live period claim with the period expected from the current live FactGrid P692 CDLI ID.,Q2166392$34FFBBE9-9F08-432B-BEA3-FDAFB1788316,Q2166392$EF710F0C-D7DD-4D45-9BC6-098C9240EDC0,written,
ready,420647,P420647,Q2167737,SMUI 1913.14.0265,Cuneiform Tablet SMUI 1913.14.0265,,P853,Q512155,Middle Assyrian Period,Old Babylonian Period,Q512152,Replace live period claim with the period expected from the current live FactGrid P692 CDLI ID.,Q2167737$73852F9F-39C3-4962-BA6D-80741EF0DC03,Q2167737$6E33157D-AB0A-4A2D-A924-6C7A860AAD42,written,
ready,421056,P421056,Q2162447,SMUI 1913.14.0979,Cuneiform Tablet SMUI 1913.14.0979,,P853,Q512146,Lagash II Period,Ur III Period,Q512148,Replace live period claim with the period expected from the current live FactGrid P692 CDLI ID.,Q2162447$ABE6EF53-F4F2-40EF-AD34-DC091D25D6A4,Q2162447$C95154C2-538B-44A9-8A00-97F4B2E810DD,written,
ready,423968,P423968,Q2168080,TEBA 06,Cuneiform Tablet TEBA 06,,P853,Q512148,Ur III Period,Old Babylonian Period,Q512152,Replace live period claim with the period expected from the current live FactGrid P692 CDLI ID.,Q2168080$661310A7-FEBA-4FB7-9AB6-6BB09D870DE9,Q2168080$624C43EF-5459-433E-A84F-666BF0F6100C,written,
ready,424604,P424604,Q2162068,"RINAP 5/1 Ashurbanipal 011, ex. 102","Cuneiform Artifact RINAP 5/1 Ashurbanipal 011, ex. 102",,P853,Q512148,Ur III Period,Neo-Assyrian Period,Q512158,Replace live period claim with the period expected from the current live FactGrid P692 CDLI ID.,Q2162068$01BF35F9-4551-4855-921F-7BE337082166,Q2162068$33A15C6A-A968-48F5-84D2-675EB3351D52,written,
ready,425015,P425015,Q2167081,"Rm 2, 248","Cuneiform Tablet Rm 2, 248",,P853,Q512146,Lagash II Period,Neo-Assyrian Period,Q512158,Replace live period claim with the period expected from the current live FactGrid P692 CDLI ID.,Q2167081$FA050AB7-60C1-467C-A9C4-2F4C065E2C41,Q2167081$F48026DC-5C27-4590-8528-F1D3F7AC1A3E,written,
ready,425392,P425392,Q2167146,"RIMB 2.02.08.05, ex. 002","Cuneiform Tablet RIMB 2.02.08.05, ex. 002",,P853,Q512157,Early Neo-Babylonian Period,Early Neo-Babylonian Period,Q512158,Replace live period claim with the period expected from the current live FactGrid P692 CDLI ID.,Q2167146$B6BB1130-1144-45FB-BE71-5A243F286221,Q2167146$7EFD478F-7CD3-4E4B-8D12-4D6C4288D6A8,written,
ready,425916,P425916,Q2162361,Sm 1441,Cuneiform Tablet Sm 1441,,P853,Q512146,Lagash II Period,Neo-Assyrian Period,Q512158,Replace live period claim with the period expected from the current live FactGrid P692 CDLI ID.,Q2162361$3F708E57-6590-4E6E-B1AC-EE5625A215B4,Q2162361$125EAC61-A0AA-49F5-8EEA-935DB555A001,written,
ready,426269,P426269,Q2164825,"RINAP 5/1 Ashurbanipal 003, ex. 025 ?","Cuneiform Artifact RINAP 5/1 Ashurbanipal 003, ex. 025 ?",,P853,Q512148,Ur III Period,Neo-Assyrian Period,Q512158,Replace live period claim with the period expected from the current live FactGrid P692 CDLI ID.,Q2164825$AD9AE499-5AAC-40A0-BDE8-9160CAA6C86D,Q2164825$739E4F67-E044-40C3-A0F5-1D242BC137DD,written,
ready,427881,P427881,Q2162784,"RIMA 1.0.076.039, ex. 01","Cuneiform Artifact RIMA 1.0.076.039, ex. 01",,P853,Q512148,Ur III Period,Middle Assyrian Period,Q512155,Replace live period claim with the period expected from the current live FactGrid P692 CDLI ID.,Q2162784$3534232A-CED7-4E15-9AB5-BC98DCE29932,Q2162784$7C6F2EE4-840D-4699-9D19-5CC7FF67BB01,written,
ready,433968,P433968,Q2163797,HKM 075,Cuneiform Tablet HKM 075,,P853,Q512148,Ur III Period,Middle Hittite Period,Q512153,Replace live period claim with the period expected from the current live FactGrid P692 CDLI ID.,Q2163797$8EE32926-E50B-4337-9585-CF8B84E78696,Q2163797$60A819F5-659D-4E9D-B2BF-9860DC26F83D,written,
ready,434254,P434254,Q2168346,"IBoT 03, 007","Cuneiform Tablet IBoT 03, 007",,P853,Q512148,Ur III Period,Middle Hittite Period,Q512153,Replace live period claim with the period expected from the current live FactGrid P692 CDLI ID.,Q2168346$83550107-98E3-405D-BA4B-E1530681842B,Q2168346$85B37160-7E8E-4BB4-860B-78E62737778F,written,
ready,434604,P434604,Q2165805,"IBoT 04, 262","Cuneiform Tablet IBoT 04, 262",,P853,Q512150,Early Old Babylonian Period,Middle Hittite Period,Q512153,Replace live period claim with the period expected from the current live FactGrid P692 CDLI ID.,Q2165805$A38B228D-0C36-4386-A592-37ED2CDB0119,Q2165805$FEF87939-2B17-44DB-B09B-31887BD76530,written,
ready,435445,P435445,Q2163445,"KBo 13, 038","Cuneiform Tablet KBo 13, 038",,P853,Q512148,Ur III Period,Middle Hittite Period,Q512153,Replace live period claim with the period expected from the current live FactGrid P692 CDLI ID.,Q2163445$D3A3ADE3-8017-481E-9199-CB6503C5B34E,Q2163445$0909EF50-0B41-442C-921A-2BB9A65A5655,written,
ready,437182,P437182,Q2164039,"KBo 26, 125","Cuneiform Tablet KBo 26, 125",,P853,Q512148,Ur III Period,Middle Hittite Period,Q512153,Replace live period claim with the period expected from the current live FactGrid P692 CDLI ID.,Q2164039$DFBABB25-ACC4-42AA-ADF0-01E3B63DC7B4,Q2164039$24E31542-0FF4-4115-A89F-8500DA581DFF,written,
ready,437478,P437478,Q2163055,"KBo 28, 015","Cuneiform Tablet KBo 28, 015",,P853,Q512146,Lagash II Period,Middle Hittite Period,Q512153,Replace live period claim with the period expected from the current live FactGrid P692 CDLI ID.,Q2163055$1A6F84D7-4E7C-4A01-BC10-E155D8F6FA98,Q2163055$E345D5DC-226E-4677-8EFC-8414D102E74B,written,
ready,438277,P438277,Q2164315,"KBo 32, 090a + (?) KBo 32, 090b","Cuneiform Tablet KBo 32, 090a + (?) KBo 32, 090b",,P853,Q512148,Ur III Period,Middle Hittite Period,Q512153,Replace live period claim with the period expected from the current live FactGrid P692 CDLI ID.,Q2164315$619C303B-9020-4907-B569-8E1274B24FC7,Q2164315$2411DD8B-1668-4B64-A9A1-BC0C5BC29027,written,
ready,438627,P438627,Q2162196,"KBo 34, 059","Cuneiform Tablet KBo 34, 059",,P853,Q512148,Ur III Period,Middle Hittite Period,Q512153,Replace live period claim with the period expected from the current live FactGrid P692 CDLI ID.,Q2162196$572F3DEC-F4EE-4B24-874F-F26EF89056D3,Q2162196$83258162-F8C1-4003-B731-E4E78016AE7D,written,
ready,439036,P439036,Q2167640,"KBo 36, 010","Cuneiform Tablet KBo 36, 010",,P853,Q512148,Ur III Period,Middle Hittite Period,Q512153,Replace live period claim with the period expected from the current live FactGrid P692 CDLI ID.,Q2167640$31EEAF9B-13AB-4AB6-A988-B773E1DCB08A,Q2167640$4BCA42D3-66D0-4F3F-822D-AAAFA24EEC2B,written,
ready,439935,P439935,Q2162180,"KBo 40, 170 + (?) KBo 38, 118","Cuneiform Tablet KBo 40, 170 + (?) KBo 38, 118",,P853,Q512150,Early Old Babylonian Period,Middle Hittite Period,Q512153,Replace live period claim with the period expected from the current live FactGrid P692 CDLI ID.,Q2162180$E92AE950-17FE-4916-A5F1-BDBFD6EC2BA4,Q2162180$338D6BDF-D99F-4595-85A9-E0FB47051D3E,written,
ready,440545,P440545,Q2162850,"KUB 15, 005 + KUB 48, 122 + KBo 43, 066","Cuneiform Tablet KUB 15, 005 + KUB 48, 122 + KBo 43, 066",,P853,Q512158,Neo-Assyrian Period,Middle Hittite Period,Q512153,Replace live period claim with the period expected from the current live FactGrid P692 CDLI ID.,Q2162850$00687540-0E22-4FD6-A978-94054C70A5E0,Q2162850$2062EABC-EEFE-4A14-80FC-EE897DC3EE64,written,
ready,440816,P440816,Q2165247,"KBo 44, 033","Cuneiform Tablet KBo 44, 033",,P853,Q512148,Ur III Period,Middle Hittite Period,Q512153,Replace live period claim with the period expected from the current live FactGrid P692 CDLI ID.,Q2165247$06A878B8-8906-4CD3-8EB0-70003C7F5C44,Q2165247$C82F35D5-B168-41C3-8000-0AC971D63420,written,
ready,441354,P441354,Q2168058,"KBo 46, 044","Cuneiform Tablet KBo 46, 044",,P853,Q512148,Ur III Period,Middle Hittite Period,Q512153,Replace live period claim with the period expected from the current live FactGrid P692 CDLI ID.,Q2168058$2FA3DAFB-6E97-4DA6-96C4-A264D22C5F70,Q2168058$4D7CD8C3-11E5-4B12-AA47-72ECAB334F7E,written,
ready,441704,P441704,Q2165150,"KBo 47, 070","Cuneiform Tablet KBo 47, 070",,P853,Q512148,Ur III Period,Middle Hittite Period,Q512153,Replace live period claim with the period expected from the current live FactGrid P692 CDLI ID.,Q2165150$EFBFBE8C-399A-443E-8835-B06232741F4B,Q2165150$A3255C94-4C37-4A14-99B2-3E760A50E038,written,
ready,442082,P442082,Q2164452,"KBo 48, 140","Cuneiform Tablet KBo 48, 140",,P853,Q512148,Ur III Period,Middle Hittite Period,Q512153,Replace live period claim with the period expected from the current live FactGrid P692 CDLI ID.,Q2164452$706A2F55-6946-424C-8412-9C719DDAC842,Q2164452$59BE45A5-CD0B-42CB-91D4-745056F1D1F7,written,
ready,443369,P443369,Q2167934,"KBo 54, 261","Cuneiform Tablet KBo 54, 261",,P853,Q512148,Ur III Period,Middle Hittite Period,Q512153,Replace live period claim with the period expected from the current live FactGrid P692 CDLI ID.,Q2167934$E8D9E4D6-28B7-4B98-B807-68DD64939BC8,Q2167934$16687579-D22D-4A66-8CE6-1869E8F212B0,written,
ready,443739,P443739,Q2164983,"KUB 02, 001","Cuneiform Tablet KUB 02, 001",,P853,Q512148,Ur III Period,Middle Hittite Period,Q512153,Replace live period claim with the period expected from the current live FactGrid P692 CDLI ID.,Q2164983$B1094C1C-7E03-4556-84B8-DDC918B229AF,Q2164983$9087D3CB-0EE8-4022-ACBF-01BA4D425E65,written,
ready,444506,P444506,Q2167387,"KUB 19, 023","Cuneiform Tablet KUB 19, 023",,P853,Q512148,Ur III Period,Middle Hittite Period,Q512153,Replace live period claim with the period expected from the current live FactGrid P692 CDLI ID.,Q2167387$945046B5-9ADE-424D-BF15-8F0AD308EC01,Q2167387$66E89576-C966-42A1-AE34-D282D6C1B084,written,
ready,444855,P444855,Q2164873,"KUB 26, 003","Cuneiform Tablet KUB 26, 003",,P853,Q512146,Lagash II Period,Middle Hittite Period,Q512153,Replace live period claim with the period expected from the current live FactGrid P692 CDLI ID.,Q2164873$C62C78B6-B0E4-49D7-984E-74AB4B441F5A,Q2164873$B83C6B78-E8C7-4FDA-967A-71F6D0B4B91E,written,
ready,445747,P445747,Q2164314,"KUB 36, 097","Cuneiform Tablet KUB 36, 097",,P853,Q512158,Neo-Assyrian Period,Middle Hittite Period,Q512153,Replace live period claim with the period expected from the current live FactGrid P692 CDLI ID.,Q2164314$06003F31-6234-435B-8427-B0BD4C7571D4,Q2164314$F7C21A25-1DF1-4DDB-B1C9-A8F60CD5A5D8,written,
ready,446491,P446491,Q2168006,"KUB 46, 010","Cuneiform Tablet KUB 46, 010",,P853,Q512148,Ur III Period,Middle Hittite Period,Q512153,Replace live period claim with the period expected from the current live FactGrid P692 CDLI ID.,Q2168006$BCE0453B-CB6F-40D8-AC11-D0D17EF93E84,Q2168006$66744AD2-1AC0-48C8-9242-A975B393F012,written,
ready,446868,P446868,Q2164625,"KUB 50, 046","Cuneiform Tablet KUB 50, 046",,P853,Q512146,Lagash II Period,Middle Hittite Period,Q512153,Replace live period claim with the period expected from the current live FactGrid P692 CDLI ID.,Q2164625$3E4590B1-87BA-4CD5-A476-A7E492C5B26E,Q2164625$E51AF513-CC6E-408E-84CA-6ADAFC916BC7,written,
ready,449764,P449764,Q2168267,"CUSAS 29, 025","Cuneiform Tablet CUSAS 29, 025",,P853,Q512150,Early Old Babylonian Period,Old Babylonian Period,Q512152,Replace live period claim with the period expected from the current live FactGrid P692 CDLI ID.,Q2168267$7D651F32-09D5-4564-97D6-5359A31006EE,Q2168267$40A36854-3CBB-4A13-8B2B-91BED34CDA36,written,
ready,450115,P450115,Q2166545,CUNES 50-07-030,Cuneiform Tablet CUNES 50-07-030,,P853,Q512158,Neo-Assyrian Period,Old Babylonian Period,Q512152,Replace live period claim with the period expected from the current live FactGrid P692 CDLI ID.,Q2166545$25B6510F-7469-404A-B265-E9BA3362F775,Q2166545$A743DBA9-5683-45C6-AC7F-3B7C63EA2FE2,written,
ready,455317,P455317,Q2165500,CDLI Seals 002607 (composite),Cuneiform Artifact CDLI Seals 002607 (composite),,P853,Q512161,Neo-Babylonian Period,Ur III Period,Q512148,Replace live period claim with the period expected from the current live FactGrid P692 CDLI ID.,Q2165500$5DAB5E96-CB44-4A36-8130-40FA6466C13B,Q2165500$3790F04E-DE2B-41F2-A4C6-3AA81DF02C88,written,
ready,4576,P004576,Q2166414,IM 134990,Cuneiform Tablet IM 134990,,P853,Q512148,Ur III Period,Uruk III Period,Q512134,Replace live period claim with the period expected from the current live FactGrid P692 CDLI ID.,Q2166414$E0C9FCA0-3E40-421E-BC82-59F12D94E61F,Q2166414$F6B692F5-1DDB-4E3B-AFB4-59B163F1EAF8,written,
ready,458525,P458525,Q2167177,CDLI Seals 005815 (composite),Cuneiform Artifact CDLI Seals 005815 (composite),,P853,Q512158,Neo-Assyrian Period,Ur III Period,Q512148,Replace live period claim with the period expected from the current live FactGrid P692 CDLI ID.,Q2167177$3436DB29-31AD-4191-B9C1-0570D64178F3,Q2167177$0CB7A493-9FD7-4C01-95D9-59EE57664799,written,
ready,459764,P459764,Q2164701,FLP 1133,Cuneiform Tablet FLP 1133,,P853,Q512146,Lagash II Period,Old Babylonian Period,Q512152,Replace live period claim with the period expected from the current live FactGrid P692 CDLI ID.,Q2164701$03A7D96B-A4B4-4078-AEC4-8DFFE8201BC0,Q2164701$93696121-8D60-4022-98E0-081C0D6F4A4B,written,
ready,460059,P460059,Q2166035,Dillard diss. FLP 1551,Cuneiform Tablet Dillard diss. FLP 1551,,P853,Q512148,Ur III Period,Neo-Babylonian Period,Q512161,Replace live period claim with the period expected from the current live FactGrid P692 CDLI ID.,Q2166035$AFE7F12F-98C8-47CB-9814-94F0F77604DF,Q2166035$5517B252-D914-4267-AF4B-86203150143F,written,
ready,460409,P460409,Q2168389,FLP 1957,Cuneiform Tablet FLP 1957,,P853,Q512146,Lagash II Period,Old Babylonian Period,Q512152,Replace live period claim with the period expected from the current live FactGrid P692 CDLI ID.,Q2168389$0B8ECB35-3597-4425-8369-266E99BA8257,Q2168389$78B0B85E-AACD-4523-ACB4-7C15C91F5892,written,
ready,462434,P462434,Q2168299,CST 229,Cuneiform Tablet CST 229,,P853,Q512148,Ur III Period,Neo-Babylonian Period,Q512161,Replace live period claim with the period expected from the current live FactGrid P692 CDLI ID.,Q2168299$8EE931ED-970D-42E3-97AA-773265D766B1,Q2168299$3A8B6136-48E0-4D1D-89C3-ABF351629B2D,written,
ready,466027,P466027,Q2164255,"RIMA 1.0.076.002, ex. 13","Cuneiform Artifact RIMA 1.0.076.002, ex. 13",,P853,Q512158,Neo-Assyrian Period,Middle Assyrian Period,Q512155,Replace live period claim with the period expected from the current live FactGrid P692 CDLI ID.,Q2164255$8970AE9C-5588-45DF-8042-8B9C53CF7506,Q2164255$8611AB9A-238B-495A-8921-DF454966AEE2,written,
ready,468490,P468490,Q2168030,"Gurney, MBLETU, no. 77","Cuneiform Tablet Gurney, MBLETU, no. 77",,P853,Q512155,Middle Assyrian Period,Middle Babylonian Period,Q512154,Replace live period claim with the period expected from the current live FactGrid P692 CDLI ID.,Q2168030$EE91CFC8-9880-408D-A2CC-8BC4203CE883,Q2168030$56E2A81A-460E-4B58-887C-4BB922EC59FD,written,
ready,469014,P469014,Q2169900,"RIMB 2.S.un.x1002.x1002, ex. 001","Cuneiform Artifact RIMB 2.S.un.x1002.x1002, ex. 001",,P853,Q512157,Early Neo-Babylonian Period,Early Neo-Babylonian Period,Q512158,Replace live period claim with the period expected from the current live FactGrid P692 CDLI ID.,Q2169900$95652F28-F50C-4229-AB58-8253BC4FB100,Q2169900$38E8D554-257A-47B5-89D1-FCE331AEB51A,written,
ready,469239,P469239,Q2165931,"RA 023, 159, 75","Cuneiform Tablet RA 023, 159, 75",,P853,Q512155,Middle Assyrian Period,Middle Babylonian Period,Q512154,Replace live period claim with the period expected from the current live FactGrid P692 CDLI ID.,Q2165931$B7D6FCC8-A279-4392-9315-E3DD1BFFBFD5,Q2165931$8729C2B7-A150-471B-BE6A-F8C07C69ED4D,written,
ready,469242,P469242,Q2162944,"RA 023, 159, 78","Cuneiform Tablet RA 023, 159, 78",,P853,Q512155,Middle Assyrian Period,Middle Babylonian Period,Q512154,Replace live period claim with the period expected from the current live FactGrid P692 CDLI ID.,Q2162944$2E0B0561-5CF7-4ADF-A26D-B14132F51B4C,Q2162944$4CAFFE8D-B861-4A6B-A21B-3E4CCF7664AC,written,
ready,469782,P469782,Q2162393,RLM 3C,Cuneiform Tablet RLM 3C,,P853,Q512150,Early Old Babylonian Period,Ur III Period,Q512148,Replace live period claim with the period expected from the current live FactGrid P692 CDLI ID.,Q2162393$B7EB76D7-EDBE-4995-9040-E2EB95A551AA,Q2162393$29E3C64A-1B9F-46D4-A3EF-839D0BAF4DE7,written,
ready,470409,P470409,Q2164836,PTS 2316,Cuneiform Tablet PTS 2316,,P853,Q512148,Ur III Period,Achaemenid Period,Q512163,Replace live period claim with the period expected from the current live FactGrid P692 CDLI ID.,Q2164836$28386246-018A-471E-A64D-7274B268CAA0,Q2164836$7A848DEC-98FC-4E8C-B842-5296D2BA4327,written,
ready,474919,P474919,Q2162547,CDLI Seals 008142 (physical),Cuneiform Artifact CDLI Seals 008142 (physical),,P853,Q512148,Ur III Period,Old Babylonian Period,Q512152,Replace live period claim with the period expected from the current live FactGrid P692 CDLI ID.,Q2162547$8F1890C1-564F-4525-A665-1C37961975C2,Q2162547$98D46D0C-4763-4313-A830-0F1F543A6F5F,written,
ready,475563,P475563,Q2166492,CDLI Seals 008823 (physical),Cuneiform Artifact CDLI Seals 008823 (physical),,P853,Q512137,Early Dynastic I Period,Uruk III Period,Q512134,Replace live period claim with the period expected from the current live FactGrid P692 CDLI ID.,Q2166492$5E394E99-17C0-4959-BBB8-E56AF2BF717C,Q2166492$0C075BCE-1F62-4BA7-ADE9-D4889FA153B2,written,
ready,476924,P476924,Q2162975,CDLI Seals 010183 (physical),Cuneiform Artifact CDLI Seals 010183 (physical),,P853,Q512150,Early Old Babylonian Period,Uruk III Period,Q512134,Replace live period claim with the period expected from the current live FactGrid P692 CDLI ID.,Q2162975$3464D48B-8A6C-4001-ADEB-58DA28EFAED4,Q2162975$B5854EE5-C9F5-4186-BDE0-0F49D59F30F2,written,
ready,479782,P479782,Q2165695,"FM 06, 063","Cuneiform Tablet FM 06, 063",,P853,Q512150,Early Old Babylonian Period,Old Babylonian Period,Q512152,Replace live period claim with the period expected from the current live FactGrid P692 CDLI ID.,Q2165695$0496DA82-B83D-4010-86A4-E9B8362B12C8,Q2165695$4F146F82-0512-486A-9637-019FE1A4949E,written,
ready,480237,P480237,Q2163246,"SANTAG 4, 036","Cuneiform Tablet SANTAG 4, 036",,P853,Q512155,Middle Assyrian Period,Middle Babylonian Period,Q512154,Replace live period claim with the period expected from the current live FactGrid P692 CDLI ID.,Q2163246$11BE436A-B663-478A-9BC2-7E5CCA4BDACA,Q2163246$CD9B10D0-36AB-4DFA-8E72-66D15FE34A1E,written,
ready,4825,P004825,Q2163907,IM 135596,Cuneiform Tablet IM 135596,,P853,Q512150,Early Old Babylonian Period,Uruk III Period,Q512134,Replace live period claim with the period expected from the current live FactGrid P692 CDLI ID.,Q2163907$4EE53DAC-70DC-4139-B798-0A54EFB94DE6,Q2163907$8C919860-6DAB-4842-9260-B6C3B4D15832,written,
ready,492660,P492660,Q2164758,AO 07852 unpublished unassigned ?,Cuneiform Tablet P492660,,P853,Q512148,Ur III Period,Old Babylonian Period,Q512152,Replace live period claim with the period expected from the current live FactGrid P692 CDLI ID.,Q2164758$809E5B97-21B0-4694-A66F-3CF68E5E4A4D,Q2164758$E1FAEBF9-EAB9-4C6D-9576-3772F4A8FC87,written,
ready,493620,P493620,Q1987045,"Assur 3/1, 08",Cuneiform Tablet AO 20157,,P853,Q512156,Middle Elamite Period,Middle Assyrian Period,Q512155,Replace live period claim with the period expected from the current live FactGrid P692 CDLI ID.,Q1987045$95286446-58F1-44D3-9922-EC7C59752FED,Q1987045$DF34A37E-B699-404E-8D19-11C7BF09A569,written,
ready,496273,P496273,Q2167908,"MDP 09, 273","Cuneiform Tablet MDP 09, 273",,P853,Q512148,Ur III Period,Neo-Elamite Period,Q512160,Replace live period claim with the period expected from the current live FactGrid P692 CDLI ID.,Q2167908$B21F65B8-960B-4792-A669-DC08F383F727,Q2167908$4EEBCE1F-44F9-4BCE-A124-AD7D28D32B2F,written,
ready,496623,P496623,Q2165308,"FM 08, 042","Cuneiform Tablet FM 08, 042",,P853,Q512148,Ur III Period,Old Babylonian Period,Q512152,Replace live period claim with the period expected from the current live FactGrid P692 CDLI ID.,Q2165308$7B6444A1-5F2C-4109-9871-55C07B3347F6,Q2165308$5CA83CF6-D4DF-4415-9161-595D7D87AB63,written,
ready,497198,P497198,Q2164558,"MARI 05, 598 no. 07","Cuneiform Tablet MARI 05, 598 no. 07",,P853,Q512148,Ur III Period,Old Babylonian Period,Q512152,Replace live period claim with the period expected from the current live FactGrid P692 CDLI ID.,Q2164558$9ADEF242-5332-4659-A9A0-505273E4A207,Q2164558$07D1410E-05D0-4AD6-AC43-E2C5C5456433,written,
ready,500469,P500469,Q2163713,"RA 012, 115","Cuneiform Tablet RA 012, 115",,P853,Q512150,Early Old Babylonian Period,Old Babylonian Period,Q512152,Replace live period claim with the period expected from the current live FactGrid P692 CDLI ID.,Q2163713$8FE1E0C4-FB3D-44BD-95EE-626A367D4974,Q2163713$629A40A1-8E9F-484E-8132-32671256EF0B,written,
ready,500890,P500890,Q2168462,"CTMMA 4, 117","Cuneiform Tablet CTMMA 4, 117",,P853,Q512148,Ur III Period,Neo-Babylonian Period,Q512161,Replace live period claim with the period expected from the current live FactGrid P692 CDLI ID.,Q2168462$1E6F71B7-B77B-4D2A-B632-80487A911CFA,Q2168462$1DBD8477-91CA-4A9A-948D-796FF9B6AAD9,written,
ready,500900,P500900,Q2163285,"CTMMA 4, nn","Cuneiform Tablet CTMMA 4, nn",,P853,Q512162,Persian Period,Neo-Babylonian Period,Q512161,Replace live period claim with the period expected from the current live FactGrid P692 CDLI ID.,Q2163285$3A9D597C-736A-4875-AB4F-6F0EC7C46C84,Q2163285$E3459398-8F7B-48A7-81F7-1DB0B18EA7B8,written,
ready,502454,P502454,Q2163933,"TCTI 3, 27641","Cuneiform Tablet TCTI 3, 27641",,P853,Q512150,Early Old Babylonian Period,Ur III Period,Q512148,Replace live period claim with the period expected from the current live FactGrid P692 CDLI ID.,Q2163933$F4F52B77-DE62-43EE-B259-D4CDE7D04E1B,Q2163933$4F7A7A0A-4F33-4DB7-9A9B-C64CD029E343,written,
ready,503615,P503615,Q2166525,"RS 17.0318,a + RS 17.0349,a","Cuneiform Tablet RS 17.0318,a + RS 17.0349,a",,P853,Q512148,Ur III Period,Middle Babylonian Period,Q512154,Replace live period claim with the period expected from the current live FactGrid P692 CDLI ID.,Q2166525$95A8A944-89A1-4FD5-9935-7D5107AB6533,Q2166525$BE6747B8-C9F1-4C27-BEA0-CC58317E6DBF,written,
ready,504579,P504579,Q2168083,CDLI Seals 023449 (physical),Cuneiform Artifact CDLI Seals 023449 (physical),,P853,Q512153,Middle Hittite Period,Old Babylonian Period,Q512152,Replace live period claim with the period expected from the current live FactGrid P692 CDLI ID.,Q2168083$3A898BD5-ADEA-49E4-AA78-26662B876182,Q2168083$434F2958-D51E-41E1-B195-783025F17D05,written,
ready,504806,P504806,Q2164048,CDLI Seals 023450 (physical),Cuneiform Artifact CDLI Seals 023450 (physical),,P853,Q512153,Middle Hittite Period,Old Babylonian Period,Q512152,Replace live period claim with the period expected from the current live FactGrid P692 CDLI ID.,Q2164048$E367E60E-62AF-4B97-9822-E6808A6A9EB6,Q2164048$1D3B5B74-31FB-4281-8353-B96B44205DAD,written,
ready,505893,P505893,Q2162297,YBC 09559,Cuneiform Tablet YBC 09559,,P853,Q512162,Persian Period,Neo-Babylonian Period,Q512161,Replace live period claim with the period expected from the current live FactGrid P692 CDLI ID.,Q2162297$65D09124-6B80-4CB3-AD98-DDD9529129CC,Q2162297$3B82F86F-C0EC-43DB-9665-27512C81FFDE,written,
ready,505915,P505915,Q2167290,YBC 08813,Cuneiform Tablet YBC 08813,,P853,Q512162,Persian Period,Neo-Babylonian Period,Q512161,Replace live period claim with the period expected from the current live FactGrid P692 CDLI ID.,Q2167290$55F256E1-9E7A-4BC9-AB35-B7463D8121E2,Q2167290$1567F38E-C6B2-496E-923A-45F4B0F1E1D0,written,
ready,505981,P505981,Q2165096,GCBC 00144,Cuneiform Tablet GCBC 00144,,P853,Q512162,Persian Period,Neo-Babylonian Period,Q512161,Replace live period claim with the period expected from the current live FactGrid P692 CDLI ID.,Q2165096$0394C09D-3F8A-4EF9-9AFA-6ADC1E887928,Q2165096$64FCEF49-E7CF-47C3-86CC-42D1C5B1CED1,written,
ready,507545,P507545,Q2164662,NBC 08464,Cuneiform Tablet NBC 08464,,P853,Q512149,Isin-Larsa Period,Ur III Period,Q512148,Replace live period claim with the period expected from the current live FactGrid P692 CDLI ID.,Q2164662$556B080B-BD26-45DC-B833-A01DDFF2BB69,Q2164662$B8399E56-53CD-4FA0-9856-2803D707AF30,written,
ready,507656,P507656,Q2163509,Cyr. 222,Cuneiform Tablet Cyr. 222,,P853,Q512150,Early Old Babylonian Period,Achaemenid Period,Q512163,Replace live period claim with the period expected from the current live FactGrid P692 CDLI ID.,Q2163509$7775C787-A810-458E-A76E-AEB6BFBD8750,Q2163509$0C9239AA-FB0B-4C7D-B151-B73C4D44AEDC,written,
ready,508059,P508059,Q2164844,"RIME 4.01.05.03, ex. add102","Cuneiform Artifact RIME 4.01.05.03, ex. add102",,P853,Q512148,Ur III Period,Early Old Babylonian Period,Q512150,Replace live period claim with the period expected from the current live FactGrid P692 CDLI ID.,Q2164844$B8165B74-3A35-4F8A-9966-A8506DC79FB6,Q2164844$93DC38EC-EAD1-44C1-A344-A9F7ABF01478,written,
ready,508409,P508409,Q2162083,Menshed diss. no. 12,Cuneiform Tablet Menshed diss. no. 12,,P853,Q512146,Lagash II Period,Old Babylonian Period,Q512152,Replace live period claim with the period expected from the current live FactGrid P692 CDLI ID.,Q2162083$4978DBD6-9627-44EF-B7D8-D0EE3C67FB5E,Q2162083$B90D44DD-4081-4FD8-8011-986BD3F0B550,written,
ready,509218,P509218,Q2166882,CDLI Seals 012848 (composite),Cuneiform Artifact CDLI Seals 012848 (composite),,P853,Q512146,Lagash II Period,Early Old Babylonian Period,Q512150,Replace live period claim with the period expected from the current live FactGrid P692 CDLI ID.,Q2166882$D927CE5C-4753-4623-A2A2-54CACDC8C588,Q2166882$D94ED790-81BA-4F5E-A755-443C3C324FFC,written,
ready,510039,P510039,Q2165045,"MHET 2/5, 662","Cuneiform Tablet MHET 2/5, 662",,P853,Q512150,Early Old Babylonian Period,Old Babylonian Period,Q512152,Replace live period claim with the period expected from the current live FactGrid P692 CDLI ID.,Q2165045$94D2EE8C-DD8F-453B-BF32-BCAC20907C9E,Q2165045$330399C3-981F-4021-966E-FE5A488F4302,written,
ready,510469,P510469,Q2167952,CHJ pl. 05 HE 112,Cuneiform Tablet CHJ pl. 05 HE 112,,P853,Q512148,Ur III Period,Old Babylonian Period,Q512152,Replace live period claim with the period expected from the current live FactGrid P692 CDLI ID.,Q2167952$63AE6726-31BD-4F90-9197-A7354DFBD3B8,Q2167952$C637F095-03BF-4641-851B-4994D54C9EF1,written,
ready,511278,P511278,Q2162912,"JCS 09, 106 057","Cuneiform Tablet JCS 09, 106 057",,P853,Q512146,Lagash II Period,Old Babylonian Period,Q512152,Replace live period claim with the period expected from the current live FactGrid P692 CDLI ID.,Q2162912$8511285C-2DEA-4C7F-A380-018668B9787C,Q2162912$145C5576-A533-42B1-9247-646D95B0D8BB,written,
ready,511782,P511782,Q2164503,CDLI Seals 013304 (physical),Cuneiform Artifact CDLI Seals 013304 (physical),,P853,Q512146,Lagash II Period,Middle Babylonian Period,Q512154,Replace live period claim with the period expected from the current live FactGrid P692 CDLI ID.,Q2164503$2AD0B01F-88EC-4E1A-A554-E4B55C92D22D,Q2164503$AEAAE69D-7201-4D4F-9CB0-D2BE015BF723,written,
ready,512454,P512454,Q2168119,"NAPR 6, 07 Di 690","Cuneiform Tablet NAPR 6, 07 Di 690",,P853,Q512146,Lagash II Period,Old Babylonian Period,Q512152,Replace live period claim with the period expected from the current live FactGrid P692 CDLI ID.,Q2168119$F5CE7F99-A815-4784-81E9-4614D3B191EE,Q2168119$F2A73E13-AE1A-4B40-8A88-12748D784C52,written,
ready,513245,P513245,Q2162845,"OIP 043, 177 TA 1930 T250","Cuneiform Tablet OIP 043, 177 TA 1930 T250",,P853,Q512152,Old Babylonian Period,Early Old Babylonian Period,Q512150,Replace live period claim with the period expected from the current live FactGrid P692 CDLI ID.,Q2162845$BC26BFDB-F790-4873-A7D8-C92533C52942,Q2162845$6E72E715-FD88-4ACC-97D7-2F735CFECAE2,written,
ready,516417,P516417,Q2162331,"CUSAS 40, 1633","Cuneiform Tablet CUSAS 40, 1633",,P853,Q512148,Ur III Period,Old Babylonian Period,Q512152,Replace live period claim with the period expected from the current live FactGrid P692 CDLI ID.,Q2162331$B146D3BC-6471-44C8-880E-FB8C1DBD403C,Q2162331$4CE74D4F-08BB-4FE1-89CD-108FB0AE45CA,written,
ready,518409,P518409,Q2166093,STUBM 026,Cuneiform Tablet STUBM 026,,P853,Q512146,Lagash II Period,Hellenistic Period,Q512164,Replace live period claim with the period expected from the current live FactGrid P692 CDLI ID.,Q2166093$4E5E48F9-C8A6-4F9A-9B30-4BB7CD3E4EF9,Q2166093$EAE82A26-292D-4A14-9E15-529E32993635,written,
ready,519648,P519648,Q2163220,CDLI Seals 014267 (composite),Cuneiform Artifact CDLI Seals 014267 (composite),,P853,Q512146,Lagash II Period,Ur III Period,Q512148,Replace live period claim with the period expected from the current live FactGrid P692 CDLI ID.,Q2163220$BC596C65-DBDC-4CBD-99B1-BF60FD6B96F3,Q2163220$26099821-3456-4157-BBF4-1D2AE05D2DD8,written,
ready,522365,P522365,Q2167227,CDLI Seals 015367 (physical),Cuneiform Artifact CDLI Seals 015367 (physical),,P853,Q512149,Isin-Larsa Period,Ur III Period,Q512148,Replace live period claim with the period expected from the current live FactGrid P692 CDLI ID.,Q2167227$CCC23C15-976A-49D7-84AE-9ECB4BA27B49,Q2167227$0C6748BF-9D65-4E56-88D6-0C3CCEC458F9,written,
ready,524136,P524136,Q2162483,BM 097375,Cuneiform Tablet BM 097375,,P853,Q512148,Ur III Period,Old Babylonian Period,Q512152,Replace live period claim with the period expected from the current live FactGrid P692 CDLI ID.,Q2162483$ADFD8E66-CCB5-44C6-ACAF-1017F83E9C45,Q2162483$F1C3D611-EEDD-40AD-8BDB-0A7DB1000804,written,
ready,529704,P529704,Q2163831,"RA 113, 059-069 11","Cuneiform Tablet RA 113, 059-069 11",,P853,Q512146,Lagash II Period,Old Babylonian Period,Q512152,Replace live period claim with the period expected from the current live FactGrid P692 CDLI ID.,Q2163831$BB483085-0C87-4FDA-AA51-97EF12EC0B9F,Q2163831$78A64696-4118-4003-8242-7CCCAA548720,written,
ready,530525,P530525,Q2163379,CDLI Seals 014847 (physical),Cuneiform Artifact CDLI Seals 014847 (physical),,P853,Q512146,Lagash II Period,Old Babylonian Period,Q512152,Replace live period claim with the period expected from the current live FactGrid P692 CDLI ID.,Q2163379$F6ECC50C-072D-474D-B832-208ED7A2482C,Q2163379$6AB5ADAB-1D6B-4BBA-BF4F-AE49322E0EED,written,
ready,530876,P530876,Q2165800,"Fs Součková-Siegelová 422, 13","Cuneiform Tablet Fs Součková-Siegelová 422, 13",,P853,Q512148,Ur III Period,Old Babylonian Period,Q512152,Replace live period claim with the period expected from the current live FactGrid P692 CDLI ID.,Q2165800$A6F9D67D-D607-4D0D-8220-13B54DBC7681,Q2165800$9A93DB32-3483-4004-9824-666C392558DC,written,
ready,531334,P531334,Q2168323,Textes Scolaires 091,Cuneiform Tablet Textes Scolaires 091,,P853,Q512148,Ur III Period,Neo-Babylonian Period,Q512161,Replace live period claim with the period expected from the current live FactGrid P692 CDLI ID.,Q2168323$75C9852A-FB77-4BCB-B9C8-BC083F82E94F,Q2168323$FEB59877-42EE-4D8E-B993-EEED7880A12B,written,
ready,532488,P532488,Q2163007,SPAB 020,Cuneiform Tablet SPAB 020,,P853,Q512162,Persian Period,Neo-Babylonian Period,Q512161,Replace live period claim with the period expected from the current live FactGrid P692 CDLI ID.,Q2163007$E3CC9427-7BA7-4723-A2C6-1C4A07628798,Q2163007$5B61D0D7-6F23-40A0-8F74-090E87942C25,written,
ready,532518,P532518,Q2163113,SPAB 052,Cuneiform Tablet SPAB 052,,P853,Q512148,Ur III Period,Neo-Babylonian Period,Q512161,Replace live period claim with the period expected from the current live FactGrid P692 CDLI ID.,Q2163113$BB3B4D42-82CE-4CC5-9A80-27294E2D99B2,Q2163113$75D3A25C-18AC-4252-AC91-0E17B6A2789D,written,
ready,532522,P532522,Q2163106,SPAB 056,Cuneiform Tablet SPAB 056,,P853,Q512162,Persian Period,Neo-Babylonian Period,Q512161,Replace live period claim with the period expected from the current live FactGrid P692 CDLI ID.,Q2163106$BB7B8150-5808-4ED0-810C-35E29843821C,Q2163106$EBD990E3-C5C9-452C-99C4-65869A1AD4FA,written,
ready,532559,P532559,Q2166045,SPAB 094,Cuneiform Tablet SPAB 094,,P853,Q512162,Persian Period,Neo-Babylonian Period,Q512161,Replace live period claim with the period expected from the current live FactGrid P692 CDLI ID.,Q2166045$E5DC00E8-965F-474E-B1A2-C3291FAB7911,Q2166045$11957F7B-3232-408B-BA9D-E282A976BE32,written,
ready,532627,P532627,Q2047916,SPAB 165,Cuneiform Tablet SPAB 165,,P853,Q512162,Persian Period,Neo-Babylonian Period,Q512161,Replace live period claim with the period expected from the current live FactGrid P692 CDLI ID.,Q2047916$EE1F3979-9868-4123-AFB5-18B9B2C5DD8B,Q2047916$5143EBAB-8B62-4A9F-AFDB-FBC01878F37A,written,
ready,532631,P532631,Q2168774,SPAB 169,Cuneiform Tablet SPAB 169,,P853,Q512162,Persian Period,Neo-Babylonian Period,Q512161,Replace live period claim with the period expected from the current live FactGrid P692 CDLI ID.,Q2168774$A4A92E69-E084-4CFF-9C4C-24A5B03C1E21,Q2168774$CFE27D35-0979-4E99-86C3-DB8F5F076817,written,
ready,532670,P532670,Q2166533,SPAB 208,Cuneiform Tablet SPAB 208,,P853,Q512162,Persian Period,Neo-Babylonian Period,Q512161,Replace live period claim with the period expected from the current live FactGrid P692 CDLI ID.,Q2166533$EBCBFC00-259E-4779-A4D2-A68F92520C86,Q2166533$C6BC2476-1B31-4F35-AE74-C2A3834E70FF,written,
ready,532735,P532735,Q2167456,SPAB 275,Cuneiform Tablet SPAB 275,,P853,Q512162,Persian Period,Neo-Babylonian Period,Q512161,Replace live period claim with the period expected from the current live FactGrid P692 CDLI ID.,Q2167456$BF930A2A-6CDA-4197-BF58-A843B8E99311,Q2167456$E127A0BC-860A-4954-877C-414E9D89FAED,written,
ready,532762,P532762,Q2063788,SPAB 302,Cuneiform Tablet SPAB 302,,P853,Q512162,Persian Period,Neo-Babylonian Period,Q512161,Replace live period claim with the period expected from the current live FactGrid P692 CDLI ID.,Q2063788$C5102C18-0A9C-4D1A-87F4-A9784BBE76BD,Q2063788$0E8C81F5-ECD3-40F1-8BA9-FBE2031608EF,written,
ready,532774,P532774,Q2169726,SPAB 315,Cuneiform Tablet SPAB 315,,P853,Q512162,Persian Period,Neo-Babylonian Period,Q512161,Replace live period claim with the period expected from the current live FactGrid P692 CDLI ID.,Q2169726$45C11678-027C-4A96-9796-6AFB6E6E06AF,Q2169726$A93F7A76-DAC2-4539-9228-1D7820537DF3,written,
ready,532871,P532871,Q2163252,SPAB 413,Cuneiform Tablet SPAB 413,,P853,Q512162,Persian Period,Neo-Babylonian Period,Q512161,Replace live period claim with the period expected from the current live FactGrid P692 CDLI ID.,Q2163252$17005E28-E558-4389-8F9C-556A8BFF9919,Q2163252$BAC16153-0D8C-438A-B7F1-4CF118D6124C,written,
ready,532918,P532918,Q2168094,SPAB 460,Cuneiform Tablet SPAB 460,,P853,Q512162,Persian Period,Neo-Babylonian Period,Q512161,Replace live period claim with the period expected from the current live FactGrid P692 CDLI ID.,Q2168094$DFDF6EA0-AEF4-4F04-9F44-709886246312,Q2168094$8657424E-F0F0-4253-91F0-60E79DA08496,written,
ready,532934,P532934,Q2163636,SPAB 476,Cuneiform Tablet SPAB 476,,P853,Q512162,Persian Period,Neo-Babylonian Period,Q512161,Replace live period claim with the period expected from the current live FactGrid P692 CDLI ID.,Q2163636$C38A9FEE-DDCB-4ED9-920B-55E06CC4B67D,Q2163636$067A8EAD-E74F-4805-9CF5-C022DE7C5482,written,
ready,532959,P532959,Q2170406,SPAB 501,Cuneiform Tablet SPAB 501,,P853,Q512162,Persian Period,Neo-Babylonian Period,Q512161,Replace live period claim with the period expected from the current live FactGrid P692 CDLI ID.,Q2170406$99C89C6E-FC2E-4FA1-9DD8-A7CAC90D6E2D,Q2170406$F231E647-3884-46A5-A480-E23BD4AFB0DF,written,
ready,534788,P534788,Q1366423,"AKT 6b, 301",Cuneiform Tablet Kt 94/k 642 (AKT 6b 301),,P853,Q512152,Old Babylonian Period,Old Assyrian Period,Q512151,Replace live period claim with the period expected from the current live FactGrid P692 CDLI ID.,Q1366423$83C67444-E778-429A-9E91-04AF4A7EC15A,Q1366423$42A965AC-B7A2-4154-8F17-7D18EBE29AF3,written,
ready,534874,P534874,Q1365914,"AKT 6b, 397",Cuneiform Tablet Kt 94/k 1406 (AKT 6b 397),,P853,Q512152,Old Babylonian Period,Old Assyrian Period,Q512151,Replace live period claim with the period expected from the current live FactGrid P692 CDLI ID.,Q1365914$4A41A55A-2D94-43AF-8778-8FF1A9A5566D,Q1365914$696A940F-953B-4885-B996-29FDCFF69975,written,
ready,534931,P534931,Q1367088,"AKT 6b, 461",Cuneiform Tablet Kt 94/k 1695 (AKT 6b 461),,P853,Q512152,Old Babylonian Period,Old Assyrian Period,Q512151,Replace live period claim with the period expected from the current live FactGrid P692 CDLI ID.,Q1367088$5216F9D4-591E-45D0-B66B-CA2259D94156,Q1367088$B2BB1514-7F90-42A0-892F-105D30D2B86D,written,
ready,534966,P534966,Q1366906,"AKT 6b, 497",Cuneiform Tablet Kt 94/k 1615 (AKT 6b 497),,P853,Q512152,Old Babylonian Period,Old Assyrian Period,Q512151,Replace live period claim with the period expected from the current live FactGrid P692 CDLI ID.,Q1366906$E1A904BE-EB73-4A0B-8513-040E56CCAC3A,Q1366906$77752238-3B41-4D21-A1D7-09F626E3728E,written,
ready,535033,P535033,Q1363304,"AKT 6c, 568",Cuneiform Tablet Kt 94/k 726 (AKT 6c 568),,P853,Q512152,Old Babylonian Period,Old Assyrian Period,Q512151,Replace live period claim with the period expected from the current live FactGrid P692 CDLI ID.,Q1363304$5E3B097F-41B7-4514-B30B-059F2766BB3A,Q1363304$998EE819-805B-40FC-A5EF-450D9951C19A,written,
ready,535064,P535064,Q1367915,"AKT 6c, 605",Cuneiform Tablet Kt 94/k 942 (AKT 6c 605),,P853,Q512152,Old Babylonian Period,Old Assyrian Period,Q512151,Replace live period claim with the period expected from the current live FactGrid P692 CDLI ID.,Q1367915$58B56989-98A8-4763-BC7B-6A6DD5475459,Q1367915$E9CB5460-68B7-49EF-8119-693BC7A2E0E5,written,
ready,535121,P535121,Q1368349,"AKT 6c, 667",Cuneiform Tablet Kt 94/k 1474 (AKT 6c 667),,P853,Q512152,Old Babylonian Period,Old Assyrian Period,Q512151,Replace live period claim with the period expected from the current live FactGrid P692 CDLI ID.,Q1368349$24C3491D-C02B-4ABA-9241-BF81D3302DC7,Q1368349$49142510-C529-468B-8B83-F36CFF6323FF,written,
ready,535199,P535199,Q1364716,AMM — unpublished unassigned ?,Cuneiform Tablet Kt m/k 23,,P853,Q512152,Old Babylonian Period,Old Assyrian Period,Q512151,Replace live period claim with the period expected from the current live FactGrid P692 CDLI ID.,Q1364716$081F480A-DBF5-441E-814A-9896A03540A0,Q1364716$34C409A9-293B-485D-8551-580A96836C31,written,
ready,535208,P535208,Q1364128,AMM — unpublished unassigned ?,Cuneiform Tablet Kt m/k 32,,P853,Q512152,Old Babylonian Period,Old Assyrian Period,Q512151,Replace live period claim with the period expected from the current live FactGrid P692 CDLI ID.,Q1364128$4A880982-4DCA-4D4C-AF31-C3A5F8D02D52,Q1364128$FDE8101F-DB33-4F90-B3C3-A41BBA586C4E,written,
ready,535224,P535224,Q1368800,AMM — unpublished unassigned ?,Cuneiform Tablet Kt m/k 48,,P853,Q512152,Old Babylonian Period,Old Assyrian Period,Q512151,Replace live period claim with the period expected from the current live FactGrid P692 CDLI ID.,Q1368800$11B3A2DB-0D6F-4513-BAAD-E7189A383DEA,Q1368800$C10E8B33-10D6-4EC5-9044-71C5AFA16F9A,written,
ready,535232,P535232,Q2153971,AMM — unpublished unassigned ?,Cuneiform Artifact P535232,,P853,Q512152,Old Babylonian Period,Old Assyrian Period,Q512151,Replace live period claim with the period expected from the current live FactGrid P692 CDLI ID.,Q2153971$B7C6EC0B-738A-4430-B912-3CDAD3BAB676,Q2153971$64F18589-8543-4C11-AFB7-CD0D288CE859,written,
ready,535273,P535273,Q1368311,AMM — unpublished unassigned ?,Cuneiform Tablet Kt m/k 101,,P853,Q512152,Old Babylonian Period,Old Assyrian Period,Q512151,Replace live period claim with the period expected from the current live FactGrid P692 CDLI ID.,Q1368311$628773AE-5269-4D15-BCE9-110F3596A4EA,Q1368311$C02BCB17-0C44-452E-A4D1-FE5DACFD406C,written,
ready,535336,P535336,Q1368476,AMM — unpublished unassigned ?,Cuneiform Tablet Kt m/k 170,,P853,Q512152,Old Babylonian Period,Old Assyrian Period,Q512151,Replace live period claim with the period expected from the current live FactGrid P692 CDLI ID.,Q1368476$980740A8-7E9C-42B7-98D0-EAB334F5FA10,Q1368476$F6AF9E8C-914C-4B44-B0EE-0881AFC7A3A6,written,
ready,535361,P535361,Q2010581,"ArAn 13/2, 101-122 no. 11","Cuneiform Tablet ArAn 13/2, 101-122 no. 11",,P853,Q512152,Old Babylonian Period,Old Assyrian Period,Q512151,Replace live period claim with the period expected from the current live FactGrid P692 CDLI ID.,Q2010581$AC551D0F-A8C9-4E2C-9EDE-0F481AF0457C,Q2010581$5BC8B086-C646-4EC2-AF2D-F9F2B61481FD,written,
ready,535434,P535434,Q1364782,"AKT 6d, 806 & 806a",Cuneiform Tablet Kt 94/k 1161 (AKT 6d 806a),,P853,Q512152,Old Babylonian Period,Old Assyrian Period,Q512151,Replace live period claim with the period expected from the current live FactGrid P692 CDLI ID.,Q1364782$92F94442-8421-49E1-85C0-044C4B3CB827,Q1364782$45FEAD45-BA1C-48C9-B5AC-891FE37BB65B,written,
ready,535571,P535571,Q1364477,"AKT 6e, 947",Cuneiform Tablet Kt 94/k 1752 (AKT 6e 947),,P853,Q512152,Old Babylonian Period,Old Assyrian Period,Q512151,Replace live period claim with the period expected from the current live FactGrid P692 CDLI ID.,Q1364477$1CCF5ECC-D453-434B-A66C-E5185060611A,Q1364477$2E028639-60BD-4019-8702-3EDDB73DEAB4,written,
ready,535623,P535623,Q1365818,"AKT 6e, 999",Cuneiform Tablet Kt 94/k 683 (AKT 6e 999),,P853,Q512152,Old Babylonian Period,Old Assyrian Period,Q512151,Replace live period claim with the period expected from the current live FactGrid P692 CDLI ID.,Q1365818$C7EBF5FA-640D-475C-A5F5-C0C75E764673,Q1365818$3DE2C0D0-1A0D-49C3-9233-3DB2F111013C,written,
ready,535658,P535658,Q1364247,"AKT 6e, 1038",Cuneiform Tablet Kt 94/k 990 (AKT 6e 1038),,P853,Q512152,Old Babylonian Period,Old Assyrian Period,Q512151,Replace live period claim with the period expected from the current live FactGrid P692 CDLI ID.,Q1364247$6C7DC6E8-E158-48F4-817D-D43D0F1BA99B,Q1364247$4D0D22FE-3133-4BB6-8078-F515DA1A2113,written,
ready,535674,P535674,Q1364936,"AKT 6e, 1054",Cuneiform Tablet Kt 94/k 1099 (AKT 6e 1054),,P853,Q512152,Old Babylonian Period,Old Assyrian Period,Q512151,Replace live period claim with the period expected from the current live FactGrid P692 CDLI ID.,Q1364936$510E2212-3525-401B-9FFB-5ABCD6B3D7AD,Q1364936$B6275044-252C-4850-80CF-B2BC029D1BD8,written,
ready,535731,P535731,Q1366888,"AKT 6e, 1115",Cuneiform Tablet Kt 94/k 1520 (AKT 6e 1115),,P853,Q512152,Old Babylonian Period,Old Assyrian Period,Q512151,Replace live period claim with the period expected from the current live FactGrid P692 CDLI ID.,Q1366888$34B8FCB1-4DF7-4D65-88FA-5413AF9CBBDA,Q1366888$B1ED59A5-A914-4865-83AA-11004518676F,written,
ready,535766,P535766,Q1366613,"AKT 6e, 1154",Cuneiform Tablet Kt 94/k 900 (AKT 6e 1154),,P853,Q512152,Old Babylonian Period,Old Assyrian Period,Q512151,Replace live period claim with the period expected from the current live FactGrid P692 CDLI ID.,Q1366613$152E1C5D-2374-40DD-BAA9-7ABA8045EF7E,Q1366613$DD576DFC-BFC5-41F0-9B32-51250882AA01,written,
ready,535789,P535789,Q1367483,"AKT 6e, 1180",Cuneiform Tablet Kt 94/k 1430 (AKT 6e 1180),,P853,Q512152,Old Babylonian Period,Old Assyrian Period,Q512151,Replace live period claim with the period expected from the current live FactGrid P692 CDLI ID.,Q1367483$BD690C21-5655-468A-8CCE-6CA6A1AA2070,Q1367483$F8A816CD-6DEF-486F-8B59-F46E95DEE125,written,
ready,535818,P535818,Q2169543,"AKT 7a, 003","Cuneiform Tablet AKT 7a, 003",,P853,Q512152,Old Babylonian Period,Old Assyrian Period,Q512151,Replace live period claim with the period expected from the current live FactGrid P692 CDLI ID.,Q2169543$F6F2C607-42F4-4469-BC1B-5E307F0BEC9C,Q2169543$13A8E823-6A9B-453D-84D8-A2FF9FE25BAA,written,
ready,535822,P535822,Q2164248,"AKT 7a, 007","Cuneiform Tablet AKT 7a, 007",,P853,Q512152,Old Babylonian Period,Old Assyrian Period,Q512151,Replace live period claim with the period expected from the current live FactGrid P692 CDLI ID.,Q2164248$99A9C9E4-40DC-4ECF-B579-99F0A3541EB0,Q2164248$E7AD019D-6344-4C34-907F-B1976CD52321,written,
ready,535859,P535859,Q1363559,"AKT 7a, 042",Cuneiform Tablet Kt 88/k 137 (AKT 7a 42),,P853,Q512152,Old Babylonian Period,Old Assyrian Period,Q512151,Replace live period claim with the period expected from the current live FactGrid P692 CDLI ID.,Q1363559$CD53B38C-2131-47F8-9585-705C53334123,Q1363559$F502628B-28B4-463C-8C07-E5DB46194AC8,written,
ready,535875,P535875,Q1368364,"AKT 7a, 058",Cuneiform Tablet Kt 88/k 309 (AKT 7a 58),,P853,Q512152,Old Babylonian Period,Old Assyrian Period,Q512151,Replace live period claim with the period expected from the current live FactGrid P692 CDLI ID.,Q1368364$526CBBE5-14FA-429F-970C-12E31ECA18C6,Q1368364$EACDC025-B0FD-43FB-8C21-35480123F429,written,
ready,535930,P535930,Q1367165,"AKT 7a, 112",Cuneiform Tablet Kt 88/k 152 (AKT 7a 112),,P853,Q512152,Old Babylonian Period,Old Assyrian Period,Q512151,Replace live period claim with the period expected from the current live FactGrid P692 CDLI ID.,Q1367165$08F773A0-D4CF-45F0-A547-B65656E37EDB,Q1367165$9F784394-8A09-46F5-B304-BE9471A03B19,written,
ready,535967,P535967,Q1363974,"AKT 7a, 149",Cuneiform Tablet Kt 88/k 677 (AKT 7a 149),,P853,Q512152,Old Babylonian Period,Old Assyrian Period,Q512151,Replace live period claim with the period expected from the current live FactGrid P692 CDLI ID.,Q1363974$4ABB0168-A351-482D-B8FF-C37349FAB74A,Q1363974$D8434559-18C9-4B34-9698-DCC0579A3273,written,
ready,535988,P535988,Q1365595,"AKT 7a, 170",Cuneiform Tablet Kt 88/k 47 (AKT 7a 170),,P853,Q512152,Old Babylonian Period,Old Assyrian Period,Q512151,Replace live period claim with the period expected from the current live FactGrid P692 CDLI ID.,Q1365595$E97F8670-5FD7-4924-B2D6-2A1B07CD7B35,Q1365595$54D3C0FF-F6F2-482F-97F3-66E2C6D2A8F6,written,
ready,536058,P536058,Q1365085,"AKT 7a, 235",Cuneiform Tablet Kt 88/k 41 (AKT 7a 235),,P853,Q512152,Old Babylonian Period,Old Assyrian Period,Q512151,Replace live period claim with the period expected from the current live FactGrid P692 CDLI ID.,Q1365085$E83A141E-BD3E-4315-BE92-82DF9172D009,Q1365085$57539695-462A-4DDB-9999-A2A44988E0B8,written,
ready,536074,P536074,Q1363785,"AKT 7a, 251",Cuneiform Tablet Kt 88/k 729 (AKT 7a 251),,P853,Q512152,Old Babylonian Period,Old Assyrian Period,Q512151,Replace live period claim with the period expected from the current live FactGrid P692 CDLI ID.,Q1363785$0EE85A43-025A-4005-8FAD-B9CE95E9264A,Q1363785$6D49FA1A-D454-4762-A6D3-92760DB2BBA5,written,
ready,536131,P536131,Q1364955,"AKT 7a, 305",Cuneiform Tablet Kt 88/k 183 (AKT 7a 305),,P853,Q512152,Old Babylonian Period,Old Assyrian Period,Q512151,Replace live period claim with the period expected from the current live FactGrid P692 CDLI ID.,Q1364955$E843C01F-8FB8-461A-9626-41715837AD4A,Q1364955$CC3A5FA9-09EB-49AE-952E-367E0DCA1F54,written,
ready,536218,P536218,Q1368264,"AKT 8, 083",Cuneiform Tablet Kt 92/k 152 (AKT 8 83),,P853,Q512152,Old Babylonian Period,Old Assyrian Period,Q512151,Replace live period claim with the period expected from the current live FactGrid P692 CDLI ID.,Q1368264$A8704D07-48C2-452E-9D98-09C2BA9DB3E0,Q1368264$64F7EC1E-0BA5-42BF-A77C-41027E0C1838,written,
ready,536263,P536263,Q1364517,"AKT 8, 128",Cuneiform Tablet Kt 91/k 324 (AKT 8 128),,P853,Q512152,Old Babylonian Period,Old Assyrian Period,Q512151,Replace live period claim with the period expected from the current live FactGrid P692 CDLI ID.,Q1364517$9AF8093E-9C4E-4D32-A330-78FB9348D185,Q1364517$F22EB3AB-27C1-4361-BFBB-3EA304AAD4BB,written,
ready,536326,P536326,Q1363423,"AKT 8, 193",Cuneiform Tablet Kt 91/k 503 (AKT 8 193),,P853,Q512152,Old Babylonian Period,Old Assyrian Period,Q512151,Replace live period claim with the period expected from the current live FactGrid P692 CDLI ID.,Q1363423$E3F78358-0C48-44D0-A049-7886F09652BE,Q1363423$E9DE8F3E-2E55-4A31-AB34-7FED79C46CD1,written,
ready,536408,P536408,Q1362967,"AKT 8, 276",Cuneiform Tablet Kt 91/k 500 (AKT 8 276),,P853,Q512152,Old Babylonian Period,Old Assyrian Period,Q512151,Replace live period claim with the period expected from the current live FactGrid P692 CDLI ID.,Q1362967$D290BF70-9FB4-4E1B-9003-5E22C2AAA488,Q1362967$EFBAB8EA-C1A0-452D-A9E3-3DAD81F7888E,written,
ready,536424,P536424,Q1363625,"AKT 8, 292",Cuneiform Tablet Kt 91/k 498 (AKT 8 292),,P853,Q512152,Old Babylonian Period,Old Assyrian Period,Q512151,Replace live period claim with the period expected from the current live FactGrid P692 CDLI ID.,Q1363625$FCEDE66A-3A93-4B21-AD78-DFCB45CD7107,Q1363625$F36CE878-D38E-4931-AE26-D3593C7C4E2B,written,
ready,536561,P536561,Q1367696,"AKT 9a, 057",Cuneiform Tablet Kt c/k 1508 (AKT 9a 57),,P853,Q512152,Old Babylonian Period,Old Assyrian Period,Q512151,Replace live period claim with the period expected from the current live FactGrid P692 CDLI ID.,Q1367696$A58481AE-16A3-49E8-AFA7-DE4DD36B102B,Q1367696$CF6B68F3-3678-4A5C-BC81-A95C52FAD095,written,
ready,536633,P536633,Q1363777,"AKT 9a, 130",Cuneiform Tablet Kt c/k 1264 (AKT 9a 130),,P853,Q512152,Old Babylonian Period,Old Assyrian Period,Q512151,Replace live period claim with the period expected from the current live FactGrid P692 CDLI ID.,Q1363777$35F6ED59-5AF4-4C8D-AF78-84EA655D101F,Q1363777$812DA025-5CD0-4328-8431-E5B65EAEAA7E,written,
ready,536648,P536648,Q1366994,"AKT 9a, 145",Cuneiform Tablet Kt c/k 884 (AKT 9a 145),,P853,Q512152,Old Babylonian Period,Old Assyrian Period,Q512151,Replace live period claim with the period expected from the current live FactGrid P692 CDLI ID.,Q1366994$EEA8BFD3-C3C3-4109-A549-3A6FA85905DA,Q1366994$E30FF2A1-1A44-4BA0-B283-00A885842B86,written,
ready,536776,P536776,Q1368722,"AKT 11a, 041",Cuneiform Tablet Kt 92/k 407 (AKT 11a 41),,P853,Q512152,Old Babylonian Period,Old Assyrian Period,Q512151,Replace live period claim with the period expected from the current live FactGrid P692 CDLI ID.,Q1368722$CE1AA1F1-98B9-4123-82EC-B81FB0150B64,Q1368722$A261091E-DF4B-471E-8E66-1EBAB024E5C1,written,
ready,536799,P536799,Q1365088,"AKT 11a, 064",Cuneiform Tablet Kt 92/k 444 (AKT 11a 64),,P853,Q512152,Old Babylonian Period,Old Assyrian Period,Q512151,Replace live period claim with the period expected from the current live FactGrid P692 CDLI ID.,Q1365088$E6839A3C-49AD-4787-8D73-D005248B1056,Q1365088$D1634555-3720-4269-BC7E-088D0A75E6B4,written,
ready,536832,P536832,Q1366196,"AKT 11a, 097",Cuneiform Tablet Kt 92/k 487 (AKT 11a 97),,P853,Q512152,Old Babylonian Period,Old Assyrian Period,Q512151,Replace live period claim with the period expected from the current live FactGrid P692 CDLI ID.,Q1366196$3C60ACEC-5388-402B-9D81-E291B8E9CA43,Q1366196$AEC7DAC4-E9C5-4A66-895D-ED3F1B9F51D4,written,
ready,536849,P536849,Q1365798,"AKT 11a, 114",Cuneiform Tablet Kt 92/k 698 (AKT 11a 114),,P853,Q512152,Old Babylonian Period,Old Assyrian Period,Q512151,Replace live period claim with the period expected from the current live FactGrid P692 CDLI ID.,Q1365798$A1359682-7E25-4E0A-A5A2-85B4B9EC27DC,Q1365798$67673C08-BF32-419F-9698-6CECBF470028,written,
ready,536977,P536977,Q1367304,"AMMY 2006, 150-151",Cuneiform Tablet Kt j/k 431,,P853,Q512152,Old Babylonian Period,Old Assyrian Period,Q512151,Replace live period claim with the period expected from the current live FactGrid P692 CDLI ID.,Q1367304$8FF6DD5F-AA73-4172-A1EA-AE626A262C42,Q1367304$62A5908B-001F-48CF-9C67-E19A734E682F,written,
ready,536998,P536998,Q2162983,ARK 263,Cuneiform Tablet ARK 263,,P853,Q512152,Old Babylonian Period,Old Assyrian Period,Q512151,Replace live period claim with the period expected from the current live FactGrid P692 CDLI ID.,Q2162983$49D8C64D-C95C-4971-B73E-F38AD595AF45,Q2162983$3CF220E0-A1E4-4C9D-A112-B135408FA5F1,written,
ready,537022,P537022,Q2166719,"ArAn 16/2, 299-303","Cuneiform Tablet ArAn 16/2, 299-303",,P853,Q512152,Old Babylonian Period,Old Assyrian Period,Q512151,Replace live period claim with the period expected from the current live FactGrid P692 CDLI ID.,Q2166719$16EA8DAA-A394-4EED-82E4-D2C655F6A15E,Q2166719$474AB6A8-F161-4CCC-A9AB-22BD39916F19,written,
ready,537059,P537059,Q2164958,CDLI Seals 015446 (physical),Cuneiform Artifact CDLI Seals 015446 (physical),,P853,Q512153,Middle Hittite Period,Old Babylonian Period,Q512152,Replace live period claim with the period expected from the current live FactGrid P692 CDLI ID.,Q2164958$6FC02712-97FA-4A93-82D5-53E850567009,Q2164958$F67135FD-F434-4C68-9ACA-8DA47ECA948B,written,
ready,537063,P537063,Q2169033,CDLI Seals 015450 (physical),Cuneiform Artifact CDLI Seals 015450 (physical),,P853,Q512155,Middle Assyrian Period,Middle Babylonian Period,Q512154,Replace live period claim with the period expected from the current live FactGrid P692 CDLI ID.,Q2169033$B5F46307-4188-409C-8E36-FEB78E932079,Q2169033$A1D7843F-99A1-418A-B60D-CF5359C402F4,written,
ready,537720,P537720,Q2163125,CDLI Seals 017004 (physical),Cuneiform Artifact CDLI Seals 017004 (physical),,P853,Q512159,Late Babylonian Period,Neo-Assyrian Period,Q512158,Replace live period claim with the period expected from the current live FactGrid P692 CDLI ID.,Q2163125$6A4A9B3E-DC6C-429E-A289-8A31E54DA5C4,Q2163125$312B902D-DA94-4061-85B1-35DA5102EF15,written,
ready,537825,P537825,Q2169544,CDLI Seals 017057 (physical),Cuneiform Artifact CDLI Seals 017057 (physical),,P853,Q512149,Isin-Larsa Period,Ur III Period,Q512148,Replace live period claim with the period expected from the current live FactGrid P692 CDLI ID.,Q2169544$87A0A5DD-BA55-4AD0-B9C8-26BB24CC162C,Q2169544$2B1050A2-AA35-4E8B-8C96-34D1160DF6D2,written,
ready,537833,P537833,Q2143445,CDLI Seals 017065 (physical),Cuneiform Artifact CDLI Seals 017065 (physical),,P853,Q512149,Isin-Larsa Period,Ur III Period,Q512148,Replace live period claim with the period expected from the current live FactGrid P692 CDLI ID.,Q2143445$4A295E82-B831-4871-AE9C-DB1F44C4A16B,Q2143445$731D0754-BA52-4A49-BDBB-DA3B81A1A211,written,
ready,537921,P537921,Q2166988,CDLI Seals 017096 (physical),Cuneiform Artifact CDLI Seals 017096 (physical),,P853,Q512149,Isin-Larsa Period,Ur III Period,Q512148,Replace live period claim with the period expected from the current live FactGrid P692 CDLI ID.,Q2166988$085F3EE7-EB2D-4F20-ADA8-751143E7CE75,Q2166988$8A3720F0-0D27-49C0-8CC8-5740C1E0EE79,written,
ready,537999,P537999,Q2146521,CDLI Seals 017174 (physical),Cuneiform Artifact CDLI Seals 017174 (physical),,P853,Q512162,Persian Period,Neo-Babylonian Period,Q512161,Replace live period claim with the period expected from the current live FactGrid P692 CDLI ID.,Q2146521$A96BC20D-3F52-4CD9-BB9F-5F6BDBA45404,Q2146521$BDC10514-3AB6-43D7-B032-03F42108B684,written,
ready,538007,P538007,Q2169957,CDLI Seals 017182 (physical),Cuneiform Artifact CDLI Seals 017182 (physical),,P853,Q512153,Middle Hittite Period,Old Babylonian Period,Q512152,Replace live period claim with the period expected from the current live FactGrid P692 CDLI ID.,Q2169957$F59693BB-E4C2-4916-ABC1-DDF8DB7D989C,Q2169957$C0EBB02C-6948-403D-BAB4-B686AF1BAD1E,written,
ready,538046,P538046,Q2167670,CDLI Seals 017221 (physical),Cuneiform Artifact CDLI Seals 017221 (physical),,P853,Q512149,Isin-Larsa Period,Ur III Period,Q512148,Replace live period claim with the period expected from the current live FactGrid P692 CDLI ID.,Q2167670$59F975B1-8849-4293-A1E2-360A15C4F7AA,Q2167670$71BCCFB5-A652-48C6-A09B-68A9593DB08B,written,
ready,538050,P538050,Q2158931,CDLI Seals 017225 (physical),Cuneiform Artifact CDLI Seals 017225 (physical),,P853,Q512153,Middle Hittite Period,Old Babylonian Period,Q512152,Replace live period claim with the period expected from the current live FactGrid P692 CDLI ID.,Q2158931$DA2C690A-C79E-4780-BEB5-CD8312BF7BA2,Q2158931$41D2D278-07D3-4770-8666-E3F0F256A758,written,
ready,538379,P538379,Q2169788,CDLI Seals 017554 (physical),Cuneiform Artifact CDLI Seals 017554 (physical),,P853,Q512159,Late Babylonian Period,Neo-Assyrian Period,Q512158,Replace live period claim with the period expected from the current live FactGrid P692 CDLI ID.,Q2169788$571A013A-B6F0-47E7-A7BA-40EA73801915,Q2169788$D9B4A1F9-152B-4D05-BB8E-90C226D6E154,written,
ready,538380,P538380,Q2047347,CDLI Seals 017555 (physical),Cuneiform Artifact CDLI Seals 017555 (physical),,P853,Q512159,Late Babylonian Period,Neo-Assyrian Period,Q512158,Replace live period claim with the period expected from the current live FactGrid P692 CDLI ID.,Q2047347$1E013C6E-DD65-49EE-B6EC-22C061ED6ED6,Q2047347$882D0FAD-A2C4-4AB5-B7F5-DFB7ABB6E53F,written,
ready,538396,P538396,Q2169017,CDLI Seals 017571 (physical),Cuneiform Artifact CDLI Seals 017571 (physical),,P853,Q512159,Late Babylonian Period,Neo-Assyrian Period,Q512158,Replace live period claim with the period expected from the current live FactGrid P692 CDLI ID.,Q2169017$67E22DE3-90AA-47FB-BA1B-D07EB1B514BE,Q2169017$CA77ABB6-9B6A-4253-8C36-84B779C79687,written,
ready,538400,P538400,Q2154952,CDLI Seals 017575 (physical),Cuneiform Artifact CDLI Seals 017575 (physical),,P853,Q512159,Late Babylonian Period,Neo-Assyrian Period,Q512158,Replace live period claim with the period expected from the current live FactGrid P692 CDLI ID.,Q2154952$0B2A2577-3F46-45AE-BD66-55914279EFFF,Q2154952$FFE4782B-63C3-422A-92D8-1336E5C69DF8,written,
ready,538416,P538416,Q2167840,CDLI Seals 017591 (physical),Cuneiform Artifact CDLI Seals 017591 (physical),,P853,Q512159,Late Babylonian Period,Neo-Assyrian Period,Q512158,Replace live period claim with the period expected from the current live FactGrid P692 CDLI ID.,Q2167840$2A5FB74A-03A8-4A19-973F-77C325C32BB1,Q2167840$21603E8E-6BB1-4ED2-A431-9F1BEF22A2C4,written,
ready,538441,P538441,Q2165732,CDLI Seals 017616 (physical),Cuneiform Artifact CDLI Seals 017616 (physical),,P853,Q512159,Late Babylonian Period,Neo-Assyrian Period,Q512158,Replace live period claim with the period expected from the current live FactGrid P692 CDLI ID.,Q2165732$6126843F-E73E-40FD-9833-25FB55B65E69,Q2165732$7815EB9F-C7BF-4413-911A-84B6D1564BFA,written,
ready,538457,P538457,Q2170101,CDLI Seals 017632 (physical),Cuneiform Artifact CDLI Seals 017632 (physical),,P853,Q512162,Persian Period,Neo-Babylonian Period,Q512161,Replace live period claim with the period expected from the current live FactGrid P692 CDLI ID.,Q2170101$1BED4413-6C7B-4EB8-A90B-341510140C04,Q2170101$A344D4F7-BF20-4446-BBEE-7C458148C7A2,written,
ready,538504,P538504,Q2165944,CDLI Seals 017679 (physical),Cuneiform Artifact CDLI Seals 017679 (physical),,P853,Q512153,Middle Hittite Period,Old Babylonian Period,Q512152,Replace live period claim with the period expected from the current live FactGrid P692 CDLI ID.,Q2165944$1B877309-4349-4A89-B6E3-8B4B11D76F83,Q2165944$A1FD6D3E-4591-4612-B2A8-86F65FAB35CF,written,
ready,538545,P538545,Q2159656,CDLI Seals 017720 (physical),Cuneiform Artifact CDLI Seals 017720 (physical),,P853,Q512153,Middle Hittite Period,Old Babylonian Period,Q512152,Replace live period claim with the period expected from the current live FactGrid P692 CDLI ID.,Q2159656$C572B7B2-0A32-4C8A-B1F3-C7D5E007E3DC,Q2159656$7D7A1EF4-EFCB-4735-B681-AFD096A6786F,written,
ready,538553,P538553,Q2017321,CDLI Seals 017728 (physical),Cuneiform Artifact CDLI Seals 017728 (physical),,P853,Q512153,Middle Hittite Period,Old Babylonian Period,Q512152,Replace live period claim with the period expected from the current live FactGrid P692 CDLI ID.,Q2017321$A1E2EF69-C386-47A0-B201-275B8EB0FFA7,Q2017321$11683BBA-5A86-4D45-A554-DC00316CF5E3,written,
ready,538768,P538768,Q2167565,CDLI Seals 017943 (physical),Cuneiform Artifact CDLI Seals 017943 (physical),,P853,Q512149,Isin-Larsa Period,Ur III Period,Q512148,Replace live period claim with the period expected from the current live FactGrid P692 CDLI ID.,Q2167565$31C2E122-6034-450B-BD98-36924657E703,Q2167565$CEFAE635-3839-4893-8ACC-DF2F5C11E23B,written,
ready,538787,P538787,Q2166617,CDLI Seals 017963 (physical),Cuneiform Artifact CDLI Seals 017963 (physical),,P853,Q512151,Old Assyrian Period,Early Old Babylonian Period,Q512150,Replace live period claim with the period expected from the current live FactGrid P692 CDLI ID.,Q2166617$ED3A190C-435B-4EDD-89B0-AD8C7EFB86E6,Q2166617$25F70096-26E0-4BAA-B0C7-F8FA404F4C4D,written,
ready,538904,P538904,Q2170228,CDLI Seals 018082 (physical),Cuneiform Artifact CDLI Seals 018082 (physical),,P853,Q512149,Isin-Larsa Period,Ur III Period,Q512148,Replace live period claim with the period expected from the current live FactGrid P692 CDLI ID.,Q2170228$3B727DAD-B9F6-4BF8-9A2F-D14C4CFFAB5B,Q2170228$F66F7B66-6D68-4D83-8CC2-E68D10DB015F,written,
ready,538969,P538969,Q2163739,CDLI Seals 018147 (physical),Cuneiform Artifact CDLI Seals 018147 (physical),,P853,Q512153,Middle Hittite Period,Old Babylonian Period,Q512152,Replace live period claim with the period expected from the current live FactGrid P692 CDLI ID.,Q2163739$716BCBFD-5EB1-48C3-97F2-DB10C90BCEF9,Q2163739$10FF18BE-730D-4463-9AA1-5C4580C1BC5B,written,
ready,538986,P538986,Q2163341,CDLI Seals 018164 (physical),Cuneiform Artifact CDLI Seals 018164 (physical),,P853,Q512153,Middle Hittite Period,Old Babylonian Period,Q512152,Replace live period claim with the period expected from the current live FactGrid P692 CDLI ID.,Q2163341$B65BDF2F-197D-42C9-B897-DDCF68E23C2D,Q2163341$48657AE6-CA95-440D-B118-ACF1ED5A2DAC,written,
ready,539010,P539010,Q2162458,CDLI Seals 018188 (physical),Cuneiform Artifact CDLI Seals 018188 (physical),,P853,Q512156,Middle Elamite Period,Middle Assyrian Period,Q512155,Replace live period claim with the period expected from the current live FactGrid P692 CDLI ID.,Q2162458$2A2FDB21-DED3-427C-81C5-EE2C453A17FF,Q2162458$CD95D52D-28E6-4299-A62D-66D2C3F4E0BC,written,
ready,539047,P539047,Q2165197,CDLI Seals 018225 (physical),Cuneiform Artifact CDLI Seals 018225 (physical),,P853,Q512149,Isin-Larsa Period,Ur III Period,Q512148,Replace live period claim with the period expected from the current live FactGrid P692 CDLI ID.,Q2165197$6DC71142-EED8-46C0-9E26-116A07B593CA,Q2165197$75AFFBF3-2CF1-4836-8925-20214A875056,written,
ready,539084,P539084,Q2147888,CDLI Seals 018262 (physical),Cuneiform Artifact CDLI Seals 018262 (physical),,P853,Q512153,Middle Hittite Period,Old Babylonian Period,Q512152,Replace live period claim with the period expected from the current live FactGrid P692 CDLI ID.,Q2147888$F52296B1-C461-4733-9F81-CA8622B852C9,Q2147888$F80C4ED6-94C8-471A-A4B9-D828E2366ED9,written,
ready,539342,P539342,Q2168511,CDLI Seals 018520 (physical),Cuneiform Artifact CDLI Seals 018520 (physical),,P853,Q512156,Middle Elamite Period,Middle Assyrian Period,Q512155,Replace live period claim with the period expected from the current live FactGrid P692 CDLI ID.,Q2168511$32B413C0-2197-428B-A3F9-23613A4F731E,Q2168511$63518432-A2F4-4F5C-9EFD-FD3A4ADBF378,written,
ready,539354,P539354,Q2165098,CDLI Seals 018799 (physical),Cuneiform Artifact CDLI Seals 018799 (physical),,P853,Q512155,Middle Assyrian Period,Uruk III Period,Q512134,Replace live period claim with the period expected from the current live FactGrid P692 CDLI ID.,Q2165098$4C772371-BD64-4EBC-8DD1-38F3E30F408E,Q2165098$82AE5F7D-5495-4504-8D5F-1D32E69E0FB2,written,
ready,539657,P539657,Q2167967,CDLI Seals 018777 (physical),Cuneiform Artifact CDLI Seals 018777 (physical),,P853,Q512147,Harappan Period,Lagash II Period,Q512146,Replace live period claim with the period expected from the current live FactGrid P692 CDLI ID.,Q2167967$D4F4C7D7-E1AD-4034-972E-9B44174D06F5,Q2167967$779488D0-1AA8-4306-A675-8C398177A959,written,
ready,539694,P539694,Q2163321,CDLI Seals 018876 (physical),Cuneiform Artifact CDLI Seals 018876 (physical),,P853,Q512153,Middle Hittite Period,Old Babylonian Period,Q512152,Replace live period claim with the period expected from the current live FactGrid P692 CDLI ID.,Q2163321$749C6696-F3B9-4015-856E-A80664CD1733,Q2163321$0FBC535A-E32E-47F9-8F13-74A4B4DE52CF,written,
ready,539704,P539704,Q2168215,CDLI Seals 018886 (physical),Cuneiform Artifact CDLI Seals 018886 (physical),,P853,Q512155,Middle Assyrian Period,Old Babylonian Period,Q512152,Replace live period claim with the period expected from the current live FactGrid P692 CDLI ID.,Q2168215$33C92311-CC64-4ACE-BCE2-CC300293D92F,Q2168215$7C42965E-A044-4DFE-B37C-4BA1B6D368C2,written,
ready,539712,P539712,Q2168337,CDLI Seals 018894 (physical),Cuneiform Artifact CDLI Seals 018894 (physical),,P853,Q512153,Middle Hittite Period,Old Babylonian Period,Q512152,Replace live period claim with the period expected from the current live FactGrid P692 CDLI ID.,Q2168337$0FFFE8ED-C3B3-4EDD-B04B-9E2BE90EC366,Q2168337$3676CA74-F544-48F5-BA67-D425C8596699,written,
ready,539745,P539745,Q2166368,CDLI Seals 018927 (physical),Cuneiform Artifact CDLI Seals 018927 (physical),,P853,Q512153,Middle Hittite Period,Old Babylonian Period,Q512152,Replace live period claim with the period expected from the current live FactGrid P692 CDLI ID.,Q2166368$9FB5660C-7649-4CDC-AAC6-097533315329,Q2166368$7CCB8589-1320-4A59-BB6F-04338A98B87E,written,
ready,539753,P539753,Q2170596,CDLI Seals 018935 (physical),Cuneiform Artifact CDLI Seals 018935 (physical),,P853,Q512153,Middle Hittite Period,Old Babylonian Period,Q512152,Replace live period claim with the period expected from the current live FactGrid P692 CDLI ID.,Q2170596$F4054A49-5118-4ED7-A70C-1D7B9C5EA5AD,Q2170596$553753F5-9BC8-4638-90DF-FB61071336D9,written,
ready,539801,P539801,Q2164619,CDLI Seals 018983 (physical),Cuneiform Artifact CDLI Seals 018983 (physical),,P853,Q512153,Middle Hittite Period,Old Babylonian Period,Q512152,Replace live period claim with the period expected from the current live FactGrid P692 CDLI ID.,Q2164619$2AF74F39-8B02-4B69-8EC6-E8505C77DF5F,Q2164619$71880F0F-DC9D-48AD-94C4-FCC4E7E72864,written,
ready,539895,P539895,Q2166578,CDLI Seals 019077 (physical),Cuneiform Artifact CDLI Seals 019077 (physical),,P853,Q512153,Middle Hittite Period,Old Babylonian Period,Q512152,Replace live period claim with the period expected from the current live FactGrid P692 CDLI ID.,Q2166578$A6938950-A409-4731-90FB-3ADDFFA81A93,Q2166578$F3B1D024-CCCE-4681-B880-0A2B015462EC,written,
ready,539913,P539913,Q2162723,CDLI Seals 019095 (physical),Cuneiform Artifact CDLI Seals 019095 (physical),,P853,Q512153,Middle Hittite Period,Old Babylonian Period,Q512152,Replace live period claim with the period expected from the current live FactGrid P692 CDLI ID.,Q2162723$2D9A8F49-920D-4A36-A07F-2B529F9EECC9,Q2162723$E4FBA614-3C6F-4B72-B0FC-04756E887A73,written,
ready,539944,P539944,Q2164895,CDLI Seals 019125 (physical),Cuneiform Artifact CDLI Seals 019125 (physical),,P853,Q512155,Middle Assyrian Period,Middle Babylonian Period,Q512154,Replace live period claim with the period expected from the current live FactGrid P692 CDLI ID.,Q2164895$B7FE54FE-E0BD-4EFE-ACE9-799AAF8A6DB9,Q2164895$127EEE38-F3BB-42E0-879B-180DADD7782A,written,
ready,539968,P539968,Q2047501,CDLI Seals 019149 (physical),Cuneiform Artifact CDLI Seals 019149 (physical),,P853,Q512159,Late Babylonian Period,Neo-Assyrian Period,Q512158,Replace live period claim with the period expected from the current live FactGrid P692 CDLI ID.,Q2047501$16A4E8AF-CE81-4A2C-BFE4-D15F4471FA0F,Q2047501$14218219-724C-41FD-99DC-5DF701878E50,written,
ready,539987,P539987,Q2063878,CDLI Seals 019168 (physical),Cuneiform Artifact CDLI Seals 019168 (physical),,P853,Q512159,Late Babylonian Period,Neo-Assyrian Period,Q512158,Replace live period claim with the period expected from the current live FactGrid P692 CDLI ID.,Q2063878$779E7BF2-6C9E-4E8E-AE49-87ED9981FC75,Q2063878$476839BE-5368-46CC-BEEA-87E6BAC9BD0E,written,
ready,539991,P539991,Q2169655,CDLI Seals 019172 (physical),Cuneiform Artifact CDLI Seals 019172 (physical),,P853,Q512159,Late Babylonian Period,Neo-Assyrian Period,Q512158,Replace live period claim with the period expected from the current live FactGrid P692 CDLI ID.,Q2169655$E5028E6E-3F20-4D3A-83AD-91D0A9C46C8A,Q2169655$37BCD89E-27C5-4799-A102-BC52789F6A67,written,
ready,540021,P540021,Q2164523,CDLI Seals 019202 (physical),Cuneiform Artifact CDLI Seals 019202 (physical),,P853,Q512159,Late Babylonian Period,Neo-Assyrian Period,Q512158,Replace live period claim with the period expected from the current live FactGrid P692 CDLI ID.,Q2164523$0909ED59-1C7C-4E8E-81B7-8252338E403D,Q2164523$140E4A4E-6A6E-4202-A80D-CFB51F77B630,written,
ready,540099,P540099,Q2162877,CDLI Seals 019280 (physical),Cuneiform Artifact CDLI Seals 019280 (physical),,P853,Q512159,Late Babylonian Period,Neo-Assyrian Period,Q512158,Replace live period claim with the period expected from the current live FactGrid P692 CDLI ID.,Q2162877$38875B3B-C08D-4EFF-9E58-C9AEF8E584F7,Q2162877$A388ABF7-5926-4066-951F-6E5A20001E3F,written,
ready,540133,P540133,Q2162609,CDLI Seals 019316 (physical),Cuneiform Artifact CDLI Seals 019316 (physical),,P853,Q512159,Late Babylonian Period,Neo-Assyrian Period,Q512158,Replace live period claim with the period expected from the current live FactGrid P692 CDLI ID.,Q2162609$1928000A-7CAC-4B30-A463-BE906E264399,Q2162609$F7AE1725-304F-49A1-8B74-9E6C8345089D,written,
ready,540148,P540148,Q2047359,CDLI Seals 019331 (physical),Cuneiform Artifact CDLI Seals 019331 (physical),,P853,Q512159,Late Babylonian Period,Neo-Assyrian Period,Q512158,Replace live period claim with the period expected from the current live FactGrid P692 CDLI ID.,Q2047359$6101C407-D326-486C-BC2F-D03C53A3CCBE,Q2047359$5A9E2F4B-720B-432A-8292-811C69EBE4B4,written,
ready,540164,P540164,Q2164914,CDLI Seals 019347 (physical),Cuneiform Artifact CDLI Seals 019347 (physical),,P853,Q512159,Late Babylonian Period,Neo-Assyrian Period,Q512158,Replace live period claim with the period expected from the current live FactGrid P692 CDLI ID.,Q2164914$7E458201-3991-41E1-AD2F-4825CB845B48,Q2164914$EA8519E8-2D84-4623-8ABD-63C34C5792C0,written,
ready,540236,P540236,Q2165953,CDLI Seals 019419 (physical),Cuneiform Artifact CDLI Seals 019419 (physical),,P853,Q512153,Middle Hittite Period,Old Babylonian Period,Q512152,Replace live period claim with the period expected from the current live FactGrid P692 CDLI ID.,Q2165953$E174C676-E3AF-4633-87A2-E9B878D6A8AB,Q2165953$69604E20-0F9C-473D-AFAA-4BE7AB9C0333,written,
ready,540261,P540261,Q1368244,CDLI Seals 019442 (physical),Cuneiform Artifact CDLI Seals 019442 (physical),,P853,Q512155,Middle Assyrian Period,Middle Babylonian Period,Q512154,Replace live period claim with the period expected from the current live FactGrid P692 CDLI ID.,Q1368244$E04C6478-9BC5-4A39-9160-2FCF85B12E07,Q1368244$F6BB7A9C-A08C-4F3D-85D8-60F6E4B6E85C,written,
ready,540324,P540324,Q2167864,CDLI Seals 019505 (physical),Cuneiform Artifact CDLI Seals 019505 (physical),,P853,Q512151,Old Assyrian Period,Early Old Babylonian Period,Q512150,Replace live period claim with the period expected from the current live FactGrid P692 CDLI ID.,Q2167864$9E8CD147-4BB2-40E1-A658-F10D15B4B2C5,Q2167864$4ED66DB4-7D59-4EF6-9438-36DF92E5BD99,written,
ready,540332,P540332,Q2154852,CDLI Seals 019513 (physical),Cuneiform Artifact CDLI Seals 019513 (physical),,P853,Q512156,Middle Elamite Period,Middle Assyrian Period,Q512155,Replace live period claim with the period expected from the current live FactGrid P692 CDLI ID.,Q2154852$814DBDB5-D770-4C88-BF60-63FA8DE8BEAA,Q2154852$651AA131-2F9E-4DF8-9667-370D6F226FFE,written,
ready,540534,P540534,Q2164746,CDLI Seals 019715 (physical),Cuneiform Artifact CDLI Seals 019715 (physical),,P853,Q512151,Old Assyrian Period,Early Old Babylonian Period,Q512150,Replace live period claim with the period expected from the current live FactGrid P692 CDLI ID.,Q2164746$8355ECD2-753C-4091-B8A7-E6D32C0B5F25,Q2164746$A297F65E-7446-4869-95B6-7A383A6E6996,written,
ready,540631,P540631,Q2168529,CDLI Seals 019812 (physical),Cuneiform Artifact CDLI Seals 019812 (physical),,P853,Q512149,Isin-Larsa Period,Ur III Period,Q512148,Replace live period claim with the period expected from the current live FactGrid P692 CDLI ID.,Q2168529$4A897423-432B-4718-A1F1-9DCCE2449764,Q2168529$F1FAB589-9761-4092-9E21-0CD40169CDDA,written,
ready,540666,P540666,Q2166134,"Frahm, MDOG 134, 65 (Ass.2001.D-1373)","Cuneiform Tablet Frahm, MDOG 134, 65 (Ass.2001.D-1373)",,P853,Q512156,Middle Elamite Period,Middle Assyrian Period,Q512155,Replace live period claim with the period expected from the current live FactGrid P692 CDLI ID.,Q2166134$6E0F11DB-C146-4062-BB56-1530EC85F362,Q2166134$5B31659A-4602-4912-8FBF-0C83CE8A2909,written,
ready,540689,P540689,Q2165719,"Frahm, MDOG 134, 74 (Ass.2001.D-2035)","Cuneiform Tablet Frahm, MDOG 134, 74 (Ass.2001.D-2035)",,P853,Q512156,Middle Elamite Period,Middle Assyrian Period,Q512155,Replace live period claim with the period expected from the current live FactGrid P692 CDLI ID.,Q2165719$6B1E4CF6-89DD-41FC-A6B3-AC1697689A1E,Q2165719$049CB267-0C18-4D51-8C2C-EA051B677940,written,
ready,541173,P541173,Q2151629,CDLI Seals 020276 (physical),Cuneiform Artifact CDLI Seals 020276 (physical),,P853,Q512159,Late Babylonian Period,Neo-Assyrian Period,Q512158,Replace live period claim with the period expected from the current live FactGrid P692 CDLI ID.,Q2151629$B6F6E35A-3D43-42B3-8D71-FF816E183E7A,Q2151629$6D5DF45D-4960-48C5-B0D3-3EFC51EEF25B,written,
ready,541427,P541427,Q2166253,CDLI Seals 020589 (physical),Cuneiform Artifact CDLI Seals 020589 (physical),,P853,Q512153,Middle Hittite Period,Old Babylonian Period,Q512152,Replace live period claim with the period expected from the current live FactGrid P692 CDLI ID.,Q2166253$CA610235-5890-4955-99E7-A2780DAB356A,Q2166253$8561801F-967D-4855-92F6-7962392DC7AD,written,
ready,542163,P542163,Q2169029,CDLI Seals 021322 (physical),Cuneiform Artifact CDLI Seals 021322 (physical),,P853,Q512159,Late Babylonian Period,Neo-Assyrian Period,Q512158,Replace live period claim with the period expected from the current live FactGrid P692 CDLI ID.,Q2169029$BB494C15-5B45-42FF-AF8C-D303D3CBE418,Q2169029$7A8DE92A-3F2D-4CB4-B363-D35C4807C666,written,
ready,542319,P542319,Q2167847,CDLI Seals 021478 (physical),Cuneiform Artifact CDLI Seals 021478 (physical),,P853,Q512151,Old Assyrian Period,Early Old Babylonian Period,Q512150,Replace live period claim with the period expected from the current live FactGrid P692 CDLI ID.,Q2167847$67F43EF3-8E29-4EE3-9F32-2B47E3F0D8AE,Q2167847$4FC49AC4-B8CB-4C9F-BBF7-A38D0BB82475,written,
ready,542437,P542437,Q2167394,CDLI Seals 021583 (physical),Cuneiform Artifact CDLI Seals 021583 (physical),,P853,Q512153,Middle Hittite Period,Old Babylonian Period,Q512152,Replace live period claim with the period expected from the current live FactGrid P692 CDLI ID.,Q2167394$540B520B-BF61-433C-ACA2-68B7D4A6E740,Q2167394$DB94AE15-253F-4C16-AF00-8AB61B32CA40,written,
ready,542860,P542860,Q2169288,CDLI Seals 022006 (physical),Cuneiform Artifact CDLI Seals 022006 (physical),,P853,Q512151,Old Assyrian Period,Early Old Babylonian Period,Q512150,Replace live period claim with the period expected from the current live FactGrid P692 CDLI ID.,Q2169288$D4F8F9FC-D60E-420A-AE63-F6C3015D2229,Q2169288$B4685222-BCF3-4CD4-AE65-BA1C5E576752,written,
ready,543031,P543031,Q2163464,"Iraq 70, 154 - 155, 02","Cuneiform Tablet Iraq 70, 154 - 155, 02",,P853,Q512156,Middle Elamite Period,Middle Assyrian Period,Q512155,Replace live period claim with the period expected from the current live FactGrid P692 CDLI ID.,Q2163464$CA3282A2-4920-4A2C-9BBE-8B8F05C35148,Q2163464$5D48C3CF-EBCE-4C70-83B6-7C6723AAD4D8,written,
ready,543119,P543119,Q2170335,TA 1930 T0192n,Cuneiform Artifact TA 1930 T0192n,,P853,Q512151,Old Assyrian Period,Early Old Babylonian Period,Q512150,Replace live period claim with the period expected from the current live FactGrid P692 CDLI ID.,Q2170335$84B1D633-2878-4431-9A61-D8A4E661B8A1,Q2170335$01A4189F-590F-4866-9F12-59F08E5B7C05,written,
ready,543158,P543158,Q2168029,TA 1930 T0633a,Cuneiform Artifact TA 1930 T0633a,,P853,Q512151,Old Assyrian Period,Early Old Babylonian Period,Q512150,Replace live period claim with the period expected from the current live FactGrid P692 CDLI ID.,Q2168029$1A26B1E6-EF71-49C5-A06F-2EE5C83C3BA2,Q2168029$AF513C22-D896-47CD-9D7A-DD1175B935EA,written,
ready,543174,P543174,Q2163698,TA 1930 T0669c,Cuneiform Artifact TA 1930 T0669c,,P853,Q512151,Old Assyrian Period,Early Old Babylonian Period,Q512150,Replace live period claim with the period expected from the current live FactGrid P692 CDLI ID.,Q2163698$5FCBA5AC-D7FC-4BA6-85DE-64F29CF2622D,Q2163698$EE24A641-21BF-4050-B3B7-FEF792CB584C,written,
ready,543226,P543226,Q2167104,TA 1931 T0674,Cuneiform Artifact TA 1931 T0674,,P853,Q512151,Old Assyrian Period,Early Old Babylonian Period,Q512150,Replace live period claim with the period expected from the current live FactGrid P692 CDLI ID.,Q2167104$409842B5-DC02-476F-8379-9907A8DA2D8A,Q2167104$87E3FBF1-F724-40AB-8381-FC4BF192BF53,written,
ready,543267,P543267,Q2169346,TA 1932 0727c,Cuneiform Artifact TA 1932 0727c,,P853,Q512151,Old Assyrian Period,Early Old Babylonian Period,Q512150,Replace live period claim with the period expected from the current live FactGrid P692 CDLI ID.,Q2169346$73F942D6-9474-411D-AAFD-C63EA1AD7A3D,Q2169346$EED4E507-D05D-4491-9EDD-A1900C303AFA,written,
ready,543288,P543288,Q2169240,TA 1932 0829,Cuneiform Artifact TA 1932 0829,,P853,Q512151,Old Assyrian Period,Early Old Babylonian Period,Q512150,Replace live period claim with the period expected from the current live FactGrid P692 CDLI ID.,Q2169240$C3139BE6-4094-405D-87B4-B72686A22C5D,Q2169240$43BE78B4-463E-441D-9D91-B6414F4B1D00,written,
ready,543318,P543318,Q2165070,TA 1932 1246,Cuneiform Artifact TA 1932 1246,,P853,Q512151,Old Assyrian Period,Early Old Babylonian Period,Q512150,Replace live period claim with the period expected from the current live FactGrid P692 CDLI ID.,Q2165070$52B6CA69-6D65-462F-A932-02B9F1CC8961,Q2165070$21DC71CA-74C4-44A9-9D0B-A9594A4F74B5,written,
ready,543322,P543322,Q2169133,TA 1932 1313,Cuneiform Artifact TA 1932 1313,,P853,Q512151,Old Assyrian Period,Early Old Babylonian Period,Q512150,Replace live period claim with the period expected from the current live FactGrid P692 CDLI ID.,Q2169133$EEF849BF-5E75-4209-8EC1-D3DB898489F8,Q2169133$7CAA7E79-16B2-48B4-9611-D4EECF1C2347,written,
ready,543334,P543334,Q2047064,TA 1933 0008,Cuneiform Artifact TA 1933 0008,,P853,Q512151,Old Assyrian Period,Early Old Babylonian Period,Q512150,Replace live period claim with the period expected from the current live FactGrid P692 CDLI ID.,Q2047064$AF789D34-D665-4C9A-813C-60323B118A5B,Q2047064$EA7CAACD-875E-4A7C-862A-5264B267F235,written,
ready,543363,P543363,Q2166899,TA 1934 0010a,Cuneiform Artifact TA 1934 0010a,,P853,Q512151,Old Assyrian Period,Early Old Babylonian Period,Q512150,Replace live period claim with the period expected from the current live FactGrid P692 CDLI ID.,Q2166899$81FE2B28-DD41-49E5-AF9A-957697EA3486,Q2166899$373BE31B-3292-40BB-AFFE-DCBE99F976E8,written,
ready,543461,P543461,Q2163309,LB 2740 (unpublished),Cuneiform Tablet LB 2740 (unpublished),,P853,Q512162,Persian Period,Neo-Babylonian Period,Q512161,Replace live period claim with the period expected from the current live FactGrid P692 CDLI ID.,Q2163309$111AC95F-EC27-4B65-9B28-39D7E5ABAFA9,Q2163309$9B1B2A69-6F61-4FE4-9CB6-CF9CC3D02B3F,written,
ready,543508,P543508,Q2168166,LB 1608 (unpublished),Cuneiform Tablet LB 1608 (unpublished),,P853,Q512162,Persian Period,Neo-Babylonian Period,Q512161,Replace live period claim with the period expected from the current live FactGrid P692 CDLI ID.,Q2168166$587CAAF9-5EC6-4D78-BD44-DE4CF755B86F,Q2168166$F09ACF82-FC78-4501-8F1E-DB97910FC88E,written,
ready,543524,P543524,Q2163542,LB 2564 (unpublished),Cuneiform Tablet LB 2564 (unpublished),,P853,Q512162,Persian Period,Neo-Babylonian Period,Q512161,Replace live period claim with the period expected from the current live FactGrid P692 CDLI ID.,Q2163542$D80B1658-6176-4384-A399-40F1D69F41DD,Q2163542$4CDFE700-BD5F-4FA9-A3EE-A3FD1FC88414,written,
ready,543549,P543549,Q2170492,LB 1556 (unpublished),Cuneiform Tablet LB 1556 (unpublished),,P853,Q512162,Persian Period,Neo-Babylonian Period,Q512161,Replace live period claim with the period expected from the current live FactGrid P692 CDLI ID.,Q2170492$3D687789-317C-4EAA-8073-9533E6429873,Q2170492$6001FCCA-1A29-410D-ABC9-72CF826383E4,written,
ready,543699,P543699,Q2166775,LB 1692 (unpublished),Cuneiform Tablet LB 1692 (unpublished),,P853,Q512162,Persian Period,Neo-Babylonian Period,Q512161,Replace live period claim with the period expected from the current live FactGrid P692 CDLI ID.,Q2166775$74B4CB8E-17F4-46B6-8DF3-C702D899054F,Q2166775$3E03110D-B014-4F42-998D-503E76031929,written,
ready,543733,P543733,Q2167017,LB 1805 (unpublished),Cuneiform Tablet LB 1805 (unpublished),,P853,Q512162,Persian Period,Neo-Babylonian Period,Q512161,Replace live period claim with the period expected from the current live FactGrid P692 CDLI ID.,Q2167017$6AAB2A03-3E9E-47FD-9CEC-E22BAB4D7477,Q2167017$4DDD140D-F33C-4D00-92D9-827E50367B16,written,
ready,543748,P543748,Q2165204,LB 1570 (unpublished),Cuneiform Tablet LB 1570 (unpublished),,P853,Q512162,Persian Period,Neo-Babylonian Period,Q512161,Replace live period claim with the period expected from the current live FactGrid P692 CDLI ID.,Q2165204$8E44EF41-750F-4CEC-BA6C-8A96FE6CEFB0,Q2165204$4C003DAB-6484-4708-8644-34B5B619929C,written,
ready,543764,P543764,Q2020387,LB 1753 (unpublished),Cuneiform Tablet LB 1753 (unpublished),,P853,Q512162,Persian Period,Neo-Babylonian Period,Q512161,Replace live period claim with the period expected from the current live FactGrid P692 CDLI ID.,Q2020387$9DBC94D4-2CFC-47DF-AA41-9F705D7A1744,Q2020387$21A4A502-6476-4E08-B6FF-DFD3A33AD0A3,written,
ready,543772,P543772,Q2169295,LB 2552 (unpublished),Cuneiform Tablet LB 2552 (unpublished),,P853,Q512162,Persian Period,Neo-Babylonian Period,Q512161,Replace live period claim with the period expected from the current live FactGrid P692 CDLI ID.,Q2169295$5F49D172-C97B-4064-ABCD-9534A2BC6AE9,Q2169295$872BF803-D634-4ABD-9F40-0EDB142EE3D8,written,
ready,543877,P543877,Q2163959,LB 1152h (unpublished),Cuneiform Artifact LB 1152h (unpublished),,P853,Q512152,Old Babylonian Period,Old Assyrian Period,Q512151,Replace live period claim with the period expected from the current live FactGrid P692 CDLI ID.,Q2163959$B91C93D5-4969-4DFE-94F1-F67E6438ADD5,Q2163959$0A043A29-BEA0-429F-A2FF-332E1E8D5406,written,
ready,543898,P543898,Q2162910,LB 1729 (unpublished),Cuneiform Tablet LB 1729 (unpublished),,P853,Q512162,Persian Period,Neo-Babylonian Period,Q512161,Replace live period claim with the period expected from the current live FactGrid P692 CDLI ID.,Q2162910$7825A8F4-570A-4EFA-A8E9-20EE1339D881,Q2162910$3CAF87CF-F497-475E-9C52-B83BAF525C50,written,
ready,543932,P543932,Q2163158,LB 1802 (unpublished),Cuneiform Tablet LB 1802 (unpublished),,P853,Q512162,Persian Period,Neo-Babylonian Period,Q512161,Replace live period claim with the period expected from the current live FactGrid P692 CDLI ID.,Q2163158$463341B4-28FD-4D61-9F72-680F7688D9A7,Q2163158$FF858D08-85A2-457B-ABEF-B7E4A453F87E,written,
ready,543949,P543949,Q2166106,LB 2002 (unpublished),Cuneiform Tablet LB 2002 (unpublished),,P853,Q512153,Middle Hittite Period,Old Babylonian Period,Q512152,Replace live period claim with the period expected from the current live FactGrid P692 CDLI ID.,Q2166106$E190656B-D193-42D9-8780-2E2A99063712,Q2166106$69E8485F-FF77-4C06-92F0-E8B345731E3E,written,
ready,544019,P544019,Q2167126,LB 2583 (unpublished),Cuneiform Tablet LB 2583 (unpublished),,P853,Q512162,Persian Period,Neo-Babylonian Period,Q512161,Replace live period claim with the period expected from the current live FactGrid P692 CDLI ID.,Q2167126$191DC462-7FAE-40D2-9C3C-008EA71B12D4,Q2167126$5F07A8CF-8BB4-4625-94C2-2CB5CE75634D,written,
ready,544035,P544035,Q2162236,LB 2598/2 (unpublished),Cuneiform Tablet LB 2598/2 (unpublished),,P853,Q512153,Middle Hittite Period,Old Babylonian Period,Q512152,Replace live period claim with the period expected from the current live FactGrid P692 CDLI ID.,Q2162236$09871195-7F6E-45C3-9D55-26B0D42E81BF,Q2162236$91D3AD4F-74D0-40B5-8294-D97DADDB7D6E,written,
ready,544058,P544058,Q2169476,LB 2623 (unpublished),Cuneiform Tablet LB 2623 (unpublished),,P853,Q512162,Persian Period,Neo-Babylonian Period,Q512161,Replace live period claim with the period expected from the current live FactGrid P692 CDLI ID.,Q2169476$AB8EC98B-9694-42E0-AD98-ADE7B23C7EE4,Q2169476$82DAD9DC-AC40-45E3-910D-684ADED6E265,written,
ready,544062,P544062,Q2164175,LB 2630 (unpublished),Cuneiform Artifact LB 2630 (unpublished),,P853,Q512153,Middle Hittite Period,Old Babylonian Period,Q512152,Replace live period claim with the period expected from the current live FactGrid P692 CDLI ID.,Q2164175$D4CE5738-C04B-4524-A413-715971FE6B17,Q2164175$23E01645-A133-4FE0-AE3F-7CDBEAE98E43,written,
ready,544170,P544170,Q2162576,LB 2700/3 (unpublished),Cuneiform Artifact LB 2700/3 (unpublished),,P853,Q512153,Middle Hittite Period,Old Babylonian Period,Q512152,Replace live period claim with the period expected from the current live FactGrid P692 CDLI ID.,Q2162576$583E15CE-1591-4D5C-95C4-F91C84033BF7,Q2162576$5D410903-E7FE-43B6-BECC-2371F1853729,written,
ready,544222,P544222,Q2168333,LB 2765 (unpublished),Cuneiform Tablet LB 2765 (unpublished),,P853,Q512162,Persian Period,Neo-Babylonian Period,Q512161,Replace live period claim with the period expected from the current live FactGrid P692 CDLI ID.,Q2168333$87C8513D-EA8E-4FE7-8BD1-796D85557EC8,Q2168333$FB347206-DFB9-49C0-A7BA-5CBAFF6DBB5E,written,
ready,544234,P544234,Q2168125,LB 2774/1 (unpublished),Cuneiform Tablet LB 2774/1 (unpublished),,P853,Q512146,Lagash II Period,Neo-Babylonian Period,Q512161,Replace live period claim with the period expected from the current live FactGrid P692 CDLI ID.,Q2168125$D17C4C15-9C43-4E26-8F13-FFCFEF7F509B,Q2168125$9EBCB61D-F990-4B64-817A-C36F15BDD4B6,written,
ready,544263,P544263,Q2170603,LB 5025 (unpublished),Cuneiform Tablet LB 5025 (unpublished),,P853,Q512162,Persian Period,Neo-Babylonian Period,Q512161,Replace live period claim with the period expected from the current live FactGrid P692 CDLI ID.,Q2170603$03D8E656-8693-4864-9F89-1421D4752A82,Q2170603$D170F76A-BE24-4CAF-A494-D3FDC5886B70,written,
ready,544275,P544275,Q2166370,LB 5042 (unpublished),Cuneiform Tablet LB 5042 (unpublished),,P853,Q512162,Persian Period,Neo-Babylonian Period,Q512161,Replace live period claim with the period expected from the current live FactGrid P692 CDLI ID.,Q2166370$BD1E0EE0-5249-4D5C-BCA9-2B5D1BD93CEC,Q2166370$7A0D186B-2E8F-45C5-90C8-D77EF3291138,written,
ready,544326,P544326,Q2170247,LB 5104 (unpublished),Cuneiform Tablet LB 5104 (unpublished),,P853,Q512162,Persian Period,Neo-Babylonian Period,Q512161,Replace live period claim with the period expected from the current live FactGrid P692 CDLI ID.,Q2170247$D354A85C-70F1-4D9C-92EE-52E70BFE1D9F,Q2170247$58F10602-718D-435B-ACDE-7876251510F2,written,
ready,544330,P544330,Q2165550,LB 5110 (unpublished),Cuneiform Tablet LB 5110 (unpublished),,P853,Q512162,Persian Period,Neo-Babylonian Period,Q512161,Replace live period claim with the period expected from the current live FactGrid P692 CDLI ID.,Q2165550$F5795F54-E9B7-436C-994C-5574BC4AF31A,Q2165550$CB6CB84D-4516-4FEF-9EA0-A146BB22EC76,written,
ready,544367,P544367,Q2167971,LB 5155 (unpublished),Cuneiform Tablet LB 5155 (unpublished),,P853,Q512162,Persian Period,Neo-Babylonian Period,Q512161,Replace live period claim with the period expected from the current live FactGrid P692 CDLI ID.,Q2167971$891D1878-6A6C-4593-8AF3-81C7A81737E4,Q2167971$771F12A2-7810-494B-8277-4CABF682507B,written,
ready,544371,P544371,Q2152812,LB 5159 (unpublished),Cuneiform Tablet LB 5159 (unpublished),,P853,Q512162,Persian Period,Neo-Babylonian Period,Q512161,Replace live period claim with the period expected from the current live FactGrid P692 CDLI ID.,Q2152812$F855972A-449A-40DB-9219-E85E950D75BE,Q2152812$E7B4319C-D0BE-4969-B096-22ECEC7DA7AD,written,
ready,544388,P544388,Q2168368,LB 5190 (unpublished),Cuneiform Tablet LB 5190 (unpublished),,P853,Q512154,Middle Babylonian Period,Middle Hittite Period,Q512153,Replace live period claim with the period expected from the current live FactGrid P692 CDLI ID.,Q2168368$546F683F-9BEB-453E-BED0-613D4A301FB2,Q2168368$47B35DF6-9B54-44CC-858E-8CD39829EBE8,written,
ready,544432,P544432,Q2164348,TA 1935 T0047,Cuneiform Tablet TA 1935 T0047,,P853,Q512151,Old Assyrian Period,Early Old Babylonian Period,Q512150,Replace live period claim with the period expected from the current live FactGrid P692 CDLI ID.,Q2164348$D1F2AAA5-9D95-4098-9D56-DBA7432082E1,Q2164348$2D918505-F603-49EE-8750-9EA3AC8882EB,written,
ready,544449,P544449,Q2167289,TA 1935 T0089,Cuneiform Tablet TA 1935 T0089,,P853,Q512151,Old Assyrian Period,Early Old Babylonian Period,Q512150,Replace live period claim with the period expected from the current live FactGrid P692 CDLI ID.,Q2167289$78300A86-5C8E-42CE-BB77-6A3F3E21DFF7,Q2167289$C771C77D-F950-4156-9FC0-D7E53F6CFFA1,written,
ready,544465,P544465,Q2162111,TA 1930 T0227b,Cuneiform Artifact TA 1930 T0227b,,P853,Q512151,Old Assyrian Period,Early Old Babylonian Period,Q512150,Replace live period claim with the period expected from the current live FactGrid P692 CDLI ID.,Q2162111$D65FFD80-E977-46A6-8C5B-5A9FAA1A005E,Q2162111$8C0FDB6E-56C4-4505-A447-F5E8DD5BBAD6,written,
ready,544625,P544625,Q2166233,TA 1931 T0220,Cuneiform Tablet TA 1931 T0220,,P853,Q512149,Isin-Larsa Period,Ur III Period,Q512148,Replace live period claim with the period expected from the current live FactGrid P692 CDLI ID.,Q2166233$352E3733-F80E-47B3-80AA-2D3475BFBC00,Q2166233$227C4842-0ACE-4666-AC6D-C524BF1D164A,written,
ready,544776,P544776,Q2170377,CDLI Seals 022427 (physical),Cuneiform Artifact CDLI Seals 022427 (physical),,P853,Q512153,Middle Hittite Period,Old Babylonian Period,Q512152,Replace live period claim with the period expected from the current live FactGrid P692 CDLI ID.,Q2170377$FA1B3B3D-3FFE-4C82-82DD-4A6C8AD06D17,Q2170377$D605D0C3-38FB-4041-BEF7-F78E9A1EA453,written,
ready,544799,P544799,Q2170540,CDLI Seals 022446 (physical),Cuneiform Artifact CDLI Seals 022446 (physical),,P853,Q512155,Middle Assyrian Period,Middle Babylonian Period,Q512154,Replace live period claim with the period expected from the current live FactGrid P692 CDLI ID.,Q2170540$9584D6A6-CE56-451D-8434-DE5A312AE19F,Q2170540$7C068EB6-F672-439F-98ED-E5E995793138,written,
ready,544808,P544808,Q2047851,CDLI Seals 022455 (physical),Cuneiform Artifact CDLI Seals 022455 (physical),,P853,Q512155,Middle Assyrian Period,Middle Babylonian Period,Q512154,Replace live period claim with the period expected from the current live FactGrid P692 CDLI ID.,Q2047851$9449EBD3-4BE7-4282-B7E0-4ECEEA2289A9,Q2047851$B6DD1D34-A8C9-42B0-BBA3-E16D8FC5BD2B,written,
ready,544824,P544824,Q2164720,CDLI Seals 022472 (physical),Cuneiform Artifact CDLI Seals 022472 (physical),,P853,Q512155,Middle Assyrian Period,Middle Babylonian Period,Q512154,Replace live period claim with the period expected from the current live FactGrid P692 CDLI ID.,Q2164720$C2B03B72-EB5C-4CB4-9A9E-5A5A7EC0B33A,Q2164720$1204D30A-003F-472A-97AC-FBC3F06E8B9C,written,
ready,544873,P544873,Q2162892,CDLI Seals 022521 (physical),Cuneiform Artifact CDLI Seals 022521 (physical),,P853,Q512152,Old Babylonian Period,Old Assyrian Period,Q512151,Replace live period claim with the period expected from the current live FactGrid P692 CDLI ID.,Q2162892$3BEB7687-E155-47F4-9CB7-A0F82133981C,Q2162892$DDBB4EE0-A72A-47EC-A938-2FCDFE8DE153,written,
ready,544961,P544961,Q2164496,CDLI seals 022609 (physical),Cuneiform Artifact CDLI seals 022609 (physical),,P853,Q512156,Middle Elamite Period,Middle Assyrian Period,Q512155,Replace live period claim with the period expected from the current live FactGrid P692 CDLI ID.,Q2164496$7CCAA153-8323-4FCE-B346-03E3A5EBC25D,Q2164496$C11A67D3-356E-43EA-A997-2D5EA1F055B0,written,
ready,545063,P545063,Q2016882,CDLI Seals 022711 (physical),Cuneiform Artifact CDLI Seals 022711 (physical),,P853,Q512152,Old Babylonian Period,Old Assyrian Period,Q512151,Replace live period claim with the period expected from the current live FactGrid P692 CDLI ID.,Q2016882$26488F6E-AADD-45EC-AFB3-E4F666493876,Q2016882$CBAA5A6E-9DE7-430F-AC38-B4D3FBC4A0DF,written,
ready,545075,P545075,Q2159568,CDLI Seals 022723 (physical),Cuneiform Artifact CDLI Seals 022723 (physical),,P853,Q512152,Old Babylonian Period,Old Assyrian Period,Q512151,Replace live period claim with the period expected from the current live FactGrid P692 CDLI ID.,Q2159568$F72D1B6E-98CC-4247-908E-2B67F29DB202,Q2159568$8D96E20D-087A-443F-A19E-4ECD8BAEE74F,written,
ready,545167,P545167,Q2170095,CDLI Seals 022815 (physical),Cuneiform Artifact CDLI Seals 022815 (physical),,P853,Q512153,Middle Hittite Period,Old Babylonian Period,Q512152,Replace live period claim with the period expected from the current live FactGrid P692 CDLI ID.,Q2170095$8C01AB3A-C4D5-4B89-AE89-B8A57D85ECC0,Q2170095$AE0C0775-A7C0-4BAB-B3AA-08CFF77FA761,written,
ready,545219,P545219,Q2169917,CDLI Seals 022867 (physical),Cuneiform Artifact CDLI Seals 022867 (physical),,P853,Q512153,Middle Hittite Period,Old Babylonian Period,Q512152,Replace live period claim with the period expected from the current live FactGrid P692 CDLI ID.,Q2169917$3AA62D39-372E-4BEC-BD83-7AF6E48CC0E8,Q2169917$22E36187-87F1-4EA4-BFDB-89732005100C,written,
ready,545223,P545223,Q2164639,CDLI Seals 022871 (physical),Cuneiform Artifact CDLI Seals 022871 (physical),,P853,Q512153,Middle Hittite Period,Old Babylonian Period,Q512152,Replace live period claim with the period expected from the current live FactGrid P692 CDLI ID.,Q2164639$A045EFFB-64CD-4FC4-B868-941D1DD5ACBA,Q2164639$6A657A49-B302-4104-BEB0-79B89BCBC052,written,
ready,545331,P545331,Q2162750,CDLI Seals 022979 (physical),Cuneiform Artifact CDLI Seals 022979 (physical),,P853,Q512159,Late Babylonian Period,Neo-Assyrian Period,Q512158,Replace live period claim with the period expected from the current live FactGrid P692 CDLI ID.,Q2162750$BADA7CE4-1B0E-471B-8242-F7CB7B525BA6,Q2162750$FCA64483-B44C-4C0C-8BA8-21B4CD927DE3,written,
ready,545366,P545366,Q2164898,CDLI Seals 023014 (physical),Cuneiform Artifact CDLI Seals 023014 (physical),,P853,Q512162,Persian Period,Neo-Babylonian Period,Q512161,Replace live period claim with the period expected from the current live FactGrid P692 CDLI ID.,Q2164898$ED1E4864-52D8-441B-83F3-434D9C248574,Q2164898$157DC8EE-35D9-490A-AA68-6FA68A030AE0,written,
ready,545389,P545389,Q2164384,"KAM 10, 46","Cuneiform Tablet KAM 10, 46",,P853,Q512156,Middle Elamite Period,Middle Assyrian Period,Q512155,Replace live period claim with the period expected from the current live FactGrid P692 CDLI ID.,Q2164384$E73C92E7-9D18-4675-9E9E-CC6D8333140B,Q2164384$DD298FBA-9A86-4E40-8B69-22B0B0E3562A,written,
ready,545464,P545464,Q2166071,CDLI Seals 023093 (physical),Cuneiform Artifact CDLI Seals 023093 (physical),,P853,Q512151,Old Assyrian Period,Early Old Babylonian Period,Q512150,Replace live period claim with the period expected from the current live FactGrid P692 CDLI ID.,Q2166071$A1AE5179-924E-4788-ADFE-C60593E53D8B,Q2166071$45B05125-8CFA-4A35-A765-74AD4FB7B516,written,
ready,545761,P545761,Q2162886,CDLI Seals 023393 (physical),Cuneiform Artifact CDLI Seals 023393 (physical),,P853,Q512153,Middle Hittite Period,Old Babylonian Period,Q512152,Replace live period claim with the period expected from the current live FactGrid P692 CDLI ID.,Q2162886$1CD185B5-B606-41A3-A7B3-58B376C6B8D3,Q2162886$BA2D4FA1-3C06-4247-A429-395B6FCFAEE3,written,
ready,545960,P545960,Q2168476,CDLI Seals 023631 (physical),Cuneiform Artifact CDLI Seals 023631 (physical),,P853,Q512151,Old Assyrian Period,Early Old Babylonian Period,Q512150,Replace live period claim with the period expected from the current live FactGrid P692 CDLI ID.,Q2168476$BF724E93-9EF6-417E-9B33-0869563662D7,Q2168476$A3458732-6C49-44FC-973B-C4993F6E5537,written,
ready,546024,P546024,Q2167110,CDLI Seals 023695 (physical),Cuneiform Artifact CDLI Seals 023695 (physical),,P853,Q512153,Middle Hittite Period,Old Babylonian Period,Q512152,Replace live period claim with the period expected from the current live FactGrid P692 CDLI ID.,Q2167110$A2BE5535-7E7F-465F-A53E-6436F9AABBAA,Q2167110$16E87C3B-5F8B-4AFF-B926-4C732F7403C0,written,
ready,546161,P546161,Q2166774,CDLI Seals 023832 (physical),Cuneiform Artifact CDLI Seals 023832 (physical),,P853,Q512151,Old Assyrian Period,Early Old Babylonian Period,Q512150,Replace live period claim with the period expected from the current live FactGrid P692 CDLI ID.,Q2166774$20D8B780-7A3C-4AE1-8CF0-B303D5B3366D,Q2166774$65E3CDAC-1DD5-4D27-B508-31FEFABEAE31,written,
ready,546248,P546248,Q2166377,CDLI Seals 023885 (physical),Cuneiform Artifact CDLI Seals 023885 (physical),,P853,Q512159,Late Babylonian Period,Neo-Assyrian Period,Q512158,Replace live period claim with the period expected from the current live FactGrid P692 CDLI ID.,Q2166377$C4A270BE-00E2-4B72-A55B-E13E16A7ABBD,Q2166377$F9758D0E-DCAE-45B5-BB75-544A80FD1FC7,written,
ready,546659,P546659,Q2164989,CDLI Seals 024136 (physical),Cuneiform Artifact CDLI Seals 024136 (physical),,P853,Q512148,Ur III Period,Uruk III Period,Q512134,Replace live period claim with the period expected from the current live FactGrid P692 CDLI ID.,Q2164989$90A4F42C-358C-4D9B-8B89-0CD3723AE561,Q2164989$FF80A246-3AD6-4F18-AF97-1C56B20BC416,written,
ready,546823,P546823,Q2168811,"RINBE 1/1, Nebuchadnezzar  II 013 ex. 18","Cuneiform Artifact RINBE 1/1, Nebuchadnezzar  II 013 ex. 18",,P853,Q512162,Persian Period,Neo-Babylonian Period,Q512161,Replace live period claim with the period expected from the current live FactGrid P692 CDLI ID.,Q2168811$D0AEE7E8-6893-4AFE-AC0A-6959A57BB6C0,Q2168811$8903EDD3-260D-49E9-A9CB-F8DF7C424F86,written,
ready,546966,P546966,Q2169763,"KAL 17, 17","Cuneiform Tablet KAL 17, 17",,P853,Q512156,Middle Elamite Period,Middle Assyrian Period,Q512155,Replace live period claim with the period expected from the current live FactGrid P692 CDLI ID.,Q2169763$D6EB769D-E88D-45D7-9553-A9070435A3B2,Q2169763$37DCB94C-7ED9-4E53-A50A-C6B7EF44FF00,written,
ready,547859,P547859,Q2170392,CDLI Seals 025280 (physical),Cuneiform Artifact CDLI Seals 025280 (physical),,P853,Q512153,Middle Hittite Period,Old Babylonian Period,Q512152,Replace live period claim with the period expected from the current live FactGrid P692 CDLI ID.,Q2170392$F2412591-3224-4EE5-BDDB-5DDEB74BAD6D,Q2170392$3C892B65-B982-45BB-8D77-61D746B11F03,written,
ready,548104,P548104,Q2164817,CDLI Seals 025499 (physical),Cuneiform Artifact CDLI Seals 025499 (physical),,P853,Q512156,Middle Elamite Period,Middle Assyrian Period,Q512155,Replace live period claim with the period expected from the current live FactGrid P692 CDLI ID.,Q2164817$E99FDBA0-EC5D-4D0D-954F-7AC4869B6538,Q2164817$8F284116-A79B-4AF9-AAFE-2C40539F0CA5,written,
ready,548128,P548128,Q2047660,"RIME 3/1.01.07.037, ex. Add1511","Cuneiform Artifact RIME 3/1.01.07.037, ex. Add1511",,P853,Q512147,Harappan Period,Lagash II Period,Q512146,Replace live period claim with the period expected from the current live FactGrid P692 CDLI ID.,Q2047660$2E6A76CF-D37D-44A6-B549-368F61AE11BB,Q2047660$83B222F3-E31B-472A-B087-4771642FE87E,written,
ready,548939,P548939,Q2167074,"GS Black, 159 IM 142074","Cuneiform Tablet GS Black, 159 IM 142074",,P853,Q512153,Middle Hittite Period,Old Babylonian Period,Q512152,Replace live period claim with the period expected from the current live FactGrid P692 CDLI ID.,Q2167074$0CDE17D4-2FD6-4F22-AE90-C4DD83BC2C43,Q2167074$20D79F13-99AC-4019-B24C-1C688D4CAD18,written,
ready,548942,P548942,Q2164123,"GS Black, 157 IM 090884","Cuneiform Tablet GS Black, 157 IM 090884",,P853,Q512153,Middle Hittite Period,Old Babylonian Period,Q512152,Replace live period claim with the period expected from the current live FactGrid P692 CDLI ID.,Q2164123$3755E32E-1B7E-41BE-9398-69C0A03BF61C,Q2164123$EEBBFEBE-B419-4D93-9E72-7477FF25E2DB,written,
ready,549345,P549345,Q2165268,CDLI Seals 026587 (physical),Cuneiform Artifact CDLI Seals 026587 (physical),,P853,Q512153,Middle Hittite Period,Old Babylonian Period,Q512152,Replace live period claim with the period expected from the current live FactGrid P692 CDLI ID.,Q2165268$B57007CA-DE7A-42B8-B8FB-F622DBBAC5D1,Q2165268$C114DAE5-7295-4142-82D6-351FFBEAC587,written,
ready,549369,P549369,Q2019250,CDLI Seals 026611 (physical),Cuneiform Artifact CDLI Seals 026611 (physical),,P853,Q512159,Late Babylonian Period,Neo-Assyrian Period,Q512158,Replace live period claim with the period expected from the current live FactGrid P692 CDLI ID.,Q2019250$90C5B342-83C2-4FA5-A76C-2BD909DCB5BA,Q2019250$F992A98C-A80A-4346-8791-D36D60C0C89C,written,
ready,549386,P549386,Q2146822,CDLI Seals 026628 (physical),Cuneiform Artifact CDLI Seals 026628 (physical),,P853,Q512162,Persian Period,Neo-Babylonian Period,Q512161,Replace live period claim with the period expected from the current live FactGrid P692 CDLI ID.,Q2146822$9E12300C-C2CC-412D-A4B2-3127AF06A322,Q2146822$16E8DC33-6DF7-4B02-B739-0F33D53D51A7,written,
ready,549390,P549390,Q2169427,CDLI Seals 026632 (physical),Cuneiform Artifact CDLI Seals 026632 (physical),,P853,Q512162,Persian Period,Neo-Babylonian Period,Q512161,Replace live period claim with the period expected from the current live FactGrid P692 CDLI ID.,Q2169427$895F1FFA-6B7F-43D3-81D6-2B641636A091,Q2169427$C70516E4-2F35-4E77-BD7C-A8B9B2355BED,written,
ready,549555,P549555,Q2168049,CDLI Seals 026797 (physical),Cuneiform Artifact CDLI Seals 026797 (physical),,P853,Q512159,Late Babylonian Period,Neo-Assyrian Period,Q512158,Replace live period claim with the period expected from the current live FactGrid P692 CDLI ID.,Q2168049$0982AA9B-6A3A-4827-9461-24DF65714428,Q2168049$6DF92882-C814-4E13-90AF-6C7D375C5181,written,
ready,549579,P549579,Q2163649,Ashm 1950-0242,Cuneiform Artifact Ashm 1950-0242,,P853,Q512162,Persian Period,Neo-Babylonian Period,Q512161,Replace live period claim with the period expected from the current live FactGrid P692 CDLI ID.,Q2163649$1DDAD4C5-6926-414D-82F3-C544B335950E,Q2163649$2B0306B9-E2CD-40CF-85EB-8D225AC23721,written,
ready,549607,P549607,Q2162298,"RA 111, 92-94","Cuneiform Tablet RA 111, 92-94",,P853,Q512155,Middle Assyrian Period,Middle Babylonian Period,Q512154,Replace live period claim with the period expected from the current live FactGrid P692 CDLI ID.,Q2162298$8A6E69D6-BBB4-41BE-B36B-1AC0D72F1AC9,Q2162298$9271FA9D-4B75-494B-BFF8-1B6E770BCD89,written,
ready,549685,P549685,Q2169209,"Sumer 09, 25 28","Cuneiform Tablet Sumer 09, 25 28",,P853,Q512155,Middle Assyrian Period,Middle Babylonian Period,Q512154,Replace live period claim with the period expected from the current live FactGrid P692 CDLI ID.,Q2169209$19F59751-FE44-4221-B4DF-E87B546AC917,Q2169209$0C9532CD-1FBC-4724-BF3C-4585B0FA6616,written,
ready,549693,P549693,Q2025663,"Iraq 11, 149 14","Cuneiform Tablet Iraq 11, 149 14",,P853,Q512155,Middle Assyrian Period,Middle Babylonian Period,Q512154,Replace live period claim with the period expected from the current live FactGrid P692 CDLI ID.,Q2025663$9A759631-6821-4321-9065-CE996D93F681,Q2025663$31BE779B-F305-48EC-9353-27D14B235B6D,written,
ready,550021,P550021,Q2164320,"BagM 13, 106-107 no. 34","Cuneiform Tablet BagM 13, 106-107 no. 34",,P853,Q512155,Middle Assyrian Period,Middle Babylonian Period,Q512154,Replace live period claim with the period expected from the current live FactGrid P692 CDLI ID.,Q2164320$B1D4AB33-30B7-49D1-8EFD-E39E3146378E,Q2164320$E2C5CF2D-A045-48F3-BD36-E7ED52C2A22B,written,
ready,550076,P550076,Q2162062,"UAVA 12, 326-327","Cuneiform Tablet UAVA 12, 326-327",,P853,Q512155,Middle Assyrian Period,Middle Babylonian Period,Q512154,Replace live period claim with the period expected from the current live FactGrid P692 CDLI ID.,Q2162062$D197AECE-AD8D-4F99-91F6-86AC1E88BE92,Q2162062$885ACEB6-D464-48CC-BBC6-29F58F046BF2,written,
ready,550099,P550099,Q2162532,"UAVA 12, 364-367","Cuneiform Tablet UAVA 12, 364-367",,P853,Q512155,Middle Assyrian Period,Middle Babylonian Period,Q512154,Replace live period claim with the period expected from the current live FactGrid P692 CDLI ID.,Q2162532$BCA34EAA-2B52-49F5-A00F-C7EF0663EBE2,Q2162532$046B96F4-E94A-430A-A52B-34695DEEBB19,written,
ready,550133,P550133,Q2162432,Bab 36657c,Cuneiform Tablet Bab 36657c,,P853,Q512155,Middle Assyrian Period,Middle Babylonian Period,Q512154,Replace live period claim with the period expected from the current live FactGrid P692 CDLI ID.,Q2162432$DF6064C7-417A-4833-8366-86C7C74B4B25,Q2162432$DC227D37-A164-41C4-9D0F-930A71A51818,written,
ready,550148,P550148,Q2030167,Bab 36669,Cuneiform Tablet Bab 36669,,P853,Q512155,Middle Assyrian Period,Middle Babylonian Period,Q512154,Replace live period claim with the period expected from the current live FactGrid P692 CDLI ID.,Q2030167$249C623E-C7D1-45F1-9A54-1F1B05F393AD,Q2030167$5AE613DD-DC38-412B-B4EF-6EA84664169C,written,
ready,550164,P550164,Q2165153,Bab 39063,Cuneiform Tablet Bab 39063,,P853,Q512155,Middle Assyrian Period,Middle Babylonian Period,Q512154,Replace live period claim with the period expected from the current live FactGrid P692 CDLI ID.,Q2165153$494AD3FF-43E2-4FD1-9FE8-46ECD6254959,Q2165153$E6BA8E0B-41EA-45C9-B878-2239F119113C,written,
ready,550365,P550365,Q2170415,CDLI Seals 026822 (physical),Cuneiform Artifact CDLI Seals 026822 (physical),,P853,Q512155,Middle Assyrian Period,Middle Babylonian Period,Q512154,Replace live period claim with the period expected from the current live FactGrid P692 CDLI ID.,Q2170415$50BBB329-F2FE-4008-BB8A-C396BDEA205B,Q2170415$3B62B77F-57F0-4F6D-918C-B5C7B51DD029,written,
ready,550373,P550373,Q2165373,Failaka 1984-1988 50,Cuneiform Tablet Failaka 1984-1988 50,,P853,Q512155,Middle Assyrian Period,Middle Babylonian Period,Q512154,Replace live period claim with the period expected from the current live FactGrid P692 CDLI ID.,Q2165373$08300F57-F52E-489E-84D8-6255A939322A,Q2165373$4D2655B7-A0E8-407B-8AE4-BDE9DB14FDC3,written,
ready,550426,P550426,Q2162189,BM 104294,Cuneiform Tablet BM 104294,,P853,Q512153,Middle Hittite Period,Old Babylonian Period,Q512152,Replace live period claim with the period expected from the current live FactGrid P692 CDLI ID.,Q2162189$8BAA2D08-FAF9-4F55-93C8-565DC8B4031D,Q2162189$CCC868B2-F688-4B59-B682-4635C0F0A469,written,
ready,550471,P550471,Q2164154,Ashm 2010-0054,Cuneiform Tablet Ashm 2010-0054,,P853,Q512149,Isin-Larsa Period,Ur III Period,Q512148,Replace live period claim with the period expected from the current live FactGrid P692 CDLI ID.,Q2164154$6D1CB265-A2FF-4067-8800-9391B63692F2,Q2164154$F34E75B7-DC72-4DE0-B554-89AC759442F2,written,
ready,550563,P550563,Q2162546,"OLA 233, no. 001","Cuneiform Tablet OLA 233, no. 001",,P853,Q512162,Persian Period,Neo-Babylonian Period,Q512161,Replace live period claim with the period expected from the current live FactGrid P692 CDLI ID.,Q2162546$C8336F3E-671E-426D-8C39-B941267CC55B,Q2162546$6AE15661-BD38-4C6E-A3D0-64E364873ED8,written,
ready,550774,P550774,Q2167939,Nbk. 029,Cuneiform Tablet Nbk. 029,,P853,Q512162,Persian Period,Neo-Babylonian Period,Q512161,Replace live period claim with the period expected from the current live FactGrid P692 CDLI ID.,Q2167939$181E3687-7B10-4DF5-A81F-57F54BAA1FCC,Q2167939$43AEFE37-C17C-4B86-B6CF-A2F35961C766,written,
ready,550830,P550830,Q2162697,Nbk. 097,Cuneiform Tablet Nbk. 097,,P853,Q512162,Persian Period,Neo-Babylonian Period,Q512161,Replace live period claim with the period expected from the current live FactGrid P692 CDLI ID.,Q2162697$7E0CF33E-3623-4467-B97A-6796B22A148F,Q2162697$21B42FFA-E955-4514-B707-013FFD162A46,written,
ready,550867,P550867,Q2164840,Nbk. 147,Cuneiform Tablet Nbk. 147,,P853,Q512162,Persian Period,Neo-Babylonian Period,Q512161,Replace live period claim with the period expected from the current live FactGrid P692 CDLI ID.,Q2164840$D8F75BCB-A5CE-4FFA-92F4-AB112C193B45,Q2164840$69EE5D02-8ED6-4BF4-BA02-B177A35242BF,written,
ready,550888,P550888,Q2164407,Nbk. 174,Cuneiform Tablet Nbk. 174,,P853,Q512162,Persian Period,Neo-Babylonian Period,Q512161,Replace live period claim with the period expected from the current live FactGrid P692 CDLI ID.,Q2164407$144D4A06-3FAD-461E-B351-18F5499B7B88,Q2164407$75FD4454-4B5E-4BA0-B7D0-939207C3116B,written,
ready,550918,P550918,Q2169897,Nbk. 209,Cuneiform Tablet Nbk. 209,,P853,Q512162,Persian Period,Neo-Babylonian Period,Q512161,Replace live period claim with the period expected from the current live FactGrid P692 CDLI ID.,Q2169897$C5669C8B-66C9-44CE-93D3-528ACA7A640B,Q2169897$0CC1E3E0-6233-454E-99D8-DC45D7D4DB12,written,
ready,550922,P550922,Q2164592,Nbk. 212a,Cuneiform Tablet Nbk. 212a,,P853,Q512162,Persian Period,Neo-Babylonian Period,Q512161,Replace live period claim with the period expected from the current live FactGrid P692 CDLI ID.,Q2164592$AE2F2552-E815-48CD-A611-D594CB677F6E,Q2164592$C396E60F-EE01-481F-A29B-CC0BA7BA3BFE,written,
ready,550959,P550959,Q2167590,Nbk. 250,Cuneiform Tablet Nbk. 250,,P853,Q512162,Persian Period,Neo-Babylonian Period,Q512161,Replace live period claim with the period expected from the current live FactGrid P692 CDLI ID.,Q2167590$45A4CAA9-C96E-4F0B-A7E6-C4D9391F43CA,Q2167590$BD2CFDF7-490A-498D-83B9-8018AA386584,written,
ready,551020,P551020,Q897028,Nbk. 311,Cuneiform Tablet Nbk. 311,,P853,Q512162,Persian Period,Neo-Babylonian Period,Q512161,Replace live period claim with the period expected from the current live FactGrid P692 CDLI ID.,Q897028$E4B4E0D8-A3FB-4C16-A853-B6918C38BD27,Q897028$050F5E4F-410D-4C48-92F2-95F8CFC5310F,written,
ready,551036,P551036,Q2163498,Nbk. 327,Cuneiform Tablet Nbk. 327,,P853,Q512148,Ur III Period,Neo-Babylonian Period,Q512161,Replace live period claim with the period expected from the current live FactGrid P692 CDLI ID.,Q2163498$0AE8DF5C-E966-4EB7-B9AB-AAC3F3658116,Q2163498$5D310F54-BF84-40DD-9E6C-2B1DDC076B59,written,
ready,551077,P551077,Q2166022,Nbk. 369,Cuneiform Tablet Nbk. 369,,P853,Q512162,Persian Period,Neo-Babylonian Period,Q512161,Replace live period claim with the period expected from the current live FactGrid P692 CDLI ID.,Q2166022$D51C554D-C007-4465-88CE-30C60FF883DD,Q2166022$CF59EB5D-AB57-430B-86F3-47AE9826DF34,written,
ready,551098,P551098,Q2165647,Nbk. 390,Cuneiform Tablet Nbk. 390,,P853,Q512162,Persian Period,Neo-Babylonian Period,Q512161,Replace live period claim with the period expected from the current live FactGrid P692 CDLI ID.,Q2165647$FE0FA6FE-38E0-4EF6-8670-F6C8C9F7C86E,Q2165647$6D0018E5-0098-44E5-9A14-6CC9945D8AC7,written,
ready,551124,P551124,Q2170009,Nbk. 417,Cuneiform Tablet Nbk. 417,,P853,Q512162,Persian Period,Neo-Babylonian Period,Q512161,Replace live period claim with the period expected from the current live FactGrid P692 CDLI ID.,Q2170009$0CD2C548-2C3E-4B18-917D-EC1DBAC11A69,Q2170009$D0FC27A1-0221-4CB8-8F20-A6B78428FC57,written,
ready,551132,P551132,Q2165822,Nbk. 425,Cuneiform Tablet Nbk. 425,,P853,Q512162,Persian Period,Neo-Babylonian Period,Q512161,Replace live period claim with the period expected from the current live FactGrid P692 CDLI ID.,Q2165822$2913249B-429B-4C00-82C1-AEC9DA542A52,Q2165822$17467EDC-5167-48CA-86A9-416D0A6F0315,written,
ready,551149,P551149,Q2164029,Nbk. 443,Cuneiform Tablet Nbk. 443,,P853,Q512162,Persian Period,Neo-Babylonian Period,Q512161,Replace live period claim with the period expected from the current live FactGrid P692 CDLI ID.,Q2164029$5493F277-251B-4F4B-8F78-B47F53DEB32A,Q2164029$DAA7DEED-8685-48DA-99FD-86D41946F620,written,
ready,551165,P551165,Q2167629,"TMH 02-3, 003","Cuneiform Tablet TMH 02-3, 003",,P853,Q512162,Persian Period,Neo-Babylonian Period,Q512161,Replace live period claim with the period expected from the current live FactGrid P692 CDLI ID.,Q2167629$A3EA5A9B-0DB4-48DF-9CC9-01E8DE4130AE,Q2167629$CB7B49D0-9C99-4989-81F8-C52A5DB1753F,written,
ready,551173,P551173,Q2159499,"TMH 02-3, 012","Cuneiform Tablet TMH 02-3, 012",,P853,Q512159,Late Babylonian Period,Neo-Assyrian Period,Q512158,Replace live period claim with the period expected from the current live FactGrid P692 CDLI ID.,Q2159499$478ABBEF-A29F-4334-8419-505A707EA1A7,Q2159499$0032C64B-1B2E-4987-85FC-E44F0A07BAC1,written,
ready,551466,P551466,Q2160485,"ADART 6, 98","Cuneiform Tablet ADART 6, 98",,P853,Q512165,Selucid Period,Hellenistic Period,Q512164,Replace live period claim with the period expected from the current live FactGrid P692 CDLI ID.,Q2160485$C03E8A60-EC5B-46ED-BBE1-A235F96A8539,Q2160485$1409CF12-6555-4746-8A90-9FAD2A18B53C,written,
ready,551470,P551470,Q2014617,"ADART 6, 102","Cuneiform Tablet ADART 6, 102",,P853,Q512165,Selucid Period,Hellenistic Period,Q512164,Replace live period claim with the period expected from the current live FactGrid P692 CDLI ID.,Q2014617$A93A5186-855E-4D7B-8F43-A61D8BD6107E,Q2014617$2E2FB488-AACF-4E89-BCA9-A029EC7B8057,written,
ready,551489,P551489,Q2157089,"ADART 6, 149","Cuneiform Tablet ADART 6, 149",,P853,Q512165,Selucid Period,Hellenistic Period,Q512164,Replace live period claim with the period expected from the current live FactGrid P692 CDLI ID.,Q2157089$B1CD00C6-793A-43D5-94E6-34B8947303B1,Q2157089$10F61F57-4DA1-4915-85B3-8C858F52580F,written,
ready,551519,P551519,Q2163906,"ADART 6, 178","Cuneiform Tablet ADART 6, 178",,P853,Q512165,Selucid Period,Hellenistic Period,Q512164,Replace live period claim with the period expected from the current live FactGrid P692 CDLI ID.,Q2163906$27AAF6EB-0416-437C-8B37-A7A1896D81AF,Q2163906$A003C95F-8542-4F57-9B1B-DE2B9406B1DA,written,
ready,551523,P551523,Q2156333,"ADART 7, 5","Cuneiform Tablet ADART 7, 5",,P853,Q512165,Selucid Period,Hellenistic Period,Q512164,Replace live period claim with the period expected from the current live FactGrid P692 CDLI ID.,Q2156333$75B9D23D-FEBF-47CA-9DB9-45190BF6A2F2,Q2156333$7841F9C3-FC67-4A94-8389-0FC0E0CB5619,written,
ready,551535,P551535,Q2167786,"ADART 7, 48","Cuneiform Tablet ADART 7, 48",,P853,Q512165,Selucid Period,Hellenistic Period,Q512164,Replace live period claim with the period expected from the current live FactGrid P692 CDLI ID.,Q2167786$6DEB46FF-0BFE-471B-8971-0C50A1824752,Q2167786$7B0D46DD-86AB-40FB-AD1F-E15D4C916BE1,written,
ready,551562,P551562,Q2165699,"ADART 7, 134","Cuneiform Tablet ADART 7, 134",,P853,Q512165,Selucid Period,Hellenistic Period,Q512164,Replace live period claim with the period expected from the current live FactGrid P692 CDLI ID.,Q2165699$EF36FBAA-B2FF-48FC-BF30-E251F95D90C1,Q2165699$2A5302FB-72DA-437B-8F63-4F8EC210872B,written,
ready,551574,P551574,Q2170149,"ADART 7, 205","Cuneiform Tablet ADART 7, 205",,P853,Q512165,Selucid Period,Hellenistic Period,Q512164,Replace live period claim with the period expected from the current live FactGrid P692 CDLI ID.,Q2170149$41B9938F-C81F-4066-BA7C-639743B44608,Q2170149$3A977D35-41FD-4166-A578-4F0278CDEBC9,written,
ready,551688,P551688,Q2162806,"AOAT 414/1, no. 157","Cuneiform Tablet AOAT 414/1, no. 157",,P853,Q512162,Persian Period,Neo-Babylonian Period,Q512161,Replace live period claim with the period expected from the current live FactGrid P692 CDLI ID.,Q2162806$204A7D6C-5876-45BC-A3FA-88DFB2E07921,Q2162806$AAC743E3-E6C1-4522-BACB-3A5D79C23D48,written,
ready,551722,P551722,Q2162709,"CM 20, no. 059","Cuneiform Tablet CM 20, no. 059",,P853,Q512162,Persian Period,Neo-Babylonian Period,Q512161,Replace live period claim with the period expected from the current live FactGrid P692 CDLI ID.,Q2162709$C74AA6FD-93EF-48BF-8414-C562705889CC,Q2162709$59BC9C39-B45E-41AE-BD4A-2847E551943B,written,
ready,551759,P551759,Q2047602,"CM 20, no. 048 B","Cuneiform Tablet CM 20, no. 048 B",,P853,Q512162,Persian Period,Neo-Babylonian Period,Q512161,Replace live period claim with the period expected from the current live FactGrid P692 CDLI ID.,Q2047602$69A3D2E0-9164-45F1-BA77-02A503B77D0E,Q2047602$D4163A5A-95B4-43A5-B9A1-C08E82BAA865,written,
ready,552088,P552088,Q2166855,Nbn. 375,Cuneiform Tablet Nbn. 375,,P853,Q512162,Persian Period,Neo-Babylonian Period,Q512161,Replace live period claim with the period expected from the current live FactGrid P692 CDLI ID.,Q2166855$45319CB5-B4FD-409C-B7B6-9AC9E12253E8,Q2166855$CEF25DEF-4B5D-4D7B-878D-3E629B4D6B8E,written,
ready,552122,P552122,Q2166963,Nbn. 700,Cuneiform Tablet Nbn. 700,,P853,Q512162,Persian Period,Neo-Babylonian Period,Q512161,Replace live period claim with the period expected from the current live FactGrid P692 CDLI ID.,Q2166963$12628A4F-32F3-42CD-9754-03AAB0DE90D1,Q2166963$BF4BAC38-0553-462C-A1BF-C1D9D44F4205,written,
ready,552159,P552159,Q2165163,Nbn. 18,Cuneiform Tablet Nbn. 18,,P853,Q512162,Persian Period,Neo-Babylonian Period,Q512161,Replace live period claim with the period expected from the current live FactGrid P692 CDLI ID.,Q2165163$4982C1DE-5B8A-49D1-90C6-C1EEE245F245,Q2165163$1D7CC54F-98B2-4967-86CC-11BE80C83728,written,
ready,552163,P552163,Q2169204,Nbn. 1083,Cuneiform Tablet Nbn. 1083,,P853,Q512162,Persian Period,Neo-Babylonian Period,Q512161,Replace live period claim with the period expected from the current live FactGrid P692 CDLI ID.,Q2169204$602A2AFF-1548-429F-A217-AE312E1C1C47,Q2169204$13995660-B6E3-461D-B1B7-2B81F7581262,written,
ready,552175,P552175,Q2029175,Nbn. 165,Cuneiform Tablet Nbn. 165,,P853,Q512162,Persian Period,Neo-Babylonian Period,Q512161,Replace live period claim with the period expected from the current live FactGrid P692 CDLI ID.,Q2029175$1146572C-A2A9-4E2B-B1B0-38B67A1975EF,Q2029175$EA722B2F-92C2-4927-9C2D-E90C48696925,written,
ready,552270,P552270,Q2163258,Nbn. 311,Cuneiform Tablet Nbn. 311,,P853,Q512162,Persian Period,Neo-Babylonian Period,Q512161,Replace live period claim with the period expected from the current live FactGrid P692 CDLI ID.,Q2163258$5D2A923E-1591-46FB-A4D8-6E822B85DDE9,Q2163258$3620F3CE-3FB5-4EA3-97EA-96A4F4AB25C4,written,
ready,552319,P552319,Q2168087,Nbn. 238,Cuneiform Tablet Nbn. 238,,P853,Q512162,Persian Period,Neo-Babylonian Period,Q512161,Replace live period claim with the period expected from the current live FactGrid P692 CDLI ID.,Q2168087$9E8FBE39-BB1C-4504-9634-41AB095E7416,Q2168087$7ABAE209-8BC5-4C64-BFB0-E5FFDB2E7BA2,written,
ready,552335,P552335,Q2163621,Nbn. 819,Cuneiform Tablet Nbn. 819,,P853,Q512162,Persian Period,Neo-Babylonian Period,Q512161,Replace live period claim with the period expected from the current live FactGrid P692 CDLI ID.,Q2163621$5638230D-D9B9-420C-A46A-5108A872168F,Q2163621$2EE61C6A-829E-4677-9007-7356F9128272,written,
ready,552358,P552358,Q2170420,Nbn. 508,Cuneiform Tablet Nbn. 508,,P853,Q512162,Persian Period,Neo-Babylonian Period,Q512161,Replace live period claim with the period expected from the current live FactGrid P692 CDLI ID.,Q2170420$2ECED8CA-04C8-41F2-9E2F-07776A156E6E,Q2170420$BDEE5F23-4E20-4B6C-8620-CB33EC475D81,written,
ready,552437,P552437,Q2167161,Nbn. 682,Cuneiform Tablet Nbn. 682,,P853,Q512162,Persian Period,Neo-Babylonian Period,Q512161,Replace live period claim with the period expected from the current live FactGrid P692 CDLI ID.,Q2167161$32F88676-0258-43DA-A8F0-F5C6EBC05E79,Q2167161$9A86CDD3-A0C4-4724-95BB-46A74281A6F2,written,
ready,552620,P552620,Q2163390,"AOAT 236, no. 58","Cuneiform Tablet AOAT 236, no. 58",,P853,Q512162,Persian Period,Neo-Babylonian Period,Q512161,Replace live period claim with the period expected from the current live FactGrid P692 CDLI ID.,Q2163390$7740C10E-45CA-4274-A216-BA0F14C6F6E8,Q2163390$925DD257-79D7-4F45-A5F2-5A6200B93F54,written,
ready,552749,P552749,Q2167925,"AOAT 291, pl. 2, BM 049301","Cuneiform Tablet AOAT 291, pl. 2, BM 049301",,P853,Q512162,Persian Period,Neo-Babylonian Period,Q512161,Replace live period claim with the period expected from the current live FactGrid P692 CDLI ID.,Q2167925$274868C8-7DED-4A77-93A8-A05EA6B4CA4F,Q2167925$895E58B6-F98B-4CFB-AE9F-660F97D72E8C,written,
ready,552765,P552765,Q2163745,"AOAT 291, pl. 10, BM 050288","Cuneiform Tablet AOAT 291, pl. 10, BM 050288",,P853,Q512162,Persian Period,Neo-Babylonian Period,Q512161,Replace live period claim with the period expected from the current live FactGrid P692 CDLI ID.,Q2163745$AC01B6C4-F4D9-4465-A9F8-FD529771D3BE,Q2163745$11480801-6FF5-4C4B-9E41-F88CF6FC4272,written,
ready,552821,P552821,Q2166652,"AOAT 398, pl. 8, O.54","Cuneiform Tablet AOAT 398, pl. 8, O.54",,P853,Q512162,Persian Period,Neo-Babylonian Period,Q512161,Replace live period claim with the period expected from the current live FactGrid P692 CDLI ID.,Q2166652$189AA10C-62C8-4A08-847E-872A47C1AD75,Q2166652$67246793-A579-40F7-B4CD-A408B7665E16,written,
ready,552860,P552860,Q2168943,"AOAT 398, O.57","Cuneiform Tablet AOAT 398, O.57",,P853,Q512162,Persian Period,Neo-Babylonian Period,Q512161,Replace live period claim with the period expected from the current live FactGrid P692 CDLI ID.,Q2168943$5B1FA871-CDFF-4F31-A001-A10B368E3D04,Q2168943$670FAC95-EBBB-48F4-B1F5-6E5E46677F15,written,
ready,552925,P552925,Q2169872,Nbn. 1041,Cuneiform Tablet Nbn. 1041,,P853,Q512162,Persian Period,Neo-Babylonian Period,Q512161,Replace live period claim with the period expected from the current live FactGrid P692 CDLI ID.,Q2169872$6C1BC45B-399F-4352-B9C2-C6B3FE958466,Q2169872$881CB824-3F58-45FD-B3D8-A32663971A1C,written,
ready,552933,P552933,Q2048014,Nbn. 1092,Cuneiform Tablet Nbn. 1092,,P853,Q512162,Persian Period,Neo-Babylonian Period,Q512161,Replace live period claim with the period expected from the current live FactGrid P692 CDLI ID.,Q2048014$DED553B8-4A2E-4071-81F0-594F51BABCC9,Q2048014$28F4DBCD-F1E2-4906-B580-93A4BAA150BD,written,
ready,552964,P552964,Q2167591,Nbn. 770,Cuneiform Tablet Nbn. 770,,P853,Q512162,Persian Period,Neo-Babylonian Period,Q512161,Replace live period claim with the period expected from the current live FactGrid P692 CDLI ID.,Q2167591$73B25115-CDC5-4F2F-8095-58A436B5DC87,Q2167591$F430C4F9-B3AC-4801-8228-08E0872844A9,written,
ready,553031,P553031,Q2163087,Nbn. 976,Cuneiform Tablet Nbn. 976,,P853,Q512162,Persian Period,Neo-Babylonian Period,Q512161,Replace live period claim with the period expected from the current live FactGrid P692 CDLI ID.,Q2163087$9E904A33-344F-4614-8FDF-8B8BEE5EBE34,Q2163087$85B9E280-54EB-4AF0-83C3-7EA0FF246F52,written,
ready,553119,P553119,Q2169997,Nbn. 983,Cuneiform Tablet Nbn. 983,,P853,Q512162,Persian Period,Neo-Babylonian Period,Q512161,Replace live period claim with the period expected from the current live FactGrid P692 CDLI ID.,Q2169997$D67BD637-D93F-4F47-895E-FDE1E885C35C,Q2169997$A0E90721-4311-43EB-998A-B28EF865F9BB,written,
ready,553158,P553158,Q2167633,Nbn. 932,Cuneiform Tablet Nbn. 932,,P853,Q512162,Persian Period,Neo-Babylonian Period,Q512161,Replace live period claim with the period expected from the current live FactGrid P692 CDLI ID.,Q2167633$AD163125-84D7-4C87-8B17-65FECEEF39D9,Q2167633$450ECAE5-D15B-498B-89EF-12249A2DD47C,written,
ready,553174,P553174,Q2164033,Nbn. 869,Cuneiform Tablet Nbn. 869,,P853,Q512162,Persian Period,Neo-Babylonian Period,Q512161,Replace live period claim with the period expected from the current live FactGrid P692 CDLI ID.,Q2164033$3A87D726-82F6-4D7D-B6BD-C72463B70BB0,Q2164033$A491714F-0E0D-4FD1-92B5-FD43845D136E,written,
ready,553226,P553226,Q2167442,Nbn. 617,Cuneiform Tablet Nbn. 617,,P853,Q512162,Persian Period,Neo-Babylonian Period,Q512161,Replace live period claim with the period expected from the current live FactGrid P692 CDLI ID.,Q2167442$4F58FA28-F666-4DD2-8523-390CAB19EAA0,Q2167442$A5DEE319-7402-4673-A5D6-FD4EB2ED038B,written,
ready,553267,P553267,Q2169742,Nbn. 452,Cuneiform Tablet Nbn. 452,,P853,Q512162,Persian Period,Neo-Babylonian Period,Q512161,Replace live period claim with the period expected from the current live FactGrid P692 CDLI ID.,Q2169742$3701C09F-F0A2-486E-AA40-918C6BD98202,Q2169742$B6553823-B32E-433D-BF8B-A85F339B2633,written,
ready,553271,P553271,Q2063745,Nbn. 1010,Cuneiform Tablet Nbn. 1010,,P853,Q512162,Persian Period,Neo-Babylonian Period,Q512161,Replace live period claim with the period expected from the current live FactGrid P692 CDLI ID.,Q2063745$014852B1-4F74-41A4-A2C6-889C1C4D97EB,Q2063745$B96E7227-5821-4CE8-A252-516FCC68C12F,written,
ready,553288,P553288,Q2169047,Nbn. 431,Cuneiform Tablet Nbn. 431,,P853,Q512162,Persian Period,Neo-Babylonian Period,Q512161,Replace live period claim with the period expected from the current live FactGrid P692 CDLI ID.,Q2169047$0B53CCC5-BE82-4E51-A835-2B716C0081D2,Q2169047$3B3FE858-69A2-4444-BC31-9B7D13197AB8,written,
ready,553318,P553318,Q2164648,Nbn. 117,Cuneiform Tablet Nbn. 117,,P853,Q512162,Persian Period,Neo-Babylonian Period,Q512161,Replace live period claim with the period expected from the current live FactGrid P692 CDLI ID.,Q2164648$FCDD11B5-6C89-416B-BD64-6851ED4C4C73,Q2164648$6D9D394A-4F5D-4AA1-B76E-36A5D0E7A30F,written,
ready,553322,P553322,Q2168791,Nbn. 1130,Cuneiform Tablet Nbn. 1130,,P853,Q512162,Persian Period,Neo-Babylonian Period,Q512161,Replace live period claim with the period expected from the current live FactGrid P692 CDLI ID.,Q2168791$A1D531E5-FC1A-45CB-9637-360B09C914D2,Q2168791$8947D80F-154D-4D3B-9020-9164AB34B445,written,
ready,553334,P553334,Q2047863,Nbn. 179,Cuneiform Tablet Nbn. 179,,P853,Q512162,Persian Period,Neo-Babylonian Period,Q512161,Replace live period claim with the period expected from the current live FactGrid P692 CDLI ID.,Q2047863$BA6B502B-6ED2-4A6A-88F1-572444A6EEB8,Q2047863$6BFDB760-96B4-4F29-9BAD-28BF12A5DFF8,written,
ready,553363,P553363,Q2166521,Nbn. 712,Cuneiform Tablet Nbn. 712,,P853,Q512162,Persian Period,Neo-Babylonian Period,Q512161,Replace live period claim with the period expected from the current live FactGrid P692 CDLI ID.,Q2166521$70C85D3B-312E-4C67-AD0E-33C240C3435E,Q2166521$BF93FF2B-9AA4-4670-9FE0-BE5B670BD6E3,written,
ready,553676,P553676,Q2167614,"PIHANS 86, pl. 10","Cuneiform Tablet PIHANS 86, pl. 10",,P853,Q512162,Persian Period,Neo-Babylonian Period,Q512161,Replace live period claim with the period expected from the current live FactGrid P692 CDLI ID.,Q2167614$DD90EED3-3BAC-45E6-B8DF-A365171F31FF,Q2167614$45B78B4D-272A-4E23-BA35-1476E5F26CE7,written,
ready,553877,P553877,Q2163779,Nbn. 691,Cuneiform Tablet Nbn. 691,,P853,Q512162,Persian Period,Neo-Babylonian Period,Q512161,Replace live period claim with the period expected from the current live FactGrid P692 CDLI ID.,Q2163779$34851D3B-9D59-4F1F-88ED-D5D63B955994,Q2163779$D64D4CB1-06FA-4FC4-91FA-19908C6CDA0F,written,
ready,553898,P553898,Q2163291,Nbn. 746,Cuneiform Tablet Nbn. 746,,P853,Q512162,Persian Period,Neo-Babylonian Period,Q512161,Replace live period claim with the period expected from the current live FactGrid P692 CDLI ID.,Q2163291$FE2A2745-05B6-4CA2-9BF0-C6F7CDD6BFE3,Q2163291$77EFA81C-965A-4F23-B193-DECF37867B75,written,
ready,553908,P553908,Q2168216,Nbn. 188,Cuneiform Tablet Nbn. 188,,P853,Q512150,Early Old Babylonian Period,Neo-Babylonian Period,Q512161,Replace live period claim with the period expected from the current live FactGrid P692 CDLI ID.,Q2168216$CAC77514-F8D1-4DC7-B893-2DC0C8A4376C,Q2168216$8369D977-1501-44DB-831E-41FBE6595CF2,written,
ready,553932,P553932,Q2163392,Nbn. 329,Cuneiform Tablet Nbn. 329,,P853,Q512162,Persian Period,Neo-Babylonian Period,Q512161,Replace live period claim with the period expected from the current live FactGrid P692 CDLI ID.,Q2163392$F77453C7-6B24-47BA-9A72-83D7BC22FB00,Q2163392$39659399-2237-4C48-996D-6EBC600A4DB4,written,
ready,553949,P553949,Q2166352,Nbn. 46,Cuneiform Tablet Nbn. 46,,P853,Q512162,Persian Period,Neo-Babylonian Period,Q512161,Replace live period claim with the period expected from the current live FactGrid P692 CDLI ID.,Q2166352$15BF484D-95A0-4CBF-80B9-6898E4C4DF3F,Q2166352$096CC547-F975-48D1-ABBE-ADF2A20F2C08,written,
ready,554127,P554127,Q2164838,ChG 12,Cuneiform Tablet ChG 12,,P853,Q512153,Middle Hittite Period,Old Babylonian Period,Q512152,Replace live period claim with the period expected from the current live FactGrid P692 CDLI ID.,Q2164838$EA801118-AA0B-4D50-A377-04AFDB9C023C,Q2164838$CDB4FF18-2524-40ED-8207-75E2B5C25B10,written,
ready,554170,P554170,Q2162808,ChG 55,Cuneiform Tablet ChG 55,,P853,Q512153,Middle Hittite Period,Old Babylonian Period,Q512152,Replace live period claim with the period expected from the current live FactGrid P692 CDLI ID.,Q2162808$C2B9EEA2-1691-4DDB-B911-AF0EF0191B15,Q2162808$CF091752-BE1D-496F-ADB1-1FCB0CF3C5A9,written,
ready,554326,P554326,Q2170030,CM 70753,Cuneiform Artifact CM 70753,,P853,Q512151,Old Assyrian Period,Early Old Babylonian Period,Q512150,Replace live period claim with the period expected from the current live FactGrid P692 CDLI ID.,Q2170030$A9E6D1B5-BCDE-4DDC-954E-EF7CD9F1CE9A,Q2170030$10914F28-116E-4553-A2FA-67FC49D090FE,written,
ready,554737,P554737,Q2167895,"ZA 4, 140 Nbp. 10","Cuneiform Tablet ZA 4, 140 Nbp. 10",,P853,Q512162,Persian Period,Neo-Babylonian Period,Q512161,Replace live period claim with the period expected from the current live FactGrid P692 CDLI ID.,Q2167895$BD3CC60D-AC5D-4624-9820-FBDD4DC6E7D3,Q2167895$5FD43E17-933F-418D-B567-F27E656F39EA,written,
ready,554824,P554824,Q2165118,BM 050772,Cuneiform Artifact BM 050772,,P853,Q512159,Late Babylonian Period,Neo-Assyrian Period,Q512158,Replace live period claim with the period expected from the current live FactGrid P692 CDLI ID.,Q2165118$45A18452-2F7A-4DA0-A416-758C7543EDB3,Q2165118$204E75AE-B527-4C47-B734-28A644BD3DB4,written,
ready,554961,P554961,Q2164107,BM 084556,Cuneiform Artifact BM 084556,,P853,Q512159,Late Babylonian Period,Neo-Assyrian Period,Q512158,Replace live period claim with the period expected from the current live FactGrid P692 CDLI ID.,Q2164107$3608E626-2806-49A3-9CE4-D6AAE9CBF695,Q2164107$7EDFCDF3-74E9-48C2-80ED-A5F8AB113496,written,
ready,555034,P555034,Q2166303,BM 084699,Cuneiform Artifact BM 084699,,P853,Q512159,Late Babylonian Period,Neo-Assyrian Period,Q512158,Replace live period claim with the period expected from the current live FactGrid P692 CDLI ID.,Q2166303$3D9267A2-18D6-49EF-A531-25A99FCCAD01,Q2166303$62318BEA-7BD9-4D65-B0B4-EE9FCC347195,written,
ready,555063,P555063,Q2168399,BM 084760,Cuneiform Artifact BM 084760,,P853,Q512159,Late Babylonian Period,Neo-Assyrian Period,Q512158,Replace live period claim with the period expected from the current live FactGrid P692 CDLI ID.,Q2168399$E3D7089E-59C3-418C-8766-F383BB62286A,Q2168399$73781785-F7EB-4397-A9C4-0C80B20D7E8E,written,
ready,555075,P555075,Q2166641,BM 084787,Cuneiform Artifact BM 084787,,P853,Q512148,Ur III Period,Neo-Assyrian Period,Q512158,Replace live period claim with the period expected from the current live FactGrid P692 CDLI ID.,Q2166641$996D815F-1BCF-4C13-8ED5-7C7885F41BE8,Q2166641$8154A994-FEAE-4CD0-B135-9BE3C6CA9A03,written,
ready,555126,P555126,Q2168194,BM 089946,Cuneiform Artifact BM 089946,,P853,Q512159,Late Babylonian Period,Neo-Assyrian Period,Q512158,Replace live period claim with the period expected from the current live FactGrid P692 CDLI ID.,Q2168194$F0D848C4-B172-42BA-9155-A48F82470177,Q2168194$74790FB5-2D7F-4725-84FA-C7E8AE7CB12D,written,
ready,555130,P555130,Q2148861,BM 089963,Cuneiform Artifact BM 089963,,P853,Q512159,Late Babylonian Period,Neo-Assyrian Period,Q512158,Replace live period claim with the period expected from the current live FactGrid P692 CDLI ID.,Q2148861$31154ED9-3592-4F05-B005-21130EB2E874,Q2148861$02DBE521-0EA7-449B-8288-9B56361814C4,written,
ready,555219,P555219,Q2169549,BM 136988,Cuneiform Artifact BM 136988,,P853,Q512159,Late Babylonian Period,Neo-Assyrian Period,Q512158,Replace live period claim with the period expected from the current live FactGrid P692 CDLI ID.,Q2169549$38CB3F6D-2DB8-46CA-BA91-DFFEBB0A97E5,Q2169549$76D4A2FE-36E4-496F-948C-E00C26CAC802,written,
ready,555425,P555425,Q2168702,BM 060752,Cuneiform Tablet BM 060752,,P853,Q512162,Persian Period,Neo-Babylonian Period,Q512161,Replace live period claim with the period expected from the current live FactGrid P692 CDLI ID.,Q2168702$74B9226A-FCB8-4FF7-93B5-05B990B326A5,Q2168702$649BA7CE-1869-425D-A5B5-A669C9C9CF76,written,
ready,555433,P555433,Q2168281,BM 061273,Cuneiform Tablet BM 061273,,P853,Q512162,Persian Period,Neo-Babylonian Period,Q512161,Replace live period claim with the period expected from the current live FactGrid P692 CDLI ID.,Q2168281$00305091-BB57-4CE3-A92A-19D91D587E1E,Q2168281$4F1F618F-F6F5-4FC1-B68F-2F11F541E883,written,
ready,555464,P555464,Q2166470,BM 063409,Cuneiform Tablet BM 063409,,P853,Q512162,Persian Period,Neo-Babylonian Period,Q512161,Replace live period claim with the period expected from the current live FactGrid P692 CDLI ID.,Q2166470$09DADEDA-04AA-4C78-9B78-8E3A3B16E461,Q2166470$3958D85A-BA36-4B52-B667-895870BA80CB,written,
ready,555472,P555472,Q2170520,BM 064772,Cuneiform Tablet BM 064772,,P853,Q512162,Persian Period,Neo-Babylonian Period,Q512161,Replace live period claim with the period expected from the current live FactGrid P692 CDLI ID.,Q2170520$D6D0E91B-146D-41ED-A4D4-70022F2A4584,Q2170520$55F21C3D-CAF2-4471-A7E2-7410A67C25DD,written,
ready,555521,P555521,Q2165480,"MacGinnis, Mes 31, no. 15","Cuneiform Tablet MacGinnis, Mes 31, no. 15",,P853,Q512162,Persian Period,Neo-Babylonian Period,Q512161,Replace live period claim with the period expected from the current live FactGrid P692 CDLI ID.,Q2165480$1E175B93-350F-4363-9BE2-8C32683EFCF1,Q2165480$9FFE5E05-E7F6-4FC2-9098-BD58DADD5BBB,written,
ready,555537,P555537,Q2170300,"MacGinnis, Mes 31, no. 42","Cuneiform Tablet MacGinnis, Mes 31, no. 42",,P853,Q512162,Persian Period,Neo-Babylonian Period,Q512161,Replace live period claim with the period expected from the current live FactGrid P692 CDLI ID.,Q2170300$814D395E-B7DA-4F93-BA73-D22E66B53071,Q2170300$1E9B5AA5-9B7A-426D-BEF0-0B202D183D01,written,
ready,555560,P555560,Q2151214,BM 083342,Cuneiform Tablet BM 083342,,P853,Q512162,Persian Period,Neo-Babylonian Period,Q512161,Replace live period claim with the period expected from the current live FactGrid P692 CDLI ID.,Q2151214$6EBC913D-99CE-43BA-9DB2-EC91A1D73322,Q2151214$23612C05-613D-4E27-895A-13CB8F51EACC,written,
ready,555576,P555576,Q2168059,BM 084351,Cuneiform Tablet BM 084351,,P853,Q512162,Persian Period,Neo-Babylonian Period,Q512161,Replace live period claim with the period expected from the current live FactGrid P692 CDLI ID.,Q2168059$3937D8A6-B443-4F33-8E5D-BD91B50E9892,Q2168059$E5EF7E5E-F9A3-43CF-A749-1118F22B5532,written,
ready,555624,P555624,Q2162317,BM 017656,Cuneiform Tablet BM 017656,,P853,Q512162,Persian Period,Neo-Babylonian Period,Q512161,Replace live period claim with the period expected from the current live FactGrid P692 CDLI ID.,Q2162317$4FDF003C-9353-400F-AD2C-4A4753BB118A,Q2162317$77368530-FA4B-4176-9BBC-D41E3179B736,written,
ready,555864,P555864,Q2170169,"AOAT 451, no. 34","Cuneiform Tablet AOAT 451, no. 34",,P853,Q512162,Persian Period,Neo-Babylonian Period,Q512161,Replace live period claim with the period expected from the current live FactGrid P692 CDLI ID.,Q2170169$52C93756-3336-47B9-BA2F-3D76423B1A59,Q2170169$9A004D59-8C91-447B-93C0-92C0AA530B3C,written,
ready,555872,P555872,Q2165659,"AOAT 451, no. 56","Cuneiform Tablet AOAT 451, no. 56",,P853,Q512162,Persian Period,Neo-Babylonian Period,Q512161,Replace live period claim with the period expected from the current live FactGrid P692 CDLI ID.,Q2165659$FA039FAA-6936-4397-9B82-A42DE85ECB9D,Q2165659$AD842034-1107-48C1-A939-FEA461DF9477,written,
ready,555937,P555937,Q2166014,"AOAT 451, no. 137","Cuneiform Tablet AOAT 451, no. 137",,P853,Q512162,Persian Period,Neo-Babylonian Period,Q512161,Replace live period claim with the period expected from the current live FactGrid P692 CDLI ID.,Q2166014$AE76333D-0CBC-4AFE-92D1-5221210039C1,Q2166014$57814B63-21B4-459A-B479-20823C8FB73E,written,
ready,555976,P555976,Q2161029,"AOAT 451, no. 109","Cuneiform Tablet AOAT 451, no. 109",,P853,Q512162,Persian Period,Neo-Babylonian Period,Q512161,Replace live period claim with the period expected from the current live FactGrid P692 CDLI ID.,Q2161029$5059A346-AB4A-4B9A-BCCF-60C682F07162,Q2161029$2FC02552-3C55-43D5-B1A6-09BDB9D9772E,written,
ready,556120,P556120,Q2168887,"AOAT 451, no. 233","Cuneiform Tablet AOAT 451, no. 233",,P853,Q512162,Persian Period,Neo-Babylonian Period,Q512161,Replace live period claim with the period expected from the current live FactGrid P692 CDLI ID.,Q2168887$9C540DDD-A69A-4C21-A0FE-219229A70A81,Q2168887$BA583EC4-8DA6-49E2-9C00-F4635D7AED0D,written,
ready,556136,P556136,Q2047682,"AOAT 451, no. 341","Cuneiform Tablet AOAT 451, no. 341",,P853,Q512162,Persian Period,Neo-Babylonian Period,Q512161,Replace live period claim with the period expected from the current live FactGrid P692 CDLI ID.,Q2047682$F0529483-952B-4A02-B371-DBCB0DA21000,Q2047682$27A0CE57-3143-486B-BA05-7AE420986DE6,written,
ready,556161,P556161,Q2166569,"dubsar 11, pl. 32","Cuneiform Tablet dubsar 11, pl. 32",,P853,Q512162,Persian Period,Neo-Babylonian Period,Q512161,Replace live period claim with the period expected from the current live FactGrid P692 CDLI ID.,Q2166569$B7AC209D-1A03-43A4-864B-C2947A5350B3,Q2166569$0CCC8662-C88D-4475-8172-4AD0CECE7978,written,
ready,556209,P556209,Q2163619,"Mediterr. Archaeol. Suppl. 2, p. 299-302, no. 1","Cuneiform Tablet Mediterr. Archaeol. Suppl. 2, p. 299-302, no. 1",,P853,Q512148,Ur III Period,Middle Babylonian Period,Q512154,Replace live period claim with the period expected from the current live FactGrid P692 CDLI ID.,Q2163619$773E37C6-AB72-476A-A05B-E1B66C921E26,Q2163619$E1F16D17-C9D5-4E48-BBD7-BD9249206C7B,written,
ready,556233,P556233,Q2163142,"RA 43/1-4, 1-40 no. I.A","Cuneiform Tablet RA 43/1-4, 1-40 no. I.A",,P853,Q512155,Middle Assyrian Period,Middle Babylonian Period,Q512154,Replace live period claim with the period expected from the current live FactGrid P692 CDLI ID.,Q2163142$FD577598-536F-454F-A98B-80CC9FF900EB,Q2163142$ECC557A9-98DB-4A42-B96C-21E85293942B,written,
ready,556248,P556248,Q2166164,"Qatna Studien 3, TT12","Cuneiform Tablet Qatna Studien 3, TT12",,P853,Q512155,Middle Assyrian Period,Middle Babylonian Period,Q512154,Replace live period claim with the period expected from the current live FactGrid P692 CDLI ID.,Q2166164$64906068-5D8E-41FE-819B-8757D38B6A1A,Q2166164$843F0D3F-89E3-4675-80FD-BF2F3D09FEAA,written,
ready,556423,P556423,Q2048098,"MC 24, no. 108","Cuneiform Tablet MC 24, no. 108",,P853,Q512162,Persian Period,Neo-Babylonian Period,Q512161,Replace live period claim with the period expected from the current live FactGrid P692 CDLI ID.,Q2048098$82550028-9D7A-4981-A1DD-CC777C4F399A,Q2048098$492B51CB-680E-4C50-B549-481C2A479BB1,written,
ready,556566,P556566,Q2047281,"AfO 44/45, 88, no. 19","Cuneiform Tablet AfO 44/45, 88, no. 19",,P853,Q512162,Persian Period,Neo-Babylonian Period,Q512161,Replace live period claim with the period expected from the current live FactGrid P692 CDLI ID.,Q2047281$21E23561-E146-48AD-A395-855D6B4E9DC7,Q2047281$9FB1723A-4F3B-4AB4-8153-017B162F5DAC,written,
ready,556663,P556663,Q2162987,"Fs Oelsner 215, no. 2","Cuneiform Tablet Fs Oelsner 215, no. 2",,P853,Q512165,Selucid Period,Hellenistic Period,Q512164,Replace live period claim with the period expected from the current live FactGrid P692 CDLI ID.,Q2162987$08AAD289-0B67-4617-82FC-21563E5C0723,Q2162987$941D9494-B096-48FC-893F-E8DBA8298D45,written,
ready,556726,P556726,Q2163787,CDLI Seals 026908 (composite),Cuneiform Artifact CDLI Seals 026908 (composite),,P853,Q512162,Persian Period,Neo-Babylonian Period,Q512161,Replace live period claim with the period expected from the current live FactGrid P692 CDLI ID.,Q2163787$292B24E5-7492-4B0E-804E-4B8B92704053,Q2163787$DB7B326B-C51D-42EF-8379-DF6DD2A4FA5E,written,
ready,556819,P556819,Q2165095,"ADART 4, p. 107, BM 032270","Cuneiform Tablet ADART 4, p. 107, BM 032270",,P853,Q512165,Selucid Period,Hellenistic Period,Q512164,Replace live period claim with the period expected from the current live FactGrid P692 CDLI ID.,Q2165095$E031ADF6-F16B-47A9-A7F6-7F5A4AA96BEE,Q2165095$DB57EC4A-8F49-4575-B308-6352B7EA2027,written,
ready,556823,P556823,Q2169180,"ADART 4, p. 111, BM 032316","Cuneiform Tablet ADART 4, p. 111, BM 032316",,P853,Q512165,Selucid Period,Hellenistic Period,Q512164,Replace live period claim with the period expected from the current live FactGrid P692 CDLI ID.,Q2169180$4D15D0BC-7BB0-4019-959A-8984ED8D2ADC,Q2169180$1572FF7A-FC5A-49DC-AB60-7440FE40F049,written,
ready,556835,P556835,Q2031778,"ADART 4, no. -179 F","Cuneiform Tablet ADART 4, no. -179 F",,P853,Q512165,Selucid Period,Hellenistic Period,Q512164,Replace live period claim with the period expected from the current live FactGrid P692 CDLI ID.,Q2031778$5328607C-5BD5-4951-8D1B-6B94DCC451EF,Q2031778$9E353B2E-21A4-4556-850E-B364CB9E9DA6,written,
ready,556862,P556862,Q2166839,"ADART 4, p. 129, BM 032972","Cuneiform Tablet ADART 4, p. 129, BM 032972",,P853,Q512165,Selucid Period,Hellenistic Period,Q512164,Replace live period claim with the period expected from the current live FactGrid P692 CDLI ID.,Q2166839$E9321226-FC33-49AA-BEAF-83F6673F31A8,Q2166839$B7F5E971-A90D-49ED-AD32-472D25A0B15A,written,
ready,556927,P556927,Q2167046,"ADART 4, p. 297, BM 036170","Cuneiform Tablet ADART 4, p. 297, BM 036170",,P853,Q512165,Selucid Period,Hellenistic Period,Q512164,Replace live period claim with the period expected from the current live FactGrid P692 CDLI ID.,Q2167046$7B360ADB-45C9-4FB3-8772-D77DC0500FE5,Q2167046$FA8365DF-4FE4-4238-805C-AB0F82278BCF,written,
ready,556966,P556966,Q2169402,"ADART 4, p. 317, BM 036863","Cuneiform Tablet ADART 4, p. 317, BM 036863",,P853,Q512165,Selucid Period,Hellenistic Period,Q512164,Replace live period claim with the period expected from the current live FactGrid P692 CDLI ID.,Q2169402$82903CC7-4F2D-4EF1-8F76-5010E49BD346,Q2169402$8E1DBCA4-B80B-43D4-907F-C0ADD366B5DB,written,
ready,556970,P556970,Q2147102,"ADART 4, p. 319, BM 036884","Cuneiform Tablet ADART 4, p. 319, BM 036884",,P853,Q512165,Selucid Period,Hellenistic Period,Q512164,Replace live period claim with the period expected from the current live FactGrid P692 CDLI ID.,Q2147102$ED5B2278-9464-40D3-931B-7263E81EAA7A,Q2147102$8D29F8E0-4D4D-45D3-BAEE-BFE26C94C0C8,written,
ready,557009,P557009,Q2166286,"ADART 4, p. 339, BM 037407","Cuneiform Tablet ADART 4, p. 339, BM 037407",,P853,Q512165,Selucid Period,Hellenistic Period,Q512164,Replace live period claim with the period expected from the current live FactGrid P692 CDLI ID.,Q2166286$7C147CE9-7059-4CEC-B4AF-7212C87269B7,Q2166286$A6CF3521-D5E4-483B-AFAF-646C10670173,written,
ready,557048,P557048,Q2166713,"ADART 4, p. 537, BM 099640","Cuneiform Tablet ADART 4, p. 537, BM 099640",,P853,Q512158,Neo-Assyrian Period,Hellenistic Period,Q512164,Replace live period claim with the period expected from the current live FactGrid P692 CDLI ID.,Q2166713$3285B6B2-8641-4842-8262-A518363708E7,Q2166713$DE1F6A5A-5F4E-4302-A440-E2AC358DCE69,written,
ready,557072,P557072,Q2163281,"KAL 16, 08","Cuneiform Tablet KAL 16, 08",,P853,Q512156,Middle Elamite Period,Middle Assyrian Period,Q512155,Replace live period claim with the period expected from the current live FactGrid P692 CDLI ID.,Q2163281$94B0F16D-742D-471C-9942-54CDBC4F19AA,Q2163281$C6CFF471-9BA0-4FF4-AB74-E0F81D01BA50,written,
ready,557818,P557818,Q2167901,"ADART 4, no. -144","Cuneiform Tablet ADART 4, no. -144",,P853,Q512165,Selucid Period,Hellenistic Period,Q512164,Replace live period claim with the period expected from the current live FactGrid P692 CDLI ID.,Q2167901$013CDE63-27E8-4E61-B773-DE76C6770DCC,Q2167901$EC5BDB8C-FBFE-447C-A6E5-50B4F6A48CF7,written,
ready,559017,P559017,Q2165921,BM 026525,Cuneiform Tablet BM 026525,,P853,Q512162,Persian Period,Neo-Babylonian Period,Q512161,Replace live period claim with the period expected from the current live FactGrid P692 CDLI ID.,Q2165921$09479E82-8CBB-49A5-B862-1DDA7EB1319E,Q2165921$FEA4F9C5-C7FC-46C9-8A1C-A4B53B3FF943,written,
ready,559113,P559113,Q2156235,BM 026674,Cuneiform Tablet BM 026674,,P853,Q512162,Persian Period,Neo-Babylonian Period,Q512161,Replace live period claim with the period expected from the current live FactGrid P692 CDLI ID.,Q2156235$86BE9FB7-FBA0-4782-A84E-F267796E6518,Q2156235$E388DE93-866F-434F-9E73-6575851475A9,written,
ready,559144,P559144,Q2170112,BM 026714,Cuneiform Tablet BM 026714,,P853,Q512162,Persian Period,Neo-Babylonian Period,Q512161,Replace live period claim with the period expected from the current live FactGrid P692 CDLI ID.,Q2170112$C56C26B1-F4E1-41EC-90EA-66C1370A5359,Q2170112$65B5C7DE-E6C5-470F-B21C-27CDD7D01150,written,
ready,559447,P559447,Q2166091,BM 029378,Cuneiform Tablet BM 029378,,P853,Q512162,Persian Period,Neo-Babylonian Period,Q512161,Replace live period claim with the period expected from the current live FactGrid P692 CDLI ID.,Q2166091$B1AAA663-6D20-4546-A706-7490711E7687,Q2166091$E6247998-8204-40A2-AB01-214B4F209C14,written,
ready,559514,P559514,Q2169940,BM 029536,Cuneiform Tablet BM 029536,,P853,Q512162,Persian Period,Neo-Babylonian Period,Q512161,Replace live period claim with the period expected from the current live FactGrid P692 CDLI ID.,Q2169940$97A0432F-4CCB-4CC0-9B03-B22B1AA83826,Q2169940$66986109-8F33-42CB-98AE-1BFB848321A8,written,
ready,559555,P559555,Q2167696,BM 085364,Cuneiform Tablet BM 085364,,P853,Q512162,Persian Period,Neo-Babylonian Period,Q512161,Replace live period claim with the period expected from the current live FactGrid P692 CDLI ID.,Q2167696$0259CD09-E069-4CDD-910A-605F85FB6DBE,Q2167696$FBA31751-1AFF-4F09-B888-B33EE7DB34B1,written,
ready,559685,P559685,Q2168993,BM 082678,Cuneiform Tablet BM 082678,,P853,Q512162,Persian Period,Neo-Babylonian Period,Q512161,Replace live period claim with the period expected from the current live FactGrid P692 CDLI ID.,Q2168993$63A086D1-A3DD-4786-ABAA-03C263005BAD,Q2168993$56C93550-7D0C-4B67-9EBD-4669785DD393,written,
ready,559715,P559715,Q2164704,BM 082729,Cuneiform Tablet BM 082729,,P853,Q512162,Persian Period,Neo-Babylonian Period,Q512161,Replace live period claim with the period expected from the current live FactGrid P692 CDLI ID.,Q2164704$4C40B414-9F02-4F51-92F8-72DDE7E8B022,Q2164704$F30D7C81-FF0F-4FD3-86AE-8D57CE619EB1,written,
ready,559742,P559742,Q2162903,BM 082777,Cuneiform Tablet BM 082777,,P853,Q512162,Persian Period,Neo-Babylonian Period,Q512161,Replace live period claim with the period expected from the current live FactGrid P692 CDLI ID.,Q2162903$166A8EAE-D0B6-47B2-920C-83E6823A6DC7,Q2162903$3CF3C828-747B-491F-ACEC-818F9AB7AE68,written,
ready,559810,P559810,Q2149781,BM 026749,Cuneiform Tablet BM 026749,,P853,Q512162,Persian Period,Neo-Babylonian Period,Q512161,Replace live period claim with the period expected from the current live FactGrid P692 CDLI ID.,Q2149781$EACB976D-4FF7-4C79-A7B3-B54FDFF30153,Q2149781$EFCFE091-1FB4-4172-A171-2D06EFC6E732,written,
ready,559943,P559943,Q2168504,BM 013157,Cuneiform Tablet BM 013157,,P853,Q512162,Persian Period,Neo-Babylonian Period,Q512161,Replace live period claim with the period expected from the current live FactGrid P692 CDLI ID.,Q2168504$1BF564F2-F610-4E04-AFBC-29456C147369,Q2168504$B5DB624D-F247-424E-85DA-4F963DCAF3C2,written,
ready,559955,P559955,Q2165063,BM 013259,Cuneiform Tablet BM 013259,,P853,Q512148,Ur III Period,Old Babylonian Period,Q512152,Replace live period claim with the period expected from the current live FactGrid P692 CDLI ID.,Q2165063$9EAB1DDF-36E6-4F68-AED4-D8F1CC5C733A,Q2165063$8D82630E-C009-4C0E-8D63-C75DE4155556,written,
ready,560004,P560004,Q2019694,BM 013920,Cuneiform Tablet BM 013920,,P853,Q512153,Middle Hittite Period,Old Babylonian Period,Q512152,Replace live period claim with the period expected from the current live FactGrid P692 CDLI ID.,Q2019694$D908367D-AFEE-46AE-8317-228B0438FB48,Q2019694$7E97245D-D0A3-4ED3-8A69-443C583223C5,written,
ready,560012,P560012,Q2169315,BM 013968,Cuneiform Tablet BM 013968,,P853,Q512153,Middle Hittite Period,Old Babylonian Period,Q512152,Replace live period claim with the period expected from the current live FactGrid P692 CDLI ID.,Q2169315$9C5A81D5-72FC-4327-A64F-1BC6BF96AD30,Q2169315$0167FE0B-B131-4123-B140-8CFB80629C13,written,
ready,560028,P560028,Q2165272,BM 014015 + BM 014017,Cuneiform Tablet BM 014015 + BM 014017,,P853,Q512153,Middle Hittite Period,Old Babylonian Period,Q512152,Replace live period claim with the period expected from the current live FactGrid P692 CDLI ID.,Q2165272$83196ED8-7C84-4ACE-BD08-6A1602CD73EC,Q2165272$D1E7E45D-FAF5-4988-B2DE-2CA08E4DD416,written,
ready,560053,P560053,Q2166997,BM 014223,Cuneiform Tablet BM 014223,,P853,Q512153,Middle Hittite Period,Old Babylonian Period,Q512152,Replace live period claim with the period expected from the current live FactGrid P692 CDLI ID.,Q2166997$7A9681FE-6DDA-4CB5-B2FD-F5F8CAFA0F23,Q2166997$AE4AF964-BA1D-488C-A68A-E2323AC19074,written,
ready,560090,P560090,Q2162216,BM 015423,Cuneiform Tablet BM 015423,,P853,Q512153,Middle Hittite Period,Old Babylonian Period,Q512152,Replace live period claim with the period expected from the current live FactGrid P692 CDLI ID.,Q2162216$98028F39-6406-46C5-8BC5-03D1D8D716E1,Q2162216$30FF51D6-DC1C-414A-BC84-A74F1A4273F2,written,
ready,560116,P560116,Q2167210,BM 015640,Cuneiform Artifact BM 015640,,P853,Q512153,Middle Hittite Period,Old Babylonian Period,Q512152,Replace live period claim with the period expected from the current live FactGrid P692 CDLI ID.,Q2167210$20D0F558-4FC6-4569-87CE-B74623F5B3B7,Q2167210$86269370-7660-491C-BF63-5FFF0C8B62AE,written,
ready,560141,P560141,Q2143650,BM 015694,Cuneiform Artifact BM 015694,,P853,Q512153,Middle Hittite Period,Old Babylonian Period,Q512152,Replace live period claim with the period expected from the current live FactGrid P692 CDLI ID.,Q2143650$4FCD4342-2E3A-4802-A836-00BCBFBF2DB8,Q2143650$2AA91C40-ED0B-4A0B-BE3F-C1C0A163C4D1,written,
ready,560157,P560157,Q2169521,BM 015742,Cuneiform Artifact BM 015742,,P853,Q512153,Middle Hittite Period,Old Babylonian Period,Q512152,Replace live period claim with the period expected from the current live FactGrid P692 CDLI ID.,Q2169521$302196C9-DA29-4733-A6AF-1607A7E0D493,Q2169521$E93B46B5-59E3-4371-8402-CAC14F14E805,written,
ready,560182,P560182,Q2165009,BM 015813,Cuneiform Tablet BM 015813,,P853,Q512153,Middle Hittite Period,Old Babylonian Period,Q512152,Replace live period claim with the period expected from the current live FactGrid P692 CDLI ID.,Q2165009$E361B17F-B1B7-4760-B323-E811C952FD80,Q2165009$7E41691D-DCB0-4261-87C7-86B18018ADEC,written,
ready,560229,P560229,Q2170463,BM 016523,Cuneiform Tablet BM 016523,,P853,Q512153,Middle Hittite Period,Old Babylonian Period,Q512152,Replace live period claim with the period expected from the current live FactGrid P692 CDLI ID.,Q2170463$70C98DF5-ED75-43E0-9147-DBFB4124958A,Q2170463$71449FB4-0336-4A3E-A637-67E930AA7338,written,
ready,560244,P560244,Q2163495,BM 016546,Cuneiform Tablet BM 016546,,P853,Q512153,Middle Hittite Period,Old Babylonian Period,Q512152,Replace live period claim with the period expected from the current live FactGrid P692 CDLI ID.,Q2163495$7BD8207D-3401-46CD-81BC-1F91566F0A53,Q2163495$F160D20F-1246-40E0-A2C2-5755D59F5E05,written,
ready,560268,P560268,Q2168198,BM 016597,Cuneiform Tablet BM 016597,,P853,Q512162,Persian Period,Neo-Babylonian Period,Q512161,Replace live period claim with the period expected from the current live FactGrid P692 CDLI ID.,Q2168198$37DF1FC8-E6C3-491C-9EB4-015A54D0BC0C,Q2168198$FC7D2D09-2C45-4AA3-8191-1FE0637B1D6E,written,
ready,560287,P560287,Q2168325,BM 016619,Cuneiform Tablet BM 016619,,P853,Q512153,Middle Hittite Period,Old Babylonian Period,Q512152,Replace live period claim with the period expected from the current live FactGrid P692 CDLI ID.,Q2168325$04ED50F9-7B46-4B1B-869F-B7375D1B4CE1,Q2168325$04A74726-6D33-4941-BAEE-85F048B8E9E1,written,
ready,560291,P560291,Q2168545,BM 016623,Cuneiform Tablet BM 016623,,P853,Q512148,Ur III Period,Old Babylonian Period,Q512152,Replace live period claim with the period expected from the current live FactGrid P692 CDLI ID.,Q2168545$D2B2D8B5-F279-427E-9F0E-A1C01D7310B8,Q2168545$89593A19-7D77-4465-9900-41587EDB38E2,written,
ready,560301,P560301,Q2163301,BM 016633,Cuneiform Artifact BM 016633,,P853,Q512153,Middle Hittite Period,Old Babylonian Period,Q512152,Replace live period claim with the period expected from the current live FactGrid P692 CDLI ID.,Q2163301$00E9CB85-8B93-4549-A231-32D6A5656EB4,Q2163301$22628BC7-87B5-4D27-B887-91DA3891A1DE,written,
ready,560383,P560383,Q2170268,BM 016755,Cuneiform Tablet BM 016755,,P853,Q512153,Middle Hittite Period,Old Babylonian Period,Q512152,Replace live period claim with the period expected from the current live FactGrid P692 CDLI ID.,Q2170268$F5F71DB0-B60A-4E1A-A7E7-60764218FB50,Q2170268$1ED9112D-8BC1-419F-A2C5-391273D58799,written,
ready,560395,P560395,Q2165535,BM 016779,Cuneiform Tablet BM 016779,,P853,Q512153,Middle Hittite Period,Old Babylonian Period,Q512152,Replace live period claim with the period expected from the current live FactGrid P692 CDLI ID.,Q2165535$3B925654-47B9-4783-B0E5-0D4F34BB9C22,Q2165535$54C5FDCC-87C7-4EC1-AF76-C422E1C090D9,written,
ready,560403,P560403,Q2166834,BM 016803,Cuneiform Tablet BM 016803,,P853,Q512162,Persian Period,Neo-Babylonian Period,Q512161,Replace live period claim with the period expected from the current live FactGrid P692 CDLI ID.,Q2166834$2AD1CB9D-370F-4AD7-B24F-D9C0A118DA86,Q2166834$F4DA282F-9FCA-4535-B4A1-D26805F95254,written,
ready,560442,P560442,Q2169186,BM 016957,Cuneiform Tablet BM 016957,,P853,Q512153,Middle Hittite Period,Old Babylonian Period,Q512152,Replace live period claim with the period expected from the current live FactGrid P692 CDLI ID.,Q2169186$EBF0A841-7549-4921-BD45-17F2B2F44D9D,Q2169186$76D9235F-8834-4F4A-A79E-DB2B1A9D4B36,written,
ready,560454,P560454,Q2044633,BM 016998,Cuneiform Tablet BM 016998,,P853,Q512153,Middle Hittite Period,Old Babylonian Period,Q512152,Replace live period claim with the period expected from the current live FactGrid P692 CDLI ID.,Q2044633$002952AF-E985-4879-811F-27D36F7D91E5,Q2044633$6442FC15-1FFB-412F-AAED-6937BABE4BF6,written,
ready,560478,P560478,Q2165109,BM 017078a,Cuneiform Artifact BM 017078a,,P853,Q512153,Middle Hittite Period,Old Babylonian Period,Q512152,Replace live period claim with the period expected from the current live FactGrid P692 CDLI ID.,Q2165109$A1B4C04E-43F6-440A-8571-634EDD4912D0,Q2165109$B89C3B3A-D513-4E6E-86E1-44E895CC8115,written,
ready,560497,P560497,Q2164291,BM 017129,Cuneiform Tablet BM 017129,,P853,Q512153,Middle Hittite Period,Old Babylonian Period,Q512152,Replace live period claim with the period expected from the current live FactGrid P692 CDLI ID.,Q2164291$893F14EF-E76B-48DB-9B1E-85BE9CEF467B,Q2164291$1E7CE9C5-AB67-45E3-99E4-69F4A6D297BC,written,
ready,560507,P560507,Q2169403,BM 017150,Cuneiform Tablet BM 017150,,P853,Q512153,Middle Hittite Period,Old Babylonian Period,Q512152,Replace live period claim with the period expected from the current live FactGrid P692 CDLI ID.,Q2169403$C7B70F58-622A-4F6E-A470-51E1B3834A43,Q2169403$7DF5066B-A0EF-43B5-BCBD-8D59E2A092ED,written,
ready,560511,P560511,Q2147030,BM 017160,Cuneiform Tablet BM 017160,,P853,Q512153,Middle Hittite Period,Old Babylonian Period,Q512152,Replace live period claim with the period expected from the current live FactGrid P692 CDLI ID.,Q2147030$E35F8CA9-E2C1-41DC-A93D-7479B74014D7,Q2147030$6728C69F-B4A0-4865-99BD-75E0C5A8D799,written,
ready,560546,P560546,Q2167047,BM 017216,Cuneiform Tablet BM 017216,,P853,Q512153,Middle Hittite Period,Old Babylonian Period,Q512152,Replace live period claim with the period expected from the current live FactGrid P692 CDLI ID.,Q2167047$A4BDE50A-B345-4866-B3BF-6CAFED7E7F98,Q2167047$7514E8FC-2A08-44A6-B7AF-1FC1EEBF6FB6,written,
ready,560585,P560585,Q2162409,BM 017267,Cuneiform Tablet BM 017267,,P853,Q512153,Middle Hittite Period,Old Babylonian Period,Q512152,Replace live period claim with the period expected from the current live FactGrid P692 CDLI ID.,Q2162409$EF94B316-3704-4482-9293-7639D9F52F1D,Q2162409$64D95FC8-ABAE-4763-BDE0-2D17C5928B89,written,
ready,560638,P560638,Q2168040,BM 017414,Cuneiform Tablet BM 017414,,P853,Q512153,Middle Hittite Period,Old Babylonian Period,Q512152,Replace live period claim with the period expected from the current live FactGrid P692 CDLI ID.,Q2168040$D26AD3E2-044C-44AC-BEA8-660DB8E898AA,Q2168040$F5D2E996-ECAC-4AD8-AB0C-59BC7012390F,written,
ready,560679,P560679,Q2170321,BM 017538,Cuneiform Tablet BM 017538,,P853,Q512153,Middle Hittite Period,Old Babylonian Period,Q512152,Replace live period claim with the period expected from the current live FactGrid P692 CDLI ID.,Q2170321$4B7D23DB-537C-4032-A492-AB9BF3CAEA0C,Q2170321$82118261-256F-4D74-A02B-D34D9B5771EB,written,
ready,560680,P560680,Q2166176,BM 017539,Cuneiform Tablet BM 017539,,P853,Q512153,Middle Hittite Period,Old Babylonian Period,Q512152,Replace live period claim with the period expected from the current live FactGrid P692 CDLI ID.,Q2166176$8B5A330A-8633-45B1-8DED-09BD712BFED4,Q2166176$CCBA1163-75B7-425D-85F7-632DD5A4652C,written,
ready,560751,P560751,Q2163425,BM 017727,Cuneiform Tablet BM 017727,,P853,Q512155,Middle Assyrian Period,Middle Babylonian Period,Q512154,Replace live period claim with the period expected from the current live FactGrid P692 CDLI ID.,Q2163425$9C88D59F-FF7B-41A8-AF08-DB29AD0E5054,Q2163425$E3E3EDF7-FFA8-4ADC-96BD-09E5D9A71D3B,written,
ready,560784,P560784,Q2150620,BM 022049,Cuneiform Tablet BM 022049,,P853,Q512162,Persian Period,Neo-Babylonian Period,Q512161,Replace live period claim with the period expected from the current live FactGrid P692 CDLI ID.,Q2150620$46EE2CC2-5274-4DEC-99CF-AED4AEDF7AA5,Q2150620$E7ED01D7-57E1-4161-9B89-D8FA518BB2E6,written,
ready,560792,P560792,Q2168069,BM 022082,Cuneiform Tablet BM 022082,,P853,Q512162,Persian Period,Neo-Babylonian Period,Q512161,Replace live period claim with the period expected from the current live FactGrid P692 CDLI ID.,Q2168069$A3AD0A6F-99A9-4A94-8B3F-0BDE11445E12,Q2168069$40204EC1-02F9-4C18-ADF6-EFABA73C3FD7,written,
ready,560815,P560815,Q2167489,BM 022510,Cuneiform Tablet BM 022510,,P853,Q512153,Middle Hittite Period,Old Babylonian Period,Q512152,Replace live period claim with the period expected from the current live FactGrid P692 CDLI ID.,Q2167489$0279B7E7-379D-4BC5-8950-0D4EA68BE91F,Q2167489$982685D0-A5C0-4B15-9454-4FE33CC78BA9,written,
ready,560842,P560842,Q2048079,BM 022547,Cuneiform Tablet BM 022547,,P853,Q512153,Middle Hittite Period,Old Babylonian Period,Q512152,Replace live period claim with the period expected from the current live FactGrid P692 CDLI ID.,Q2048079$26D75A7B-FA4E-48AD-9DC5-BFA4B4D48FD8,Q2048079$7516890D-2BBC-4678-9AAA-5EAAA4563B65,written,
ready,560854,P560854,Q2169836,BM 022560,Cuneiform Tablet BM 022560,,P853,Q512153,Middle Hittite Period,Old Babylonian Period,Q512152,Replace live period claim with the period expected from the current live FactGrid P692 CDLI ID.,Q2169836$95C2B874-8BB1-4F55-8927-05300637CD45,Q2169836$D43DE6D9-751B-4F32-9001-BE061C504699,written,
ready,560881,P560881,Q2164661,BM 022596,Cuneiform Tablet BM 022596,,P853,Q512153,Middle Hittite Period,Old Babylonian Period,Q512152,Replace live period claim with the period expected from the current live FactGrid P692 CDLI ID.,Q2164661$CCD07083-E37E-424E-98EA-DD3A0D56F670,Q2164661$B4A6AF50-5C49-4802-AD50-363B2048A4EF,written,
ready,560907,P560907,Q2047302,BM 022626,Cuneiform Tablet BM 022626,,P853,Q512153,Middle Hittite Period,Old Babylonian Period,Q512152,Replace live period claim with the period expected from the current live FactGrid P692 CDLI ID.,Q2047302$12C22837-7DDB-4ECB-9A57-2F21A37C0249,Q2047302$D4DBE17C-55D1-4DF9-B34C-E193B535D032,written,
ready,560911,P560911,Q2169055,BM 022631,Cuneiform Tablet BM 022631,,P853,Q512153,Middle Hittite Period,Old Babylonian Period,Q512152,Replace live period claim with the period expected from the current live FactGrid P692 CDLI ID.,Q2169055$70E6A10A-D710-48AD-8DF1-874DF2D5C2BC,Q2169055$7DB8E862-1712-4C2C-ACE4-C12636300E63,written,
ready,560950,P560950,Q2166690,BM 022735,Cuneiform Tablet BM 022735,,P853,Q512153,Middle Hittite Period,Old Babylonian Period,Q512152,Replace live period claim with the period expected from the current live FactGrid P692 CDLI ID.,Q2166690$D71E2025-3C64-4A21-8EC6-0A7DA2C1DE15,Q2166690$A4CC362F-39E3-403B-905C-AED7389F8DF1,written,
ready,561005,P561005,Q2163929,BM 023433,Cuneiform Tablet BM 023433,,P853,Q512153,Middle Hittite Period,Old Babylonian Period,Q512152,Replace live period claim with the period expected from the current live FactGrid P692 CDLI ID.,Q2163929$0BA91D3D-5B65-40BF-A660-FD485F5E9051,Q2163929$BC5C26C9-4F4D-419D-82B3-19EDD6F736F0,written,
ready,561029,P561029,Q2167743,BM 023494,Cuneiform Artifact BM 023494,,P853,Q512153,Middle Hittite Period,Old Babylonian Period,Q512152,Replace live period claim with the period expected from the current live FactGrid P692 CDLI ID.,Q2167743$EF46A42E-7B5B-4DC3-8302-B7D59A8E0EB2,Q2167743$BA1C4D68-1FAA-4899-9230-016006F6D6CF,written,
ready,561068,P561068,Q2170038,BM 023618,Cuneiform Tablet BM 023618,,P853,Q512153,Middle Hittite Period,Old Babylonian Period,Q512152,Replace live period claim with the period expected from the current live FactGrid P692 CDLI ID.,Q2170038$CB479657-82FE-4D1C-962B-1679C18E7B8F,Q2170038$80FDA773-8DEB-4EE5-BACE-3D4B8E1D83CA,written,
ready,561091,P561091,Q2165898,BM 024869,Cuneiform Tablet BM 024869,,P853,Q512153,Middle Hittite Period,Old Babylonian Period,Q512152,Replace live period claim with the period expected from the current live FactGrid P692 CDLI ID.,Q2165898$C29C059E-E88D-4E0E-AB51-69203516B787,Q2165898$60C2E917-BAF0-41FF-B5C6-6C8C89D4FFBD,written,
ready,561140,P561140,Q2163130,BM 026410,Cuneiform Tablet BM 026410,,P853,Q512153,Middle Hittite Period,Old Babylonian Period,Q512152,Replace live period claim with the period expected from the current live FactGrid P692 CDLI ID.,Q2163130$1C2D526B-27F0-4207-80AD-848E061F9536,Q2163130$DD3CAE68-ED01-42F3-856A-69A7794D1DC9,written,
ready,561183,P561183,Q2167787,BM 028928,Cuneiform Tablet BM 028928,,P853,Q512153,Middle Hittite Period,Old Babylonian Period,Q512152,Replace live period claim with the period expected from the current live FactGrid P692 CDLI ID.,Q2167787$DCC5FBDA-492F-455B-B604-17BE50416AC4,Q2167787$4A89D8E7-9C79-46EB-A5E2-90E74FC576BD,written,
ready,561195,P561195,Q2157037,BM 029159,Cuneiform Tablet BM 029159,,P853,Q512153,Middle Hittite Period,Old Babylonian Period,Q512152,Replace live period claim with the period expected from the current live FactGrid P692 CDLI ID.,Q2157037$C24A3D9D-3027-422C-A22D-B9657D660353,Q2157037$38289529-71B5-470D-8081-B82ABCADB35E,written,
ready,561212,P561212,Q2166557,BM 029635,Cuneiform Tablet BM 029635,,P853,Q512153,Middle Hittite Period,Old Babylonian Period,Q512152,Replace live period claim with the period expected from the current live FactGrid P692 CDLI ID.,Q2166557$B31635B4-D4B7-46C4-9DC7-3F0D5E5A882C,Q2166557$8E726D9A-070F-4D9B-80DA-995FDDF94551,written,
ready,561245,P561245,Q2047618,BM 085004,Cuneiform Tablet BM 085004,,P853,Q512153,Middle Hittite Period,Old Babylonian Period,Q512152,Replace live period claim with the period expected from the current live FactGrid P692 CDLI ID.,Q2047618$03A6572F-953F-4356-809E-68614C4D6623,Q2047618$E5D1BE5E-96B8-44C0-AAE2-24EB5E54FB07,written,
ready,561253,P561253,Q2168906,BM 085041,Cuneiform Tablet BM 085041,,P853,Q512153,Middle Hittite Period,Old Babylonian Period,Q512152,Replace live period claim with the period expected from the current live FactGrid P692 CDLI ID.,Q2168906$D34F655A-2A75-4332-AD9A-665317C04F3B,Q2168906$FD55F887-9D07-45E9-9066-C26A041364A5,written,
ready,561269,P561269,Q2164763,BM 085090,Cuneiform Tablet BM 085090,,P853,Q512153,Middle Hittite Period,Old Babylonian Period,Q512152,Replace live period claim with the period expected from the current live FactGrid P692 CDLI ID.,Q2164763$8AFDE05A-5767-4C6A-9237-461C2E9CE629,Q2164763$9320A4C3-452C-4654-B79F-7445E286FD7C,written,
ready,561286,P561286,Q2164595,BM 085149,Cuneiform Tablet BM 085149,,P853,Q512153,Middle Hittite Period,Old Babylonian Period,Q512152,Replace live period claim with the period expected from the current live FactGrid P692 CDLI ID.,Q2164595$CD848834-7103-4D9C-B0B8-D83B03A51233,Q2164595$C3DFE34F-23C6-479F-966C-CFCFEF796028,written,
ready,561300,P561300,Q2063814,BM 085176,Cuneiform Tablet BM 085176,,P853,Q512153,Middle Hittite Period,Old Babylonian Period,Q512152,Replace live period claim with the period expected from the current live FactGrid P692 CDLI ID.,Q2063814$C889954E-5D1B-47EC-8C41-79E5BACDDAAA,Q2063814$35822A8D-AEE4-475D-9482-EF2EEBC673D9,written,
ready,561316,P561316,Q2169706,BM 085234,Cuneiform Tablet BM 085234,,P853,Q512153,Middle Hittite Period,Old Babylonian Period,Q512152,Replace live period claim with the period expected from the current live FactGrid P692 CDLI ID.,Q2169706$9E319B02-E2A3-40BC-BA09-0BB2C3E0D883,Q2169706$6B42A81D-29A1-455E-B33C-D11730C149EA,written,
ready,561357,P561357,Q2167336,BM 085522,Cuneiform Tablet BM 085522,,P853,Q512153,Middle Hittite Period,Old Babylonian Period,Q512152,Replace live period claim with the period expected from the current live FactGrid P692 CDLI ID.,Q2167336$2D8D299B-961F-491A-96EE-18871A7A3B30,Q2167336$07938A38-DB7E-49AB-99BD-B9ECAF7A8234,written,
ready,561394,P561394,Q2162703,BM 085940,Cuneiform Artifact BM 085940,,P853,Q512153,Middle Hittite Period,Old Babylonian Period,Q512152,Replace live period claim with the period expected from the current live FactGrid P692 CDLI ID.,Q2162703$4C311710-BA30-4C58-866A-0C5D39C8C18A,Q2162703$8D103066-55D7-41D1-B2DD-1249B9FCA1BC,written,
ready,561438,P561438,Q2170164,BM 030010,Cuneiform Tablet BM 030010,,P853,Q512153,Middle Hittite Period,Old Babylonian Period,Q512152,Replace live period claim with the period expected from the current live FactGrid P692 CDLI ID.,Q2170164$A43994D4-CB4A-4AE2-95DC-F88C24C90BDC,Q2170164$2174417E-E89E-4445-BA2D-3AF9A924DBAA,written,
ready,561455,P561455,Q2163804,BM 030031,Cuneiform Tablet BM 030031,,P853,Q512153,Middle Hittite Period,Old Babylonian Period,Q512152,Replace live period claim with the period expected from the current live FactGrid P692 CDLI ID.,Q2163804$3D1BD4B6-38F1-4382-9AF5-5F5FC4630BB4,Q2163804$F98173CE-6557-4324-B810-238406C5B073,written,
ready,561479,P561479,Q2167909,BM 030108,Cuneiform Artifact BM 030108,,P853,Q512153,Middle Hittite Period,Old Babylonian Period,Q512152,Replace live period claim with the period expected from the current live FactGrid P692 CDLI ID.,Q2167909$CA4A1FAD-624D-4B43-BB0D-2034F919CC43,Q2167909$EA46B2BB-42EE-444E-8A5B-25043D924CFA,written,
ready,561480,P561480,Q2163150,BM 030109,Cuneiform Artifact BM 030109,,P853,Q512148,Ur III Period,Old Babylonian Period,Q512152,Replace live period claim with the period expected from the current live FactGrid P692 CDLI ID.,Q2163150$69098410-6FBB-4D76-BE28-4CC26F3C9E6E,Q2163150$D92B17E1-DB59-4755-BD5A-E4816BF64FC4,written,
ready,561496,P561496,Q1362572,BM 030219,Cuneiform Tablet BM 030219,,P853,Q512153,Middle Hittite Period,Old Babylonian Period,Q512152,Replace live period claim with the period expected from the current live FactGrid P692 CDLI ID.,Q1362572$0CEA87BB-6618-4A2D-A811-5EA1C134BDC5,Q1362572$0D4AD487-64CE-4B6E-B9F5-6441504C527D,written,
ready,561510,P561510,Q2162996,BM 030552,Cuneiform Tablet BM 030552,,P853,Q512162,Persian Period,Neo-Babylonian Period,Q512161,Replace live period claim with the period expected from the current live FactGrid P692 CDLI ID.,Q2162996$F9219D34-F68C-4E07-BFBF-AE602BCBE816,Q2162996$637BE7E0-6425-4089-AADE-5C5A0EDDBBDA,written,
ready,561603,P561603,Q2169034,BM 031368,Cuneiform Tablet BM 031368,,P853,Q512162,Persian Period,Neo-Babylonian Period,Q512161,Replace live period claim with the period expected from the current live FactGrid P692 CDLI ID.,Q2169034$4FC3FA97-A5AC-43C8-BBD9-12FBF92F2393,Q2169034$341627ED-2844-486C-B763-7159F826974E,written,
ready,561746,P561746,Q2169832,BM 031729,Cuneiform Tablet BM 031729,,P853,Q512162,Persian Period,Neo-Babylonian Period,Q512161,Replace live period claim with the period expected from the current live FactGrid P692 CDLI ID.,Q2169832$BA4EC5EA-B41D-4031-9789-AD47EA6167D3,Q2169832$3D50724D-FEEA-431C-89CA-65D4EBC987F9,written,
ready,561879,P561879,Q2168700,BM 032019,Cuneiform Tablet BM 032019,,P853,Q512162,Persian Period,Neo-Babylonian Period,Q512161,Replace live period claim with the period expected from the current live FactGrid P692 CDLI ID.,Q2168700$8491B81A-D039-4462-9E0A-1DDFD75E6CA9,Q2168700$CCA1621E-3FE1-4F29-80CE-3226C5FC6574,written,
ready,562015,P562015,Q2165264,BM 032493,Cuneiform Tablet BM 032493,,P853,Q512162,Persian Period,Neo-Babylonian Period,Q512161,Replace live period claim with the period expected from the current live FactGrid P692 CDLI ID.,Q2165264$0877AE88-2E7C-416D-8890-47CD899740DE,Q2165264$DD928A2A-0934-44AC-8FD7-FCA978EB7AAF,written,
ready,562107,P562107,Q2162175,BM 032717,Cuneiform Tablet BM 032717,,P853,Q512162,Persian Period,Neo-Babylonian Period,Q512161,Replace live period claim with the period expected from the current live FactGrid P692 CDLI ID.,Q2162175$6C04D30F-CEFB-4931-982A-E960724F7799,Q2162175$017509C1-9CC8-4FCC-8CA5-03820A0863F9,written,
ready,562150,P562150,Q2164286,BM 032811,Cuneiform Tablet BM 032811,,P853,Q512162,Persian Period,Neo-Babylonian Period,Q512161,Replace live period claim with the period expected from the current live FactGrid P692 CDLI ID.,Q2164286$E7E0FE8A-2814-4DD4-B46B-7BF61DD0E82E,Q2164286$D113589B-E22E-4D3D-A5AE-B99D710B3795,written,
ready,562202,P562202,Q2165334,BM 032973,Cuneiform Tablet BM 032973,,P853,Q512162,Persian Period,Neo-Babylonian Period,Q512161,Replace live period claim with the period expected from the current live FactGrid P692 CDLI ID.,Q2165334$AB90852B-853B-41B2-8B20-BA7BE425FD2A,Q2165334$D16D9D02-7130-4137-A747-234607E9959A,written,
ready,562306,P562306,Q2166270,BM 033438,Cuneiform Tablet BM 033438,,P853,Q512148,Ur III Period,Old Babylonian Period,Q512152,Replace live period claim with the period expected from the current live FactGrid P692 CDLI ID.,Q2166270$4A420B0F-0979-4967-B12E-655895F4E8E2,Q2166270$DFFE97AE-458E-46E8-9240-34758C531F6B,written,
ready,562310,P562310,Q2168419,BM 033444,Cuneiform Tablet BM 033444,,P853,Q512153,Middle Hittite Period,Old Babylonian Period,Q512152,Replace live period claim with the period expected from the current live FactGrid P692 CDLI ID.,Q2168419$EB83FAED-2E35-4014-8C89-D3AFE82FD3F7,Q2168419$65990691-1741-4632-8E39-E5C2DD3E9A53,written,
ready,562445,P562445,Q2165101,BM 033821,Cuneiform Tablet BM 033821,,P853,Q512159,Late Babylonian Period,Neo-Assyrian Period,Q512158,Replace live period claim with the period expected from the current live FactGrid P692 CDLI ID.,Q2165101$B38D0FD1-15E5-481B-8C77-09D6224E9E03,Q2165101$40D3D955-8772-483B-BAC6-E2C0C9FBDF1E,written,
ready,562701,P562701,Q2170542,BM 035194,Cuneiform Tablet BM 035194,,P853,Q512165,Selucid Period,Hellenistic Period,Q512164,Replace live period claim with the period expected from the current live FactGrid P692 CDLI ID.,Q2170542$C5FBCBCE-0CD4-4DFE-BF58-8FEDA088FED7,Q2170542$7D2B66A2-B48C-4F9E-B689-74981012F2E1,written,
ready,563501,P563501,Q2011062,BM 037812,Cuneiform Tablet BM 037812,,P853,Q512162,Persian Period,Neo-Babylonian Period,Q512161,Replace live period claim with the period expected from the current live FactGrid P692 CDLI ID.,Q2011062$74D06A7E-7B0F-48A4-AF84-88739A3C2815,Q2011062$AB7FB736-5842-401C-BB11-926979CA43D2,written,
ready,563690,P563690,Q2167473,BM 038240,Cuneiform Tablet BM 038240,,P853,Q512162,Persian Period,Neo-Babylonian Period,Q512161,Replace live period claim with the period expected from the current live FactGrid P692 CDLI ID.,Q2167473$86B8AD25-2E20-4E00-BA3F-3CCEDB4B02E6,Q2167473$4F9A9C0B-E44A-4111-8260-A91FC895E2AC,written,
ready,563852,P563852,Q2168289,BM 038500,Cuneiform Tablet BM 038500,,P853,Q512162,Persian Period,Neo-Babylonian Period,Q512161,Replace live period claim with the period expected from the current live FactGrid P692 CDLI ID.,Q2168289$4F207721-AD9D-4F54-B833-94E9A4129D7E,Q2168289$161D5B27-4CDC-4B07-95F6-9E377011E39F,written,
ready,565178,P565178,Q2166179,Babylonian Horoscopes no. 19,Cuneiform Tablet Babylonian Horoscopes no. 19,,P853,Q512165,Selucid Period,Hellenistic Period,Q512164,Replace live period claim with the period expected from the current live FactGrid P692 CDLI ID.,Q2166179$0D90CF2F-F56E-41ED-A5B9-BE1CC08BCF1F,Q2166179$9788B1F3-74EA-4F7D-AF2B-2E118D3EB7CA,written,
ready,565181,P565181,Q2170328,Babylonian Horoscopes no. 24,Cuneiform Tablet Babylonian Horoscopes no. 24,,P853,Q512165,Selucid Period,Hellenistic Period,Q512164,Replace live period claim with the period expected from the current live FactGrid P692 CDLI ID.,Q2170328$5F5808D7-39A4-4683-8E5B-03F4E00E3F44,Q2170328$04194860-B7FC-43B6-8EC9-464B336C3AAA,written,
ready,565206,P565206,Q2026277,"ADART 1, no. -264","Cuneiform Tablet ADART 1, no. -264",,P853,Q512165,Selucid Period,Hellenistic Period,Q512164,Replace live period claim with the period expected from the current live FactGrid P692 CDLI ID.,Q2026277$046DA55D-B024-44D9-A444-85C3FD1613FF,Q2026277$E135401F-FAA6-46FB-B824-610A0EDD960F,written,
ready,565210,P565210,Q2169221,"ADART 1, no. -302","Cuneiform Tablet ADART 1, no. -302",,P853,Q512165,Selucid Period,Hellenistic Period,Q512164,Replace live period claim with the period expected from the current live FactGrid P692 CDLI ID.,Q2169221$671F4A1A-8B42-45E1-85F3-719091F0A54E,Q2169221$FA6119EB-9295-4E04-9592-12E1EB1E1A6F,written,
ready,565251,P565251,Q2166950,"ADART 2, no. -222","Cuneiform Tablet ADART 2, no. -222",,P853,Q512165,Selucid Period,Hellenistic Period,Q512164,Replace live period claim with the period expected from the current live FactGrid P692 CDLI ID.,Q2166950$C9B45604-D5AC-4BEA-8623-310AF561D54B,Q2166950$4673527D-BF8A-4E2F-90C2-FC0EBA2DDE04,written,
ready,565292,P565292,Q2162314,"ADART 3, no. -161 B","Cuneiform Tablet ADART 3, no. -161 B",,P853,Q512165,Selucid Period,Hellenistic Period,Q512164,Replace live period claim with the period expected from the current live FactGrid P692 CDLI ID.,Q2162314$466EDFD3-84A8-47A4-8D61-3E1225DD50C4,Q2162314$270D8887-919C-4B69-9AD2-941F5076B33B,written,
ready,565314,P565314,Q2167303,"ADART 3, no. -134 A","Cuneiform Tablet ADART 3, no. -134 A",,P853,Q512165,Selucid Period,Hellenistic Period,Q512164,Replace live period claim with the period expected from the current live FactGrid P692 CDLI ID.,Q2167303$305814F0-F1E9-4339-8CA6-B0F7E5B06320,Q2167303$413B1485-3D1D-4628-BD8F-BA5F636474AC,written,
ready,565343,P565343,Q2142797,"Wiseman, Iraq 30/2 (1968), p. 200-201, TR 2067","Cuneiform Tablet Wiseman, Iraq 30/2 (1968), p. 200-201, TR 2067",,P853,Q512156,Middle Elamite Period,Middle Assyrian Period,Q512155,Replace live period claim with the period expected from the current live FactGrid P692 CDLI ID.,Q2142797$D2802413-B6E1-4E50-93EB-04A6860CCC3C,Q2142797$80CA94DE-E2D5-46A1-9167-BA165611D859,written,
ready,565355,P565355,Q2169574,"Wiseman, Iraq 30/2 (1968), p. 200-201, TR 2073","Cuneiform Tablet Wiseman, Iraq 30/2 (1968), p. 200-201, TR 2073",,P853,Q512156,Middle Elamite Period,Middle Assyrian Period,Q512155,Replace live period claim with the period expected from the current live FactGrid P692 CDLI ID.,Q2169574$1B6ADBF0-37E9-48EA-9A5B-BA1FB3C33B88,Q2169574$47890330-0DF0-4813-A5FD-DA76E2280998,written,
ready,565380,P565380,Q2165119,"Wiseman, Iraq 30/2 (1968), p. 202-203, TR 2911","Cuneiform Tablet Wiseman, Iraq 30/2 (1968), p. 202-203, TR 2911",,P853,Q512156,Middle Elamite Period,Middle Assyrian Period,Q512155,Replace live period claim with the period expected from the current live FactGrid P692 CDLI ID.,Q2165119$B111D176-3F73-42B3-9F50-E1ABC1C21E60,Q2165119$C551AEE7-1A32-4A21-9FDC-55216EEE3A40,written,
ready,565416,P565416,Q2163766,"SCIAMVS 16, 75-90","Cuneiform Tablet SCIAMVS 16, 75-90",,P853,Q512165,Selucid Period,Hellenistic Period,Q512164,Replace live period claim with the period expected from the current live FactGrid P692 CDLI ID.,Q2163766$82F94ECD-CFBF-4CFB-AC6A-6021E22B83BC,Q2163766$674AD87B-5924-428F-97A4-C817E6C5A80D,written,
ready,565482,P565482,Q2166315,Ismail diss. no. 001,Cuneiform Tablet Ismail diss. no. 001,,P853,Q512153,Middle Hittite Period,Old Babylonian Period,Q512152,Replace live period claim with the period expected from the current live FactGrid P692 CDLI ID.,Q2166315$38F2862E-7EF7-4694-89AD-5F2BF8C72916,Q2166315$2D872577-1149-4C0A-8962-9CD174950F59,written,
ready,565528,P565528,Q2166345,Ismail diss. no. 047,Cuneiform Tablet Ismail diss. no. 047,,P853,Q512153,Middle Hittite Period,Old Babylonian Period,Q512152,Replace live period claim with the period expected from the current live FactGrid P692 CDLI ID.,Q2166345$DE607337-BCC8-4604-B6C4-F8B289A6BDAC,Q2166345$BBD83A45-0AC3-47DD-9ECF-DCBFFB1C4963,written,
ready,565553,P565553,Q2163411,Ismail diss. no. 072,Cuneiform Tablet Ismail diss. no. 072,,P853,Q512153,Middle Hittite Period,Old Babylonian Period,Q512152,Replace live period claim with the period expected from the current live FactGrid P692 CDLI ID.,Q2163411$A0E09BE3-CE61-495E-81BC-B6975FD6669D,Q2163411$15F0BE7E-52B0-4BE3-9709-9E3181EA32C3,written,
ready,565569,P565569,Q2168357,Ismail diss. no. 089,Cuneiform Tablet Ismail diss. no. 089,,P853,Q512146,Lagash II Period,Old Babylonian Period,Q512152,Replace live period claim with the period expected from the current live FactGrid P692 CDLI ID.,Q2168357$83A21F06-79B1-4D70-8CB9-1551F27F8035,Q2168357$DB232F09-86A2-446C-B60E-9184E023C251,written,
ready,565586,P565586,Q2148306,Ismail diss. no. 106,Cuneiform Tablet Ismail diss. no. 106,,P853,Q512153,Middle Hittite Period,Old Babylonian Period,Q512152,Replace live period claim with the period expected from the current live FactGrid P692 CDLI ID.,Q2148306$5B000DBF-A8F5-4E15-BB88-A686C212991C,Q2148306$3D5F0D4C-046B-4B3C-A1AD-2DABECAC29B4,written,
ready,565590,P565590,Q2168205,Ismail diss. no. 110,Cuneiform Tablet Ismail diss. no. 110,,P853,Q512153,Middle Hittite Period,Old Babylonian Period,Q512152,Replace live period claim with the period expected from the current live FactGrid P692 CDLI ID.,Q2168205$1248AF38-6C9C-4F01-8CC4-8BCA393E59DD,Q2168205$2A761D46-E8B9-45BB-81DD-82CA8FF4B1A6,written,
ready,565601,P565601,Q2166809,Ismail diss. no. 121,Cuneiform Tablet Ismail diss. no. 121,,P853,Q512153,Middle Hittite Period,Old Babylonian Period,Q512152,Replace live period claim with the period expected from the current live FactGrid P692 CDLI ID.,Q2166809$CB565050-1954-46FB-8353-A59CD6C08AB8,Q2166809$274F1CE9-AC03-4E80-8C40-5549BE4D17D7,written,
ready,565640,P565640,Q2169076,"OrNS 63/4 (1994) p. 305-344, L91-326","Cuneiform Tablet OrNS 63/4 (1994) p. 305-344, L91-326",,P853,Q512153,Middle Hittite Period,Old Babylonian Period,Q512152,Replace live period claim with the period expected from the current live FactGrid P692 CDLI ID.,Q2169076$C7B1EAB3-36EB-431E-A991-5528B559FF8D,Q2169076$402B0D15-6D51-4AE0-B746-527FA42AEF49,written,
ready,565656,P565656,Q2047267,"OrNS 63/4 (1994) p. 305-344, L91-649","Cuneiform Tablet OrNS 63/4 (1994) p. 305-344, L91-649",,P853,Q512153,Middle Hittite Period,Old Babylonian Period,Q512152,Replace live period claim with the period expected from the current live FactGrid P692 CDLI ID.,Q2047267$A199E6D1-25A0-4E2D-A868-9840D438E146,Q2047267$A3D87E96-6093-42D1-B41A-5FA8DD67657C,written,
ready,565695,P565695,Q2164273,"OrNS 63/4 (1994) p. 305-344, L91-503","Cuneiform Tablet OrNS 63/4 (1994) p. 305-344, L91-503",,P853,Q512153,Middle Hittite Period,Old Babylonian Period,Q512152,Replace live period claim with the period expected from the current live FactGrid P692 CDLI ID.,Q2164273$4C262D4E-9C2C-41EB-B3E1-F158E9B7EB33,Q2164273$46C477AE-279E-4376-835C-7706FC3F1751,written,
ready,565705,P565705,Q2169409,"OrNS 63/4 (1994) p. 305-344, L91-822","Cuneiform Tablet OrNS 63/4 (1994) p. 305-344, L91-822",,P853,Q512153,Middle Hittite Period,Old Babylonian Period,Q512152,Replace live period claim with the period expected from the current live FactGrid P692 CDLI ID.,Q2169409$8DEFD209-2443-4735-AB97-2D65E5062E92,Q2169409$8F53F917-540E-48F1-9242-880FF652FD24,written,
ready,565713,P565713,Q2146581,"OrNS 63/4 (1994) p. 305-344, L91-455A","Cuneiform Tablet OrNS 63/4 (1994) p. 305-344, L91-455A",,P853,Q512153,Middle Hittite Period,Old Babylonian Period,Q512152,Replace live period claim with the period expected from the current live FactGrid P692 CDLI ID.,Q2146581$00A75594-CAAD-4427-8329-37E41860541F,Q2146581$0DCC3222-102B-418D-A3D5-9EA34F95B436,written,
ready,565768,P565768,Q2162223,"AJA 94 (1990) p. 568-579, L85-124","Cuneiform Artifact AJA 94 (1990) p. 568-579, L85-124",,P853,Q512153,Middle Hittite Period,Old Babylonian Period,Q512152,Replace live period claim with the period expected from the current live FactGrid P692 CDLI ID.,Q2162223$35DDDFB3-B09E-484A-BA07-9B21CFE88081,Q2162223$172E45A6-B590-42C0-9D01-AB706A7B0C94,written,
ready,566451,P566451,Q2162681,Reynolds Calendar pl. 6-8,Cuneiform Tablet Reynolds Calendar pl. 6-8,,P853,Q512165,Selucid Period,Hellenistic Period,Q512164,Replace live period claim with the period expected from the current live FactGrid P692 CDLI ID.,Q2162681$802603F7-C9C4-4764-A641-ED5E50B30204,Q2162681$4D4E4507-E6DE-4610-B99F-FA1E956CD119,written,
ready,566596,P566596,Q2168912,Cuneiform in Canaan Hazor 15,Cuneiform Tablet Cuneiform in Canaan Hazor 15,,P853,Q512153,Middle Hittite Period,Old Babylonian Period,Q512152,Replace live period claim with the period expected from the current live FactGrid P692 CDLI ID.,Q2168912$D87A148B-23C6-4D57-9D8D-F6CF6A8E0B72,Q2168912$436E512F-1546-4567-B261-EB4787787F72,written,
ready,566611,P566611,Q2165681,BCHP 17,Cuneiform Tablet BCHP 17,,P853,Q512165,Selucid Period,Hellenistic Period,Q512164,Replace live period claim with the period expected from the current live FactGrid P692 CDLI ID.,Q2165681$F9344B74-840B-4505-81D6-74085232CBBE,Q2165681$38C67890-51EF-4463-8FB1-30CF246FF62B,written,
ready,566646,P566646,Q2167778,"Cuneiform in Canaan, Shechem 01","Cuneiform Tablet Cuneiform in Canaan, Shechem 01",,P853,Q512153,Middle Hittite Period,Old Babylonian Period,Q512152,Replace live period claim with the period expected from the current live FactGrid P692 CDLI ID.,Q2167778$D94CB73D-D4B8-4C79-AE85-05B1572A94D9,Q2167778$87DDE3E4-6859-49C6-BBB7-45A14CF300AC,written,
ready,566884,P566884,Q2166975,"Bab Arch 2, no. 1","Cuneiform Tablet Bab Arch 2, no. 1",,P853,Q512162,Persian Period,Neo-Babylonian Period,Q512161,Replace live period claim with the period expected from the current live FactGrid P692 CDLI ID.,Q2166975$DF4F638C-B125-4129-B9D4-90702E7BB193,Q2166975$1B1BE25F-7A30-406E-B96E-E404BC327F5A,written,
ready,566902,P566902,Q2162542,BM 040046,Cuneiform Tablet BM 040046,,P853,Q512159,Late Babylonian Period,Neo-Assyrian Period,Q512158,Replace live period claim with the period expected from the current live FactGrid P692 CDLI ID.,Q2162542$9A204408-5337-46EC-ABC8-37162F0B2CFE,Q2162542$3D02DB11-6DDB-4F92-B414-66441E311C7B,written,
ready,567240,P567240,Q2162425,BM 031028,Cuneiform Tablet BM 031028,,P853,Q512162,Persian Period,Neo-Babylonian Period,Q512161,Replace live period claim with the period expected from the current live FactGrid P692 CDLI ID.,Q2162425$05EECA62-5240-41E6-A34A-54190F13113C,Q2162425$9A41BA4E-4568-4C0B-8DAC-90D620CFBDFA,written,
ready,567407,P567407,Q2167953,"Cuneiform in Canaan, Hebron 01","Cuneiform Tablet Cuneiform in Canaan, Hebron 01",,P853,Q512153,Middle Hittite Period,Old Babylonian Period,Q512152,Replace live period claim with the period expected from the current live FactGrid P692 CDLI ID.,Q2167953$4F31B953-A74E-400F-98CD-5842ECD131E3,Q2167953$F4C10CA0-4FC5-4822-8A03-2ABBDBD37895,written,
ready,567411,P567411,Q2153286,"Cuneiform in Canaan, Beer Sheva 01","Cuneiform Artifact Cuneiform in Canaan, Beer Sheva 01",,P853,Q512159,Late Babylonian Period,Neo-Assyrian Period,Q512158,Replace live period claim with the period expected from the current live FactGrid P692 CDLI ID.,Q2153286$E58E906D-8FCE-4DD5-A57D-F98C8EAEE672,Q2153286$D4718EE8-371A-45B6-8EBC-55C643C609D9,written,
ready,567446,P567446,Q2170267,"ADART 7, 81","Cuneiform Tablet ADART 7, 81",,P853,Q512165,Selucid Period,Hellenistic Period,Q512164,Replace live period claim with the period expected from the current live FactGrid P692 CDLI ID.,Q2170267$9B8E8C62-F515-4C62-B655-438E5BA55409,Q2170267$EABC771F-F01A-48B9-8864-DAF15E15D8BC,written,
ready,567581,P567581,Q2163516,BM 040055,Cuneiform Tablet BM 040055,,P853,Q512162,Persian Period,Neo-Babylonian Period,Q512161,Replace live period claim with the period expected from the current live FactGrid P692 CDLI ID.,Q2163516$6AF41D62-D5BB-4973-B05B-D17DDBBE12DD,Q2163516$36895393-BB4C-4272-A11C-F5A5FFDE149C,written,
ready,568137,P568137,Q2169354,BM 042225,Cuneiform Tablet BM 042225,,P853,Q512162,Persian Period,Neo-Babylonian Period,Q512161,Replace live period claim with the period expected from the current live FactGrid P692 CDLI ID.,Q2169354$73103280-42D8-4C5B-A751-CE9D378865FC,Q2169354$E5D5358B-D17B-482B-AC63-8D9C9D793DED,written,
ready,568208,P568208,Q2168028,BM 042474,Cuneiform Tablet BM 042474,,P853,Q512153,Middle Hittite Period,Old Babylonian Period,Q512152,Replace live period claim with the period expected from the current live FactGrid P692 CDLI ID.,Q2168028$69758E82-FB25-46E5-BA01-1B3F11F5B467,Q2168028$B7F44911-BB1B-4B92-9528-F0C3B486D971,written,
ready,568361,P568361,Q2163461,BM 049193,Cuneiform Tablet BM 049193,,P853,Q512162,Persian Period,Neo-Babylonian Period,Q512161,Replace live period claim with the period expected from the current live FactGrid P692 CDLI ID.,Q2163461$57FD37F2-62B2-4043-B219-ED5104FBB479,Q2163461$BADE3F0D-BDBF-40E3-9276-9FFB3F72522A,written,
ready,568434,P568434,Q2020725,BM 049282,Cuneiform Tablet BM 049282,,P853,Q512162,Persian Period,Neo-Babylonian Period,Q512161,Replace live period claim with the period expected from the current live FactGrid P692 CDLI ID.,Q2020725$27C40970-C795-4898-A7D7-34A1EDF9351A,Q2020725$EC66DDC8-BCF9-4E95-95EE-FD766ECFE07B,written,
ready,568567,P568567,Q2169517,"Nebukadnezar III/IV, no. 25","Cuneiform Tablet Nebukadnezar III/IV, no. 25",,P853,Q512162,Persian Period,Neo-Babylonian Period,Q512161,Replace live period claim with the period expected from the current live FactGrid P692 CDLI ID.,Q2169517$397A4A6E-F987-47FB-9B87-7173662306BD,Q2169517$3D0BE628-BF7F-4880-AD57-D8886A68A2DC,written,
ready,568988,P568988,Q2047973,BM 043888,Cuneiform Tablet BM 043888,,P853,Q512162,Persian Period,Neo-Babylonian Period,Q512161,Replace live period claim with the period expected from the current live FactGrid P692 CDLI ID.,Q2047973$1DD18FB3-21F1-487B-89F9-3E292B2EF5E5,Q2047973$7F916C93-B51E-4513-920C-5DA534A83564,written,
ready,569376,P569376,Q2169818,BM 044400,Cuneiform Tablet BM 044400,,P853,Q512162,Persian Period,Neo-Babylonian Period,Q512161,Replace live period claim with the period expected from the current live FactGrid P692 CDLI ID.,Q2169818$24ACEBB0-6782-4A20-98EB-2EECC1833F77,Q2169818$C9B170A7-F90A-4B32-B6BD-44415801A325,written,
ready,569399,P569399,Q2168841,BM 044432,Cuneiform Tablet BM 044432,,P853,Q512162,Persian Period,Neo-Babylonian Period,Q512161,Replace live period claim with the period expected from the current live FactGrid P692 CDLI ID.,Q2168841$D46A7725-AFC3-4AFB-9889-888BD71547E3,Q2168841$97CC1089-01B4-40E4-88F5-0517B33D1990,written,
ready,570268,P570268,Q2167814,BM 045416,Cuneiform Tablet BM 045416,,P853,Q512162,Persian Period,Neo-Babylonian Period,Q512161,Replace live period claim with the period expected from the current live FactGrid P692 CDLI ID.,Q2167814$2EFD110C-7454-4184-BD3C-69584D7F37E1,Q2167814$4950BEFF-02F4-402E-A70D-3A70852E5667,written,
ready,570497,P570497,Q2164533,BM 046634,Cuneiform Tablet BM 046634,,P853,Q512162,Persian Period,Neo-Babylonian Period,Q512161,Replace live period claim with the period expected from the current live FactGrid P692 CDLI ID.,Q2164533$438CADE6-11A8-4263-96A6-784B4F089E0C,Q2164533$E6FCF517-2F99-4EC0-96D1-E29F9AEECB05,written,
ready,570507,P570507,Q2169753,BM 046647,Cuneiform Tablet BM 046647,,P853,Q512162,Persian Period,Neo-Babylonian Period,Q512161,Replace live period claim with the period expected from the current live FactGrid P692 CDLI ID.,Q2169753$09ED97E7-67E0-4CA9-A74F-802E27AA03D8,Q2169753$1481CED2-07FB-49F3-98FA-6AF97FD6364F,written,
ready,570679,P570679,Q2169953,BM 046921,Cuneiform Tablet BM 046921,,P853,Q512162,Persian Period,Neo-Babylonian Period,Q512161,Replace live period claim with the period expected from the current live FactGrid P692 CDLI ID.,Q2169953$E5CC13AF-57B4-4096-BAA0-CE22519785AB,Q2169953$C002BF59-665C-45B2-AA0B-6FC8821BE4C0,written,
ready,570881,P570881,Q2165090,BM 047244,Cuneiform Tablet BM 047244,,P853,Q512153,Middle Hittite Period,Old Babylonian Period,Q512152,Replace live period claim with the period expected from the current live FactGrid P692 CDLI ID.,Q2165090$66D1F3B3-18FB-4B89-A51F-1E8608B3E600,Q2165090$679BDA06-3EB8-4EA2-84F6-962382BDC3A3,written,
ready,570950,P570950,Q2166921,BM 047339a,Cuneiform Tablet BM 047339a,,P853,Q512153,Middle Hittite Period,Old Babylonian Period,Q512152,Replace live period claim with the period expected from the current live FactGrid P692 CDLI ID.,Q2166921$16EE812C-A887-4052-8F72-FF21D145DFEF,Q2166921$683F5F39-6855-4998-935B-D30FF02888C8,written,
ready,572015,P572015,Q2164881,BM 049538,Cuneiform Tablet BM 049538,,P853,Q512162,Persian Period,Neo-Babylonian Period,Q512161,Replace live period claim with the period expected from the current live FactGrid P692 CDLI ID.,Q2164881$0D5B7FB0-DA6B-4F1C-882D-9DC61FDE8450,Q2164881$4F621D5F-49FC-4D39-974C-4C88CB1C7E9B,written,
ready,572039,P572039,Q2047464,BM 049563,Cuneiform Tablet BM 049563,,P853,Q512162,Persian Period,Neo-Babylonian Period,Q512161,Replace live period claim with the period expected from the current live FactGrid P692 CDLI ID.,Q2047464$99A714AD-2917-4855-ABE8-1E3ABF44FE2F,Q2047464$6ADDFCD0-FE84-44B5-A3B9-0C28597AB37B,written,
ready,572185,P572185,Q2168861,BM 049720,Cuneiform Tablet BM 049720,,P853,Q512162,Persian Period,Neo-Babylonian Period,Q512161,Replace live period claim with the period expected from the current live FactGrid P692 CDLI ID.,Q2168861$6353F6F2-C9E8-4B96-8304-8E35C1B15A22,Q2168861$2995F8D2-29BC-465A-8720-B3D5B320BF96,written,
ready,572202,P572202,Q2165702,BM 049739,Cuneiform Tablet BM 049739,,P853,Q512162,Persian Period,Neo-Babylonian Period,Q512161,Replace live period claim with the period expected from the current live FactGrid P692 CDLI ID.,Q2165702$04F73252-7B6D-463C-B611-3AB2C5297D3C,Q2165702$9D543D1D-95DD-40AE-A272-A5A68FDE8DCC,written,
ready,572243,P572243,Q2156323,"ISIMU 23, 93","Cuneiform Tablet ISIMU 23, 93",,P853,Q512162,Persian Period,Neo-Babylonian Period,Q512161,Replace live period claim with the period expected from the current live FactGrid P692 CDLI ID.,Q2156323$3F678F82-431F-4FF8-A17D-3A4E2C0C9901,Q2156323$DF70C470-6C4D-4F76-8083-B093AA005E4A,written,
ready,572255,P572255,Q2167830,BM 049796,Cuneiform Tablet BM 049796,,P853,Q512162,Persian Period,Neo-Babylonian Period,Q512161,Replace live period claim with the period expected from the current live FactGrid P692 CDLI ID.,Q2167830$6EE18CE6-1562-4F99-835B-98DBBD15271C,Q2167830$B54D3311-BA91-4F60-ADE1-E0E117C9E931,written,
ready,572279,P572279,Q2163870,BM 042514,Cuneiform Tablet BM 042514,,P853,Q512153,Middle Hittite Period,Old Babylonian Period,Q512152,Replace live period claim with the period expected from the current live FactGrid P692 CDLI ID.,Q2163870$1C3ACA9F-8E5C-4D46-B411-9D9C77111089,Q2163870$58CDAAA2-8584-4D5A-B612-D956AA58B141,written,
ready,572296,P572296,Q2163152,BM 042671,Cuneiform Tablet BM 042671,,P853,Q512153,Middle Hittite Period,Old Babylonian Period,Q512152,Replace live period claim with the period expected from the current live FactGrid P692 CDLI ID.,Q2163152$D68227BF-F1C9-4750-802C-4F0751014628,Q2163152$22AE7E0C-F413-42AD-B8B9-DA8018C05346,written,
ready,572306,P572306,Q2160118,BM 043381,Cuneiform Tablet BM 043381,,P853,Q512153,Middle Hittite Period,Old Babylonian Period,Q512152,Replace live period claim with the period expected from the current live FactGrid P692 CDLI ID.,Q2160118$65F32567-656E-49E3-8823-562CCF264935,Q2160118$B16BA3EC-FE4D-4046-B356-0EF7468086DC,written,
ready,572310,P572310,Q2015277,BM 043391,Cuneiform Tablet BM 043391,,P853,Q512153,Middle Hittite Period,Old Babylonian Period,Q512152,Replace live period claim with the period expected from the current live FactGrid P692 CDLI ID.,Q2015277$95F28040-5F81-490C-A268-E2BB5DCC585B,Q2015277$DDF06E76-7E93-4B10-9F33-F76A0D263EDB,written,
ready,572412,P572412,Q2162893,"Fs Oelsner 222-223, 239, nos. 14 & 16","Cuneiform Tablet Fs Oelsner 222-223, 239, nos. 14 & 16",,P853,Q512165,Selucid Period,Hellenistic Period,Q512164,Replace live period claim with the period expected from the current live FactGrid P692 CDLI ID.,Q2162893$F1DAA4DE-0113-4420-960E-C7D42C067121,Q2162893$75045C1A-353C-4698-9175-69E307F39E9E,written,
ready,572490,P572490,Q2169801,BM 047446,Cuneiform Tablet BM 047446,,P853,Q512162,Persian Period,Neo-Babylonian Period,Q512161,Replace live period claim with the period expected from the current live FactGrid P692 CDLI ID.,Q2169801$37C7E9F7-0A22-40BC-9CFB-1A11546B7C5E,Q2169801$B370743C-8218-49E2-A984-763011A587FE,written,
ready,572605,P572605,Q2167687,"RA 82, 156-157","Cuneiform Tablet RA 82, 156-157",,P853,Q512162,Persian Period,Neo-Babylonian Period,Q512161,Replace live period claim with the period expected from the current live FactGrid P692 CDLI ID.,Q2167687$AE45DE63-9513-4ACF-963F-5B31DB54D8B6,Q2167687$8872CBF8-9494-42DE-80EB-0EB2EE5F4386,written,
ready,572613,P572613,Q2158565,Jakob-Rost FuB 10 no.9,Cuneiform Tablet Jakob-Rost FuB 10 no.9,,P853,Q512159,Late Babylonian Period,Neo-Assyrian Period,Q512158,Replace live period claim with the period expected from the current live FactGrid P692 CDLI ID.,Q2158565$15DBB7CB-4292-4C23-A8BF-811A1FE67CE2,Q2158565$3A214929-A1D6-4957-928B-67A48585BCF4,written,
ready,572644,P572644,Q2169946,"Nebukadnezar III/IV, no. 18","Cuneiform Tablet Nebukadnezar III/IV, no. 18",,P853,Q512162,Persian Period,Neo-Babylonian Period,Q512161,Replace live period claim with the period expected from the current live FactGrid P692 CDLI ID.,Q2169946$313BC5FC-08D8-4733-B75A-DD1A4398D3BE,Q2169946$E591A442-A1F7-4E5C-89C9-E7787617BF5C,written,
ready,572652,P572652,Q2165877,"Nebukadnezar III/IV, no. 37","Cuneiform Tablet Nebukadnezar III/IV, no. 37",,P853,Q512162,Persian Period,Neo-Babylonian Period,Q512161,Replace live period claim with the period expected from the current live FactGrid P692 CDLI ID.,Q2165877$CF5A0C72-B794-46D1-B0AF-0D70D7B0B1B9,Q2165877$57EAE0F7-48FB-4BE4-8FD4-A90E04334B0A,written,
ready,573002,P573002,Q2152249,BM 050051,Cuneiform Tablet BM 050051,,P853,Q512162,Persian Period,Neo-Babylonian Period,Q512161,Replace live period claim with the period expected from the current live FactGrid P692 CDLI ID.,Q2152249$32ECD2E9-6404-442A-AE3A-29AF10B6AA89,Q2152249$7CF1B4C2-37E9-441B-A972-03EB0D62FC1F,written,
ready,573106,P573106,Q2166401,BM 050174,Cuneiform Tablet BM 050174,,P853,Q512162,Persian Period,Neo-Babylonian Period,Q512161,Replace live period claim with the period expected from the current live FactGrid P692 CDLI ID.,Q2166401$582CD8A3-B048-4507-BDF4-79971079618F,Q2166401$6E4D2A1D-E111-4D59-A03A-4455A75407A6,written,
ready,573192,P573192,Q2163547,"AOAT 236, no. 65","Cuneiform Tablet AOAT 236, no. 65",,P853,Q512162,Persian Period,Neo-Babylonian Period,Q512161,Replace live period claim with the period expected from the current live FactGrid P692 CDLI ID.,Q2163547$A2C55ACB-5237-4836-B796-90D09755352F,Q2163547$EBD0297E-1561-4B9E-80C2-2EAF5D16A242,written,
ready,573203,P573203,Q2162591,"AOAT 236, no. 28","Cuneiform Tablet AOAT 236, no. 28",,P853,Q512162,Persian Period,Neo-Babylonian Period,Q512161,Replace live period claim with the period expected from the current live FactGrid P692 CDLI ID.,Q2162591$7E5FC740-1D9E-4B64-98DF-A5794FE1035B,Q2162591$EA5DAEF1-4874-4EB0-80BB-E39C1E1C7724,written,
ready,573281,P573281,Q2169486,NBDSPC no. 129,Cuneiform Tablet NBDSPC no. 129,,P853,Q512162,Persian Period,Neo-Babylonian Period,Q512161,Replace live period claim with the period expected from the current live FactGrid P692 CDLI ID.,Q2169486$8AD4A317-0279-4D1A-BA07-87E0AD9F6BD5,Q2169486$C1F47D3F-7AF8-4D92-841B-3B9C58613E0C,written,
ready,573297,P573297,Q2144215,NBDSPC no. 202,Cuneiform Tablet NBDSPC no. 202,,P853,Q512162,Persian Period,Neo-Babylonian Period,Q512161,Replace live period claim with the period expected from the current live FactGrid P692 CDLI ID.,Q2144215$1A81D528-477B-4911-BA40-294EBA2CCE83,Q2144215$83DED0C8-4EE8-4122-897F-F3C3E124E64C,written,
ready,573452,P573452,Q2149880,NBDSPC no. 46,Cuneiform Tablet NBDSPC no. 46,,P853,Q512162,Persian Period,Neo-Babylonian Period,Q512161,Replace live period claim with the period expected from the current live FactGrid P692 CDLI ID.,Q2149880$564297AC-C555-456C-B854-B6593A5A5A48,Q2149880$270D0445-840D-46A3-96D6-D396FD2792F9,written,
ready,573604,P573604,Q2165183,"AfO Beih. 25, no. 49","Cuneiform Tablet AfO Beih. 25, no. 49",,P853,Q512162,Persian Period,Neo-Babylonian Period,Q512161,Replace live period claim with the period expected from the current live FactGrid P692 CDLI ID.,Q2165183$C74D41EF-B10C-4F7B-96D5-3A93FBEC1F67,Q2165183$8C28CB55-4807-4BF5-AACA-BA631270E551,written,
ready,573690,P573690,Q2167091,"OrNS 69, 335","Cuneiform Tablet OrNS 69, 335",,P853,Q512162,Persian Period,Neo-Babylonian Period,Q512161,Replace live period claim with the period expected from the current live FactGrid P692 CDLI ID.,Q2167091$65E0F680-F1C6-4AA7-8A10-D0FAA4F7CE82,Q2167091$82B071FF-9F35-4839-8D6C-7FAD41D14BF5,written,
ready,573716,P573716,Q2162090,"OBO 260, no. 1","Cuneiform Tablet OBO 260, no. 1",,P853,Q512162,Persian Period,Neo-Babylonian Period,Q512161,Replace live period claim with the period expected from the current live FactGrid P692 CDLI ID.,Q2162090$6A931887-EAFE-4EAB-AB33-443B81BF2C87,Q2162090$EB33DDFD-DB4A-4DF3-914E-AE939487D049,written,
ready,573741,P573741,Q2164324,"OBO 260, no. 33","Cuneiform Tablet OBO 260, no. 33",,P853,Q512162,Persian Period,Neo-Babylonian Period,Q512161,Replace live period claim with the period expected from the current live FactGrid P692 CDLI ID.,Q2164324$A947797E-6D2F-4B06-8EAC-678529C271A9,Q2164324$4E1319BB-E737-4816-96D4-9F9FEBD25595,written,
ready,573794,P573794,Q2169152,"OBO 260, no. 478","Cuneiform Tablet OBO 260, no. 478",,P853,Q512162,Persian Period,Neo-Babylonian Period,Q512161,Replace live period claim with the period expected from the current live FactGrid P692 CDLI ID.,Q2169152$8B91E345-B4C3-43FE-9DE2-072B58740974,Q2169152$C65EE8D0-4628-4CC6-9B2F-81BA44850B9D,written,
ready,573844,P573844,Q2162972,"OBO 260, no. 202","Cuneiform Tablet OBO 260, no. 202",,P853,Q512146,Lagash II Period,Neo-Babylonian Period,Q512161,Replace live period claim with the period expected from the current live FactGrid P692 CDLI ID.,Q2162972$17E1CBF2-5A1F-4CE6-B5AE-C7BA0CFAD028,Q2162972$8F3DD436-A29D-42B1-BC2A-C76949B652EA,written,
ready,573901,P573901,Q2158804,"OBO 260, no. 534","Cuneiform Tablet OBO 260, no. 534",,P853,Q512162,Persian Period,Neo-Babylonian Period,Q512161,Replace live period claim with the period expected from the current live FactGrid P692 CDLI ID.,Q2158804$1D864E70-72A2-40CA-B4C0-B363FAD7B0ED,Q2158804$8FC7E322-7E94-45BB-A329-228B65E4560B,written,
ready,574010,P574010,Q2166879,"OBO 260, no. 593","Cuneiform Tablet OBO 260, no. 593",,P853,Q512162,Persian Period,Neo-Babylonian Period,Q512161,Replace live period claim with the period expected from the current live FactGrid P692 CDLI ID.,Q2166879$682A5FB1-2A5F-4FE3-9736-325ECEBE97F2,Q2166879$F71550A7-D157-45F0-AE45-A2401F925A27,written,
ready,574084,P574084,Q2164341,"OBO 260, no. 362","Cuneiform Tablet OBO 260, no. 362",,P853,Q512162,Persian Period,Neo-Babylonian Period,Q512161,Replace live period claim with the period expected from the current live FactGrid P692 CDLI ID.,Q2164341$CE2BBF3D-C0EB-46C2-80D2-4921EEF2EEFD,Q2164341$1281C0DC-3A1F-4A31-9589-8BACA1DF8228,written,
ready,574114,P574114,Q2169364,"OBO 260, no. 589","Cuneiform Tablet OBO 260, no. 589",,P853,Q512162,Persian Period,Neo-Babylonian Period,Q512161,Replace live period claim with the period expected from the current live FactGrid P692 CDLI ID.,Q2169364$7E868E4C-C164-4418-8518-60D7ADB3F6E4,Q2169364$672F84B1-F408-423B-9947-E3C9A2E1A670,written,
ready,574155,P574155,Q2167084,"OBO 260, no. 40","Cuneiform Tablet OBO 260, no. 40",,P853,Q512162,Persian Period,Neo-Babylonian Period,Q512161,Replace live period claim with the period expected from the current live FactGrid P692 CDLI ID.,Q2167084$9F54EC12-93FC-4950-B4B2-19196876594C,Q2167084$C31974DA-C41C-482E-99A6-4F1069C5C32D,written,
ready,575695,P575695,Q2164617,BM 050432,Cuneiform Tablet BM 050432,,P853,Q512162,Persian Period,Neo-Babylonian Period,Q512161,Replace live period claim with the period expected from the current live FactGrid P692 CDLI ID.,Q2164617$EC84E0BA-460A-479B-96EA-38766FE7DECF,Q2164617$88EDE5D9-1B6D-4EF4-8901-4EB2F8F96061,written,
ready,575787,P575787,Q2162719,BM 050544,Cuneiform Tablet BM 050544,,P853,Q512162,Persian Period,Neo-Babylonian Period,Q512161,Replace live period claim with the period expected from the current live FactGrid P692 CDLI ID.,Q2162719$A63C1A5B-35D1-4061-8E20-8B90A29AB749,Q2162719$CA216F2E-5A76-4CDA-B9FC-8C0FD831D3C7,written,
ready,575986,P575986,Q2168334,BM 050850,Cuneiform Tablet BM 050850,,P853,Q512162,Persian Period,Neo-Babylonian Period,Q512161,Replace live period claim with the period expected from the current live FactGrid P692 CDLI ID.,Q2168334$DD4674A8-D045-40C2-AA4B-A3A21206A53C,Q2168334$7FF970A5-4D39-4C00-804C-B035557EA1EF,written,
ready,576353,P576353,Q2168242,BM 051266,Cuneiform Tablet BM 051266,,P853,Q512162,Persian Period,Neo-Babylonian Period,Q512161,Replace live period claim with the period expected from the current live FactGrid P692 CDLI ID.,Q2168242$40675902-D471-4FF3-B2D1-1E3EFB1DC98E,Q2168242$EE6FBDAD-3979-45B1-AE2F-87A71438BD10,written,
ready,576390,P576390,Q2163562,BM 051310,Cuneiform Tablet BM 051310,,P853,Q512162,Persian Period,Neo-Babylonian Period,Q512161,Replace live period claim with the period expected from the current live FactGrid P692 CDLI ID.,Q2163562$71887E3C-9BFC-4B62-8046-61D1AAD3015C,Q2163562$6A4B6829-B133-4C72-B6EC-97D28052313F,written,
ready,576810,P576810,Q2164380,BM 051770,Cuneiform Tablet BM 051770,,P853,Q512162,Persian Period,Neo-Babylonian Period,Q512161,Replace live period claim with the period expected from the current live FactGrid P692 CDLI ID.,Q2164380$29EEAF23-9DA6-45E1-8EE8-5D0C0D1019E3,Q2164380$C578A117-9325-4EFD-BFCA-AAF13B13D576,written,
ready,577112,P577112,Q1906917,BM 052083,Cuneiform Tablet BM 052083,,P853,Q512162,Persian Period,Neo-Babylonian Period,Q512161,Replace live period claim with the period expected from the current live FactGrid P692 CDLI ID.,Q1906917$D09AE45C-AD98-4CDC-8ABD-B64FCC9B1C28,Q1906917$E006F44D-B389-42D8-AB64-761D300E16A6,written,
ready,577610,P577610,Q2162774,BM 052632,Cuneiform Tablet BM 052632,,P853,Q512162,Persian Period,Neo-Babylonian Period,Q512161,Replace live period claim with the period expected from the current live FactGrid P692 CDLI ID.,Q2162774$CFE53F60-DCBE-43E5-AC69-F9FCFCAF261A,Q2162774$5B03D22D-74C7-486A-9EBB-581A9069ECA9,written,
ready,577647,P577647,Q2164725,BM 052672,Cuneiform Tablet BM 052672,,P853,Q512162,Persian Period,Neo-Babylonian Period,Q512161,Replace live period claim with the period expected from the current live FactGrid P692 CDLI ID.,Q2164725$972470B8-F1E7-4666-9BCC-A0D04BBB64C1,Q2164725$24FB5004-2EC3-4450-AA8A-C7714A3771CF,written,
ready,577738,P577738,Q2169671,BM 052776,Cuneiform Tablet BM 052776,,P853,Q512162,Persian Period,Neo-Babylonian Period,Q512161,Replace live period claim with the period expected from the current live FactGrid P692 CDLI ID.,Q2169671$47DF63A7-C61A-4C59-BCAE-85397B62562B,Q2169671$1B9A1BF9-40D1-4EEA-BC0B-4A3AC7B595E2,written,
ready,577807,P577807,Q2167315,BM 052850,Cuneiform Tablet BM 052850,,P853,Q512158,Neo-Assyrian Period,Neo-Babylonian Period,Q512161,Replace live period claim with the period expected from the current live FactGrid P692 CDLI ID.,Q2167315$B23604D2-6F97-49C8-A183-E934F0B851AB,Q2167315$15D6B481-3AF3-43F6-9E30-C7D7FCA6C2E5,written,
ready,578834,P578834,Q2169422,BM 054264,Cuneiform Tablet BM 054264,,P853,Q512162,Persian Period,Neo-Babylonian Period,Q512161,Replace live period claim with the period expected from the current live FactGrid P692 CDLI ID.,Q2169422$9E728C69-DA2C-4C2A-94EC-5C550B0B5E2A,Q2169422$28638A42-7CDB-4CCB-92B7-7F37691E956C,written,
ready,578875,P578875,Q2167169,BM 054563,Cuneiform Tablet BM 054563,,P853,Q512159,Late Babylonian Period,Neo-Assyrian Period,Q512158,Replace live period claim with the period expected from the current live FactGrid P692 CDLI ID.,Q2167169$3D27FF49-BF23-4245-980E-60B4A211647A,Q2167169$3C52F73C-4467-4A80-8AA6-316E718B36CF,written,
ready,578971,P578971,Q2169067,BM 054715,Cuneiform Tablet BM 054715,,P853,Q512153,Middle Hittite Period,Old Babylonian Period,Q512152,Replace live period claim with the period expected from the current live FactGrid P692 CDLI ID.,Q2169067$9D2C5D02-765F-4045-B017-2C7FFB4A212C,Q2169067$CE710696-5890-4D9F-8EF5-DFA85F45C334,written,
ready,578988,P578988,Q2143733,BM 054761,Cuneiform Tablet BM 054761,,P853,Q512165,Selucid Period,Hellenistic Period,Q512164,Replace live period claim with the period expected from the current live FactGrid P692 CDLI ID.,Q2143733$C3C27932-0E89-43E7-BF6A-49194CE4537A,Q2143733$8BEB87B1-921E-4ECA-984F-85B9C192E207,written,
ready,579399,P579399,Q2169177,BM 055331,Cuneiform Tablet BM 055331,,P853,Q512162,Persian Period,Neo-Babylonian Period,Q512161,Replace live period claim with the period expected from the current live FactGrid P692 CDLI ID.,Q2169177$325E4499-3533-47D0-87E1-0818B5FEE530,Q2169177$ED58F837-7039-440E-8E12-3D2E30DC8EBD,written,
ready,579659,P579659,Q2164991,BM 058569,Cuneiform Tablet BM 058569,,P853,Q512162,Persian Period,Neo-Babylonian Period,Q512161,Replace live period claim with the period expected from the current live FactGrid P692 CDLI ID.,Q2164991$BD824C9A-4E5C-460F-909C-B6DB0EFECB75,Q2164991$FED0FA3A-796E-47B9-9108-A0562BDC389C,written,
ready,579966,P579966,Q2163883,BM 058894,Cuneiform Tablet BM 058894,,P853,Q512162,Persian Period,Neo-Babylonian Period,Q512161,Replace live period claim with the period expected from the current live FactGrid P692 CDLI ID.,Q2163883$C2A48BAD-4A0D-44FE-A409-6D9F13CA462B,Q2163883$50A1E047-D359-40D1-80F8-B70D0CE93B3B,written,
ready,580155,P580155,Q2163305,BM 059095,Cuneiform Tablet BM 059095,,P853,Q512162,Persian Period,Neo-Babylonian Period,Q512161,Replace live period claim with the period expected from the current live FactGrid P692 CDLI ID.,Q2163305$06A81F9D-1D58-40FA-AE1E-C372BF47169E,Q2163305$AA81C808-B17B-4630-BEDD-7AD49C63A072,written,
ready,580180,P580180,Q2153200,BM 059121,Cuneiform Tablet BM 059121,,P853,Q512162,Persian Period,Neo-Babylonian Period,Q512161,Replace live period claim with the period expected from the current live FactGrid P692 CDLI ID.,Q2153200$81F1920F-0D11-4408-8C3A-E910A8488B18,Q2153200$2C81A3BD-8EE5-4603-92AF-D46F3FB3E0B4,written,
ready,580250,P580250,Q2019538,BM 059198,Cuneiform Tablet BM 059198,,P853,Q512162,Persian Period,Neo-Babylonian Period,Q512161,Replace live period claim with the period expected from the current live FactGrid P692 CDLI ID.,Q2019538$E1F56279-85D3-4EEE-B650-54F0E2525791,Q2019538$7096A884-45A7-40D1-8100-1E323214990E,written,
ready,580712,P580712,Q2167054,BM 059751,Cuneiform Tablet BM 059751,,P853,Q512162,Persian Period,Neo-Babylonian Period,Q512161,Replace live period claim with the period expected from the current live FactGrid P692 CDLI ID.,Q2167054$AF2E095B-B5D6-47D7-A92A-C6EDD862DA01,Q2167054$9E8A19E8-EF16-477D-8EAD-0C9A5F378FF9,written,
ready,580769,P580769,Q2164106,BM 059816,Cuneiform Tablet BM 059816,,P853,Q512162,Persian Period,Neo-Babylonian Period,Q512161,Replace live period claim with the period expected from the current live FactGrid P692 CDLI ID.,Q2164106$3EDF2E57-B137-4C7E-87CE-517A8D8DD73D,Q2164106$C042D444-0F22-4C4E-979B-34CB249CE179,written,
ready,581197,P581197,Q2164841,BM 060821,Cuneiform Tablet BM 060821,,P853,Q512162,Persian Period,Neo-Babylonian Period,Q512161,Replace live period claim with the period expected from the current live FactGrid P692 CDLI ID.,Q2164841$FF31057F-0B66-41A9-A9C7-9F876FBAC4CB,Q2164841$4F4646BB-5E4C-427E-9492-F5440FFB6711,written,
ready,581284,P581284,Q2160589,BM 060928,Cuneiform Tablet BM 060928,,P853,Q512162,Persian Period,Neo-Babylonian Period,Q512161,Replace live period claim with the period expected from the current live FactGrid P692 CDLI ID.,Q2160589$7C941334-A8E4-46B7-826A-02F77BC7D604,Q2160589$AFA1E806-57AB-4046-AEA0-B03BA7068796,written,
ready,581292,P581292,Q2012248,BM 060941,Cuneiform Tablet BM 060941,,P853,Q512162,Persian Period,Neo-Babylonian Period,Q512161,Replace live period claim with the period expected from the current live FactGrid P692 CDLI ID.,Q2012248$DB3719AD-FC1A-4080-9CD3-5225E0556DE5,Q2012248$47F19D39-23C5-4C32-B741-597482D04E89,written,
ready,581314,P581314,Q2163120,BM 060975,Cuneiform Tablet BM 060975,,P853,Q512162,Persian Period,Neo-Babylonian Period,Q512161,Replace live period claim with the period expected from the current live FactGrid P692 CDLI ID.,Q2163120$6AD8F71B-AD31-4FE0-A241-BF40678573DD,Q2163120$226F4F09-AC94-4966-801D-5EFC1F7E7341,written,
ready,581338,P581338,Q2168547,Ist B 0222,Cuneiform Tablet Ist B 0222,,P853,Q512153,Middle Hittite Period,Old Babylonian Period,Q512152,Replace live period claim with the period expected from the current live FactGrid P692 CDLI ID.,Q2168547$0FFD0CFB-743A-4E8E-B229-44FB67600952,Q2168547$7C3C41A3-962A-4BE5-BD1A-854B51B1B783,written,
ready,581380,P581380,Q2165676,Ist B 0189,Cuneiform Tablet Ist B 0189,,P853,Q512155,Middle Assyrian Period,Middle Babylonian Period,Q512154,Replace live period claim with the period expected from the current live FactGrid P692 CDLI ID.,Q2165676$BDD659CF-84BB-4614-B27C-D31DFB97F1A1,Q2165676$55633842-4C67-4769-B23C-3F4D901AF638,written,
ready,581396,P581396,Q2170150,Ist B 0137,Cuneiform Tablet Ist B 0137,,P853,Q512156,Middle Elamite Period,Middle Assyrian Period,Q512155,Replace live period claim with the period expected from the current live FactGrid P692 CDLI ID.,Q2170150$239D56CE-0F4F-4E3F-8F3C-958F0878FDC9,Q2170150$25DC8BF7-E07D-4889-99A2-72945AAE379D,written,
ready,581457,P581457,Q2169039,BM 061070,Cuneiform Tablet BM 061070,,P853,Q512162,Persian Period,Neo-Babylonian Period,Q512161,Replace live period claim with the period expected from the current live FactGrid P692 CDLI ID.,Q2169039$8AC1D033-751A-435C-8A58-5434058FD014,Q2169039$A26B1052-2B75-4300-9BAC-439FEC8E9C76,written,
ready,581504,P581504,Q2048126,BM 061130,Cuneiform Tablet BM 061130,,P853,Q512162,Persian Period,Neo-Babylonian Period,Q512161,Replace live period claim with the period expected from the current live FactGrid P692 CDLI ID.,Q2048126$541356CE-92AB-4BE3-AEBC-040CF8F718DE,Q2048126$5B12048B-EAC3-4959-BF0A-710642CE0611,written,
ready,581744,P581744,Q2162998,BM 061452,Cuneiform Tablet BM 061452,,P853,Q512162,Persian Period,Neo-Babylonian Period,Q512161,Replace live period claim with the period expected from the current live FactGrid P692 CDLI ID.,Q2162998$85F13EA6-E5BE-4308-846A-2C0920E4700E,Q2162998$00ADF7D8-B296-439C-89CE-F0676F3F21A0,written,
ready,581904,P581904,Q2169162,BM 061657,Cuneiform Tablet BM 061657,,P853,Q512162,Persian Period,Neo-Babylonian Period,Q512161,Replace live period claim with the period expected from the current live FactGrid P692 CDLI ID.,Q2169162$805134F4-8A58-4A28-85BF-A0349112EBFF,Q2169162$7492C4D6-92A3-4AD6-8F54-AEDBCF48F0A0,written,
ready,582152,P582152,Q2166218,BM 061971,Cuneiform Tablet BM 061971,,P853,Q512146,Lagash II Period,Neo-Babylonian Period,Q512161,Replace live period claim with the period expected from the current live FactGrid P692 CDLI ID.,Q2166218$3F30F6CF-D53D-4FCE-BC12-276030743690,Q2166218$BBAE982C-7258-46AD-B3C6-602870656FC7,written,
ready,582294,P582294,Q2169424,BM 062133,Cuneiform Tablet BM 062133,,P853,Q512162,Persian Period,Neo-Babylonian Period,Q512161,Replace live period claim with the period expected from the current live FactGrid P692 CDLI ID.,Q2169424$CD1D0114-A3AA-4004-A29E-519014FFF384,Q2169424$ED73DC29-BC2B-4DE7-B3DB-9E5D6C4F5643,written,
ready,582353,P582353,Q2162174,BM 062202,Cuneiform Tablet BM 062202,,P853,Q512162,Persian Period,Neo-Babylonian Period,Q512161,Replace live period claim with the period expected from the current live FactGrid P692 CDLI ID.,Q2162174$9374EF3A-9CA9-4A25-9D5B-AC79D16B5A21,Q2162174$373448A9-5976-4B9B-9725-A1A7DA5CDB12,written,
ready,582451,P582451,Q2168044,BM 062306,Cuneiform Tablet BM 062306,,P853,Q512162,Persian Period,Neo-Babylonian Period,Q512161,Replace live period claim with the period expected from the current live FactGrid P692 CDLI ID.,Q2168044$E91EE76E-D43F-4DF9-A159-CCE70D47BB5C,Q2168044$EFBE0759-BF07-45BA-9F3B-4BF3214C5957,written,
ready,582611,P582611,Q2165104,BM 062495,Cuneiform Tablet BM 062495,,P853,Q512162,Persian Period,Neo-Babylonian Period,Q512161,Replace live period claim with the period expected from the current live FactGrid P692 CDLI ID.,Q2165104$86904656-5AC4-4CBD-B899-ED0D0B0D8ED4,Q2165104$DB05A262-8749-4961-AF18-1C242DBFA3B6,written,
ready,582778,P582778,Q2147203,BM 062691,Cuneiform Tablet BM 062691,,P853,Q512162,Persian Period,Neo-Babylonian Period,Q512161,Replace live period claim with the period expected from the current live FactGrid P692 CDLI ID.,Q2147203$488EEB3E-04FF-4306-8B73-0328CBA2D240,Q2147203$5DF03859-8B8C-4101-9DCA-148028A7921D,written,
ready,582781,P582781,Q2169210,BM 062694,Cuneiform Tablet BM 062694,,P853,Q512162,Persian Period,Neo-Babylonian Period,Q512161,Replace live period claim with the period expected from the current live FactGrid P692 CDLI ID.,Q2169210$8E1CD89D-80F6-47F5-B724-6FD33D98689E,Q2169210$DEA5A087-9A15-4C5F-A374-463DC7C2D79C,written,
ready,582851,P582851,Q2161376,BM 062776,Cuneiform Tablet BM 062776,,P853,Q512162,Persian Period,Neo-Babylonian Period,Q512161,Replace live period claim with the period expected from the current live FactGrid P692 CDLI ID.,Q2161376$CE2ABAB3-099D-4307-BA19-F44F72988C58,Q2161376$7E9F7EBF-79D9-4404-9EBD-690963FD3AF0,written,
ready,582884,P582884,Q2164032,BM 062811,Cuneiform Tablet BM 062811,,P853,Q512162,Persian Period,Neo-Babylonian Period,Q512161,Replace live period claim with the period expected from the current live FactGrid P692 CDLI ID.,Q2164032$052A5021-7A71-4DB9-9238-E573C773BD72,Q2164032$3D907864-427A-4F37-A84A-7BA6C1576A65,written,
ready,582955,P582955,Q2165640,BM 062887,Cuneiform Tablet BM 062887,,P853,Q512162,Persian Period,Neo-Babylonian Period,Q512161,Replace live period claim with the period expected from the current live FactGrid P692 CDLI ID.,Q2165640$01762F6A-6222-40E2-92C8-1200B9D1E3E0,Q2165640$82FC4E34-91F1-4483-8D25-6A2013875E75,written,
ready,583000,P583000,Q2164819,BM 062943,Cuneiform Tablet BM 062943,,P853,Q512162,Persian Period,Neo-Babylonian Period,Q512161,Replace live period claim with the period expected from the current live FactGrid P692 CDLI ID.,Q2164819$1F33974F-0B37-45FE-AE85-C67F77C9911C,Q2164819$718F3A0D-F354-40B4-9911-B68459FFD2F8,written,
ready,583240,P583240,Q2167741,BM 063087,Cuneiform Tablet BM 063087,,P853,Q512162,Persian Period,Neo-Babylonian Period,Q512161,Replace live period claim with the period expected from the current live FactGrid P692 CDLI ID.,Q2167741$DF4D34F0-9376-40BB-AA8F-21FBE40D1BB6,Q2167741$DC0CED3F-6CBA-4223-A731-95BA12ABC0A1,written,
ready,583305,P583305,Q2168560,BM 063156,Cuneiform Tablet BM 063156,,P853,Q512162,Persian Period,Neo-Babylonian Period,Q512161,Replace live period claim with the period expected from the current live FactGrid P692 CDLI ID.,Q2168560$DDB5E0CC-AB8D-4BA5-BDB3-39CB125A70D9,Q2168560$C880D3C4-D911-47BE-834D-A5579F49E767,written,
ready,583885,P583885,Q2029848,BM 063798,Cuneiform Tablet BM 063798,,P853,Q512162,Persian Period,Neo-Babylonian Period,Q512161,Replace live period claim with the period expected from the current live FactGrid P692 CDLI ID.,Q2029848$8F0F232B-AFC8-46DF-9197-CC35787B9D5B,Q2029848$5A86B2A5-F36B-4033-99AD-5E52E45EC629,written,
ready,583893,P583893,Q2169202,BM 063808,Cuneiform Tablet BM 063808,,P853,Q512162,Persian Period,Neo-Babylonian Period,Q512161,Replace live period claim with the period expected from the current live FactGrid P692 CDLI ID.,Q2169202$4E95A3B4-48DE-4D1A-B8D9-324AEFF909E9,Q2169202$5434336E-B86E-425F-BA9A-9778F16D20ED,written,
ready,583903,P583903,Q2165130,BM 063818,Cuneiform Tablet BM 063818,,P853,Q512162,Persian Period,Neo-Babylonian Period,Q512161,Replace live period claim with the period expected from the current live FactGrid P692 CDLI ID.,Q2165130$6AC826EC-1BF0-4DFA-B2D5-1EE08299405E,Q2165130$4A20FCCB-06F7-45F3-A442-981DA11D7793,written,
ready,583939,P583939,Q2169175,BM 063872,Cuneiform Tablet BM 063872,,P853,Q512162,Persian Period,Neo-Babylonian Period,Q512161,Replace live period claim with the period expected from the current live FactGrid P692 CDLI ID.,Q2169175$83B36BE4-D2DA-4956-BAE5-D8E7854AF4C1,Q2169175$8DEAF5BD-DDCE-4D6E-B4F2-0700EEA2FD2E,written,
ready,583954,P583954,Q2162531,BM 063889,Cuneiform Tablet BM 063889,,P853,Q512162,Persian Period,Neo-Babylonian Period,Q512161,Replace live period claim with the period expected from the current live FactGrid P692 CDLI ID.,Q2162531$2C525C39-3531-4DAC-942A-A4636CDD7AD1,Q2162531$E867DC92-107D-4832-8299-49484187E095,written,
ready,583978,P583978,Q2166856,BM 063926,Cuneiform Tablet BM 063926,,P853,Q512162,Persian Period,Neo-Babylonian Period,Q512161,Replace live period claim with the period expected from the current live FactGrid P692 CDLI ID.,Q2166856$67799423-F027-4799-B5A3-61F6D8676066,Q2166856$FAD7FE52-B7F8-43DB-BFEA-FBFFB1CE6B62,written,
ready,583997,P583997,Q2167325,BM 063952,Cuneiform Tablet BM 063952,,P853,Q512162,Persian Period,Neo-Babylonian Period,Q512161,Replace live period claim with the period expected from the current live FactGrid P692 CDLI ID.,Q2167325$6A562427-3539-4DE0-9F95-0B2624BA2A3D,Q2167325$DC141783-06EB-48E2-8D7B-5C37282A53F3,written,
ready,584244,P584244,Q2166537,BM 064318,Cuneiform Tablet BM 064318,,P853,Q512162,Persian Period,Neo-Babylonian Period,Q512161,Replace live period claim with the period expected from the current live FactGrid P692 CDLI ID.,Q2166537$0BE0F56C-05F8-4E77-9F89-6F661097F056,Q2166537$AABF4D86-B45F-4946-988F-AD921C6FB29C,written,
ready,584395,P584395,Q2164964,BM 064529,Cuneiform Tablet BM 064529,,P853,Q512162,Persian Period,Neo-Babylonian Period,Q512161,Replace live period claim with the period expected from the current live FactGrid P692 CDLI ID.,Q2164964$3293F7C0-53E7-486D-98BF-1C4BAC5BABFD,Q2164964$ED005864-C86A-42A4-8125-B724972AC357,written,
ready,584706,P584706,Q2048040,BM 064928,Cuneiform Tablet BM 064928,,P853,Q512162,Persian Period,Neo-Babylonian Period,Q512161,Replace live period claim with the period expected from the current live FactGrid P692 CDLI ID.,Q2048040$BAB22BD8-FF1D-4361-9656-F416B8A4911C,Q2048040$92158AD9-1599-4978-A0AD-7A339B127641,written,
ready,584751,P584751,Q2167576,BM 064981,Cuneiform Tablet BM 064981,,P853,Q512162,Persian Period,Neo-Babylonian Period,Q512161,Replace live period claim with the period expected from the current live FactGrid P692 CDLI ID.,Q2167576$01619BC7-4952-4EFF-A2F1-D2359C0F0F03,Q2167576$310E545F-7885-4F12-B865-9D2987E9762D,written,
ready,584985,P584985,Q2166629,BM 065284,Cuneiform Tablet BM 065284,,P853,Q512150,Early Old Babylonian Period,Neo-Babylonian Period,Q512161,Replace live period claim with the period expected from the current live FactGrid P692 CDLI ID.,Q2166629$599B7863-4117-4462-8A6E-2B40CBC7270B,Q2166629$57DB4A87-BBD0-46F0-89A3-EC6606433D2C,written,
ready,585212,P585212,Q2163595,BM 065563,Cuneiform Tablet BM 065563,,P853,Q512162,Persian Period,Neo-Babylonian Period,Q512161,Replace live period claim with the period expected from the current live FactGrid P692 CDLI ID.,Q2163595$D64CE0FC-718B-47C7-BCE0-5D2974C21D18,Q2163595$F27EFC75-927F-48E8-A36B-2765D2B943C3,written,
ready,585402,P585402,Q2047249,BM 065805,Cuneiform Tablet BM 065805,,P853,Q512162,Persian Period,Neo-Babylonian Period,Q512161,Replace live period claim with the period expected from the current live FactGrid P692 CDLI ID.,Q2047249$59794D4B-E4AC-4012-A7D4-F4F9ADE15042,Q2047249$5DC4527F-5E73-4F2A-A30E-A83077B652A3,written,
ready,585510,P585510,Q2167176,BM 065923,Cuneiform Tablet BM 065923,,P853,Q512162,Persian Period,Neo-Babylonian Period,Q512161,Replace live period claim with the period expected from the current live FactGrid P692 CDLI ID.,Q2167176$6DE198BB-50AC-4F5C-904C-B2BDB4AF0F8A,Q2167176$25024D64-9DB2-4AC7-9173-B3383F823A45,written,
ready,585697,P585697,Q2166322,BM 066128,Cuneiform Tablet BM 066128,,P853,Q512150,Early Old Babylonian Period,Neo-Babylonian Period,Q512161,Replace live period claim with the period expected from the current live FactGrid P692 CDLI ID.,Q2166322$517F886E-C737-43F4-86F0-1F723DF1869B,Q2166322$5AD0BA64-2E21-48E9-B96E-05BB31FF38C5,written,
ready,585707,P585707,Q2163410,BM 066138,Cuneiform Tablet BM 066138,,P853,Q512162,Persian Period,Neo-Babylonian Period,Q512161,Replace live period claim with the period expected from the current live FactGrid P692 CDLI ID.,Q2163410$D8F4BFD9-1304-49E0-9F19-C3B3EC524AA7,Q2163410$F4D75945-128A-4169-A9B0-577C9F27B11F,written,
ready,585838,P585838,Q2164597,BM 066291,Cuneiform Tablet BM 066291,,P853,Q512162,Persian Period,Neo-Babylonian Period,Q512161,Replace live period claim with the period expected from the current live FactGrid P692 CDLI ID.,Q2164597$09CCDBF7-51E4-4D15-A4A3-5B1D2F9422E1,Q2164597$72B1C184-898B-4323-9104-AFDBFEC563C4,written,
ready,585947,P585947,Q2168927,BM 066410,Cuneiform Tablet BM 066410,,P853,Q512162,Persian Period,Neo-Babylonian Period,Q512161,Replace live period claim with the period expected from the current live FactGrid P692 CDLI ID.,Q2168927$AEBBFA31-0DC9-4FC0-8BD4-DFE6B071C91D,Q2168927$5D2D64B6-4715-4D24-8619-D958B00A4D85,written,
ready,585951,P585951,Q2047606,BM 066414,Cuneiform Tablet BM 066414,,P853,Q512162,Persian Period,Neo-Babylonian Period,Q512161,Replace live period claim with the period expected from the current live FactGrid P692 CDLI ID.,Q2047606$D78E360F-9716-4482-8631-B218F47A88CB,Q2047606$C7AC85A7-DE3B-4664-8173-21A88D9D39EB,written,
ready,586054,P586054,Q2159061,BM 066525,Cuneiform Tablet BM 066525,,P853,Q512162,Persian Period,Neo-Babylonian Period,Q512161,Replace live period claim with the period expected from the current live FactGrid P692 CDLI ID.,Q2159061$7F31D91B-A26E-476E-80B7-6EE657005E47,Q2159061$EBEA17A0-3981-45D6-9E85-47FC69EAA509,written,
ready,586404,P586404,Q2156746,BM 066984,Cuneiform Tablet BM 066984,,P853,Q512162,Persian Period,Neo-Babylonian Period,Q512161,Replace live period claim with the period expected from the current live FactGrid P692 CDLI ID.,Q2156746$D376A81A-0D76-4365-8736-382ED4CB47EF,Q2156746$D79C6899-FC2A-457B-B855-1F83C41718BC,written,
ready,586412,P586412,Q2167781,BM 066995,Cuneiform Tablet BM 066995,,P853,Q512162,Persian Period,Neo-Babylonian Period,Q512161,Replace live period claim with the period expected from the current live FactGrid P692 CDLI ID.,Q2167781$D2655C08-221B-4408-B321-886140C905A0,Q2167781$3569E019-6459-43F5-819B-AA8DCA0D5257,written,
ready,586828,P586828,Q2163394,BM 067532,Cuneiform Tablet BM 067532,,P853,Q512162,Persian Period,Neo-Babylonian Period,Q512161,Replace live period claim with the period expected from the current live FactGrid P692 CDLI ID.,Q2163394$946B9AA1-105E-4784-A712-A919CEA54104,Q2163394$90931104-F3E1-4665-95F9-7701AA5ABD82,written,
ready,586845,P586845,Q2170641,BM 067552,Cuneiform Tablet BM 067552,,P853,Q512162,Persian Period,Neo-Babylonian Period,Q512161,Replace live period claim with the period expected from the current live FactGrid P692 CDLI ID.,Q2170641$FE527F3B-0409-4DBD-A34D-B17B04626ACC,Q2170641$F8DF95BF-55A8-4D9C-A6C4-F215F9237252,written,
ready,587038,P587038,Q2166960,BM 067761,Cuneiform Tablet BM 067761,,P853,Q512162,Persian Period,Neo-Babylonian Period,Q512161,Replace live period claim with the period expected from the current live FactGrid P692 CDLI ID.,Q2166960$2DBF8712-55E2-4AF3-BF36-805C67037385,Q2166960$140D8546-FEA8-44CE-B69D-6C8828023D22,written,
ready,587242,P587242,Q2170439,BM 067992,Cuneiform Tablet BM 067992,,P853,Q512162,Persian Period,Neo-Babylonian Period,Q512161,Replace live period claim with the period expected from the current live FactGrid P692 CDLI ID.,Q2170439$660C8F11-7995-49C3-8AF8-FF0A26258B45,Q2170439$4AB103BF-84D9-45D1-B607-98B7F7EE1E6E,written,
ready,587385,P587385,Q2163650,BM 068191,Cuneiform Tablet BM 068191,,P853,Q512162,Persian Period,Neo-Babylonian Period,Q512161,Replace live period claim with the period expected from the current live FactGrid P692 CDLI ID.,Q2163650$43FFFAA9-F9AF-4ED7-A649-E258912D5E25,Q2163650$372579FA-8B2C-4A96-B7A8-5800CD383F30,written,
ready,587645,P587645,Q2153371,BM 068518,Cuneiform Tablet BM 068518,,P853,Q512162,Persian Period,Neo-Babylonian Period,Q512161,Replace live period claim with the period expected from the current live FactGrid P692 CDLI ID.,Q2153371$9DD4D18B-256D-439F-9069-5CBDCE14BC12,Q2153371$082495BC-D2FF-436A-A789-E5297082D683,written,
ready,587690,P587690,Q2163286,BM 068571,Cuneiform Tablet BM 068571,,P853,Q512162,Persian Period,Neo-Babylonian Period,Q512161,Replace live period claim with the period expected from the current live FactGrid P692 CDLI ID.,Q2163286$55AFE332-289B-48F1-9D0F-5B2851D6B612,Q2163286$CA71FAC1-1F71-4841-B0EA-CDEEB0AC2CC8,written,
ready,587891,P587891,Q2166576,BM 068807,Cuneiform Tablet BM 068807,,P853,Q512162,Persian Period,Neo-Babylonian Period,Q512161,Replace live period claim with the period expected from the current live FactGrid P692 CDLI ID.,Q2166576$9A281348-8250-4DEE-84EB-63F9964FDD31,Q2166576$13131E42-4744-47E1-BA77-305DDE16C174,written,
ready,587917,P587917,Q2162712,BM 068839,Cuneiform Tablet BM 068839,,P853,Q512162,Persian Period,Neo-Babylonian Period,Q512161,Replace live period claim with the period expected from the current live FactGrid P692 CDLI ID.,Q2162712$AAD5B2D6-A206-4AB1-B5C8-FE77974CC795,Q2162712$EE62D0F9-CCBA-491C-8346-F31FA1ADAC04,written,
ready,587940,P587940,Q2164863,BM 068869,Cuneiform Tablet BM 068869,,P853,Q512162,Persian Period,Neo-Babylonian Period,Q512161,Replace live period claim with the period expected from the current live FactGrid P692 CDLI ID.,Q2164863$828AA601-69E9-43CD-9B40-D1F7DEF0A4BC,Q2164863$B1EAEA55-85CE-4D5B-984A-F8AC6F6D5467,written,
ready,588070,P588070,Q2163695,"JCS 31, 127-148 9","Cuneiform Artifact JCS 31, 127-148 9",,P853,Q512151,Old Assyrian Period,Early Old Babylonian Period,Q512150,Replace live period claim with the period expected from the current live FactGrid P692 CDLI ID.,Q2163695$6B0E0F99-2DDB-4777-9E2D-A74AEB554F7D,Q2163695$72E28460-42A9-4A8F-BC4B-4FF46EB4CDAA,written,
ready,588119,P588119,Q2168244,BM 029086,Cuneiform Tablet BM 029086,,P853,Q512159,Late Babylonian Period,Neo-Assyrian Period,Q512158,Replace live period claim with the period expected from the current live FactGrid P692 CDLI ID.,Q2168244$B3A50735-0EDF-4979-A93F-8EEB7B25D328,Q2168244$8BA38BC6-84D1-4AAA-AD6D-785322EDB854,written,
ready,588135,P588135,Q2163468,BM 078912,Cuneiform Tablet BM 078912,,P853,Q512159,Late Babylonian Period,Neo-Assyrian Period,Q512158,Replace live period claim with the period expected from the current live FactGrid P692 CDLI ID.,Q2163468$5AD8E1BC-55F0-47EF-8C57-2783F5488C13,Q2163468$0D6D303A-1BF5-4D8B-B31A-9CF0ABDB987E,written,
ready,588158,P588158,Q2170552,"TBER pl. 79, Kd 006","Cuneiform Artifact TBER pl. 79, Kd 006",,P853,Q512159,Late Babylonian Period,Neo-Assyrian Period,Q512158,Replace live period claim with the period expected from the current live FactGrid P692 CDLI ID.,Q2170552$7201AE47-6CF0-441C-BCF1-74F7668A552F,Q2170552$CBEE49E8-03B1-48EF-A529-7AF20C6609F7,written,
ready,588226,P588226,Q2169134,BM 069002,Cuneiform Tablet BM 069002,,P853,Q512162,Persian Period,Neo-Babylonian Period,Q512161,Replace live period claim with the period expected from the current live FactGrid P692 CDLI ID.,Q2169134$BFC3D16B-389F-41EC-8587-7251BE29A840,Q2169134$D72ACDA3-4CF6-4E63-8BF5-D9D34C5A6753,written,
ready,588549,P588549,Q2168354,BM 069368,Cuneiform Tablet BM 069368,,P853,Q512162,Persian Period,Neo-Babylonian Period,Q512161,Replace live period claim with the period expected from the current live FactGrid P692 CDLI ID.,Q2168354$A83DB774-6B2D-4BA1-AFBF-C696A97C309C,Q2168354$1C8F424D-D847-44E3-A2A5-E13198CBFC30,written,
ready,588908,P588908,Q2165745,BM 069767,Cuneiform Tablet BM 069767,,P853,Q512162,Persian Period,Neo-Babylonian Period,Q512161,Replace live period claim with the period expected from the current live FactGrid P692 CDLI ID.,Q2165745$7D67BEAF-BB3E-431F-939B-E96959EA993C,Q2165745$F3568264-E8DC-4016-BA50-1881F5E5E906,written,
ready,588949,P588949,Q2158115,BM 069814,Cuneiform Tablet BM 069814,,P853,Q512162,Persian Period,Neo-Babylonian Period,Q512161,Replace live period claim with the period expected from the current live FactGrid P692 CDLI ID.,Q2158115$17A66990-D43B-48BC-8A97-E4A7FE1AE16F,Q2158115$B31D0823-B76D-4E77-9961-0F2805937EBE,written,
ready,589071,P589071,Q2047398,BM 069966,Cuneiform Tablet BM 069966,,P853,Q512162,Persian Period,Neo-Babylonian Period,Q512161,Replace live period claim with the period expected from the current live FactGrid P692 CDLI ID.,Q2047398$C721F679-0864-4DB4-94BC-415A3877DF07,Q2047398$E31B77D0-A3AA-4176-ADD9-D17E28DD23E9,written,
ready,589421,P589421,Q2047762,BM 070383,Cuneiform Tablet BM 070383,,P853,Q512162,Persian Period,Neo-Babylonian Period,Q512161,Replace live period claim with the period expected from the current live FactGrid P692 CDLI ID.,Q2047762$16CE864D-683C-4A04-8456-576B69544374,Q2047762$5EE50208-CD57-4E92-8E08-1A259CAC39A1,written,
ready,590180,P590180,Q2158036,BM 071241,Cuneiform Tablet BM 071241,,P853,Q512162,Persian Period,Neo-Babylonian Period,Q512161,Replace live period claim with the period expected from the current live FactGrid P692 CDLI ID.,Q2158036$B99DEBC9-B899-4E8C-B805-CDE2552E3C9B,Q2158036$32499E26-CC1C-4F5F-88F5-82E7D86522B6,written,
ready,590196,P590196,Q2167699,BM 071257,Cuneiform Tablet BM 071257,,P853,Q512162,Persian Period,Neo-Babylonian Period,Q512161,Replace live period claim with the period expected from the current live FactGrid P692 CDLI ID.,Q2167699$A43DAADB-EF02-44EC-B5DA-752E31D3E13A,Q2167699$E11752A1-9311-4DD5-B2F1-10236712272D,written,
ready,590587,P590587,Q2170200,BM 071695,Cuneiform Tablet BM 071695,,P853,Q512162,Persian Period,Neo-Babylonian Period,Q512161,Replace live period claim with the period expected from the current live FactGrid P692 CDLI ID.,Q2170200$0E064A07-9F19-4B27-8D18-F24D71DF5505,Q2170200$17CFA7E9-AFA9-492E-87D9-43510A3AD784,written,
ready,590600,P590600,Q2047844,BM 071709,Cuneiform Tablet BM 071709,,P853,Q512162,Persian Period,Neo-Babylonian Period,Q512161,Replace live period claim with the period expected from the current live FactGrid P692 CDLI ID.,Q2047844$1E3D7C29-1B6A-4FF3-AB82-3F856F40F207,Q2047844$F16CF7DA-7EFB-43C3-9F7B-2388983C88BB,written,
ready,591379,P591379,Q2170593,BM 072774,Cuneiform Tablet BM 072774,,P853,Q512162,Persian Period,Neo-Babylonian Period,Q512161,Replace live period claim with the period expected from the current live FactGrid P692 CDLI ID.,Q2170593$5A3A5C4A-D4E1-4F6E-A8A5-B58D98D65039,Q2170593$FBBA6D94-50B1-43AA-B87B-4B0A8CE85080,written,
ready,591441,P591441,Q2023156,BM 072846,Cuneiform Tablet BM 072846,,P853,Q512162,Persian Period,Neo-Babylonian Period,Q512161,Replace live period claim with the period expected from the current live FactGrid P692 CDLI ID.,Q2023156$A041F4FA-0DF1-4879-A6A9-F18A9491DF2A,Q2023156$4906B168-FA0F-4C02-8FD3-AD97A9D4CA9F,written,
ready,591787,P591787,Q2168011,BM 073260,Cuneiform Tablet BM 073260,,P853,Q512162,Persian Period,Neo-Babylonian Period,Q512161,Replace live period claim with the period expected from the current live FactGrid P692 CDLI ID.,Q2168011$2C819E58-29F0-4D32-93CD-EAD05C03223D,Q2168011$3022FE52-F774-462F-A9FD-8F993AF9E371,written,
ready,591841,P591841,Q2169776,BM 073325,Cuneiform Tablet BM 073325,,P853,Q512162,Persian Period,Neo-Babylonian Period,Q512161,Replace live period claim with the period expected from the current live FactGrid P692 CDLI ID.,Q2169776$4DDAAA2F-DC28-48CA-821F-F6077DC28FEA,Q2169776$33B1BB69-BF9D-4C5A-9ECE-E0DA386CEA29,written,
ready,591912,P591912,Q2047780,BM 073423,Cuneiform Tablet BM 073423,,P853,Q512162,Persian Period,Neo-Babylonian Period,Q512161,Replace live period claim with the period expected from the current live FactGrid P692 CDLI ID.,Q2047780$84EB2B9D-9809-452E-908B-F19E58ED9921,Q2047780$18948DCC-3940-489D-BF05-20C4B4D2E5FF,written,
ready,592187,P592187,Q2163964,BM 073765,Cuneiform Tablet BM 073765,,P853,Q512162,Persian Period,Neo-Babylonian Period,Q512161,Replace live period claim with the period expected from the current live FactGrid P692 CDLI ID.,Q2163964$B5150314-7E07-4D8A-9AB0-E9BFCA8D09F5,Q2163964$0B41B92E-276E-4630-8CE6-A3460207632F,written,
ready,592451,P592451,Q2167693,BM 074082,Cuneiform Tablet BM 074082,,P853,Q512162,Persian Period,Neo-Babylonian Period,Q512161,Replace live period claim with the period expected from the current live FactGrid P692 CDLI ID.,Q2167693$8942A908-4187-4E02-B27E-0F76DDA8BF75,Q2167693$A108900B-B759-4CAF-BEA1-DF0F2F7D63F4,written,
ready,592646,P592646,Q2162902,BM 074407,Cuneiform Tablet BM 074407,,P853,Q512162,Persian Period,Neo-Babylonian Period,Q512161,Replace live period claim with the period expected from the current live FactGrid P692 CDLI ID.,Q2162902$FE3422FF-9659-4FB5-9A22-E7E8D247CFF5,Q2162902$14EC3122-64F2-4599-87CE-7C476AB1D533,written,
ready,592884,P592884,Q2163705,BM 075246,Cuneiform Tablet BM 075246,,P853,Q512162,Persian Period,Neo-Babylonian Period,Q512161,Replace live period claim with the period expected from the current live FactGrid P692 CDLI ID.,Q2163705$CBD96DB0-8CFE-498C-91DE-E13562E98AD1,Q2163705$469B7E39-EAC5-4C37-94FD-E8B1C9BF129A,written,
ready,593169,P593169,Q2144720,BM 076194,Cuneiform Tablet BM 076194,,P853,Q512162,Persian Period,Neo-Babylonian Period,Q512161,Replace live period claim with the period expected from the current live FactGrid P692 CDLI ID.,Q2144720$F8A8972F-ED30-473C-8791-BFCECEE6BFA4,Q2144720$C534D21E-C1D8-420B-8FC9-B2D70343B9E0,written,
ready,593240,P593240,Q2167978,BM 076283,Cuneiform Tablet BM 076283,,P853,Q512153,Middle Hittite Period,Old Babylonian Period,Q512152,Replace live period claim with the period expected from the current live FactGrid P692 CDLI ID.,Q2167978$AE2E5788-FD55-435E-9BA5-6CC10FB97173,Q2167978$7DC7D3CB-0598-4BA2-8165-BEC403314189,written,
ready,593313,P593313,Q2167862,BM 076375,Cuneiform Tablet BM 076375,,P853,Q512158,Neo-Assyrian Period,Neo-Babylonian Period,Q512161,Replace live period claim with the period expected from the current live FactGrid P692 CDLI ID.,Q2167862$33F5423C-A9C4-4E68-8F78-50FCDF42F1C1,Q2167862$A1B426EF-78AE-49A1-A07B-D4FAF2CA117E,written,
ready,593450,P593450,Q2165182,BM 076558,Cuneiform Tablet BM 076558,,P853,Q512162,Persian Period,Neo-Babylonian Period,Q512161,Replace live period claim with the period expected from the current live FactGrid P692 CDLI ID.,Q2165182$3FA50DE1-8AF9-403B-AFFA-4CE4D98CC832,Q2165182$94D6C57D-73C7-4B98-BFE2-301C26B34052,written,
ready,594268,P594268,Q2162486,BM 078081,Cuneiform Tablet BM 078081,,P853,Q512162,Persian Period,Neo-Babylonian Period,Q512161,Replace live period claim with the period expected from the current live FactGrid P692 CDLI ID.,Q2162486$4521F3B3-9961-4F23-9F70-66A68C1D491D,Q2162486$6AE271D4-AD13-44A9-85DD-7D208A5FA08B,written,
ready,594340,P594340,Q2169370,BM 078401,Cuneiform Tablet BM 078401,,P853,Q512162,Persian Period,Neo-Babylonian Period,Q512161,Replace live period claim with the period expected from the current live FactGrid P692 CDLI ID.,Q2169370$29E95853-5EE5-4540-AF43-556FE00E3D6D,Q2169370$9EA8E32D-3245-45A7-A54E-59DD73C18B50,written,
ready,594356,P594356,Q2147832,BM 078449,Cuneiform Tablet BM 078449,,P853,Q512153,Middle Hittite Period,Old Babylonian Period,Q512152,Replace live period claim with the period expected from the current live FactGrid P692 CDLI ID.,Q2147832$9A833846-9E1C-41A1-BB85-ECC3D0B479A2,Q2147832$B130302A-644F-46F6-95D9-B9B77699BB71,written,
ready,594395,P594395,Q2165176,BM 078495,Cuneiform Tablet BM 078495,,P853,Q512153,Middle Hittite Period,Old Babylonian Period,Q512152,Replace live period claim with the period expected from the current live FactGrid P692 CDLI ID.,Q2165176$CA185AA3-B52B-451F-AAA1-AC1BF2BE023C,Q2165176$499FC99E-EA16-4159-B3DA-34E710D68EFC,written,
ready,594403,P594403,Q2163553,BM 078507,Cuneiform Tablet BM 078507,,P853,Q512153,Middle Hittite Period,Old Babylonian Period,Q512152,Replace live period claim with the period expected from the current live FactGrid P692 CDLI ID.,Q2163553$1DFF2A31-0271-48CE-976A-0A0C9C8A005C,Q2163553$C5433B93-1D3B-4B4C-A6DA-CC9F3118C840,written,
ready,594439,P594439,Q2149173,BM 078549,Cuneiform Tablet BM 078549,,P853,Q512153,Middle Hittite Period,Old Babylonian Period,Q512152,Replace live period claim with the period expected from the current live FactGrid P692 CDLI ID.,Q2149173$E24F171C-BF5B-4C2E-AD96-7264795DF1F8,Q2149173$009D05F5-39B5-494B-BF5E-36CDEBD01977,written,
ready,594478,P594478,Q2165296,BM 078620,Cuneiform Tablet BM 078620,,P853,Q512153,Middle Hittite Period,Old Babylonian Period,Q512152,Replace live period claim with the period expected from the current live FactGrid P692 CDLI ID.,Q2165296$EAAE255F-9248-4532-88B7-E245000FCB26,Q2165296$31090232-C037-441F-9A14-FB040ED7CED9,written,
ready,594481,P594481,Q2170597,BM 078627,Cuneiform Tablet BM 078627,,P853,Q512153,Middle Hittite Period,Old Babylonian Period,Q512152,Replace live period claim with the period expected from the current live FactGrid P692 CDLI ID.,Q2170597$63E88AC6-11D3-4EDD-8898-984D7A1287BE,Q2170597$AD76A5FB-30D5-4675-800F-DF6D0E20E032,written,
ready,594497,P594497,Q2166399,BM 078658,Cuneiform Tablet BM 078658,,P853,Q512153,Middle Hittite Period,Old Babylonian Period,Q512152,Replace live period claim with the period expected from the current live FactGrid P692 CDLI ID.,Q2166399$F4F64F14-6735-4D8C-9979-F9AC692799E5,Q2166399$35747C22-D2BE-40E2-A36A-FA048E21858D,written,
ready,594546,P594546,Q2163334,BM 078820,Cuneiform Tablet BM 078820,,P853,Q512162,Persian Period,Neo-Babylonian Period,Q512161,Replace live period claim with the period expected from the current live FactGrid P692 CDLI ID.,Q2163334$B57C6076-C464-4DEE-A378-6F7D970869F6,Q2163334$192F738A-DB5F-4C23-B750-471515A2DCF8,written,
ready,594585,P594585,Q2167993,BM 078869,Cuneiform Artifact BM 078869,,P853,Q512153,Middle Hittite Period,Old Babylonian Period,Q512152,Replace live period claim with the period expected from the current live FactGrid P692 CDLI ID.,Q2167993$09C296CC-7D6E-4E17-98E0-3F6E3CE8F24D,Q2167993$9ADAE799-70BB-4805-8954-EB97C7072C22,written,
ready,594593,P594593,Q2152555,BM 078879,Cuneiform Tablet BM 078879,,P853,Q512153,Middle Hittite Period,Old Babylonian Period,Q512152,Replace live period claim with the period expected from the current live FactGrid P692 CDLI ID.,Q2152555$91C65925-5210-460B-BFC3-C34EFC2C682D,Q2152555$F950D82F-3440-4D69-B211-079A1D8B5655,written,
ready,594655,P594655,Q2169272,BM 078990,Cuneiform Tablet BM 078990,,P853,Q512153,Middle Hittite Period,Old Babylonian Period,Q512152,Replace live period claim with the period expected from the current live FactGrid P692 CDLI ID.,Q2169272$7C01FBE0-0EB6-4788-A5B8-0D1DC0D54A85,Q2169272$5472D35F-00F9-43A0-89ED-D70612B9172E,written,
ready,594706,P594706,Q2144295,BM 079081,Cuneiform Tablet BM 079081,,P853,Q512153,Middle Hittite Period,Old Babylonian Period,Q512152,Replace live period claim with the period expected from the current live FactGrid P692 CDLI ID.,Q2144295$FD663DA0-BC69-44F1-A9AF-FD375B3CD541,Q2144295$4406F53F-0B5A-4CD7-A015-BD3182ADF95F,written,
ready,594710,P594710,Q2169502,BM 079086,Cuneiform Tablet BM 079086,,P853,Q512153,Middle Hittite Period,Old Babylonian Period,Q512152,Replace live period claim with the period expected from the current live FactGrid P692 CDLI ID.,Q2169502$322E54CD-0F85-4E7E-B62D-39CB39A6B307,Q2169502$78604F96-FBF1-4CBC-86D9-B0ED3CACA2F4,written,
ready,594751,P594751,Q2167235,BM 079143,Cuneiform Tablet BM 079143,,P853,Q512153,Middle Hittite Period,Old Babylonian Period,Q512152,Replace live period claim with the period expected from the current live FactGrid P692 CDLI ID.,Q2167235$CF5F0619-7DF1-418D-8D65-3575ADE17A0C,Q2167235$38B6E53E-336A-468D-B9C6-C5F5C8831EAB,written,
ready,594839,P594839,Q2168528,BM 079250,Cuneiform Tablet BM 079250,,P853,Q512162,Persian Period,Neo-Babylonian Period,Q512161,Replace live period claim with the period expected from the current live FactGrid P692 CDLI ID.,Q2168528$D7D520EF-3317-4A4D-8267-112357A82D72,Q2168528$DCDE324F-E03B-4735-AC8B-9D3F9F9B7086,written,
ready,594881,P594881,Q2165726,BM 079309,Cuneiform Tablet BM 079309,,P853,Q512153,Middle Hittite Period,Old Babylonian Period,Q512152,Replace live period claim with the period expected from the current live FactGrid P692 CDLI ID.,Q2165726$DB3039E2-FE3D-44CC-A589-EA8721F3BDEB,Q2165726$F3CA25A9-4788-4B43-9A35-05289769E17F,written,
ready,594985,P594985,Q2159673,BM 079440,Cuneiform Tablet BM 079440,,P853,Q512153,Middle Hittite Period,Old Babylonian Period,Q512152,Replace live period claim with the period expected from the current live FactGrid P692 CDLI ID.,Q2159673$AADDECED-5262-4ED2-865D-623DE2EA05E8,Q2159673$914D4315-6ED3-4F86-A278-D48F3CC7E332,written,
ready,594993,P594993,Q2017354,BM 079449,Cuneiform Tablet BM 079449,,P853,Q512153,Middle Hittite Period,Old Babylonian Period,Q512152,Replace live period claim with the period expected from the current live FactGrid P692 CDLI ID.,Q2017354$5EC7BEA4-5555-4DAE-8219-EFC488757CDB,Q2017354$C8C5195C-B529-4F76-BBA2-B8A40F05AB4C,written,
ready,595005,P595005,Q2166743,BM 079464,Cuneiform Tablet BM 079464,,P853,Q512153,Middle Hittite Period,Old Babylonian Period,Q512152,Replace live period claim with the period expected from the current live FactGrid P692 CDLI ID.,Q2166743$EF734DC5-282F-42E4-9B1F-B6126A433DD7,Q2166743$51F46B59-9946-42DB-ADC5-1515FF5B2648,written,
ready,595029,P595029,Q2162619,BM 079508,Cuneiform Tablet BM 079508,,P853,Q512153,Middle Hittite Period,Old Babylonian Period,Q512152,Replace live period claim with the period expected from the current live FactGrid P692 CDLI ID.,Q2162619$4CAFA397-7792-432A-82BC-10B6E1BE0812,Q2162619$E3AF314C-A1A3-4549-BC53-15EF91279718,written,
ready,595117,P595117,Q2063598,BM 079618,Cuneiform Tablet BM 079618,,P853,Q512162,Persian Period,Neo-Babylonian Period,Q512161,Replace live period claim with the period expected from the current live FactGrid P692 CDLI ID.,Q2063598$E6A9F618-A568-4B0E-BA97-28EFE1073989,Q2063598$4A0C28EB-837D-4228-905A-A17B2942C28F,written,
ready,595140,P595140,Q2167536,BM 079649,Cuneiform Tablet BM 079649,,P853,Q512162,Persian Period,Neo-Babylonian Period,Q512161,Replace live period claim with the period expected from the current live FactGrid P692 CDLI ID.,Q2167536$DFB39D35-2C83-4AC3-A9E4-97AE9F80D545,Q2167536$1661D85A-7036-4087-BF4F-01A9594873C2,written,
ready,595269,P595269,Q2165630,BM 079830,Cuneiform Tablet BM 079830,,P853,Q512153,Middle Hittite Period,Old Babylonian Period,Q512152,Replace live period claim with the period expected from the current live FactGrid P692 CDLI ID.,Q2165630$F5DCA2A5-61C6-4C55-B0BC-562C5DCF16EA,Q2165630$7A91648C-AA5E-4018-BFB6-71CDD02FC568,written,
ready,595286,P595286,Q2166080,BM 079847,Cuneiform Tablet BM 079847,,P853,Q512153,Middle Hittite Period,Old Babylonian Period,Q512152,Replace live period claim with the period expected from the current live FactGrid P692 CDLI ID.,Q2166080$5A00AB67-B23B-47F1-85F1-DFFFDB9CE724,Q2166080$CDA00B52-5FB4-4A12-A6ED-B6739D267817,written,
ready,595357,P595357,Q2163044,BM 079975,Cuneiform Tablet BM 079975,,P853,Q512153,Middle Hittite Period,Old Babylonian Period,Q512152,Replace live period claim with the period expected from the current live FactGrid P692 CDLI ID.,Q2163044$2E7D67BA-5A9D-4E08-9601-C0BDC58B4B38,Q2163044$5954C113-B61A-4A8B-95E2-21B4989FDA39,written,
ready,595382,P595382,Q2158386,BM 080013,Cuneiform Tablet BM 080013,,P853,Q512153,Middle Hittite Period,Old Babylonian Period,Q512152,Replace live period claim with the period expected from the current live FactGrid P692 CDLI ID.,Q2158386$25A62764-6502-44E5-8861-F4EC80C961DD,Q2158386$10C67BF9-4626-4D0C-A127-573FE0F549C2,written,
ready,595394,P595394,Q2167678,BM 080032,Cuneiform Tablet BM 080032,,P853,Q512153,Middle Hittite Period,Old Babylonian Period,Q512152,Replace live period claim with the period expected from the current live FactGrid P692 CDLI ID.,Q2167678$2AA9CC69-7AF0-479A-ACAD-2AF7D89E4CA1,Q2167678$D83D1486-240D-414E-BB1C-3C56F21F86E7,written,
ready,595402,P595402,Q2047722,BM 080046,Cuneiform Tablet BM 080046,,P853,Q512153,Middle Hittite Period,Old Babylonian Period,Q512152,Replace live period claim with the period expected from the current live FactGrid P692 CDLI ID.,Q2047722$AF4103C2-DCA9-4836-8E7B-9AF00356581B,Q2047722$B364E865-EDF2-4FDF-9583-8BEA8A4FFE0A,written,
ready,595414,P595414,Q2168873,BM 080061,Cuneiform Tablet BM 080061,,P853,Q512153,Middle Hittite Period,Old Babylonian Period,Q512152,Replace live period claim with the period expected from the current live FactGrid P692 CDLI ID.,Q2168873$B9000A24-AA5A-4434-BA04-7D787A248358,Q2168873$11A3765F-8C2B-4C2B-B6F8-4F233200996B,written,
ready,595455,P595455,Q2166580,BM 080314,Cuneiform Tablet BM 080314,,P853,Q512153,Middle Hittite Period,Old Babylonian Period,Q512152,Replace live period claim with the period expected from the current live FactGrid P692 CDLI ID.,Q2166580$99884073-3673-4EFE-96EF-3C031766DBBB,Q2166580$F4B391D9-01EB-4A3E-9AEC-4B76B5EF5582,written,
ready,595479,P595479,Q2162754,BM 080482,Cuneiform Tablet BM 080482,,P853,Q512153,Middle Hittite Period,Old Babylonian Period,Q512152,Replace live period claim with the period expected from the current live FactGrid P692 CDLI ID.,Q2162754$0C280530-34E0-416F-B830-7C61143B8EF1,Q2162754$B18BE2AA-3CE6-49FA-B121-F5E73D19949D,written,
ready,595510,P595510,Q2167386,BM 080611,Cuneiform Tablet BM 080611,,P853,Q512153,Middle Hittite Period,Old Babylonian Period,Q512152,Replace live period claim with the period expected from the current live FactGrid P692 CDLI ID.,Q2167386$86218368-DB12-4EF5-93BE-9DAB84044B0D,Q2167386$15EAE7D9-2CA5-4351-B7FC-7E8418C3E74C,written,
ready,595547,P595547,Q2063861,BM 080745,Cuneiform Tablet BM 080745,,P853,Q512153,Middle Hittite Period,Old Babylonian Period,Q512152,Replace live period claim with the period expected from the current live FactGrid P692 CDLI ID.,Q2063861$36818D02-6987-4DE3-AEB2-BFA3D478B8A6,Q2063861$E1F040B4-194A-4DFD-89F1-8E90A94706A2,written,
ready,595584,P595584,Q2164897,BM 080829,Cuneiform Tablet BM 080829,,P853,Q512153,Middle Hittite Period,Old Babylonian Period,Q512152,Replace live period claim with the period expected from the current live FactGrid P692 CDLI ID.,Q2164897$443E364B-160A-4310-850D-4CB5DCB04EE8,Q2164897$6A796361-A9CF-4B40-8C85-31DF3CED0832,written,
ready,595639,P595639,Q2165757,BM 080966,Cuneiform Tablet BM 080966,,P853,Q512153,Middle Hittite Period,Old Babylonian Period,Q512152,Replace live period claim with the period expected from the current live FactGrid P692 CDLI ID.,Q2165757$60464EA2-2340-44D8-B65C-7EB067CCEA73,Q2165757$46FFE1CF-165A-495F-B996-6A140C1DC223,written,
ready,595642,P595642,Q2163951,BM 080971,Cuneiform Tablet BM 080971,,P853,Q512153,Middle Hittite Period,Old Babylonian Period,Q512152,Replace live period claim with the period expected from the current live FactGrid P692 CDLI ID.,Q2163951$829BF051-C258-473B-8EF1-EB43D5ED0828,Q2163951$40DD3C91-5EFA-417F-9A36-330737BF2D9E,written,
ready,595678,P595678,Q2157909,BM 081059,Cuneiform Tablet BM 081059,,P853,Q512153,Middle Hittite Period,Old Babylonian Period,Q512152,Replace live period claim with the period expected from the current live FactGrid P692 CDLI ID.,Q2157909$567B9C81-A30E-4CD0-87F2-287CC4889C71,Q2157909$4F1C516C-79CC-474B-ABFD-02CEA685EBC5,written,
ready,595681,P595681,Q2017074,BM 081064,Cuneiform Tablet BM 081064,,P853,Q512153,Middle Hittite Period,Old Babylonian Period,Q512152,Replace live period claim with the period expected from the current live FactGrid P692 CDLI ID.,Q2017074$680A7463-A6FA-482A-B088-C1F4615A6DA2,Q2017074$0130729E-09CC-4080-AED9-7B46D288DFC9,written,
ready,595697,P595697,Q2160251,BM 081097,Cuneiform Tablet BM 081097,,P853,Q512153,Middle Hittite Period,Old Babylonian Period,Q512152,Replace live period claim with the period expected from the current live FactGrid P692 CDLI ID.,Q2160251$479B163C-A491-4F94-B7C7-EDD192302318,Q2160251$1727F343-9555-4AAF-BA87-901FFF6EA580,written,
ready,595707,P595707,Q2163164,BM 081112,Cuneiform Tablet BM 081112,,P853,Q512153,Middle Hittite Period,Old Babylonian Period,Q512152,Replace live period claim with the period expected from the current live FactGrid P692 CDLI ID.,Q2163164$12EF95D9-4A28-439F-ADE1-4986A4CD62CE,Q2163164$39BAC5E3-CDD1-41E8-93C0-EEB586580B93,written,
ready,595785,P595785,Q2170121,BM 081231,Cuneiform Tablet BM 081231,,P853,Q512153,Middle Hittite Period,Old Babylonian Period,Q512152,Replace live period claim with the period expected from the current live FactGrid P692 CDLI ID.,Q2170121$4BBC0715-B4BD-4BD4-A252-A6C6A078A6FF,Q2170121$27D230B3-BD40-48B5-B7B2-391781FA8E6A,written,
ready,595802,P595802,Q2169512,BM 081260,Cuneiform Tablet BM 081260,,P853,Q512153,Middle Hittite Period,Old Babylonian Period,Q512152,Replace live period claim with the period expected from the current live FactGrid P692 CDLI ID.,Q2169512$F4700F5B-4F95-46A8-8A94-1DA7BEED7D62,Q2169512$B6FF33C0-23B2-482C-BFAB-9D69E5D02E41,written,
ready,595814,P595814,Q2143812,BM 081284,Cuneiform Tablet BM 081284,,P853,Q512153,Middle Hittite Period,Old Babylonian Period,Q512152,Replace live period claim with the period expected from the current live FactGrid P692 CDLI ID.,Q2143812$5263807E-8A77-4FB6-A40E-A32AD22EA102,Q2143812$59640180-CF0F-4EAB-ADB7-3462C7A01AFA,written,
ready,595838,P595838,Q2164211,BM 081321,Cuneiform Tablet BM 081321,,P853,Q512153,Middle Hittite Period,Old Babylonian Period,Q512152,Replace live period claim with the period expected from the current live FactGrid P692 CDLI ID.,Q2164211$CB5B9BD3-2DBE-47C2-8AA2-D9E88F395544,Q2164211$B19D5CC6-B8DB-40FB-9D37-CFE736780B53,written,
ready,595843,P595843,Q2167225,BM 081328,Cuneiform Tablet BM 081328,,P853,Q512153,Middle Hittite Period,Old Babylonian Period,Q512152,Replace live period claim with the period expected from the current live FactGrid P692 CDLI ID.,Q2167225$B6B38857-67E5-49E3-BD16-D52BB7451EF7,Q2167225$D5F77C14-B62A-4DB0-A999-938D83C1056B,written,
ready,595880,P595880,Q2162573,BM 081390,Cuneiform Tablet BM 081390,,P853,Q512153,Middle Hittite Period,Old Babylonian Period,Q512152,Replace live period claim with the period expected from the current live FactGrid P692 CDLI ID.,Q2162573$16006970-7385-473B-8116-8C5E9E2E09EA,Q2162573$A3D17DC7-4B6A-4222-BA1B-71D3A81D6B3D,written,
ready,595906,P595906,Q2167015,BM 081425,Cuneiform Tablet BM 081425,,P853,Q512153,Middle Hittite Period,Old Babylonian Period,Q512152,Replace live period claim with the period expected from the current live FactGrid P692 CDLI ID.,Q2167015$D8AB9FC8-3B6B-4913-BBCF-A505C1C50481,Q2167015$91AF883A-8559-4A26-9661-618A9E0BC305,written,
ready,595947,P595947,Q2169303,BM 081497,Cuneiform Tablet BM 081497,,P853,Q512153,Middle Hittite Period,Old Babylonian Period,Q512152,Replace live period claim with the period expected from the current live FactGrid P692 CDLI ID.,Q2169303$5DB46379-C7CE-4116-B4A8-F4F3988B4B75,Q2169303$FEDBCA10-BC0E-412B-9BC9-51FE18A147C6,written,
ready,595951,P595951,Q2021154,BM 081502,Cuneiform Tablet BM 081502,,P853,Q512153,Middle Hittite Period,Old Babylonian Period,Q512152,Replace live period claim with the period expected from the current live FactGrid P692 CDLI ID.,Q2021154$A9273341-6504-4881-B778-A9A196108C0D,Q2021154$3763F6D6-B942-4F33-9DED-1F142604B9FB,written,
ready,595992,P595992,Q2164170,BM 081568,Cuneiform Tablet BM 081568,,P853,Q512153,Middle Hittite Period,Old Babylonian Period,Q512152,Replace live period claim with the period expected from the current live FactGrid P692 CDLI ID.,Q2164170$BC72744A-2474-4C22-8D6A-69CEF6C0CC95,Q2164170$9260DC66-C8E2-4E8D-96BC-4D9E61B4F15A,written,
ready,596003,P596003,Q2170359,BM 081581,Cuneiform Tablet BM 081581,,P853,Q512153,Middle Hittite Period,Old Babylonian Period,Q512152,Replace live period claim with the period expected from the current live FactGrid P692 CDLI ID.,Q2170359$3F90B72D-2FB1-421F-B9DB-69BCC1DAC82F,Q2170359$8FF440D7-7658-4CE2-884C-7F841661730C,written,
ready,596015,P596015,Q2165440,BM 081600,Cuneiform Tablet BM 081600,,P853,Q512153,Middle Hittite Period,Old Babylonian Period,Q512152,Replace live period claim with the period expected from the current live FactGrid P692 CDLI ID.,Q2165440$324FE493-6F51-4CEC-B486-E18D31EAE210,Q2165440$7C001C35-6FBF-4BF6-8E29-039003D2F27F,written,
ready,596042,P596042,Q2168008,BM 081634,Cuneiform Tablet BM 081634,,P853,Q512153,Middle Hittite Period,Old Babylonian Period,Q512152,Replace live period claim with the period expected from the current live FactGrid P692 CDLI ID.,Q2168008$55E4D293-E7A2-47A7-80D7-543504A4F119,Q2168008$63ED820C-9A85-452C-87AF-C3510CB1ED90,written,
ready,596054,P596054,Q2152029,BM 081647,Cuneiform Tablet BM 081647,,P853,Q512153,Middle Hittite Period,Old Babylonian Period,Q512152,Replace live period claim with the period expected from the current live FactGrid P692 CDLI ID.,Q2152029$3658769B-F9D0-4A34-B16B-495564BDB085,Q2152029$53CFDE2D-AE30-472B-9E41-D019E630DA8C,written,
ready,596081,P596081,Q2163211,BM 081680,Cuneiform Tablet BM 081680,,P853,Q512153,Middle Hittite Period,Old Babylonian Period,Q512152,Replace live period claim with the period expected from the current live FactGrid P692 CDLI ID.,Q2163211$E08F732A-E8C6-463C-9981-99FCF5832DD3,Q2163211$1866DAE3-AF4B-48F9-AA64-3EC2334D04D1,written,
ready,596107,P596107,Q2168236,BM 081719,Cuneiform Tablet BM 081719,,P853,Q512153,Middle Hittite Period,Old Babylonian Period,Q512152,Replace live period claim with the period expected from the current live FactGrid P692 CDLI ID.,Q2168236$A355CC95-6DA6-4B89-9B6D-9CCE3ECF2DCB,Q2168236$D2941180-57D2-4A4F-A78F-AB9C3A489F39,written,
ready,596111,P596111,Q2168764,BM 081723,Cuneiform Tablet BM 081723,,P853,Q512153,Middle Hittite Period,Old Babylonian Period,Q512152,Replace live period claim with the period expected from the current live FactGrid P692 CDLI ID.,Q2168764$E21A1B72-094B-4C52-99C1-25351FDDEDAE,Q2168764$DB2CEAEF-9051-42C0-A5F7-8F1463324014,written,
ready,596146,P596146,Q2170569,BM 081760,Cuneiform Tablet BM 081760,,P853,Q512153,Middle Hittite Period,Old Babylonian Period,Q512152,Replace live period claim with the period expected from the current live FactGrid P692 CDLI ID.,Q2170569$A3FE8C45-924B-40EE-94B4-E8E3A0DF02AD,Q2170569$A0DA13F3-8ED1-4933-B452-FF057C7FEA06,written,
ready,596150,P596150,Q2166415,BM 081764,Cuneiform Tablet BM 081764,,P853,Q512153,Middle Hittite Period,Old Babylonian Period,Q512152,Replace live period claim with the period expected from the current live FactGrid P692 CDLI ID.,Q2166415$872E3EF8-894F-4F4E-9381-195094D5854C,Q2166415$5573F932-BBB4-4BA8-A869-50776C34AA5B,written,
ready,596202,P596202,Q2165062,BM 081824,Cuneiform Artifact BM 081824,,P853,Q512153,Middle Hittite Period,Old Babylonian Period,Q512152,Replace live period claim with the period expected from the current live FactGrid P692 CDLI ID.,Q2165062$468544C3-7ED5-41E9-AD53-9048670342D4,Q2165062$FB50020D-74BE-4955-8F25-E1533AA48B59,written,
ready,596238,P596238,Q2169157,BM 081865,Cuneiform Artifact BM 081865,,P853,Q512153,Middle Hittite Period,Old Babylonian Period,Q512152,Replace live period claim with the period expected from the current live FactGrid P692 CDLI ID.,Q2169157$917C2AF5-3F3D-4405-B502-FD68D5F97B29,Q2169157$127F9C39-02A1-4D43-B439-828E29629E56,written,
ready,596255,P596255,Q2162481,BM 081883,Cuneiform Artifact BM 081883,,P853,Q512153,Middle Hittite Period,Old Babylonian Period,Q512152,Replace live period claim with the period expected from the current live FactGrid P692 CDLI ID.,Q2162481$4FF6FE5A-B897-4752-B4A4-4C5CFB16C594,Q2162481$CAC2C6C0-F380-46BC-949B-DA6B4C72AD7D,written,
ready,596279,P596279,Q2166872,BM 081912,Cuneiform Artifact BM 081912,,P853,Q512153,Middle Hittite Period,Old Babylonian Period,Q512152,Replace live period claim with the period expected from the current live FactGrid P692 CDLI ID.,Q2166872$2B990E45-B582-4BDE-8EBD-5EDE808A4C51,Q2166872$69CC17BD-20DC-4072-918E-7FA9F41ECA3B,written,
ready,596296,P596296,Q2167265,BM 081933,Cuneiform Artifact BM 081933,,P853,Q512153,Middle Hittite Period,Old Babylonian Period,Q512152,Replace live period claim with the period expected from the current live FactGrid P692 CDLI ID.,Q2167265$9058111A-12D0-4C43-B097-11735120BB74,Q2167265$0E892F19-67BA-43A5-AAA4-47FD114A3B13,written,
ready,596310,P596310,Q2162269,BM 081952,Cuneiform Artifact BM 081952,,P853,Q512153,Middle Hittite Period,Old Babylonian Period,Q512152,Replace live period claim with the period expected from the current live FactGrid P692 CDLI ID.,Q2162269$8BC48B27-8452-4623-8704-AE449580BB93,Q2162269$9BE92BF5-85DC-4FDC-BF8C-5DE1245C1E72,written,
ready,596347,P596347,Q2164070,BM 081998,Cuneiform Artifact BM 081998,,P853,Q512153,Middle Hittite Period,Old Babylonian Period,Q512152,Replace live period claim with the period expected from the current live FactGrid P692 CDLI ID.,Q2164070$DCEA3D9F-6852-4C76-91A1-4CC2311D375C,Q2164070$634BC29E-CF9B-4152-A98B-8E0B64499954,written,
ready,596445,P596445,Q2165307,BM 082197,Cuneiform Tablet BM 082197,,P853,Q512153,Middle Hittite Period,Old Babylonian Period,Q512152,Replace live period claim with the period expected from the current live FactGrid P692 CDLI ID.,Q2165307$00395BF6-F056-442E-89A4-4CC1BA11D42E,Q2165307$A16ADA4C-B6A9-4D7F-8323-690BF2744104,written,
ready,596500,P596500,Q2166268,BM 082535,Cuneiform Artifact BM 082535,,P853,Q512153,Middle Hittite Period,Old Babylonian Period,Q512152,Replace live period claim with the period expected from the current live FactGrid P692 CDLI ID.,Q2166268$C4282586-10D4-4BC8-81D1-8144BE4447EB,Q2166268$0CEF34AB-4C82-44FE-A546-AE2951945B8D,written,
ready,596557,P596557,Q2168391,BM 082782,Cuneiform Tablet BM 082782,,P853,Q512155,Middle Assyrian Period,Middle Babylonian Period,Q512154,Replace live period claim with the period expected from the current live FactGrid P692 CDLI ID.,Q2168391$0F9476F0-61B2-4DE8-A51D-A1FF643340FF,Q2168391$A2E24B04-9B8E-4454-9F41-9A615458D34C,written,
ready,596605,P596605,Q2162348,BM 082926,Cuneiform Tablet BM 082926,,P853,Q512153,Middle Hittite Period,Old Babylonian Period,Q512152,Replace live period claim with the period expected from the current live FactGrid P692 CDLI ID.,Q2162348$4C165072-ACFC-4417-BC69-27485E17C232,Q2162348$5C921398-BA5B-4602-BC05-3BE490480D54,written,
ready,596783,P596783,Q2166783,BM 083187,Cuneiform Tablet BM 083187,,P853,Q512162,Persian Period,Neo-Babylonian Period,Q512161,Replace live period claim with the period expected from the current live FactGrid P692 CDLI ID.,Q2166783$383B01D7-8A70-4AE3-AC21-28472F56B26E,Q2166783$F2364F74-0241-460C-A838-A21E4E6D7230,written,
ready,596853,P596853,Q2166124,BM 083262,Cuneiform Tablet BM 083262,,P853,Q512162,Persian Period,Neo-Babylonian Period,Q512161,Replace live period claim with the period expected from the current live FactGrid P692 CDLI ID.,Q2166124$EA43D339-6844-4D74-8172-252B459523BE,Q2166124$9A4610EE-FE72-4B39-9152-5D7021E746D8,written,
ready,596957,P596957,Q2157850,BM 083383,Cuneiform Tablet BM 083383,,P853,Q512162,Persian Period,Neo-Babylonian Period,Q512161,Replace live period claim with the period expected from the current live FactGrid P692 CDLI ID.,Q2157850$F0300A07-88C9-4FD4-9022-C3C089BFCD32,Q2157850$AD30A667-90C8-467B-BE27-1EFBE3AF22A5,written,
ready,597038,P597038,Q2166758,NABU 2002/055 BM 083478,Cuneiform Tablet NABU 2002/055 BM 083478,,P853,Q512162,Persian Period,Neo-Babylonian Period,Q512161,Replace live period claim with the period expected from the current live FactGrid P692 CDLI ID.,Q2166758$EEB1A632-8B57-4DA8-B98A-8414AAF81F6B,Q2166758$F445460C-6E88-495A-8399-B25E389656C3,written,
ready,597080,P597080,Q2063688,BM 083525,Cuneiform Tablet BM 083525,,P853,Q512162,Persian Period,Neo-Babylonian Period,Q512161,Replace live period claim with the period expected from the current live FactGrid P692 CDLI ID.,Q2063688$31341E24-C837-4B85-9BCB-136B6C36FF22,Q2063688$74FE7B77-BDEA-49A6-981E-FB8D49A588D4,written,
ready,597192,P597192,Q2166504,BM 083656,Cuneiform Tablet BM 083656,,P853,Q512162,Persian Period,Neo-Babylonian Period,Q512161,Replace live period claim with the period expected from the current live FactGrid P692 CDLI ID.,Q2166504$A32F881B-6E1E-410F-B89E-5FA7F61D57BC,Q2166504$94241573-52F5-40EC-AD54-51FED65583A4,written,
ready,597203,P597203,Q2167886,BM 083671,Cuneiform Tablet BM 083671,,P853,Q512162,Persian Period,Neo-Babylonian Period,Q512161,Replace live period claim with the period expected from the current live FactGrid P692 CDLI ID.,Q2167886$044A4D4C-2B38-4EC8-8924-C74C9AD5E0D8,Q2167886$062C78F9-53DF-4328-AC46-0EBF43801363,written,
ready,597215,P597215,Q2154631,BM 083684,Cuneiform Tablet BM 083684,,P853,Q512162,Persian Period,Neo-Babylonian Period,Q512161,Replace live period claim with the period expected from the current live FactGrid P692 CDLI ID.,Q2154631$50C9211D-F747-4338-8C26-3CD36FD95537,Q2154631$EA74C9F7-3899-4E72-9F11-DB96EF326FF0,written,
ready,597242,P597242,Q2170193,BM 083716,Cuneiform Tablet BM 083716,,P853,Q512162,Persian Period,Neo-Babylonian Period,Q512161,Replace live period claim with the period expected from the current live FactGrid P692 CDLI ID.,Q2170193$DFA6BF47-18CE-4574-B079-C60103A7FC94,Q2170193$0B207131-094A-4C51-8CDE-154A15F290F0,written,
ready,597311,P597311,Q2165986,BM 083791,Cuneiform Tablet BM 083791,,P853,Q512162,Persian Period,Neo-Babylonian Period,Q512161,Replace live period claim with the period expected from the current live FactGrid P692 CDLI ID.,Q2165986$F94092C3-A7E3-46B7-A660-072965191787,Q2165986$7A6A24DF-4602-44E2-9411-FD8F52801E1D,written,
ready,597346,P597346,Q1368807,BM 083831,Cuneiform Tablet BM 083831,,P853,Q512162,Persian Period,Neo-Babylonian Period,Q512161,Replace live period claim with the period expected from the current live FactGrid P692 CDLI ID.,Q1368807$6E69A8F8-BE82-4C97-8C15-7CA48B71CA97,Q1368807$AE33490C-D448-4BF0-8A30-071DF8608427,written,
ready,597350,P597350,Q2161813,BM 083836,Cuneiform Tablet BM 083836,,P853,Q512162,Persian Period,Neo-Babylonian Period,Q512161,Replace live period claim with the period expected from the current live FactGrid P692 CDLI ID.,Q2161813$BBC91D03-2BAF-46C0-BC24-D3193C16DD49,Q2161813$D7DCBE68-AC99-45EC-B7C6-262AB8751F41,written,
ready,597468,P597468,Q2166603,BM 083964,Cuneiform Tablet BM 083964,,P853,Q512153,Middle Hittite Period,Old Babylonian Period,Q512152,Replace live period claim with the period expected from the current live FactGrid P692 CDLI ID.,Q2166603$35D9965F-F497-458E-A38E-6EF370485EA7,Q2166603$CFCB4542-977F-4342-8C42-1C65B2B2ACD4,written,
ready,597556,P597556,Q2164363,"Pihans 135, 079","Cuneiform Tablet Pihans 135, 079",,P853,Q512156,Middle Elamite Period,Middle Assyrian Period,Q512155,Replace live period claim with the period expected from the current live FactGrid P692 CDLI ID.,Q2164363$A2F4C417-D0A4-4EFF-9A69-37306F6CF1B3,Q2164363$F27E0139-02CF-4DE9-8672-933BD4FE8D41,written,
ready,597583,P597583,Q2168976,"Pihans 135, 123","Cuneiform Tablet Pihans 135, 123",,P853,Q512156,Middle Elamite Period,Middle Assyrian Period,Q512155,Replace live period claim with the period expected from the current live FactGrid P692 CDLI ID.,Q2168976$05D6DFCC-F856-48CB-BA9E-54CD63E1105C,Q2168976$36E0A9F5-2A8E-46F1-83C0-BFF68672818C,written,
ready,597595,P597595,Q2047448,"Pihans 135, 139","Cuneiform Tablet Pihans 135, 139",,P853,Q512156,Middle Elamite Period,Middle Assyrian Period,Q512155,Replace live period claim with the period expected from the current live FactGrid P692 CDLI ID.,Q2047448$A6ED994A-F70D-4425-AA8E-496799EF554A,Q2047448$340BE920-387C-42D0-B263-1C987FFDA055,written,
ready,597604,P597604,Q2165755,"Pihans 135, 151","Cuneiform Tablet Pihans 135, 151",,P853,Q512156,Middle Elamite Period,Middle Assyrian Period,Q512155,Replace live period claim with the period expected from the current live FactGrid P692 CDLI ID.,Q2165755$34ED2DFD-2A3A-42BE-AF1C-9205FE7ACF93,Q2165755$65C79CED-0596-4F45-9D6A-A07AC6A8EA59,written,
ready,597612,P597612,Q2170086,"Pihans 135, 160","Cuneiform Tablet Pihans 135, 160",,P853,Q512156,Middle Elamite Period,Middle Assyrian Period,Q512155,Replace live period claim with the period expected from the current live FactGrid P692 CDLI ID.,Q2170086$B7D90F99-2864-4690-B0D9-0578EF158815,Q2170086$7C49A967-2390-47C0-B288-F10DB53FC8EB,written,
ready,597645,P597645,Q2158250,"Pihans 135, 210","Cuneiform Tablet Pihans 135, 210",,P853,Q512156,Middle Elamite Period,Middle Assyrian Period,Q512155,Replace live period claim with the period expected from the current live FactGrid P692 CDLI ID.,Q2158250$5C10AD4E-E1A2-4A18-B22B-2156D760D7E8,Q2158250$E6C46596-7834-4103-9746-8FB800FD7195,written,
ready,597653,P597653,Q2167700,"Pihans 135, 218","Cuneiform Tablet Pihans 135, 218",,P853,Q512156,Middle Elamite Period,Middle Assyrian Period,Q512155,Replace live period claim with the period expected from the current live FactGrid P692 CDLI ID.,Q2167700$DD538E18-26D5-44EE-B127-8A7320186C7E,Q2167700$69D80341-31E7-48F5-AE25-E4E3214C36B5,written,
ready,597690,P597690,Q2162908,"Pihans 135, 268","Cuneiform Tablet Pihans 135, 268",,P853,Q512156,Middle Elamite Period,Middle Assyrian Period,Q512155,Replace live period claim with the period expected from the current live FactGrid P692 CDLI ID.,Q2162908$70FC4C4A-D6D8-4717-8880-F0F4F019CE21,Q2162908$DB1FB5AC-338F-4751-B332-0D892F990560,written,
ready,597700,P597700,Q2164696,"Pihans 135, 283","Cuneiform Tablet Pihans 135, 283",,P853,Q512158,Neo-Assyrian Period,Middle Assyrian Period,Q512155,Replace live period claim with the period expected from the current live FactGrid P692 CDLI ID.,Q2164696$F6352068-235E-4311-91FF-911D5B7E9B5D,Q2164696$B1188270-B4E8-4D9C-A91F-A5E80A72EEF9,written,
ready,597716,P597716,Q2168518,"Pihans 135, 304","Cuneiform Tablet Pihans 135, 304",,P853,Q512156,Middle Elamite Period,Middle Assyrian Period,Q512155,Replace live period claim with the period expected from the current live FactGrid P692 CDLI ID.,Q2168518$E9F3BD41-D334-4E6F-AC23-D509F5EE14FD,Q2168518$1BD88537-22D7-4319-BD2C-C0919FD1A70A,written,
ready,597741,P597741,Q2166112,"Pihans 135, 344","Cuneiform Tablet Pihans 135, 344",,P853,Q512156,Middle Elamite Period,Middle Assyrian Period,Q512155,Replace live period claim with the period expected from the current live FactGrid P692 CDLI ID.,Q2166112$FF38F4EE-43FF-45EA-8448-B7A61ABF4382,Q2166112$C7E8CBA8-0D34-4774-936C-8D1F170B5E8C,written,
ready,597805,P597805,Q2164224,"Pihans 135, 435","Cuneiform Tablet Pihans 135, 435",,P853,Q512156,Middle Elamite Period,Middle Assyrian Period,Q512155,Replace live period claim with the period expected from the current live FactGrid P692 CDLI ID.,Q2164224$A1C0A333-D15A-40CE-8FD3-95661F9BC179,Q2164224$6544C411-3942-4E5F-A455-74C94FA0BC78,written,
ready,597852,P597852,Q2162115,BM 084047,Cuneiform Tablet BM 084047,,P853,Q512153,Middle Hittite Period,Old Babylonian Period,Q512152,Replace live period claim with the period expected from the current live FactGrid P692 CDLI ID.,Q2162115$0B05E8E8-4FFF-4ADA-A12F-1F4207106953,Q2162115$9A3BC283-8E3A-4805-97BE-FCA3AB676282,written,
ready,597891,P597891,Q2166769,BM 084091,Cuneiform Tablet BM 084091,,P853,Q512162,Persian Period,Neo-Babylonian Period,Q512161,Replace live period claim with the period expected from the current live FactGrid P692 CDLI ID.,Q2166769$9767E085-8E39-494C-B528-8D8634BB4A64,Q2166769$A76AB908-CB57-4E0E-9225-2AC2CAA55BDF,written,
ready,597983,P597983,Q2144458,BM 084195,Cuneiform Tablet BM 084195,,P853,Q512162,Persian Period,Neo-Babylonian Period,Q512161,Replace live period claim with the period expected from the current live FactGrid P692 CDLI ID.,Q2144458$89B4AC3B-040C-4963-BCB1-4B0873A94299,Q2144458$2F7ED870-CCE6-4356-B3FB-C8ADBD015310,written,
ready,598230,P598230,Q2047867,BM 084472,Cuneiform Tablet BM 084472,,P853,Q512162,Persian Period,Neo-Babylonian Period,Q512161,Replace live period claim with the period expected from the current live FactGrid P692 CDLI ID.,Q2047867$622FB124-851A-4840-808D-F390EFA5DB16,Q2047867$9FACDBC0-ABB0-4F50-AE0C-DD847AA26532,written,
ready,598359,P598359,Q2164447,BM 086076,Cuneiform Tablet BM 086076,,P853,Q512153,Middle Hittite Period,Old Babylonian Period,Q512152,Replace live period claim with the period expected from the current live FactGrid P692 CDLI ID.,Q2164447$9D102087-7F64-4FBB-92E9-071BFF913CD1,Q2164447$70EAD9B8-45B3-47D6-B35B-4E83BD39DEE0,written,
ready,598363,P598363,Q2169741,BM 086088,Cuneiform Tablet BM 086088,,P853,Q512153,Middle Hittite Period,Old Babylonian Period,Q512152,Replace live period claim with the period expected from the current live FactGrid P692 CDLI ID.,Q2169741$DDACE679-1D77-42C4-B33E-28D198A45B81,Q2169741$84152AD5-5526-4654-8FBC-8044007615B7,written,
ready,598375,P598375,Q2063734,BM 086110,Cuneiform Artifact BM 086110,,P853,Q512153,Middle Hittite Period,Old Babylonian Period,Q512152,Replace live period claim with the period expected from the current live FactGrid P692 CDLI ID.,Q2063734$14BA8FC7-5CEC-442C-BF27-8E243CDEFF93,Q2063734$C288DE04-49F5-4280-AD64-82BF4F906FB6,written,
ready,598420,P598420,Q2163913,BM 086274,Cuneiform Tablet BM 086274,,P853,Q512153,Middle Hittite Period,Old Babylonian Period,Q512152,Replace live period claim with the period expected from the current live FactGrid P692 CDLI ID.,Q2163913$8E3319B2-C777-4E09-A5B3-13296668AD4F,Q2163913$10E779FD-6461-4FBB-A165-2990DB80D04F,written,
ready,598565,P598565,Q2162971,BM 087273,Cuneiform Tablet BM 087273,,P853,Q512153,Middle Hittite Period,Old Babylonian Period,Q512152,Replace live period claim with the period expected from the current live FactGrid P692 CDLI ID.,Q2162971$0654D633-272C-47B2-BA31-DDE595DEC175,Q2162971$65D51408-7568-4602-9F26-A7C58C5482F6,written,
ready,598637,P598637,Q2166684,BM 087360,Cuneiform Artifact BM 087360,,P853,Q512153,Middle Hittite Period,Old Babylonian Period,Q512152,Replace live period claim with the period expected from the current live FactGrid P692 CDLI ID.,Q2166684$5AB9AE89-AAC0-45F6-A25D-233B360A2927,Q2166684$4BCFF41B-AC97-497F-BC18-0BAAB1F191D9,written,
ready,598660,P598660,Q2047572,BM 087423,Cuneiform Tablet BM 087423,,P853,Q512153,Middle Hittite Period,Old Babylonian Period,Q512152,Replace live period claim with the period expected from the current live FactGrid P692 CDLI ID.,Q2047572$10D7786E-2B41-4D69-A30F-D62EDABE6FBC,Q2047572$BB23328C-D16F-45EB-AAAC-1F78BA7F219B,written,
ready,598676,P598676,Q2168920,BM 087574,Cuneiform Tablet BM 087574,,P853,Q512153,Middle Hittite Period,Old Babylonian Period,Q512152,Replace live period claim with the period expected from the current live FactGrid P692 CDLI ID.,Q2168920$FDD3A37A-6C12-4170-9944-2AAF9ECCEBAF,Q2168920$E49CE94F-2A63-4E89-B4E8-F115F30F7351,written,
ready,598699,P598699,Q2169698,BM 087765,Cuneiform Tablet BM 087765,,P853,Q512153,Middle Hittite Period,Old Babylonian Period,Q512152,Replace live period claim with the period expected from the current live FactGrid P692 CDLI ID.,Q2169698$4D4B3EDD-6EED-49B8-8C4D-04FA70A8203C,Q2169698$147707BA-6700-4122-A1F3-605FFA8795EE,written,
ready,598709,P598709,Q2164609,BM 087905,Cuneiform Tablet BM 087905,,P853,Q512153,Middle Hittite Period,Old Babylonian Period,Q512152,Replace live period claim with the period expected from the current live FactGrid P692 CDLI ID.,Q2164609$FFC50DA8-55AF-4879-8130-CF14EC0CD0F4,Q2164609$85BBF563-86A2-47FC-BEA4-2E083D7EB9FD,written,
ready,598725,P598725,Q2048051,BM 087990,Cuneiform Tablet BM 087990,,P853,Q512153,Middle Hittite Period,Old Babylonian Period,Q512152,Replace live period claim with the period expected from the current live FactGrid P692 CDLI ID.,Q2048051$1748D6BB-0FB4-4B2D-AB5B-ACBF88786F43,Q2048051$9A7FE41B-BFEC-4085-9054-96A8615CAD49,written,
ready,598733,P598733,Q2169857,BM 088006,Cuneiform Tablet BM 088006,,P853,Q512153,Middle Hittite Period,Old Babylonian Period,Q512152,Replace live period claim with the period expected from the current live FactGrid P692 CDLI ID.,Q2169857$70E5BAF0-AE05-4B3E-ADC0-8996DD46A63A,Q2169857$D9267D4E-696D-496E-A120-7F81B6D5E222,written,
ready,598772,P598772,Q2167608,BM 088358,Cuneiform Tablet BM 088358,,P853,Q512153,Middle Hittite Period,Old Babylonian Period,Q512152,Replace live period claim with the period expected from the current live FactGrid P692 CDLI ID.,Q2167608$8CC94D76-31B5-4161-80D6-0E4FC3392939,Q2167608$7C90D335-32EF-4989-84CD-D3D803603FBA,written,
ready,598836,P598836,Q2163399,BM 088612,Cuneiform Tablet BM 088612,,P853,Q512153,Middle Hittite Period,Old Babylonian Period,Q512152,Replace live period claim with the period expected from the current live FactGrid P692 CDLI ID.,Q2163399$895835B4-B8AD-46D9-A1D8-AADA82566C91,Q2163399$8C8114AF-A281-4E28-A804-8604EC84C465,written,
ready,598908,P598908,Q2165510,BM 088897,Cuneiform Tablet BM 088897,,P853,Q512153,Middle Hittite Period,Old Babylonian Period,Q512152,Replace live period claim with the period expected from the current live FactGrid P692 CDLI ID.,Q2165510$49B3EE65-474A-4AFD-86D4-93AFD5C21A2E,Q2165510$ED41A5C1-6CBE-4BFB-A0D1-6303BB6B3CA9,written,
ready,598973,P598973,Q2163781,BM 093426,Cuneiform Tablet BM 093426,,P853,Q512153,Middle Hittite Period,Old Babylonian Period,Q512152,Replace live period claim with the period expected from the current live FactGrid P692 CDLI ID.,Q2163781$412DCE71-0B80-4208-B3C9-4042D7CB44E2,Q2163781$A4FD5386-85BB-47CF-A6E7-90F4DB85F7EE,written,
ready,599026,P599026,Q2166966,BM 093961,Cuneiform Tablet BM 093961,,P853,Q512153,Middle Hittite Period,Old Babylonian Period,Q512152,Replace live period claim with the period expected from the current live FactGrid P692 CDLI ID.,Q2166966$C473BDF7-03CD-4BCB-8931-5268C1CD31C2,Q2166966$E9B49D11-951A-48F6-B334-A75299F9E5C0,written,
ready,599067,P599067,Q2169199,BM 094185,Cuneiform Tablet BM 094185,,P853,Q512153,Middle Hittite Period,Old Babylonian Period,Q512152,Replace live period claim with the period expected from the current live FactGrid P692 CDLI ID.,Q2169199$61C8AFD2-2931-45EE-94DC-0A1520AF4448,Q2169199$2476588C-D2DE-48D3-8A86-9006073EE1C5,written,
ready,599088,P599088,Q2169386,BM 094227,Cuneiform Artifact BM 094227,,P853,Q512153,Middle Hittite Period,Old Babylonian Period,Q512152,Replace live period claim with the period expected from the current live FactGrid P692 CDLI ID.,Q2169386$6A2C5800-21F2-44A9-AA46-2DF1195FA232,Q2169386$98C223AD-CD5F-413F-859D-EB259318B43E,written,
ready,599118,P599118,Q2164318,BM 094275,Cuneiform Artifact BM 094275,,P853,Q512153,Middle Hittite Period,Old Babylonian Period,Q512152,Replace live period claim with the period expected from the current live FactGrid P692 CDLI ID.,Q2164318$F6192928-5FB5-4371-BF6D-608611FF89E1,Q2164318$49494A00-57F0-4A18-B207-BD4C7564B8C4,written,
ready,599122,P599122,Q2169560,BM 094281,Cuneiform Tablet BM 094281,,P853,Q512153,Middle Hittite Period,Old Babylonian Period,Q512152,Replace live period claim with the period expected from the current live FactGrid P692 CDLI ID.,Q2169560$B6984036-312C-4C52-A276-DF844214C6EA,Q2169560$6141E7D7-BBBD-4204-B815-725A28418CCD,written,
ready,599134,P599134,Q2143079,BM 094297,Cuneiform Tablet BM 094297,,P853,Q512162,Persian Period,Neo-Babylonian Period,Q512161,Replace live period claim with the period expected from the current live FactGrid P692 CDLI ID.,Q2143079$869229D9-760A-41E0-B6DF-444D3849DEFC,Q2143079$BC5D4A01-CDA0-454A-97EE-7ED23EDD1AA7,written,
ready,599163,P599163,Q2167316,BM 094404,Cuneiform Tablet BM 094404,,P853,Q512162,Persian Period,Neo-Babylonian Period,Q512161,Replace live period claim with the period expected from the current live FactGrid P692 CDLI ID.,Q2167316$B8ED276E-1616-4186-88E0-589BFD96627E,Q2167316$99D4E4F6-A5F8-43B1-934E-C416C06E32AA,written,
ready,599231,P599231,Q2163618,BM 094572,Cuneiform Artifact BM 094572,,P853,Q512162,Persian Period,Neo-Babylonian Period,Q512161,Replace live period claim with the period expected from the current live FactGrid P692 CDLI ID.,Q2163618$9A8970AF-CD99-4D80-BE8A-D29DEF82CECF,Q2163618$C0D30E32-8702-4C99-A540-9C2C4CE1FADA,written,
ready,599374,P599374,Q2163262,BM 094747,Cuneiform Tablet BM 094747,,P853,Q512162,Persian Period,Neo-Babylonian Period,Q512161,Replace live period claim with the period expected from the current live FactGrid P692 CDLI ID.,Q2163262$FD38D781-87BF-4BBB-98FE-E398EC3C818C,Q2163262$EAA3546D-DB23-4B2C-B69B-DEF8BFD10B6D,written,
ready,599437,P599437,Q2169093,BM 094860,Cuneiform Tablet BM 094860,,P853,Q512162,Persian Period,Neo-Babylonian Period,Q512161,Replace live period claim with the period expected from the current live FactGrid P692 CDLI ID.,Q2169093$94EC1567-D46B-469D-ACFC-833C4BC12900,Q2169093$D3D2A1F3-1BC2-43CF-AE1A-0DC3F7F61CF1,written,
ready,599476,P599476,Q2166797,BM 094957,Cuneiform Artifact BM 094957,,P853,Q512153,Middle Hittite Period,Old Babylonian Period,Q512152,Replace live period claim with the period expected from the current live FactGrid P692 CDLI ID.,Q2166797$0C70C3E4-001F-4133-99AD-168A8EC39158,Q2166797$2EBFDF49-C790-411B-80F0-D6AC3B8379B4,written,
ready,599499,P599499,Q2167203,BM 095093,Cuneiform Tablet BM 095093,,P853,Q512162,Persian Period,Neo-Babylonian Period,Q512161,Replace live period claim with the period expected from the current live FactGrid P692 CDLI ID.,Q2167203$10AB68BC-D5C7-496E-A867-D3F7208A95CF,Q2167203$1EAD4CE8-EF43-4031-9CAF-5BFFC732890C,written,
ready,599533,P599533,Q2167157,BM 095221 + BM 095246 + BM 095275,Cuneiform Tablet BM 095221 + BM 095246 + BM 095275,,P853,Q512155,Middle Assyrian Period,Middle Babylonian Period,Q512154,Replace live period claim with the period expected from the current live FactGrid P692 CDLI ID.,Q2167157$3981B992-F16E-410F-8F8E-364D5688E5EB,Q2167157$23EE21D9-C43F-4E2E-A7D6-BD04C70CCEF8,written,
ready,599548,P599548,Q2164132,BM 095241,Cuneiform Artifact BM 095241,,P853,Q512153,Middle Hittite Period,Old Babylonian Period,Q512152,Replace live period claim with the period expected from the current live FactGrid P692 CDLI ID.,Q2164132$DA9E3B6D-49B2-476C-B688-7DA9A46D7DD7,Q2164132$2404CECA-C2F5-4A22-B6DA-97CB9EA45B70,written,
ready,599564,P599564,Q2146189,BM 095262 + BM 095328,Cuneiform Tablet BM 095262 + BM 095328,,P853,Q512153,Middle Hittite Period,Old Babylonian Period,Q512152,Replace live period claim with the period expected from the current live FactGrid P692 CDLI ID.,Q2146189$872100D5-7ADD-4870-AF28-7E26EC14EAAB,Q2146189$C4FEA2C4-5FC2-4AD8-B6CA-F56D61E55E62,written,
ready,599572,P599572,Q2169435,BM 095270,Cuneiform Artifact BM 095270,,P853,Q512153,Middle Hittite Period,Old Babylonian Period,Q512152,Replace live period claim with the period expected from the current live FactGrid P692 CDLI ID.,Q2169435$E2268796-BA98-42DC-BC14-A6F3182A0665,Q2169435$1DBC731E-D5EB-48A2-B0AA-9AA86D35F7E2,written,
ready,599661,P599661,Q2163750,BM 095437,Cuneiform Tablet BM 095437,,P853,Q512155,Middle Assyrian Period,Middle Babylonian Period,Q512154,Replace live period claim with the period expected from the current live FactGrid P692 CDLI ID.,Q2163750$263F4316-98F0-441D-A6C0-F815877F0D43,Q2163750$0D5A54B8-8F97-49BF-AD72-D37BCC2AF2F2,written,
ready,599708,P599708,Q2168309,BM 095632,Cuneiform Tablet BM 095632,,P853,Q512162,Persian Period,Neo-Babylonian Period,Q512161,Replace live period claim with the period expected from the current live FactGrid P692 CDLI ID.,Q2168309$C5FB4E01-D371-4DAA-9BF4-B35314557AFA,Q2168309$6B63A17F-E56E-445A-AFE5-C33A2D7B7666,written,
ready,599724,P599724,Q2163393,BM 095794,Cuneiform Artifact BM 095794,,P853,Q512153,Middle Hittite Period,Old Babylonian Period,Q512152,Replace live period claim with the period expected from the current live FactGrid P692 CDLI ID.,Q2163393$27E2C627-4903-4E87-A56B-8DFD34EC48F0,Q2163393$41B2C59B-98C4-41DB-9F93-040E3D3F5066,written,
ready,599821,P599821,Q2169875,BM 096215,Cuneiform Tablet BM 096215,,P853,Q512162,Persian Period,Neo-Babylonian Period,Q512161,Replace live period claim with the period expected from the current live FactGrid P692 CDLI ID.,Q2169875$28D5F80E-9A74-42B5-9CC0-2B72F55C7352,Q2169875$613AE1B4-D696-4526-BACC-60C9C7485C12,written,
ready,600113,P600113,Q2163846,BM 096614,Cuneiform Tablet BM 096614,,P853,Q512155,Middle Assyrian Period,Middle Babylonian Period,Q512154,Replace live period claim with the period expected from the current live FactGrid P692 CDLI ID.,Q2163846$647FD973-FA55-4DBF-9F33-4C4164CB7507,Q2163846$B067BA44-D0CE-4A62-BBFC-DC06657A31A6,written,
ready,600129,P600129,Q2154551,BM 096648,Cuneiform Tablet BM 096648,,P853,Q512153,Middle Hittite Period,Old Babylonian Period,Q512152,Replace live period claim with the period expected from the current live FactGrid P692 CDLI ID.,Q2154551$59FC2A46-ED89-4B9C-A5A8-6693C360939F,Q2154551$E0C14ED6-91E4-4D9F-A5CC-45613D26C354,written,
ready,600168,P600168,Q2165615,BM 096765,Cuneiform Tablet BM 096765,,P853,Q512153,Middle Hittite Period,Old Babylonian Period,Q512152,Replace live period claim with the period expected from the current live FactGrid P692 CDLI ID.,Q2165615$84862E8D-B194-475F-9C37-7B0B092F349A,Q2165615$61FC3B54-55F2-49DE-A9C3-CE0604050EFE,written,
ready,600187,P600187,Q2166083,BM 096815,Cuneiform Tablet BM 096815,,P853,Q512153,Middle Hittite Period,Old Babylonian Period,Q512152,Replace live period claim with the period expected from the current live FactGrid P692 CDLI ID.,Q2166083$893CC146-C808-4465-87B4-E347BAF908BD,Q2166083$067BDE65-B8D2-4DCD-A803-B2C8AE0264F6,written,
ready,600200,P600200,Q2169802,BM 096868,Cuneiform Tablet BM 096868,,P853,Q512153,Middle Hittite Period,Old Babylonian Period,Q512152,Replace live period claim with the period expected from the current live FactGrid P692 CDLI ID.,Q2169802$AA68E2DC-3D1A-4F31-8D0B-087093398D54,Q2169802$0414A675-C214-48C0-BB33-42D2426CD7E4,written,
ready,600216,P600216,Q2063616,BM 096908,Cuneiform Tablet BM 096908,,P853,Q512153,Middle Hittite Period,Old Babylonian Period,Q512152,Replace live period claim with the period expected from the current live FactGrid P692 CDLI ID.,Q2063616$2CF5F112-EEDC-4AE9-B83B-B6F56DAFD758,Q2063616$74FA1D8E-B134-4460-A8B7-DCA8282D5478,written,
ready,600241,P600241,Q2167521,BM 098464,Cuneiform Tablet BM 098464,,P853,Q512149,Isin-Larsa Period,Ur III Period,Q512148,Replace live period claim with the period expected from the current live FactGrid P692 CDLI ID.,Q2167521$8226CB2C-688B-4AB1-8CE2-73F62871BD39,Q2167521$773B7401-C772-4B4C-B1D4-0A666E37D49D,written,
ready,600282,P600282,Q2162897,BM 099451,Cuneiform Tablet BM 099451,,P853,Q512162,Persian Period,Neo-Babylonian Period,Q512161,Replace live period claim with the period expected from the current live FactGrid P692 CDLI ID.,Q2162897$1E9320A1-567A-4348-8E8C-0378DFCB00B7,Q2162897$A89CB8F0-CB24-4131-AFAE-DAA8B112D069,written,
ready,600304,P600304,Q2166753,BM 099476,Cuneiform Tablet BM 099476,,P853,Q512162,Persian Period,Neo-Babylonian Period,Q512161,Replace live period claim with the period expected from the current live FactGrid P692 CDLI ID.,Q2166753$527E2C4B-AA65-491B-9B9B-46913F296A6E,Q2166753$932793B6-DDA0-43A6-9102-7AA9B4B7B94C,written,
ready,600328,P600328,Q2162631,BM 099503,Cuneiform Tablet BM 099503,,P853,Q512162,Persian Period,Neo-Babylonian Period,Q512161,Replace live period claim with the period expected from the current live FactGrid P692 CDLI ID.,Q2162631$E263E8F5-A8CF-44FF-9F16-A82E5A900E2C,Q2162631$E644A359-3729-4D75-82F0-A1EC7FF67EDA,written,
ready,600345,P600345,Q2168988,BM 099523,Cuneiform Tablet BM 099523,,P853,Q512162,Persian Period,Neo-Babylonian Period,Q512161,Replace live period claim with the period expected from the current live FactGrid P692 CDLI ID.,Q2168988$028BA56C-85A0-41FE-A042-FAC93A6A47E2,Q2168988$DBDEC783-768F-4142-A838-7D99AE99E884,written,
ready,600353,P600353,Q2047413,BM 099532,Cuneiform Tablet BM 099532,,P853,Q512162,Persian Period,Neo-Babylonian Period,Q512161,Replace live period claim with the period expected from the current live FactGrid P692 CDLI ID.,Q2047413$029991F5-4F82-44C9-9839-51EA3E29A159,Q2047413$C786110F-7B33-4133-9FDF-704FBEEE8A77,written,
ready,600390,P600390,Q2164499,BM 099573,Cuneiform Tablet BM 099573,,P853,Q512162,Persian Period,Neo-Babylonian Period,Q512161,Replace live period claim with the period expected from the current live FactGrid P692 CDLI ID.,Q2164499$92A8EBCC-DE85-41C6-B779-205A103C78D2,Q2164499$32F82C25-1EBA-4D46-8D78-EA0BECD22EE5,written,
ready,600484,P600484,Q2170113,BM 099766,Cuneiform Tablet BM 099766,,P853,Q512162,Persian Period,Neo-Babylonian Period,Q512161,Replace live period claim with the period expected from the current live FactGrid P692 CDLI ID.,Q2170113$90CD30F4-E80E-4384-ADA1-934204A7C76D,Q2170113$84361187-BFF9-4040-AA8B-054B224D8FA0,written,
ready,600492,P600492,Q2165708,BM 099774,Cuneiform Tablet BM 099774,,P853,Q512162,Persian Period,Neo-Babylonian Period,Q512161,Replace live period claim with the period expected from the current live FactGrid P692 CDLI ID.,Q2165708$0EA02F0D-8700-496F-A366-DFB9B064D247,Q2165708$0E5927E5-C66F-445F-89E4-5C2AC622B2F2,written,
ready,600543,P600543,Q2163960,BM 099834,Cuneiform Tablet BM 099834,,P853,Q512162,Persian Period,Neo-Babylonian Period,Q512161,Replace live period claim with the period expected from the current live FactGrid P692 CDLI ID.,Q2163960$BDDCB82A-3A39-43A9-A397-DA38113E6446,Q2163960$370BA3CC-717F-4BDE-B551-2E6340283A46,written,
ready,600579,P600579,Q2158080,BM 099878,Cuneiform Tablet BM 099878,,P853,Q512162,Persian Period,Neo-Babylonian Period,Q512161,Replace live period claim with the period expected from the current live FactGrid P692 CDLI ID.,Q2158080$2F4ED2C3-8E28-4241-A004-4DD47368B118,Q2158080$AA2EDF4E-FBB3-461A-995E-07CC1EC9185E,written,
ready,600646,P600646,Q2063880,BM 099958,Cuneiform Tablet BM 099958,,P853,Q512162,Persian Period,Neo-Babylonian Period,Q512161,Replace live period claim with the period expected from the current live FactGrid P692 CDLI ID.,Q2063880$D08D6833-0E8D-4C04-9BCD-F19D70BC739F,Q2063880$4A4A85C8-1616-4662-BE9E-091101E60FA1,written,
ready,600650,P600650,Q2169659,BM 099963,Cuneiform Tablet BM 099963,,P853,Q512162,Persian Period,Neo-Babylonian Period,Q512161,Replace live period claim with the period expected from the current live FactGrid P692 CDLI ID.,Q2169659$3A501DDF-D789-4397-873F-6566EEE0E2F5,Q2169659$FE2C9552-5ED0-4983-B87F-4A8162ECFB61,written,
ready,600685,P600685,Q2164877,BM 099998,Cuneiform Tablet BM 099998,,P853,Q512162,Persian Period,Neo-Babylonian Period,Q512161,Replace live period claim with the period expected from the current live FactGrid P692 CDLI ID.,Q2164877$640144CD-5764-40EE-AEC7-DCD0145D0AE5,Q2164877$043141E6-BA01-4413-B2E7-9DD4875A1F68,written,
ready,600703,P600703,Q2047700,BM 100718,Cuneiform Tablet BM 100718,,P853,Q512162,Persian Period,Neo-Babylonian Period,Q512161,Replace live period claim with the period expected from the current live FactGrid P692 CDLI ID.,Q2047700$47A1EAF7-509B-44FF-A68D-A1756A43F8AB,Q2047700$AE80DCCE-DA35-4222-9027-6C47C09461AA,written,
ready,600715,P600715,Q2168860,BM 100732,Cuneiform Tablet BM 100732,,P853,Q512162,Persian Period,Neo-Babylonian Period,Q512161,Replace live period claim with the period expected from the current live FactGrid P692 CDLI ID.,Q2168860$E11275C4-4E50-48C5-8DFA-139078EA9A80,Q2168860$67C52F75-7B45-4E64-A929-E5CF967E5158,written,
ready,600754,P600754,Q2166592,BM 100776,Cuneiform Tablet BM 100776,,P853,Q512162,Persian Period,Neo-Babylonian Period,Q512161,Replace live period claim with the period expected from the current live FactGrid P692 CDLI ID.,Q2166592$1AC4017C-CEA8-4DB5-9BB3-49210E30A7F2,Q2166592$6EE53618-A5B4-4E26-8ECD-BAD58835F81F,written,
ready,600778,P600778,Q2162758,BM 100802,Cuneiform Tablet BM 100802,,P853,Q512162,Persian Period,Neo-Babylonian Period,Q512161,Replace live period claim with the period expected from the current live FactGrid P692 CDLI ID.,Q2162758$D1FF00A2-05C2-4FFA-B526-163B3372EF40,Q2162758$82544532-799B-45C7-A1C6-64F79A8C4B0A,written,
ready,600810,P600810,Q2163540,BM 100836,Cuneiform Tablet BM 100836,,P853,Q512162,Persian Period,Neo-Babylonian Period,Q512161,Replace live period claim with the period expected from the current live FactGrid P692 CDLI ID.,Q2163540$8AA2B66E-5135-427F-AE3C-F955329CB27D,Q2163540$6E76CF5F-82A5-4C4A-A49D-69C6EB8865D2,written,
ready,600884,P600884,Q2166383,BM 100914,Cuneiform Tablet BM 100914,,P853,Q512162,Persian Period,Neo-Babylonian Period,Q512161,Replace live period claim with the period expected from the current live FactGrid P692 CDLI ID.,Q2166383$FB71328F-129C-47B3-A19A-A0B799D859C0,Q2166383$21C7B634-5F99-406A-93E7-3F6B80F920A2,written,
ready,600892,P600892,Q2170606,BM 100922,Cuneiform Tablet BM 100922,,P853,Q512162,Persian Period,Neo-Babylonian Period,Q512161,Replace live period claim with the period expected from the current live FactGrid P692 CDLI ID.,Q2170606$31B81103-67E7-418A-AEEA-A3EF7A5E7B91,Q2170606$169F72AC-32FE-419F-9174-1BD204CBFDAE,written,
ready,600979,P600979,Q2168358,BM 101015,Cuneiform Tablet BM 101015,,P853,Q512162,Persian Period,Neo-Babylonian Period,Q512161,Replace live period claim with the period expected from the current live FactGrid P692 CDLI ID.,Q2168358$E59469CC-EE3D-4637-BBA4-C2EB0C6C0262,Q2168358$B2A040C5-B84B-466B-A765-3489D429854A,written,
ready,600996,P600996,Q2167974,BM 101032,Cuneiform Tablet BM 101032,,P853,Q512162,Persian Period,Neo-Babylonian Period,Q512161,Replace live period claim with the period expected from the current live FactGrid P692 CDLI ID.,Q2167974$CF9A18AF-AB6A-476E-8E7E-45F4D2FC22DD,Q2167974$771160C8-4E2C-44A7-96BC-1ADF7D1C3730,written,
ready,601041,P601041,Q2169359,BM 101079,Cuneiform Tablet BM 101079,,P853,Q512162,Persian Period,Neo-Babylonian Period,Q512161,Replace live period claim with the period expected from the current live FactGrid P692 CDLI ID.,Q2169359$2B774217-5FF9-47C8-AEE8-BF5C9FF3E555,Q2169359$A1E39E0A-EC71-4639-B6F1-8AB6AC12C3BE,written,
ready,601057,P601057,Q2147637,BM 101099,Cuneiform Tablet BM 101099,,P853,Q512162,Persian Period,Neo-Babylonian Period,Q512161,Replace live period claim with the period expected from the current live FactGrid P692 CDLI ID.,Q2147637$B15835CF-57C1-4AFD-B331-41AD1771BA9E,Q2147637$BE4765F1-0C4E-4335-9EA8-314CA1753F46,written,
ready,601094,P601094,Q2165186,BM 101141,Cuneiform Tablet BM 101141,,P853,Q512162,Persian Period,Neo-Babylonian Period,Q512161,Replace live period claim with the period expected from the current live FactGrid P692 CDLI ID.,Q2165186$505F8B87-7101-496F-B273-22D4846AE264,Q2165186$5037115E-C488-4A5C-AA64-CA97477B4F41,written,
ready,601104,P601104,Q2169155,BM 101155,Cuneiform Tablet BM 101155,,P853,Q512162,Persian Period,Neo-Babylonian Period,Q512161,Replace live period claim with the period expected from the current live FactGrid P692 CDLI ID.,Q2169155$F8D15A12-2AFC-49DF-859A-A75E46AC7E05,Q2169155$7188424E-BA44-443B-BBC0-06CBACA00D60,written,
ready,601112,P601112,Q2047050,BM 101164,Cuneiform Tablet BM 101164,,P853,Q512162,Persian Period,Neo-Babylonian Period,Q512161,Replace live period claim with the period expected from the current live FactGrid P692 CDLI ID.,Q2047050$51C60FF5-F59D-4CB1-8C00-7AE2113FADEE,Q2047050$9B1B2EE7-7822-4D6E-8C89-4823845C6962,written,
ready,601145,P601145,Q2166874,BM 101204,Cuneiform Tablet BM 101204,,P853,Q512162,Persian Period,Neo-Babylonian Period,Q512161,Replace live period claim with the period expected from the current live FactGrid P692 CDLI ID.,Q2166874$A920D79C-C39B-48FC-B13F-88F0FE873646,Q2166874$FC0F37A5-0294-4A50-B610-E5B1FD91D72E,written,
ready,601169,P601169,Q2162470,BM 101229,Cuneiform Tablet BM 101229,,P853,Q512162,Persian Period,Neo-Babylonian Period,Q512161,Replace live period claim with the period expected from the current live FactGrid P692 CDLI ID.,Q2162470$581C810D-EC43-40A3-B480-B7C6F1E676DE,Q2162470$144F552D-25BB-4D2B-94B8-5A0406B8C384,written,
ready,601217,P601217,Q2163460,BM 101282,Cuneiform Tablet BM 101282,,P853,Q512162,Persian Period,Neo-Babylonian Period,Q512161,Replace live period claim with the period expected from the current live FactGrid P692 CDLI ID.,Q2163460$80DFA356-463C-4E61-B8F9-62B482F00DAC,Q2163460$C4719B9C-D9F4-46F3-9D7A-15B4E3C627AB,written,
ready,601283,P601283,Q2165402,BM 101360,Cuneiform Tablet BM 101360,,P853,Q512162,Persian Period,Neo-Babylonian Period,Q512161,Replace live period claim with the period expected from the current live FactGrid P692 CDLI ID.,Q2165402$3F146128-5A8C-412C-926B-09CAE05AACA4,Q2165402$9C84BA89-6348-4D53-A615-C756DDD932EA,written,
ready,601295,P601295,Q2170399,BM 101374,Cuneiform Tablet BM 101374,,P853,Q512162,Persian Period,Neo-Babylonian Period,Q512161,Replace live period claim with the period expected from the current live FactGrid P692 CDLI ID.,Q2170399$1661B02E-9C2C-4F3C-B9CD-6ED94179E1A7,Q2170399$75F17441-09E8-4E84-A934-5F977613B02C,written,
ready,601329,P601329,Q2165438,BM 101411,Cuneiform Tablet BM 101411,,P853,Q512162,Persian Period,Neo-Babylonian Period,Q512161,Replace live period claim with the period expected from the current live FactGrid P692 CDLI ID.,Q2165438$7F870970-9AAE-476D-93D2-B0A1F6E847EB,Q2165438$7789B3C6-4BB9-4326-869C-CE124FA2AA45,written,
ready,601352,P601352,Q2163677,BM 101438,Cuneiform Tablet BM 101438,,P853,Q512162,Persian Period,Neo-Babylonian Period,Q512161,Replace live period claim with the period expected from the current live FactGrid P692 CDLI ID.,Q2163677$06A0800E-4B08-4929-98C9-8453A3964820,Q2163677$20A8855C-E633-458E-85BC-CF00CF12646E,written,
ready,601368,P601368,Q2151862,BM 101455,Cuneiform Tablet BM 101455,,P853,Q512162,Persian Period,Neo-Babylonian Period,Q512161,Replace live period claim with the period expected from the current live FactGrid P692 CDLI ID.,Q2151862$A1E3C251-87DF-45CE-AE08-68B45FFF057C,Q2151862$41E31DD7-F1FB-4E65-9554-432A48944CA7,written,
ready,601391,P601391,Q2168501,BM 101486,Cuneiform Tablet BM 101486,,P853,Q512162,Persian Period,Neo-Babylonian Period,Q512161,Replace live period claim with the period expected from the current live FactGrid P692 CDLI ID.,Q2168501$E1B480A9-93F2-49AE-AC02-80382BFC3315,Q2168501$1ED5E788-B1C9-4FDB-9EC0-43374F322B2B,written,
ready,601407,P601407,Q2144150,BM 101505,Cuneiform Tablet BM 101505,,P853,Q512162,Persian Period,Neo-Babylonian Period,Q512161,Replace live period claim with the period expected from the current live FactGrid P692 CDLI ID.,Q2144150$D4976462-D878-478F-973A-865FC6B8931D,Q2144150$DB78D783-2E12-4932-AAD9-44F3DB46EFA4,written,
ready,601411,P601411,Q2169489,BM 101509,Cuneiform Tablet BM 101509,,P853,Q512162,Persian Period,Neo-Babylonian Period,Q512161,Replace live period claim with the period expected from the current live FactGrid P692 CDLI ID.,Q2169489$10A1B553-5F29-4EBE-A649-487900DC3A0A,Q2169489$0FF12CF8-E24C-4970-B2EE-354849416A6F,written,
ready,601450,P601450,Q2167248,BM 101550,Cuneiform Tablet BM 101550,,P853,Q512162,Persian Period,Neo-Babylonian Period,Q512161,Replace live period claim with the period expected from the current live FactGrid P692 CDLI ID.,Q2167248$F4B6AB23-7298-405B-B419-E697D87A5D2F,Q2167248$53BB5DA7-B34D-4A37-8922-62D2CDCB94B6,written,
ready,601493,P601493,Q2162586,BM 101601,Cuneiform Tablet BM 101601,,P853,Q512162,Persian Period,Neo-Babylonian Period,Q512161,Replace live period claim with the period expected from the current live FactGrid P692 CDLI ID.,Q2162586$163F64D0-FAFA-44D5-9348-4A842C224DA1,Q2162586$17F4B0B1-B1EA-40E6-8DFD-D26CFF92F858,written,
ready,601515,P601515,Q2167018,BM 101624,Cuneiform Tablet BM 101624,,P853,Q512162,Persian Period,Neo-Babylonian Period,Q512161,Replace live period claim with the period expected from the current live FactGrid P692 CDLI ID.,Q2167018$F6473DA0-D9BC-4243-952A-F53307BA47DA,Q2167018$0A14226B-391D-48D4-9262-300520D90311,written,
ready,601539,P601539,Q2162343,BM 101650,Cuneiform Tablet BM 101650,,P853,Q512162,Persian Period,Neo-Babylonian Period,Q512161,Replace live period claim with the period expected from the current live FactGrid P692 CDLI ID.,Q2162343$04B7E962-FA8C-413F-BB8D-0BBF2827E638,Q2162343$DC13D640-E3C0-4CB5-89A2-5F296A7FA766,written,
ready,601554,P601554,Q2169287,BM 101665,Cuneiform Tablet BM 101665,,P853,Q512162,Persian Period,Neo-Babylonian Period,Q512161,Replace live period claim with the period expected from the current live FactGrid P692 CDLI ID.,Q2169287$EB92CF10-CDC6-435F-A239-1686021B688F,Q2169287$4A6E1296-B7F7-4482-B32B-76F7CB51DE17,written,
ready,601581,P601581,Q2164194,BM 101696,Cuneiform Tablet BM 101696,,P853,Q512162,Persian Period,Neo-Babylonian Period,Q512161,Replace live period claim with the period expected from the current live FactGrid P692 CDLI ID.,Q2164194$E86788B0-2D30-4781-9133-394FF1BB5C90,Q2164194$6670946E-6CA8-4CC9-9FE2-E146993969E4,written,
ready,601647,P601647,Q2163344,BM 101775,Cuneiform Tablet BM 101775,,P853,Q512162,Persian Period,Neo-Babylonian Period,Q512161,Replace live period claim with the period expected from the current live FactGrid P692 CDLI ID.,Q2163344$A8884E30-7B43-496B-B201-90B1D544ADC1,Q2163344$371863BC-C87F-4D0A-8DFC-BBCABDC095E1,written,
ready,601684,P601684,Q2167984,"Kaskal 6, 184 no. 23","Cuneiform Tablet Kaskal 6, 184 no. 23",,P853,Q512162,Persian Period,Neo-Babylonian Period,Q512161,Replace live period claim with the period expected from the current live FactGrid P692 CDLI ID.,Q2167984$7291190C-30F8-4CDF-ABB5-80945562CB0D,Q2167984$D0885E0C-2B3B-4CFA-8423-C684572B1FBB,written,
ready,601692,P601692,Q2152277,BM 101828,Cuneiform Tablet BM 101828,,P853,Q512162,Persian Period,Neo-Babylonian Period,Q512161,Replace live period claim with the period expected from the current live FactGrid P692 CDLI ID.,Q2152277$A9065F42-00D4-4D26-BB02-D578C870D9FB,Q2152277$DA6295EE-A145-4B40-9CC6-BFDD7AFF9FE2,written,
ready,601702,P601702,Q2163548,BM 101840,Cuneiform Tablet BM 101840,,P853,Q512162,Persian Period,Neo-Babylonian Period,Q512161,Replace live period claim with the period expected from the current live FactGrid P692 CDLI ID.,Q2163548$1E265C14-6BDB-4C85-A3C3-8641168C5AD0,Q2163548$F67807F0-BED1-4A04-8CFD-1A9C443D430D,written,
ready,601738,P601738,Q2148964,BM 101878,Cuneiform Tablet BM 101878,,P853,Q512162,Persian Period,Neo-Babylonian Period,Q512161,Replace live period claim with the period expected from the current live FactGrid P692 CDLI ID.,Q2148964$FCA7DBAB-2C28-4788-9E2C-318BECCB0661,Q2148964$D2192939-3660-4BFC-8B47-FFB7DB123295,written,
ready,601779,P601779,Q2165302,BM 101923,Cuneiform Tablet BM 101923,,P853,Q512162,Persian Period,Neo-Babylonian Period,Q512161,Replace live period claim with the period expected from the current live FactGrid P692 CDLI ID.,Q2165302$D1C61434-83D2-4804-88B3-6AA06E205887,Q2165302$7905F2AB-D76C-434F-8EEC-AAC091525DD0,written,
ready,601780,P601780,Q2170587,BM 101924,Cuneiform Tablet BM 101924,,P853,Q512162,Persian Period,Neo-Babylonian Period,Q512161,Replace live period claim with the period expected from the current live FactGrid P692 CDLI ID.,Q2170587$7FCE9ED3-8517-4DE2-B051-4E17F558FDE2,Q2170587$A9A794FA-C751-44BB-8EEE-74AA84C9D81D,written,
ready,601796,P601796,Q2166395,BM 101942,Cuneiform Tablet BM 101942,,P853,Q512162,Persian Period,Neo-Babylonian Period,Q512161,Replace live period claim with the period expected from the current live FactGrid P692 CDLI ID.,Q2166395$92711EC6-A9F5-4835-953D-0122866639A2,Q2166395$7D0936BC-14A2-4C85-BC64-4DDBAADDAADF,written,
ready,601807,P601807,Q2168858,"KAL 09, 02","Cuneiform Tablet KAL 09, 02",,P853,Q512156,Middle Elamite Period,Middle Assyrian Period,Q512155,Replace live period claim with the period expected from the current live FactGrid P692 CDLI ID.,Q2168858$FDB042AB-4948-48CF-BA4F-DF606F39F1C8,Q2168858$F56924B4-8268-481B-B667-7B883DFCA49D,written,
ready,601846,P601846,Q2166610,BM 102019,Cuneiform Tablet BM 102019,,P853,Q512162,Persian Period,Neo-Babylonian Period,Q512161,Replace live period claim with the period expected from the current live FactGrid P692 CDLI ID.,Q2166610$D506BE9C-5698-4F16-A5DF-288EC1261B77,Q2166610$210D99EB-0A64-4574-959B-4E57E648D638,written,
ready,601954,P601954,Q2063916,BM 110982,Cuneiform Tablet BM 110982,,P853,Q512165,Selucid Period,Hellenistic Period,Q512164,Replace live period claim with the period expected from the current live FactGrid P692 CDLI ID.,Q2063916$D97477D4-A731-4E28-90E8-EB807B92E89E,Q2063916$EFFF4D65-04BD-42F9-944A-1538ED7CC783,written,
ready,602010,P602010,Q2165966,BM 114280,Cuneiform Artifact BM 114280,,P853,Q512162,Persian Period,Neo-Babylonian Period,Q512161,Replace live period claim with the period expected from the current live FactGrid P692 CDLI ID.,Q2165966$55D99F21-92FD-494C-BF23-3C0497DE5272,Q2165966$C2882E0B-738C-49CE-A9CE-5132E1F9BB83,written,
ready,602114,P602114,Q2154487,BM 114040,Cuneiform Tablet BM 114040,,P853,Q512153,Middle Hittite Period,Old Babylonian Period,Q512152,Replace live period claim with the period expected from the current live FactGrid P692 CDLI ID.,,,error,"ConnectionError: ('Connection aborted.', RemoteDisconnected('Remote end closed connection without response'))"
ready,602143,P602143,Q2170204,BM 114360,Cuneiform Tablet BM 114360,,P853,Q512153,Middle Hittite Period,Old Babylonian Period,Q512152,Replace live period claim with the period expected from the current live FactGrid P692 CDLI ID.,Q2170204$DEB88754-DD3C-4B79-9AF7-AD06312133A5,Q2170204$DBF7E70F-F34B-42FC-AA60-7F15644469F1,written,
ready,602155,P602155,Q2165634,BM 114566*,Cuneiform Tablet BM 114566*,,P853,Q512153,Middle Hittite Period,Old Babylonian Period,Q512152,Replace live period claim with the period expected from the current live FactGrid P692 CDLI ID.,Q2165634$403EA501-5A45-4F2B-92E4-4775975986EB,Q2165634$21E9C560-216B-4137-B451-F0EF5255F92B,written,
ready,602207,P602207,Q2164531,BM 114458,Cuneiform Tablet BM 114458,,P853,Q512162,Persian Period,Neo-Babylonian Period,Q512161,Replace live period claim with the period expected from the current live FactGrid P692 CDLI ID.,Q2164531$191A133E-19CA-419B-8AA2-109B884B2F96,Q2164531$6712E8E4-B494-4ECB-AFAE-8E0B6A7BEE32,written,
ready,602293,P602293,Q2166490,BM 114603,Cuneiform Tablet BM 114603,,P853,Q512162,Persian Period,Neo-Babylonian Period,Q512161,Replace live period claim with the period expected from the current live FactGrid P692 CDLI ID.,Q2166490$161FD3CE-95D9-43C9-A9A1-587F77391C9E,Q2166490$6F5F8E9A-F8D0-4178-988F-9D7DD32593A0,written,
ready,602315,P602315,Q2162626,BM 114638,Cuneiform Tablet BM 114638,,P853,Q512162,Persian Period,Neo-Babylonian Period,Q512161,Replace live period claim with the period expected from the current live FactGrid P692 CDLI ID.,Q2162626$E5B9B6E0-28C4-4E43-AD64-8FC9E1A52A52,Q2162626$E8C961B9-8D3E-4B7B-85BC-2193C4B68FAB,written,
ready,602339,P602339,Q2166744,BM 114711,Cuneiform Tablet BM 114711,,P853,Q512162,Persian Period,Neo-Babylonian Period,Q512161,Replace live period claim with the period expected from the current live FactGrid P692 CDLI ID.,Q2166744$03989B3F-DB13-4778-98C5-2A109C83C783,Q2166744$17AE1AE9-2EDF-4FFB-9FF9-786853D0D8D4,written,
ready,602342,P602342,Q2164941,BM 114718,Cuneiform Tablet BM 114718,,P853,Q512162,Persian Period,Neo-Babylonian Period,Q512161,Replace live period claim with the period expected from the current live FactGrid P692 CDLI ID.,Q2164941$48DBBA52-97E5-4B0B-AF7E-2DF854205CE7,Q2164941$36879567-EDA3-49D9-8B57-7435D6215353,written,
ready,602378,P602378,Q2169014,BM 114773,Cuneiform Tablet BM 114773,,P853,Q512162,Persian Period,Neo-Babylonian Period,Q512161,Replace live period claim with the period expected from the current live FactGrid P692 CDLI ID.,Q2169014$C2035797-E108-4521-B9FE-F92F70EA6C9C,Q2169014$5593F9AB-ABA8-4F70-B1F8-9F62909FD1B6,written,
ready,602381,P602381,Q2063649,BM 114777,Cuneiform Tablet BM 114777,,P853,Q512162,Persian Period,Neo-Babylonian Period,Q512161,Replace live period claim with the period expected from the current live FactGrid P692 CDLI ID.,Q2063649$AC481DE8-EF4A-4FCD-8C5B-BDF6FA648415,Q2063649$B49C0B96-7B88-4FC0-8410-82F128A2F735,written,
ready,602397,P602397,Q2169749,BM 114816,Cuneiform Tablet BM 114816,,P853,Q512162,Persian Period,Neo-Babylonian Period,Q512161,Replace live period claim with the period expected from the current live FactGrid P692 CDLI ID.,Q2169749$DA75EBE0-2310-48EC-841D-6CFF251DAC18,Q2169749$028ECC50-91EF-4A23-BB00-9913620FF2D9,written,
ready,602401,P602401,Q2164968,BM 114820,Cuneiform Tablet BM 114820,,P853,Q512158,Neo-Assyrian Period,Neo-Babylonian Period,Q512161,Replace live period claim with the period expected from the current live FactGrid P692 CDLI ID.,Q2164968$ED217614-A35E-4D12-AF51-7BE1621DB799,Q2164968$9A4FF671-56E0-492A-91D5-4A5A20D3B479,written,
ready,602417,P602417,Q2168527,BM 114842,Cuneiform Tablet BM 114842,,P853,Q512162,Persian Period,Neo-Babylonian Period,Q512161,Replace live period claim with the period expected from the current live FactGrid P692 CDLI ID.,Q2168527$C201BB5B-B2FF-46D7-804E-B80136FCB31F,Q2168527$F091CDBC-C7C5-40B8-A2FD-C9753FA738F1,written,
ready,602440,P602440,Q2166101,BM 117444,Cuneiform Tablet BM 117444,,P853,Q512162,Persian Period,Neo-Babylonian Period,Q512161,Replace live period claim with the period expected from the current live FactGrid P692 CDLI ID.,Q2166101$C69F040D-49DF-413F-9F12-905AE43E82DB,Q2166101$C7F1DF84-FCF8-4B72-AB3C-B43082BD6ED7,written,
ready,602505,P602505,Q2165764,BM 117529,Cuneiform Tablet BM 117529,,P853,Q512162,Persian Period,Neo-Babylonian Period,Q512161,Replace live period claim with the period expected from the current live FactGrid P692 CDLI ID.,Q2165764$7C2E7CB1-2790-443B-B6D4-297E3068137A,Q2165764$C4E73B20-753D-4062-8695-6DA422D426AB,written,
ready,602513,P602513,Q2170091,BM 117696,Cuneiform Tablet BM 117696,,P853,Q512162,Persian Period,Neo-Babylonian Period,Q512161,Replace live period claim with the period expected from the current live FactGrid P692 CDLI ID.,Q2170091$8CCA6E24-BEB5-495B-B512-880A48023F40,Q2170091$52EF9E8E-E693-495D-863B-ECF02439ECD2,written,
ready,602544,P602544,Q2158077,BM 132238,Cuneiform Tablet BM 132238,,P853,Q512162,Persian Period,Neo-Babylonian Period,Q512161,Replace live period claim with the period expected from the current live FactGrid P692 CDLI ID.,Q2158077$83B63FEE-357E-483C-B076-DF9B0934DB9B,Q2158077$44E1E0CF-EAFA-418B-AC0E-3FCECDE1F649,written,
ready,602552,P602552,Q2167691,BM 132808,Cuneiform Tablet BM 132808,,P853,Q512162,Persian Period,Neo-Babylonian Period,Q512161,Replace live period claim with the period expected from the current live FactGrid P692 CDLI ID.,Q2167691$A72A1A8C-B152-4EB1-AC1E-4CBFCCCD0216,Q2167691$A6ABC404-A5BB-44F7-9DD0-CD552DD889BC,written,
ready,602657,P602657,Q2164357,"AKT 11b, 268","Cuneiform Tablet AKT 11b, 268",,P853,Q512152,Old Babylonian Period,Old Assyrian Period,Q512151,Replace live period claim with the period expected from the current live FactGrid P692 CDLI ID.,Q2164357$6DB324DE-4A96-41B0-B575-344E141499F7,Q2164357$7EB1575E-64E4-44A2-8EF7-3EDFE4823EA8,written,
ready,602682,P602682,Q2168977,"AKT 11b, 293","Cuneiform Tablet AKT 11b, 293",,P853,Q512152,Old Babylonian Period,Old Assyrian Period,Q512151,Replace live period claim with the period expected from the current live FactGrid P692 CDLI ID.,Q2168977$E522AC09-6E29-4FC4-AEC2-A4CCDB68A598,Q2168977$74263E5C-877C-4B77-AF60-F17F21E64915,written,
ready,602694,P602694,Q2047476,Ist A 02709,Cuneiform Tablet Ist A 02709,,P853,Q512156,Middle Elamite Period,Middle Assyrian Period,Q512155,Replace live period claim with the period expected from the current live FactGrid P692 CDLI ID.,Q2047476$F29753AF-0974-4709-934A-C520BE87F348,Q2047476$F8844E8A-4418-4A6F-9923-297AE307F7D1,written,
ready,602817,P602817,Q2149363,Peek 11,Cuneiform Tablet Peek 11,,P853,Q512162,Persian Period,Neo-Babylonian Period,Q512161,Replace live period claim with the period expected from the current live FactGrid P692 CDLI ID.,Q2149363$16333B7F-638F-4AF1-92DC-E1A4885351F0,Q2149363$89BEF82B-DBAC-4A8C-9089-237CE31A7D27,written,
ready,602913,P602913,Q2166256,"Boivin, Babil 3, no. 20 (N9: 1)","Cuneiform Tablet Boivin, Babil 3, no. 20 (N9: 1)",,P853,Q512162,Persian Period,Neo-Babylonian Period,Q512161,Replace live period claim with the period expected from the current live FactGrid P692 CDLI ID.,Q2166256$5DC18CE8-CE2E-4F04-A267-33BB5E1BBE7F,Q2166256$9A38D580-B09A-4EF3-A7C0-BFEE7B79970F,written,
ready,602944,P602944,Q2168372,"Schaudig, Babil 5, no. 103 (N13: 145)","Cuneiform Tablet Schaudig, Babil 5, no. 103 (N13: 145)",,P853,Q512162,Persian Period,Neo-Babylonian Period,Q512161,Replace live period claim with the period expected from the current live FactGrid P692 CDLI ID.,Q2168372$375D3654-BA1A-4AFA-A8C5-F25C85944605,Q2168372$79C79405-BC5E-4BCF-BE3B-9D9667E561BE,written,
ready,602952,P602952,Q2167454,"Schaudig, Babil 5, no. 95 (N13: 258)","Cuneiform Tablet Schaudig, Babil 5, no. 95 (N13: 258)",,P853,Q512152,Old Babylonian Period,Neo-Babylonian Period,Q512161,Replace live period claim with the period expected from the current live FactGrid P692 CDLI ID.,Q2167454$11CBD6AA-4A7A-47C9-9C0D-97AEC797D762,Q2167454$58E72C85-D212-4A08-A87A-76E7E43B06DA,written,
ready,602968,P602968,Q2163323,"Schaudig, Babil 5, no. 12 (N13: 182)","Cuneiform Tablet Schaudig, Babil 5, no. 12 (N13: 182)",,P853,Q512162,Persian Period,Neo-Babylonian Period,Q512161,Replace live period claim with the period expected from the current live FactGrid P692 CDLI ID.,Q2163323$161E7DAE-C407-4BA0-9728-00D2907175EB,Q2163323$E04B54B4-B433-4F65-8C04-8B6D9E8129E2,written,
ready,603046,P603046,Q2164077,"GS André-Salvini, 8a","Cuneiform Tablet GS André-Salvini, 8a",,P853,Q512155,Middle Assyrian Period,Middle Babylonian Period,Q512154,Replace live period claim with the period expected from the current live FactGrid P692 CDLI ID.,Q2164077$89DAC8C7-53AC-47E1-A661-DD84C956BF3B,Q2164077$B2E50192-26FA-42D3-90E5-C0F653C94F74,written,
ready,603154,P603154,Q2162494,"WZKM 56, 139","Cuneiform Tablet WZKM 56, 139",,P853,Q512162,Persian Period,Neo-Babylonian Period,Q512161,Replace live period claim with the period expected from the current live FactGrid P692 CDLI ID.,Q2162494$1812C5BF-2FFB-41D1-BB3F-346ADB857162,Q2162494$FF9BD454-CE3B-4DC7-9C8A-1AB115CB0769,written,
ready,603178,P603178,Q2166883,Auctionzip no. 1,Cuneiform Tablet Auctionzip no. 1,,P853,Q512149,Isin-Larsa Period,Ur III Period,Q512148,Replace live period claim with the period expected from the current live FactGrid P692 CDLI ID.,Q2166883$99823B5E-CE71-4AEC-85DE-0CCABE2D4A1F,Q2166883$DCD47A09-9653-4FE8-8507-AA16CE9A606D,written,
ready,603302,P603302,Q2170354,"JCS 34, 248-249","Cuneiform Tablet JCS 34, 248-249",,P853,Q512155,Middle Assyrian Period,Middle Babylonian Period,Q512154,Replace live period claim with the period expected from the current live FactGrid P692 CDLI ID.,Q2170354$16BB6387-0E30-4BDF-9A50-6C44F7C53286,Q2170354$225BC824-F449-43BB-B4D7-26C06B5E1FD5,written,
ready,603314,P603314,Q2165428,"RA 77, 22 4","Cuneiform Tablet RA 77, 22 4",,P853,Q512155,Middle Assyrian Period,Middle Babylonian Period,Q512154,Replace live period claim with the period expected from the current live FactGrid P692 CDLI ID.,Q2165428$A418EF8E-F544-461B-BDFA-C7D43D42FCE8,Q2165428$F8B78030-D67F-412C-8F55-944DB1088A00,written,
ready,8105,P008105,Q2162970,"MDP 06, 316 + 322 + 324 + MDP 26S, 335 + Sb 15247","Cuneiform Tablet MDP 06, 316 + 322 + 324 + MDP 26S, 335 + Sb 15247",,P853,Q512148,Ur III Period,Proto-Elamite Period,Q512135,Replace live period claim with the period expected from the current live FactGrid P692 CDLI ID.,Q2162970$70BD4607-4B15-4293-A588-88D4D5117CE0,Q2162970$B9EA1EA0-332E-4890-A411-AC8CCD24F787,written,
ready,866,P000866,Q2165660,"ATU 5, pl. 018, W 6881,o1","Cuneiform Tablet ATU 5, pl. 018, W 6881,o1",,P853,Q512148,Ur III Period,Uruk IV Period,Q512132,Replace live period claim with the period expected from the current live FactGrid P692 CDLI ID.,Q2165660$2D0E9333-4266-4A14-BBBE-0A1B1518B1F9,Q2165660$E6A73CEC-7995-4700-BE77-2266E97EB4C2,written,
ready,8806,P008806,Q2167849,"MDP 26, 118","Cuneiform Tablet MDP 26, 118",,P853,Q512146,Lagash II Period,Proto-Elamite Period,Q512135,Replace live period claim with the period expected from the current live FactGrid P692 CDLI ID.,Q2167849$5C7AF168-F12A-418B-9A97-558AD5212131,Q2167849$9EF6947A-B411-4882-898C-A5F26BA13332,written,
ready,9344,P009344,Q2165338,"MDP 31, 005","Cuneiform Tablet MDP 31, 005",,P853,Q512150,Early Old Babylonian Period,Proto-Elamite Period,Q512135,Replace live period claim with the period expected from the current live FactGrid P692 CDLI ID.,Q2165338$1CA0A25E-92AA-4AE5-A6EE-C84684B5D34F,Q2165338$90312A5E-2FBA-4C8C-A012-DF1D25C38D98,written,
ready,602114,P602114,Q2154487,BM 114040,Cuneiform Tablet BM 114040,,P853,Q512153,Middle Hittite Period,Old Babylonian Period,Q512152,Replace live period claim with the period expected from the current live FactGrid P692 CDLI ID.,Q2154487$43741FAD-B7EA-4002-B1CE-3550907FBAB8,Q2154487$1AFC6D2E-20BC-4EA6-B0D8-7BEDCB2960D6,written,
