audit_status,cdli_id,factgrid_qid,live_cdli_id,live_label_en,live_description_en,label,artifact_type,period_id,period,period_time_range,statement_status,statement_value,statement_value_label,live_period_property,live_period_qid,live_period_label,provenience,primary_collection
no_expected_no_live,115802,Q2165607,P115802,"Cuneiform Tablet MVN 09, 159","CDLI artifact: tablet; from uncertain (mod. uncertain); held by Yale Babylonian Collection, New Haven, Connecticut, USA; CDLI P115802","MVN 09, 159",tablet,,,,,,,,,,uncertain (mod. uncertain),"Yale Babylonian Collection, New Haven, Connecticut, USA"
no_expected_no_live,227658,Q2169068,P227658,"Cuneiform Artifact PBS 11/3, 078","CDLI artifact: prism; from Nippur (mod. Nuffar); held by Penn Museum, Philadelphia, Pennsylvania, USA; CDLI P227658","PBS 11/3, 078",prism,,,,,,,,,,Nippur (mod. Nuffar),"Penn Museum, Philadelphia, Pennsylvania, USA"
no_expected_no_live,229596,Q1937608,P229596,"Cuneiform Tablet MSL 13, 040 B","Sumerian lexical tablet found in the nufar provenience, dated to an unspecified period and currently held in the arkeoloji müzeleri, istanbul, turkey.","MSL 13, 040 B",tablet,,,,,,,,,,Nippur (mod. Nuffar),"Arkeoloji Müzeleri, Istanbul, Turkey"
no_expected_no_live,229607,Q1937644,P229607,"Cuneiform Tablet MSL 13, 041, CBS 10294","Sumerian lexical tablet found in the nufar provenience, dated to an unspecified period and currently held in the university of pennsylvania museum of archaeology and anthropology, philadelphia, pennsylvania, usa.","MSL 13, 041, CBS 10294",tablet,,,,,,,,,,Nippur (mod. Nuffar),"Penn Museum, Philadelphia, Pennsylvania, USA"
no_expected_no_live,229781,Q894455,P229781,Cuneiform Tablet HS 1645,Cuneiform Tablet of the Hilprecht Collection of Babylonian antiquities,"TMH 08, 22",tablet,,,,,,,,,,Nippur (mod. Nuffar),"Hilprecht Collection, University of Jena, Jena, Germany"
no_expected_no_live,229892,Q894588,P229892,Cuneiform Tablet HS 1688,Cuneiform Tablet of the Hilprecht Collection of Babylonian antiquities,HS 1688,tablet,,,,,,,,,,Nippur (mod. Nuffar),"Hilprecht Collection, University of Jena, Jena, Germany"
no_expected_no_live,229938,Q894566,P229938,Cuneiform Tablet HS 1768,Cuneiform Tablet of the Hilprecht Collection of Babylonian antiquities,HS 1768,tablet,,,,,,,,,,Nippur (mod. Nuffar),"Hilprecht Collection, University of Jena, Jena, Germany"
no_expected_no_live,229943,Q2063736,P229943,Cuneiform Tablet HS 1773,"Lexical tablet from an unspecified location, dated to an unspecified period and currently held in the hilprecht collection, university of jena, germany.",HS 1773,tablet,,,,,,,,,,Nippur (mod. Nuffar),"Hilprecht Collection, University of Jena, Jena, Germany"
no_expected_no_live,229980,Q893863,P229980,Cuneiform Tablet HS 1825,Cuneiform Tablet of the Hilprecht Collection of Babylonian antiquities,HS 1825,tablet,,,,,,,,,,Nippur (mod. Nuffar),"Hilprecht Collection, University of Jena, Jena, Germany"
no_expected_no_live,230076,Q2066277,P230076,Cuneiform Tablet Ist Ni 03355,"Lexical tablet found in the nufar provenience, dated to an unspecified period and currently held in the arkeoloji müzeleri, istanbul, turkey.",Ist Ni 03355,tablet,,,,,,,,,,Nippur (mod. Nuffar),"Arkeoloji Müzeleri, Istanbul, Turkey"
no_expected_no_live,230099,Q2066338,P230099,Cuneiform Tablet Ist Ni 05143,"Lexical tablet found in the nufar provenience, dated to an unspecified period and currently held in the arkeoloji müzeleri, istanbul, turkey.",Ist Ni 05143,tablet,,,,,,,,,,Nippur (mod. Nuffar),"Arkeoloji Müzeleri, Istanbul, Turkey"
no_expected_no_live,230148,Q2048132,P230148,"Cuneiform Tablet TMN p. 330, Ist Ni 03179","Sumerian lexical tablet found in the nufar provenience, dated to an unspecified period and currently held in the arkeoloji müzeleri, istanbul, turkey.","TMN p. 330, Ist Ni 03179",tablet,,,,,,,,,,Nippur (mod. Nuffar),"Arkeoloji Müzeleri, Istanbul, Turkey"
no_expected_no_live,230172,Q2169918,P230172,"Cuneiform Artifact PBS 11/3, 070","CDLI artifact: prism; from Nippur (mod. Nuffar); held by Penn Museum, Philadelphia, Pennsylvania, USA; CDLI P230172","PBS 11/3, 070",prism,,,,,,,,,,Nippur (mod. Nuffar),"Penn Museum, Philadelphia, Pennsylvania, USA"
no_expected_no_live,230261,Q2059547,P230261,Cuneiform Tablet UM 55-21-272,"Lexical tablet found in the nufar provenience, dated to an unspecified period and currently held in the university of pennsylvania museum of archaeology and anthropology, philadelphia, pennsylvania, usa.",UM 55-21-272,tablet,,,,,,,,,,Nippur (mod. Nuffar),"Penn Museum, Philadelphia, Pennsylvania, USA"
no_expected_no_live,230324,Q2003348,P230324,"Cuneiform Tablet PBS 11/2, 029","Lexical tablet found in the nufar provenience, dated to an unspecified period and currently held in the university of pennsylvania museum of archaeology and anthropology, philadelphia, pennsylvania, usa.","PBS 11/2, 029",tablet,,,,,,,,,,Nippur (mod. Nuffar),"Penn Museum, Philadelphia, Pennsylvania, USA"
no_expected_no_live,230518,Q2018860,P230518,Cuneiform Tablet CBS 13128,"Sumerian lexical tablet from an unspecified location, dated to an unspecified period and currently held in the university of pennsylvania museum of archaeology and anthropology, philadelphia, pennsylvania, usa.",CBS 13128,tablet,,,,,,,,,,,"Penn Museum, Philadelphia, Pennsylvania, USA"
no_expected_no_live,230563,Q2059422,P230563,Cuneiform Tablet UM 29-16-575,"Sumerian lexical tablet found in the nufar provenience, dated to an unspecified period and currently held in the university of pennsylvania museum of archaeology and anthropology, philadelphia, pennsylvania, usa.",UM 29-16-575,tablet,,,,,,,,,,Nippur (mod. Nuffar),"Penn Museum, Philadelphia, Pennsylvania, USA"
no_expected_no_live,230631,Q2059235,P230631,Cuneiform Tablet UM 29-15-424,"Sumerian lexical tablet found in the nufar provenience, dated to an unspecified period and currently held in the university of pennsylvania museum of archaeology and anthropology, philadelphia, pennsylvania, usa.",UM 29-15-424,tablet,,,,,,,,,,Nippur (mod. Nuffar),"Penn Museum, Philadelphia, Pennsylvania, USA"
no_expected_no_live,231759,Q2048146,P231759,"Cuneiform Tablet TMN p. 337, Ist Ni 03711","Sumerian lexical tablet found in the nufar provenience, dated to an unspecified period and currently held in the arkeoloji müzeleri, istanbul, turkey.","TMN p. 337, Ist Ni 03711",tablet,,,,,,,,,,Nippur (mod. Nuffar),"Arkeoloji Müzeleri, Istanbul, Turkey"
no_expected_no_live,247864,Q2033369,P247864,"Cuneiform Tablet CM 22, pl. 36-37","Lexical tablet from an unspecified location, dated to an unspecified period and currently held in the national museum of iraq, baghdad, iraq.","CM 22, pl. 36-37",tablet,,,,,,,,,,Shaduppum (mod. Tell Harmal),"National Museum of Iraq, Baghdad, Iraq"
no_expected_no_live,248380,Q2164618,P248380,Cuneiform Tablet HMA 9-02884,"CDLI artifact: tablet; held by Hearst Museum of Anthropology, University of California at Berkeley, Berkeley, California, USA; CDLI P248380",HMA 9-02884,tablet,,,,,,,,,,,"Hearst Museum of Anthropology, University of California at Berkeley, Berkeley, California, USA"
no_expected_no_live,248569,Q2154344,P248569,Cuneiform Tablet HMA unident07,"CDLI artifact: tablet; held by Hearst Museum of Anthropology, University of California at Berkeley, Berkeley, California, USA; CDLI P248569",HMA unident07,tablet,,,,,,,,,,,"Hearst Museum of Anthropology, University of California at Berkeley, Berkeley, California, USA"
no_expected_no_live,250323,Q2025049,P250323,Cuneiform Tablet AUAM 73.3308a,"CDLI artifact: tablet; held by Siegfried H. Horn Museum, Institute of Archaeology, Andrews University, Berrien Springs, Michigan, USA; CDLI P250323",AUAM 73.3308a,tablet,,,,,,,,,,,"Siegfried H. Horn Museum, Institute of Archaeology, Andrews University, Berrien Springs, Michigan, USA"
no_expected_no_live,252164,Q2149592,P252164,Cuneiform Tablet MS 3153,"CDLI artifact: tablet; from uncertain (mod. uncertain); held by Schøyen Collection, Oslo, Norway; CDLI P252164",MS 3153,tablet,,,,,,,,,,uncertain (mod. uncertain),"Schøyen Collection, Oslo, Norway"
no_expected_no_live,256721,Q2164912,P256721,Cuneiform Tablet UM 29-16-124,"CDLI artifact: tablet; held by Penn Museum, Philadelphia, Pennsylvania, USA; CDLI P256721",UM 29-16-124,tablet,,,,,,,,,,,"Penn Museum, Philadelphia, Pennsylvania, USA"
no_expected_no_live,256776,Q2162617,P256776,Cuneiform Artifact UM 29-16-196,"CDLI artifact: sealing; from Nippur (mod. Nuffar); held by Penn Museum, Philadelphia, Pennsylvania, USA; CDLI P256776",UM 29-16-196,sealing,,,,,,,,,,Nippur (mod. Nuffar),"Penn Museum, Philadelphia, Pennsylvania, USA"
no_expected_no_live,257327,Q2165286,P257327,Cuneiform Artifact UM 55-21-137,"CDLI artifact: Vessel; from Nippur (mod. Nuffar); held by Penn Museum, Philadelphia, Pennsylvania, USA; CDLI P257327",UM 55-21-137,Vessel,,,,,,,,,,Nippur (mod. Nuffar),"Penn Museum, Philadelphia, Pennsylvania, USA"
no_expected_no_live,260306,Q2164225,P260306,"Cuneiform Tablet PBS 14, 0105","CDLI artifact: tablet; held by Penn Museum, Philadelphia, Pennsylvania, USA; CDLI P260306","PBS 14, 0105",tablet,,,,,,,,,,,"Penn Museum, Philadelphia, Pennsylvania, USA"
no_expected_no_live,260701,Q2162275,P260701,Cuneiform Tablet CBS 04384,"CDLI artifact: tablet; held by Penn Museum, Philadelphia, Pennsylvania, USA; CDLI P260701",CBS 04384,tablet,,,,,,,,,,,"Penn Museum, Philadelphia, Pennsylvania, USA"
no_expected_no_live,260869,Q2163034,P260869,Cuneiform Tablet CBS 04555,"CDLI artifact: tablet; held by Penn Museum, Philadelphia, Pennsylvania, USA; CDLI P260869",CBS 04555,tablet,,,,,,,,,,,"Penn Museum, Philadelphia, Pennsylvania, USA"
no_expected_no_live,261096,Q2167542,P261096,Cuneiform Tablet CBS 04900,"CDLI artifact: tablet; held by Penn Museum, Philadelphia, Pennsylvania, USA; CDLI P261096",CBS 04900,tablet,,,,,,,,,,,"Penn Museum, Philadelphia, Pennsylvania, USA"
no_expected_no_live,261203,Q2170080,P261203,Cuneiform Artifact CDLI Seals 000617 (physical),"CDLI artifact: Cylinder seal; from uncertain (mod. uncertain); held by Penn Museum, Philadelphia, Pennsylvania, USA; CDLI P261203",CDLI Seals 000617 (physical),Cylinder seal,,,,,,,,,,uncertain (mod. uncertain),"Penn Museum, Philadelphia, Pennsylvania, USA"
no_expected_no_live,261215,Q2165754,P261215,Cuneiform Artifact CDLI Seals 000629 (physical),"CDLI artifact: Cylinder seal; from uncertain (mod. uncertain); held by Penn Museum, Philadelphia, Pennsylvania, USA; CDLI P261215",CDLI Seals 000629 (physical),Cylinder seal,,,,,,,,,,uncertain (mod. uncertain),"Penn Museum, Philadelphia, Pennsylvania, USA"
no_expected_no_live,261242,Q2167702,P261242,Cuneiform Artifact CDLI Seals 000656 (physical),"CDLI artifact: Cylinder seal; from uncertain (mod. uncertain); held by Penn Museum, Philadelphia, Pennsylvania, USA; CDLI P261242",CDLI Seals 000656 (physical),Cylinder seal,,,,,,,,,,uncertain (mod. uncertain),"Penn Museum, Philadelphia, Pennsylvania, USA"
no_expected_no_live,261254,Q2158301,P261254,Cuneiform Artifact CDLI Seals 000668 (physical),"CDLI artifact: Cylinder seal; from uncertain (mod. uncertain); held by Penn Museum, Philadelphia, Pennsylvania, USA; CDLI P261254",CDLI Seals 000668 (physical),Cylinder seal,,,,,,,,,,uncertain (mod. uncertain),"Penn Museum, Philadelphia, Pennsylvania, USA"
no_expected_no_live,261281,Q2162911,P261281,Cuneiform Artifact CDLI Seals 000695 (physical),"CDLI artifact: Cylinder seal; from uncertain (mod. uncertain); held by Penn Museum, Philadelphia, Pennsylvania, USA; CDLI P261281",CDLI Seals 000695 (physical),Cylinder seal,,,,,,,,,,uncertain (mod. uncertain),"Penn Museum, Philadelphia, Pennsylvania, USA"
no_expected_no_live,261307,Q2168525,P261307,Cuneiform Artifact CDLI Seals 000721 (physical),"CDLI artifact: Stamp seal; from uncertain (mod. uncertain); held by Penn Museum, Philadelphia, Pennsylvania, USA; CDLI P261307",CDLI Seals 000721 (physical),Stamp seal,,,,,,,,,,uncertain (mod. uncertain),"Penn Museum, Philadelphia, Pennsylvania, USA"
no_expected_no_live,261311,Q2164738,P261311,Cuneiform Artifact CDLI Seals 000725 (physical),"CDLI artifact: Stamp seal; from uncertain (mod. uncertain); held by Penn Museum, Philadelphia, Pennsylvania, USA; CDLI P261311",CDLI Seals 000725 (physical),Stamp seal,,,,,,,,,,uncertain (mod. uncertain),"Penn Museum, Philadelphia, Pennsylvania, USA"
no_expected_no_live,261645,Q2165614,P261645,Cuneiform Artifact CDLI Seals 000736 (physical),"CDLI artifact: Cylinder seal; held by Penn Museum, Philadelphia, Pennsylvania, USA; CDLI P261645",CDLI Seals 000736 (physical),Cylinder seal,,,,,,,,,,,"Penn Museum, Philadelphia, Pennsylvania, USA"
no_expected_no_live,261653,Q2170191,P261653,Cuneiform Artifact CDLI Seals 000744 (physical),"CDLI artifact: Cylinder seal; held by Penn Museum, Philadelphia, Pennsylvania, USA; CDLI P261653",CDLI Seals 000744 (physical),Cylinder seal,,,,,,,,,,,"Penn Museum, Philadelphia, Pennsylvania, USA"
no_expected_no_live,261700,Q2165981,P261700,Cuneiform Tablet CBS 05507,"CDLI artifact: tablet; held by Penn Museum, Philadelphia, Pennsylvania, USA; CDLI P261700",CBS 05507,tablet,,,,,,,,,,,"Penn Museum, Philadelphia, Pennsylvania, USA"
no_expected_no_live,261741,Q2161758,P261741,Cuneiform Tablet CBS 05548,"CDLI artifact: tablet; held by Penn Museum, Philadelphia, Pennsylvania, USA; CDLI P261741",CBS 05548,tablet,,,,,,,,,,,"Penn Museum, Philadelphia, Pennsylvania, USA"
no_expected_no_live,261757,Q1368819,P261757,Cuneiform Tablet CBS 05564,"CDLI artifact: tablet; held by Penn Museum, Philadelphia, Pennsylvania, USA; CDLI P261757",CBS 05564,tablet,,,,,,,,,,,"Penn Museum, Philadelphia, Pennsylvania, USA"
no_expected_no_live,261813,Q2162283,P261813,Cuneiform Tablet CBS 05620,"CDLI artifact: tablet; held by Penn Museum, Philadelphia, Pennsylvania, USA; CDLI P261813",CBS 05620,tablet,,,,,,,,,,,"Penn Museum, Philadelphia, Pennsylvania, USA"
no_expected_no_live,261844,Q2164099,P261844,Cuneiform Tablet CBS 05651,"CDLI artifact: tablet; held by Penn Museum, Philadelphia, Pennsylvania, USA; CDLI P261844",CBS 05651,tablet,,,,,,,,,,,"Penn Museum, Philadelphia, Pennsylvania, USA"
no_expected_no_live,261901,Q2165084,P261901,Cuneiform Tablet CBS 05708,"CDLI artifact: tablet; held by Penn Museum, Philadelphia, Pennsylvania, USA; CDLI P261901",CBS 05708,tablet,,,,,,,,,,,"Penn Museum, Philadelphia, Pennsylvania, USA"
no_expected_no_live,261956,Q2162504,P261956,Cuneiform Tablet CBS 05763,"CDLI artifact: tablet; held by Penn Museum, Philadelphia, Pennsylvania, USA; CDLI P261956",CBS 05763,tablet,,,,,,,,,,,"Penn Museum, Philadelphia, Pennsylvania, USA"
no_expected_no_live,262340,Q2167233,P262340,Cuneiform Artifact CDLI Seals 000785 (physical),"CDLI artifact: Cylinder seal; held by Penn Museum, Philadelphia, Pennsylvania, USA; CDLI P262340",CDLI Seals 000785 (physical),Cylinder seal,,,,,,,,,,,"Penn Museum, Philadelphia, Pennsylvania, USA"
no_expected_no_live,262439,Q2165430,P262439,Cuneiform Tablet CBS 07438,"CDLI artifact: tablet; held by Penn Museum, Philadelphia, Pennsylvania, USA; CDLI P262439",CBS 07438,tablet,,,,,,,,,,,"Penn Museum, Philadelphia, Pennsylvania, USA"
no_expected_no_live,262442,Q2163680,P262442,Cuneiform Tablet CBS 07441,"CDLI artifact: tablet; held by Penn Museum, Philadelphia, Pennsylvania, USA; CDLI P262442",CBS 07441,tablet,,,,,,,,,,,"Penn Museum, Philadelphia, Pennsylvania, USA"
no_expected_no_live,262710,Q2167078,P262710,Cuneiform Tablet CBS 07700A,"CDLI artifact: tablet; from Nippur (mod. Nuffar); held by Penn Museum, Philadelphia, Pennsylvania, USA; CDLI P262710",CBS 07700A,tablet,,,,,,,,,,Nippur (mod. Nuffar),"Penn Museum, Philadelphia, Pennsylvania, USA"
no_expected_no_live,262878,Q1367471,P262878,Cuneiform Tablet CBS 07918,"CDLI artifact: tablet; from Nippur (mod. Nuffar); held by Penn Museum, Philadelphia, Pennsylvania, USA; CDLI P262878",CBS 07918,tablet,,,,,,,,,,Nippur (mod. Nuffar),"Penn Museum, Philadelphia, Pennsylvania, USA"
no_expected_no_live,263438,Q2162616,P263438,Cuneiform Tablet CBS 08640,"CDLI artifact: tablet; from Nippur (mod. Nuffar); held by Penn Museum, Philadelphia, Pennsylvania, USA; CDLI P263438",CBS 08640,tablet,,,,,,,,,,Nippur (mod. Nuffar),"Penn Museum, Philadelphia, Pennsylvania, USA"
no_expected_no_live,263697,Q2166079,P263697,Cuneiform Tablet CBS 08881b,"CDLI artifact: tablet; held by Penn Museum, Philadelphia, Pennsylvania, USA; CDLI P263697",CBS 08881b,tablet,,,,,,,,,,,"Penn Museum, Philadelphia, Pennsylvania, USA"
no_expected_no_live,263746,Q2163046,P263746,Cuneiform Artifact CDLI Seals 000817 (physical),"CDLI artifact: Cylinder seal; from Nippur (mod. Nuffar); held by Penn Museum, Philadelphia, Pennsylvania, USA; CDLI P263746",CDLI Seals 000817 (physical),Cylinder seal,,,,,,,,,,Nippur (mod. Nuffar),"Penn Museum, Philadelphia, Pennsylvania, USA"
no_expected_no_live,263785,Q2167675,P263785,Cuneiform Artifact CDLI Seals 000845 (physical),"CDLI artifact: Cylinder seal; from uncertain (mod. uncertain); held by Penn Museum, Philadelphia, Pennsylvania, USA; CDLI P263785",CDLI Seals 000845 (physical),Cylinder seal,,,,,,,,,,uncertain (mod. uncertain),"Penn Museum, Philadelphia, Pennsylvania, USA"
no_expected_no_live,263793,Q2158377,P263793,Cuneiform Artifact CDLI Seals 000853 (physical),"CDLI artifact: Cylinder seal; held by Penn Museum, Philadelphia, Pennsylvania, USA; CDLI P263793",CDLI Seals 000853 (physical),Cylinder seal,,,,,,,,,,,"Penn Museum, Philadelphia, Pennsylvania, USA"
no_expected_no_live,263802,Q2167109,P263802,Cuneiform Artifact CDLI Seals 000862 (physical),"CDLI artifact: Cylinder seal; held by Penn Museum, Philadelphia, Pennsylvania, USA; CDLI P263802",CDLI Seals 000862 (physical),Cylinder seal,,,,,,,,,,,"Penn Museum, Philadelphia, Pennsylvania, USA"
no_expected_no_live,263910,Q2047087,P263910,Cuneiform Tablet CBS 06145,"CDLI artifact: tablet; held by Penn Museum, Philadelphia, Pennsylvania, USA; CDLI P263910",CBS 06145,tablet,,,,,,,,,,,"Penn Museum, Philadelphia, Pennsylvania, USA"
no_expected_no_live,263947,Q2166890,P263947,Cuneiform Tablet CBS 06279,"CDLI artifact: tablet; held by Penn Museum, Philadelphia, Pennsylvania, USA; CDLI P263947",CBS 06279,tablet,,,,,,,,,,,"Penn Museum, Philadelphia, Pennsylvania, USA"
no_expected_no_live,264040,Q2167688,P264040,Cuneiform Tablet CBS 06376,"CDLI artifact: tablet; from Nippur (mod. Nuffar); held by Penn Museum, Philadelphia, Pennsylvania, USA; CDLI P264040",CBS 06376,tablet,,,,,,,,,,Nippur (mod. Nuffar),"Penn Museum, Philadelphia, Pennsylvania, USA"
no_expected_no_live,264200,Q2164700,P264200,"Cuneiform Tablet PBS 14, 1069","CDLI artifact: tablet; from Nippur (mod. Nuffar); held by Penn Museum, Philadelphia, Pennsylvania, USA; CDLI P264200","PBS 14, 1069",tablet,,,,,,,,,,Nippur (mod. Nuffar),"Penn Museum, Philadelphia, Pennsylvania, USA"
no_expected_no_live,264406,Q2156240,P264406,Cuneiform Artifact CBS 06994,"CDLI artifact: bulla; from Nippur (mod. Nuffar); held by Penn Museum, Philadelphia, Pennsylvania, USA; CDLI P264406",CBS 06994,bulla,,,,,,,,,,Nippur (mod. Nuffar),"Penn Museum, Philadelphia, Pennsylvania, USA"
no_expected_no_live,264410,Q2167826,P264410,"Cuneiform Artifact PBS 14, 0044","CDLI artifact: bulla; from Nippur (mod. Nuffar); held by Penn Museum, Philadelphia, Pennsylvania, USA; CDLI P264410","PBS 14, 0044",bulla,,,,,,,,,,Nippur (mod. Nuffar),"Penn Museum, Philadelphia, Pennsylvania, USA"
no_expected_no_live,264715,Q2164624,P264715,Cuneiform Artifact CDLI Seals 000891 (physical),"CDLI artifact: Stamp seal; from uncertain (mod. uncertain); held by Penn Museum, Philadelphia, Pennsylvania, USA; CDLI P264715",CDLI Seals 000891 (physical),Stamp seal,,,,,,,,,,uncertain (mod. uncertain),"Penn Museum, Philadelphia, Pennsylvania, USA"
no_expected_no_live,265368,Q2163215,P265368,Cuneiform Tablet CBS 10105,"CDLI artifact: tablet; from Nippur (mod. Nuffar); held by Penn Museum, Philadelphia, Pennsylvania, USA; CDLI P265368",CBS 10105,tablet,,,,,,,,,,Nippur (mod. Nuffar),"Penn Museum, Philadelphia, Pennsylvania, USA"
no_expected_no_live,265503,Q2162254,P265503,Cuneiform Artifact CBS 10268,"CDLI artifact: brick; from Nippur (mod. Nuffar); held by Penn Museum, Philadelphia, Pennsylvania, USA; CDLI P265503",CBS 10268,brick,,,,,,,,,,Nippur (mod. Nuffar),"Penn Museum, Philadelphia, Pennsylvania, USA"
no_expected_no_live,265578,Q2144702,P265578,Cuneiform Tablet CBS 10354,"CDLI artifact: tablet; from Nippur (mod. Nuffar); held by Penn Museum, Philadelphia, Pennsylvania, USA; CDLI P265578",CBS 10354,tablet,,,,,,,,,,Nippur (mod. Nuffar),"Penn Museum, Philadelphia, Pennsylvania, USA"
no_expected_no_live,265807,Q2164636,P265807,Cuneiform Tablet CBS 10605,"CDLI artifact: tablet; from Nippur (mod. Nuffar); held by Penn Museum, Philadelphia, Pennsylvania, USA; CDLI P265807",CBS 10605,tablet,,,,,,,,,,Nippur (mod. Nuffar),"Penn Museum, Philadelphia, Pennsylvania, USA"
no_expected_no_live,265893,Q2166602,P265893,Cuneiform Tablet CBS 10688a,"CDLI artifact: tablet; held by Penn Museum, Philadelphia, Pennsylvania, USA; CDLI P265893",CBS 10688a,tablet,,,,,,,,,,,"Penn Museum, Philadelphia, Pennsylvania, USA"
no_expected_no_live,266354,Q2063672,P266354,Cuneiform Tablet CBS 11192a,"CDLI artifact: tablet; held by Penn Museum, Philadelphia, Pennsylvania, USA; CDLI P266354",CBS 11192a,tablet,,,,,,,,,,,"Penn Museum, Philadelphia, Pennsylvania, USA"
no_expected_no_live,267284,Q2166421,P267284,Cuneiform Tablet CBS 12646,"CDLI artifact: tablet; from Nippur (mod. Nuffar); held by Penn Museum, Philadelphia, Pennsylvania, USA; CDLI P267284",CBS 12646,tablet,,,,,,,,,,Nippur (mod. Nuffar),"Penn Museum, Philadelphia, Pennsylvania, USA"
no_expected_no_live,267640,Q2163734,P267640,Cuneiform Artifact CBS 12037,"CDLI artifact: vase; from Nippur (mod. Nuffar); held by Penn Museum, Philadelphia, Pennsylvania, USA; CDLI P267640",CBS 12037,vase,,,,,,,,,,Nippur (mod. Nuffar),"Penn Museum, Philadelphia, Pennsylvania, USA"
no_expected_no_live,268999,Q2160597,P268999,Cuneiform Tablet CBS 13417,"CDLI artifact: tablet; held by Penn Museum, Philadelphia, Pennsylvania, USA; CDLI P268999",CBS 13417,tablet,,,,,,,,,,,"Penn Museum, Philadelphia, Pennsylvania, USA"
no_expected_no_live,269019,Q2166696,P269019,Cuneiform Tablet CBS 13437,"CDLI artifact: tablet; held by Penn Museum, Philadelphia, Pennsylvania, USA; CDLI P269019",CBS 13437,tablet,,,,,,,,,,,"Penn Museum, Philadelphia, Pennsylvania, USA"
no_expected_no_live,269058,Q2169056,P269058,Cuneiform Tablet CBS 14037,"CDLI artifact: tablet; held by Penn Museum, Philadelphia, Pennsylvania, USA; CDLI P269058",CBS 14037,tablet,,,,,,,,,,,"Penn Museum, Philadelphia, Pennsylvania, USA"
no_expected_no_live,269222,Q2167891,P269222,"Cuneiform Artifact PBS 14, 0026","CDLI artifact: bulla; from Nippur (mod. Nuffar); held by Penn Museum, Philadelphia, Pennsylvania, USA; CDLI P269222","PBS 14, 0026",bulla,,,,,,,,,,Nippur (mod. Nuffar),"Penn Museum, Philadelphia, Pennsylvania, USA"
no_expected_no_live,269263,Q2170186,P269263,Cuneiform Artifact CDLI Seals 000972 (physical),"CDLI artifact: Cylinder seal; from Nippur (mod. Nuffar); held by Penn Museum, Philadelphia, Pennsylvania, USA; CDLI P269263",CDLI Seals 000972 (physical),Cylinder seal,,,,,,,,,,Nippur (mod. Nuffar),"Penn Museum, Philadelphia, Pennsylvania, USA"
no_expected_no_live,269275,Q2165653,P269275,Cuneiform Artifact CDLI Seals 000984 (physical),"CDLI artifact: Cylinder seal; from Nippur (mod. Nuffar); held by Penn Museum, Philadelphia, Pennsylvania, USA; CDLI P269275",CDLI Seals 000984 (physical),Cylinder seal,,,,,,,,,,Nippur (mod. Nuffar),"Penn Museum, Philadelphia, Pennsylvania, USA"
no_expected_no_live,269330,Q2165993,P269330,Cuneiform Artifact CDLI Seals 001035 (physical),"CDLI artifact: Stamp seal; from Nippur (mod. Nuffar); held by Penn Museum, Philadelphia, Pennsylvania, USA; CDLI P269330",CDLI Seals 001035 (physical),Stamp seal,,,,,,,,,,Nippur (mod. Nuffar),"Penn Museum, Philadelphia, Pennsylvania, USA"
no_expected_no_live,269367,Q1932806,P269367,Cuneiform Artifact CDLI Seals 001064 (physical),"CDLI artifact: Cylinder seal; held by Penn Museum, Philadelphia, Pennsylvania, USA; CDLI P269367",CDLI Seals 001064 (physical),Cylinder seal,,,,,,,,,,,"Penn Museum, Philadelphia, Pennsylvania, USA"
no_expected_no_live,269388,Q2167618,P269388,Cuneiform Artifact CDLI Seals 001076 (physical),"CDLI artifact: Cylinder seal; held by Penn Museum, Philadelphia, Pennsylvania, USA; CDLI P269388",CDLI Seals 001076 (physical),Cylinder seal,,,,,,,,,,,"Penn Museum, Philadelphia, Pennsylvania, USA"
no_expected_no_live,269408,Q2168898,P269408,Cuneiform Artifact CDLI Seals 001096 (physical),"CDLI artifact: Cylinder seal; held by Penn Museum, Philadelphia, Pennsylvania, USA; CDLI P269408",CDLI Seals 001096 (physical),Cylinder seal,,,,,,,,,,,"Penn Museum, Philadelphia, Pennsylvania, USA"
no_expected_no_live,269432,Q2164834,P269432,Cuneiform Artifact CDLI Seals 001120 (physical),"CDLI artifact: Cylinder seal; held by Penn Museum, Philadelphia, Pennsylvania, USA; CDLI P269432",CDLI Seals 001120 (physical),Cylinder seal,,,,,,,,,,,"Penn Museum, Philadelphia, Pennsylvania, USA"
no_expected_no_live,269449,Q2166565,P269449,Cuneiform Artifact CDLI Seals 001136 (physical),"CDLI artifact: Cylinder seal; held by Penn Museum, Philadelphia, Pennsylvania, USA; CDLI P269449",CDLI Seals 001136 (physical),Cylinder seal,,,,,,,,,,,"Penn Museum, Philadelphia, Pennsylvania, USA"
no_expected_no_live,269465,Q2162809,P269465,Cuneiform Artifact CDLI Seals 001152 (physical),"CDLI artifact: Cylinder seal; held by Penn Museum, Philadelphia, Pennsylvania, USA; CDLI P269465",CDLI Seals 001152 (physical),Cylinder seal,,,,,,,,,,,"Penn Museum, Philadelphia, Pennsylvania, USA"
no_expected_no_live,269625,Q2165818,P269625,Cuneiform Tablet CBS 15048,"CDLI artifact: tablet; held by Penn Museum, Philadelphia, Pennsylvania, USA; CDLI P269625",CBS 15048,tablet,,,,,,,,,,,"Penn Museum, Philadelphia, Pennsylvania, USA"
no_expected_no_live,270054,Q2165682,P270054,Cuneiform Tablet CBS 16104,"CDLI artifact: tablet; held by Penn Museum, Philadelphia, Pennsylvania, USA; CDLI P270054",CBS 16104,tablet,,,,,,,,,,,"Penn Museum, Philadelphia, Pennsylvania, USA"
no_expected_no_live,270150,Q2160761,P270150,Cuneiform Artifact CBS 16562,"CDLI artifact: brick; from Ur (mod. Tell Muqayyar); held by Penn Museum, Philadelphia, Pennsylvania, USA; CDLI P270150",CBS 16562,brick,,,,,,,,,,Ur (mod. Tell Muqayyar),"Penn Museum, Philadelphia, Pennsylvania, USA"
no_expected_no_live,270185,Q2163920,P270185,Cuneiform Artifact CDLI Seals 001274 (physical),"CDLI artifact: Cylinder seal; from Ur (mod. Tell Muqayyar); held by Penn Museum, Philadelphia, Pennsylvania, USA; CDLI P270185",CDLI Seals 001274 (physical),Cylinder seal,,,,,,,,,,Ur (mod. Tell Muqayyar),"Penn Museum, Philadelphia, Pennsylvania, USA"
no_expected_no_live,270238,Q2166661,P270238,Cuneiform Artifact CDLI Seals 001302 (physical),"CDLI artifact: Cylinder seal; from Ur (mod. Tell Muqayyar); held by Penn Museum, Philadelphia, Pennsylvania, USA; CDLI P270238",CDLI Seals 001302 (physical),Cylinder seal,,,,,,,,,,Ur (mod. Tell Muqayyar),"Penn Museum, Philadelphia, Pennsylvania, USA"
no_expected_no_live,270243,Q2164846,P270243,Cuneiform Artifact CDLI Seals 001307 (physical),"CDLI artifact: Cylinder seal; from Ur (mod. Tell Muqayyar); held by Penn Museum, Philadelphia, Pennsylvania, USA; CDLI P270243",CDLI Seals 001307 (physical),Cylinder seal,,,,,,,,,,Ur (mod. Tell Muqayyar),"Penn Museum, Philadelphia, Pennsylvania, USA"
no_expected_no_live,270412,Q2169989,P270412,Cuneiform Artifact CDLI Seals 001326 (physical),"CDLI artifact: Cylinder seal; from Shuruppak (mod. Fara); held by Penn Museum, Philadelphia, Pennsylvania, USA; CDLI P270412",CDLI Seals 001326 (physical),Cylinder seal,,,,,,,,,,Shuruppak (mod. Fara),"Penn Museum, Philadelphia, Pennsylvania, USA"
no_expected_no_live,270756,Q2164455,P270756,"Cuneiform Tablet CUSAS 15, 139","CDLI artifact: tablet; from uncertain (mod. uncertain); held by Rare Manuscript Collections, Cornell University Library, Ithaca, New York, USA; CDLI P270756","CUSAS 15, 139",tablet,,,,,,,,,,uncertain (mod. uncertain),"Rare Manuscript Collections, Cornell University Library, Ithaca, New York, USA"
no_expected_no_live,273455,Q2169230,P273455,Cuneiform Tablet P273455,CDLI artifact: tablet; held by anonymous; CDLI P273455,Anonymous 273455 unpublished unassigned ?,tablet,,,,,,,,,,,anonymous
no_expected_no_live,273947,Q2166515,P273947,Cuneiform Tablet Smith College 405,"CDLI artifact: tablet; held by Smith College, Northampton, Massachusetts, USA; CDLI P273947",Smith College 405,tablet,,,,,,,,,,,"Smith College, Northampton, Massachusetts, USA"
no_expected_no_live,274001,Q2170319,P274001,Cuneiform Tablet Smith College 483,"CDLI artifact: tablet; held by Smith College, Northampton, Massachusetts, USA; CDLI P274001",Smith College 483,tablet,,,,,,,,,,,"Smith College, Northampton, Massachusetts, USA"
no_expected_no_live,274017,Q2165474,P274017,Cuneiform Tablet Smith College 502,"CDLI artifact: tablet; held by Smith College, Northampton, Massachusetts, USA; CDLI P274017",Smith College 502,tablet,,,,,,,,,,,"Smith College, Northampton, Massachusetts, USA"
no_expected_no_live,275016,Q2024667,P275016,"Cuneiform Tablet RT 36, 184",Lexical tablet from an unspecified location.,"RT 36, 184",tablet,,,,,,,,,,,"Couvent Saint-Étienne, Jerusalem"
no_expected_no_live,275446,Q2162789,P275446,Cuneiform Tablet N 0180,"CDLI artifact: tablet; from Nippur (mod. Nuffar); held by Penn Museum, Philadelphia, Pennsylvania, USA; CDLI P275446",N 0180,tablet,,,,,,,,,,Nippur (mod. Nuffar),"Penn Museum, Philadelphia, Pennsylvania, USA"
no_expected_no_live,275597,Q2047554,P275597,Cuneiform Tablet CBS 08428 + N 0379 + N 0387 + N 0390 + N 0467,"CDLI artifact: tablet; from Nippur (mod. Nuffar); held by Penn Museum, Philadelphia, Pennsylvania, USA; CDLI P275597",CBS 08428 + N 0379 + N 0387 + N 0390 + N 0467,tablet,,,,,,,,,,Nippur (mod. Nuffar),"Penn Museum, Philadelphia, Pennsylvania, USA"
no_expected_no_live,277210,Q2163802,P277210,Cuneiform Artifact N 2101,"CDLI artifact: sealing; from Nippur (mod. Nuffar); held by Penn Museum, Philadelphia, Pennsylvania, USA; CDLI P277210",N 2101,sealing,,,,,,,,,,Nippur (mod. Nuffar),"Penn Museum, Philadelphia, Pennsylvania, USA"
no_expected_no_live,277904,Q2166986,P277904,Cuneiform Tablet N 2835,"CDLI artifact: tablet; from Nippur (mod. Nuffar); held by Penn Museum, Philadelphia, Pennsylvania, USA; CDLI P277904",N 2835,tablet,,,,,,,,,,Nippur (mod. Nuffar),"Penn Museum, Philadelphia, Pennsylvania, USA"
no_expected_no_live,277928,Q2162381,P277928,Cuneiform Tablet N 2859,"CDLI artifact: tablet; from Nippur (mod. Nuffar); held by Penn Museum, Philadelphia, Pennsylvania, USA; CDLI P277928",N 2859,tablet,,,,,,,,,,Nippur (mod. Nuffar),"Penn Museum, Philadelphia, Pennsylvania, USA"
no_expected_no_live,279449,Q2166767,P279449,Cuneiform Tablet N 4693,"CDLI artifact: tablet; from Nippur (mod. Nuffar); held by Penn Museum, Philadelphia, Pennsylvania, USA; CDLI P279449",N 4693,tablet,,,,,,,,,,Nippur (mod. Nuffar),"Penn Museum, Philadelphia, Pennsylvania, USA"
no_expected_no_live,280105,Q2162148,P280105,Cuneiform Tablet N 6341,"CDLI artifact: tablet; from Nippur (mod. Nuffar); held by Penn Museum, Philadelphia, Pennsylvania, USA; CDLI P280105",N 6341,tablet,,,,,,,,,,Nippur (mod. Nuffar),"Penn Museum, Philadelphia, Pennsylvania, USA"
no_expected_no_live,280129,Q2167250,P280129,Cuneiform Tablet N 6365,"CDLI artifact: tablet; from Nippur (mod. Nuffar); held by Penn Museum, Philadelphia, Pennsylvania, USA; CDLI P280129",N 6365,tablet,,,,,,,,,,Nippur (mod. Nuffar),"Penn Museum, Philadelphia, Pennsylvania, USA"
no_expected_no_live,280152,Q2164231,P280152,Cuneiform Tablet N 6388,"CDLI artifact: tablet; from Nippur (mod. Nuffar); held by Penn Museum, Philadelphia, Pennsylvania, USA; CDLI P280152",N 6388,tablet,,,,,,,,,,Nippur (mod. Nuffar),"Penn Museum, Philadelphia, Pennsylvania, USA"
no_expected_no_live,280168,Q2169492,P280168,Cuneiform Tablet N 6404,"CDLI artifact: tablet; from Nippur (mod. Nuffar); held by Penn Museum, Philadelphia, Pennsylvania, USA; CDLI P280168",N 6404,tablet,,,,,,,,,,Nippur (mod. Nuffar),"Penn Museum, Philadelphia, Pennsylvania, USA"
no_expected_no_live,280191,Q2047167,P280191,Cuneiform Tablet N 6427,"CDLI artifact: tablet; from Nippur (mod. Nuffar); held by Penn Museum, Philadelphia, Pennsylvania, USA; CDLI P280191",N 6427,tablet,,,,,,,,,,Nippur (mod. Nuffar),"Penn Museum, Philadelphia, Pennsylvania, USA"
no_expected_no_live,280200,Q2165305,P280200,Cuneiform Tablet N 6436,"CDLI artifact: tablet; from Nippur (mod. Nuffar); held by Penn Museum, Philadelphia, Pennsylvania, USA; CDLI P280200",N 6436,tablet,,,,,,,,,,Nippur (mod. Nuffar),"Penn Museum, Philadelphia, Pennsylvania, USA"
no_expected_no_live,280216,Q2170482,P280216,Cuneiform Tablet N 6452,"CDLI artifact: tablet; from Nippur (mod. Nuffar); held by Penn Museum, Philadelphia, Pennsylvania, USA; CDLI P280216",N 6452,tablet,,,,,,,,,,Nippur (mod. Nuffar),"Penn Museum, Philadelphia, Pennsylvania, USA"
no_expected_no_live,280241,Q2149056,P280241,Cuneiform Tablet N 6478,"CDLI artifact: tablet; from Nippur (mod. Nuffar); held by Penn Museum, Philadelphia, Pennsylvania, USA; CDLI P280241",N 6478,tablet,,,,,,,,,,Nippur (mod. Nuffar),"Penn Museum, Philadelphia, Pennsylvania, USA"
no_expected_no_live,280304,Q2167032,P280304,Cuneiform Tablet N 6544,"CDLI artifact: tablet; from Nippur (mod. Nuffar); held by Penn Museum, Philadelphia, Pennsylvania, USA; CDLI P280304",N 6544,tablet,,,,,,,,,,Nippur (mod. Nuffar),"Penn Museum, Philadelphia, Pennsylvania, USA"
no_expected_no_live,280410,Q2162479,P280410,Cuneiform Tablet N 6653,"CDLI artifact: tablet; from Nippur (mod. Nuffar); held by Penn Museum, Philadelphia, Pennsylvania, USA; CDLI P280410",N 6653,tablet,,,,,,,,,,Nippur (mod. Nuffar),"Penn Museum, Philadelphia, Pennsylvania, USA"
no_expected_no_live,280447,Q2165066,P280447,Cuneiform Tablet N 6691,"CDLI artifact: tablet; from Nippur (mod. Nuffar); held by Penn Museum, Philadelphia, Pennsylvania, USA; CDLI P280447",N 6691,tablet,,,,,,,,,,Nippur (mod. Nuffar),"Penn Museum, Philadelphia, Pennsylvania, USA"
no_expected_no_live,280484,Q2063947,P280484,Cuneiform Tablet N 6729,"CDLI artifact: tablet; from Nippur (mod. Nuffar); held by Penn Museum, Philadelphia, Pennsylvania, USA; CDLI P280484",N 6729,tablet,,,,,,,,,,Nippur (mod. Nuffar),"Penn Museum, Philadelphia, Pennsylvania, USA"
no_expected_no_live,280492,Q2169617,P280492,Cuneiform Tablet N 6737,"CDLI artifact: tablet; from Nippur (mod. Nuffar); held by Penn Museum, Philadelphia, Pennsylvania, USA; CDLI P280492",N 6737,tablet,,,,,,,,,,Nippur (mod. Nuffar),"Penn Museum, Philadelphia, Pennsylvania, USA"
no_expected_no_live,280502,Q2164063,P280502,Cuneiform Tablet N 6747,"CDLI artifact: tablet; from Nippur (mod. Nuffar); held by Penn Museum, Philadelphia, Pennsylvania, USA; CDLI P280502",N 6747,tablet,,,,,,,,,,Nippur (mod. Nuffar),"Penn Museum, Philadelphia, Pennsylvania, USA"
no_expected_no_live,280538,Q2169356,P280538,Cuneiform Tablet N 6787,"CDLI artifact: tablet; from Nippur (mod. Nuffar); held by Penn Museum, Philadelphia, Pennsylvania, USA; CDLI P280538",N 6787,tablet,,,,,,,,,,Nippur (mod. Nuffar),"Penn Museum, Philadelphia, Pennsylvania, USA"
no_expected_no_live,280555,Q2162282,P280555,Cuneiform Tablet N 6805,"CDLI artifact: tablet; from Nippur (mod. Nuffar); held by Penn Museum, Philadelphia, Pennsylvania, USA; CDLI P280555",N 6805,tablet,,,,,,,,,,Nippur (mod. Nuffar),"Penn Museum, Philadelphia, Pennsylvania, USA"
no_expected_no_live,280579,Q2167098,P280579,Cuneiform Tablet N 6830,"CDLI artifact: tablet; from Nippur (mod. Nuffar); held by Penn Museum, Philadelphia, Pennsylvania, USA; CDLI P280579",N 6830,tablet,,,,,,,,,,Nippur (mod. Nuffar),"Penn Museum, Philadelphia, Pennsylvania, USA"
no_expected_no_live,280596,Q2166908,P280596,Cuneiform Tablet N 6847,"CDLI artifact: tablet; from Nippur (mod. Nuffar); held by Penn Museum, Philadelphia, Pennsylvania, USA; CDLI P280596",N 6847,tablet,,,,,,,,,,Nippur (mod. Nuffar),"Penn Museum, Philadelphia, Pennsylvania, USA"
no_expected_no_live,280650,Q2165447,P280650,Cuneiform Tablet N 6901,"CDLI artifact: tablet; from Nippur (mod. Nuffar); held by Penn Museum, Philadelphia, Pennsylvania, USA; CDLI P280650",N 6901,tablet,,,,,,,,,,Nippur (mod. Nuffar),"Penn Museum, Philadelphia, Pennsylvania, USA"
no_expected_no_live,280703,Q2170561,P280703,Cuneiform Tablet N 6954,"CDLI artifact: tablet; from Nippur (mod. Nuffar); held by Penn Museum, Philadelphia, Pennsylvania, USA; CDLI P280703",N 6954,tablet,,,,,,,,,,Nippur (mod. Nuffar),"Penn Museum, Philadelphia, Pennsylvania, USA"
no_expected_no_live,280715,Q2166409,P280715,Cuneiform Tablet N 6966,"CDLI artifact: tablet; from Nippur (mod. Nuffar); held by Penn Museum, Philadelphia, Pennsylvania, USA; CDLI P280715",N 6966,tablet,,,,,,,,,,Nippur (mod. Nuffar),"Penn Museum, Philadelphia, Pennsylvania, USA"
no_expected_no_live,280742,Q2168237,P280742,Cuneiform Tablet N 6996,"CDLI artifact: tablet; from Nippur (mod. Nuffar); held by Penn Museum, Philadelphia, Pennsylvania, USA; CDLI P280742",N 6996,tablet,,,,,,,,,,Nippur (mod. Nuffar),"Penn Museum, Philadelphia, Pennsylvania, USA"
no_expected_no_live,280851,Q2164512,P280851,Cuneiform Tablet N 7110,"CDLI artifact: tablet; from Nippur (mod. Nuffar); held by Penn Museum, Philadelphia, Pennsylvania, USA; CDLI P280851",N 7110,tablet,,,,,,,,,,Nippur (mod. Nuffar),"Penn Museum, Philadelphia, Pennsylvania, USA"
no_expected_no_live,280892,Q2047795,P280892,Cuneiform Tablet N 7153,"CDLI artifact: tablet; from Nippur (mod. Nuffar); held by Penn Museum, Philadelphia, Pennsylvania, USA; CDLI P280892",N 7153,tablet,,,,,,,,,,Nippur (mod. Nuffar),"Penn Museum, Philadelphia, Pennsylvania, USA"
no_expected_no_live,280914,Q2164924,P280914,Cuneiform Tablet N 7179,"CDLI artifact: tablet; from Nippur (mod. Nuffar); held by Penn Museum, Philadelphia, Pennsylvania, USA; CDLI P280914",N 7179,tablet,,,,,,,,,,Nippur (mod. Nuffar),"Penn Museum, Philadelphia, Pennsylvania, USA"
no_expected_no_live,280938,Q2047409,P280938,Cuneiform Tablet N 7204,"CDLI artifact: tablet; from Nippur (mod. Nuffar); held by Penn Museum, Philadelphia, Pennsylvania, USA; CDLI P280938",N 7204,tablet,,,,,,,,,,Nippur (mod. Nuffar),"Penn Museum, Philadelphia, Pennsylvania, USA"
no_expected_no_live,280943,Q2162610,P280943,Cuneiform Tablet N 7209,"CDLI artifact: tablet; from Nippur (mod. Nuffar); held by Penn Museum, Philadelphia, Pennsylvania, USA; CDLI P280943",N 7209,tablet,,,,,,,,,,Nippur (mod. Nuffar),"Penn Museum, Philadelphia, Pennsylvania, USA"
no_expected_no_live,280980,Q2167418,P280980,Cuneiform Tablet N 7246,"CDLI artifact: tablet; from Nippur (mod. Nuffar); held by Penn Museum, Philadelphia, Pennsylvania, USA; CDLI P280980",N 7246,tablet,,,,,,,,,,Nippur (mod. Nuffar),"Penn Museum, Philadelphia, Pennsylvania, USA"
no_expected_no_live,281016,Q2167714,P281016,Cuneiform Tablet N 7283,"CDLI artifact: tablet; from Nippur (mod. Nuffar); held by Penn Museum, Philadelphia, Pennsylvania, USA; CDLI P281016",N 7283,tablet,,,,,,,,,,Nippur (mod. Nuffar),"Penn Museum, Philadelphia, Pennsylvania, USA"
no_expected_no_live,281041,Q2165744,P281041,Cuneiform Tablet N 7308,"CDLI artifact: tablet; from Nippur (mod. Nuffar); held by Penn Museum, Philadelphia, Pennsylvania, USA; CDLI P281041",N 7308,tablet,,,,,,,,,,Nippur (mod. Nuffar),"Penn Museum, Philadelphia, Pennsylvania, USA"
no_expected_no_live,281104,Q2166114,P281104,Cuneiform Tablet N 7372,"CDLI artifact: tablet; from Nippur (mod. Nuffar); held by Penn Museum, Philadelphia, Pennsylvania, USA; CDLI P281104",N 7372,tablet,,,,,,,,,,Nippur (mod. Nuffar),"Penn Museum, Philadelphia, Pennsylvania, USA"
no_expected_no_live,281153,Q2168517,P281153,Cuneiform Tablet N 7421,"CDLI artifact: tablet; from Nippur (mod. Nuffar); held by Penn Museum, Philadelphia, Pennsylvania, USA; CDLI P281153",N 7421,tablet,,,,,,,,,,Nippur (mod. Nuffar),"Penn Museum, Philadelphia, Pennsylvania, USA"
no_expected_no_live,281256,Q2164733,P281256,Cuneiform Tablet N 7527,"CDLI artifact: tablet; from Nippur (mod. Nuffar); held by Penn Museum, Philadelphia, Pennsylvania, USA; CDLI P281256",N 7527,tablet,,,,,,,,,,Nippur (mod. Nuffar),"Penn Museum, Philadelphia, Pennsylvania, USA"
no_expected_no_live,281283,Q2169933,P281283,Cuneiform Tablet N 7554,"CDLI artifact: tablet; from Nippur (mod. Nuffar); held by Penn Museum, Philadelphia, Pennsylvania, USA; CDLI P281283",N 7554,tablet,,,,,,,,,,Nippur (mod. Nuffar),"Penn Museum, Philadelphia, Pennsylvania, USA"
no_expected_no_live,281295,Q2047965,P281295,Cuneiform Tablet N 7566,"CDLI artifact: tablet; from Nippur (mod. Nuffar); held by Penn Museum, Philadelphia, Pennsylvania, USA; CDLI P281295",N 7566,tablet,,,,,,,,,,Nippur (mod. Nuffar),"Penn Museum, Philadelphia, Pennsylvania, USA"
no_expected_no_live,281313,Q2164371,P281313,Cuneiform Tablet N 7585,"CDLI artifact: tablet; from Nippur (mod. Nuffar); held by Penn Museum, Philadelphia, Pennsylvania, USA; CDLI P281313",N 7585,tablet,,,,,,,,,,Nippur (mod. Nuffar),"Penn Museum, Philadelphia, Pennsylvania, USA"
no_expected_no_live,281329,Q2169674,P281329,Cuneiform Tablet N 7601,"CDLI artifact: tablet; from Nippur (mod. Nuffar); held by Penn Museum, Philadelphia, Pennsylvania, USA; CDLI P281329",N 7601,tablet,,,,,,,,,,Nippur (mod. Nuffar),"Penn Museum, Philadelphia, Pennsylvania, USA"
no_expected_no_live,281368,Q2167375,P281368,Cuneiform Tablet N 7640,"CDLI artifact: tablet; from Nippur (mod. Nuffar); held by Penn Museum, Philadelphia, Pennsylvania, USA; CDLI P281368",N 7640,tablet,,,,,,,,,,Nippur (mod. Nuffar),"Penn Museum, Philadelphia, Pennsylvania, USA"
no_expected_no_live,281387,Q2166631,P281387,Cuneiform Tablet N 7659,"CDLI artifact: tablet; from Nippur (mod. Nuffar); held by Penn Museum, Philadelphia, Pennsylvania, USA; CDLI P281387",N 7659,tablet,,,,,,,,,,Nippur (mod. Nuffar),"Penn Museum, Philadelphia, Pennsylvania, USA"
no_expected_no_live,281446,Q2167877,P281446,Cuneiform Tablet N 7722,"CDLI artifact: tablet; from Nippur (mod. Nuffar); held by Penn Museum, Philadelphia, Pennsylvania, USA; CDLI P281446",N 7722,tablet,,,,,,,,,,Nippur (mod. Nuffar),"Penn Museum, Philadelphia, Pennsylvania, USA"
no_expected_no_live,281450,Q2154684,P281450,Cuneiform Tablet N 7726,"CDLI artifact: tablet; from Nippur (mod. Nuffar); held by Penn Museum, Philadelphia, Pennsylvania, USA; CDLI P281450",N 7726,tablet,,,,,,,,,,Nippur (mod. Nuffar),"Penn Museum, Philadelphia, Pennsylvania, USA"
no_expected_no_live,281503,Q1928062,P281503,Cuneiform Tablet N 7779,"CDLI artifact: tablet; from Nippur (mod. Nuffar); held by Penn Museum, Philadelphia, Pennsylvania, USA; CDLI P281503",N 7779,tablet,,,,,,,,,,Nippur (mod. Nuffar),"Penn Museum, Philadelphia, Pennsylvania, USA"
no_expected_no_live,281515,Q2161881,P281515,Cuneiform Tablet N 7791,"CDLI artifact: tablet; from Nippur (mod. Nuffar); held by Penn Museum, Philadelphia, Pennsylvania, USA; CDLI P281515",N 7791,tablet,,,,,,,,,,Nippur (mod. Nuffar),"Penn Museum, Philadelphia, Pennsylvania, USA"
no_expected_no_live,281554,Q2165974,P281554,Cuneiform Tablet N 7830,"CDLI artifact: tablet; from Nippur (mod. Nuffar); held by Penn Museum, Philadelphia, Pennsylvania, USA; CDLI P281554",N 7830,tablet,,,,,,,,,,Nippur (mod. Nuffar),"Penn Museum, Philadelphia, Pennsylvania, USA"
no_expected_no_live,281606,Q2164936,P281606,Cuneiform Tablet N 7882,"CDLI artifact: tablet; from Nippur (mod. Nuffar); held by Penn Museum, Philadelphia, Pennsylvania, USA; CDLI P281606",N 7882,tablet,,,,,,,,,,Nippur (mod. Nuffar),"Penn Museum, Philadelphia, Pennsylvania, USA"
no_expected_no_live,281651,Q2162632,P281651,Cuneiform Tablet N 7928,"CDLI artifact: tablet; from Nippur (mod. Nuffar); held by Penn Museum, Philadelphia, Pennsylvania, USA; CDLI P281651",N 7928,tablet,,,,,,,,,,Nippur (mod. Nuffar),"Penn Museum, Philadelphia, Pennsylvania, USA"
no_expected_no_live,285106,Q2165425,P285106,"Cuneiform Tablet BAM 1, 001","CDLI artifact: tablet; from Assur (mod. Qalat Sherqat); held by Vorderasiatisches Museum, Berlin, Germany; CDLI P285106","BAM 1, 001",tablet,,,,,,,,,,Assur (mod. Qalat Sherqat),"Vorderasiatisches Museum, Berlin, Germany"
no_expected_no_live,285110,Q2168497,P285110,"Cuneiform Tablet BAM 1, 006","CDLI artifact: tablet; held by Vorderasiatisches Museum, Berlin, Germany; CDLI P285110","BAM 1, 006",tablet,,,,,,,,,,,"Vorderasiatisches Museum, Berlin, Germany"
no_expected_no_live,285147,Q2166212,P285147,"Cuneiform Tablet BAM 1, 047","CDLI artifact: tablet; held by Vorderasiatisches Museum, Berlin, Germany; CDLI P285147","BAM 1, 047",tablet,,,,,,,,,,,"Vorderasiatisches Museum, Berlin, Germany"
no_expected_no_live,285242,Q2162439,P285242,"Cuneiform Tablet BAM 2, 146","CDLI artifact: tablet; held by Vorderasiatisches Museum, Berlin, Germany; CDLI P285242","BAM 2, 146",tablet,,,,,,,,,,,"Vorderasiatisches Museum, Berlin, Germany"
no_expected_no_live,285307,Q2162093,P285307,"Cuneiform Tablet BAM 3, 220","CDLI artifact: tablet; held by Vorderasiatisches Museum, Berlin, Germany; CDLI P285307","BAM 3, 220",tablet,,,,,,,,,,,"Vorderasiatisches Museum, Berlin, Germany"
no_expected_no_live,285350,Q2164327,P285350,"Cuneiform Tablet BAM 3, 266","CDLI artifact: tablet; held by Vorderasiatisches Museum, Berlin, Germany; CDLI P285350","BAM 3, 266",tablet,,,,,,,,,,,"Vorderasiatisches Museum, Berlin, Germany"
no_expected_no_live,285385,Q2169154,P285385,"Cuneiform Tablet BAM 3, 301","CDLI artifact: tablet; held by Vorderasiatisches Museum, Berlin, Germany; CDLI P285385","BAM 3, 301",tablet,,,,,,,,,,,"Vorderasiatisches Museum, Berlin, Germany"
no_expected_no_live,285393,Q2047060,P285393,"Cuneiform Tablet BAM 3, 309","CDLI artifact: tablet; held by Vorderasiatisches Museum, Berlin, Germany; CDLI P285393","BAM 3, 309",tablet,,,,,,,,,,,"Vorderasiatisches Museum, Berlin, Germany"
no_expected_no_live,285444,Q2170236,P285444,"Cuneiform Tablet BAM 4, 373",CDLI artifact: tablet; from Assur (mod. Qalat Sherqat); CDLI P285444,"BAM 4, 373",tablet,,,,,,,,,,Assur (mod. Qalat Sherqat),
no_expected_no_live,285501,Q2170584,P285501,Cuneiform Tablet KAV 018,"CDLI artifact: tablet; from Assur (mod. Qalat Sherqat); held by Vorderasiatisches Museum, Berlin, Germany; CDLI P285501",KAV 018,tablet,,,,,,,,,,Assur (mod. Qalat Sherqat),"Vorderasiatisches Museum, Berlin, Germany"
no_expected_no_live,285517,Q2166394,P285517,Cuneiform Tablet KAV 041,"CDLI artifact: tablet; from Assur (mod. Qalat Sherqat); held by Vorderasiatisches Museum, Berlin, Germany; CDLI P285517",KAV 041,tablet,,,,,,,,,,Assur (mod. Qalat Sherqat),"Vorderasiatisches Museum, Berlin, Germany"
no_expected_no_live,285540,Q2168350,P285540,Cuneiform Tablet KAV 064,"CDLI artifact: tablet; from Assur (mod. Qalat Sherqat); held by Vorderasiatisches Museum, Berlin, Germany; CDLI P285540",KAV 064,tablet,,,,,,,,,,Assur (mod. Qalat Sherqat),"Vorderasiatisches Museum, Berlin, Germany"
no_expected_no_live,285583,Q2163549,P285583,Cuneiform Tablet KAV 131,"CDLI artifact: tablet; from Assur (mod. Qalat Sherqat); held by Vorderasiatisches Museum, Berlin, Germany; CDLI P285583",KAV 131,tablet,,,,,,,,,,Assur (mod. Qalat Sherqat),"Vorderasiatisches Museum, Berlin, Germany"
no_expected_no_live,285612,Q2162590,P285612,Cuneiform Tablet KAV 184,"CDLI artifact: tablet; from Assur (mod. Qalat Sherqat); held by Vorderasiatisches Museum, Berlin, Germany; CDLI P285612",KAV 184,tablet,,,,,,,,,,Assur (mod. Qalat Sherqat),"Vorderasiatisches Museum, Berlin, Germany"
no_expected_no_live,285956,Q2167838,P285956,"Cuneiform Tablet CT 51, 094","CDLI artifact: tablet; from uncertain (mod. uncertain); held by British Museum, London, UK; CDLI P285956","CT 51, 094",tablet,,,,,,,,,,uncertain (mod. uncertain),"British Museum, London, UK"
no_expected_no_live,285995,Q2163181,P285995,"Cuneiform Tablet CT 51, 133","CDLI artifact: tablet; from uncertain (mod. uncertain); held by British Museum, London, UK; CDLI P285995","CT 51, 133",tablet,,,,,,,,,,uncertain (mod. uncertain),"British Museum, London, UK"
no_expected_no_live,286012,Q2166495,P286012,"Cuneiform Tablet CT 51, 151","CDLI artifact: tablet; from Nineveh (mod. Kuyunjik); held by British Museum, London, UK; CDLI P286012","CT 51, 151",tablet,,,,,,,,,,Nineveh (mod. Kuyunjik),"British Museum, London, UK"
no_expected_no_live,286053,Q2168820,P286053,"Cuneiform Tablet CT 51, 192","CDLI artifact: tablet; from Nineveh (mod. Kuyunjik); held by British Museum, London, UK; CDLI P286053","CT 51, 192",tablet,,,,,,,,,,Nineveh (mod. Kuyunjik),"British Museum, London, UK"
no_expected_no_live,286069,Q2164719,P286069,"Cuneiform Tablet CT 51, 208","CDLI artifact: tablet; from Nineveh (mod. Kuyunjik); held by British Museum, London, UK; CDLI P286069","CT 51, 208",tablet,,,,,,,,,,Nineveh (mod. Kuyunjik),"British Museum, London, UK"
no_expected_no_live,286291,Q2165970,P286291,Cuneiform Tablet YBC 13234,"CDLI artifact: tablet; held by Yale Babylonian Collection, New Haven, Connecticut, USA; CDLI P286291",YBC 13234,tablet,,,,,,,,,,,"Yale Babylonian Collection, New Haven, Connecticut, USA"
no_expected_no_live,301625,Q2165415,P301625,Cuneiform Tablet NBC 10726,"CDLI artifact: tablet; from Nippur (mod. Nuffar); held by Nies Babylonian Collection, Yale Babylonian Collection, New Haven, Connecticut, USA; CDLI P301625",NBC 10726,tablet,,,,,,,,,,Nippur (mod. Nuffar),"Nies Babylonian Collection, Yale Babylonian Collection, New Haven, Connecticut, USA"
no_expected_no_live,310425,Q2151315,P310425,Cuneiform Tablet YBC 09893,"CDLI artifact: tablet; held by Yale Babylonian Collection, New Haven, Connecticut, USA; CDLI P310425",YBC 09893,tablet,,,,,,,,,,,"Yale Babylonian Collection, New Haven, Connecticut, USA"
no_expected_no_live,329318,Q2154860,P329318,Cuneiform Tablet CUNES 52-10-131,"CDLI artifact: tablet; held by Department of Near Eastern Studies, Cornell University, Ithaca, New York, USA; CDLI P329318",CUNES 52-10-131,tablet,,,,,,,,,,,"Department of Near Eastern Studies, Cornell University, Ithaca, New York, USA"
no_expected_no_live,329322,Q2163871,P329322,Cuneiform Tablet CUNES 52-18-130,"CDLI artifact: tablet; held by Department of Near Eastern Studies, Cornell University, Ithaca, New York, USA; CDLI P329322",CUNES 52-18-130,tablet,,,,,,,,,,,"Department of Near Eastern Studies, Cornell University, Ithaca, New York, USA"
no_expected_no_live,329359,Q2165729,P329359,Cuneiform Tablet CUNES 53-02-152,"CDLI artifact: tablet; held by Department of Near Eastern Studies, Cornell University, Ithaca, New York, USA; CDLI P329359",CUNES 53-02-152,tablet,,,,,,,,,,,"Department of Near Eastern Studies, Cornell University, Ithaca, New York, USA"
no_expected_no_live,329836,Q2166911,P329836,Cuneiform Tablet CUNES 48-10-271,"CDLI artifact: tablet; from uncertain (mod. uncertain); held by Department of Near Eastern Studies, Cornell University, Ithaca, New York, USA; CDLI P329836",CUNES 48-10-271,tablet,,,,,,,,,,uncertain (mod. uncertain),"Department of Near Eastern Studies, Cornell University, Ithaca, New York, USA"
no_expected_no_live,330206,Q2063600,P330206,Cuneiform Tablet Christie's Erlenmeyer no. 68d,"CDLI artifact: tablet; held by Erlenmeyer, Basel, Switzerland (dispersed); CDLI P330206",Christie's Erlenmeyer no. 68d,tablet,,,,,,,,,,,"Erlenmeyer, Basel, Switzerland (dispersed)"
no_expected_no_live,333345,Q2152025,P333345,Cuneiform Artifact CDLI Seals 001384 (physical),"CDLI artifact: Cylinder seal; from Adab (mod. Bismaya); held by Institute for the Study of Ancient Cultures West Asia & North Africa Museum, Chicago, Illinois, USA; CDLI P333345",CDLI Seals 001384 (physical),Cylinder seal,,,,,,,,,,Adab (mod. Bismaya),"Institute for the Study of Ancient Cultures West Asia & North Africa Museum, Chicago, Illinois, USA"
no_expected_no_live,341892,Q2165664,P341892,Cuneiform Tablet NMSA 3499,"CDLI artifact: tablet; held by National Museum of Syria, Aleppo, Syria; CDLI P341892",NMSA 3499,tablet,,,,,,,,,,,"National Museum of Syria, Aleppo, Syria"
no_expected_no_live,342545,Q2164430,P342545,Cuneiform Tablet MW 0188/054,"CDLI artifact: tablet; from uncertain (mod. uncertain); held by anonymous, Europe; CDLI P342545",MW 0188/054,tablet,,,,,,,,,,uncertain (mod. uncertain),"anonymous, Europe"
no_expected_no_live,342569,Q2063722,P342569,Cuneiform Tablet MW 0188/078,"CDLI artifact: tablet; from uncertain (mod. uncertain); held by anonymous, Europe; CDLI P342569",MW 0188/078,tablet,,,,,,,,,,uncertain (mod. uncertain),"anonymous, Europe"
no_expected_no_live,342586,Q2047300,P342586,Cuneiform Tablet MW 0188/095,"CDLI artifact: tablet; from uncertain (mod. uncertain); held by anonymous, Europe; CDLI P342586",MW 0188/095,tablet,,,,,,,,,,uncertain (mod. uncertain),"anonymous, Europe"
no_expected_no_live,342590,Q2169051,P342590,Cuneiform Tablet MW 0188/099,"CDLI artifact: tablet; from uncertain (mod. uncertain); held by anonymous, Europe; CDLI P342590",MW 0188/099,tablet,,,,,,,,,,uncertain (mod. uncertain),"anonymous, Europe"
no_expected_no_live,342601,Q2170014,P342601,Cuneiform Tablet MW 0188/110,"CDLI artifact: tablet; from uncertain (mod. uncertain); held by anonymous, Europe; CDLI P342601",MW 0188/110,tablet,,,,,,,,,,uncertain (mod. uncertain),"anonymous, Europe"
no_expected_no_live,342617,Q2165829,P342617,Cuneiform Tablet MW 0188/126,"CDLI artifact: tablet; from uncertain (mod. uncertain); held by anonymous, Europe; CDLI P342617",MW 0188/126,tablet,,,,,,,,,,uncertain (mod. uncertain),"anonymous, Europe"
no_expected_no_live,342752,Q2166025,P342752,Cuneiform Tablet NYPLC 305,"CDLI artifact: tablet; held by New York Public Library, New York, New York, USA; CDLI P342752",NYPLC 305,tablet,,,,,,,,,,,"New York Public Library, New York, New York, USA"
no_expected_no_live,343817,Q1362555,P343817,Cuneiform Tablet PRAK A 011,"CDLI artifact: tablet; from Kish (mod. Tell Uhaimir); held by Arkeoloji Müzeleri, Istanbul, Turkey; CDLI P343817",PRAK A 011,tablet,,,,,,,,,,Kish (mod. Tell Uhaimir),"Arkeoloji Müzeleri, Istanbul, Turkey"
no_expected_no_live,343840,Q2166050,P343840,Cuneiform Tablet PRAK B 023,"CDLI artifact: tablet; from Kish (mod. Tell Uhaimir); held by Arkeoloji Müzeleri, Istanbul, Turkey; CDLI P343840",PRAK B 023,tablet,,,,,,,,,,Kish (mod. Tell Uhaimir),"Arkeoloji Müzeleri, Istanbul, Turkey"
no_expected_no_live,343913,Q2169979,P343913,Cuneiform Tablet PRAK B 096,"CDLI artifact: tablet; from Kish (mod. Tell Uhaimir); held by Arkeoloji Müzeleri, Istanbul, Turkey; CDLI P343913",PRAK B 096,tablet,,,,,,,,,,Kish (mod. Tell Uhaimir),"Arkeoloji Müzeleri, Istanbul, Turkey"
no_expected_no_live,343952,Q2167656,P343952,Cuneiform Tablet PRAK B 135,"CDLI artifact: tablet; from Kish (mod. Tell Uhaimir); held by Arkeoloji Müzeleri, Istanbul, Turkey; CDLI P343952",PRAK B 135,tablet,,,,,,,,,,Kish (mod. Tell Uhaimir),"Arkeoloji Müzeleri, Istanbul, Turkey"
no_expected_no_live,344055,Q2166849,P344055,Cuneiform Tablet PRAK B 239,"CDLI artifact: tablet; from Kish (mod. Tell Uhaimir); held by Arkeoloji Müzeleri, Istanbul, Turkey; CDLI P344055",PRAK B 239,tablet,,,,,,,,,,Kish (mod. Tell Uhaimir),"Arkeoloji Müzeleri, Istanbul, Turkey"
no_expected_no_live,344079,Q2162526,P344079,Cuneiform Tablet PRAK B 263,"CDLI artifact: tablet; from Kish (mod. Tell Uhaimir); held by Arkeoloji Müzeleri, Istanbul, Turkey; CDLI P344079",PRAK B 263,tablet,,,,,,,,,,Kish (mod. Tell Uhaimir),"Arkeoloji Müzeleri, Istanbul, Turkey"
no_expected_no_live,344110,Q2167069,P344110,Cuneiform Tablet PRAK B 294,"CDLI artifact: tablet; from Kish (mod. Tell Uhaimir); held by Arkeoloji Müzeleri, Istanbul, Turkey; CDLI P344110",PRAK B 294,tablet,,,,,,,,,,Kish (mod. Tell Uhaimir),"Arkeoloji Müzeleri, Istanbul, Turkey"
no_expected_no_live,344184,Q2165170,P344184,Cuneiform Tablet PRAK B 368,"CDLI artifact: tablet; from Kish (mod. Tell Uhaimir); held by Arkeoloji Müzeleri, Istanbul, Turkey; CDLI P344184",PRAK B 368,tablet,,,,,,,,,,Kish (mod. Tell Uhaimir),"Arkeoloji Müzeleri, Istanbul, Turkey"
no_expected_no_live,344281,Q2168466,P344281,Cuneiform Tablet PRAK B 464,"CDLI artifact: tablet; from Kish (mod. Tell Uhaimir); held by Arkeoloji Müzeleri, Istanbul, Turkey; CDLI P344281",PRAK B 464,tablet,,,,,,,,,,Kish (mod. Tell Uhaimir),"Arkeoloji Müzeleri, Istanbul, Turkey"
no_expected_no_live,344307,Q2163443,P344307,Cuneiform Tablet PRAK A 015,"CDLI artifact: tablet; from Kish (mod. Tell Uhaimir); held by Arkeoloji Müzeleri, Istanbul, Turkey; CDLI P344307",PRAK A 015,tablet,,,,,,,,,,Kish (mod. Tell Uhaimir),"Arkeoloji Müzeleri, Istanbul, Turkey"
no_expected_no_live,344385,Q2170432,P344385,Cuneiform Tablet PRAK A 093,"CDLI artifact: tablet; from Kish (mod. Tell Uhaimir); held by Arkeoloji Müzeleri, Istanbul, Turkey; CDLI P344385",PRAK A 093,tablet,,,,,,,,,,Kish (mod. Tell Uhaimir),"Arkeoloji Müzeleri, Istanbul, Turkey"
no_expected_no_live,344405,Q2166980,P344405,Cuneiform Tablet PRAK A 113,"CDLI artifact: tablet; from Kish (mod. Tell Uhaimir); held by Arkeoloji Müzeleri, Istanbul, Turkey; CDLI P344405",PRAK A 113,tablet,,,,,,,,,,Kish (mod. Tell Uhaimir),"Arkeoloji Müzeleri, Istanbul, Turkey"
no_expected_no_live,344429,Q2162373,P344429,Cuneiform Tablet PRAK A 137,"CDLI artifact: tablet; from Kish (mod. Tell Uhaimir); held by Arkeoloji Müzeleri, Istanbul, Turkey; CDLI P344429",PRAK A 137,tablet,,,,,,,,,,Kish (mod. Tell Uhaimir),"Arkeoloji Müzeleri, Istanbul, Turkey"
no_expected_no_live,344444,Q2169329,P344444,Cuneiform Tablet PRAK A 152,"CDLI artifact: tablet; from Kish (mod. Tell Uhaimir); held by Arkeoloji Müzeleri, Istanbul, Turkey; CDLI P344444",PRAK A 152,tablet,,,,,,,,,,Kish (mod. Tell Uhaimir),"Arkeoloji Müzeleri, Istanbul, Turkey"
no_expected_no_live,344452,Q2018243,P344452,Cuneiform Tablet PRAK A 160,"CDLI artifact: tablet; from Kish (mod. Tell Uhaimir); held by Arkeoloji Müzeleri, Istanbul, Turkey; CDLI P344452",PRAK A 160,tablet,,,,,,,,,,Kish (mod. Tell Uhaimir),"Arkeoloji Müzeleri, Istanbul, Turkey"
no_expected_no_live,344491,Q2164140,P344491,Cuneiform Tablet PRAK A 199,"CDLI artifact: tablet; from Kish (mod. Tell Uhaimir); held by Arkeoloji Müzeleri, Istanbul, Turkey; CDLI P344491",PRAK A 199,tablet,,,,,,,,,,Kish (mod. Tell Uhaimir),"Arkeoloji Müzeleri, Istanbul, Turkey"
no_expected_no_live,344501,Q2169538,P344501,Cuneiform Tablet PRAK A 209,"CDLI artifact: tablet; from Kish (mod. Tell Uhaimir); held by Arkeoloji Müzeleri, Istanbul, Turkey; CDLI P344501",PRAK A 209,tablet,,,,,,,,,,Kish (mod. Tell Uhaimir),"Arkeoloji Müzeleri, Istanbul, Turkey"
no_expected_no_live,344517,Q2143300,P344517,Cuneiform Tablet PRAK A 225,"CDLI artifact: tablet; from Kish (mod. Tell Uhaimir); held by Arkeoloji Müzeleri, Istanbul, Turkey; CDLI P344517",PRAK A 225,tablet,,,,,,,,,,Kish (mod. Tell Uhaimir),"Arkeoloji Müzeleri, Istanbul, Turkey"
no_expected_no_live,344540,Q2167202,P344540,Cuneiform Tablet PRAK A 248,"CDLI artifact: tablet; from Kish (mod. Tell Uhaimir); held by Arkeoloji Müzeleri, Istanbul, Turkey; CDLI P344540",PRAK A 248,tablet,,,,,,,,,,Kish (mod. Tell Uhaimir),"Arkeoloji Müzeleri, Istanbul, Turkey"
no_expected_no_live,344583,Q2162541,P344583,Cuneiform Tablet PRAK A 291,"CDLI artifact: tablet; from Kish (mod. Tell Uhaimir); held by Arkeoloji Müzeleri, Istanbul, Turkey; CDLI P344583",PRAK A 291,tablet,,,,,,,,,,Kish (mod. Tell Uhaimir),"Arkeoloji Müzeleri, Istanbul, Turkey"
no_expected_no_live,344612,Q2163483,P344612,Cuneiform Tablet PRAK A 320,"CDLI artifact: tablet; from Kish (mod. Tell Uhaimir); held by Arkeoloji Müzeleri, Istanbul, Turkey; CDLI P344612",PRAK A 320,tablet,,,,,,,,,,Kish (mod. Tell Uhaimir),"Arkeoloji Müzeleri, Istanbul, Turkey"
no_expected_no_live,344628,Q2148570,P344628,Cuneiform Tablet PRAK A 336,"CDLI artifact: tablet; from Kish (mod. Tell Uhaimir); held by Arkeoloji Müzeleri, Istanbul, Turkey; CDLI P344628",PRAK A 336,tablet,,,,,,,,,,Kish (mod. Tell Uhaimir),"Arkeoloji Müzeleri, Istanbul, Turkey"
no_expected_no_live,344669,Q2165326,P344669,Cuneiform Tablet PRAK A 377,"CDLI artifact: tablet; from Kish (mod. Tell Uhaimir); held by Arkeoloji Müzeleri, Istanbul, Turkey; CDLI P344669",PRAK A 377,tablet,,,,,,,,,,Kish (mod. Tell Uhaimir),"Arkeoloji Müzeleri, Istanbul, Turkey"
no_expected_no_live,344686,Q2166326,P344686,Cuneiform Tablet PRAK A 394,"CDLI artifact: tablet; from Kish (mod. Tell Uhaimir); held by Arkeoloji Müzeleri, Istanbul, Turkey; CDLI P344686",PRAK A 394,tablet,,,,,,,,,,Kish (mod. Tell Uhaimir),"Arkeoloji Müzeleri, Istanbul, Turkey"
no_expected_no_live,344690,Q2170635,P344690,Cuneiform Tablet PRAK A 398,"CDLI artifact: tablet; from Kish (mod. Tell Uhaimir); held by Arkeoloji Müzeleri, Istanbul, Turkey; CDLI P344690",PRAK A 398,tablet,,,,,,,,,,Kish (mod. Tell Uhaimir),"Arkeoloji Müzeleri, Istanbul, Turkey"
no_expected_no_live,344757,Q2163275,P344757,Cuneiform Tablet PRAK A 460bis,"CDLI artifact: tablet; from Kish (mod. Tell Uhaimir); held by Arkeoloji Müzeleri, Istanbul, Turkey; CDLI P344757",PRAK A 460bis,tablet,,,,,,,,,,Kish (mod. Tell Uhaimir),"Arkeoloji Müzeleri, Istanbul, Turkey"
no_expected_no_live,344782,Q2153579,P344782,Cuneiform Tablet PRAK A 477,"CDLI artifact: tablet; from Kish (mod. Tell Uhaimir); held by Arkeoloji Müzeleri, Istanbul, Turkey; CDLI P344782",PRAK A 477,tablet,,,,,,,,,,Kish (mod. Tell Uhaimir),"Arkeoloji Müzeleri, Istanbul, Turkey"
no_expected_no_live,344794,Q2167928,P344794,Cuneiform Tablet PRAK A 489,"CDLI artifact: tablet; from Kish (mod. Tell Uhaimir); held by Arkeoloji Müzeleri, Istanbul, Turkey; CDLI P344794",PRAK A 489,tablet,,,,,,,,,,Kish (mod. Tell Uhaimir),"Arkeoloji Müzeleri, Istanbul, Turkey"
no_expected_no_live,344813,Q2167341,P344813,Cuneiform Tablet PRAK A 508,"CDLI artifact: tablet; from Kish (mod. Tell Uhaimir); held by Arkeoloji Müzeleri, Istanbul, Turkey; CDLI P344813",PRAK A 508,tablet,,,,,,,,,,Kish (mod. Tell Uhaimir),"Arkeoloji Müzeleri, Istanbul, Turkey"
no_expected_no_live,344868,Q2164392,P344868,Cuneiform Tablet PRAK A 582bis,"CDLI artifact: tablet; from Kish (mod. Tell Uhaimir); held by Arkeoloji Müzeleri, Istanbul, Turkey; CDLI P344868",PRAK A 582bis,tablet,,,,,,,,,,Kish (mod. Tell Uhaimir),"Arkeoloji Müzeleri, Istanbul, Turkey"
no_expected_no_live,344956,Q2166548,P344956,Cuneiform Tablet PRAK C 082,"CDLI artifact: tablet; from Kish (mod. Tell Uhaimir); held by Louvre Museum, Paris, France; CDLI P344956",PRAK C 082,tablet,,,,,,,,,,Kish (mod. Tell Uhaimir),"Louvre Museum, Paris, France"
no_expected_no_live,345003,Q2007838,P345003,Cuneiform Tablet PRAK C 130,"tablet from an unspecified location, dated to an unspecified period and currently held in the louvre museum, paris, france.",PRAK C 130,tablet,,,,,,,,,,Kish (mod. Tell Uhaimir),"Louvre Museum, Paris, France"
no_expected_no_live,346438,Q2166989,P346438,"Cuneiform Tablet UET 6, 0395","CDLI artifact: tablet; from Ur (mod. Tell Muqayyar); held by British Museum, London, UK; CDLI P346438","UET 6, 0395",tablet,,,,,,,,,,Ur (mod. Tell Muqayyar),"British Museum, London, UK"
no_expected_no_live,346443,Q2165248,P346443,"Cuneiform Tablet UET 6, 0402","CDLI artifact: tablet; from Ur (mod. Tell Muqayyar); held by British Museum, London, UK; CDLI P346443","UET 6, 0402",tablet,,,,,,,,,,Ur (mod. Tell Muqayyar),"British Museum, London, UK"
no_expected_no_live,347141,Q2161521,P347141,"Cuneiform Tablet VS 24, 022","CDLI artifact: tablet; from Babylon (mod. Bābil); held by Vorderasiatisches Museum, Berlin, Germany; CDLI P347141","VS 24, 022",tablet,,,,,,,,,,Babylon (mod. Bābil),"Vorderasiatisches Museum, Berlin, Germany"
no_expected_no_live,347194,Q2164028,P347194,"Cuneiform Tablet VS 24, 075","CDLI artifact: tablet; from Babylon (mod. Bābil); held by Vorderasiatisches Museum, Berlin, Germany; CDLI P347194","VS 24, 075",tablet,,,,,,,,,,Babylon (mod. Bābil),"Vorderasiatisches Museum, Berlin, Germany"
no_expected_no_live,347205,Q2162645,P347205,"Cuneiform Tablet VS 24, 086","CDLI artifact: tablet; from Babylon (mod. Bābil); held by Vorderasiatisches Museum, Berlin, Germany; CDLI P347205","VS 24, 086",tablet,,,,,,,,,,Babylon (mod. Bābil),"Vorderasiatisches Museum, Berlin, Germany"
no_expected_no_live,347229,Q2166697,P347229,"Cuneiform Tablet VS 24, 110","CDLI artifact: tablet; from Babylon (mod. Bābil); held by Vorderasiatisches Museum, Berlin, Germany; CDLI P347229","VS 24, 110",tablet,,,,,,,,,,Babylon (mod. Bābil),"Vorderasiatisches Museum, Berlin, Germany"
no_expected_no_live,349309,Q2164338,P349309,"Cuneiform Tablet AUWE 23, 316","CDLI artifact: tablet; from Uruk (mod. Warka); held by National Museum of Iraq, Baghdad, Iraq; CDLI P349309","AUWE 23, 316",tablet,,,,,,,,,,Uruk (mod. Warka),"National Museum of Iraq, Baghdad, Iraq"
no_expected_no_live,349325,Q2142339,P349325,"Cuneiform Tablet AUWE 23, 332","CDLI artifact: tablet; from Uruk (mod. Warka); held by National Museum of Iraq, Baghdad, Iraq; CDLI P349325","AUWE 23, 332",tablet,,,,,,,,,,Uruk (mod. Warka),"National Museum of Iraq, Baghdad, Iraq"
no_expected_no_live,356615,Q2154946,P356615,Cuneiform Tablet P356615,CDLI artifact: tablet; from Nippur (mod. Nuffar); CDLI P356615,unknown,tablet,,,,,,,,,,Nippur (mod. Nuffar),
no_expected_no_live,361435,Q2015976,P361435,Cuneiform Tablet P361435,"CDLI artifact: tablet; held by Adana Museum, Adana, Turkey; CDLI P361435",Adana 237 I unpublished unassigned ?,tablet,,,,,,,,,,,"Adana Museum, Adana, Turkey"
no_expected_no_live,365266,Q2036072,P365266,"Cuneiform Tablet CT 12, pl. 30, BM 038178","tablet from an unspecified location, dated to an unspecified period and currently held in the british museum, london, uk.","CT 12, pl. 30, BM 038178",tablet,,,,,,,,,,,"British Museum, London, UK"
no_expected_no_live,366020,Q2169647,P366020,"Cuneiform Tablet CT 37, pl. 21, BM 038284","CDLI artifact: tablet; held by British Museum, London, UK; CDLI P366020","CT 37, pl. 21, BM 038284",tablet,,,,,,,,,,,"British Museum, London, UK"
no_expected_no_live,366124,Q2166586,P366124,"Cuneiform Tablet CT 39, pl. 23-24, Rm 2, 138 +","CDLI artifact: tablet; from Nineveh (mod. Kuyunjik); held by British Museum, London, UK; CDLI P366124","CT 39, pl. 23-24, Rm 2, 138 +",tablet,,,,,,,,,,Nineveh (mod. Kuyunjik),"British Museum, London, UK"
no_expected_no_live,366333,Q2163950,P366333,"Cuneiform Tablet CT 56, 018","CDLI artifact: tablet; from Sippar-Yahrurum (mod. Tell Abu Habbah); held by British Museum, London, UK; CDLI P366333","CT 56, 018",tablet,,,,,,,,,,Sippar-Yahrurum (mod. Tell Abu Habbah),"British Museum, London, UK"
no_expected_no_live,366431,Q2167533,P366431,"Cuneiform Tablet CT 56, 116","CDLI artifact: tablet; from Sippar-Yahrurum (mod. Tell Abu Habbah); held by British Museum, London, UK; CDLI P366431","CT 56, 116",tablet,,,,,,,,,,Sippar-Yahrurum (mod. Tell Abu Habbah),"British Museum, London, UK"
no_expected_no_live,366489,Q2047859,P366489,"Cuneiform Tablet CT 56, 174","CDLI artifact: tablet; from Sippar-Yahrurum (mod. Tell Abu Habbah); held by British Museum, London, UK; CDLI P366489","CT 56, 174",tablet,,,,,,,,,,Sippar-Yahrurum (mod. Tell Abu Habbah),"British Museum, London, UK"
no_expected_no_live,366523,Q2047443,P366523,"Cuneiform Tablet CT 56, 208","CDLI artifact: tablet; from Sippar-Yahrurum (mod. Tell Abu Habbah); held by British Museum, London, UK; CDLI P366523","CT 56, 208",tablet,,,,,,,,,,Sippar-Yahrurum (mod. Tell Abu Habbah),"British Museum, London, UK"
no_expected_no_live,366626,Q2163039,P366626,"Cuneiform Tablet CT 56, 311","CDLI artifact: tablet; from Sippar-Yahrurum (mod. Tell Abu Habbah); held by British Museum, London, UK; CDLI P366626","CT 56, 311",tablet,,,,,,,,,,Sippar-Yahrurum (mod. Tell Abu Habbah),"British Museum, London, UK"
no_expected_no_live,366718,Q2165628,P366718,"Cuneiform Tablet CT 56, 403","CDLI artifact: tablet; from Sippar-Yahrurum (mod. Tell Abu Habbah); held by British Museum, London, UK; CDLI P366718","CT 56, 403",tablet,,,,,,,,,,Sippar-Yahrurum (mod. Tell Abu Habbah),"British Museum, London, UK"
no_expected_no_live,366866,Q2169136,P366866,"Cuneiform Tablet CT 56, 551","CDLI artifact: tablet; from Sippar-Yahrurum (mod. Tell Abu Habbah); held by British Museum, London, UK; CDLI P366866","CT 56, 551",tablet,,,,,,,,,,Sippar-Yahrurum (mod. Tell Abu Habbah),"British Museum, London, UK"
no_expected_no_live,366870,Q2047089,P366870,"Cuneiform Tablet CT 56, 555","CDLI artifact: tablet; from Sippar-Yahrurum (mod. Tell Abu Habbah); held by British Museum, London, UK; CDLI P366870","CT 56, 555",tablet,,,,,,,,,,Sippar-Yahrurum (mod. Tell Abu Habbah),"British Museum, London, UK"
no_expected_no_live,366919,Q2164080,P366919,"Cuneiform Tablet CT 56, 604","CDLI artifact: tablet; from Sippar-Yahrurum (mod. Tell Abu Habbah); held by British Museum, London, UK; CDLI P366919","CT 56, 604",tablet,,,,,,,,,,Sippar-Yahrurum (mod. Tell Abu Habbah),"British Museum, London, UK"
no_expected_no_live,366962,Q2167108,P366962,"Cuneiform Tablet CT 56, 647","CDLI artifact: tablet; from Sippar-Yahrurum (mod. Tell Abu Habbah); held by British Museum, London, UK; CDLI P366962","CT 56, 647",tablet,,,,,,,,,,Sippar-Yahrurum (mod. Tell Abu Habbah),"British Museum, London, UK"
no_expected_no_live,367037,Q2163335,P367037,"Cuneiform Tablet CT 56, 722","CDLI artifact: tablet; from Sippar-Yahrurum (mod. Tell Abu Habbah); held by British Museum, London, UK; CDLI P367037","CT 56, 722",tablet,,,,,,,,,,Sippar-Yahrurum (mod. Tell Abu Habbah),"British Museum, London, UK"
no_expected_no_live,367109,Q2165293,P367109,"Cuneiform Tablet CT 56, 794","CDLI artifact: tablet; from Sippar-Yahrurum (mod. Tell Abu Habbah); held by British Museum, London, UK; CDLI P367109","CT 56, 794",tablet,,,,,,,,,,Sippar-Yahrurum (mod. Tell Abu Habbah),"British Museum, London, UK"
no_expected_no_live,368317,Q2153785,P368317,"Cuneiform Tablet MDP 12, p. 77 fig. 38",CDLI artifact: tablet; from Susa (mod. Shush); CDLI P368317,"MDP 12, p. 77 fig. 38",tablet,,,,,,,,,,Susa (mod. Shush),
no_expected_no_live,370336,Q1932797,P370336,"Cuneiform Tablet LTBA 1, 12","Lexical tablet from an unspecified location, dated to an unspecified period and currently held in the vorderasiatisches museum, berlin, germany.","LTBA 1, 12",tablet,,,,,,,,,,Assur (mod. Qalat Sherqat),"Vorderasiatisches Museum, Berlin, Germany"
no_expected_no_live,370361,Q1932843,P370361,"Cuneiform Tablet LTBA 1, 38","Lexical tablet from an unspecified location, dated to an unspecified period and currently held in the vorderasiatisches museum, berlin, germany.","LTBA 1, 38",tablet,,,,,,,,,,Assur (mod. Qalat Sherqat),"Vorderasiatisches Museum, Berlin, Germany"
no_expected_no_live,370398,Q2163300,P370398,"Cuneiform Tablet LTBA 1, 78","CDLI artifact: tablet; held by Vorderasiatisches Museum, Berlin, Germany; CDLI P370398","LTBA 1, 78",tablet,,,,,,,,,,,"Vorderasiatisches Museum, Berlin, Germany"
no_expected_no_live,371874,Q2165802,P371874,"Cuneiform Tablet VS 05, 140","CDLI artifact: tablet; held by Vorderasiatisches Museum, Berlin, Germany; CDLI P371874","VS 05, 140",tablet,,,,,,,,,,,"Vorderasiatisches Museum, Berlin, Germany"
no_expected_no_live,372126,Q2169035,P372126,"Cuneiform Tablet VS 06, 231","CDLI artifact: tablet; held by Vorderasiatisches Museum, Berlin, Germany; CDLI P372126","VS 06, 231",tablet,,,,,,,,,,,"Vorderasiatisches Museum, Berlin, Germany"
no_expected_no_live,372167,Q2166712,P372167,"Cuneiform Tablet VS 06, 272","CDLI artifact: tablet; held by Vorderasiatisches Museum, Berlin, Germany; CDLI P372167","VS 06, 272",tablet,,,,,,,,,,,"Vorderasiatisches Museum, Berlin, Germany"
no_expected_no_live,385264,Q2167116,P385264,"Cuneiform Tablet OECT 10, 251","CDLI artifact: tablet; from Babylon (mod. Bābil); held by Ashmolean Museum, Oxford, UK; CDLI P385264","OECT 10, 251",tablet,,,,,,,,,,Babylon (mod. Bābil),"Ashmolean Museum, Oxford, UK"
no_expected_no_live,385272,Q2168387,P385272,"Cuneiform Tablet OECT 10, 259","CDLI artifact: tablet; from Kish (mod. Tell Ingharra); held by Ashmolean Museum, Oxford, UK; CDLI P385272","OECT 10, 259",tablet,,,,,,,,,,Kish (mod. Tell Ingharra),"Ashmolean Museum, Oxford, UK"
no_expected_no_live,385321,Q2149150,P385321,"Cuneiform Tablet OECT 10, 308","CDLI artifact: tablet; from Kish (mod. Tell Ingharra); held by Ashmolean Museum, Oxford, UK; CDLI P385321","OECT 10, 308",tablet,,,,,,,,,,Kish (mod. Tell Ingharra),"Ashmolean Museum, Oxford, UK"
no_expected_no_live,385337,Q2168182,P385337,"Cuneiform Tablet OECT 10, 324","CDLI artifact: tablet; from Kish (mod. Tell Ingharra); held by Ashmolean Museum, Oxford, UK; CDLI P385337","OECT 10, 324",tablet,,,,,,,,,,Kish (mod. Tell Ingharra),"Ashmolean Museum, Oxford, UK"
no_expected_no_live,385360,Q2165304,P385360,"Cuneiform Tablet OECT 10, 347","CDLI artifact: tablet; from Kish (mod. Tell Ingharra); held by Ashmolean Museum, Oxford, UK; CDLI P385360","OECT 10, 347",tablet,,,,,,,,,,Kish (mod. Tell Ingharra),"Ashmolean Museum, Oxford, UK"
no_expected_no_live,386370,Q2036016,P386370,"Cuneiform Tablet CT 12, pl. 20, BM 038189+","tablet from an unspecified location, dated to an unspecified period and currently held in the british museum, london, uk.","CT 12, pl. 20, BM 038189+",tablet,,,,,,,,,,,"British Museum, London, UK"
no_expected_no_live,386409,Q2036068,P386409,"Cuneiform Tablet CT 12, pl. 30, BM 034950","tablet from an unspecified location, dated to an unspecified period and currently held in the british museum, london, uk.","CT 12, pl. 30, BM 034950",tablet,,,,,,,,,,,"British Museum, London, UK"
no_expected_no_live,387832,Q2166728,P387832,Cuneiform Tablet RIAA 276,"CDLI artifact: tablet; held by Musées royaux d’Art et d’Histoire, Brussels, Belgium; CDLI P387832",RIAA 276,tablet,,,,,,,,,,,"Musées royaux d’Art et d’Histoire, Brussels, Belgium"
no_expected_no_live,388102,Q2165496,P388102,Cuneiform Artifact MS 3019/1,"CDLI artifact: sealing; from Umma (mod. Tell Jokha); held by Schøyen Collection, Oslo, Norway; CDLI P388102",MS 3019/1,sealing,,,,,,,,,,Umma (mod. Tell Jokha),"Schøyen Collection, Oslo, Norway"
no_expected_no_live,388552,Q1907273,P388552,Cuneiform Tablet SC-UCLA — in CDLI P388552,Lexical tablet from an unspecified location.,SC-UCLA —,tablet,,,,,,,,,,uncertain (mod. uncertain),"Cotsen Collection of Cuneiform Tablets, Special Collections, UCLA, Los Angeles, California, USA"
no_expected_no_live,388905,Q2163247,P388905,Cuneiform Tablet LB 0382,"CDLI artifact: tablet; held by de Liagre Böhl Collection, Netherlands Institute for the Near East, Leiden, The Netherlands; CDLI P388905",LB 0382,tablet,,,,,,,,,,,"de Liagre Böhl Collection, Netherlands Institute for the Near East, Leiden, The Netherlands"
no_expected_no_live,389085,Q2166561,P389085,Cuneiform Tablet LB 0617,"CDLI artifact: tablet; held by de Liagre Böhl Collection, Netherlands Institute for the Near East, Leiden, The Netherlands; CDLI P389085",LB 0617,tablet,,,,,,,,,,,"de Liagre Böhl Collection, Netherlands Institute for the Near East, Leiden, The Netherlands"
no_expected_no_live,390322,Q2162665,P390322,Cuneiform Tablet LB 3264,"CDLI artifact: tablet; held by de Liagre Böhl Collection, Netherlands Institute for the Near East, Leiden, The Netherlands; CDLI P390322",LB 3264,tablet,,,,,,,,,,,"de Liagre Böhl Collection, Netherlands Institute for the Near East, Leiden, The Netherlands"
no_expected_no_live,390420,Q2168561,P390420,Cuneiform Tablet LB 1155,"CDLI artifact: tablet; held by de Liagre Böhl Collection, Netherlands Institute for the Near East, Leiden, The Netherlands; CDLI P390420",LB 1155,tablet,,,,,,,,,,,"de Liagre Böhl Collection, Netherlands Institute for the Near East, Leiden, The Netherlands"
no_expected_no_live,391564,Q2165267,P391564,Cuneiform Tablet OIM A04220,"CDLI artifact: tablet; held by Institute for the Study of Ancient Cultures West Asia & North Africa Museum, Chicago, Illinois, USA; CDLI P391564",OIM A04220,tablet,,,,,,,,,,,"Institute for the Study of Ancient Cultures West Asia & North Africa Museum, Chicago, Illinois, USA"
no_expected_no_live,393037,Q2167048,P393037,"Cuneiform Tablet KTT p. 031 Bi.29/49:149,02","CDLI artifact: tablet; from Tuttul (mod. Tell Bi'a); held by National Museum of Syria, Raqqa, Syria; CDLI P393037","KTT p. 031 Bi.29/49:149,02",tablet,,,,,,,,,,Tuttul (mod. Tell Bi'a),"National Museum of Syria, Raqqa, Syria"
no_expected_no_live,404748,Q2166687,P404748,Cuneiform Tablet DUROM 1952.5,"CDLI artifact: tablet; held by Oriental Museum, University of Durham, Durham, UK; CDLI P404748",DUROM 1952.5,tablet,,,,,,,,,,,"Oriental Museum, University of Durham, Durham, UK"
no_expected_no_live,404932,Q2168914,P404932,"Cuneiform Tablet Iraq 60, 205","CDLI artifact: tablet; from Sippar-Yahrurum (mod. Tell Abu Habbah); held by National Museum of Iraq, Baghdad, Iraq; CDLI P404932","Iraq 60, 205",tablet,,,,,,,,,,Sippar-Yahrurum (mod. Tell Abu Habbah),"National Museum of Iraq, Baghdad, Iraq"
no_expected_no_live,405509,Q2163681,P405509,Cuneiform Tablet WML 1963.188.4,"CDLI artifact: tablet; held by World Museum Liverpool, Liverpool, UK; CDLI P405509",WML 1963.188.4,tablet,,,,,,,,,,,"World Museum Liverpool, Liverpool, UK"
no_expected_no_live,405548,Q2166167,P405548,Cuneiform Tablet WML 51.63.091 (1985.354.4 ?),"CDLI artifact: tablet; held by World Museum Liverpool, Liverpool, UK; CDLI P405548",WML 51.63.091 (1985.354.4 ?),tablet,,,,,,,,,,,"World Museum Liverpool, Liverpool, UK"
no_expected_no_live,408053,Q2166500,P408053,Cuneiform Artifact SM 1949.03.002,"CDLI artifact: amulet; held by Harvard Museum of the Ancient Near East, Harvard University, Cambridge, Massachusetts, USA; CDLI P408053",SM 1949.03.002,amulet,,,,,,,,,,,"Harvard Museum of the Ancient Near East, Harvard University, Cambridge, Massachusetts, USA"
no_expected_no_live,409480,Q2166888,P409480,Cuneiform Tablet CUNES 47-00-004,"CDLI artifact: tablet; from uncertain (mod. uncertain); held by Department of Near Eastern Studies, Cornell University, Ithaca, New York, USA; CDLI P409480",CUNES 47-00-004,tablet,,,,,,,,,,uncertain (mod. uncertain),"Department of Near Eastern Studies, Cornell University, Ithaca, New York, USA"
no_expected_no_live,409496,Q2168383,P409496,Cuneiform Tablet CUNES 48-00-030,"CDLI artifact: tablet; held by Department of Near Eastern Studies, Cornell University, Ithaca, New York, USA; CDLI P409496",CUNES 48-00-030,tablet,,,,,,,,,,,"Department of Near Eastern Studies, Cornell University, Ithaca, New York, USA"
no_expected_no_live,409584,Q2165298,P409584,Cuneiform Tablet CUNES 48-09-209,"CDLI artifact: tablet; held by Department of Near Eastern Studies, Cornell University, Ithaca, New York, USA; CDLI P409584",CUNES 48-09-209,tablet,,,,,,,,,,,"Department of Near Eastern Studies, Cornell University, Ithaca, New York, USA"
no_expected_no_live,409592,Q2170480,P409592,Cuneiform Tablet CUNES 48-09-217,"CDLI artifact: tablet; held by Department of Near Eastern Studies, Cornell University, Ithaca, New York, USA; CDLI P409592",CUNES 48-09-217,tablet,,,,,,,,,,,"Department of Near Eastern Studies, Cornell University, Ithaca, New York, USA"
no_expected_no_live,409603,Q2169107,P409603,Cuneiform Tablet CUNES 48-09-228,"CDLI artifact: tablet; held by Department of Near Eastern Studies, Cornell University, Ithaca, New York, USA; CDLI P409603",CUNES 48-09-228,tablet,,,,,,,,,,,"Department of Near Eastern Studies, Cornell University, Ithaca, New York, USA"
no_expected_no_live,409615,Q2047159,P409615,Cuneiform Artifact CUNES 48-09-240,"CDLI artifact: tag; held by Department of Near Eastern Studies, Cornell University, Ithaca, New York, USA; CDLI P409615",CUNES 48-09-240,tag,,,,,,,,,,,"Department of Near Eastern Studies, Cornell University, Ithaca, New York, USA"
no_expected_no_live,409639,Q2165023,P409639,Cuneiform Artifact CUNES 48-09-264,"CDLI artifact: tag; held by Department of Near Eastern Studies, Cornell University, Ithaca, New York, USA; CDLI P409639",CUNES 48-09-264,tag,,,,,,,,,,,"Department of Near Eastern Studies, Cornell University, Ithaca, New York, USA"
no_expected_no_live,409642,Q2166784,P409642,Cuneiform Artifact CUNES 48-09-267,"CDLI artifact: tag; held by Department of Near Eastern Studies, Cornell University, Ithaca, New York, USA; CDLI P409642",CUNES 48-09-267,tag,,,,,,,,,,,"Department of Near Eastern Studies, Cornell University, Ithaca, New York, USA"
no_expected_no_live,409707,Q2167137,P409707,Cuneiform Tablet CUNES 48-09-332,"CDLI artifact: tablet; held by Department of Near Eastern Studies, Cornell University, Ithaca, New York, USA; CDLI P409707",CUNES 48-09-332,tablet,,,,,,,,,,,"Department of Near Eastern Studies, Cornell University, Ithaca, New York, USA"
no_expected_no_live,409750,Q2144877,P409750,Cuneiform Tablet CUNES 48-10-046,"CDLI artifact: tablet; from uncertain (mod. uncertain); held by Department of Near Eastern Studies, Cornell University, Ithaca, New York, USA; CDLI P409750",CUNES 48-10-046,tablet,,,,,,,,,,uncertain (mod. uncertain),"Department of Near Eastern Studies, Cornell University, Ithaca, New York, USA"
no_expected_no_live,410033,Q2167011,P410033,Cuneiform Tablet CUNES 48-12-115,"CDLI artifact: tablet; from uncertain (mod. uncertain); held by Department of Near Eastern Studies, Cornell University, Ithaca, New York, USA; CDLI P410033",CUNES 48-12-115,tablet,,,,,,,,,,uncertain (mod. uncertain),"Department of Near Eastern Studies, Cornell University, Ithaca, New York, USA"
no_expected_no_live,410048,Q2165209,P410048,Cuneiform Tablet CUNES 48-12-130,"CDLI artifact: tablet; from uncertain (mod. uncertain); held by Department of Near Eastern Studies, Cornell University, Ithaca, New York, USA; CDLI P410048",CUNES 48-12-130,tablet,,,,,,,,,,uncertain (mod. uncertain),"Department of Near Eastern Studies, Cornell University, Ithaca, New York, USA"
no_expected_no_live,410072,Q2169299,P410072,Cuneiform Tablet CUNES 48-12-154,"CDLI artifact: tablet; from uncertain (mod. uncertain); held by Department of Near Eastern Studies, Cornell University, Ithaca, New York, USA; CDLI P410072",CUNES 48-12-154,tablet,,,,,,,,,,uncertain (mod. uncertain),"Department of Near Eastern Studies, Cornell University, Ithaca, New York, USA"
no_expected_no_live,411049,Q2167713,P411049,Cuneiform Tablet CUNES 50-05-097,"CDLI artifact: tablet; held by Department of Near Eastern Studies, Cornell University, Ithaca, New York, USA; CDLI P411049",CUNES 50-05-097,tablet,,,,,,,,,,,"Department of Near Eastern Studies, Cornell University, Ithaca, New York, USA"
no_expected_no_live,411065,Q2163971,P411065,Cuneiform Tablet CUNES 50-05-113,"CDLI artifact: tablet; held by Department of Near Eastern Studies, Cornell University, Ithaca, New York, USA; CDLI P411065",CUNES 50-05-113,tablet,,,,,,,,,,,"Department of Near Eastern Studies, Cornell University, Ithaca, New York, USA"
no_expected_no_live,411966,Q2163674,P411966,Cuneiform Tablet CUNES 55-01-043,"CDLI artifact: tablet; from uncertain (mod. uncertain); held by Department of Near Eastern Studies, Cornell University, Ithaca, New York, USA; CDLI P411966",CUNES 55-01-043,tablet,,,,,,,,,,uncertain (mod. uncertain),"Department of Near Eastern Studies, Cornell University, Ithaca, New York, USA"
no_expected_no_live,412219,Q2163535,P412219,"Cuneiform Tablet CTMMA 2, 046","CDLI artifact: tablet; held by Metropolitan Museum of Art, New York, New York, USA; CDLI P412219","CTMMA 2, 046",tablet,,,,,,,,,,,"Metropolitan Museum of Art, New York, New York, USA"
no_expected_no_live,412223,Q2149395,P412223,"Cuneiform Tablet CTMMA 2, 050","CDLI artifact: tablet; held by Metropolitan Museum of Art, New York, New York, USA; CDLI P412223","CTMMA 2, 050",tablet,,,,,,,,,,,"Metropolitan Museum of Art, New York, New York, USA"
no_expected_no_live,412235,Q2168157,P412235,"Cuneiform Tablet CTMMA 2, 062","CDLI artifact: tablet; held by Metropolitan Museum of Art, New York, New York, USA; CDLI P412235","CTMMA 2, 062",tablet,,,,,,,,,,,"Metropolitan Museum of Art, New York, New York, USA"
no_expected_no_live,412262,Q2165282,P412262,"Cuneiform Tablet CTMMA 2, 091","CDLI artifact: tablet; held by Metropolitan Museum of Art, New York, New York, USA; CDLI P412262","CTMMA 2, 091",tablet,,,,,,,,,,,"Metropolitan Museum of Art, New York, New York, USA"
no_expected_no_live,412274,Q2170503,P412274,"Cuneiform Tablet CTMMA 2, 103","CDLI artifact: tablet; held by Metropolitan Museum of Art, New York, New York, USA; CDLI P412274","CTMMA 2, 103",tablet,,,,,,,,,,,"Metropolitan Museum of Art, New York, New York, USA"
no_expected_no_live,414461,Q2168968,P414461,"Cuneiform Tablet YOS 15, 006","CDLI artifact: tablet; held by Garrett-Evangelical Theological Seminary, Evanston, Illinois, USA; CDLI P414461","YOS 15, 006",tablet,,,,,,,,,,,"Garrett-Evangelical Theological Seminary, Evanston, Illinois, USA"
no_expected_no_live,416237,Q2169963,P416237,Cuneiform Tablet CULC 329,"CDLI artifact: tablet; held by Columbia University Library, New York, New York, USA; CDLI P416237",CULC 329,tablet,,,,,,,,,,,"Columbia University Library, New York, New York, USA"
no_expected_no_live,416276,Q2167666,P416276,Cuneiform Tablet CULC 368,"CDLI artifact: tablet; held by Columbia University Library, New York, New York, USA; CDLI P416276",CULC 368,tablet,,,,,,,,,,,"Columbia University Library, New York, New York, USA"
no_expected_no_live,420692,Q2163552,P420692,Cuneiform Tablet SMUI 1913.14.0311,"CDLI artifact: tablet; held by Spurlock Museum, University of Illinois, Urbana-Champaign, Illinois, USA; CDLI P420692",SMUI 1913.14.0311,tablet,,,,,,,,,,,"Spurlock Museum, University of Illinois, Urbana-Champaign, Illinois, USA"
no_expected_no_live,420702,Q2152412,P420702,Cuneiform Tablet SMUI 1913.14.0322,"CDLI artifact: tablet; held by Spurlock Museum, University of Illinois, Urbana-Champaign, Illinois, USA; CDLI P420702",SMUI 1913.14.0322,tablet,,,,,,,,,,,"Spurlock Museum, University of Illinois, Urbana-Champaign, Illinois, USA"
no_expected_no_live,420714,Q2167989,P420714,Cuneiform Tablet SMUI 1913.14.0334,"CDLI artifact: tablet; held by Spurlock Museum, University of Illinois, Urbana-Champaign, Illinois, USA; CDLI P420714",SMUI 1913.14.0334,tablet,,,,,,,,,,,"Spurlock Museum, University of Illinois, Urbana-Champaign, Illinois, USA"
no_expected_no_live,420738,Q2163731,P420738,Cuneiform Tablet SMUI 1913.14.0358,"CDLI artifact: tablet; held by Spurlock Museum, University of Illinois, Urbana-Champaign, Illinois, USA; CDLI P420738",SMUI 1913.14.0358,tablet,,,,,,,,,,,"Spurlock Museum, University of Illinois, Urbana-Champaign, Illinois, USA"
no_expected_no_live,420743,Q2165598,P420743,Cuneiform Tablet SMUI 1913.14.0363,"CDLI artifact: tablet; held by Spurlock Museum, University of Illinois, Urbana-Champaign, Illinois, USA; CDLI P420743",SMUI 1913.14.0363,tablet,,,,,,,,,,,"Spurlock Museum, University of Illinois, Urbana-Champaign, Illinois, USA"
no_expected_no_live,421345,Q2164709,P421345,Cuneiform Tablet SMUI 1913.14.1492,"CDLI artifact: tablet; held by Spurlock Museum, University of Illinois, Urbana-Champaign, Illinois, USA; CDLI P421345",SMUI 1913.14.1492,tablet,,,,,,,,,,,"Spurlock Museum, University of Illinois, Urbana-Champaign, Illinois, USA"
no_expected_no_live,421847,Q2170248,P421847,Cuneiform Tablet BM 098557,"CDLI artifact: tablet; held by British Museum, London, UK; CDLI P421847",BM 098557,tablet,,,,,,,,,,,"British Museum, London, UK"
no_expected_no_live,421851,Q2165542,P421851,Cuneiform Tablet BM 098566,"CDLI artifact: tablet; held by British Museum, London, UK; CDLI P421851",BM 098566,tablet,,,,,,,,,,,"British Museum, London, UK"
no_expected_no_live,421902,Q2170610,P421902,Cuneiform Tablet BM 098648,"CDLI artifact: tablet; held by British Museum, London, UK; CDLI P421902",BM 098648,tablet,,,,,,,,,,,"British Museum, London, UK"
no_expected_no_live,421914,Q2166380,P421914,Cuneiform Tablet BM 098670,"CDLI artifact: tablet; held by British Museum, London, UK; CDLI P421914",BM 098670,tablet,,,,,,,,,,,"British Museum, London, UK"
no_expected_no_live,421943,Q2168330,P421943,"Cuneiform Tablet MC 25, 629","CDLI artifact: tablet; held by British Museum, London, UK; CDLI P421943","MC 25, 629",tablet,,,,,,,,,,,"British Museum, London, UK"
no_expected_no_live,421955,Q2167981,P421955,Cuneiform Tablet BM 098746,"CDLI artifact: tablet; held by British Museum, London, UK; CDLI P421955",BM 098746,tablet,,,,,,,,,,,"British Museum, London, UK"
no_expected_no_live,421980,Q2163539,P421980,Cuneiform Tablet BM 098774,"CDLI artifact: tablet; held by British Museum, London, UK; CDLI P421980",BM 098774,tablet,,,,,,,,,,,"British Museum, London, UK"
no_expected_no_live,422007,Q2167264,P422007,Cuneiform Tablet BM 098807,"CDLI artifact: tablet; held by British Museum, London, UK; CDLI P422007",BM 098807,tablet,,,,,,,,,,,"British Museum, London, UK"
no_expected_no_live,422046,Q2169626,P422046,Cuneiform Tablet BM 098887,"CDLI artifact: tablet; held by British Museum, London, UK; CDLI P422046",BM 098887,tablet,,,,,,,,,,,"British Museum, London, UK"
no_expected_no_live,422139,Q2165177,P422139,Cuneiform Tablet BM 099123,"CDLI artifact: tablet; held by British Museum, London, UK; CDLI P422139",BM 099123,tablet,,,,,,,,,,,"British Museum, London, UK"
no_expected_no_live,422181,Q2162263,P422181,Cuneiform Tablet BM 099213,"CDLI artifact: tablet; held by British Museum, London, UK; CDLI P422181",BM 099213,tablet,,,,,,,,,,,"British Museum, London, UK"
no_expected_no_live,422210,Q2163198,P422210,Cuneiform Tablet BM 099264,"CDLI artifact: tablet; held by British Museum, London, UK; CDLI P422210",BM 099264,tablet,,,,,,,,,,,"British Museum, London, UK"
no_expected_no_live,422284,Q2165434,P422284,Cuneiform Tablet BM 105322,"CDLI artifact: tablet; held by British Museum, London, UK; CDLI P422284",BM 105322,tablet,,,,,,,,,,,"British Museum, London, UK"
no_expected_no_live,422292,Q2170349,P422292,Cuneiform Tablet BM 114697,"CDLI artifact: tablet; held by British Museum, London, UK; CDLI P422292",BM 114697,tablet,,,,,,,,,,,"British Museum, London, UK"
no_expected_no_live,422338,Q2170382,P422338,Cuneiform Tablet BM 121063,"CDLI artifact: tablet; held by British Museum, London, UK; CDLI P422338",BM 121063,tablet,,,,,,,,,,,"British Museum, London, UK"
no_expected_no_live,422355,Q2163576,P422355,Cuneiform Tablet BM 121093,"CDLI artifact: tablet; held by British Museum, London, UK; CDLI P422355",BM 121093,tablet,,,,,,,,,,,"British Museum, London, UK"
no_expected_no_live,422379,Q2168123,P422379,Cuneiform Tablet BM 121128,"CDLI artifact: tablet; held by British Museum, London, UK; CDLI P422379",BM 121128,tablet,,,,,,,,,,,"British Museum, London, UK"
no_expected_no_live,422380,Q2168751,P422380,Cuneiform Tablet BM 121129,"CDLI artifact: tablet; held by British Museum, London, UK; CDLI P422380",BM 121129,tablet,,,,,,,,,,,"British Museum, London, UK"
no_expected_no_live,422400,Q2146027,P422400,Cuneiform Tablet BM 122614,"CDLI artifact: tablet; held by British Museum, London, UK; CDLI P422400",BM 122614,tablet,,,,,,,,,,,"British Museum, London, UK"
no_expected_no_live,422416,Q2169462,P422416,Cuneiform Tablet BM 122633,"CDLI artifact: tablet; held by British Museum, London, UK; CDLI P422416",BM 122633,tablet,,,,,,,,,,,"British Museum, London, UK"
no_expected_no_live,422705,Q2163738,P422705,Cuneiform Tablet BM 127930,"CDLI artifact: tablet; held by British Museum, London, UK; CDLI P422705",BM 127930,tablet,,,,,,,,,,,"British Museum, London, UK"
no_expected_no_live,422791,Q2166280,P422791,Cuneiform Tablet BM 128017,"CDLI artifact: tablet; held by British Museum, London, UK; CDLI P422791",BM 128017,tablet,,,,,,,,,,,"British Museum, London, UK"
no_expected_no_live,422800,Q2168958,P422800,Cuneiform Tablet BM 128028,"CDLI artifact: tablet; held by British Museum, London, UK; CDLI P422800",BM 128028,tablet,,,,,,,,,,,"British Museum, London, UK"
no_expected_no_live,422816,Q2047511,P422816,Cuneiform Tablet BM 128049,"CDLI artifact: tablet; held by British Museum, London, UK; CDLI P422816",BM 128049,tablet,,,,,,,,,,,"British Museum, London, UK"
no_expected_no_live,422904,Q2167561,P422904,Cuneiform Tablet BM 128148,"CDLI artifact: tablet; held by British Museum, London, UK; CDLI P422904",BM 128148,tablet,,,,,,,,,,,"British Museum, London, UK"
no_expected_no_live,422945,Q2169915,P422945,Cuneiform Tablet BM 128192,"CDLI artifact: tablet; held by British Museum, London, UK; CDLI P422945",BM 128192,tablet,,,,,,,,,,,"British Museum, London, UK"
no_expected_no_live,423246,Q2167438,P423246,Cuneiform Tablet BM 134520,"CDLI artifact: tablet; held by British Museum, London, UK; CDLI P423246",BM 134520,tablet,,,,,,,,,,,"British Museum, London, UK"
no_expected_no_live,423303,Q2166494,P423303,Cuneiform Tablet BM 134784,"CDLI artifact: tablet; held by British Museum, London, UK; CDLI P423303",BM 134784,tablet,,,,,,,,,,,"British Museum, London, UK"
no_expected_no_live,423342,Q2168819,P423342,Cuneiform Tablet BM 134827,"CDLI artifact: tablet; held by British Museum, London, UK; CDLI P423342",BM 134827,tablet,,,,,,,,,,,"British Museum, London, UK"
no_expected_no_live,423378,Q2164714,P423378,Cuneiform Tablet Bod AB A 005,"CDLI artifact: tablet; held by Ashmolean Museum, Oxford, UK; CDLI P423378",Bod AB A 005,tablet,,,,,,,,,,,"Ashmolean Museum, Oxford, UK"
no_expected_no_live,423397,Q2164529,P423397,Cuneiform Tablet Bod AB A 026,"CDLI artifact: tablet; held by Ashmolean Museum, Oxford, UK; CDLI P423397",Bod AB A 026,tablet,,,,,,,,,,,"Ashmolean Museum, Oxford, UK"
no_expected_no_live,424147,Q2164728,P424147,Cuneiform Tablet MAH 16314,"CDLI artifact: tablet; from uncertain (mod. uncertain); held by Musée d'Art et d'Histoire, Geneva, Switzerland; CDLI P424147",MAH 16314,tablet,,,,,,,,,,uncertain (mod. uncertain),"Musée d'Art et d'Histoire, Geneva, Switzerland"
no_expected_no_live,427593,Q2166226,P427593,"Cuneiform Tablet MDP 57, 02",CDLI artifact: tablet; from Susa (mod. Shush); CDLI P427593,"MDP 57, 02",tablet,,,,,,,,,,Susa (mod. Shush),
no_expected_no_live,427602,Q2147535,P427602,"Cuneiform Tablet MDP 57, 11",CDLI artifact: tablet; from Susa (mod. Shush); CDLI P427602,"MDP 57, 11",tablet,,,,,,,,,,Susa (mod. Shush),
no_expected_no_live,427985,Q2165859,P427985,Cuneiform Artifact BM 090373,"CDLI artifact: brick; held by British Museum, London, UK; CDLI P427985",BM 090373,brick,,,,,,,,,,,"British Museum, London, UK"
no_expected_no_live,428426,Q2162079,P428426,Cuneiform Artifact BM 114296,"CDLI artifact: brick; held by British Museum, London, UK; CDLI P428426",BM 114296,brick,,,,,,,,,,,"British Museum, London, UK"
no_expected_no_live,428627,Q2165507,P428627,Cuneiform Artifact BM 137860,"CDLI artifact: brick; held by British Museum, London, UK; CDLI P428627",BM 137860,brick,,,,,,,,,,,"British Museum, London, UK"
no_expected_no_live,428631,Q2168452,P428631,Cuneiform Artifact BM 138718,"CDLI artifact: brick; held by British Museum, London, UK; CDLI P428631",BM 138718,brick,,,,,,,,,,,"British Museum, London, UK"
no_expected_no_live,428666,Q2166208,P428666,Cuneiform Artifact P428666,"CDLI artifact: brick; held by British Museum, London, UK; CDLI P428666","1919-10-11, 2479 unpublished unassigned ?",brick,,,,,,,,,,,"British Museum, London, UK"
no_expected_no_live,428689,Q2165478,P428689,Cuneiform Artifact P428689,"CDLI artifact: brick; held by British Museum, London, UK; CDLI P428689","1929-10-12, 0193 unpublished unassigned ?",brick,,,,,,,,,,,"British Museum, London, UK"
no_expected_no_live,428758,Q2163628,P428758,Cuneiform Artifact N 2025,"CDLI artifact: brick; held by British Museum, London, UK; CDLI P428758",N 2025,brick,,,,,,,,,,,"British Museum, London, UK"
no_expected_no_live,428762,Q2150328,P428762,Cuneiform Artifact N 2033,"CDLI artifact: brick; held by British Museum, London, UK; CDLI P428762",N 2033,brick,,,,,,,,,,,"British Museum, London, UK"
no_expected_no_live,429165,Q2167798,P429165,Cuneiform Tablet MAH 00000F13,"CDLI artifact: tablet; from uncertain (mod. uncertain); held by Musée d'Art et d'Histoire, Geneva, Switzerland; CDLI P429165",MAH 00000F13,tablet,,,,,,,,,,uncertain (mod. uncertain),"Musée d'Art et d'Histoire, Geneva, Switzerland"
no_expected_no_live,429470,Q1090978,P429470,Cuneiform Tablet P429470,"CDLI artifact: tablet; held by P. J., USA; CDLI P429470",Anonymous 429470 unpublished unassigned ?,tablet,,,,,,,,,,,"P. J., USA"
no_expected_no_live,429866,Q2168066,P429866,Cuneiform Tablet SE 138 (missing),"CDLI artifact: tablet; from uncertain (mod. uncertain); held by Couvent Saint-Étienne, Jerusalem; CDLI P429866",SE 138 (missing),tablet,,,,,,,,,,uncertain (mod. uncertain),"Couvent Saint-Étienne, Jerusalem"
no_expected_no_live,429889,Q2168274,P429889,Cuneiform Artifact CDLI Seals 001481 (physical),"CDLI artifact: Cylinder seal; held by Studium Biblicum Franciscanum Archaeological Museum, Jerusalem; CDLI P429889",CDLI Seals 001481 (physical),Cylinder seal,,,,,,,,,,,"Studium Biblicum Franciscanum Archaeological Museum, Jerusalem"
no_expected_no_live,430104,Q2164965,P430104,Cuneiform Artifact GMII 1336 ?,"CDLI artifact: cone; held by Pushkin State Museum of Fine Arts, Moscow, Russian Federation; CDLI P430104",GMII 1336 ?,cone,,,,,,,,,,,"Pushkin State Museum of Fine Arts, Moscow, Russian Federation"
no_expected_no_live,430997,Q2169096,P430997,"Cuneiform Tablet RA 028, 105",CDLI artifact: tablet; CDLI P430997,"RA 028, 105",tablet,,,,,,,,,,,
no_expected_no_live,431369,Q2032021,P431369,Cuneiform Tablet SE 089,"CDLI artifact: tablet; held by Couvent Saint-Étienne, Jerusalem; CDLI P431369",SE 089,tablet,,,,,,,,,,,"Couvent Saint-Étienne, Jerusalem"
no_expected_no_live,431386,Q2142926,P431386,Cuneiform Tablet SE 107,"CDLI artifact: tablet; held by Couvent Saint-Étienne, Jerusalem; CDLI P431386",SE 107,tablet,,,,,,,,,,,"Couvent Saint-Étienne, Jerusalem"
no_expected_no_live,431390,Q2169581,P431390,Cuneiform Tablet SE 112,"CDLI artifact: tablet; held by Couvent Saint-Étienne, Jerusalem; CDLI P431390",SE 112,tablet,,,,,,,,,,,"Couvent Saint-Étienne, Jerusalem"
no_expected_no_live,431410,Q2168418,P431410,Cuneiform Artifact CDLI Seals 006368 (physical),"CDLI artifact: Cylinder seal; held by Couvent Saint-Étienne, Jerusalem; CDLI P431410",CDLI Seals 006368 (physical),Cylinder seal,,,,,,,,,,,"Couvent Saint-Étienne, Jerusalem"
no_expected_no_live,432800,Q2169318,P432800,"Cuneiform Tablet OrSP 2, p. 56-57, tab. I, III.","CDLI artifact: tablet; held by Montserrat Museum, Barcelona, Spain; CDLI P432800","OrSP 2, p. 56-57, tab. I, III.",tablet,,,,,,,,,,,"Montserrat Museum, Barcelona, Spain"
no_expected_no_live,432945,Q2169547,P432945,Cuneiform Tablet Fs Sanmartín 293-298 MM unn. 08,"CDLI artifact: tablet; held by Montserrat Museum, Barcelona, Spain; CDLI P432945",Fs Sanmartín 293-298 MM unn. 08,tablet,,,,,,,,,,,"Montserrat Museum, Barcelona, Spain"
no_expected_no_live,433179,Q2170327,P433179,Cuneiform Tablet X.3.207 unpublished assigned,"CDLI artifact: tablet; held by Michael C. Carlos Museum, Emory University, Atlanta, Georgia, USA; CDLI P433179",X.3.207 unpublished assigned,tablet,,,,,,,,,,,"Michael C. Carlos Museum, Emory University, Atlanta, Georgia, USA"
no_expected_no_live,433180,Q2166180,P433180,Cuneiform Tablet X.3.208 unpublished assigned,"CDLI artifact: tablet; held by Michael C. Carlos Museum, Emory University, Atlanta, Georgia, USA; CDLI P433180",X.3.208 unpublished assigned,tablet,,,,,,,,,,,"Michael C. Carlos Museum, Emory University, Atlanta, Georgia, USA"
no_expected_no_live,433207,Q2169400,P433207,Cuneiform Tablet X.3.235 unpublished assigned,"CDLI artifact: tablet; held by Michael C. Carlos Museum, Emory University, Atlanta, Georgia, USA; CDLI P433207",X.3.235 unpublished assigned,tablet,,,,,,,,,,,"Michael C. Carlos Museum, Emory University, Atlanta, Georgia, USA"
no_expected_no_live,433211,Q2146971,P433211,Cuneiform Tablet X.3.239 unpublished assigned,"CDLI artifact: tablet; held by Michael C. Carlos Museum, Emory University, Atlanta, Georgia, USA; CDLI P433211",X.3.239 unpublished assigned,tablet,,,,,,,,,,,"Michael C. Carlos Museum, Emory University, Atlanta, Georgia, USA"
no_expected_no_live,433246,Q2167053,P433246,Cuneiform Tablet X.3.274 unpublished assigned,"CDLI artifact: tablet; held by Michael C. Carlos Museum, Emory University, Atlanta, Georgia, USA; CDLI P433246",X.3.274 unpublished assigned,tablet,,,,,,,,,,,"Michael C. Carlos Museum, Emory University, Atlanta, Georgia, USA"
no_expected_no_live,433303,Q2166837,P433303,Cuneiform Tablet X.3.331 unpublished assigned,"CDLI artifact: tablet; held by Michael C. Carlos Museum, Emory University, Atlanta, Georgia, USA; CDLI P433303",X.3.331 unpublished assigned,tablet,,,,,,,,,,,"Michael C. Carlos Museum, Emory University, Atlanta, Georgia, USA"
no_expected_no_live,449226,Q2170437,P449226,Cuneiform Tablet CUNES 51-03-321,"CDLI artifact: tablet; from uncertain (mod. uncertain); held by Department of Near Eastern Studies, Cornell University, Ithaca, New York, USA; CDLI P449226",CUNES 51-03-321,tablet,,,,,,,,,,uncertain (mod. uncertain),"Department of Near Eastern Studies, Cornell University, Ithaca, New York, USA"
no_expected_no_live,449230,Q2165359,P449230,Cuneiform Tablet CUNES 51-03-325,"CDLI artifact: tablet; from uncertain (mod. uncertain); held by Department of Near Eastern Studies, Cornell University, Ithaca, New York, USA; CDLI P449230",CUNES 51-03-325,tablet,,,,,,,,,,uncertain (mod. uncertain),"Department of Near Eastern Studies, Cornell University, Ithaca, New York, USA"
no_expected_no_live,449271,Q2150697,P449271,Cuneiform Tablet CUNES 55-12-004,"CDLI artifact: tablet; from uncertain (mod. uncertain); held by Department of Near Eastern Studies, Cornell University, Ithaca, New York, USA; CDLI P449271",CUNES 55-12-004,tablet,,,,,,,,,,uncertain (mod. uncertain),"Department of Near Eastern Studies, Cornell University, Ithaca, New York, USA"
no_expected_no_live,450768,Q1988067,P450768,Cuneiform Tablet Ashm 1924-0823,"tablet from an unspecified location, dated to an unspecified period and currently held in the ashmolean museum, oxford, uk.",Ashm 1924-0823 unpublished unassigned ?,,,,,,,,,,,,"Ashmolean Museum, Oxford, UK"
no_expected_no_live,450787,Q1988079,P450787,Cuneiform Tablet Ashm 1924-0845h,"tablet from an unspecified location, dated to an unspecified period and currently held in the ashmolean museum, oxford, uk.",Ashm 1924-0845h unpublished unassigned ?,,,,,,,,,,,,"Ashmolean Museum, Oxford, UK"
no_expected_no_live,450857,Q2065558,P450857,"Cuneiform Tablet Iraq 06, 157, 21","Lexical tablet from an unspecified location, dated to an unspecified period and currently held in the ashmolean museum, oxford, uk.","Iraq 06, 157, 21",,,,,,,,,,,Kish (mod. Tell Uhaimir),"Ashmolean Museum, Oxford, UK"
no_expected_no_live,450945,Q1988276,P450945,Cuneiform Tablet Ashm 1924-1112,"tablet from an unspecified location, dated to an unspecified period and currently held in the ashmolean museum, oxford, uk.",Ashm 1924-1112 unpublished unassigned ?,,,,,,,,,,,,"Ashmolean Museum, Oxford, UK"
no_expected_no_live,450969,Q1988309,P450969,Cuneiform Tablet Ashm 1924-1165,"tablet from an unspecified location, dated to an unspecified period and currently held in the ashmolean museum, oxford, uk.",Ashm 1924-1165 unpublished unassigned ?,,,,,,,,,,,,"Ashmolean Museum, Oxford, UK"
no_expected_no_live,450986,Q1988331,P450986,Cuneiform Tablet Ashm 1924-1202,"Lexical tablet from an unspecified location, dated to an unspecified period and currently held in the ashmolean museum, oxford, uk.",Ashm 1924-1202 unpublished unassigned ?,,,,,,,,,,,,"Ashmolean Museum, Oxford, UK"
no_expected_no_live,451010,Q1988351,P451010,Cuneiform Tablet Ashm 1924-1247,"tablet from an unspecified location, dated to an unspecified period and currently held in the ashmolean museum, oxford, uk.",Ashm 1924-1247 unpublished unassigned ?,,,,,,,,,,,,"Ashmolean Museum, Oxford, UK"
no_expected_no_live,451102,Q1988427,P451102,Cuneiform Tablet Ashm 1924-1506,"tablet from an unspecified location, dated to an unspecified period and currently held in the ashmolean museum, oxford, uk.",Ashm 1924-1506 unpublished unassigned ?,,,,,,,,,,,,"Ashmolean Museum, Oxford, UK"
no_expected_no_live,451179,Q1988495,P451179,Cuneiform Tablet Ashm 1924-1732,"tablet from an unspecified location, dated to an unspecified period and currently held in the ashmolean museum, oxford, uk.",Ashm 1924-1732 unpublished unassigned ?,,,,,,,,,,,,"Ashmolean Museum, Oxford, UK"
no_expected_no_live,451196,Q1988524,P451196,Cuneiform Tablet Ashm 1924-1757,"tablet from an unspecified location, dated to an unspecified period and currently held in the ashmolean museum, oxford, uk.",Ashm 1924-1757 unpublished unassigned ?,,,,,,,,,,,,"Ashmolean Museum, Oxford, UK"
no_expected_no_live,451207,Q1988542,P451207,Cuneiform Tablet Ashm 1924-1782,"tablet from an unspecified location, dated to an unspecified period and currently held in the ashmolean museum, oxford, uk.",Ashm 1924-1782 unpublished unassigned ?,,,,,,,,,,,,"Ashmolean Museum, Oxford, UK"
no_expected_no_live,451250,Q1988607,P451250,Cuneiform Tablet Ashm 1924-1907,"Lexical tablet from an unspecified location, dated to an unspecified period and currently held in the ashmolean museum, oxford, uk.",Ashm 1924-1907 unpublished unassigned ?,,,,,,,,,,,,"Ashmolean Museum, Oxford, UK"
no_expected_no_live,451381,Q1988720,P451381,Cuneiform Tablet Ashm 1924-2203,"tablet from an unspecified location, dated to an unspecified period and currently held in the ashmolean museum, oxford, uk.",Ashm 1924-2203 unpublished unassigned ?,,,,,,,,,,,,"Ashmolean Museum, Oxford, UK"
no_expected_no_live,451529,Q1988784,P451529,Cuneiform Tablet Ashm 1930-0354e,"Lexical tablet from an unspecified location, dated to an unspecified period and currently held in the ashmolean museum, oxford, uk.",Ashm 1930-0354e unpublished unassigned ?,,,,,,,,,,,,"Ashmolean Museum, Oxford, UK"
no_expected_no_live,452094,Q2168308,P452094,Cuneiform Artifact BM 092494,"CDLI artifact: vase; held by British Museum, London, UK; CDLI P452094",BM 092494,vase,,,,,,,,,,,"British Museum, London, UK"
no_expected_no_live,452128,Q2166666,P452128,Cuneiform Tablet P452128,"CDLI artifact: tablet; from Nineveh (mod. Kuyunjik); held by British Museum, London, UK; CDLI P452128","1881-02-04, 0185 unpublished unassigned ?",tablet,,,,,,,,,,Nineveh (mod. Kuyunjik),"British Museum, London, UK"
no_expected_no_live,452169,Q2166288,P452169,Cuneiform Tablet P452169,"CDLI artifact: tablet; from Nineveh (mod. Kuyunjik); held by British Museum, London, UK; CDLI P452169","1881-02-04, 0285 unpublished unassigned ?",tablet,,,,,,,,,,Nineveh (mod. Kuyunjik),"British Museum, London, UK"
no_expected_no_live,452186,Q2165504,P452186,Cuneiform Tablet P452186,"CDLI artifact: tablet; from Nineveh (mod. Kuyunjik); held by British Museum, London, UK; CDLI P452186","1881-02-04, 0316 unpublished unassigned ?",tablet,,,,,,,,,,Nineveh (mod. Kuyunjik),"British Museum, London, UK"
no_expected_no_live,452201,Q2169334,P452201,Cuneiform Tablet P452201,"CDLI artifact: tablet; from Nineveh (mod. Kuyunjik); held by British Museum, London, UK; CDLI P452201","1881-02-04, 0383 unpublished unassigned ?",tablet,,,,,,,,,,Nineveh (mod. Kuyunjik),"British Museum, London, UK"
no_expected_no_live,453282,Q2059399,P453282,Cuneiform Tablet Fs Pettinato 060 no. 04,Lexical tablet from an unspecified location.,Fs Pettinato 060 no. 04,,,,,,,,,,,,
no_expected_no_live,459119,Q2167524,P459119,Cuneiform Tablet CAJS 31,"CDLI artifact: tablet; held by Center for Advanced Judaic Studies, University of Pennsylvania, Philadephia, Pennsylvania, USA; CDLI P459119",CAJS 31,tablet,,,,,,,,,,,"Center for Advanced Judaic Studies, University of Pennsylvania, Philadephia, Pennsylvania, USA"
no_expected_no_live,459836,Q2162113,P459836,Cuneiform Tablet FLP 1268 (missing ?),"CDLI artifact: tablet; held by Free Library of Philadelphia, Philadelphia, Pennsylvania, USA; CDLI P459836",FLP 1268 (missing ?),tablet,,,,,,,,,,,"Free Library of Philadelphia, Philadelphia, Pennsylvania, USA"
no_expected_no_live,461170,Q2006608,P461170,Cuneiform Tablet BM 038411,"Akkadian literary tablet from an unspecified location, dated to an unspecified period and currently held in the british museum, london, uk.",BM 038411,tablet,,,,,,,,,,,"British Museum, London, UK"
no_expected_no_live,461222,Q2006837,P461222,Cuneiform Tablet BM 045754,"Akkadian literary tablet from an unspecified location, dated to an unspecified period and currently held in the british museum, london, uk.","MC 25, 467",tablet,,,,,,,,,,Babylon (mod. Bābil),"British Museum, London, UK"
no_expected_no_live,461259,Q2003301,P461259,"Cuneiform Tablet BLO, pl. 27 no. 78","Akkadian literary tablet from an unspecified location, dated to an unspecified period and currently held in the british museum, london, uk.",Liver Omens pl. 27 no. 78,tablet,,,,,,,,,,,"British Museum, London, UK"
no_expected_no_live,461367,Q2164055,P461367,Cuneiform Tablet UM 33-58-089,"CDLI artifact: tablet; from Šibaniba (mod. Tell Billa); held by Penn Museum, Philadelphia, Pennsylvania, USA; CDLI P461367",UM 33-58-089,tablet,,,,,,,,,,Šibaniba (mod. Tell Billa),"Penn Museum, Philadelphia, Pennsylvania, USA"
no_expected_no_live,461388,Q2163006,P461388,Cuneiform Tablet UM 33-58-120,"CDLI artifact: tablet; from Šibaniba (mod. Tell Billa); held by Penn Museum, Philadelphia, Pennsylvania, USA; CDLI P461388",UM 33-58-120,tablet,,,,,,,,,,Šibaniba (mod. Tell Billa),"Penn Museum, Philadelphia, Pennsylvania, USA"
no_expected_no_live,461424,Q2169883,P461424,Cuneiform Artifact UM 84-26-060,"CDLI artifact: brick; held by Penn Museum, Philadelphia, Pennsylvania, USA; CDLI P461424",UM 84-26-060,brick,,,,,,,,,,,"Penn Museum, Philadelphia, Pennsylvania, USA"
no_expected_no_live,461432,Q2048016,P461432,Cuneiform Artifact UM 84-26-069,"CDLI artifact: brick; held by Penn Museum, Philadelphia, Pennsylvania, USA; CDLI P461432",UM 84-26-069,brick,,,,,,,,,,,"Penn Museum, Philadelphia, Pennsylvania, USA"
no_expected_no_live,461465,Q2167589,P461465,Cuneiform Artifact UM 84-26-102,"CDLI artifact: brick; held by Penn Museum, Philadelphia, Pennsylvania, USA; CDLI P461465",UM 84-26-102,brick,,,,,,,,,,,"Penn Museum, Philadelphia, Pennsylvania, USA"
no_expected_no_live,461561,Q2168934,P461561,Cuneiform Tablet CBS 02496.28,"CDLI artifact: tablet; held by Penn Museum, Philadelphia, Pennsylvania, USA; CDLI P461561",CBS 02496.28,tablet,,,,,,,,,,,"Penn Museum, Philadelphia, Pennsylvania, USA"
no_expected_no_live,461577,Q2047537,P461577,Cuneiform Tablet CBS 02496.45,"CDLI artifact: tablet; held by Penn Museum, Philadelphia, Pennsylvania, USA; CDLI P461577",CBS 02496.45,tablet,,,,,,,,,,,"Penn Museum, Philadelphia, Pennsylvania, USA"
no_expected_no_live,461598,Q2063840,P461598,Cuneiform Tablet CBS 02496.q,"CDLI artifact: tablet; held by Penn Museum, Philadelphia, Pennsylvania, USA; CDLI P461598",CBS 02496.q,tablet,,,,,,,,,,,"Penn Museum, Philadelphia, Pennsylvania, USA"
no_expected_no_live,461737,Q2163893,P461737,Cuneiform Tablet UM 37-35-031,"CDLI artifact: tablet; held by Penn Museum, Philadelphia, Pennsylvania, USA; CDLI P461737",UM 37-35-031,tablet,,,,,,,,,,,"Penn Museum, Philadelphia, Pennsylvania, USA"
no_expected_no_live,461808,Q2164975,P461808,Cuneiform Tablet UM 37-35-104,"CDLI artifact: tablet; held by Penn Museum, Philadelphia, Pennsylvania, USA; CDLI P461808",UM 37-35-104,tablet,,,,,,,,,,,"Penn Museum, Philadelphia, Pennsylvania, USA"
no_expected_no_live,461824,Q2047198,P461824,Cuneiform Tablet UM 37-35-120,"CDLI artifact: tablet; held by Penn Museum, Philadelphia, Pennsylvania, USA; CDLI P461824",UM 37-35-120,tablet,,,,,,,,,,,"Penn Museum, Philadelphia, Pennsylvania, USA"
no_expected_no_live,461832,Q2169084,P461832,Cuneiform Tablet UM 39-09-002,"CDLI artifact: tablet; held by Penn Museum, Philadelphia, Pennsylvania, USA; CDLI P461832",UM 39-09-002,tablet,,,,,,,,,,,"Penn Museum, Philadelphia, Pennsylvania, USA"
no_expected_no_live,463970,Q2164141,P463970,Cuneiform Artifact CDLI Seals 006370 (composite),CDLI artifact: seal (not impression); CDLI P463970,CDLI Seals 006370 (composite),seal (not impression),,,,,,,,,,,
no_expected_no_live,465349,Q2170461,P465349,Cuneiform Artifact CDLI Seals 006511 (physical),"CDLI artifact: seal (not impression); held by Brenner, Ori, Rehovot, Israel; CDLI P465349",CDLI Seals 006511 (physical),seal (not impression),,,,,,,,,,,"Brenner, Ori, Rehovot, Israel"
no_expected_no_live,467636,Q2168723,P467636,Cuneiform Tablet Penn —,"CDLI artifact: tablet; held by Penn Museum, Philadelphia, Pennsylvania, USA; CDLI P467636",Penn —,tablet,,,,,,,,,,,"Penn Museum, Philadelphia, Pennsylvania, USA"
no_expected_no_live,467899,Q2164444,P467899,Cuneiform Tablet U 00503,CDLI artifact: tablet; from Ur (mod. Tell Muqayyar); CDLI P467899,U 00503,tablet,,,,,,,,,,Ur (mod. Tell Muqayyar),
no_expected_no_live,467909,Q2169853,P467909,Cuneiform Tablet U 00579,"CDLI artifact: tablet; from Ur (mod. Tell Muqayyar); held by British Museum, London, UK; CDLI P467909",U 00579,tablet,,,,,,,,,,Ur (mod. Tell Muqayyar),"British Museum, London, UK"
no_expected_no_live,467933,Q2164555,P467933,Cuneiform Tablet U 00807,"CDLI artifact: tablet; from Ur (mod. Tell Muqayyar); held by British Museum, London, UK; CDLI P467933",U 00807,tablet,,,,,,,,,,Ur (mod. Tell Muqayyar),"British Museum, London, UK"
no_expected_no_live,467948,Q2167485,P467948,Cuneiform Tablet U 00992,CDLI artifact: tablet; from Ur (mod. Tell Muqayyar); CDLI P467948,U 00992,tablet,,,,,,,,,,Ur (mod. Tell Muqayyar),
no_expected_no_live,468078,Q2166376,P468078,Cuneiform Tablet U 05606,CDLI artifact: tablet; from Ur (mod. Tell Muqayyar); CDLI P468078,U 05606,tablet,,,,,,,,,,Ur (mod. Tell Muqayyar),
no_expected_no_live,468081,Q2170496,P468081,"Cuneiform Tablet UE 06, pl. 47c","CDLI artifact: tablet; from Ur (mod. Tell Muqayyar); held by National Museum of Iraq, Baghdad, Iraq; CDLI P468081","UE 06, pl. 47c",tablet,,,,,,,,,,Ur (mod. Tell Muqayyar),"National Museum of Iraq, Baghdad, Iraq"
no_expected_no_live,468146,Q2163712,P468146,Cuneiform Tablet U 07769,CDLI artifact: tablet; from Ur (mod. Tell Muqayyar); CDLI P468146,U 07769,tablet,,,,,,,,,,Ur (mod. Tell Muqayyar),
no_expected_no_live,468185,Q2168366,P468185,Cuneiform Tablet U 07833h,CDLI artifact: tablet; from Ur (mod. Tell Muqayyar); CDLI P468185,U 07833h,tablet,,,,,,,,,,Ur (mod. Tell Muqayyar),
no_expected_no_live,468193,Q2167307,P468193,Cuneiform Tablet U 07833s,CDLI artifact: tablet; from Ur (mod. Tell Muqayyar); CDLI P468193,U 07833s,tablet,,,,,,,,,,Ur (mod. Tell Muqayyar),
no_expected_no_live,468238,Q2162222,P468238,Cuneiform Tablet Meteors and Meteorites in the Ancient Near East p. 125,CDLI artifact: tablet; from Ur (mod. Tell Muqayyar); CDLI P468238,Meteors and Meteorites in the Ancient Near East p. 125,tablet,,,,,,,,,,Ur (mod. Tell Muqayyar),
no_expected_no_live,468243,Q2144473,P468243,"Cuneiform Tablet UET 8/1, 0055","CDLI artifact: tablet; from Ur (mod. Tell Muqayyar); held by National Museum of Iraq, Baghdad, Iraq; CDLI P468243","UET 8/1, 0055",tablet,,,,,,,,,,Ur (mod. Tell Muqayyar),"National Museum of Iraq, Baghdad, Iraq"
no_expected_no_live,468255,Q2169471,P468255,Cuneiform Tablet U 10632,CDLI artifact: tablet; from Ur (mod. Tell Muqayyar); CDLI P468255,U 10632,tablet,,,,,,,,,,Ur (mod. Tell Muqayyar),
no_expected_no_live,468280,Q2165208,P468280,Cuneiform Tablet U 13073,CDLI artifact: tablet; from Ur (mod. Tell Muqayyar); CDLI P468280,U 13073,tablet,,,,,,,,,,Ur (mod. Tell Muqayyar),
no_expected_no_live,468306,Q2047116,P468306,Cuneiform Tablet U 16088,CDLI artifact: tablet; from Ur (mod. Tell Muqayyar); CDLI P468306,U 16088,tablet,,,,,,,,,,Ur (mod. Tell Muqayyar),
no_expected_no_live,468310,Q2169120,P468310,Cuneiform Tablet U 16240a,CDLI artifact: tablet; from Ur (mod. Tell Muqayyar); CDLI P468310,U 16240a,tablet,,,,,,,,,,Ur (mod. Tell Muqayyar),
no_expected_no_live,468392,Q2162117,P468392,Cuneiform Tablet U 17844,CDLI artifact: tablet; from Ur (mod. Tell Muqayyar); CDLI P468392,U 17844,tablet,,,,,,,,,,Ur (mod. Tell Muqayyar),
no_expected_no_live,468428,Q2166241,P468428,Cuneiform Tablet U 18810,"CDLI artifact: tablet; from Ur (mod. Tell Muqayyar); held by British Museum, London, UK; CDLI P468428",U 18810,tablet,,,,,,,,,,Ur (mod. Tell Muqayyar),"British Museum, London, UK"
no_expected_no_live,468453,Q2163218,P468453,Cuneiform Tablet U 30327,CDLI artifact: tablet; from Ur (mod. Tell Muqayyar); CDLI P468453,U 30327,tablet,,,,,,,,,,Ur (mod. Tell Muqayyar),
no_expected_no_live,468469,Q2164959,P468469,Cuneiform Tablet U 30343,CDLI artifact: tablet; from Ur (mod. Tell Muqayyar); CDLI P468469,U 30343,tablet,,,,,,,,,,Ur (mod. Tell Muqayyar),
no_expected_no_live,468486,Q2151764,P468486,"Cuneiform Tablet AMD 1, 247 Fig. 12","CDLI artifact: tablet; from Ur (mod. Tell Muqayyar); held by British Museum, London, UK; CDLI P468486","AMD 1, 247 Fig. 12",tablet,,,,,,,,,,Ur (mod. Tell Muqayyar),"British Museum, London, UK"
no_expected_no_live,468516,Q2163592,P468516,Cuneiform Tablet U 30663,CDLI artifact: tablet; from Ur (mod. Tell Muqayyar); CDLI P468516,U 30663,tablet,,,,,,,,,,Ur (mod. Tell Muqayyar),
no_expected_no_live,468582,Q2166435,P468582,"Cuneiform Tablet UET 8/1, 0066a","CDLI artifact: tablet; from Ur (mod. Tell Muqayyar); held by National Museum of Iraq, Baghdad, Iraq; CDLI P468582","UET 8/1, 0066a",tablet,,,,,,,,,,Ur (mod. Tell Muqayyar),"National Museum of Iraq, Baghdad, Iraq"
no_expected_no_live,468605,Q2169612,P468605,Cuneiform Artifact CDLI Seals 012514 (physical),"CDLI artifact: Cylinder seal; from Ur (mod. Tell Muqayyar); held by National Museum of Iraq, Baghdad, Iraq; CDLI P468605",CDLI Seals 012514 (physical),Cylinder seal,,,,,,,,,,Ur (mod. Tell Muqayyar),"National Museum of Iraq, Baghdad, Iraq"
no_expected_no_live,468613,Q2142681,P468613,Cuneiform Artifact CDLI Seals 012664 (physical),"CDLI artifact: Cylinder seal; from Ur (mod. Tell Muqayyar); held by National Museum of Iraq, Baghdad, Iraq; CDLI P468613",CDLI Seals 012664 (physical),Cylinder seal,,,,,,,,,,Ur (mod. Tell Muqayyar),"National Museum of Iraq, Baghdad, Iraq"
no_expected_no_live,469278,Q2159863,P469278,Cuneiform Tablet BM 061547,"CDLI artifact: tablet; from Sippar-Yahrurum (mod. Tell Abu Habbah); held by British Museum, London, UK; CDLI P469278",BM 061547,tablet,,,,,,,,,,Sippar-Yahrurum (mod. Tell Abu Habbah),"British Museum, London, UK"
no_expected_no_live,469297,Q2157713,P469297,"Cuneiform Tablet ZA 076, 275","CDLI artifact: tablet; from Gasur/Nuzi (mod. Yorgan Tepe); held by British Museum, London, UK; CDLI P469297","ZA 076, 275",tablet,,,,,,,,,,Gasur/Nuzi (mod. Yorgan Tepe),"British Museum, London, UK"
no_expected_no_live,469393,Q2166127,P469393,Cuneiform Tablet U 07810un1,"CDLI artifact: tablet; from Ur (mod. Tell Muqayyar); held by British Museum, London, UK; CDLI P469393",U 07810un1,tablet,,,,,,,,,,Ur (mod. Tell Muqayyar),"British Museum, London, UK"
no_expected_no_live,469444,Q2169777,P469444,Cuneiform Tablet U 30760,"CDLI artifact: tablet; from Ur (mod. Tell Muqayyar); held by British Museum, London, UK; CDLI P469444",U 30760,tablet,,,,,,,,,,Ur (mod. Tell Muqayyar),"British Museum, London, UK"
no_expected_no_live,469452,Q2063640,P469452,Cuneiform Tablet U 30768,"CDLI artifact: tablet; from Ur (mod. Tell Muqayyar); held by British Museum, London, UK; CDLI P469452",U 30768,tablet,,,,,,,,,,Ur (mod. Tell Muqayyar),"British Museum, London, UK"
no_expected_no_live,469612,Q2163060,P469612,Cuneiform Tablet BM 131531,"CDLI artifact: tablet; held by British Museum, London, UK; CDLI P469612",BM 131531,tablet,,,,,,,,,,,"British Museum, London, UK"
no_expected_no_live,469628,Q2162900,P469628,Cuneiform Tablet BM 131550,"CDLI artifact: tablet; held by British Museum, London, UK; CDLI P469628",BM 131550,tablet,,,,,,,,,,,"British Museum, London, UK"
no_expected_no_live,473474,Q2162145,P473474,Cuneiform Artifact CDLI Seals 007219 (physical),"CDLI artifact: seal (not impression); from uncertain (mod. uncertain); held by Ashmolean Museum, Oxford, UK; CDLI P473474",CDLI Seals 007219 (physical),seal (not impression),,,,,,,,,,uncertain (mod. uncertain),"Ashmolean Museum, Oxford, UK"
no_expected_no_live,473531,Q2162354,P473531,Cuneiform Artifact CDLI Seals 007276 (physical),"CDLI artifact: Cylinder seal; from Alalakh (mod. Tell Açana/Atshana); held by Ashmolean Museum, Oxford, UK; CDLI P473531",CDLI Seals 007276 (physical),Cylinder seal,,,,,,,,,,Alalakh (mod. Tell Açana/Atshana),"Ashmolean Museum, Oxford, UK"
no_expected_no_live,473566,Q2165236,P473566,Cuneiform Artifact CDLI Seals 007311 (physical),"CDLI artifact: Cylinder seal; from uncertain (mod. uncertain); held by Ashmolean Museum, Oxford, UK; CDLI P473566",CDLI Seals 007311 (physical),Cylinder seal,,,,,,,,,,uncertain (mod. uncertain),"Ashmolean Museum, Oxford, UK"
no_expected_no_live,473589,Q2164180,P473589,Cuneiform Artifact CDLI Seals 007334 (physical),"CDLI artifact: Cylinder seal; from uncertain (mod. uncertain); held by Ashmolean Museum, Oxford, UK; CDLI P473589",CDLI Seals 007334 (physical),Cylinder seal,,,,,,,,,,uncertain (mod. uncertain),"Ashmolean Museum, Oxford, UK"
no_expected_no_live,473634,Q2166275,P473634,Cuneiform Artifact CDLI Seals 007379 (physical),"CDLI artifact: Cylinder seal; from uncertain (mod. uncertain); held by Ashmolean Museum, Oxford, UK; CDLI P473634",CDLI Seals 007379 (physical),Cylinder seal,,,,,,,,,,uncertain (mod. uncertain),"Ashmolean Museum, Oxford, UK"
no_expected_no_live,473663,Q2168386,P473663,Cuneiform Artifact CDLI Seals 007408 (physical),"CDLI artifact: seal (not impression); from uncertain (mod. uncertain); held by Ashmolean Museum, Oxford, UK; CDLI P473663",CDLI Seals 007408 (physical),seal (not impression),,,,,,,,,,uncertain (mod. uncertain),"Ashmolean Museum, Oxford, UK"
no_expected_no_live,473675,Q2167061,P473675,Cuneiform Artifact CDLI Seals 007420 (physical),"CDLI artifact: seal (not impression); from uncertain (mod. uncertain); held by Ashmolean Museum, Oxford, UK; CDLI P473675",CDLI Seals 007420 (physical),seal (not impression),,,,,,,,,,uncertain (mod. uncertain),"Ashmolean Museum, Oxford, UK"
no_expected_no_live,476363,Q2162589,P476363,Cuneiform Artifact CDLI Seals 009622 (physical),"CDLI artifact: Cylinder seal; from uncertain (mod. uncertain); held by Département des Monnaies, Médailles et Antiques, Bibliothèque Nationale, Paris, France; CDLI P476363",CDLI Seals 009622 (physical),Cylinder seal,,,,,,,,,,uncertain (mod. uncertain),"Département des Monnaies, Médailles et Antiques, Bibliothèque Nationale, Paris, France"
no_expected_no_live,476436,Q2166211,P476436,Cuneiform Artifact CDLI Seals 009695 (physical),"CDLI artifact: Cylinder seal; from uncertain (mod. uncertain); held by Département des Monnaies, Médailles et Antiques, Bibliothèque Nationale, Paris, France; CDLI P476436",CDLI Seals 009695 (physical),Cylinder seal,,,,,,,,,,uncertain (mod. uncertain),"Département des Monnaies, Médailles et Antiques, Bibliothèque Nationale, Paris, France"
no_expected_no_live,476461,Q2168498,P476461,Cuneiform Artifact CDLI Seals 009720 (physical),"CDLI artifact: Cylinder seal; from uncertain (mod. uncertain); held by Département des Monnaies, Médailles et Antiques, Bibliothèque Nationale, Paris, France; CDLI P476461",CDLI Seals 009720 (physical),Cylinder seal,,,,,,,,,,uncertain (mod. uncertain),"Département des Monnaies, Médailles et Antiques, Bibliothèque Nationale, Paris, France"
no_expected_no_live,476477,Q2165479,P476477,Cuneiform Artifact CDLI Seals 009736 (physical),"CDLI artifact: Cylinder seal; from uncertain (mod. uncertain); held by Département des Monnaies, Médailles et Antiques, Bibliothèque Nationale, Paris, France; CDLI P476477",CDLI Seals 009736 (physical),Cylinder seal,,,,,,,,,,uncertain (mod. uncertain),"Département des Monnaies, Médailles et Antiques, Bibliothèque Nationale, Paris, France"
no_expected_no_live,477266,Q2159971,P477266,Cuneiform Artifact CDLI Seals 010525 (physical),CDLI artifact: Cylinder seal; from uncertain (mod. uncertain); CDLI P477266,CDLI Seals 010525 (physical),Cylinder seal,,,,,,,,,,uncertain (mod. uncertain),
no_expected_no_live,477270,Q2014687,P477270,Cuneiform Artifact CDLI Seals 010529 (physical),CDLI artifact: Cylinder seal; from uncertain (mod. uncertain); CDLI P477270,CDLI Seals 010529 (physical),Cylinder seal,,,,,,,,,,uncertain (mod. uncertain),
no_expected_no_live,477289,Q2158084,P477289,Cuneiform Artifact CDLI Seals 010548 (physical),CDLI artifact: Cylinder seal; from uncertain (mod. uncertain); CDLI P477289,CDLI Seals 010548 (physical),Cylinder seal,,,,,,,,,,uncertain (mod. uncertain),
no_expected_no_live,477319,Q2163867,P477319,Cuneiform Artifact CDLI Seals 010578 (physical),CDLI artifact: Cylinder seal; from uncertain (mod. uncertain); CDLI P477319,CDLI Seals 010578 (physical),Cylinder seal,,,,,,,,,,uncertain (mod. uncertain),
no_expected_no_live,477323,Q2156245,P477323,Cuneiform Artifact CDLI Seals 010582 (physical),CDLI artifact: Cylinder seal; from uncertain (mod. uncertain); CDLI P477323,CDLI Seals 010582 (physical),Cylinder seal,,,,,,,,,,uncertain (mod. uncertain),
no_expected_no_live,477335,Q2167832,P477335,Cuneiform Artifact CDLI Seals 010594 (physical),CDLI artifact: Cylinder seal; from uncertain (mod. uncertain); CDLI P477335,CDLI Seals 010594 (physical),Cylinder seal,,,,,,,,,,uncertain (mod. uncertain),
no_expected_no_live,477460,Q2164498,P477460,Cuneiform Artifact CDLI Seals 010719 (physical),"CDLI artifact: Cylinder seal; from uncertain (mod. uncertain); held by Moore, Mrs. W. H.; CDLI P477460",CDLI Seals 010719 (physical),Cylinder seal,,,,,,,,,,uncertain (mod. uncertain),"Moore, Mrs. W. H."
no_expected_no_live,477525,Q2164706,P477525,Cuneiform Artifact CDLI Seals 010784 (physical),"CDLI artifact: Cylinder seal; from uncertain (mod. uncertain); held by Moore, Mrs. W. H.; CDLI P477525",CDLI Seals 010784 (physical),Cylinder seal,,,,,,,,,,uncertain (mod. uncertain),"Moore, Mrs. W. H."
no_expected_no_live,477933,Q2164349,P477933,Cuneiform Artifact CDLI Seals 011192 (physical),"CDLI artifact: Cylinder seal; from uncertain (mod. uncertain); held by Allard Pierson Museum, University of Amsterdam, Amsterdam, Holland; CDLI P477933",CDLI Seals 011192 (physical),Cylinder seal,,,,,,,,,,uncertain (mod. uncertain),"Allard Pierson Museum, University of Amsterdam, Amsterdam, Holland"
no_expected_no_live,477948,Q2167279,P477948,Cuneiform Artifact CDLI Seals 011207 (physical),"CDLI artifact: Cylinder seal; from uncertain (mod. uncertain); held by Allard Pierson Museum, University of Amsterdam, Amsterdam, Holland; CDLI P477948",CDLI Seals 011207 (physical),Cylinder seal,,,,,,,,,,uncertain (mod. uncertain),"Allard Pierson Museum, University of Amsterdam, Amsterdam, Holland"
no_expected_no_live,477964,Q2162096,P477964,Cuneiform Artifact CDLI Seals 011223 (physical),"CDLI artifact: Cylinder seal; from uncertain (mod. uncertain); held by Allard Pierson Museum, University of Amsterdam, Amsterdam, Holland; CDLI P477964",CDLI Seals 011223 (physical),Cylinder seal,,,,,,,,,,uncertain (mod. uncertain),"Allard Pierson Museum, University of Amsterdam, Amsterdam, Holland"
no_expected_no_live,478828,Q2170309,P478828,"Cuneiform Tablet MSL 11, 003 S6","CDLI artifact: tablet; held by British Museum, London, UK; CDLI P478828","MSL 11, 003 S6",tablet,,,,,,,,,,,"British Museum, London, UK"
no_expected_no_live,480372,Q2163603,P480372,"Cuneiform Tablet BOC pl. 53-54 1881-03-24, 0028+","CDLI artifact: tablet; held by British Museum, London, UK; CDLI P480372","BOC pl. 53-54 1881-03-24, 0028+",tablet,,,,,,,,,,,"British Museum, London, UK"
no_expected_no_live,480431,Q2169421,P480431,"Cuneiform Tablet StPohl SM 11, 37","CDLI artifact: tablet; held by British Museum, London, UK; CDLI P480431","StPohl SM 11, 37",tablet,,,,,,,,,,,"British Museum, London, UK"
no_expected_no_live,480470,Q2167171,P480470,Cuneiform Tablet BM 132550,"CDLI artifact: tablet; held by British Museum, London, UK; CDLI P480470",BM 132550,tablet,,,,,,,,,,,"British Museum, London, UK"
no_expected_no_live,480923,Q2061909,P480923,Cuneiform Tablet VAT 11088,"Prayer/incantation tablet from an unspecified location, dated to an unspecified period and currently held in the vorderasiatisches museum, berlin, germany.",VAT 11088,tablet,,,,,,,,,,,"Vorderasiatisches Museum, Berlin, Germany"
no_expected_no_live,491689,Q2047155,P491689,Cuneiform Tablet SFS Ist Si 0085,"CDLI artifact: tablet; from Sippar-Yahrurum (mod. Tell Abu Habbah); held by Arkeoloji Müzeleri, Istanbul, Turkey; CDLI P491689",SFS Ist Si 0085,tablet,,,,,,,,,,Sippar-Yahrurum (mod. Tell Abu Habbah),"Arkeoloji Müzeleri, Istanbul, Turkey"
no_expected_no_live,491975,Q2163168,P491975,Cuneiform Tablet P491975,"CDLI artifact: tablet; held by Louvre Museum, Paris, France; CDLI P491975",AO 03527 unpublished unassigned ?,tablet,,,,,,,,,,,"Louvre Museum, Paris, France"
no_expected_no_live,492174,Q2162641,P492174,Cuneiform Tablet P492174,"CDLI artifact: tablet; held by Louvre Museum, Paris, France; CDLI P492174",AO 03911 unpublished unassigned ?,tablet,,,,,,,,,,,"Louvre Museum, Paris, France"
no_expected_no_live,492226,Q1931908,P492226,Cuneiform Tablet P492226,"CDLI artifact: tablet; held by Louvre Museum, Paris, France; CDLI P492226",AO 04242 unpublished unassigned ?,tablet,,,,,,,,,,,"Louvre Museum, Paris, France"
no_expected_no_live,492230,Q2161624,P492230,Cuneiform Tablet P492230,"CDLI artifact: tablet; held by Louvre Museum, Paris, France; CDLI P492230",AO 04246 unpublished unassigned ?,tablet,,,,,,,,,,,"Louvre Museum, Paris, France"
no_expected_no_live,492271,Q2165982,P492271,Cuneiform Tablet P492271,"CDLI artifact: tablet; held by Louvre Museum, Paris, France; CDLI P492271",AO 04292 unpublished unassigned ?,tablet,,,,,,,,,,,"Louvre Museum, Paris, France"
no_expected_no_live,492288,Q2169936,P492288,Cuneiform Tablet P492288,"CDLI artifact: tablet; held by Louvre Museum, Paris, France; CDLI P492288",AO 04462 unpublished unassigned ?,tablet,,,,,,,,,,,"Louvre Museum, Paris, France"
no_expected_no_live,492334,Q2165618,P492334,Cuneiform Tablet P492334,"CDLI artifact: tablet; held by Louvre Museum, Paris, France; CDLI P492334",AO 05407 unpublished unassigned ?,tablet,,,,,,,,,,,"Louvre Museum, Paris, France"
no_expected_no_live,492508,Q2166597,P492508,"Cuneiform Tablet ZA 99, 56 AO 7033","CDLI artifact: tablet; held by Louvre Museum, Paris, France; CDLI P492508","ZA 99, 56 AO 7033",tablet,,,,,,,,,,,"Louvre Museum, Paris, France"
no_expected_no_live,492524,Q2162765,P492524,Cuneiform Tablet P492524,"CDLI artifact: tablet; held by Louvre Museum, Paris, France; CDLI P492524",AO 07539 unpublished unassigned ?,tablet,,,,,,,,,,,"Louvre Museum, Paris, France"
no_expected_no_live,492573,Q2164732,P492573,Cuneiform Tablet P492573,"CDLI artifact: tablet; held by Louvre Museum, Paris, France; CDLI P492573",AO 07665 unpublished unassigned ?,tablet,,,,,,,,,,,"Louvre Museum, Paris, France"
no_expected_no_live,492699,Q2167822,P492699,Cuneiform Tablet P492699,"CDLI artifact: tablet; held by Louvre Museum, Paris, France; CDLI P492699",AO 07901 unpublished unassigned ?,tablet,,,,,,,,,,,"Louvre Museum, Paris, France"
no_expected_no_live,492932,Q2162112,P492932,"Cuneiform Tablet TBER pl. 17, AO 8156","CDLI artifact: tablet; held by Louvre Museum, Paris, France; CDLI P492932","TBER pl. 17, AO 8156",tablet,,,,,,,,,,,"Louvre Museum, Paris, France"
no_expected_no_live,492965,Q2164230,P492965,Cuneiform Tablet P492965,"CDLI artifact: tablet; held by Louvre Museum, Paris, France; CDLI P492965",AO 08538 unpublished unassigned ?,tablet,,,,,,,,,,,"Louvre Museum, Paris, France"
no_expected_no_live,493026,Q2170566,P493026,Cuneiform Tablet P493026,"CDLI artifact: tablet; held by Louvre Museum, Paris, France; CDLI P493026",AO 08965 unpublished unassigned ?,tablet,,,,,,,,,,,"Louvre Museum, Paris, France"
no_expected_no_live,493067,Q2168235,P493067,Cuneiform Tablet P493067,"CDLI artifact: tablet; held by Louvre Museum, Paris, France; CDLI P493067",AO 09084 unpublished unassigned ?,tablet,,,,,,,,,,,"Louvre Museum, Paris, France"
no_expected_no_live,493088,Q2168109,P493088,Cuneiform Tablet P493088,"CDLI artifact: tablet; held by Louvre Museum, Paris, France; CDLI P493088",AO 09407 unpublished unassigned ?,tablet,,,,,,,,,,,"Louvre Museum, Paris, France"
no_expected_no_live,493134,Q2151886,P493134,Cuneiform Tablet P493134,"CDLI artifact: tablet; held by Louvre Museum, Paris, France; CDLI P493134",AO 10336 unpublished unassigned ?,tablet,,,,,,,,,,,"Louvre Museum, Paris, France"
no_expected_no_live,493270,Q2007822,P493270,Cuneiform Tablet PRAK C 097,"tablet from an unspecified location, dated to an unspecified period and currently held in the louvre museum, paris, france.",PRAK C 097,tablet,,,,,,,,,,,"Louvre Museum, Paris, France"
no_expected_no_live,493335,Q2162485,P493335,Cuneiform Tablet P493335,"CDLI artifact: tablet; held by Louvre Museum, Paris, France; CDLI P493335",AO 11734 unpublished unassigned ?,tablet,,,,,,,,,,,"Louvre Museum, Paris, France"
no_expected_no_live,493358,Q2169158,P493358,Cuneiform Tablet P493358,"CDLI artifact: tablet; held by Louvre Museum, Paris, France; CDLI P493358",AO 12184 unpublished unassigned ?,tablet,,,,,,,,,,,"Louvre Museum, Paris, France"
no_expected_no_live,493362,Q2165054,P493362,Cuneiform Tablet P493362,"CDLI artifact: tablet; held by Louvre Museum, Paris, France; CDLI P493362",AO 12191 unpublished unassigned ?,tablet,,,,,,,,,,,"Louvre Museum, Paris, France"
no_expected_no_live,493421,Q2167160,P493421,Cuneiform Tablet P493421,"CDLI artifact: tablet; held by Louvre Museum, Paris, France; CDLI P493421",AO 17616 unpublished unassigned ?,tablet,,,,,,,,,,,"Louvre Museum, Paris, France"
no_expected_no_live,493437,Q2168392,P493437,"Cuneiform Tablet TBER pl. 48, AO 17632","CDLI artifact: tablet; held by Louvre Museum, Paris, France; CDLI P493437","TBER pl. 48, AO 17632",tablet,,,,,,,,,,,"Louvre Museum, Paris, France"
no_expected_no_live,493460,Q2166273,P493460,Cuneiform Tablet P493460,"CDLI artifact: tablet; held by Louvre Museum, Paris, France; CDLI P493460",AO 17656 unpublished unassigned ?,tablet,,,,,,,,,,,"Louvre Museum, Paris, France"
no_expected_no_live,493499,Q2170234,P493499,Cuneiform Tablet P493499,"CDLI artifact: tablet; held by Louvre Museum, Paris, France; CDLI P493499",AO 19601 unpublished unassigned ?,tablet,,,,,,,,,,,"Louvre Museum, Paris, France"
no_expected_no_live,493564,Q2148968,P493564,Cuneiform Tablet P493564,"CDLI artifact: tablet; held by Louvre Museum, Paris, France; CDLI P493564",AO 19782 unpublished unassigned ?,tablet,,,,,,,,,,,"Louvre Museum, Paris, France"
no_expected_no_live,493572,Q2168174,P493572,Cuneiform Tablet P493572,"CDLI artifact: tablet; held by Louvre Museum, Paris, France; CDLI P493572",AO 19835 unpublished unassigned ?,tablet,,,,,,,,,,,"Louvre Museum, Paris, France"
no_expected_no_live,493698,Q2165034,P493698,Cuneiform Tablet P493698,"CDLI artifact: tablet; held by Louvre Museum, Paris, France; CDLI P493698",AO 21828 unpublished unassigned ?,tablet,,,,,,,,,,,"Louvre Museum, Paris, France"
no_expected_no_live,493708,Q2169293,P493708,Cuneiform Tablet P493708,"CDLI artifact: tablet; held by Louvre Museum, Paris, France; CDLI P493708",AO 21838 unpublished unassigned ?,tablet,,,,,,,,,,,"Louvre Museum, Paris, France"
no_expected_no_live,493749,Q2167031,P493749,Cuneiform Tablet P493749,"CDLI artifact: tablet; held by Louvre Museum, Paris, France; CDLI P493749",AO 21879 unpublished unassigned ?,tablet,,,,,,,,,,,"Louvre Museum, Paris, France"
no_expected_no_live,493765,Q2162347,P493765,Cuneiform Tablet P493765,"CDLI artifact: tablet; held by Louvre Museum, Paris, France; CDLI P493765",AO 21895 unpublished unassigned ?,tablet,,,,,,,,,,,"Louvre Museum, Paris, France"
no_expected_no_live,493821,Q2167719,P493821,Cuneiform Tablet P493821,"CDLI artifact: tablet; held by Louvre Museum, Paris, France; CDLI P493821",AO 21955 unpublished unassigned ?,tablet,,,,,,,,,,,"Louvre Museum, Paris, France"
no_expected_no_live,493837,Q2157630,P493837,Cuneiform Tablet P493837,"CDLI artifact: tablet; held by Louvre Museum, Paris, France; CDLI P493837",AO 21971 unpublished unassigned ?,tablet,,,,,,,,,,,"Louvre Museum, Paris, France"
no_expected_no_live,493860,Q2170069,P493860,Cuneiform Tablet P493860,"CDLI artifact: tablet; held by Louvre Museum, Paris, France; CDLI P493860",AO 22018 unpublished unassigned ?,tablet,,,,,,,,,,,"Louvre Museum, Paris, France"
no_expected_no_live,493876,Q2165783,P493876,Cuneiform Tablet P493876,"CDLI artifact: tablet; held by Louvre Museum, Paris, France; CDLI P493876",AO 22034 unpublished unassigned ?,tablet,,,,,,,,,,,"Louvre Museum, Paris, France"
no_expected_no_live,493899,Q2165932,P493899,Cuneiform Tablet P493899,"CDLI artifact: tablet; held by Louvre Museum, Paris, France; CDLI P493899",AO 22057 unpublished unassigned ?,tablet,,,,,,,,,,,"Louvre Museum, Paris, France"
no_expected_no_live,493933,Q2166122,P493933,Cuneiform Tablet P493933,"CDLI artifact: tablet; held by Louvre Museum, Paris, France; CDLI P493933",AO 22091 unpublished unassigned ?,tablet,,,,,,,,,,,"Louvre Museum, Paris, France"
no_expected_no_live,493948,Q2163188,P493948,Cuneiform Tablet P493948,"CDLI artifact: tablet; held by Louvre Museum, Paris, France; CDLI P493948",AO 22106 unpublished unassigned ?,tablet,,,,,,,,,,,"Louvre Museum, Paris, France"
no_expected_no_live,493972,Q2164431,P493972,Cuneiform Tablet P493972,"CDLI artifact: tablet; held by Louvre Museum, Paris, France; CDLI P493972",AO 24122 unpublished unassigned ?,tablet,,,,,,,,,,,"Louvre Museum, Paris, France"
no_expected_no_live,494063,Q2167138,P494063,Cuneiform Tablet P494063,"CDLI artifact: tablet; held by Louvre Museum, Paris, France; CDLI P494063",AO 24214 unpublished unassigned ?,tablet,,,,,,,,,,,"Louvre Museum, Paris, France"
no_expected_no_live,494126,Q2166781,P494126,"Cuneiform Tablet TBER pl. 89-90, AO 26784","CDLI artifact: tablet; held by Louvre Museum, Paris, France; CDLI P494126","TBER pl. 89-90, AO 26784",tablet,,,,,,,,,,,"Louvre Museum, Paris, France"
no_expected_no_live,494167,Q2169103,P494167,Cuneiform Tablet P494167,"CDLI artifact: tablet; held by Louvre Museum, Paris, France; CDLI P494167",AO 27963 unpublished unassigned ?,tablet,,,,,,,,,,,"Louvre Museum, Paris, France"
no_expected_no_live,494171,Q2047151,P494171,Cuneiform Tablet P494171,"CDLI artifact: tablet; held by Louvre Museum, Paris, France; CDLI P494171",AO 27967 unpublished unassigned ?,tablet,,,,,,,,,,,"Louvre Museum, Paris, France"
no_expected_no_live,494188,Q2169510,P494188,Cuneiform Tablet P494188,"CDLI artifact: tablet; held by Louvre Museum, Paris, France; CDLI P494188",AO 27984 unpublished unassigned ?,tablet,,,,,,,,,,,"Louvre Museum, Paris, France"
no_expected_no_live,494219,Q2170589,P494219,Cuneiform Tablet P494219,"CDLI artifact: tablet; held by Louvre Museum, Paris, France; CDLI P494219",AO 29507 unpublished unassigned ?,tablet,,,,,,,,,,,"Louvre Museum, Paris, France"
no_expected_no_live,494258,Q2168342,P494258,Cuneiform Tablet P494258,"CDLI artifact: tablet; held by Louvre Museum, Paris, France; CDLI P494258",AO 29962 unpublished unassigned ?,tablet,,,,,,,,,,,"Louvre Museum, Paris, France"
no_expected_no_live,494274,Q2163362,P494274,Cuneiform Tablet P494274,"CDLI artifact: tablet; held by Louvre Museum, Paris, France; CDLI P494274",AO 29978 unpublished unassigned ?,tablet,,,,,,,,,,,"Louvre Museum, Paris, France"
no_expected_no_live,494433,Q2167255,P494433,Cuneiform Tablet P494433,"CDLI artifact: tablet; held by Louvre Museum, Paris, France; CDLI P494433",AO 31191 unpublished unassigned ?,tablet,,,,,,,,,,,"Louvre Museum, Paris, France"
no_expected_no_live,494448,Q2164337,P494448,Cuneiform Tablet P494448,"CDLI artifact: tablet; held by Louvre Museum, Paris, France; CDLI P494448",AO 31210 unpublished unassigned ?,tablet,,,,,,,,,,,"Louvre Museum, Paris, France"
no_expected_no_live,494464,Q2142498,P494464,Cuneiform Tablet P494464,"CDLI artifact: tablet; held by Louvre Museum, Paris, France; CDLI P494464",AO 31227 unpublished unassigned ?,tablet,,,,,,,,,,,"Louvre Museum, Paris, France"
no_expected_no_live,494472,Q2169631,P494472,Cuneiform Tablet P494472,"CDLI artifact: tablet; held by Louvre Museum, Paris, France; CDLI P494472",AO 31236 unpublished unassigned ?,tablet,,,,,,,,,,,"Louvre Museum, Paris, France"
no_expected_no_live,494761,Q2163581,P494761,"Cuneiform Tablet CM 03, no. 341","CDLI artifact: tablet; held by Louvre Museum, Paris, France; CDLI P494761","CM 03, no. 341",tablet,,,,,,,,,,,"Louvre Museum, Paris, France"
no_expected_no_live,495737,Q2166496,P495737,Cuneiform Tablet Sb 07391,"CDLI artifact: tablet; held by Louvre Museum, Paris, France; CDLI P495737",Sb 07391,tablet,,,,,,,,,,,"Louvre Museum, Paris, France"
no_expected_no_live,495760,Q2047836,P495760,Cuneiform Tablet Sb 09507,"CDLI artifact: tablet; held by Louvre Museum, Paris, France; CDLI P495760",Sb 09507,tablet,,,,,,,,,,,"Louvre Museum, Paris, France"
no_expected_no_live,495776,Q2168816,P495776,"Cuneiform Tablet Schülertexte aus Susa, 200 T 248","CDLI artifact: tablet; held by Louvre Museum, Paris, France; CDLI P495776","Schülertexte aus Susa, 200 T 248",tablet,,,,,,,,,,,"Louvre Museum, Paris, France"
no_expected_no_live,495799,Q2169796,P495799,Cuneiform Tablet Sb 11258,"CDLI artifact: tablet; held by Louvre Museum, Paris, France; CDLI P495799",Sb 11258,tablet,,,,,,,,,,,"Louvre Museum, Paris, France"
no_expected_no_live,495808,Q2165416,P495808,Cuneiform Tablet Sb 12307,"CDLI artifact: tablet; held by Louvre Museum, Paris, France; CDLI P495808",Sb 12307,tablet,,,,,,,,,,,"Louvre Museum, Paris, France"
no_expected_no_live,495849,Q2149560,P495849,Cuneiform Tablet Sb 12352,"CDLI artifact: tablet; held by Louvre Museum, Paris, France; CDLI P495849",Sb 12352,tablet,,,,,,,,,,,"Louvre Museum, Paris, France"
no_expected_no_live,495873,Q2163585,P495873,Cuneiform Tablet Sb 12387,"CDLI artifact: tablet; held by Louvre Museum, Paris, France; CDLI P495873",Sb 12387,tablet,,,,,,,,,,,"Louvre Museum, Paris, France"
no_expected_no_live,495936,Q2163230,P495936,Cuneiform Tablet Sb 12465,"CDLI artifact: tablet; held by Louvre Museum, Paris, France; CDLI P495936",Sb 12465,tablet,,,,,,,,,,,"Louvre Museum, Paris, France"
no_expected_no_live,496530,Q2165181,P496530,"Cuneiform Tablet MUL.APIN, text W","CDLI artifact: tablet; from Babylon (mod. Bābil); held by British Museum, London, UK; CDLI P496530","MUL.APIN, text W",tablet,,,,,,,,,,Babylon (mod. Bābil),"British Museum, London, UK"
no_expected_no_live,496588,Q2162267,P496588,"Cuneiform Tablet BPO 3, 275, BM 040111","CDLI artifact: tablet; from Nineveh (mod. Kuyunjik); held by British Museum, London, UK; CDLI P496588","BPO 3, 275, BM 040111",tablet,,,,,,,,,,Nineveh (mod. Kuyunjik),"British Museum, London, UK"
no_expected_no_live,497823,Q2170374,P497823,Cuneiform Tablet A 00486 + M 05319,CDLI artifact: tablet; from Mari (mod. Tell Hariri); CDLI P497823,A 00486 + M 05319,tablet,,,,,,,,,,Mari (mod. Tell Hariri),
no_expected_no_live,497931,Q2164998,P497931,Cuneiform Tablet Missing designation,CDLI artifact: tablet; from Mari (mod. Tell Hariri); CDLI P497931,Missing designation,tablet,,,,,,,,,,Mari (mod. Tell Hariri),
no_expected_no_live,498410,Q2167478,P498410,Cuneiform Artifact P498410,CDLI artifact: cone; held by anonymous; CDLI P498410,Anonymous 498410 unpublished unassigned,cone,,,,,,,,,,,anonymous
no_expected_no_live,499503,Q2163661,P499503,Cuneiform Tablet SM 2000.02.011 (cast),"CDLI artifact: tablet; held by Harvard Museum of the Ancient Near East, Harvard University, Cambridge, Massachusetts, USA; CDLI P499503",SM 2000.02.011 (cast),tablet,,,,,,,,,,,"Harvard Museum of the Ancient Near East, Harvard University, Cambridge, Massachusetts, USA"
no_expected_no_live,500428,Q2166163,P500428,"Cuneiform Tablet New MCT, §13.5","CDLI artifact: tablet; held by Arkeoloji Müzeleri, Istanbul, Turkey; CDLI P500428","New MCT, §13.5",tablet,,,,,,,,,,,"Arkeoloji Müzeleri, Istanbul, Turkey"
no_expected_no_live,500516,Q2163948,P500516,Cuneiform Artifact PTS unn06,"CDLI artifact: barrel; held by Princeton Theological Seminary, Princeton, New Jersey, USA; CDLI P500516",PTS unn06,barrel,,,,,,,,,,,"Princeton Theological Seminary, Princeton, New Jersey, USA"
no_expected_no_live,502546,Q2170032,P502546,Cuneiform Artifact CDLI Seals 012258 (physical),"CDLI artifact: Cylinder seal; from uncertain (mod. uncertain); held by Département des Monnaies, Médailles et Antiques, Bibliothèque Nationale, Paris, France; CDLI P502546",CDLI Seals 012258 (physical),Cylinder seal,,,,,,,,,,uncertain (mod. uncertain),"Département des Monnaies, Médailles et Antiques, Bibliothèque Nationale, Paris, France"
no_expected_no_live,502550,Q2165815,P502550,Cuneiform Artifact CDLI Seals 012262 (physical),"CDLI artifact: Cylinder seal; from uncertain (mod. uncertain); held by Département des Monnaies, Médailles et Antiques, Bibliothèque Nationale, Paris, France; CDLI P502550",CDLI Seals 012262 (physical),Cylinder seal,,,,,,,,,,uncertain (mod. uncertain),"Département des Monnaies, Médailles et Antiques, Bibliothèque Nationale, Paris, France"
no_expected_no_live,502602,Q2164418,P502602,Cuneiform Artifact CDLI Seals 012314 (physical),"CDLI artifact: Cylinder seal; from uncertain (mod. uncertain); held by Département des Monnaies, Médailles et Antiques, Bibliothèque Nationale, Paris, France; CDLI P502602",CDLI Seals 012314 (physical),Cylinder seal,,,,,,,,,,uncertain (mod. uncertain),"Département des Monnaies, Médailles et Antiques, Bibliothèque Nationale, Paris, France"
no_expected_no_live,502638,Q2169688,P502638,Cuneiform Artifact CDLI Seals 012350 (physical),"CDLI artifact: Cylinder seal; from uncertain (mod. uncertain); held by Département des Monnaies, Médailles et Antiques, Bibliothèque Nationale, Paris, France; CDLI P502638",CDLI Seals 012350 (physical),Cylinder seal,,,,,,,,,,uncertain (mod. uncertain),"Département des Monnaies, Médailles et Antiques, Bibliothèque Nationale, Paris, France"
no_expected_no_live,502696,Q2166679,P502696,Cuneiform Artifact CDLI Seals 012575 (physical),"CDLI artifact: Cylinder seal; from uncertain (mod. uncertain); held by Département des Monnaies, Médailles et Antiques, Bibliothèque Nationale, Paris, France; CDLI P502696",CDLI Seals 012575 (physical),Cylinder seal,,,,,,,,,,uncertain (mod. uncertain),"Département des Monnaies, Médailles et Antiques, Bibliothèque Nationale, Paris, France"
no_expected_no_live,502710,Q2162807,P502710,Cuneiform Artifact CDLI Seals 012589 (physical),"CDLI artifact: Cylinder seal; from uncertain (mod. uncertain); held by Département des Monnaies, Médailles et Antiques, Bibliothèque Nationale, Paris, France; CDLI P502710",CDLI Seals 012589 (physical),Cylinder seal,,,,,,,,,,uncertain (mod. uncertain),"Département des Monnaies, Médailles et Antiques, Bibliothèque Nationale, Paris, France"
no_expected_no_live,502747,Q2164842,P502747,Cuneiform Artifact CDLI Seals 012631 (physical),"CDLI artifact: Cylinder seal; from uncertain (mod. uncertain); held by Département des Monnaies, Médailles et Antiques, Bibliothèque Nationale, Paris, France; CDLI P502747",CDLI Seals 012631 (physical),Cylinder seal,,,,,,,,,,uncertain (mod. uncertain),"Département des Monnaies, Médailles et Antiques, Bibliothèque Nationale, Paris, France"
no_expected_no_live,502784,Q2048046,P502784,Cuneiform Artifact CDLI Seals 012411 (physical),"CDLI artifact: Cylinder seal; from uncertain (mod. uncertain); held by Département des Monnaies, Médailles et Antiques, Bibliothèque Nationale, Paris, France; CDLI P502784",CDLI Seals 012411 (physical),Cylinder seal,,,,,,,,,,uncertain (mod. uncertain),"Département des Monnaies, Médailles et Antiques, Bibliothèque Nationale, Paris, France"
no_expected_no_live,502792,Q2169858,P502792,Cuneiform Artifact CDLI Seals 012419 (physical),"CDLI artifact: Cylinder seal; from uncertain (mod. uncertain); held by Département des Monnaies, Médailles et Antiques, Bibliothèque Nationale, Paris, France; CDLI P502792",CDLI Seals 012419 (physical),Cylinder seal,,,,,,,,,,uncertain (mod. uncertain),"Département des Monnaies, Médailles et Antiques, Bibliothèque Nationale, Paris, France"
no_expected_no_live,502803,Q2165344,P502803,Cuneiform Artifact CDLI Seals 012430 (physical),"CDLI artifact: Cylinder seal; from uncertain (mod. uncertain); held by Département des Monnaies, Médailles et Antiques, Bibliothèque Nationale, Paris, France; CDLI P502803",CDLI Seals 012430 (physical),Cylinder seal,,,,,,,,,,uncertain (mod. uncertain),"Département des Monnaies, Médailles et Antiques, Bibliothèque Nationale, Paris, France"
no_expected_no_live,502815,Q2170466,P502815,Cuneiform Artifact CDLI Seals 012442 (physical),"CDLI artifact: Cylinder seal; from uncertain (mod. uncertain); held by Département des Monnaies, Médailles et Antiques, Bibliothèque Nationale, Paris, France; CDLI P502815",CDLI Seals 012442 (physical),Cylinder seal,,,,,,,,,,uncertain (mod. uncertain),"Département des Monnaies, Médailles et Antiques, Bibliothèque Nationale, Paris, France"
no_expected_no_live,502842,Q2148445,P502842,Cuneiform Artifact CDLI Seals 012469 (physical),"CDLI artifact: Cylinder seal; from uncertain (mod. uncertain); held by Département des Monnaies, Médailles et Antiques, Bibliothèque Nationale, Paris, France; CDLI P502842",CDLI Seals 012469 (physical),Cylinder seal,,,,,,,,,,uncertain (mod. uncertain),"Département des Monnaies, Médailles et Antiques, Bibliothèque Nationale, Paris, France"
no_expected_no_live,502854,Q2168210,P502854,Cuneiform Artifact CDLI Seals 012481 (physical),"CDLI artifact: Cylinder seal; from uncertain (mod. uncertain); held by Département des Monnaies, Médailles et Antiques, Bibliothèque Nationale, Paris, France; CDLI P502854",CDLI Seals 012481 (physical),Cylinder seal,,,,,,,,,,uncertain (mod. uncertain),"Département des Monnaies, Médailles et Antiques, Bibliothèque Nationale, Paris, France"
no_expected_no_live,502878,Q2163510,P502878,Cuneiform Artifact CDLI Seals 012505 (physical),"CDLI artifact: Cylinder seal; from uncertain (mod. uncertain); held by Département des Monnaies, Médailles et Antiques, Bibliothèque Nationale, Paris, France; CDLI P502878",CDLI Seals 012505 (physical),Cylinder seal,,,,,,,,,,uncertain (mod. uncertain),"Département des Monnaies, Médailles et Antiques, Bibliothèque Nationale, Paris, France"
no_expected_no_live,504693,Q2165131,P504693,Cuneiform Artifact CDLI Seals 013567 (physical),"CDLI artifact: Cylinder seal; held by Newell Collections of Babylonian Seals, Yale Babylonian Collection, New Haven, Connecticut, USA; CDLI P504693",CDLI Seals 013567 (physical),Cylinder seal,,,,,,,,,,,"Newell Collections of Babylonian Seals, Yale Babylonian Collection, New Haven, Connecticut, USA"
no_expected_no_live,504703,Q2169195,P504703,Cuneiform Artifact CDLI Seals 013576 (physical),"CDLI artifact: Cylinder seal; held by Newell Collections of Babylonian Seals, Yale Babylonian Collection, New Haven, Connecticut, USA; CDLI P504703",CDLI Seals 013576 (physical),Cylinder seal,,,,,,,,,,,"Newell Collections of Babylonian Seals, Yale Babylonian Collection, New Haven, Connecticut, USA"
no_expected_no_live,504715,Q2028996,P504715,Cuneiform Tablet RBC 02197,"CDLI artifact: tablet; held by J. Rosen Collection, Yale Babylonian Collection, New Haven, Connecticut, USA; CDLI P504715",RBC 02197,tablet,,,,,,,,,,,"J. Rosen Collection, Yale Babylonian Collection, New Haven, Connecticut, USA"
no_expected_no_live,504739,Q2165162,P504739,Cuneiform Tablet YBC 05748,"CDLI artifact: tablet; held by Yale Babylonian Collection, New Haven, Connecticut, USA; CDLI P504739",YBC 05748,tablet,,,,,,,,,,,"Yale Babylonian Collection, New Haven, Connecticut, USA"
no_expected_no_live,504742,Q2166964,P504742,Cuneiform Tablet YBC 08505,"CDLI artifact: tablet; held by Yale Babylonian Collection, New Haven, Connecticut, USA; CDLI P504742",YBC 08505,tablet,,,,,,,,,,,"Yale Babylonian Collection, New Haven, Connecticut, USA"
no_expected_no_live,504781,Q2162334,P504781,Cuneiform Tablet NBC 03809,"CDLI artifact: tablet; held by Yale Babylonian Collection, New Haven, Connecticut, USA; CDLI P504781",NBC 03809,tablet,,,,,,,,,,,"Yale Babylonian Collection, New Haven, Connecticut, USA"
no_expected_no_live,504892,Q2166009,P504892,Cuneiform Tablet YBC 14318,"CDLI artifact: tablet; held by Yale Babylonian Collection, New Haven, Connecticut, USA; CDLI P504892",YBC 14318,tablet,,,,,,,,,,,"Yale Babylonian Collection, New Haven, Connecticut, USA"
no_expected_no_live,504938,Q2166030,P504938,Cuneiform Tablet YBC 15105,"CDLI artifact: tablet; held by Yale Babylonian Collection, New Haven, Connecticut, USA; CDLI P504938",YBC 15105,tablet,,,,,,,,,,,"Yale Babylonian Collection, New Haven, Connecticut, USA"
no_expected_no_live,504979,Q2163311,P504979,Cuneiform Tablet YBC 13697,"CDLI artifact: tablet; held by Yale Babylonian Collection, New Haven, Connecticut, USA; CDLI P504979",YBC 13697,tablet,,,,,,,,,,,"Yale Babylonian Collection, New Haven, Connecticut, USA"
no_expected_no_live,504980,Q2167910,P504980,Cuneiform Tablet YBC 13698,"CDLI artifact: tablet; held by Yale Babylonian Collection, New Haven, Connecticut, USA; CDLI P504980",YBC 13698,tablet,,,,,,,,,,,"Yale Babylonian Collection, New Haven, Connecticut, USA"
no_expected_no_live,504996,Q2153919,P504996,Cuneiform Tablet YBC 13756,"CDLI artifact: tablet; held by Yale Babylonian Collection, New Haven, Connecticut, USA; CDLI P504996",YBC 13756,tablet,,,,,,,,,,,"Yale Babylonian Collection, New Haven, Connecticut, USA"
no_expected_no_live,505016,Q2167612,P505016,Cuneiform Tablet YBC 13869,"CDLI artifact: tablet; held by Yale Babylonian Collection, New Haven, Connecticut, USA; CDLI P505016",YBC 13869,tablet,,,,,,,,,,,"Yale Babylonian Collection, New Haven, Connecticut, USA"
no_expected_no_live,505041,Q2048057,P505041,Cuneiform Tablet YBC 14112,"CDLI artifact: tablet; held by Yale Babylonian Collection, New Haven, Connecticut, USA; CDLI P505041",YBC 14112,tablet,,,,,,,,,,,"Yale Babylonian Collection, New Haven, Connecticut, USA"
no_expected_no_live,505057,Q2169861,P505057,Cuneiform Tablet YBC 15329,"CDLI artifact: tablet; held by Yale Babylonian Collection, New Haven, Connecticut, USA; CDLI P505057",YBC 15329,tablet,,,,,,,,,,,"Yale Babylonian Collection, New Haven, Connecticut, USA"
no_expected_no_live,505082,Q2164832,P505082,Cuneiform Tablet YBC 15426,"CDLI artifact: tablet; held by Yale Babylonian Collection, New Haven, Connecticut, USA; CDLI P505082",YBC 15426,tablet,,,,,,,,,,,"Yale Babylonian Collection, New Haven, Connecticut, USA"
no_expected_no_live,505104,Q2047568,P505104,Cuneiform Tablet YBC 15472,"CDLI artifact: tablet; held by Yale Babylonian Collection, New Haven, Connecticut, USA; CDLI P505104",YBC 15472,tablet,,,,,,,,,,,"Yale Babylonian Collection, New Haven, Connecticut, USA"
no_expected_no_live,505128,Q2164857,P505128,Cuneiform Tablet YBC 15580,"CDLI artifact: tablet; held by Yale Babylonian Collection, New Haven, Connecticut, USA; CDLI P505128",YBC 15580,tablet,,,,,,,,,,,"Yale Babylonian Collection, New Haven, Connecticut, USA"
no_expected_no_live,505153,Q2166688,P505153,Cuneiform Tablet YBC 15631,"CDLI artifact: tablet; held by Yale Babylonian Collection, New Haven, Connecticut, USA; CDLI P505153",YBC 15631,tablet,,,,,,,,,,,"Yale Babylonian Collection, New Haven, Connecticut, USA"
no_expected_no_live,505201,Q2162968,P505201,Cuneiform Tablet YBC 15750,"CDLI artifact: tablet; held by Yale Babylonian Collection, New Haven, Connecticut, USA; CDLI P505201",YBC 15750,tablet,,,,,,,,,,,"Yale Babylonian Collection, New Haven, Connecticut, USA"
no_expected_no_live,505295,Q2165801,P505295,Cuneiform Tablet YBC 16086,"CDLI artifact: tablet; held by Yale Babylonian Collection, New Haven, Connecticut, USA; CDLI P505295",YBC 16086,tablet,,,,,,,,,,,"Yale Babylonian Collection, New Haven, Connecticut, USA"
no_expected_no_live,505329,Q2170133,P505329,Cuneiform Tablet YBC 16140,"CDLI artifact: tablet; held by Yale Babylonian Collection, New Haven, Connecticut, USA; CDLI P505329",YBC 16140,tablet,,,,,,,,,,,"Yale Babylonian Collection, New Haven, Connecticut, USA"
no_expected_no_live,505344,Q2163916,P505344,Cuneiform Tablet YBC 16210,"CDLI artifact: tablet; held by Yale Babylonian Collection, New Haven, Connecticut, USA; CDLI P505344",YBC 16210,tablet,,,,,,,,,,,"Yale Babylonian Collection, New Haven, Connecticut, USA"
no_expected_no_live,505368,Q2167799,P505368,Cuneiform Tablet YBC 16304,"CDLI artifact: tablet; held by Yale Babylonian Collection, New Haven, Connecticut, USA; CDLI P505368",YBC 16304,tablet,,,,,,,,,,,"Yale Babylonian Collection, New Haven, Connecticut, USA"
no_expected_no_live,505387,Q892391,P505387,Cuneiform Tablet YBC 16353,"CDLI artifact: tablet; held by Yale Babylonian Collection, New Haven, Connecticut, USA; CDLI P505387",YBC 16353,tablet,,,,,,,,,,,"Yale Babylonian Collection, New Haven, Connecticut, USA"
no_expected_no_live,505391,Q2163744,P505391,Cuneiform Tablet YBC 16362,"CDLI artifact: tablet; held by Yale Babylonian Collection, New Haven, Connecticut, USA; CDLI P505391",YBC 16362,tablet,,,,,,,,,,,"Yale Babylonian Collection, New Haven, Connecticut, USA"
no_expected_no_live,505407,Q2169746,P505407,Cuneiform Tablet YBC 16402,"CDLI artifact: tablet; held by Yale Babylonian Collection, New Haven, Connecticut, USA; CDLI P505407",YBC 16402,tablet,,,,,,,,,,,"Yale Babylonian Collection, New Haven, Connecticut, USA"
no_expected_no_live,505411,Q2063742,P505411,Cuneiform Tablet YBC 16388,"CDLI artifact: tablet; held by Yale Babylonian Collection, New Haven, Connecticut, USA; CDLI P505411",YBC 16388,tablet,,,,,,,,,,,"Yale Babylonian Collection, New Haven, Connecticut, USA"
no_expected_no_live,505446,Q2167445,P505446,Cuneiform Tablet YBC 16510,"CDLI artifact: tablet; held by Yale Babylonian Collection, New Haven, Connecticut, USA; CDLI P505446",YBC 16510,tablet,,,,,,,,,,,"Yale Babylonian Collection, New Haven, Connecticut, USA"
no_expected_no_live,505485,Q2162658,P505485,Cuneiform Tablet YBC 16599,"CDLI artifact: tablet; held by Yale Babylonian Collection, New Haven, Connecticut, USA; CDLI P505485",YBC 16599,tablet,,,,,,,,,,,"Yale Babylonian Collection, New Haven, Connecticut, USA"
no_expected_no_live,505503,Q2166520,P505503,Cuneiform Tablet YBC 16660,"CDLI artifact: tablet; held by Yale Babylonian Collection, New Haven, Connecticut, USA; CDLI P505503",YBC 16660,tablet,,,,,,,,,,,"Yale Babylonian Collection, New Haven, Connecticut, USA"
no_expected_no_live,505578,Q2164647,P505578,Cuneiform Tablet YBC 16809,"CDLI artifact: tablet; held by Yale Babylonian Collection, New Haven, Connecticut, USA; CDLI P505578",YBC 16809,tablet,,,,,,,,,,,"Yale Babylonian Collection, New Haven, Connecticut, USA"
no_expected_no_live,505651,Q2163083,P505651,Cuneiform Tablet YBC 16889,"CDLI artifact: tablet; held by Yale Babylonian Collection, New Haven, Connecticut, USA; CDLI P505651",YBC 16889,tablet,,,,,,,,,,,"Yale Babylonian Collection, New Haven, Connecticut, USA"
no_expected_no_live,505684,Q2154309,P505684,Cuneiform Tablet YBC 15793,"CDLI artifact: tablet; held by Yale Babylonian Collection, New Haven, Connecticut, USA; CDLI P505684",YBC 15793,tablet,,,,,,,,,,,"Yale Babylonian Collection, New Haven, Connecticut, USA"
no_expected_no_live,505692,Q2167894,P505692,Cuneiform Tablet YBC 16085,"CDLI artifact: tablet; held by Yale Babylonian Collection, New Haven, Connecticut, USA; CDLI P505692",YBC 16085,tablet,,,,,,,,,,,"Yale Babylonian Collection, New Haven, Connecticut, USA"
no_expected_no_live,505714,Q2164031,P505714,Cuneiform Tablet YBC 13316,"CDLI artifact: tablet; held by Yale Babylonian Collection, New Haven, Connecticut, USA; CDLI P505714",YBC 13316,tablet,,,,,,,,,,,"Yale Babylonian Collection, New Haven, Connecticut, USA"
no_expected_no_live,505738,Q2167632,P505738,Cuneiform Tablet YBC 13363,"CDLI artifact: tablet; held by Yale Babylonian Collection, New Haven, Connecticut, USA; CDLI P505738",YBC 13363,tablet,,,,,,,,,,,"Yale Babylonian Collection, New Haven, Connecticut, USA"
no_expected_no_live,505779,Q2169993,P505779,Cuneiform Tablet YBC 15956,"CDLI artifact: tablet; held by Yale Babylonian Collection, New Haven, Connecticut, USA; CDLI P505779",YBC 15956,tablet,,,,,,,,,,,"Yale Babylonian Collection, New Haven, Connecticut, USA"
no_expected_no_live,505780,Q2165998,P505780,Cuneiform Tablet YBC 16036,"CDLI artifact: tablet; held by Yale Babylonian Collection, New Haven, Connecticut, USA; CDLI P505780",YBC 16036,tablet,,,,,,,,,,,"Yale Babylonian Collection, New Haven, Connecticut, USA"
no_expected_no_live,505807,Q2026023,P505807,Cuneiform Tablet YBC 17056,"CDLI artifact: tablet; held by Yale Babylonian Collection, New Haven, Connecticut, USA; CDLI P505807",YBC 17056,tablet,,,,,,,,,,,"Yale Babylonian Collection, New Haven, Connecticut, USA"
no_expected_no_live,505811,Q2169212,P505811,Cuneiform Tablet YBC 01938,"CDLI artifact: tablet; held by Yale Babylonian Collection, New Haven, Connecticut, USA; CDLI P505811",YBC 01938,tablet,,,,,,,,,,,"Yale Babylonian Collection, New Haven, Connecticut, USA"
no_expected_no_live,505850,Q2166952,P505850,Cuneiform Tablet YBC 17048,"CDLI artifact: tablet; held by Yale Babylonian Collection, New Haven, Connecticut, USA; CDLI P505850",YBC 17048,tablet,,,,,,,,,,,"Yale Babylonian Collection, New Haven, Connecticut, USA"
no_expected_no_live,505942,Q2142864,P505942,Cuneiform Tablet YBC 09850,"CDLI artifact: tablet; held by Yale Babylonian Collection, New Haven, Connecticut, USA; CDLI P505942",YBC 09850,tablet,,,,,,,,,,,"Yale Babylonian Collection, New Haven, Connecticut, USA"
no_expected_no_live,505954,Q2169585,P505954,Cuneiform Tablet YBC 08935,"CDLI artifact: tablet; held by Yale Babylonian Collection, New Haven, Connecticut, USA; CDLI P505954",YBC 08935,tablet,,,,,,,,,,,"Yale Babylonian Collection, New Haven, Connecticut, USA"
no_expected_no_live,506006,Q2166331,P506006,Cuneiform Tablet RBC 02630,"CDLI artifact: tablet; held by J. Rosen Collection, Yale Babylonian Collection, New Haven, Connecticut, USA; CDLI P506006",RBC 02630,tablet,,,,,,,,,,,"J. Rosen Collection, Yale Babylonian Collection, New Haven, Connecticut, USA"
no_expected_no_live,506047,Q2168692,P506047,Cuneiform Tablet RBC 02671,"CDLI artifact: tablet; held by J. Rosen Collection, Yale Babylonian Collection, New Haven, Connecticut, USA; CDLI P506047",RBC 02671,tablet,,,,,,,,,,,"J. Rosen Collection, Yale Babylonian Collection, New Haven, Connecticut, USA"
no_expected_no_live,506051,Q2168300,P506051,Cuneiform Tablet RBC 02675,"CDLI artifact: tablet; held by J. Rosen Collection, Yale Babylonian Collection, New Haven, Connecticut, USA; CDLI P506051",RBC 02675,tablet,,,,,,,,,,,"J. Rosen Collection, Yale Babylonian Collection, New Haven, Connecticut, USA"
no_expected_no_live,506092,Q2163496,P506092,Cuneiform Tablet RBC 02715,"CDLI artifact: tablet; held by J. Rosen Collection, Yale Babylonian Collection, New Haven, Connecticut, USA; CDLI P506092",RBC 02715,tablet,,,,,,,,,,,"J. Rosen Collection, Yale Babylonian Collection, New Haven, Connecticut, USA"
no_expected_no_live,506102,Q2153660,P506102,Cuneiform Tablet RBC 02725,"CDLI artifact: tablet; held by J. Rosen Collection, Yale Babylonian Collection, New Haven, Connecticut, USA; CDLI P506102",RBC 02725,tablet,,,,,,,,,,,"J. Rosen Collection, Yale Babylonian Collection, New Haven, Connecticut, USA"
no_expected_no_live,506114,Q2167940,P506114,Cuneiform Tablet RBC 02737,"CDLI artifact: tablet; held by J. Rosen Collection, Yale Babylonian Collection, New Haven, Connecticut, USA; CDLI P506114",RBC 02737,tablet,,,,,,,,,,,"J. Rosen Collection, Yale Babylonian Collection, New Haven, Connecticut, USA"
no_expected_no_live,506138,Q2163762,P506138,Cuneiform Tablet RBC 02761,"CDLI artifact: tablet; held by J. Rosen Collection, Yale Babylonian Collection, New Haven, Connecticut, USA; CDLI P506138",RBC 02761,tablet,,,,,,,,,,,"J. Rosen Collection, Yale Babylonian Collection, New Haven, Connecticut, USA"
no_expected_no_live,506143,Q2165502,P506143,Cuneiform Tablet RBC 02766,"CDLI artifact: tablet; held by J. Rosen Collection, Yale Babylonian Collection, New Haven, Connecticut, USA; CDLI P506143",RBC 02766,tablet,,,,,,,,,,,"J. Rosen Collection, Yale Babylonian Collection, New Haven, Connecticut, USA"
no_expected_no_live,506155,Q2170288,P506155,Cuneiform Tablet RBC 02778,"CDLI artifact: tablet; held by J. Rosen Collection, Yale Babylonian Collection, New Haven, Connecticut, USA; CDLI P506155",RBC 02778,tablet,,,,,,,,,,,"J. Rosen Collection, Yale Babylonian Collection, New Haven, Connecticut, USA"
no_expected_no_live,506246,Q2162188,P506246,Cuneiform Tablet RBC 02868,"CDLI artifact: tablet; held by J. Rosen Collection, Yale Babylonian Collection, New Haven, Connecticut, USA; CDLI P506246",RBC 02868,tablet,,,,,,,,,,,"J. Rosen Collection, Yale Babylonian Collection, New Haven, Connecticut, USA"
no_expected_no_live,506285,Q2166991,P506285,Cuneiform Tablet RBC 02907,"CDLI artifact: tablet; held by J. Rosen Collection, Yale Babylonian Collection, New Haven, Connecticut, USA; CDLI P506285",RBC 02907,tablet,,,,,,,,,,,"J. Rosen Collection, Yale Babylonian Collection, New Haven, Connecticut, USA"
no_expected_no_live,506303,Q2162545,P506303,Cuneiform Tablet RBC 02925,"CDLI artifact: tablet; held by J. Rosen Collection, Yale Babylonian Collection, New Haven, Connecticut, USA; CDLI P506303",RBC 02925,tablet,,,,,,,,,,,"J. Rosen Collection, Yale Babylonian Collection, New Haven, Connecticut, USA"
no_expected_no_live,506354,Q2164984,P506354,Cuneiform Tablet RBC 02976,"CDLI artifact: tablet; held by J. Rosen Collection, Yale Babylonian Collection, New Haven, Connecticut, USA; CDLI P506354",RBC 02976,tablet,,,,,,,,,,,"J. Rosen Collection, Yale Babylonian Collection, New Haven, Connecticut, USA"
no_expected_no_live,506378,Q2047214,P506378,Cuneiform Tablet RBC 03000,"CDLI artifact: tablet; held by J. Rosen Collection, Yale Babylonian Collection, New Haven, Connecticut, USA; CDLI P506378",RBC 03000,tablet,,,,,,,,,,,"J. Rosen Collection, Yale Babylonian Collection, New Haven, Connecticut, USA"
no_expected_no_live,506381,Q2169548,P506381,Cuneiform Tablet RBC 03003,"CDLI artifact: tablet; held by J. Rosen Collection, Yale Babylonian Collection, New Haven, Connecticut, USA; CDLI P506381",RBC 03003,tablet,,,,,,,,,,,"J. Rosen Collection, Yale Babylonian Collection, New Haven, Connecticut, USA"
no_expected_no_live,506397,Q2143491,P506397,Cuneiform Tablet EAH 00135,"CDLI artifact: tablet; held by Yale Babylonian Collection, New Haven, Connecticut, USA; CDLI P506397",EAH 00135,tablet,,,,,,,,,,,"Yale Babylonian Collection, New Haven, Connecticut, USA"
no_expected_no_live,506401,Q2168454,P506401,Cuneiform Tablet EAH 00179,"CDLI artifact: tablet; held by Yale Babylonian Collection, New Haven, Connecticut, USA; CDLI P506401",EAH 00179,tablet,,,,,,,,,,,"Yale Babylonian Collection, New Haven, Connecticut, USA"
no_expected_no_live,507379,Q2163903,P507379,Cuneiform Tablet RBC 03264,"CDLI artifact: tablet; held by J. Rosen Collection, Yale Babylonian Collection, New Haven, Connecticut, USA; CDLI P507379",RBC 03264,tablet,,,,,,,,,,,"J. Rosen Collection, Yale Babylonian Collection, New Haven, Connecticut, USA"
no_expected_no_live,507396,Q2163147,P507396,Cuneiform Tablet EAH 00112a,"CDLI artifact: tablet; held by Yale Babylonian Collection, New Haven, Connecticut, USA; CDLI P507396",EAH 00112a,tablet,,,,,,,,,,,"Yale Babylonian Collection, New Haven, Connecticut, USA"
no_expected_no_live,507400,Q2164436,P507400,Cuneiform Tablet EAH 00186,"CDLI artifact: tablet; held by Yale Babylonian Collection, New Haven, Connecticut, USA; CDLI P507400",EAH 00186,tablet,,,,,,,,,,,"Yale Babylonian Collection, New Haven, Connecticut, USA"
no_expected_no_live,507494,Q2166692,P507494,Cuneiform Tablet MLC 02693,"CDLI artifact: tablet; held by Yale Babylonian Collection, New Haven, Connecticut, USA; CDLI P507494",MLC 02693,tablet,,,,,,,,,,,"Yale Babylonian Collection, New Haven, Connecticut, USA"
no_expected_no_live,507512,Q2162829,P507512,Cuneiform Tablet MLC 00920,"CDLI artifact: tablet; held by Yale Babylonian Collection, New Haven, Connecticut, USA; CDLI P507512",MLC 00920,tablet,,,,,,,,,,,"Yale Babylonian Collection, New Haven, Connecticut, USA"
no_expected_no_live,507569,Q2047893,P507569,Cuneiform Tablet YBC 02268,"CDLI artifact: tablet; held by Yale Babylonian Collection, New Haven, Connecticut, USA; CDLI P507569",YBC 02268,tablet,,,,,,,,,,,"Yale Babylonian Collection, New Haven, Connecticut, USA"
no_expected_no_live,507586,Q2048075,P507586,Cuneiform Tablet YBC 02593,"CDLI artifact: tablet; held by Yale Babylonian Collection, New Haven, Connecticut, USA; CDLI P507586",YBC 02593,tablet,,,,,,,,,,,"Yale Babylonian Collection, New Haven, Connecticut, USA"
no_expected_no_live,507590,Q2169831,P507590,Cuneiform Tablet YBC 13080,"CDLI artifact: tablet; held by Yale Babylonian Collection, New Haven, Connecticut, USA; CDLI P507590",YBC 13080,tablet,,,,,,,,,,,"Yale Babylonian Collection, New Haven, Connecticut, USA"
no_expected_no_live,507729,Q2164026,P507729,Cuneiform Tablet BM 033234,"CDLI artifact: tablet; held by British Museum, London, UK; CDLI P507729",BM 033234,tablet,,,,,,,,,,,"British Museum, London, UK"
no_expected_no_live,511405,Q2167569,P511405,Cuneiform Artifact Parrot Glyptique 065,"CDLI artifact: bulla; from Girsu (mod. Tello); held by Louvre Museum, Paris, France; CDLI P511405",Parrot Glyptique 065,bulla,,,,,,,,,,Girsu (mod. Tello),"Louvre Museum, Paris, France"
no_expected_no_live,511452,Q2047985,P511452,Cuneiform Artifact CDLI Seals 012975 (physical),"CDLI artifact: Cylinder seal; from Girsu (mod. Tello); held by Louvre Museum, Paris, France; CDLI P511452",CDLI Seals 012975 (physical),Cylinder seal,,,,,,,,,,Girsu (mod. Tello),"Louvre Museum, Paris, France"
no_expected_no_live,511501,Q2168966,P511501,Cuneiform Artifact CDLI Seals 013024 (physical),"CDLI artifact: Cylinder seal; from Girsu (mod. Tello); held by Louvre Museum, Paris, France; CDLI P511501",CDLI Seals 013024 (physical),Cylinder seal,,,,,,,,,,Girsu (mod. Tello),"Louvre Museum, Paris, France"
no_expected_no_live,513480,Q2047732,P513480,Cuneiform Tablet PUAM 1999-238,"CDLI artifact: tablet; held by The Art Museum, Princeton University, Princeton, New Jersey, USA; CDLI P513480",PUAM 1999-238,tablet,,,,,,,,,,,"The Art Museum, Princeton University, Princeton, New Jersey, USA"
no_expected_no_live,513855,Q2165032,P513855,"Cuneiform Tablet KAL 05, 098","CDLI artifact: tablet; from Assur (mod. Qalat Sherqat); held by Vorderasiatisches Museum, Berlin, Germany; CDLI P513855","KAL 05, 098",tablet,,,,,,,,,,Assur (mod. Qalat Sherqat),"Vorderasiatisches Museum, Berlin, Germany"
no_expected_no_live,520374,Q2162141,P520374,Cuneiform Tablet NHMU AR4097,"CDLI artifact: tablet; held by Utah Museum of Natural History, University of Utah, Salt Lake City, Utah, USA; CDLI P520374",NHMU AR4097,tablet,,,,,,,,,,,"Utah Museum of Natural History, University of Utah, Salt Lake City, Utah, USA"
no_expected_no_live,520421,Q2165448,P520421,Cuneiform Tablet KTU3 4.96,"CDLI artifact: tablet; from Ugarit (mod. Ras Shamra); held by Louvre Museum, Paris, France; CDLI P520421",KTU3 4.96,tablet,,,,,,,,,,Ugarit (mod. Ras Shamra),"Louvre Museum, Paris, France"
no_expected_no_live,520437,Q2170366,P520437,Cuneiform Tablet KTU3 4.40,"CDLI artifact: tablet; from Ugarit (mod. Ras Shamra); held by Louvre Museum, Paris, France; CDLI P520437",KTU3 4.40,tablet,,,,,,,,,,Ugarit (mod. Ras Shamra),"Louvre Museum, Paris, France"
no_expected_no_live,520460,Q2151871,P520460,Cuneiform Tablet KTU3 4.105,"CDLI artifact: tablet; from Ugarit (mod. Ras Shamra); held by Louvre Museum, Paris, France; CDLI P520460",KTU3 4.105,tablet,,,,,,,,,,Ugarit (mod. Ras Shamra),"Louvre Museum, Paris, France"
no_expected_no_live,520476,Q2167995,P520476,"Cuneiform Tablet BAH 214, 40","CDLI artifact: tablet; from uncertain (mod. Ras Ibn Hani); held by National Museum of Syria, Damascus, Syria; CDLI P520476","BAH 214, 40",tablet,,,,,,,,,,uncertain (mod. Ras Ibn Hani),"National Museum of Syria, Damascus, Syria"
no_expected_no_live,520499,Q2168485,P520499,Cuneiform Tablet KTU3 4.196,"CDLI artifact: tablet; from Ugarit (mod. Ras Shamra); held by National Museum of Syria, Damascus, Syria; CDLI P520499",KTU3 4.196,tablet,,,,,,,,,,Ugarit (mod. Ras Shamra),"National Museum of Syria, Damascus, Syria"
no_expected_no_live,520525,Q2168769,P520525,Cuneiform Tablet KTU3 4.293,"CDLI artifact: tablet; from Ugarit (mod. Ras Shamra); held by National Museum of Syria, Damascus, Syria; CDLI P520525",KTU3 4.293,tablet,,,,,,,,,,Ugarit (mod. Ras Shamra),"National Museum of Syria, Damascus, Syria"
no_expected_no_live,520533,Q2168247,P520533,Cuneiform Tablet KTU3 4.322,"CDLI artifact: tablet; from Ugarit (mod. Ras Shamra); held by National Museum of Syria, Damascus, Syria; CDLI P520533",KTU3 4.322,tablet,,,,,,,,,,Ugarit (mod. Ras Shamra),"National Museum of Syria, Damascus, Syria"
no_expected_no_live,520564,Q2166408,P520564,Cuneiform Tablet KTU3 4.426,"CDLI artifact: tablet; from Ugarit (mod. Ras Shamra); held by National Museum of Syria, Damascus, Syria; CDLI P520564",KTU3 4.426,tablet,,,,,,,,,,Ugarit (mod. Ras Shamra),"National Museum of Syria, Damascus, Syria"
no_expected_no_live,520572,Q2170558,P520572,Cuneiform Tablet KTU3 4.435,"CDLI artifact: tablet; from Ugarit (mod. Ras Shamra); held by National Museum of Syria, Damascus, Syria; CDLI P520572",KTU3 4.435,tablet,,,,,,,,,,Ugarit (mod. Ras Shamra),"National Museum of Syria, Damascus, Syria"
no_expected_no_live,520636,Q2165065,P520636,Cuneiform Tablet KTU3 4.503,"CDLI artifact: tablet; from Ugarit (mod. Ras Shamra); held by National Museum of Syria, Damascus, Syria; CDLI P520636",KTU3 4.503,tablet,,,,,,,,,,Ugarit (mod. Ras Shamra),"National Museum of Syria, Damascus, Syria"
no_expected_no_live,520661,Q2162480,P520661,Cuneiform Tablet KTU3 4.528,"CDLI artifact: tablet; from Ugarit (mod. Ras Shamra); held by National Museum of Syria, Damascus, Syria; CDLI P520661",KTU3 4.528,tablet,,,,,,,,,,Ugarit (mod. Ras Shamra),"National Museum of Syria, Damascus, Syria"
no_expected_no_live,520708,Q2167095,P520708,Cuneiform Tablet KTU3 4.581,"CDLI artifact: tablet; from Ugarit (mod. Ras Shamra); held by National Museum of Syria, Damascus, Syria; CDLI P520708",KTU3 4.581,tablet,,,,,,,,,,Ugarit (mod. Ras Shamra),"National Museum of Syria, Damascus, Syria"
no_expected_no_live,520724,Q2162272,P520724,Cuneiform Tablet KTU3 4.592,"CDLI artifact: tablet; from Ugarit (mod. Ras Shamra); held by National Museum of Syria, Damascus, Syria; CDLI P520724",KTU3 4.592,tablet,,,,,,,,,,Ugarit (mod. Ras Shamra),"National Museum of Syria, Damascus, Syria"
no_expected_no_live,520749,Q2169361,P520749,Cuneiform Tablet KTU3 4.652,"CDLI artifact: tablet; from Ugarit (mod. Ras Shamra); held by National Museum of Syria, Damascus, Syria; CDLI P520749",KTU3 4.652,tablet,,,,,,,,,,Ugarit (mod. Ras Shamra),"National Museum of Syria, Damascus, Syria"
no_expected_no_live,520773,Q2164066,P520773,Cuneiform Tablet KTU3 4.716,"CDLI artifact: tablet; from Ugarit (mod. Ras Shamra); held by National Museum of Syria, Damascus, Syria; CDLI P520773",KTU3 4.716,tablet,,,,,,,,,,Ugarit (mod. Ras Shamra),"National Museum of Syria, Damascus, Syria"
no_expected_no_live,520837,Q2165951,P520837,Cuneiform Tablet KTU3 4.124,"CDLI artifact: tablet; from Ugarit (mod. Ras Shamra); held by National Museum of Syria, Damascus, Syria; CDLI P520837",KTU3 4.124,tablet,,,,,,,,,,Ugarit (mod. Ras Shamra),"National Museum of Syria, Damascus, Syria"
no_expected_no_live,520860,Q1368350,P520860,Cuneiform Tablet KTU3 4.143,"CDLI artifact: tablet; from Ugarit (mod. Ras Shamra); held by National Museum of Syria, Damascus, Syria; CDLI P520860",KTU3 4.143,tablet,,,,,,,,,,Ugarit (mod. Ras Shamra),"National Museum of Syria, Damascus, Syria"
no_expected_no_live,520876,Q2162374,P520876,Cuneiform Tablet KTU3 4.160,"CDLI artifact: tablet; from Ugarit (mod. Ras Shamra); held by National Museum of Syria, Damascus, Syria; CDLI P520876",KTU3 4.160,tablet,,,,,,,,,,Ugarit (mod. Ras Shamra),"National Museum of Syria, Damascus, Syria"
no_expected_no_live,520899,Q2158626,P520899,Cuneiform Tablet KTU3 4.180,"CDLI artifact: tablet; from Ugarit (mod. Ras Shamra); held by National Museum of Syria, Damascus, Syria; CDLI P520899",KTU3 4.180,tablet,,,,,,,,,,Ugarit (mod. Ras Shamra),"National Museum of Syria, Damascus, Syria"
no_expected_no_live,520909,Q2163823,P520909,Cuneiform Tablet KTU3 4.185,"CDLI artifact: tablet; from Ugarit (mod. Ras Shamra); held by National Museum of Syria, Damascus, Syria; CDLI P520909",KTU3 4.185,tablet,,,,,,,,,,Ugarit (mod. Ras Shamra),"National Museum of Syria, Damascus, Syria"
no_expected_no_live,520925,Q2167854,P520925,Cuneiform Tablet KTU3 4.205,"CDLI artifact: tablet; from Ugarit (mod. Ras Shamra); held by National Museum of Syria, Damascus, Syria; CDLI P520925",KTU3 4.205,tablet,,,,,,,,,,Ugarit (mod. Ras Shamra),"National Museum of Syria, Damascus, Syria"
no_expected_no_live,520933,Q2154723,P520933,Cuneiform Tablet KTU3 4.213,"CDLI artifact: tablet; from Ugarit (mod. Ras Shamra); held by National Museum of Syria, Damascus, Syria; CDLI P520933",KTU3 4.213,tablet,,,,,,,,,,Ugarit (mod. Ras Shamra),"National Museum of Syria, Damascus, Syria"
no_expected_no_live,520964,Q2170217,P520964,Cuneiform Tablet KTU3 4.245,"CDLI artifact: tablet; from Ugarit (mod. Ras Shamra); held by National Museum of Syria, Damascus, Syria; CDLI P520964",KTU3 4.245,tablet,,,,,,,,,,Ugarit (mod. Ras Shamra),"National Museum of Syria, Damascus, Syria"
no_expected_no_live,520972,Q2165613,P520972,Cuneiform Tablet KTU3 4.261,"CDLI artifact: tablet; from Ugarit (mod. Ras Shamra); held by National Museum of Syria, Damascus, Syria; CDLI P520972",KTU3 4.261,tablet,,,,,,,,,,Ugarit (mod. Ras Shamra),"National Museum of Syria, Damascus, Syria"
no_expected_no_live,521027,Q2164723,P521027,Cuneiform Tablet KTU3 4.319,"CDLI artifact: tablet; from Ugarit (mod. Ras Shamra); held by National Museum of Syria, Damascus, Syria; CDLI P521027",KTU3 4.319,tablet,,,,,,,,,,Ugarit (mod. Ras Shamra),"National Museum of Syria, Damascus, Syria"
no_expected_no_live,521070,Q2162770,P521070,Cuneiform Tablet KTU3 4.369,"CDLI artifact: tablet; from Ugarit (mod. Ras Shamra); held by National Museum of Syria, Damascus, Syria; CDLI P521070",KTU3 4.369,tablet,,,,,,,,,,Ugarit (mod. Ras Shamra),"National Museum of Syria, Damascus, Syria"
no_expected_no_live,521119,Q2167372,P521119,Cuneiform Tablet KTU3 4.611,"CDLI artifact: tablet; from Ugarit (mod. Ras Shamra); held by National Museum of Syria, Damascus, Syria; CDLI P521119",KTU3 4.611,tablet,,,,,,,,,,Ugarit (mod. Ras Shamra),"National Museum of Syria, Damascus, Syria"
no_expected_no_live,521158,Q2169669,P521158,Cuneiform Tablet KTU3 4.677,"CDLI artifact: tablet; from Ugarit (mod. Ras Shamra); held by National Museum of Syria, Damascus, Syria; CDLI P521158",KTU3 4.677,tablet,,,,,,,,,,Ugarit (mod. Ras Shamra),"National Museum of Syria, Damascus, Syria"
no_expected_no_live,521162,Q2164368,P521162,Cuneiform Tablet KTU3 4.681,"CDLI artifact: tablet; from Ugarit (mod. Ras Shamra); held by National Museum of Syria, Damascus, Syria; CDLI P521162",KTU3 4.681,tablet,,,,,,,,,,Ugarit (mod. Ras Shamra),"National Museum of Syria, Damascus, Syria"
no_expected_no_live,521226,Q2170075,P521226,Cuneiform Tablet KTU3 4.799,"CDLI artifact: tablet; from Ugarit (mod. Ras Shamra); held by National Museum of Syria, Damascus, Syria; CDLI P521226",KTU3 4.799,tablet,,,,,,,,,,Ugarit (mod. Ras Shamra),"National Museum of Syria, Damascus, Syria"
no_expected_no_live,521230,Q2165747,P521230,Cuneiform Tablet KTU3 2.86,"CDLI artifact: tablet; from Ugarit (mod. Ras Shamra); held by National Museum of Syria, Damascus, Syria; CDLI P521230",KTU3 2.86,tablet,,,,,,,,,,Ugarit (mod. Ras Shamra),"National Museum of Syria, Damascus, Syria"
no_expected_no_live,521267,Q2167706,P521267,Cuneiform Tablet KTU3 4.864,"CDLI artifact: tablet; from Ugarit (mod. Ras Shamra); held by National Museum of Syria, Damascus, Syria; CDLI P521267",KTU3 4.864,tablet,,,,,,,,,,Ugarit (mod. Ras Shamra),"National Museum of Syria, Damascus, Syria"
no_expected_no_live,521271,Q2158333,P521271,Cuneiform Tablet KTU3 2.107,"CDLI artifact: tablet; from Ugarit (mod. Ras Shamra); held by National Museum of Syria, Damascus, Syria; CDLI P521271",KTU3 2.107,tablet,,,,,,,,,,Ugarit (mod. Ras Shamra),"National Museum of Syria, Damascus, Syria"
no_expected_no_live,521288,Q2014520,P521288,Cuneiform Tablet KTU3 5.34,"CDLI artifact: tablet; from Ugarit (mod. Ras Shamra); held by National Museum of Syria, Damascus, Syria; CDLI P521288",KTU3 5.34,tablet,,,,,,,,,,Ugarit (mod. Ras Shamra),"National Museum of Syria, Damascus, Syria"
no_expected_no_live,521322,Q2168510,P521322,"Cuneiform Tablet BAH 214, 64","CDLI artifact: tablet; from uncertain (mod. Ras Ibn Hani); held by National Museum of Syria, Damascus, Syria; CDLI P521322","BAH 214, 64",tablet,,,,,,,,,,uncertain (mod. Ras Ibn Hani),"National Museum of Syria, Damascus, Syria"
no_expected_no_live,521334,Q2164600,P521334,"Cuneiform Tablet BAH 214, 74","CDLI artifact: tablet; from uncertain (mod. Ras Ibn Hani); held by National Museum of Syria, Damascus, Syria; CDLI P521334","BAH 214, 74",tablet,,,,,,,,,,uncertain (mod. Ras Ibn Hani),"National Museum of Syria, Damascus, Syria"
no_expected_no_live,521375,Q2166120,P521375,Cuneiform Tablet KTU3 4.16,"CDLI artifact: tablet; from Ugarit (mod. Ras Shamra); held by National Museum of Syria, Aleppo, Syria; CDLI P521375",KTU3 4.16,tablet,,,,,,,,,,Ugarit (mod. Ras Shamra),"National Museum of Syria, Aleppo, Syria"
no_expected_no_live,521420,Q2162639,P521420,Cuneiform Tablet KTU3 2.94,"CDLI artifact: tablet; from Ugarit (mod. Ras Shamra); held by National Museum of Syria, Aleppo, Syria; CDLI P521420",KTU3 2.94,tablet,,,,,,,,,,Ugarit (mod. Ras Shamra),"National Museum of Syria, Aleppo, Syria"
no_expected_no_live,521660,Q1975354,P521660,"Cuneiform Tablet AchHist 15, 209","Akkadian administrative tablet found in the borsippa provenience, dated to an unspecified period and currently held in the british museum, london, uk.","AchHist 15, 209",tablet,,,,,,,,,,Borsippa (mod. Birs Nimrud),"British Museum, London, UK"
no_expected_no_live,522037,Q2163560,P522037,Cuneiform Artifact CDLI Seals 015480 (physical),CDLI artifact: seal (not impression); held by anonymous; CDLI P522037,CDLI Seals 015480 (physical),seal (not impression),,,,,,,,,,,anonymous
no_expected_no_live,522298,Q2146061,P522298,Cuneiform Artifact CDLI Seals 015300 (physical),"CDLI artifact: Cylinder seal; held by Museum of Archaeology and Anthropology, University of Cambridge, Cambridge, UK; CDLI P522298",CDLI Seals 015300 (physical),Cylinder seal,,,,,,,,,,,"Museum of Archaeology and Anthropology, University of Cambridge, Cambridge, UK"
no_expected_no_live,522324,Q2169506,P522324,Cuneiform Artifact CDLI Seals 015326 (physical),"CDLI artifact: seal (not impression); from Ur (mod. Tell Muqayyar); held by Museum of Archaeology and Anthropology, University of Cambridge, Cambridge, UK; CDLI P522324",CDLI Seals 015326 (physical),seal (not impression),,,,,,,,,,Ur (mod. Tell Muqayyar),"Museum of Archaeology and Anthropology, University of Cambridge, Cambridge, UK"
no_expected_no_live,522332,Q2144329,P522332,Cuneiform Artifact CDLI Seals 015334 (physical),"CDLI artifact: seal (not impression); from Ur (mod. Tell Muqayyar); held by Museum of Archaeology and Anthropology, University of Cambridge, Cambridge, UK; CDLI P522332",CDLI Seals 015334 (physical),seal (not impression),,,,,,,,,,Ur (mod. Tell Muqayyar),"Museum of Archaeology and Anthropology, University of Cambridge, Cambridge, UK"
no_expected_no_live,522349,Q2162127,P522349,Cuneiform Artifact CDLI Seals 015351 (physical),"CDLI artifact: seal (not impression); held by Museum of Archaeology and Anthropology, University of Cambridge, Cambridge, UK; CDLI P522349",CDLI Seals 015351 (physical),seal (not impression),,,,,,,,,,,"Museum of Archaeology and Anthropology, University of Cambridge, Cambridge, UK"
no_expected_no_live,523574,Q2167537,P523574,Cuneiform Artifact CDLI Seals 015015 (physical),"CDLI artifact: Stamp seal; held by Schøyen Collection, Oslo, Norway; CDLI P523574",CDLI Seals 015015 (physical),Stamp seal,,,,,,,,,,,"Schøyen Collection, Oslo, Norway"
no_expected_no_live,523626,Q2163836,P523626,Cuneiform Artifact CDLI Seals 015067 (physical),"CDLI artifact: Stamp seal; held by Schøyen Collection, Oslo, Norway; CDLI P523626",CDLI Seals 015067 (physical),Stamp seal,,,,,,,,,,,"Schøyen Collection, Oslo, Norway"
no_expected_no_live,523718,Q2165962,P523718,Cuneiform Artifact CDLI Seals 015159 (physical),"CDLI artifact: Stamp seal; held by Schøyen Collection, Oslo, Norway; CDLI P523718",CDLI Seals 015159 (physical),Stamp seal,,,,,,,,,,,"Schøyen Collection, Oslo, Norway"
no_expected_no_live,524989,Q1992503,P524989,Cuneiform Tablet NMI BK 00574,School tablet from an unspecified location.,NMI BK 00574,,,,,,,,,,,,"National Museum, Tehran, Iran"
no_expected_no_live,528553,Q2168398,P528553,Cuneiform Artifact CDLI Seals 015913 (physical),"CDLI artifact: Stamp seal; held by Ashmolean Museum, Oxford, UK; CDLI P528553",CDLI Seals 015913 (physical),Stamp seal,,,,,,,,,,,"Ashmolean Museum, Oxford, UK"
no_expected_no_live,528590,Q2163756,P528590,Cuneiform Artifact CDLI Seals 016649 (physical),"CDLI artifact: Stamp seal; held by Ashmolean Museum, Oxford, UK; CDLI P528590",CDLI Seals 016649 (physical),Stamp seal,,,,,,,,,,,"Ashmolean Museum, Oxford, UK"
no_expected_no_live,528601,Q2162386,P528601,Cuneiform Artifact CDLI Seals 016680 (physical),"CDLI artifact: Stamp seal; held by Ashmolean Museum, Oxford, UK; CDLI P528601",CDLI Seals 016680 (physical),Stamp seal,,,,,,,,,,,"Ashmolean Museum, Oxford, UK"
no_expected_no_live,528656,Q2165252,P528656,Cuneiform Artifact CDLI Seals 015624 (physical),"CDLI artifact: Stamp seal; held by Ashmolean Museum, Oxford, UK; CDLI P528656",CDLI Seals 015624 (physical),Stamp seal,,,,,,,,,,,"Ashmolean Museum, Oxford, UK"
no_expected_no_live,528695,Q2146288,P528695,Cuneiform Artifact CDLI Seals 015691 (physical),"CDLI artifact: Stamp seal; from Lachish (mod. Tell ed-Duweir); held by Ashmolean Museum, Oxford, UK; CDLI P528695",CDLI Seals 015691 (physical),Stamp seal,,,,,,,,,,Lachish (mod. Tell ed-Duweir),"Ashmolean Museum, Oxford, UK"
no_expected_no_live,528713,Q2164256,P528713,Cuneiform Artifact CDLI Seals 015727 (physical),"CDLI artifact: Stamp seal; held by Ashmolean Museum, Oxford, UK; CDLI P528713",CDLI Seals 015727 (physical),Stamp seal,,,,,,,,,,,"Ashmolean Museum, Oxford, UK"
no_expected_no_live,528729,Q2169554,P528729,Cuneiform Artifact CDLI Seals 015759 (physical),"CDLI artifact: Stamp seal; held by Ashmolean Museum, Oxford, UK; CDLI P528729",CDLI Seals 015759 (physical),Stamp seal,,,,,,,,,,,"Ashmolean Museum, Oxford, UK"
no_expected_no_live,528744,Q2162161,P528744,Cuneiform Artifact CDLI Seals 015791 (physical),"CDLI artifact: Stamp seal; held by Ashmolean Museum, Oxford, UK; CDLI P528744",CDLI Seals 015791 (physical),Stamp seal,,,,,,,,,,,"Ashmolean Museum, Oxford, UK"
no_expected_no_live,528768,Q2167190,P528768,Cuneiform Artifact CDLI Seals 015844 (physical),"CDLI artifact: Stamp seal; from uncertain (mod. Tell Kar); held by Ashmolean Museum, Oxford, UK; CDLI P528768",CDLI Seals 015844 (physical),Stamp seal,,,,,,,,,,uncertain (mod. Tell Kar),"Ashmolean Museum, Oxford, UK"
no_expected_no_live,528787,Q2166806,P528787,Cuneiform Artifact CDLI Seals 015870 (physical),"CDLI artifact: Stamp seal; held by Ashmolean Museum, Oxford, UK; CDLI P528787",CDLI Seals 015870 (physical),Stamp seal,,,,,,,,,,,"Ashmolean Museum, Oxford, UK"
no_expected_no_live,528800,Q2168556,P528800,Cuneiform Artifact CDLI Seals 015892 (physical),"CDLI artifact: Stamp seal; from Karkemish (mod. Djerabis); held by Ashmolean Museum, Oxford, UK; CDLI P528800",CDLI Seals 015892 (physical),Stamp seal,,,,,,,,,,Karkemish (mod. Djerabis),"Ashmolean Museum, Oxford, UK"
no_expected_no_live,528816,Q2164129,P528816,Cuneiform Artifact CDLI Seals 015927 (physical),"CDLI artifact: Stamp seal; held by Ashmolean Museum, Oxford, UK; CDLI P528816",CDLI Seals 015927 (physical),Stamp seal,,,,,,,,,,,"Ashmolean Museum, Oxford, UK"
no_expected_no_live,528857,Q2166146,P528857,Cuneiform Artifact CDLI Seals 016681 (physical),"CDLI artifact: Stamp seal; held by Ashmolean Museum, Oxford, UK; CDLI P528857",CDLI Seals 016681 (physical),Stamp seal,,,,,,,,,,,"Ashmolean Museum, Oxford, UK"
no_expected_no_live,528904,Q2170041,P528904,Cuneiform Artifact CDLI Seals 016284 (physical),"CDLI artifact: Stamp seal; held by Ashmolean Museum, Oxford, UK; CDLI P528904",CDLI Seals 016284 (physical),Stamp seal,,,,,,,,,,,"Ashmolean Museum, Oxford, UK"
no_expected_no_live,528912,Q2165788,P528912,Cuneiform Artifact CDLI Seals 016302 (physical),"CDLI artifact: Stamp seal; held by Ashmolean Museum, Oxford, UK; CDLI P528912",CDLI Seals 016302 (physical),Stamp seal,,,,,,,,,,,"Ashmolean Museum, Oxford, UK"
no_expected_no_live,528945,Q2167749,P528945,Cuneiform Artifact CDLI Seals 015680 (physical),"CDLI artifact: Stamp seal; held by Ashmolean Museum, Oxford, UK; CDLI P528945",CDLI Seals 015680 (physical),Stamp seal,,,,,,,,,,,"Ashmolean Museum, Oxford, UK"
no_expected_no_live,528953,Q2157531,P528953,Cuneiform Artifact CDLI Seals 015696 (physical),"CDLI artifact: Stamp seal; from Karkemish (mod. Djerabis); held by Ashmolean Museum, Oxford, UK; CDLI P528953",CDLI Seals 015696 (physical),Stamp seal,,,,,,,,,,Karkemish (mod. Djerabis),"Ashmolean Museum, Oxford, UK"
no_expected_no_live,528969,Q2163938,P528969,Cuneiform Artifact CDLI Seals 015728 (physical),"CDLI artifact: Stamp seal; held by Ashmolean Museum, Oxford, UK; CDLI P528969",CDLI Seals 015728 (physical),Stamp seal,,,,,,,,,,,"Ashmolean Museum, Oxford, UK"
no_expected_no_live,528986,Q2162946,P528986,Cuneiform Artifact CDLI Seals 016398 (physical),"CDLI artifact: Stamp seal; held by Ashmolean Museum, Oxford, UK; CDLI P528986",CDLI Seals 016398 (physical),Stamp seal,,,,,,,,,,,"Ashmolean Museum, Oxford, UK"
no_expected_no_live,529010,Q2162648,P529010,Cuneiform Artifact CDLI Seals 015817 (physical),"CDLI artifact: Stamp seal; held by Ashmolean Museum, Oxford, UK; CDLI P529010",CDLI Seals 015817 (physical),Stamp seal,,,,,,,,,,,"Ashmolean Museum, Oxford, UK"
no_expected_no_live,529047,Q2164956,P529047,Cuneiform Artifact CDLI Seals 016529 (physical),"CDLI artifact: Stamp seal; held by Ashmolean Museum, Oxford, UK; CDLI P529047",CDLI Seals 016529 (physical),Stamp seal,,,,,,,,,,,"Ashmolean Museum, Oxford, UK"
no_expected_no_live,529084,Q2063712,P529084,Cuneiform Artifact CDLI Seals 016611 (physical),"CDLI artifact: Stamp seal; held by Ashmolean Museum, Oxford, UK; CDLI P529084",CDLI Seals 016611 (physical),Stamp seal,,,,,,,,,,,"Ashmolean Museum, Oxford, UK"
no_expected_no_live,529092,Q2169743,P529092,Cuneiform Artifact CDLI Seals 015953 (physical),"CDLI artifact: Stamp seal; held by Ashmolean Museum, Oxford, UK; CDLI P529092",CDLI Seals 015953 (physical),Stamp seal,,,,,,,,,,,"Ashmolean Museum, Oxford, UK"
no_expected_no_live,529102,Q2164549,P529102,Cuneiform Artifact CDLI Seals 016650 (physical),"CDLI artifact: Stamp seal; held by Ashmolean Museum, Oxford, UK; CDLI P529102",CDLI Seals 016650 (physical),Stamp seal,,,,,,,,,,,"Ashmolean Museum, Oxford, UK"
no_expected_no_live,529179,Q2167492,P529179,Cuneiform Artifact CDLI Seals 016326 (physical),"CDLI artifact: Stamp seal; held by Ashmolean Museum, Oxford, UK; CDLI P529179",CDLI Seals 016326 (physical),Stamp seal,,,,,,,,,,,"Ashmolean Museum, Oxford, UK"
no_expected_no_live,529196,Q2166511,P529196,Cuneiform Artifact CDLI Seals 016346 (physical),"CDLI artifact: Stamp seal; held by Ashmolean Museum, Oxford, UK; CDLI P529196",CDLI Seals 016346 (physical),Stamp seal,,,,,,,,,,,"Ashmolean Museum, Oxford, UK"
no_expected_no_live,529207,Q2167890,P529207,Cuneiform Artifact CDLI Seals 016359 (physical),"CDLI artifact: Stamp seal; held by Ashmolean Museum, Oxford, UK; CDLI P529207",CDLI Seals 016359 (physical),Stamp seal,,,,,,,,,,,"Ashmolean Museum, Oxford, UK"
no_expected_no_live,529211,Q2154147,P529211,Cuneiform Artifact CDLI Seals 016363 (physical),"CDLI artifact: Stamp seal; held by Ashmolean Museum, Oxford, UK; CDLI P529211",CDLI Seals 016363 (physical),Stamp seal,,,,,,,,,,,"Ashmolean Museum, Oxford, UK"
no_expected_no_live,529246,Q2170189,P529246,Cuneiform Artifact CDLI Seals 016407 (physical),"CDLI artifact: Stamp seal; held by Ashmolean Museum, Oxford, UK; CDLI P529246",CDLI Seals 016407 (physical),Stamp seal,,,,,,,,,,,"Ashmolean Museum, Oxford, UK"
no_expected_no_live,529250,Q2165650,P529250,Cuneiform Artifact CDLI Seals 016415 (physical),"CDLI artifact: Stamp seal; held by Ashmolean Museum, Oxford, UK; CDLI P529250",CDLI Seals 016415 (physical),Stamp seal,,,,,,,,,,,"Ashmolean Museum, Oxford, UK"
no_expected_no_live,529315,Q2165984,P529315,Cuneiform Artifact CDLI Seals 016552 (physical),"CDLI artifact: Stamp seal; held by Ashmolean Museum, Oxford, UK; CDLI P529315",CDLI Seals 016552 (physical),Stamp seal,,,,,,,,,,,"Ashmolean Museum, Oxford, UK"
no_expected_no_live,529342,Q1938263,P529342,Cuneiform Artifact CDLI Seals 016617 (physical),"CDLI artifact: Stamp seal; from Karkemish (mod. Djerabis); held by Ashmolean Museum, Oxford, UK; CDLI P529342",CDLI Seals 016617 (physical),Stamp seal,,,,,,,,,,Karkemish (mod. Djerabis),"Ashmolean Museum, Oxford, UK"
no_expected_no_live,529354,Q2161430,P529354,Cuneiform Artifact CDLI Seals 016640 (physical),"CDLI artifact: Stamp seal; held by Ashmolean Museum, Oxford, UK; CDLI P529354",CDLI Seals 016640 (physical),Stamp seal,,,,,,,,,,,"Ashmolean Museum, Oxford, UK"
no_expected_no_live,529381,Q2164022,P529381,Cuneiform Artifact CDLI Seals 016709 (physical),"CDLI artifact: Stamp seal; held by Ashmolean Museum, Oxford, UK; CDLI P529381",CDLI Seals 016709 (physical),Stamp seal,,,,,,,,,,,"Ashmolean Museum, Oxford, UK"
no_expected_no_live,529417,Q2164835,P529417,Cuneiform Artifact CDLI Seals 016288 (physical),"CDLI artifact: Stamp seal; held by Ashmolean Museum, Oxford, UK; CDLI P529417",CDLI Seals 016288 (physical),Stamp seal,,,,,,,,,,,"Ashmolean Museum, Oxford, UK"
no_expected_no_live,529440,Q2162812,P529440,Cuneiform Artifact CDLI Seals 016776 (physical),"CDLI artifact: Stamp seal; held by Ashmolean Museum, Oxford, UK; CDLI P529440",CDLI Seals 016776 (physical),Stamp seal,,,,,,,,,,,"Ashmolean Museum, Oxford, UK"
no_expected_no_live,530231,Q2162679,P530231,Cuneiform Artifact CDLI Seals 014553 (physical),"CDLI artifact: seal (not impression); held by Rijksmuseum van Oudheden, Leiden, Holland; CDLI P530231",CDLI Seals 014553 (physical),seal (not impression),,,,,,,,,,,"Rijksmuseum van Oudheden, Leiden, Holland"
no_expected_no_live,530319,Q2169882,P530319,Cuneiform Artifact CDLI Seals 014641 (physical),"CDLI artifact: seal (not impression); held by Rijksmuseum van Oudheden, Leiden, Holland; CDLI P530319",CDLI Seals 014641 (physical),seal (not impression),,,,,,,,,,,"Rijksmuseum van Oudheden, Leiden, Holland"
no_expected_no_live,530323,Q2164586,P530323,Cuneiform Artifact CDLI Seals 014645 (physical),"CDLI artifact: seal (not impression); held by Rijksmuseum van Oudheden, Leiden, Holland; CDLI P530323",CDLI Seals 014645 (physical),seal (not impression),,,,,,,,,,,"Rijksmuseum van Oudheden, Leiden, Holland"
no_expected_no_live,530421,Q2165842,P530421,Cuneiform Artifact CDLI Seals 014743 (physical),"CDLI artifact: seal (not impression); held by Rijksmuseum van Oudheden, Leiden, Holland; CDLI P530421",CDLI Seals 014743 (physical),seal (not impression),,,,,,,,,,,"Rijksmuseum van Oudheden, Leiden, Holland"
no_expected_no_live,530564,Q2166041,P530564,Cuneiform Artifact CDLI Seals 014886 (physical),"CDLI artifact: seal (not impression); held by Rijksmuseum van Oudheden, Leiden, Holland; CDLI P530564",CDLI Seals 014886 (physical),seal (not impression),,,,,,,,,,,"Rijksmuseum van Oudheden, Leiden, Holland"
no_expected_no_live,530636,Q2164678,P530636,Cuneiform Artifact CDLI Seals 014958 (physical),"CDLI artifact: seal (not impression); held by Rijksmuseum van Oudheden, Leiden, Holland; CDLI P530636",CDLI Seals 014958 (physical),seal (not impression),,,,,,,,,,,"Rijksmuseum van Oudheden, Leiden, Holland"
no_expected_no_live,530708,Q2167474,P530708,Cuneiform Artifact CDLI Seals 015196 (physical),"CDLI artifact: seal (not impression); held by de Liagre Böhl Collection, Netherlands Institute for the Near East, Leiden, The Netherlands; CDLI P530708",CDLI Seals 015196 (physical),seal (not impression),,,,,,,,,,,"de Liagre Böhl Collection, Netherlands Institute for the Near East, Leiden, The Netherlands"
no_expected_no_live,530749,Q2169718,P530749,Cuneiform Artifact CDLI Seals 015237 (physical),"CDLI artifact: seal (not impression); held by de Liagre Böhl Collection, Netherlands Institute for the Near East, Leiden, The Netherlands; CDLI P530749",CDLI Seals 015237 (physical),seal (not impression),,,,,,,,,,,"de Liagre Böhl Collection, Netherlands Institute for the Near East, Leiden, The Netherlands"
no_expected_no_live,530773,Q2164458,P530773,Cuneiform Artifact CDLI Seals 015261 (physical),"CDLI artifact: seal (not impression); held by de Liagre Böhl Collection, Netherlands Institute for the Near East, Leiden, The Netherlands; CDLI P530773",CDLI Seals 015261 (physical),seal (not impression),,,,,,,,,,,"de Liagre Böhl Collection, Netherlands Institute for the Near East, Leiden, The Netherlands"
no_expected_no_live,533276,Q2163767,P533276,Cuneiform Artifact CDLI Seals 001735.6 (composite),CDLI artifact: seal (not impression); CDLI P533276,CDLI Seals 001735.6 (composite),seal (not impression),,,,,,,,,,,
no_expected_no_live,533299,Q2163306,P533299,Cuneiform Artifact CDLI Seals 001801.2 (composite),CDLI artifact: seal (not impression); CDLI P533299,CDLI Seals 001801.2 (composite),seal (not impression),,,,,,,,,,,
no_expected_no_live,533309,Q2168450,P533309,Cuneiform Artifact CDLI Seals 001828.1 (composite),CDLI artifact: seal (not impression); CDLI P533309,CDLI Seals 001828.1 (composite),seal (not impression),,,,,,,,,,,
no_expected_no_live,533333,Q2163406,P533333,Cuneiform Artifact CDLI Seals 001960.3 (composite),CDLI artifact: seal (not impression); CDLI P533333,CDLI Seals 001960.3 (composite),seal (not impression),,,,,,,,,,,
no_expected_no_live,533348,Q2166344,P533348,Cuneiform Artifact CDLI Seals 002054.03 (composite),CDLI artifact: seal (not impression); CDLI P533348,CDLI Seals 002054.03 (composite),seal (not impression),,,,,,,,,,,
no_expected_no_live,533431,Q2166945,P533431,Cuneiform Artifact CDLI Seals 002498.3 (composite),CDLI artifact: seal (not impression); CDLI P533431,CDLI Seals 002498.3 (composite),seal (not impression),,,,,,,,,,,
no_expected_no_live,533466,Q2026027,P533466,Cuneiform Artifact CDLI Seals 002584.3 (composite),CDLI artifact: seal (not impression); CDLI P533466,CDLI Seals 002584.3 (composite),seal (not impression),,,,,,,,,,,
no_expected_no_live,533470,Q2169219,P533470,Cuneiform Artifact CDLI Seals 002586.1 (composite),CDLI artifact: seal (not impression); CDLI P533470,CDLI Seals 002586.1 (composite),seal (not impression),,,,,,,,,,,
no_expected_no_live,533489,Q2147074,P533489,Cuneiform Artifact CDLI Seals 002738.1 (composite),CDLI artifact: seal (not impression); CDLI P533489,CDLI Seals 002738.1 (composite),seal (not impression),,,,,,,,,,,
no_expected_no_live,533523,Q2142791,P533523,Cuneiform Artifact CDLI Seals 002811.2 (composite),CDLI artifact: seal (not impression); CDLI P533523,CDLI Seals 002811.2 (composite),seal (not impression),,,,,,,,,,,
no_expected_no_live,533535,Q2169572,P533535,Cuneiform Artifact CDLI Seals 002827.1 (composite),CDLI artifact: seal (not impression); CDLI P533535,CDLI Seals 002827.1 (composite),seal (not impression),,,,,,,,,,,
no_expected_no_live,533574,Q2167302,P533574,Cuneiform Artifact CDLI Seals 003006.01b (composite),CDLI artifact: seal (not impression); CDLI P533574,CDLI Seals 003006.01b (composite),seal (not impression),,,,,,,,,,,
no_expected_no_live,533626,Q2163601,P533626,Cuneiform Artifact CDLI Seals 003235.3 (composite),CDLI artifact: seal (not impression); CDLI P533626,CDLI Seals 003235.3 (composite),seal (not impression),,,,,,,,,,,
no_expected_no_live,533718,Q2166184,P533718,Cuneiform Artifact CDLI Seals 003535.3 (composite),CDLI artifact: seal (not impression); CDLI P533718,CDLI Seals 003535.3 (composite),seal (not impression),,,,,,,,,,,
no_expected_no_live,533759,Q2165920,P533759,Cuneiform Artifact CDLI Seals 003656.3 (composite),CDLI artifact: seal (not impression); CDLI P533759,CDLI Seals 003656.3 (composite),seal (not impression),,,,,,,,,,,
no_expected_no_live,533763,Q2163234,P533763,Cuneiform Artifact CDLI Seals 003673.4 (composite),CDLI artifact: seal (not impression); CDLI P533763,CDLI Seals 003673.4 (composite),seal (not impression),,,,,,,,,,,
no_expected_no_live,533827,Q2167453,P533827,Cuneiform Artifact CDLI Seals 004003.2 (composite),CDLI artifact: seal (not impression); CDLI P533827,CDLI Seals 004003.2 (composite),seal (not impression),,,,,,,,,,,
no_expected_no_live,533866,Q2169730,P533866,Cuneiform Artifact CDLI Seals 004155.3 (composite),CDLI artifact: seal (not impression); CDLI P533866,CDLI Seals 004155.3 (composite),seal (not impression),,,,,,,,,,,
no_expected_no_live,533870,Q2063714,P533870,Cuneiform Artifact CDLI Seals 004301.1 (composite),CDLI artifact: seal (not impression); CDLI P533870,CDLI Seals 004301.1 (composite),seal (not impression),,,,,,,,,,,
no_expected_no_live,533889,Q2169062,P533889,Cuneiform Artifact CDLI Seals 004330.4 (composite),CDLI artifact: seal (not impression); CDLI P533889,CDLI Seals 004330.4 (composite),seal (not impression),,,,,,,,,,,
no_expected_no_live,533919,Q2164666,P533919,Cuneiform Artifact CDLI Seals 004445.3 (composite),CDLI artifact: seal (not impression); CDLI P533919,CDLI Seals 004445.3 (composite),seal (not impression),,,,,,,,,,,
no_expected_no_live,533923,Q2168807,P533923,Cuneiform Artifact CDLI Seals 004452.3 (composite),CDLI artifact: seal (not impression); CDLI P533923,CDLI Seals 004452.3 (composite),seal (not impression),,,,,,,,,,,
no_expected_no_live,533935,Q2047902,P533935,Cuneiform Artifact CDLI Seals 004518.2 (composite),CDLI artifact: seal (not impression); CDLI P533935,CDLI Seals 004518.2 (composite),seal (not impression),,,,,,,,,,,
no_expected_no_live,533962,Q2166506,P533962,Cuneiform Artifact CDLI Seals 004746.1 (composite),CDLI artifact: seal (not impression); CDLI P533962,CDLI Seals 004746.1 (composite),seal (not impression),,,,,,,,,,,
no_expected_no_live,534024,Q2170311,P534024,Cuneiform Artifact CDLI Seals 005314.4 (composite),CDLI artifact: seal (not impression); CDLI P534024,CDLI Seals 005314.4 (composite),seal (not impression),,,,,,,,,,,
no_expected_no_live,534032,Q2165467,P534032,Cuneiform Artifact CDLI Seals 005342.2 (composite),CDLI artifact: seal (not impression); CDLI P534032,CDLI Seals 005342.2 (composite),seal (not impression),,,,,,,,,,,
no_expected_no_live,534049,Q2163654,P534049,Cuneiform Artifact CDLI Seals 005365.2 (composite),CDLI artifact: seal (not impression); CDLI P534049,CDLI Seals 005365.2 (composite),seal (not impression),,,,,,,,,,,
no_expected_no_live,534065,Q2168052,P534065,Cuneiform Artifact CDLI Seals 005453.1 (composite),CDLI artifact: seal (not impression); CDLI P534065,CDLI Seals 005453.1 (composite),seal (not impression),,,,,,,,,,,
no_expected_no_live,534073,Q2151593,P534073,Cuneiform Artifact CDLI Seals 005470.1 (composite),CDLI artifact: seal (not impression); CDLI P534073,CDLI Seals 005470.1 (composite),seal (not impression),,,,,,,,,,,
no_expected_no_live,534120,Q2168270,P534120,Cuneiform Artifact CDLI Seals 005673.3 (composite),CDLI artifact: seal (not impression); CDLI P534120,CDLI Seals 005673.3 (composite),seal (not impression),,,,,,,,,,,
no_expected_no_live,537976,Q2017697,P537976,Cuneiform Artifact CDLI Seals 017151 (physical),"CDLI artifact: Cylinder seal; from uncertain (mod. uncertain); held by Louvre Museum, Paris, France; CDLI P537976",CDLI Seals 017151 (physical),Cylinder seal,,,,,,,,,,uncertain (mod. uncertain),"Louvre Museum, Paris, France"
no_expected_no_live,538085,Q2163016,P538085,Cuneiform Artifact CDLI Seals 017260 (physical),"CDLI artifact: Cylinder seal; from uncertain (mod. uncertain); held by Louvre Museum, Paris, France; CDLI P538085",CDLI Seals 017260 (physical),Cylinder seal,,,,,,,,,,uncertain (mod. uncertain),"Louvre Museum, Paris, France"
no_expected_no_live,538590,Q2163981,P538590,Cuneiform Artifact CDLI Seals 017765 (physical),"CDLI artifact: Cylinder seal; held by Louvre Museum, Paris, France; CDLI P538590",CDLI Seals 017765 (physical),Cylinder seal,,,,,,,,,,,"Louvre Museum, Paris, France"
no_expected_no_live,538601,Q2162748,P538601,Cuneiform Artifact CDLI Seals 017776 (physical),"CDLI artifact: Cylinder seal; held by Louvre Museum, Paris, France; CDLI P538601",CDLI Seals 017776 (physical),Cylinder seal,,,,,,,,,,,"Louvre Museum, Paris, France"
no_expected_no_live,538656,Q2164900,P538656,Cuneiform Artifact CDLI Seals 017831 (physical),"CDLI artifact: Cylinder seal; held by Louvre Museum, Paris, France; CDLI P538656",CDLI Seals 017831 (physical),Cylinder seal,,,,,,,,,,,"Louvre Museum, Paris, France"
no_expected_no_live,538695,Q2063926,P538695,Cuneiform Artifact CDLI Seals 017870 (physical),"CDLI artifact: Cylinder seal; from Girsu (mod. Tello); held by Louvre Museum, Paris, France; CDLI P538695",CDLI Seals 017870 (physical),Cylinder seal,,,,,,,,,,Girsu (mod. Tello),"Louvre Museum, Paris, France"
no_expected_no_live,538800,Q2168343,P538800,Cuneiform Artifact CDLI Seals 017978 (physical),"CDLI artifact: Stamp seal; from Girsu (mod. Tello); held by Louvre Museum, Paris, France; CDLI P538800",CDLI Seals 017978 (physical),Stamp seal,,,,,,,,,,Girsu (mod. Tello),"Louvre Museum, Paris, France"
no_expected_no_live,538816,Q2167609,P538816,Cuneiform Artifact CDLI Seals 017994 (physical),"CDLI artifact: Cylinder seal; held by Louvre Museum, Paris, France; CDLI P538816",CDLI Seals 017994 (physical),Cylinder seal,,,,,,,,,,,"Louvre Museum, Paris, France"
no_expected_no_live,538841,Q2170595,P538841,Cuneiform Artifact CDLI Seals 018019 (physical),"CDLI artifact: Cylinder seal; held by Louvre Museum, Paris, France; CDLI P538841",CDLI Seals 018019 (physical),Cylinder seal,,,,,,,,,,,"Louvre Museum, Paris, France"
no_expected_no_live,538857,Q2166400,P538857,Cuneiform Artifact CDLI Seals 018035 (physical),"CDLI artifact: Cylinder seal; held by Louvre Museum, Paris, France; CDLI P538857",CDLI Seals 018035 (physical),Cylinder seal,,,,,,,,,,,"Louvre Museum, Paris, France"
no_expected_no_live,538945,Q2167994,P538945,Cuneiform Artifact CDLI Seals 018123 (physical),"CDLI artifact: Cylinder seal; held by Louvre Museum, Paris, France; CDLI P538945",CDLI Seals 018123 (physical),Cylinder seal,,,,,,,,,,,"Louvre Museum, Paris, France"
no_expected_no_live,538953,Q2152276,P538953,Cuneiform Artifact CDLI Seals 018131 (physical),"CDLI artifact: Cylinder seal; held by Louvre Museum, Paris, France; CDLI P538953",CDLI Seals 018131 (physical),Cylinder seal,,,,,,,,,,,"Louvre Museum, Paris, France"
no_expected_no_live,539092,Q2169341,P539092,Cuneiform Artifact CDLI Seals 018270 (physical),"CDLI artifact: Cylinder seal; from Kish (mod. Tell Uhaimir); held by Louvre Museum, Paris, France; CDLI P539092",CDLI Seals 018270 (physical),Cylinder seal,,,,,,,,,,Kish (mod. Tell Uhaimir),"Louvre Museum, Paris, France"
no_expected_no_live,539102,Q2164347,P539102,Cuneiform Artifact CDLI Seals 018280 (physical),"CDLI artifact: Cylinder seal; held by Louvre Museum, Paris, France; CDLI P539102",CDLI Seals 018280 (physical),Cylinder seal,,,,,,,,,,,"Louvre Museum, Paris, France"
no_expected_no_live,539138,Q2169608,P539138,Cuneiform Artifact CDLI Seals 018316 (physical),"CDLI artifact: Cylinder seal; from uncertain (mod. Tepe Sialk); held by Louvre Museum, Paris, France; CDLI P539138",CDLI Seals 018316 (physical),Cylinder seal,,,,,,,,,,uncertain (mod. Tepe Sialk),"Louvre Museum, Paris, France"
no_expected_no_live,539179,Q2167286,P539179,Cuneiform Artifact CDLI Seals 018357 (physical),"CDLI artifact: Cylinder seal; held by Louvre Museum, Paris, France; CDLI P539179",CDLI Seals 018357 (physical),Cylinder seal,,,,,,,,,,,"Louvre Museum, Paris, France"
no_expected_no_live,539196,Q2166891,P539196,Cuneiform Artifact CDLI Seals 018374 (physical),"CDLI artifact: Cylinder seal; held by Louvre Museum, Paris, France; CDLI P539196",CDLI Seals 018374 (physical),Cylinder seal,,,,,,,,,,,"Louvre Museum, Paris, France"
no_expected_no_live,539207,Q2168139,P539207,Cuneiform Artifact CDLI Seals 018385 (physical),"CDLI artifact: Cylinder seal; held by Louvre Museum, Paris, France; CDLI P539207",CDLI Seals 018385 (physical),Cylinder seal,,,,,,,,,,,"Louvre Museum, Paris, France"
no_expected_no_live,539211,Q2149675,P539211,Cuneiform Artifact CDLI Seals 018389 (physical),"CDLI artifact: Cylinder seal; held by Louvre Museum, Paris, France; CDLI P539211",CDLI Seals 018389 (physical),Cylinder seal,,,,,,,,,,,"Louvre Museum, Paris, France"
no_expected_no_live,539246,Q2170376,P539246,Cuneiform Artifact CDLI Seals 018424 (physical),"CDLI artifact: Cylinder seal; held by Louvre Museum, Paris, France; CDLI P539246",CDLI Seals 018424 (physical),Cylinder seal,,,,,,,,,,,"Louvre Museum, Paris, France"
no_expected_no_live,539250,Q2165412,P539250,Cuneiform Artifact CDLI Seals 018428 (physical),"CDLI artifact: Cylinder seal; held by Louvre Museum, Paris, France; CDLI P539250",CDLI Seals 018428 (physical),Cylinder seal,,,,,,,,,,,"Louvre Museum, Paris, France"
no_expected_no_live,540277,Q2162277,P540277,Cuneiform Artifact CDLI Seals 019458 (physical),"CDLI artifact: Cylinder seal; held by Metropolitan Museum of Art, New York, New York, USA; CDLI P540277",CDLI Seals 019458 (physical),Cylinder seal,,,,,,,,,,,"Metropolitan Museum of Art, New York, New York, USA"
no_expected_no_live,540365,Q2170214,P540365,Cuneiform Artifact CDLI Seals 019546 (physical),"CDLI artifact: Cylinder seal; held by Walters Art Museum, Baltimore, Maryland, USA; CDLI P540365",CDLI Seals 019546 (physical),Cylinder seal,,,,,,,,,,,"Walters Art Museum, Baltimore, Maryland, USA"
no_expected_no_live,540471,Q2164393,P540471,Cuneiform Artifact CDLI Seals 019652 (physical),"CDLI artifact: Cylinder seal; held by Metropolitan Museum of Art, New York, New York, USA; CDLI P540471",CDLI Seals 019652 (physical),Cylinder seal,,,,,,,,,,,"Metropolitan Museum of Art, New York, New York, USA"
no_expected_no_live,540518,Q2047738,P540518,Cuneiform Artifact CDLI Seals 019699 (physical),"CDLI artifact: Cylinder seal; from Nippur (mod. Nuffar); held by National Museum of Iraq, Baghdad, Iraq; CDLI P540518",CDLI Seals 019699 (physical),Cylinder seal,,,,,,,,,,Nippur (mod. Nuffar),"National Museum of Iraq, Baghdad, Iraq"
no_expected_no_live,540563,Q2162782,P540563,Cuneiform Artifact CDLI Seals 019744 (physical),"CDLI artifact: Cylinder seal; from Nippur (mod. Nuffar); held by Penn Museum, Philadelphia, Pennsylvania, USA; CDLI P540563",CDLI Seals 019744 (physical),Cylinder seal,,,,,,,,,,Nippur (mod. Nuffar),"Penn Museum, Philadelphia, Pennsylvania, USA"
no_expected_no_live,540627,Q2164351,P540627,Cuneiform Artifact CDLI Seals 019808 (physical),"CDLI artifact: Cylinder seal; from Nippur (mod. Nuffar); held by Harvard Museum of the Ancient Near East, Harvard University, Cambridge, Massachusetts, USA; CDLI P540627",CDLI Seals 019808 (physical),Cylinder seal,,,,,,,,,,Nippur (mod. Nuffar),"Harvard Museum of the Ancient Near East, Harvard University, Cambridge, Massachusetts, USA"
no_expected_no_live,541124,Q2170343,P541124,Cuneiform Artifact CDLI Seals 020255 (physical),"CDLI artifact: Cylinder seal; from Ur (mod. Tell Muqayyar); held by Penn Museum, Philadelphia, Pennsylvania, USA; CDLI P541124",CDLI Seals 020255 (physical),Cylinder seal,,,,,,,,,,Ur (mod. Tell Muqayyar),"Penn Museum, Philadelphia, Pennsylvania, USA"
no_expected_no_live,541132,Q2165461,P541132,Cuneiform Artifact CDLI Seals 020263 (physical),"CDLI artifact: Cylinder seal; from uncertain (mod. Diqdiqqah); held by Penn Museum, Philadelphia, Pennsylvania, USA; CDLI P541132",CDLI Seals 020263 (physical),Cylinder seal,,,,,,,,,,uncertain (mod. Diqdiqqah),"Penn Museum, Philadelphia, Pennsylvania, USA"
no_expected_no_live,541149,Q2163692,P541149,Cuneiform Artifact CDLI Seals 020552 (physical),"CDLI artifact: Cylinder seal; from Ur (mod. Tell Muqayyar); held by Penn Museum, Philadelphia, Pennsylvania, USA; CDLI P541149",CDLI Seals 020552 (physical),Cylinder seal,,,,,,,,,,Ur (mod. Tell Muqayyar),"Penn Museum, Philadelphia, Pennsylvania, USA"
no_expected_no_live,541260,Q2164083,P541260,Cuneiform Artifact CDLI Seals 020336 (physical),"CDLI artifact: Cylinder seal; from Ur (mod. Tell Muqayyar); held by Penn Museum, Philadelphia, Pennsylvania, USA; CDLI P541260",CDLI Seals 020336 (physical),Cylinder seal,,,,,,,,,,Ur (mod. Tell Muqayyar),"Penn Museum, Philadelphia, Pennsylvania, USA"
no_expected_no_live,541309,Q2047112,P541309,Cuneiform Artifact CDLI Seals 020367 (physical),"CDLI artifact: Cylinder seal; from Ur (mod. Tell Muqayyar); held by Penn Museum, Philadelphia, Pennsylvania, USA; CDLI P541309",CDLI Seals 020367 (physical),Cylinder seal,,,,,,,,,,Ur (mod. Tell Muqayyar),"Penn Museum, Philadelphia, Pennsylvania, USA"
no_expected_no_live,541325,Q2165091,P541325,Cuneiform Artifact CDLI Seals 020385 (physical),"CDLI artifact: Cylinder seal; from Ur (mod. Tell Muqayyar); held by Penn Museum, Philadelphia, Pennsylvania, USA; CDLI P541325",CDLI Seals 020385 (physical),Cylinder seal,,,,,,,,,,Ur (mod. Tell Muqayyar),"Penn Museum, Philadelphia, Pennsylvania, USA"
no_expected_no_live,541372,Q2162496,P541372,Cuneiform Artifact CDLI Seals 020514 (physical),"CDLI artifact: Cylinder seal; from Ur (mod. Tell Muqayyar); held by Penn Museum, Philadelphia, Pennsylvania, USA; CDLI P541372",CDLI Seals 020514 (physical),Cylinder seal,,,,,,,,,,Ur (mod. Tell Muqayyar),"Penn Museum, Philadelphia, Pennsylvania, USA"
no_expected_no_live,541466,Q2167331,P541466,Cuneiform Artifact CDLI Seals 020628 (physical),"CDLI artifact: Cylinder seal; from Ur (mod. Tell Muqayyar); held by National Museum of Iraq, Baghdad, Iraq; CDLI P541466",CDLI Seals 020628 (physical),Cylinder seal,,,,,,,,,,Ur (mod. Tell Muqayyar),"National Museum of Iraq, Baghdad, Iraq"
no_expected_no_live,541470,Q2168371,P541470,Cuneiform Artifact CDLI Seals 020632 (physical),"CDLI artifact: Cylinder seal; from Ur (mod. Tell Muqayyar); held by National Museum of Iraq, Baghdad, Iraq; CDLI P541470",CDLI Seals 020632 (physical),Cylinder seal,,,,,,,,,,Ur (mod. Tell Muqayyar),"National Museum of Iraq, Baghdad, Iraq"
no_expected_no_live,541489,Q2152524,P541489,Cuneiform Artifact CDLI Seals 020651 (physical),"CDLI artifact: Cylinder seal; from Ur (mod. Tell Muqayyar); held by National Museum of Iraq, Baghdad, Iraq; CDLI P541489",CDLI Seals 020651 (physical),Cylinder seal,,,,,,,,,,Ur (mod. Tell Muqayyar),"National Museum of Iraq, Baghdad, Iraq"
no_expected_no_live,541519,Q2163532,P541519,Cuneiform Artifact CDLI Seals 020681 (physical),"CDLI artifact: Cylinder seal; from Ur (mod. Tell Muqayyar); held by National Museum of Iraq, Baghdad, Iraq; CDLI P541519",CDLI Seals 020681 (physical),Cylinder seal,,,,,,,,,,Ur (mod. Tell Muqayyar),"National Museum of Iraq, Baghdad, Iraq"
no_expected_no_live,541523,Q2149298,P541523,Cuneiform Artifact CDLI Seals 020685 (physical),"CDLI artifact: Cylinder seal; from Ur (mod. Tell Muqayyar); held by National Museum of Iraq, Baghdad, Iraq; CDLI P541523",CDLI Seals 020685 (physical),Cylinder seal,,,,,,,,,,Ur (mod. Tell Muqayyar),"National Museum of Iraq, Baghdad, Iraq"
no_expected_no_live,541535,Q2168158,P541535,Cuneiform Artifact CDLI Seals 020697 (physical),"CDLI artifact: Cylinder seal; from Ur (mod. Tell Muqayyar); held by National Museum of Iraq, Baghdad, Iraq; CDLI P541535",CDLI Seals 020697 (physical),Cylinder seal,,,,,,,,,,Ur (mod. Tell Muqayyar),"National Museum of Iraq, Baghdad, Iraq"
no_expected_no_live,541562,Q2165284,P541562,Cuneiform Artifact CDLI Seals 020724 (physical),"CDLI artifact: Cylinder seal; from Ur (mod. Tell Muqayyar); held by National Museum of Iraq, Baghdad, Iraq; CDLI P541562",CDLI Seals 020724 (physical),Cylinder seal,,,,,,,,,,Ur (mod. Tell Muqayyar),"National Museum of Iraq, Baghdad, Iraq"
no_expected_no_live,541574,Q2170501,P541574,Cuneiform Artifact CDLI Seals 020736 (physical),"CDLI artifact: Cylinder seal; from Ur (mod. Tell Muqayyar); held by National Museum of Iraq, Baghdad, Iraq; CDLI P541574",CDLI Seals 020736 (physical),Cylinder seal,,,,,,,,,,Ur (mod. Tell Muqayyar),"National Museum of Iraq, Baghdad, Iraq"
no_expected_no_live,541630,Q2164214,P541630,Cuneiform Artifact CDLI Seals 020792 (physical),"CDLI artifact: Cylinder seal; from Ur (mod. Tell Muqayyar); held by National Museum of Iraq, Baghdad, Iraq; CDLI P541630",CDLI Seals 020792 (physical),Cylinder seal,,,,,,,,,,Ur (mod. Tell Muqayyar),"National Museum of Iraq, Baghdad, Iraq"
no_expected_no_live,541667,Q2162119,P541667,Cuneiform Artifact CDLI Seals 020829 (physical),"CDLI artifact: Cylinder seal; from Ur (mod. Tell Muqayyar); held by National Museum of Iraq, Baghdad, Iraq; CDLI P541667",CDLI Seals 020829 (physical),Cylinder seal,,,,,,,,,,Ur (mod. Tell Muqayyar),"National Museum of Iraq, Baghdad, Iraq"
no_expected_no_live,541688,Q2162578,P541688,Cuneiform Artifact CDLI Seals 020850 (physical),CDLI artifact: Cylinder seal; from Ur (mod. Tell Muqayyar); CDLI P541688,CDLI Seals 020850 (physical),Cylinder seal,,,,,,,,,,Ur (mod. Tell Muqayyar),
no_expected_no_live,541722,Q2162335,P541722,Cuneiform Artifact CDLI Seals 020884 (physical),"CDLI artifact: Cylinder seal; from uncertain (mod. Diqdiqqah); held by National Museum of Iraq, Baghdad, Iraq; CDLI P541722",CDLI Seals 020884 (physical),Cylinder seal,,,,,,,,,,uncertain (mod. Diqdiqqah),"National Museum of Iraq, Baghdad, Iraq"
no_expected_no_live,541759,Q2021393,P541759,Cuneiform Artifact CDLI Seals 020921 (physical),"CDLI artifact: Cylinder seal; from uncertain (mod. Diqdiqqah); held by National Museum of Iraq, Baghdad, Iraq; CDLI P541759",CDLI Seals 020921 (physical),Cylinder seal,,,,,,,,,,uncertain (mod. Diqdiqqah),"National Museum of Iraq, Baghdad, Iraq"
no_expected_no_live,541775,Q2165221,P541775,Cuneiform Artifact CDLI Seals 020937 (physical),CDLI artifact: Cylinder seal; from Ur (mod. Tell Muqayyar); CDLI P541775,CDLI Seals 020937 (physical),Cylinder seal,,,,,,,,,,Ur (mod. Tell Muqayyar),
no_expected_no_live,541827,Q2170090,P541827,Cuneiform Artifact CDLI Seals 020989 (physical),CDLI artifact: Cylinder seal; from Ur (mod. Tell Muqayyar); CDLI P541827,CDLI Seals 020989 (physical),Cylinder seal,,,,,,,,,,Ur (mod. Tell Muqayyar),
no_expected_no_live,541831,Q2165770,P541831,Cuneiform Artifact CDLI Seals 020993 (physical),CDLI artifact: Cylinder seal; from Ur (mod. Tell Muqayyar); CDLI P541831,CDLI Seals 020993 (physical),Cylinder seal,,,,,,,,,,Ur (mod. Tell Muqayyar),
no_expected_no_live,541866,Q2167695,P541866,Cuneiform Artifact CDLI Seals 021028 (physical),CDLI artifact: Cylinder seal; from Ur (mod. Tell Muqayyar); CDLI P541866,CDLI Seals 021028 (physical),Cylinder seal,,,,,,,,,,Ur (mod. Tell Muqayyar),
no_expected_no_live,541870,Q2157913,P541870,Cuneiform Artifact CDLI Seals 021032 (physical),CDLI artifact: Cylinder seal; from Ur (mod. Tell Muqayyar); CDLI P541870,CDLI Seals 021032 (physical),Cylinder seal,,,,,,,,,,Ur (mod. Tell Muqayyar),
no_expected_no_live,541889,Q2016294,P541889,Cuneiform Artifact CDLI Seals 021051 (physical),CDLI artifact: Cylinder seal; from Ur (mod. Tell Muqayyar); CDLI P541889,CDLI Seals 021051 (physical),Cylinder seal,,,,,,,,,,Ur (mod. Tell Muqayyar),
no_expected_no_live,541923,Q2168531,P541923,Cuneiform Artifact CDLI Seals 021085 (physical),"CDLI artifact: Cylinder seal; from Ur (mod. Tell Muqayyar); held by National Museum of Iraq, Baghdad, Iraq; CDLI P541923",CDLI Seals 021085 (physical),Cylinder seal,,,,,,,,,,Ur (mod. Tell Muqayyar),"National Museum of Iraq, Baghdad, Iraq"
no_expected_no_live,541935,Q2164907,P541935,Cuneiform Artifact CDLI Seals 021097 (physical),"CDLI artifact: Cylinder seal; from Ur (mod. Tell Muqayyar); held by National Museum of Iraq, Baghdad, Iraq; CDLI P541935",CDLI Seals 021097 (physical),Cylinder seal,,,,,,,,,,Ur (mod. Tell Muqayyar),"National Museum of Iraq, Baghdad, Iraq"
no_expected_no_live,541974,Q2166099,P541974,Cuneiform Artifact CDLI Seals 021136 (physical),CDLI artifact: Cylinder seal; from Ur (mod. Tell Muqayyar); CDLI P541974,CDLI Seals 021136 (physical),Cylinder seal,,,,,,,,,,Ur (mod. Tell Muqayyar),
no_expected_no_live,542026,Q2169815,P542026,Cuneiform Artifact CDLI Seals 021188 (physical),"CDLI artifact: Cylinder seal; from uncertain (mod. Diqdiqqah); held by National Museum of Iraq, Baghdad, Iraq; CDLI P542026",CDLI Seals 021188 (physical),Cylinder seal,,,,,,,,,,uncertain (mod. Diqdiqqah),"National Museum of Iraq, Baghdad, Iraq"
no_expected_no_live,542030,Q2063557,P542030,Cuneiform Artifact CDLI Seals 021192 (physical),"CDLI artifact: Cylinder seal; from Ur (mod. Tell Muqayyar); held by National Museum of Iraq, Baghdad, Iraq; CDLI P542030",CDLI Seals 021192 (physical),Cylinder seal,,,,,,,,,,Ur (mod. Tell Muqayyar),"National Museum of Iraq, Baghdad, Iraq"
no_expected_no_live,542067,Q2167515,P542067,Cuneiform Artifact CDLI Seals 021229 (physical),"CDLI artifact: Cylinder seal; from uncertain (mod. Diqdiqqah); held by National Museum of Iraq, Baghdad, Iraq; CDLI P542067",CDLI Seals 021229 (physical),Cylinder seal,,,,,,,,,,uncertain (mod. Diqdiqqah),"National Museum of Iraq, Baghdad, Iraq"
no_expected_no_live,542088,Q2166484,P542088,Cuneiform Artifact CDLI Seals 021250 (physical),"CDLI artifact: Cylinder seal; from Ur (mod. Tell Muqayyar); held by National Museum of Iraq, Baghdad, Iraq; CDLI P542088",CDLI Seals 021250 (physical),Cylinder seal,,,,,,,,,,Ur (mod. Tell Muqayyar),"National Museum of Iraq, Baghdad, Iraq"
no_expected_no_live,542122,Q2166723,P542122,Cuneiform Artifact CDLI Seals 021284 (physical),CDLI artifact: Cylinder seal; from Ur (mod. Tell Muqayyar); CDLI P542122,CDLI Seals 021284 (physical),Cylinder seal,,,,,,,,,,Ur (mod. Tell Muqayyar),
no_expected_no_live,542159,Q2164920,P542159,Cuneiform Artifact CDLI Seals 021318 (composite),CDLI artifact: seal (not impression); from Larsa (mod. Tell as-Senkereh); CDLI P542159,CDLI Seals 021318 (composite),seal (not impression),,,,,,,,,,Larsa (mod. Tell as-Senkereh),
no_expected_no_live,542572,Q2166609,P542572,Cuneiform Artifact CDLI Seals 021718 (physical),"CDLI artifact: Cylinder seal; from uncertain (mod. Tell Agrab); held by National Museum of Iraq, Baghdad, Iraq; CDLI P542572",CDLI Seals 021718 (physical),Cylinder seal,,,,,,,,,,uncertain (mod. Tell Agrab),"National Museum of Iraq, Baghdad, Iraq"
no_expected_no_live,542876,Q2023267,P542876,Cuneiform Artifact CDLI Seals 022022 (physical),"CDLI artifact: Cylinder seal; from Ešnunna (mod. Tell Asmar); held by National Museum of Iraq, Baghdad, Iraq; CDLI P542876",CDLI Seals 022022 (physical),Cylinder seal,,,,,,,,,,Ešnunna (mod. Tell Asmar),"National Museum of Iraq, Baghdad, Iraq"
no_expected_no_live,542899,Q2144778,P542899,Cuneiform Artifact CDLI Seals 022045 (physical),"CDLI artifact: Cylinder seal; from Ešnunna (mod. Tell Asmar); held by Institute for the Study of Ancient Cultures West Asia & North Africa Museum, Chicago, Illinois, USA; CDLI P542899",CDLI Seals 022045 (physical),Cylinder seal,,,,,,,,,,Ešnunna (mod. Tell Asmar),"Institute for the Study of Ancient Cultures West Asia & North Africa Museum, Chicago, Illinois, USA"
no_expected_no_live,542933,Q2144147,P542933,Cuneiform Artifact CDLI Seals 022079 (physical),CDLI artifact: Cylinder seal; from Ešnunna (mod. Tell Asmar); CDLI P542933,CDLI Seals 022079 (physical),Cylinder seal,,,,,,,,,,Ešnunna (mod. Tell Asmar),
no_expected_no_live,544127,Q2165014,P544127,Cuneiform Tablet LB 2674 (unpublished),"CDLI artifact: tablet; held by de Liagre Böhl Collection, Netherlands Institute for the Near East, Leiden, The Netherlands; CDLI P544127",LB 2674 (unpublished),tablet,,,,,,,,,,,"de Liagre Böhl Collection, Netherlands Institute for the Near East, Leiden, The Netherlands"
no_expected_no_live,544408,Q2169601,P544408,Cuneiform Tablet TA 1934 T0013,"CDLI artifact: tablet; from Ešnunna (mod. Tell Asmar); held by Institute for the Study of Ancient Cultures West Asia & North Africa Museum, Chicago, Illinois, USA; CDLI P544408",TA 1934 T0013,tablet,,,,,,,,,,Ešnunna (mod. Tell Asmar),"Institute for the Study of Ancient Cultures West Asia & North Africa Museum, Chicago, Illinois, USA"
no_expected_no_live,544664,Q2165180,P544664,Cuneiform Artifact CDLI Seals 022315 (physical),"CDLI artifact: Cylinder seal; from Nagar (mod. Tell Brak); held by British Museum, London, UK; CDLI P544664",CDLI Seals 022315 (physical),Cylinder seal,,,,,,,,,,Nagar (mod. Tell Brak),"British Museum, London, UK"
no_expected_no_live,544672,Q2168516,P544672,Cuneiform Artifact CDLI Seals 022323 (physical),"CDLI artifact: Cylinder seal; from Nagar (mod. Tell Brak); held by British Museum, London, UK; CDLI P544672",CDLI Seals 022323 (physical),Cylinder seal,,,,,,,,,,Nagar (mod. Tell Brak),"British Museum, London, UK"
no_expected_no_live,544721,Q2149596,P544721,Cuneiform Artifact CDLI Seals 022372 (physical),"CDLI artifact: Cylinder seal; from Nagar (mod. Tell Brak); held by National Museum of Syria, Aleppo, Syria; CDLI P544721",CDLI Seals 022372 (physical),Cylinder seal,,,,,,,,,,Nagar (mod. Tell Brak),"National Museum of Syria, Aleppo, Syria"
no_expected_no_live,544760,Q2165426,P544760,Cuneiform Artifact CDLI Seals 022411 (physical),"CDLI artifact: Cylinder seal; from Nagar (mod. Tell Brak); held by National Museum of Syria, Der-ez-Zor, Syria; CDLI P544760",CDLI Seals 022411 (physical),Cylinder seal,,,,,,,,,,Nagar (mod. Tell Brak),"National Museum of Syria, Der-ez-Zor, Syria"
no_expected_no_live,545034,Q2165947,P545034,Cuneiform Artifact CDLI Seals 022682 (physical),"CDLI artifact: Cylinder seal; from uncertain (mod. uncertain); held by British Museum, London, UK; CDLI P545034",CDLI Seals 022682 (physical),Cylinder seal,,,,,,,,,,uncertain (mod. uncertain),"British Museum, London, UK"
no_expected_no_live,545126,Q2167842,P545126,Cuneiform Artifact CDLI Seals 022774 (physical),"CDLI artifact: Cylinder seal; from uncertain (mod. uncertain); held by British Museum, London, UK; CDLI P545126",CDLI Seals 022774 (physical),Cylinder seal,,,,,,,,,,uncertain (mod. uncertain),"British Museum, London, UK"
no_expected_no_live,545130,Q2155018,P545130,Cuneiform Artifact CDLI Seals 022778 (physical),"CDLI artifact: Cylinder seal; from uncertain (mod. uncertain); held by British Museum, London, UK; CDLI P545130",CDLI Seals 022778 (physical),Cylinder seal,,,,,,,,,,uncertain (mod. uncertain),"British Museum, London, UK"
no_expected_no_live,545171,Q2165730,P545171,Cuneiform Artifact CDLI Seals 022819 (physical),"CDLI artifact: Cylinder seal; from uncertain (mod. uncertain); held by British Museum, London, UK; CDLI P545171",CDLI Seals 022819 (physical),Cylinder seal,,,,,,,,,,uncertain (mod. uncertain),"British Museum, London, UK"
no_expected_no_live,545258,Q2167560,P545258,Cuneiform Artifact CDLI Seals 022906 (physical),"CDLI artifact: Cylinder seal; from uncertain (mod. uncertain); held by Agnes Baldwin Brett, unlocated; CDLI P545258",CDLI Seals 022906 (physical),Cylinder seal,,,,,,,,,,uncertain (mod. uncertain),"Agnes Baldwin Brett, unlocated"
no_expected_no_live,545521,Q2165862,P545521,Cuneiform Artifact CDLI Seals 023150 (physical),"CDLI artifact: Cylinder seal; from uncertain (mod. uncertain); held by Newell Collections of Babylonian Seals, Yale Babylonian Collection, New Haven, Connecticut, USA; CDLI P545521",CDLI Seals 023150 (physical),Cylinder seal,,,,,,,,,,uncertain (mod. uncertain),"Newell Collections of Babylonian Seals, Yale Babylonian Collection, New Haven, Connecticut, USA"
no_expected_no_live,545537,Q2169964,P545537,Cuneiform Artifact CDLI Seals 023166 (physical),"CDLI artifact: Cylinder seal; from uncertain (mod. uncertain); held by Newell Collections of Babylonian Seals, Yale Babylonian Collection, New Haven, Connecticut, USA; CDLI P545537",CDLI Seals 023166 (physical),Cylinder seal,,,,,,,,,,uncertain (mod. uncertain),"Newell Collections of Babylonian Seals, Yale Babylonian Collection, New Haven, Connecticut, USA"
no_expected_no_live,545560,Q2158941,P545560,Cuneiform Artifact CDLI Seals 023189 (physical),"CDLI artifact: Cylinder seal; from uncertain (mod. uncertain); held by Newell Collections of Babylonian Seals, Yale Babylonian Collection, New Haven, Connecticut, USA; CDLI P545560",CDLI Seals 023189 (physical),Cylinder seal,,,,,,,,,,uncertain (mod. uncertain),"Newell Collections of Babylonian Seals, Yale Babylonian Collection, New Haven, Connecticut, USA"
no_expected_no_live,545576,Q2167667,P545576,Cuneiform Artifact CDLI Seals 023205 (physical),"CDLI artifact: Cylinder seal; from uncertain (mod. uncertain); held by Newell Collections of Babylonian Seals, Yale Babylonian Collection, New Haven, Connecticut, USA; CDLI P545576",CDLI Seals 023205 (physical),Cylinder seal,,,,,,,,,,uncertain (mod. uncertain),"Newell Collections of Babylonian Seals, Yale Babylonian Collection, New Haven, Connecticut, USA"
no_expected_no_live,545599,Q1367254,P545599,Cuneiform Artifact CDLI Seals 023228 (physical),"CDLI artifact: Cylinder seal; from uncertain (mod. uncertain); held by Newell Collections of Babylonian Seals, Yale Babylonian Collection, New Haven, Connecticut, USA; CDLI P545599",CDLI Seals 023228 (physical),Cylinder seal,,,,,,,,,,uncertain (mod. uncertain),"Newell Collections of Babylonian Seals, Yale Babylonian Collection, New Haven, Connecticut, USA"
no_expected_no_live,545608,Q2167408,P545608,Cuneiform Artifact CDLI Seals 023237 (physical),"CDLI artifact: Cylinder seal; from uncertain (mod. uncertain); held by Newell Collections of Babylonian Seals, Yale Babylonian Collection, New Haven, Connecticut, USA; CDLI P545608",CDLI Seals 023237 (physical),Cylinder seal,,,,,,,,,,uncertain (mod. uncertain),"Newell Collections of Babylonian Seals, Yale Babylonian Collection, New Haven, Connecticut, USA"
no_expected_no_live,545649,Q2169782,P545649,Cuneiform Artifact CDLI Seals 023278 (physical),"CDLI artifact: Cylinder seal; from uncertain (mod. uncertain); held by Newell Collections of Babylonian Seals, Yale Babylonian Collection, New Haven, Connecticut, USA; CDLI P545649",CDLI Seals 023278 (physical),Cylinder seal,,,,,,,,,,uncertain (mod. uncertain),"Newell Collections of Babylonian Seals, Yale Babylonian Collection, New Haven, Connecticut, USA"
no_expected_no_live,545673,Q2164476,P545673,Cuneiform Artifact CDLI Seals 023302 (physical),"CDLI artifact: Cylinder seal; from uncertain (mod. uncertain); held by Newell Collections of Babylonian Seals, Yale Babylonian Collection, New Haven, Connecticut, USA; CDLI P545673",CDLI Seals 023302 (physical),Cylinder seal,,,,,,,,,,uncertain (mod. uncertain),"Newell Collections of Babylonian Seals, Yale Babylonian Collection, New Haven, Connecticut, USA"
no_expected_no_live,545736,Q2164692,P545736,Cuneiform Artifact CDLI Seals 023365 (physical),"CDLI artifact: Cylinder seal; from uncertain (mod. uncertain); held by Newell Collections of Babylonian Seals, Yale Babylonian Collection, New Haven, Connecticut, USA; CDLI P545736",CDLI Seals 023365 (physical),Cylinder seal,,,,,,,,,,uncertain (mod. uncertain),"Newell Collections of Babylonian Seals, Yale Babylonian Collection, New Haven, Connecticut, USA"
no_expected_no_live,545809,Q2163588,P545809,Cuneiform Artifact CDLI Seals 023480 (physical),"CDLI artifact: Cylinder seal; from uncertain (mod. uncertain); held by Yale Babylonian Collection, New Haven, Connecticut, USA; CDLI P545809",CDLI Seals 023480 (physical),Cylinder seal,,,,,,,,,,uncertain (mod. uncertain),"Yale Babylonian Collection, New Haven, Connecticut, USA"
no_expected_no_live,545825,Q2168127,P545825,Cuneiform Artifact CDLI Seals 023496 (physical),"CDLI artifact: Cylinder seal; from uncertain (mod. uncertain); held by Nies Babylonian Collection, Yale Babylonian Collection, New Haven, Connecticut, USA; CDLI P545825",CDLI Seals 023496 (physical),Cylinder seal,,,,,,,,,,uncertain (mod. uncertain),"Nies Babylonian Collection, Yale Babylonian Collection, New Haven, Connecticut, USA"
no_expected_no_live,545833,Q2150260,P545833,Cuneiform Artifact CDLI Seals 023504 (physical),"CDLI artifact: Cylinder seal; from uncertain (mod. uncertain); held by Yale Babylonian Collection, New Haven, Connecticut, USA; CDLI P545833",CDLI Seals 023504 (physical),Cylinder seal,,,,,,,,,,uncertain (mod. uncertain),"Yale Babylonian Collection, New Haven, Connecticut, USA"
no_expected_no_live,545864,Q2170386,P545864,Cuneiform Artifact CDLI Seals 023535 (physical),"CDLI artifact: Cylinder seal; from uncertain (mod. uncertain); held by Newell Collections of Babylonian Seals, Yale Babylonian Collection, New Haven, Connecticut, USA; CDLI P545864",CDLI Seals 023535 (physical),Cylinder seal,,,,,,,,,,uncertain (mod. uncertain),"Newell Collections of Babylonian Seals, Yale Babylonian Collection, New Haven, Connecticut, USA"
no_expected_no_live,545872,Q2165389,P545872,Cuneiform Artifact CDLI Seals 023543 (physical),"CDLI artifact: Cylinder seal; from uncertain (mod. uncertain); held by Newell Collections of Babylonian Seals, Yale Babylonian Collection, New Haven, Connecticut, USA; CDLI P545872",CDLI Seals 023543 (physical),Cylinder seal,,,,,,,,,,uncertain (mod. uncertain),"Newell Collections of Babylonian Seals, Yale Babylonian Collection, New Haven, Connecticut, USA"
no_expected_no_live,545999,Q2152088,P545999,Cuneiform Artifact CDLI Seals 023670 (physical),"CDLI artifact: Cylinder seal; from uncertain (mod. uncertain); held by Nies Babylonian Collection, Yale Babylonian Collection, New Haven, Connecticut, USA; CDLI P545999",CDLI Seals 023670 (physical),Cylinder seal,,,,,,,,,,uncertain (mod. uncertain),"Nies Babylonian Collection, Yale Babylonian Collection, New Haven, Connecticut, USA"
no_expected_no_live,546008,Q2162219,P546008,Cuneiform Artifact CDLI Seals 023679 (physical),"CDLI artifact: Cylinder seal; from uncertain (mod. uncertain); held by Nies Babylonian Collection, Yale Babylonian Collection, New Haven, Connecticut, USA; CDLI P546008",CDLI Seals 023679 (physical),Cylinder seal,,,,,,,,,,uncertain (mod. uncertain),"Nies Babylonian Collection, Yale Babylonian Collection, New Haven, Connecticut, USA"
no_expected_no_live,546065,Q2169479,P546065,Cuneiform Artifact CDLI Seals 023736 (physical),"CDLI artifact: Cylinder seal; from uncertain (mod. uncertain); held by Nies Babylonian Collection, Yale Babylonian Collection, New Haven, Connecticut, USA; CDLI P546065",CDLI Seals 023736 (physical),Cylinder seal,,,,,,,,,,uncertain (mod. uncertain),"Nies Babylonian Collection, Yale Babylonian Collection, New Haven, Connecticut, USA"
no_expected_no_live,546073,Q2144575,P546073,Cuneiform Artifact CDLI Seals 023744 (physical),"CDLI artifact: Cylinder seal; from uncertain (mod. uncertain); held by Nies Babylonian Collection, Yale Babylonian Collection, New Haven, Connecticut, USA; CDLI P546073",CDLI Seals 023744 (physical),Cylinder seal,,,,,,,,,,uncertain (mod. uncertain),"Nies Babylonian Collection, Yale Babylonian Collection, New Haven, Connecticut, USA"
no_expected_no_live,546376,Q2163717,P546376,Cuneiform Artifact CDLI Seals 024014 (physical),"CDLI artifact: Cylinder seal; from Alalakh (mod. Tell Açana/Atshana); held by Archeological Museum, Antakya, Hatay, Turkey; CDLI P546376",CDLI Seals 024014 (physical),Cylinder seal,,,,,,,,,,Alalakh (mod. Tell Açana/Atshana),"Archeological Museum, Antakya, Hatay, Turkey"
no_expected_no_live,546399,Q2163322,P546399,Cuneiform Artifact CDLI Seals 024037 (physical),"CDLI artifact: Cylinder seal; from Qattara (mod. Tell al Rimah); held by National Museum of Iraq, Baghdad, Iraq; CDLI P546399",CDLI Seals 024037 (physical),Cylinder seal,,,,,,,,,,Qattara (mod. Tell al Rimah),"National Museum of Iraq, Baghdad, Iraq"
no_expected_no_live,546423,Q2142660,P546423,Cuneiform Artifact CDLI Seals 024062 (physical),"CDLI artifact: Cylinder seal; from Qattara (mod. Tell al Rimah); held by National Museum of Iraq, Baghdad, Iraq; CDLI P546423",CDLI Seals 024062 (physical),Cylinder seal,,,,,,,,,,Qattara (mod. Tell al Rimah),"National Museum of Iraq, Baghdad, Iraq"
no_expected_no_live,546618,Q2166236,P546618,Cuneiform Artifact CDLI Seals 024095 (physical),"CDLI artifact: Cylinder seal; from Kish (mod. Tell Ingharra); held by National Museum of Iraq, Baghdad, Iraq; CDLI P546618",CDLI Seals 024095 (physical),Cylinder seal,,,,,,,,,,Kish (mod. Tell Ingharra),"National Museum of Iraq, Baghdad, Iraq"
no_expected_no_live,546927,Q2167421,P546927,Cuneiform Artifact CDLI Seals 024364 (physical),"CDLI artifact: Cylinder seal; from Thêbai (mod. Thebes Beoticia Greece); held by Archaeological Museum of Thebes, Boeotia, Greece; CDLI P546927",CDLI Seals 024364 (physical),Cylinder seal,,,,,,,,,,Thêbai (mod. Thebes Beoticia Greece),"Archaeological Museum of Thebes, Boeotia, Greece"
no_expected_no_live,546989,Q2168997,P546989,Cuneiform Artifact CDLI Seals 024417 (physical),"CDLI artifact: Cylinder seal; from uncertain (mod. uncertain); held by J. Pierpont Morgan Library Collection, New York, New York, USA; CDLI P546989",CDLI Seals 024417 (physical),Cylinder seal,,,,,,,,,,uncertain (mod. uncertain),"J. Pierpont Morgan Library Collection, New York, New York, USA"
no_expected_no_live,547009,Q2165930,P547009,Cuneiform Artifact CDLI Seals 024437 (physical),"CDLI artifact: Cylinder seal; from uncertain (mod. uncertain); held by J. Pierpont Morgan Library Collection, New York, New York, USA; CDLI P547009",CDLI Seals 024437 (physical),Cylinder seal,,,,,,,,,,uncertain (mod. uncertain),"J. Pierpont Morgan Library Collection, New York, New York, USA"
no_expected_no_live,547048,Q2159833,P547048,Cuneiform Artifact CDLI Seals 024476 (physical),"CDLI artifact: Cylinder seal; from uncertain (mod. uncertain); held by J. Pierpont Morgan Library Collection, New York, New York, USA; CDLI P547048",CDLI Seals 024476 (physical),Cylinder seal,,,,,,,,,,uncertain (mod. uncertain),"J. Pierpont Morgan Library Collection, New York, New York, USA"
no_expected_no_live,547072,Q2162936,P547072,Cuneiform Artifact CDLI Seals 024500 (physical),"CDLI artifact: Cylinder seal; from uncertain (mod. uncertain); held by J. Pierpont Morgan Library Collection, New York, New York, USA; CDLI P547072",CDLI Seals 024500 (physical),Cylinder seal,,,,,,,,,,uncertain (mod. uncertain),"J. Pierpont Morgan Library Collection, New York, New York, USA"
no_expected_no_live,547137,Q2163878,P547137,Cuneiform Artifact CDLI Seals 024565 (physical),"CDLI artifact: Cylinder seal; from uncertain (mod. uncertain); held by J. Pierpont Morgan Library Collection, New York, New York, USA; CDLI P547137",CDLI Seals 024565 (physical),Cylinder seal,,,,,,,,,,uncertain (mod. uncertain),"J. Pierpont Morgan Library Collection, New York, New York, USA"
no_expected_no_live,547224,Q2169902,P547224,Cuneiform Artifact CDLI Seals 024652 (physical),"CDLI artifact: Cylinder seal; from uncertain (mod. uncertain); held by J. Pierpont Morgan Library Collection, New York, New York, USA; CDLI P547224",CDLI Seals 024652 (physical),Cylinder seal,,,,,,,,,,uncertain (mod. uncertain),"J. Pierpont Morgan Library Collection, New York, New York, USA"
no_expected_no_live,547232,Q2048000,P547232,Cuneiform Artifact CDLI Seals 024660 (physical),"CDLI artifact: Cylinder seal; from uncertain (mod. uncertain); held by J. Pierpont Morgan Library Collection, New York, New York, USA; CDLI P547232",CDLI Seals 024660 (physical),Cylinder seal,,,,,,,,,,uncertain (mod. uncertain),"J. Pierpont Morgan Library Collection, New York, New York, USA"
no_expected_no_live,547265,Q2167567,P547265,Cuneiform Artifact CDLI Seals 024693 (physical),"CDLI artifact: Cylinder seal; from uncertain (mod. uncertain); held by Louvre Museum, Paris, France; CDLI P547265",CDLI Seals 024693 (physical),Cylinder seal,,,,,,,,,,uncertain (mod. uncertain),"Louvre Museum, Paris, France"
no_expected_no_live,547320,Q2166640,P547320,Cuneiform Artifact CDLI Seals 024748 (physical),"CDLI artifact: Cylinder seal; from Susa (mod. Shush); held by Louvre Museum, Paris, France; CDLI P547320",CDLI Seals 024748 (physical),Cylinder seal,,,,,,,,,,Susa (mod. Shush),"Louvre Museum, Paris, France"
no_expected_no_live,547361,Q2168962,P547361,Cuneiform Artifact CDLI Seals 024789 (physical),"CDLI artifact: Cylinder seal; from Susa (mod. Shush); held by Louvre Museum, Paris, France; CDLI P547361",CDLI Seals 024789 (physical),Cylinder seal,,,,,,,,,,Susa (mod. Shush),"Louvre Museum, Paris, France"
no_expected_no_live,547377,Q2047513,P547377,Cuneiform Artifact CDLI Seals 024805 (physical),"CDLI artifact: Cylinder seal; from Susa (mod. Shush); held by Louvre Museum, Paris, France; CDLI P547377",CDLI Seals 024805 (physical),Cylinder seal,,,,,,,,,,Susa (mod. Shush),"Louvre Museum, Paris, France"
no_expected_no_live,547398,Q2063920,P547398,Cuneiform Artifact CDLI Seals 024826 (physical),"CDLI artifact: Cylinder seal; from Susa (mod. Shush); held by Louvre Museum, Paris, France; CDLI P547398",CDLI Seals 024826 (physical),Cylinder seal,,,,,,,,,,Susa (mod. Shush),"Louvre Museum, Paris, France"
no_expected_no_live,547418,Q2162905,P547418,Cuneiform Artifact CDLI Seals 024846 (physical),"CDLI artifact: Cylinder seal; from Susa (mod. Shush); held by Louvre Museum, Paris, France; CDLI P547418",CDLI Seals 024846 (physical),Cylinder seal,,,,,,,,,,Susa (mod. Shush),"Louvre Museum, Paris, France"
no_expected_no_live,547422,Q2163061,P547422,Cuneiform Artifact CDLI Seals 024850 (physical),"CDLI artifact: Cylinder seal; from Susa (mod. Shush); held by Louvre Museum, Paris, France; CDLI P547422",CDLI Seals 024850 (physical),Cylinder seal,,,,,,,,,,Susa (mod. Shush),"Louvre Museum, Paris, France"
no_expected_no_live,547459,Q2166060,P547459,Cuneiform Artifact CDLI Seals 024887 (physical),"CDLI artifact: Cylinder seal; from Susa (mod. Shush); held by Louvre Museum, Paris, France; CDLI P547459",CDLI Seals 024887 (physical),Cylinder seal,,,,,,,,,,Susa (mod. Shush),"Louvre Museum, Paris, France"
no_expected_no_live,547674,Q2169768,P547674,Cuneiform Artifact CDLI Seals 025099 (physical),"CDLI artifact: Cylinder seal; from Kish (mod. Tell Ingharra); held by Field Museum of Natural History, Chicago, Illinois, USA; CDLI P547674",CDLI Seals 025099 (physical),Cylinder seal,,,,,,,,,,Kish (mod. Tell Ingharra),"Field Museum of Natural History, Chicago, Illinois, USA"
no_expected_no_live,547971,Q2163204,P547971,Cuneiform Artifact CDLI Seals 025367 (physical),"CDLI artifact: Cylinder seal; from uncertain (mod. uncertain); held by Spurlock Museum, University of Illinois, Urbana-Champaign, Illinois, USA; CDLI P547971",CDLI Seals 025367 (physical),Cylinder seal,,,,,,,,,,uncertain (mod. uncertain),"Spurlock Museum, University of Illinois, Urbana-Champaign, Illinois, USA"
no_expected_no_live,548094,Q2168946,P548094,Cuneiform Artifact CDLI Seals 025489 (physical),"CDLI artifact: Cylinder seal; from uncertain (mod. uncertain); held by Walters Art Museum, Baltimore, Maryland, USA; CDLI P548094",CDLI Seals 025489 (physical),Cylinder seal,,,,,,,,,,uncertain (mod. uncertain),"Walters Art Museum, Baltimore, Maryland, USA"
no_expected_no_live,548153,Q2162796,P548153,Cuneiform Artifact CDLI Seals 025538 (physical),"CDLI artifact: Cylinder seal; from uncertain (mod. uncertain); held by British Museum, London, UK; CDLI P548153",CDLI Seals 025538 (physical),Cylinder seal,,,,,,,,,,uncertain (mod. uncertain),"British Museum, London, UK"
no_expected_no_live,548190,Q2167598,P548190,Cuneiform Artifact CDLI Seals 025575 (physical),"CDLI artifact: Cylinder seal; from uncertain (mod. uncertain); held by British Museum, London, UK; CDLI P548190",CDLI Seals 025575 (physical),Cylinder seal,,,,,,,,,,uncertain (mod. uncertain),"British Museum, London, UK"
no_expected_no_live,548201,Q2168557,P548201,Cuneiform Artifact CDLI Seals 025586 (physical),"CDLI artifact: Cylinder seal; from uncertain (mod. uncertain); held by British Museum, London, UK; CDLI P548201",CDLI Seals 025586 (physical),Cylinder seal,,,,,,,,,,uncertain (mod. uncertain),"British Museum, London, UK"
no_expected_no_live,548217,Q2164138,P548217,Cuneiform Artifact CDLI Seals 025602 (physical),"CDLI artifact: Cylinder seal; from uncertain (mod. uncertain); held by British Museum, London, UK; CDLI P548217",CDLI Seals 025602 (physical),Cylinder seal,,,,,,,,,,uncertain (mod. uncertain),"British Museum, London, UK"
no_expected_no_live,548256,Q2166148,P548256,Cuneiform Artifact CDLI Seals 025641 (physical),"CDLI artifact: Cylinder seal; from uncertain (mod. uncertain); held by British Museum, London, UK; CDLI P548256",CDLI Seals 025641 (physical),Cylinder seal,,,,,,,,,,uncertain (mod. uncertain),"British Museum, London, UK"
no_expected_no_live,548313,Q2165793,P548313,Cuneiform Artifact CDLI Seals 025698 (physical),"CDLI artifact: Cylinder seal; from Ugarit (mod. Ras Shamra); held by Louvre Museum, Paris, France; CDLI P548313",CDLI Seals 025698 (physical),Cylinder seal,,,,,,,,,,Ugarit (mod. Ras Shamra),"Louvre Museum, Paris, France"
no_expected_no_live,548344,Q2167745,P548344,Cuneiform Artifact CDLI Seals 025729 (physical),"CDLI artifact: Cylinder seal; from Ugarit (mod. Ras Shamra); held by Louvre Museum, Paris, France; CDLI P548344",CDLI Seals 025729 (physical),Cylinder seal,,,,,,,,,,Ugarit (mod. Ras Shamra),"Louvre Museum, Paris, France"
no_expected_no_live,548352,Q2157428,P548352,Cuneiform Artifact CDLI Seals 025737 (physical),"CDLI artifact: Cylinder seal; from Ugarit (mod. Ras Shamra); held by Louvre Museum, Paris, France; CDLI P548352",CDLI Seals 025737 (physical),Cylinder seal,,,,,,,,,,Ugarit (mod. Ras Shamra),"Louvre Museum, Paris, France"
no_expected_no_live,548368,Q2163930,P548368,Cuneiform Artifact CDLI Seals 025753 (physical),"CDLI artifact: Cylinder seal; from Ugarit (mod. Ras Shamra); held by Louvre Museum, Paris, France; CDLI P548368",CDLI Seals 025753 (physical),Cylinder seal,,,,,,,,,,Ugarit (mod. Ras Shamra),"Louvre Museum, Paris, France"
no_expected_no_live,548387,Q2162960,P548387,Cuneiform Artifact CDLI Seals 025772 (physical),"CDLI artifact: Cylinder seal; from Ugarit (mod. Ras Shamra); held by Louvre Museum, Paris, France; CDLI P548387",CDLI Seals 025772 (physical),Cylinder seal,,,,,,,,,,Ugarit (mod. Ras Shamra),"Louvre Museum, Paris, France"
no_expected_no_live,548411,Q2164563,P548411,Cuneiform Artifact CDLI Seals 025796 (physical),"CDLI artifact: Cylinder seal; from Ugarit (mod. Ras Shamra); held by Louvre Museum, Paris, France; CDLI P548411",CDLI Seals 025796 (physical),Cylinder seal,,,,,,,,,,Ugarit (mod. Ras Shamra),"Louvre Museum, Paris, France"
no_expected_no_live,548503,Q2162663,P548503,Cuneiform Artifact CDLI Seals 025888 (physical),"CDLI artifact: Cylinder seal; from Ugarit (mod. Ras Shamra); held by National Museum of Syria, Aleppo, Syria; CDLI P548503",CDLI Seals 025888 (physical),Cylinder seal,,,,,,,,,,Ugarit (mod. Ras Shamra),"National Museum of Syria, Aleppo, Syria"
no_expected_no_live,548554,Q2164977,P548554,Cuneiform Artifact CDLI Seals 025939 (physical),"CDLI artifact: Cylinder seal; from Ugarit (mod. Ras Shamra); held by National Museum of Syria, Damascus, Syria; CDLI P548554",CDLI Seals 025939 (physical),Cylinder seal,,,,,,,,,,Ugarit (mod. Ras Shamra),"National Museum of Syria, Damascus, Syria"
no_expected_no_live,548578,Q2047340,P548578,Cuneiform Artifact CDLI Seals 025963 (physical),"CDLI artifact: Cylinder seal; from Ugarit (mod. Ras Shamra); held by National Museum of Syria, Damascus, Syria; CDLI P548578",CDLI Seals 025963 (physical),Cylinder seal,,,,,,,,,,Ugarit (mod. Ras Shamra),"National Museum of Syria, Damascus, Syria"
no_expected_no_live,548581,Q2169709,P548581,Cuneiform Artifact CDLI Seals 025966 (physical),"CDLI artifact: Cylinder seal; from Ugarit (mod. Ras Shamra); held by National Museum of Syria, Damascus, Syria; CDLI P548581",CDLI Seals 025966 (physical),Cylinder seal,,,,,,,,,,Ugarit (mod. Ras Shamra),"National Museum of Syria, Damascus, Syria"
no_expected_no_live,548597,Q2063753,P548597,Cuneiform Artifact CDLI Seals 025982 (physical),"CDLI artifact: Cylinder seal; from Ugarit (mod. Ras Shamra); held by National Museum of Syria, Damascus, Syria; CDLI P548597",CDLI Seals 025982 (physical),Cylinder seal,,,,,,,,,,Ugarit (mod. Ras Shamra),"National Museum of Syria, Damascus, Syria"
no_expected_no_live,548606,Q2166000,P548606,Cuneiform Artifact CDLI Seals 025991 (physical),"CDLI artifact: Cylinder seal; from Ugarit (mod. Ras Shamra); held by National Museum of Syria, Damascus, Syria; CDLI P548606",CDLI Seals 025991 (physical),Cylinder seal,,,,,,,,,,Ugarit (mod. Ras Shamra),"National Museum of Syria, Damascus, Syria"
no_expected_no_live,548647,Q2161236,P548647,Cuneiform Artifact CDLI Seals 026032 (physical),"CDLI artifact: Cylinder seal; from Ugarit (mod. Ras Shamra); held by National Museum of Syria, Damascus, Syria; CDLI P548647",CDLI Seals 026032 (physical),Cylinder seal,,,,,,,,,,Ugarit (mod. Ras Shamra),"National Museum of Syria, Damascus, Syria"
no_expected_no_live,548651,Q2011479,P548651,Cuneiform Artifact CDLI Seals 026036 (physical),"CDLI artifact: Cylinder seal; from Ugarit (mod. Ras Shamra); held by National Museum of Syria, Damascus, Syria; CDLI P548651",CDLI Seals 026036 (physical),Cylinder seal,,,,,,,,,,Ugarit (mod. Ras Shamra),"National Museum of Syria, Damascus, Syria"
no_expected_no_live,548692,Q2164045,P548692,Cuneiform Artifact CDLI Seals 026077 (physical),"CDLI artifact: Cylinder seal; from Ugarit (mod. Ras Shamra); held by National Museum of Syria, Damascus, Syria; CDLI P548692",CDLI Seals 026077 (physical),Cylinder seal,,,,,,,,,,Ugarit (mod. Ras Shamra),"National Museum of Syria, Damascus, Syria"
no_expected_no_live,548702,Q2153804,P548702,Cuneiform Artifact CDLI Seals 026087 (physical),"CDLI artifact: Cylinder seal; from Ugarit (mod. Ras Shamra); held by National Museum of Syria, Damascus, Syria; CDLI P548702",CDLI Seals 026087 (physical),Cylinder seal,,,,,,,,,,Ugarit (mod. Ras Shamra),"National Museum of Syria, Damascus, Syria"
no_expected_no_live,548714,Q2167905,P548714,Cuneiform Artifact CDLI Seals 026099 (physical),"CDLI artifact: Cylinder seal; from Ugarit (mod. Ras Shamra); held by National Museum of Syria, Damascus, Syria; CDLI P548714",CDLI Seals 026099 (physical),Cylinder seal,,,,,,,,,,Ugarit (mod. Ras Shamra),"National Museum of Syria, Damascus, Syria"
no_expected_no_live,548738,Q2163795,P548738,Cuneiform Artifact CDLI Seals 026123 (physical),"CDLI artifact: Cylinder seal; from Ugarit (mod. Ras Shamra); held by National Museum of Syria, Damascus, Syria; CDLI P548738",CDLI Seals 026123 (physical),Cylinder seal,,,,,,,,,,Ugarit (mod. Ras Shamra),"National Museum of Syria, Damascus, Syria"
no_expected_no_live,548743,Q2165666,P548743,Cuneiform Artifact CDLI Seals 026128 (physical),"CDLI artifact: Cylinder seal; from Ugarit (mod. Ras Shamra); held by National Museum of Syria, Damascus, Syria; CDLI P548743",CDLI Seals 026128 (physical),Cylinder seal,,,,,,,,,,Ugarit (mod. Ras Shamra),"National Museum of Syria, Damascus, Syria"
no_expected_no_live,548755,Q2170179,P548755,Cuneiform Artifact CDLI Seals 026140 (physical),"CDLI artifact: Cylinder seal; from Ugarit (mod. Ras Shamra); held by National Museum of Syria, Damascus, Syria; CDLI P548755",CDLI Seals 026140 (physical),Cylinder seal,,,,,,,,,,Ugarit (mod. Ras Shamra),"National Museum of Syria, Damascus, Syria"
no_expected_no_live,548807,Q2165128,P548807,Cuneiform Artifact CDLI Seals 026192 (physical),"CDLI artifact: Cylinder seal; from Ugarit (mod. Ras Shamra); held by National Museum of Syria, Aleppo, Syria; CDLI P548807",CDLI Seals 026192 (physical),Cylinder seal,,,,,,,,,,Ugarit (mod. Ras Shamra),"National Museum of Syria, Aleppo, Syria"
no_expected_no_live,548850,Q2162529,P548850,Cuneiform Artifact CDLI Seals 026235 (physical),CDLI artifact: Cylinder seal; from Ugarit (mod. Ras Shamra); CDLI P548850,CDLI Seals 026235 (physical),Cylinder seal,,,,,,,,,,Ugarit (mod. Ras Shamra),
no_expected_no_live,548893,Q2167327,P548893,Cuneiform Artifact CDLI Seals 026278 (physical),"CDLI artifact: Cylinder seal; from Ugarit (mod. Ras Shamra); held by National Museum of Syria, Aleppo, Syria; CDLI P548893",CDLI Seals 026278 (physical),Cylinder seal,,,,,,,,,,Ugarit (mod. Ras Shamra),"National Museum of Syria, Aleppo, Syria"
no_expected_no_live,548915,Q2162326,P548915,Cuneiform Artifact CDLI Seals 026300 (physical),CDLI artifact: Cylinder seal; from Ugarit (mod. Ras Shamra); CDLI P548915,CDLI Seals 026300 (physical),Cylinder seal,,,,,,,,,,Ugarit (mod. Ras Shamra),
no_expected_no_live,548978,Q2169391,P548978,Cuneiform Artifact CDLI Seals 026336 (physical),"CDLI artifact: Cylinder seal; from Ugarit (mod. Ras Shamra); held by National Museum of Syria, Aleppo, Syria; CDLI P548978",CDLI Seals 026336 (physical),Cylinder seal,,,,,,,,,,Ugarit (mod. Ras Shamra),"National Museum of Syria, Aleppo, Syria"
no_expected_no_live,548981,Q2029862,P548981,Cuneiform Artifact CDLI Seals 026339 (physical),"CDLI artifact: Cylinder seal; from Ugarit (mod. Ras Shamra); held by National Museum of Syria, Aleppo, Syria; CDLI P548981",CDLI Seals 026339 (physical),Cylinder seal,,,,,,,,,,Ugarit (mod. Ras Shamra),"National Museum of Syria, Aleppo, Syria"
no_expected_no_live,548997,Q2169203,P548997,Cuneiform Artifact CDLI Seals 026355 (physical),"CDLI artifact: Cylinder seal; from Ugarit (mod. Ras Shamra); held by National Museum of Syria, Aleppo, Syria; CDLI P548997",CDLI Seals 026355 (physical),Cylinder seal,,,,,,,,,,Ugarit (mod. Ras Shamra),"National Museum of Syria, Aleppo, Syria"
no_expected_no_live,549017,Q2166324,P549017,Cuneiform Artifact CDLI Seals 026375 (physical),"CDLI artifact: Cylinder seal; from Ugarit (mod. Ras Shamra); held by National Museum of Syria, Aleppo, Syria; CDLI P549017",CDLI Seals 026375 (physical),Cylinder seal,,,,,,,,,,Ugarit (mod. Ras Shamra),"National Museum of Syria, Aleppo, Syria"
no_expected_no_live,549040,Q2168413,P549040,Cuneiform Artifact CDLI Seals 026398 (physical),"CDLI artifact: Cylinder seal; from Ebla (mod. Tell Mardikh); held by National Museum of Syria, Aleppo, Syria; CDLI P549040",CDLI Seals 026398 (physical),Cylinder seal,,,,,,,,,,Ebla (mod. Tell Mardikh),"National Museum of Syria, Aleppo, Syria"
no_expected_no_live,549056,Q2166141,P549056,Cuneiform Artifact CDLI Seals 026414 (physical),"CDLI artifact: Cylinder seal; from Ebla (mod. Tell Mardikh); held by National Museum of Syria, Aleppo, Syria; CDLI P549056",CDLI Seals 026414 (physical),Cylinder seal,,,,,,,,,,Ebla (mod. Tell Mardikh),"National Museum of Syria, Aleppo, Syria"
no_expected_no_live,549083,Q2163782,P549083,Cuneiform Artifact CDLI Seals 026441 (physical),"CDLI artifact: Cylinder seal; from uncertain (mod. uncertain); held by British Museum, London, UK; CDLI P549083",CDLI Seals 026441 (physical),Cylinder seal,,,,,,,,,,uncertain (mod. uncertain),"British Museum, London, UK"
no_expected_no_live,549105,Q2168222,P549105,Cuneiform Artifact CDLI Seals 026463 (physical),"CDLI artifact: Cylinder seal; from uncertain (mod. uncertain); held by British Museum, London, UK; CDLI P549105",CDLI Seals 026463 (physical),Cylinder seal,,,,,,,,,,uncertain (mod. uncertain),"British Museum, London, UK"
no_expected_no_live,549113,Q2148496,P549113,Cuneiform Artifact CDLI Seals 026471 (physical),"CDLI artifact: Cylinder seal; from uncertain (mod. uncertain); held by British Museum, London, UK; CDLI P549113",CDLI Seals 026471 (physical),Cylinder seal,,,,,,,,,,uncertain (mod. uncertain),"British Museum, London, UK"
no_expected_no_live,549406,Q2168724,P549406,Cuneiform Artifact CDLI Seals 026648 (physical),"CDLI artifact: Cylinder seal; from uncertain (mod. uncertain); held by Michael Chiha collection, Beyrouth, Lebanon; CDLI P549406",CDLI Seals 026648 (physical),Cylinder seal,,,,,,,,,,uncertain (mod. uncertain),"Michael Chiha collection, Beyrouth, Lebanon"
no_expected_no_live,549410,Q2168272,P549410,Cuneiform Artifact CDLI Seals 026652 (physical),"CDLI artifact: Cylinder seal; from uncertain (mod. uncertain); held by Michael Chiha collection, Beyrouth, Lebanon; CDLI P549410",CDLI Seals 026652 (physical),Cylinder seal,,,,,,,,,,uncertain (mod. uncertain),"Michael Chiha collection, Beyrouth, Lebanon"
no_expected_no_live,549447,Q2166445,P549447,Cuneiform Artifact CDLI Seals 026689 (physical),"CDLI artifact: Cylinder seal; from uncertain (mod. uncertain); held by Michael Chiha collection, Beyrouth, Lebanon; CDLI P549447",CDLI Seals 026689 (physical),Cylinder seal,,,,,,,,,,uncertain (mod. uncertain),"Michael Chiha collection, Beyrouth, Lebanon"
no_expected_no_live,549451,Q2170534,P549451,Cuneiform Artifact CDLI Seals 026693 (physical),"CDLI artifact: Cylinder seal; from uncertain (mod. uncertain); held by Michael Chiha collection, Beyrouth, Lebanon; CDLI P549451",CDLI Seals 026693 (physical),Cylinder seal,,,,,,,,,,uncertain (mod. uncertain),"Michael Chiha collection, Beyrouth, Lebanon"
no_expected_no_live,549502,Q2165469,P549502,Cuneiform Artifact CDLI Seals 026744 (physical),"CDLI artifact: Cylinder seal; from uncertain (mod. uncertain); held by Michael Chiha collection, Beyrouth, Lebanon; CDLI P549502",CDLI Seals 026744 (physical),Cylinder seal,,,,,,,,,,uncertain (mod. uncertain),"Michael Chiha collection, Beyrouth, Lebanon"
no_expected_no_live,549514,Q2170317,P549514,Cuneiform Artifact CDLI Seals 026756 (physical),"CDLI artifact: Cylinder seal; from uncertain (mod. uncertain); held by Michael Chiha collection, Beyrouth, Lebanon; CDLI P549514",CDLI Seals 026756 (physical),Cylinder seal,,,,,,,,,,uncertain (mod. uncertain),"Michael Chiha collection, Beyrouth, Lebanon"
no_expected_no_live,549543,Q2151431,P549543,Cuneiform Artifact CDLI Seals 026785 (physical),"CDLI artifact: Cylinder seal; from uncertain (mod. uncertain); held by Michael Chiha collection, Beyrouth, Lebanon; CDLI P549543",CDLI Seals 026785 (physical),Cylinder seal,,,,,,,,,,uncertain (mod. uncertain),"Michael Chiha collection, Beyrouth, Lebanon"
no_expected_no_live,549596,Q2163232,P549596,Cuneiform Artifact Ashm 1975-0132d,"CDLI artifact: brick; from Dur-Untaš (mod. Chogha Zanbil); held by Ashmolean Museum, Oxford, UK; CDLI P549596",Ashm 1975-0132d,brick,,,,,,,,,,Dur-Untaš (mod. Chogha Zanbil),"Ashmolean Museum, Oxford, UK"
no_expected_no_live,549650,Q2164117,P549650,"Cuneiform Tablet Baghdader Forschungen 07, 730","CDLI artifact: tablet; from uncertain (mod. Tell Subeidi); held by National Museum of Iraq, Baghdad, Iraq; CDLI P549650","Baghdader Forschungen 07, 730",tablet,,,,,,,,,,uncertain (mod. Tell Subeidi),"National Museum of Iraq, Baghdad, Iraq"
no_expected_no_live,549781,Q2167292,P549781,Cuneiform Artifact Ashm 1939-0332 (030),"CDLI artifact: sealing; from Nagar (mod. Tell Brak); held by Ashmolean Museum, Oxford, UK; CDLI P549781",Ashm 1939-0332 (030),sealing,,,,,,,,,,Nagar (mod. Tell Brak),"Ashmolean Museum, Oxford, UK"
no_expected_no_live,549806,Q2167902,P549806,Cuneiform Artifact Ashm 1939-0332 (045.1),"CDLI artifact: sealing; from Nagar (mod. Tell Brak); held by Ashmolean Museum, Oxford, UK; CDLI P549806",Ashm 1939-0332 (045.1),sealing,,,,,,,,,,Nagar (mod. Tell Brak),"Ashmolean Museum, Oxford, UK"
no_expected_no_live,549810,Q2154385,P549810,Cuneiform Artifact Ashm 1939-0332 (047.1),"CDLI artifact: sealing; from Nagar (mod. Tell Brak); held by Ashmolean Museum, Oxford, UK; CDLI P549810",Ashm 1939-0332 (047.1),sealing,,,,,,,,,,Nagar (mod. Tell Brak),"Ashmolean Museum, Oxford, UK"
no_expected_no_live,549851,Q2165641,P549851,Cuneiform Artifact Ashm 1939-0332 (070),"CDLI artifact: sealing; from Nagar (mod. Tell Brak); held by Ashmolean Museum, Oxford, UK; CDLI P549851",Ashm 1939-0332 (070),sealing,,,,,,,,,,Nagar (mod. Tell Brak),"Ashmolean Museum, Oxford, UK"
no_expected_no_live,552708,Q2170284,P552708,"Cuneiform Tablet CM 03, no. 373","CDLI artifact: tablet; held by British Museum, London, UK; CDLI P552708","CM 03, no. 373",tablet,,,,,,,,,,,"British Museum, London, UK"
no_expected_no_live,554776,Q2170185,P554776,Cuneiform Artifact BM 041386,"CDLI artifact: sealing; held by British Museum, London, UK; CDLI P554776",BM 041386,sealing,,,,,,,,,,,"British Museum, London, UK"
no_expected_no_live,555366,Q2165253,P555366,Cuneiform Tablet MacGinnis Letter Orders from Sippar 162,"CDLI artifact: tablet; from Sippar-Yahrurum (mod. Tell Abu Habbah); held by British Museum, London, UK; CDLI P555366",MacGinnis Letter Orders from Sippar 162,tablet,,,,,,,,,,Sippar-Yahrurum (mod. Tell Abu Habbah),"British Museum, London, UK"
no_expected_no_live,555809,Q2163807,P555809,"Cuneiform Tablet Tallies and trends, text 2","CDLI artifact: tablet; held by British Museum, London, UK; CDLI P555809","Tallies and trends, text 2",tablet,,,,,,,,,,,"British Museum, London, UK"
no_expected_no_live,555825,Q2167916,P555825,"Cuneiform Tablet Tallies and trends, text 3A","CDLI artifact: tablet; held by British Museum, London, UK; CDLI P555825","Tallies and trends, text 3A",tablet,,,,,,,,,,,"British Museum, London, UK"
no_expected_no_live,555833,Q2154036,P555833,"Cuneiform Tablet AOAT 451, no. 167","CDLI artifact: tablet; from Sippar-Yahrurum (mod. Tell Abu Habbah); held by British Museum, London, UK; CDLI P555833","AOAT 451, no. 167",tablet,,,,,,,,,,Sippar-Yahrurum (mod. Tell Abu Habbah),"British Museum, London, UK"
no_expected_no_live,555960,Q1994177,P555960,"Cuneiform Tablet AOAT 451, no. 222","CDLI artifact: tablet; from Sippar-Yahrurum (mod. Tell Abu Habbah); held by British Museum, London, UK; CDLI P555960","AOAT 451, no. 222",tablet,,,,,,,,,,Sippar-Yahrurum (mod. Tell Abu Habbah),"British Museum, London, UK"
no_expected_no_live,555999,Q2159230,P555999,"Cuneiform Tablet AOAT 451, no. 231","CDLI artifact: tablet; from Sippar-Yahrurum (mod. Tell Abu Habbah); held by British Museum, London, UK; CDLI P555999","AOAT 451, no. 231",tablet,,,,,,,,,,Sippar-Yahrurum (mod. Tell Abu Habbah),"British Museum, London, UK"
no_expected_no_live,556024,Q2167348,P556024,"Cuneiform Tablet AOAT 451, no. 236","CDLI artifact: tablet; from Sippar-Yahrurum (mod. Tell Abu Habbah); held by British Museum, London, UK; CDLI P556024","AOAT 451, no. 236",tablet,,,,,,,,,,Sippar-Yahrurum (mod. Tell Abu Habbah),"British Museum, London, UK"
no_expected_no_live,556065,Q2169687,P556065,"Cuneiform Tablet AOAT 451, no. 263","CDLI artifact: tablet; from Sippar-Yahrurum (mod. Tell Abu Habbah); held by British Museum, London, UK; CDLI P556065","AOAT 451, no. 263",tablet,,,,,,,,,,Sippar-Yahrurum (mod. Tell Abu Habbah),"British Museum, London, UK"
no_expected_no_live,556376,Q2163945,P556376,"Cuneiform Tablet MC 24, no. 201","CDLI artifact: tablet; held by British Museum, London, UK; CDLI P556376","MC 24, no. 201",tablet,,,,,,,,,,,"British Museum, London, UK"
no_expected_no_live,556399,Q2162973,P556399,"Cuneiform Tablet MC 24, no. 172","CDLI artifact: tablet; held by British Museum, London, UK; CDLI P556399","MC 24, no. 172",tablet,,,,,,,,,,,"British Museum, London, UK"
no_expected_no_live,556435,Q2169850,P556435,"Cuneiform Tablet MC 25, 392","CDLI artifact: tablet; held by British Museum, London, UK; CDLI P556435","MC 25, 392",tablet,,,,,,,,,,,"British Museum, London, UK"
no_expected_no_live,556474,Q2167480,P556474,"Cuneiform Tablet MC 25, 418","CDLI artifact: tablet; held by British Museum, London, UK; CDLI P556474","MC 25, 418",tablet,,,,,,,,,,,"British Museum, London, UK"
no_expected_no_live,556531,Q2166707,P556531,"Cuneiform Tablet Nisaba 21, 1110","CDLI artifact: tablet; from Borsippa (mod. Birs Nimrud); held by British Museum, London, UK; CDLI P556531","Nisaba 21, 1110",tablet,,,,,,,,,,Borsippa (mod. Birs Nimrud),"British Museum, London, UK"
no_expected_no_live,556570,Q2169043,P556570,Cuneiform Tablet BM 032949,"CDLI artifact: tablet; held by British Museum, London, UK; CDLI P556570",BM 032949,tablet,,,,,,,,,,,"British Museum, London, UK"
no_expected_no_live,556589,Q2063763,P556589,Cuneiform Tablet BM 034265,"CDLI artifact: tablet; held by British Museum, London, UK; CDLI P556589",BM 034265,tablet,,,,,,,,,,,"British Museum, London, UK"
no_expected_no_live,556659,Q2161285,P556659,Cuneiform Tablet BM 042205,"CDLI artifact: tablet; held by British Museum, London, UK; CDLI P556659",BM 042205,tablet,,,,,,,,,,,"British Museum, London, UK"
no_expected_no_live,557137,Q2163484,P557137,Cuneiform Tablet BM 032255,"CDLI artifact: tablet; from Babylon (mod. Bābil); held by British Museum, London, UK; CDLI P557137",BM 032255,tablet,,,,,,,,,,Babylon (mod. Bābil),"British Museum, London, UK"
no_expected_no_live,557224,Q2169533,P557224,Cuneiform Tablet BM 033601,"CDLI artifact: tablet; from Babylon (mod. Bābil); held by British Museum, London, UK; CDLI P557224",BM 033601,tablet,,,,,,,,,,Babylon (mod. Bābil),"British Museum, London, UK"
no_expected_no_live,557232,Q2143212,P557232,Cuneiform Tablet BM 033771,"CDLI artifact: tablet; from Babylon (mod. Bābil); held by British Museum, London, UK; CDLI P557232",BM 033771,tablet,,,,,,,,,,Babylon (mod. Bābil),"British Museum, London, UK"
no_expected_no_live,557249,Q2162165,P557249,Cuneiform Tablet BM 034431,"CDLI artifact: tablet; held by British Museum, London, UK; CDLI P557249",BM 034431,tablet,,,,,,,,,,,"British Museum, London, UK"
no_expected_no_live,557265,Q2167205,P557265,Cuneiform Tablet BM 035006,"CDLI artifact: tablet; from Babylon (mod. Bābil); held by British Museum, London, UK; CDLI P557265",BM 035006,tablet,,,,,,,,,,Babylon (mod. Bābil),"British Museum, London, UK"
no_expected_no_live,557320,Q2166973,P557320,Cuneiform Tablet BM 035728,"CDLI artifact: tablet; from Babylon (mod. Bābil); held by British Museum, London, UK; CDLI P557320",BM 035728,tablet,,,,,,,,,,Babylon (mod. Bābil),"British Museum, London, UK"
no_expected_no_live,557361,Q2169330,P557361,Cuneiform Tablet BM 035953,"CDLI artifact: tablet; held by British Museum, London, UK; CDLI P557361",BM 035953,tablet,,,,,,,,,,,"British Museum, London, UK"
no_expected_no_live,557377,Q2018291,P557377,Cuneiform Tablet BM 036068,"CDLI artifact: tablet; held by British Museum, London, UK; CDLI P557377",BM 036068,tablet,,,,,,,,,,,"British Museum, London, UK"
no_expected_no_live,557398,Q2146414,P557398,Cuneiform Tablet BM 036130,"CDLI artifact: tablet; held by British Museum, London, UK; CDLI P557398",BM 036130,tablet,,,,,,,,,,,"British Museum, London, UK"
no_expected_no_live,557418,Q2168712,P557418,Cuneiform Tablet BM 036172,"CDLI artifact: tablet; held by British Museum, London, UK; CDLI P557418",BM 036172,tablet,,,,,,,,,,,"British Museum, London, UK"
no_expected_no_live,557422,Q2163439,P557422,Cuneiform Tablet BM 036179,"CDLI artifact: tablet; held by British Museum, London, UK; CDLI P557422",BM 036179,tablet,,,,,,,,,,,"British Museum, London, UK"
no_expected_no_live,557459,Q2166455,P557459,Cuneiform Tablet BM 036412,"CDLI artifact: tablet; held by British Museum, London, UK; CDLI P557459",BM 036412,tablet,,,,,,,,,,,"British Museum, London, UK"
no_expected_no_live,557567,Q2163660,P557567,Cuneiform Tablet BM 037470,"CDLI artifact: tablet; held by British Museum, London, UK; CDLI P557567",BM 037470,tablet,,,,,,,,,,,"British Museum, London, UK"
no_expected_no_live,557588,Q2163267,P557588,Cuneiform Tablet BM 037896,"CDLI artifact: tablet; held by British Museum, London, UK; CDLI P557588",BM 037896,tablet,,,,,,,,,,,"British Museum, London, UK"
no_expected_no_live,557619,Q2162324,P557619,Cuneiform Tablet BM 038705,"CDLI artifact: tablet; held by British Museum, London, UK; CDLI P557619",BM 038705,tablet,,,,,,,,,,,"British Museum, London, UK"
no_expected_no_live,557635,Q2167070,P557635,Cuneiform Tablet BM 038965,"CDLI artifact: tablet; held by British Museum, London, UK; CDLI P557635",BM 038965,tablet,,,,,,,,,,,"British Museum, London, UK"
no_expected_no_live,557662,Q2147336,P557662,Cuneiform Tablet BM 039144,"CDLI artifact: tablet; held by British Museum, London, UK; CDLI P557662",BM 039144,tablet,,,,,,,,,,,"British Museum, London, UK"
no_expected_no_live,557674,Q2169385,P557674,Cuneiform Tablet BM 039205,"CDLI artifact: tablet; held by British Museum, London, UK; CDLI P557674",BM 039205,tablet,,,,,,,,,,,"British Museum, London, UK"
no_expected_no_live,557727,Q2046977,P557727,Cuneiform Tablet BM 039704,"CDLI artifact: tablet; held by British Museum, London, UK; CDLI P557727",BM 039704,tablet,,,,,,,,,,,"British Museum, London, UK"
no_expected_no_live,557731,Q2169167,P557731,Cuneiform Tablet BM 039756,"CDLI artifact: tablet; held by British Museum, London, UK; CDLI P557731",BM 039756,tablet,,,,,,,,,,,"British Museum, London, UK"
no_expected_no_live,557770,Q2166851,P557770,Cuneiform Tablet BM 040280,"CDLI artifact: tablet; held by British Museum, London, UK; CDLI P557770",BM 040280,tablet,,,,,,,,,,,"British Museum, London, UK"
no_expected_no_live,557834,Q2163788,P557834,Cuneiform Tablet BM 041070,"CDLI artifact: tablet; from Babylon (mod. Bābil); held by British Museum, London, UK; CDLI P557834",BM 041070,tablet,,,,,,,,,,Babylon (mod. Bābil),"British Museum, London, UK"
no_expected_no_live,557859,Q2170173,P557859,Cuneiform Tablet BM 041158,"CDLI artifact: tablet; from Babylon (mod. Bābil); held by British Museum, London, UK; CDLI P557859",BM 041158,tablet,,,,,,,,,,Babylon (mod. Bābil),"British Museum, London, UK"
no_expected_no_live,557971,Q2163011,P557971,Cuneiform Tablet BM 042677,"CDLI artifact: tablet; held by British Museum, London, UK; CDLI P557971",BM 042677,tablet,,,,,,,,,,,"British Museum, London, UK"
no_expected_no_live,558016,Q2162257,P558016,Cuneiform Tablet BM 042742,"CDLI artifact: tablet; held by British Museum, London, UK; CDLI P558016",BM 042742,tablet,,,,,,,,,,,"British Museum, London, UK"
no_expected_no_live,558041,Q2164185,P558041,Cuneiform Tablet BM 042785,"CDLI artifact: tablet; held by British Museum, London, UK; CDLI P558041",BM 042785,tablet,,,,,,,,,,,"British Museum, London, UK"
no_expected_no_live,558082,Q2022347,P558082,Cuneiform Tablet BM 042850,"CDLI artifact: tablet; held by British Museum, London, UK; CDLI P558082",BM 042850,tablet,,,,,,,,,,,"British Museum, London, UK"
no_expected_no_live,558094,Q2169279,P558094,Cuneiform Tablet BM 042866,"CDLI artifact: tablet; held by British Museum, London, UK; CDLI P558094",BM 042866,tablet,,,,,,,,,,,"British Museum, London, UK"
no_expected_no_live,558104,Q2165047,P558104,Cuneiform Tablet BM 042884,"CDLI artifact: tablet; held by British Museum, London, UK; CDLI P558104",BM 042884,tablet,,,,,,,,,,,"British Museum, London, UK"
no_expected_no_live,558128,Q2047193,P558128,Cuneiform Tablet BM 042945,"CDLI artifact: tablet; held by British Museum, London, UK; CDLI P558128",BM 042945,tablet,,,,,,,,,,,"British Museum, London, UK"
no_expected_no_live,558153,Q2162587,P558153,Cuneiform Tablet BM 042990,"CDLI artifact: tablet; held by British Museum, London, UK; CDLI P558153",BM 042990,tablet,,,,,,,,,,,"British Museum, London, UK"
no_expected_no_live,558190,Q2167242,P558190,Cuneiform Tablet BM 043037,"CDLI artifact: tablet; held by British Museum, London, UK; CDLI P558190",BM 043037,tablet,,,,,,,,,,,"British Museum, London, UK"
no_expected_no_live,558201,Q2168356,P558201,Cuneiform Tablet BM 043054,"CDLI artifact: tablet; held by British Museum, London, UK; CDLI P558201",BM 043054,tablet,,,,,,,,,,,"British Museum, London, UK"
no_expected_no_live,558217,Q2167898,P558217,Cuneiform Tablet BM 043079,"CDLI artifact: tablet; held by British Museum, London, UK; CDLI P558217",BM 043079,tablet,,,,,,,,,,,"British Museum, London, UK"
no_expected_no_live,558240,Q2170578,P558240,Cuneiform Tablet BM 043614,"CDLI artifact: tablet; held by British Museum, London, UK; CDLI P558240",BM 043614,tablet,,,,,,,,,,,"British Museum, London, UK"
no_expected_no_live,558256,Q2166389,P558256,Cuneiform Tablet BM 043882,"CDLI artifact: tablet; held by British Museum, London, UK; CDLI P558256",BM 043882,tablet,,,,,,,,,,,"British Museum, London, UK"
no_expected_no_live,558305,Q2170243,P558305,Cuneiform Tablet BM 044209,"CDLI artifact: tablet; held by British Museum, London, UK; CDLI P558305",BM 044209,tablet,,,,,,,,,,,"British Museum, London, UK"
no_expected_no_live,558313,Q2165603,P558313,Cuneiform Tablet BM 044438,"CDLI artifact: tablet; held by British Museum, London, UK; CDLI P558313",BM 044438,tablet,,,,,,,,,,,"British Museum, London, UK"
no_expected_no_live,558344,Q2167977,P558344,Cuneiform Tablet BM 045509,"CDLI artifact: tablet; held by British Museum, London, UK; CDLI P558344",BM 045509,tablet,,,,,,,,,,,"British Museum, London, UK"
no_expected_no_live,558352,Q2152215,P558352,Cuneiform Tablet BM 045726,"CDLI artifact: tablet; from Babylon (mod. Bābil); held by British Museum, London, UK; CDLI P558352",BM 045726,tablet,,,,,,,,,,Babylon (mod. Bābil),"British Museum, London, UK"
no_expected_no_live,558387,Q2163345,P558387,Cuneiform Tablet BM 045875,"CDLI artifact: tablet; from Babylon (mod. Bābil); held by British Museum, London, UK; CDLI P558387",BM 045875,tablet,,,,,,,,,,Babylon (mod. Bābil),"British Museum, London, UK"
no_expected_no_live,558411,Q2164325,P558411,Cuneiform Tablet BM 045937,"CDLI artifact: tablet; from Babylon (mod. Bābil); held by British Museum, London, UK; CDLI P558411",BM 045937,tablet,,,,,,,,,,Babylon (mod. Bābil),"British Museum, London, UK"
no_expected_no_live,558446,Q2162088,P558446,Cuneiform Tablet BM 046034,"CDLI artifact: tablet; from Babylon (mod. Bābil); held by British Museum, London, UK; CDLI P558446",BM 046034,tablet,,,,,,,,,,Babylon (mod. Bābil),"British Museum, London, UK"
no_expected_no_live,558485,Q2166868,P558485,Cuneiform Tablet BM 046150,"CDLI artifact: tablet; from Babylon (mod. Bābil); held by British Museum, London, UK; CDLI P558485",BM 046150,tablet,,,,,,,,,,Babylon (mod. Bābil),"British Museum, London, UK"
no_expected_no_live,558503,Q2162448,P558503,Cuneiform Tablet BM 046190,"CDLI artifact: tablet; held by British Museum, London, UK; CDLI P558503",BM 046190,tablet,,,,,,,,,,,"British Museum, London, UK"
no_expected_no_live,558554,Q2165184,P558554,Cuneiform Tablet BM 047118,"CDLI artifact: tablet; held by British Museum, London, UK; CDLI P558554",BM 047118,tablet,,,,,,,,,,,"British Museum, London, UK"
no_expected_no_live,558578,Q2023756,P558578,Cuneiform Tablet BM 047739,"CDLI artifact: tablet; held by British Museum, London, UK; CDLI P558578",BM 047739,tablet,,,,,,,,,,,"British Museum, London, UK"
no_expected_no_live,558581,Q2169353,P558581,Cuneiform Tablet BM 047843,"CDLI artifact: tablet; held by British Museum, London, UK; CDLI P558581",BM 047843,tablet,,,,,,,,,,,"British Museum, London, UK"
no_expected_no_live,558597,Q2147458,P558597,Cuneiform Tablet BM 047917,"CDLI artifact: tablet; held by British Museum, London, UK; CDLI P558597",BM 047917,tablet,,,,,,,,,,,"British Museum, London, UK"
no_expected_no_live,558606,Q2166227,P558606,Cuneiform Tablet BM 048075,"CDLI artifact: tablet; held by British Museum, London, UK; CDLI P558606",BM 048075,tablet,,,,,,,,,,,"British Museum, London, UK"
no_expected_no_live,558647,Q2165493,P558647,Cuneiform Tablet BM 048235,"CDLI artifact: tablet; held by British Museum, London, UK; CDLI P558647",BM 048235,tablet,,,,,,,,,,,"British Museum, London, UK"
no_expected_no_live,558651,Q2168492,P558651,Cuneiform Tablet BM 048257,"CDLI artifact: tablet; held by British Museum, London, UK; CDLI P558651",BM 048257,tablet,,,,,,,,,,,"British Museum, London, UK"
no_expected_no_live,558692,Q2163670,P558692,Cuneiform Tablet BM 048745,"CDLI artifact: tablet; held by British Museum, London, UK; CDLI P558692",BM 048745,tablet,,,,,,,,,,,"British Museum, London, UK"
no_expected_no_live,558702,Q2149974,P558702,Cuneiform Tablet BM 048870,"CDLI artifact: tablet; held by British Museum, London, UK; CDLI P558702",BM 048870,tablet,,,,,,,,,,,"British Museum, London, UK"
no_expected_no_live,558714,Q2168114,P558714,Cuneiform Tablet BM 048970,"CDLI artifact: tablet; held by British Museum, London, UK; CDLI P558714",BM 048970,tablet,,,,,,,,,,,"British Museum, London, UK"
no_expected_no_live,558738,Q2163569,P558738,Cuneiform Tablet BM 054736 + BM 054744,"CDLI artifact: tablet; held by British Museum, London, UK; CDLI P558738",BM 054736 + BM 054744,tablet,,,,,,,,,,,"British Museum, London, UK"
no_expected_no_live,558743,Q2165397,P558743,Cuneiform Tablet BM 055109,"CDLI artifact: tablet; held by British Museum, London, UK; CDLI P558743",BM 055109,tablet,,,,,,,,,,,"British Museum, London, UK"
no_expected_no_live,558755,Q2170401,P558755,Cuneiform Tablet BM 055538,"CDLI artifact: tablet; held by British Museum, London, UK; CDLI P558755",BM 055538,tablet,,,,,,,,,,,"British Museum, London, UK"
no_expected_no_live,558807,Q2164690,P558807,Cuneiform Tablet BM 077616 + BM 077682 + BM 077727,"CDLI artifact: tablet; held by British Museum, London, UK; CDLI P558807",BM 077616 + BM 077682 + BM 077727,tablet,,,,,,,,,,,"British Museum, London, UK"
no_expected_no_live,558850,Q2162872,P558850,Cuneiform Tablet BM 099702,"CDLI artifact: tablet; held by British Museum, London, UK; CDLI P558850",BM 099702,tablet,,,,,,,,,,,"British Museum, London, UK"
no_expected_no_live,558978,Q2169775,P558978,Cuneiform Tablet BM 026019,"CDLI artifact: tablet; from Borsippa (mod. Birs Nimrud); held by British Museum, London, UK; CDLI P558978",BM 026019,tablet,,,,,,,,,,Borsippa (mod. Birs Nimrud),"British Museum, London, UK"
no_expected_no_live,559781,Q2167517,P559781,Cuneiform Tablet BM 025634,"CDLI artifact: tablet; from Borsippa (mod. Birs Nimrud); held by British Museum, London, UK; CDLI P559781",BM 025634,tablet,,,,,,,,,,Borsippa (mod. Birs Nimrud),"British Museum, London, UK"
no_expected_no_live,559847,Q2170367,P559847,Cuneiform Tablet BM 029175,"CDLI artifact: tablet; from Borsippa (mod. Birs Nimrud); held by British Museum, London, UK; CDLI P559847",BM 029175,tablet,,,,,,,,,,Borsippa (mod. Birs Nimrud),"British Museum, London, UK"
no_expected_no_live,559851,Q2165409,P559851,Cuneiform Tablet BM 029230,"CDLI artifact: tablet; from Borsippa (mod. Birs Nimrud); held by British Museum, London, UK; CDLI P559851",BM 029230,tablet,,,,,,,,,,Borsippa (mod. Birs Nimrud),"British Museum, London, UK"
no_expected_no_live,559914,Q2166242,P559914,Cuneiform Tablet BM 029794,"CDLI artifact: tablet; from Borsippa (mod. Birs Nimrud); held by British Museum, London, UK; CDLI P559914",BM 029794,tablet,,,,,,,,,,Borsippa (mod. Birs Nimrud),"British Museum, London, UK"
no_expected_no_live,561584,Q2165840,P561584,Cuneiform Tablet BM 031275,"CDLI artifact: tablet; held by British Museum, London, UK; CDLI P561584",BM 031275,tablet,,,,,,,,,,,"British Museum, London, UK"
no_expected_no_live,561592,Q2169977,P561592,Cuneiform Tablet BM 031291,"CDLI artifact: tablet; held by British Museum, London, UK; CDLI P561592",BM 031291,tablet,,,,,,,,,,,"British Museum, London, UK"
no_expected_no_live,561615,Q2047308,P561615,Cuneiform Tablet BM 031410,"CDLI artifact: tablet; held by British Museum, London, UK; CDLI P561615",BM 031410,tablet,,,,,,,,,,,"British Museum, London, UK"
no_expected_no_live,561642,Q2166718,P561642,Cuneiform Tablet BM 031537,"CDLI artifact: tablet; held by British Museum, London, UK; CDLI P561642",BM 031537,tablet,,,,,,,,,,,"British Museum, London, UK"
no_expected_no_live,561750,Q2057720,P561750,Cuneiform Tablet BM 031740,"CDLI artifact: tablet; held by British Museum, London, UK; CDLI P561750",BM 031740,tablet,,,,,,,,,,,"British Museum, London, UK"
no_expected_no_live,561793,Q2164671,P561793,Cuneiform Tablet BM 031812,"CDLI artifact: tablet; held by British Museum, London, UK; CDLI P561793",BM 031812,tablet,,,,,,,,,,,"British Museum, London, UK"
no_expected_no_live,561838,Q2166459,P561838,Cuneiform Tablet BM 031934,"CDLI artifact: tablet; held by British Museum, London, UK; CDLI P561838",BM 031934,tablet,,,,,,,,,,,"British Museum, London, UK"
no_expected_no_live,561843,Q2163441,P561843,Cuneiform Tablet BM 031944,"CDLI artifact: tablet; held by British Museum, London, UK; CDLI P561843",BM 031944,tablet,,,,,,,,,,,"British Museum, London, UK"
no_expected_no_live,561880,Q2168106,P561880,Cuneiform Tablet BM 032020,"CDLI artifact: tablet; held by British Museum, London, UK; CDLI P561880",BM 032020,tablet,,,,,,,,,,,"British Museum, London, UK"
no_expected_no_live,561896,Q2150527,P561896,Cuneiform Tablet BM 032050,"CDLI artifact: tablet; held by British Museum, London, UK; CDLI P561896",BM 032050,tablet,,,,,,,,,,,"British Museum, London, UK"
no_expected_no_live,561992,Q2166215,P561992,Cuneiform Tablet BM 032367+,"CDLI artifact: tablet; held by British Museum, London, UK; CDLI P561992",BM 032367+,tablet,,,,,,,,,,,"British Museum, London, UK"
no_expected_no_live,562039,Q2019649,P562039,"Cuneiform Tablet MSL 11, 067 E","CDLI artifact: tablet; held by British Museum, London, UK; CDLI P562039","MSL 11, 067 E",tablet,,,,,,,,,,,"British Museum, London, UK"
no_expected_no_live,562042,Q2162403,P562042,"Cuneiform Tablet MSL 10, 065",CDLI artifact: tablet; CDLI P562042,"MSL 10, 065",tablet,,,,,,,,,,,
no_expected_no_live,562081,Q2167162,P562081,Cuneiform Tablet BM 032671,"CDLI artifact: tablet; held by British Museum, London, UK; CDLI P562081",BM 032671,tablet,,,,,,,,,,,"British Museum, London, UK"
no_expected_no_live,562185,Q2169063,P562185,Cuneiform Tablet BM 032842,"CDLI artifact: tablet; held by British Museum, London, UK; CDLI P562185",BM 032842,tablet,,,,,,,,,,,"British Museum, London, UK"
no_expected_no_live,562193,Q2047246,P562193,Cuneiform Tablet BM 032915 + BM 032977,"CDLI artifact: tablet; held by British Museum, London, UK; CDLI P562193",BM 032915 + BM 032977,tablet,,,,,,,,,,,"British Museum, London, UK"
no_expected_no_live,562214,Q2170451,P562214,Cuneiform Tablet BM 033043,"CDLI artifact: tablet; held by British Museum, London, UK; CDLI P562214",BM 033043,tablet,,,,,,,,,,,"British Museum, London, UK"
no_expected_no_live,562243,Q2148394,P562243,Cuneiform Tablet BM 033345,"CDLI artifact: tablet; held by British Museum, London, UK; CDLI P562243",BM 033345,tablet,,,,,,,,,,,"British Museum, London, UK"
no_expected_no_live,562279,Q2163520,P562279,Cuneiform Tablet BM 033396,"CDLI artifact: tablet; held by British Museum, London, UK; CDLI P562279",BM 033396,tablet,,,,,,,,,,,"British Museum, London, UK"
no_expected_no_live,562347,Q2166312,P562347,Cuneiform Tablet BM 033584 (+) BM 033636 + BM 033855,"CDLI artifact: tablet; from Babylon (mod. Bābil); held by British Museum, London, UK; CDLI P562347",BM 033584 (+) BM 033636 + BM 033855,tablet,,,,,,,,,,Babylon (mod. Bābil),"British Museum, London, UK"
no_expected_no_live,562412,Q2162520,P562412,Cuneiform Tablet BM 033704,"CDLI artifact: tablet; from Babylon (mod. Bābil); held by British Museum, London, UK; CDLI P562412",BM 033704,tablet,,,,,,,,,,Babylon (mod. Bābil),"British Museum, London, UK"
no_expected_no_live,562469,Q2044626,P562469,Cuneiform Tablet BM 033897,"CDLI artifact: tablet; from Babylon (mod. Bābil); held by British Museum, London, UK; CDLI P562469",BM 033897,tablet,,,,,,,,,,Babylon (mod. Bābil),"British Museum, London, UK"
no_expected_no_live,562486,Q2142869,P562486,Cuneiform Tablet BM 034006,"CDLI artifact: tablet; held by British Museum, London, UK; CDLI P562486",BM 034006,tablet,,,,,,,,,,,"British Museum, London, UK"
no_expected_no_live,562490,Q2169582,P562490,Cuneiform Tablet BM 034011,"CDLI artifact: tablet; held by British Museum, London, UK; CDLI P562490",BM 034011,tablet,,,,,,,,,,,"British Museum, London, UK"
no_expected_no_live,562500,Q2164121,P562500,Cuneiform Tablet BM 034026,"CDLI artifact: tablet; held by British Museum, London, UK; CDLI P562500",BM 034026,tablet,,,,,,,,,,,"British Museum, London, UK"
no_expected_no_live,562557,Q2162296,P562557,Cuneiform Tablet BM 034288,"CDLI artifact: tablet; held by British Museum, London, UK; CDLI P562557",BM 034288,tablet,,,,,,,,,,,"British Museum, London, UK"
no_expected_no_live,562594,Q2166948,P562594,Cuneiform Tablet BM 034382,"CDLI artifact: tablet; held by British Museum, London, UK; CDLI P562594",BM 034382,tablet,,,,,,,,,,,"British Museum, London, UK"
no_expected_no_live,562605,Q2168056,P562605,Cuneiform Tablet BM 034414,"CDLI artifact: tablet; held by British Museum, London, UK; CDLI P562605",BM 034414,tablet,,,,,,,,,,,"British Museum, London, UK"
no_expected_no_live,562613,Q2151605,P562613,Cuneiform Tablet BM 034441,"CDLI artifact: tablet; held by British Museum, London, UK; CDLI P562613",BM 034441,tablet,,,,,,,,,,,"British Museum, London, UK"
no_expected_no_live,562629,Q2163655,P562629,Cuneiform Tablet BM 034474,"CDLI artifact: tablet; held by British Museum, London, UK; CDLI P562629",BM 034474,tablet,,,,,,,,,,,"British Museum, London, UK"
no_expected_no_live,562644,Q2170310,P562644,Cuneiform Tablet BM 034505,"CDLI artifact: tablet; held by British Museum, London, UK; CDLI P562644",BM 034505,tablet,,,,,,,,,,,"British Museum, London, UK"
no_expected_no_live,562652,Q2165464,P562652,Cuneiform Tablet BM 034522,"CDLI artifact: tablet; held by British Museum, London, UK; CDLI P562652",BM 034522,tablet,,,,,,,,,,,"British Museum, London, UK"
no_expected_no_live,562717,Q2166446,P562717,Cuneiform Tablet BM 035256,"CDLI artifact: tablet; held by British Museum, London, UK; CDLI P562717",BM 035256,tablet,,,,,,,,,,,"British Museum, London, UK"
no_expected_no_live,562740,Q2168266,P562740,Cuneiform Tablet BM 035409,"CDLI artifact: tablet; held by British Museum, London, UK; CDLI P562740",BM 035409,tablet,,,,,,,,,,,"British Museum, London, UK"
no_expected_no_live,562756,Q2168720,P562756,Cuneiform Tablet BM 035452,"CDLI artifact: tablet; held by British Museum, London, UK; CDLI P562756",BM 035452,tablet,,,,,,,,,,,"British Museum, London, UK"
no_expected_no_live,562783,Q2163608,P562783,Cuneiform Tablet BM 035588,"CDLI artifact: tablet; held by British Museum, London, UK; CDLI P562783",BM 035588,tablet,,,,,,,,,,,"British Museum, London, UK"
no_expected_no_live,562828,Q2167482,P562828,Cuneiform Tablet BM 035827,"CDLI artifact: tablet; held by British Museum, London, UK; CDLI P562828",BM 035827,tablet,,,,,,,,,,,"British Museum, London, UK"
no_expected_no_live,562853,Q2164559,P562853,Cuneiform Tablet BM 035903,"CDLI artifact: tablet; held by British Museum, London, UK; CDLI P562853",BM 035903,tablet,,,,,,,,,,,"British Museum, London, UK"
no_expected_no_live,562869,Q2169852,P562869,Cuneiform Tablet BM 035952,"CDLI artifact: tablet; held by British Museum, London, UK; CDLI P562869",BM 035952,tablet,,,,,,,,,,,"British Museum, London, UK"
no_expected_no_live,562886,Q2168792,P562886,Cuneiform Tablet BM 036002,"CDLI artifact: tablet; held by British Museum, London, UK; CDLI P562886",BM 036002,tablet,,,,,,,,,,,"British Museum, London, UK"
no_expected_no_live,562890,Q2047865,P562890,Cuneiform Tablet BM 036015,"CDLI artifact: tablet; held by British Museum, London, UK; CDLI P562890",BM 036015,tablet,,,,,,,,,,,"British Museum, London, UK"
no_expected_no_live,562916,Q2164947,P562916,Cuneiform Tablet BM 036113,"CDLI artifact: tablet; held by British Museum, London, UK; CDLI P562916",BM 036113,tablet,,,,,,,,,,,"British Museum, London, UK"
no_expected_no_live,562941,Q2162654,P562941,Cuneiform Tablet BM 036199,"CDLI artifact: tablet; held by British Museum, London, UK; CDLI P562941",BM 036199,tablet,,,,,,,,,,,"British Museum, London, UK"
no_expected_no_live,562982,Q2167439,P562982,Cuneiform Tablet BM 036342,"CDLI artifact: tablet; held by British Museum, London, UK; CDLI P562982",BM 036342,tablet,,,,,,,,,,,"British Museum, London, UK"
no_expected_no_live,563002,Q2157393,P563002,Cuneiform Tablet BM 036374,"CDLI artifact: tablet; held by British Museum, London, UK; CDLI P563002",BM 036374,tablet,,,,,,,,,,,"British Museum, London, UK"
no_expected_no_live,563038,Q2163924,P563038,Cuneiform Tablet BM 036465,"CDLI artifact: tablet; held by British Museum, London, UK; CDLI P563038",BM 036465,tablet,,,,,,,,,,,"British Museum, London, UK"
no_expected_no_live,563043,Q2165795,P563043,Cuneiform Tablet BM 036474,"CDLI artifact: tablet; held by British Museum, London, UK; CDLI P563043",BM 036474,tablet,,,,,,,,,,,"British Museum, London, UK"
no_expected_no_live,563055,Q2170053,P563055,Cuneiform Tablet BM 036496,"CDLI artifact: tablet; held by British Museum, London, UK; CDLI P563055",BM 036496,tablet,,,,,,,,,,,"British Museum, London, UK"
no_expected_no_live,563106,Q2166142,P563106,Cuneiform Tablet BM 036562,"CDLI artifact: tablet; held by British Museum, London, UK; CDLI P563106",BM 036562,tablet,,,,,,,,,,,"British Museum, London, UK"
no_expected_no_live,563147,Q2164189,P563147,Cuneiform Tablet BM 036640,"CDLI artifact: tablet; held by British Museum, London, UK; CDLI P563147",BM 036640,tablet,,,,,,,,,,,"British Museum, London, UK"
no_expected_no_live,563151,Q2168565,P563151,Cuneiform Tablet BM 036670,"CDLI artifact: tablet; held by British Museum, London, UK; CDLI P563151",BM 036670,tablet,,,,,,,,,,,"British Museum, London, UK"
no_expected_no_live,563192,Q2163886,P563192,Cuneiform Tablet BM 036893,"CDLI artifact: tablet; held by British Museum, London, UK; CDLI P563192",BM 036893,tablet,,,,,,,,,,,"British Museum, London, UK"
no_expected_no_live,563203,Q2162788,P563203,Cuneiform Tablet BM 036933,"CDLI artifact: tablet; held by British Museum, London, UK; CDLI P563203",BM 036933,tablet,,,,,,,,,,,"British Museum, London, UK"
no_expected_no_live,563254,Q2164818,P563254,Cuneiform Tablet BM 037224,"CDLI artifact: tablet; held by British Museum, London, UK; CDLI P563254",BM 037224,tablet,,,,,,,,,,,"British Museum, London, UK"
no_expected_no_live,563278,Q2047654,P563278,Cuneiform Tablet BM 037300,"CDLI artifact: tablet; held by British Museum, London, UK; CDLI P563278",BM 037300,tablet,,,,,,,,,,,"British Museum, London, UK"
no_expected_no_live,563281,Q2169870,P563281,Cuneiform Tablet BM 037308,"CDLI artifact: tablet; held by British Museum, London, UK; CDLI P563281",BM 037308,tablet,,,,,,,,,,,"British Museum, London, UK"
no_expected_no_live,563297,Q2048004,P563297,Cuneiform Tablet BM 037371,"CDLI artifact: tablet; held by British Museum, London, UK; CDLI P563297",BM 037371,tablet,,,,,,,,,,,"British Museum, London, UK"
no_expected_no_live,563311,Q2164396,P563311,Cuneiform Tablet BM 037431,"CDLI artifact: tablet; held by British Museum, London, UK; CDLI P563311",BM 037431,tablet,,,,,,,,,,,"British Museum, London, UK"
no_expected_no_live,563385,Q2166656,P563385,Cuneiform Tablet BM 037624,"CDLI artifact: tablet; held by British Museum, London, UK; CDLI P563385",BM 037624,tablet,,,,,,,,,,,"British Museum, London, UK"
no_expected_no_live,563405,Q2170175,P563405,Cuneiform Tablet BM 037666,"CDLI artifact: tablet; held by British Museum, London, UK; CDLI P563405",BM 037666,tablet,,,,,,,,,,,"British Museum, London, UK"
no_expected_no_live,563413,Q2165661,P563413,Cuneiform Tablet BM 037677,"CDLI artifact: tablet; held by British Museum, London, UK; CDLI P563413",BM 037677,tablet,,,,,,,,,,,"British Museum, London, UK"
no_expected_no_live,563444,Q2167906,P563444,Cuneiform Tablet BM 037737,"CDLI artifact: tablet; held by British Museum, London, UK; CDLI P563444",BM 037737,tablet,,,,,,,,,,,"British Museum, London, UK"
no_expected_no_live,563468,Q2163799,P563468,Cuneiform Tablet BM 037767,"CDLI artifact: tablet; held by British Museum, London, UK; CDLI P563468",BM 037767,tablet,,,,,,,,,,,"British Museum, London, UK"
no_expected_no_live,563487,Q2163114,P563487,Cuneiform Tablet BM 037792,"CDLI artifact: tablet; held by British Museum, London, UK; CDLI P563487",BM 037792,tablet,,,,,,,,,,,"British Museum, London, UK"
no_expected_no_live,563517,Q2161031,P563517,Cuneiform Tablet BM 037850,"CDLI artifact: tablet; held by British Museum, London, UK; CDLI P563517",BM 037850,tablet,,,,,,,,,,,"British Museum, London, UK"
no_expected_no_live,563556,Q2166011,P563556,Cuneiform Tablet BM 037913,"CDLI artifact: tablet; held by British Museum, London, UK; CDLI P563556",BM 037913,tablet,,,,,,,,,,,"British Museum, London, UK"
no_expected_no_live,563604,Q2164970,P563604,Cuneiform Tablet BM 038054,"CDLI artifact: tablet; held by British Museum, London, UK; CDLI P563604",BM 038054,tablet,,,,,,,,,,,"British Museum, London, UK"
no_expected_no_live,563653,Q2162667,P563653,Cuneiform Tablet BM 038187,"CDLI artifact: tablet; held by British Museum, London, UK; CDLI P563653",BM 038187,tablet,,,,,,,,,,,"British Museum, London, UK"
no_expected_no_live,563782,Q2047932,P563782,Cuneiform Tablet BM 038388,"CDLI artifact: tablet; held by British Museum, London, UK; CDLI P563782",BM 038388,tablet,,,,,,,,,,,"British Museum, London, UK"
no_expected_no_live,563794,Q2168785,P563794,Cuneiform Tablet BM 038408,"CDLI artifact: tablet; held by British Museum, London, UK; CDLI P563794",BM 038408,tablet,,,,,,,,,,,"British Museum, London, UK"
no_expected_no_live,563805,Q2166456,P563805,Cuneiform Tablet BM 038429,"CDLI artifact: tablet; held by British Museum, London, UK; CDLI P563805",BM 038429,tablet,,,,,,,,,,,"British Museum, London, UK"
no_expected_no_live,563813,Q2170510,P563813,Cuneiform Tablet BM 038445,"CDLI artifact: tablet; held by British Museum, London, UK; CDLI P563813",BM 038445,tablet,,,,,,,,,,,"British Museum, London, UK"
no_expected_no_live,563844,Q2168722,P563844,Cuneiform Tablet BM 038490,"CDLI artifact: tablet; held by British Museum, London, UK; CDLI P563844",BM 038490,tablet,,,,,,,,,,,"British Museum, London, UK"
no_expected_no_live,563891,Q2163615,P563891,Cuneiform Tablet BM 038565,"CDLI artifact: tablet; held by British Museum, London, UK; CDLI P563891",BM 038565,tablet,,,,,,,,,,,"British Museum, London, UK"
no_expected_no_live,563901,Q2151012,P563901,Cuneiform Tablet BM 038575,"CDLI artifact: tablet; from Babylon (mod. Bābil); held by British Museum, London, UK; CDLI P563901",BM 038575,tablet,,,,,,,,,,Babylon (mod. Bābil),"British Museum, London, UK"
no_expected_no_live,563917,Q2168053,P563917,Cuneiform Tablet BM 038623,"CDLI artifact: tablet; held by British Museum, London, UK; CDLI P563917",BM 038623,tablet,,,,,,,,,,,"British Museum, London, UK"
no_expected_no_live,563940,Q2165494,P563940,Cuneiform Tablet BM 038663,"CDLI artifact: tablet; held by British Museum, London, UK; CDLI P563940",BM 038663,tablet,,,,,,,,,,,"British Museum, London, UK"
no_expected_no_live,563956,Q2170306,P563956,Cuneiform Tablet BM 038686,"CDLI artifact: tablet; held by British Museum, London, UK; CDLI P563956",BM 038686,tablet,,,,,,,,,,,"British Museum, London, UK"
no_expected_no_live,564010,Q2166538,P564010,Cuneiform Tablet BM 038773,"CDLI artifact: tablet; held by British Museum, London, UK; CDLI P564010",BM 038773,tablet,,,,,,,,,,,"British Museum, London, UK"
no_expected_no_live,564047,Q2047912,P564047,Cuneiform Tablet BM 038832,"CDLI artifact: tablet; held by British Museum, London, UK; CDLI P564047",BM 038832,tablet,,,,,,,,,,,"British Museum, London, UK"
no_expected_no_live,564051,Q2168772,P564051,Cuneiform Tablet BM 038842,"CDLI artifact: tablet; held by British Museum, London, UK; CDLI P564051",BM 038842,tablet,,,,,,,,,,,"British Museum, London, UK"
no_expected_no_live,564084,Q2164576,P564084,Cuneiform Tablet BM 038899,"CDLI artifact: tablet; held by British Museum, London, UK; CDLI P564084",BM 038899,tablet,,,,,,,,,,,"British Museum, London, UK"
no_expected_no_live,564102,Q2063792,P564102,Cuneiform Tablet BM 038926,"CDLI artifact: tablet; held by British Museum, London, UK; CDLI P564102",BM 038926,tablet,,,,,,,,,,,"British Museum, London, UK"
no_expected_no_live,564114,Q2169734,P564114,Cuneiform Tablet BM 038941,"CDLI artifact: tablet; held by British Museum, London, UK; CDLI P564114",BM 038941,tablet,,,,,,,,,,,"British Museum, London, UK"
no_expected_no_live,564155,Q2167455,P564155,Cuneiform Tablet BM 039012,"CDLI artifact: tablet; held by British Museum, London, UK; CDLI P564155",BM 039012,tablet,,,,,,,,,,,"British Museum, London, UK"
no_expected_no_live,564196,Q2162670,P564196,Cuneiform Tablet BM 039073,"CDLI artifact: tablet; held by British Museum, London, UK; CDLI P564196",BM 039073,tablet,,,,,,,,,,,"British Museum, London, UK"
no_expected_no_live,564207,Q2164060,P564207,Cuneiform Tablet BM 039087,"CDLI artifact: tablet; held by British Museum, London, UK; CDLI P564207",BM 039087,tablet,,,,,,,,,,,"British Museum, London, UK"
no_expected_no_live,564293,Q2166010,P564293,Cuneiform Tablet BM 039257,"CDLI artifact: tablet; held by British Museum, London, UK; CDLI P564293",BM 039257,tablet,,,,,,,,,,,"British Museum, London, UK"
no_expected_no_live,564339,Q2166048,P564339,Cuneiform Tablet BM 039328,"CDLI artifact: tablet; held by British Museum, London, UK; CDLI P564339",BM 039328,tablet,,,,,,,,,,,"British Museum, London, UK"
no_expected_no_live,564342,Q2163107,P564342,Cuneiform Tablet BM 039333,"CDLI artifact: tablet; held by British Museum, London, UK; CDLI P564342",BM 039333,tablet,,,,,,,,,,,"British Museum, London, UK"
no_expected_no_live,564378,Q2163116,P564378,Cuneiform Tablet BM 039389,"CDLI artifact: tablet; held by British Museum, London, UK; CDLI P564378",BM 039389,tablet,,,,,,,,,,,"British Museum, London, UK"
no_expected_no_live,564381,Q2167917,P564381,Cuneiform Tablet BM 039393,"CDLI artifact: tablet; held by British Museum, London, UK; CDLI P564381",BM 039393,tablet,,,,,,,,,,,"British Museum, London, UK"
no_expected_no_live,564397,Q2153999,P564397,Cuneiform Tablet BM 039416,"CDLI artifact: tablet; held by British Museum, London, UK; CDLI P564397",BM 039416,tablet,,,,,,,,,,,"British Museum, London, UK"
no_expected_no_live,564401,Q2168939,P564401,Cuneiform Tablet BM 039420,"CDLI artifact: tablet; held by British Museum, London, UK; CDLI P564401",BM 039420,tablet,,,,,,,,,,,"British Museum, London, UK"
no_expected_no_live,564417,Q2047539,P564417,Cuneiform Tablet BM 039449,"CDLI artifact: tablet; held by British Museum, London, UK; CDLI P564417",BM 039449,tablet,,,,,,,,,,,"British Museum, London, UK"
no_expected_no_live,564440,Q2166665,P564440,Cuneiform Tablet BM 039485,"CDLI artifact: tablet; held by British Museum, London, UK; CDLI P564440",BM 039485,tablet,,,,,,,,,,,"British Museum, London, UK"
no_expected_no_live,564505,Q2167584,P564505,Cuneiform Tablet BM 039587,"CDLI artifact: tablet; held by British Museum, London, UK; CDLI P564505",BM 039587,tablet,,,,,,,,,,,"British Museum, London, UK"
no_expected_no_live,564544,Q2169889,P564544,Cuneiform Tablet BM 039658,"CDLI artifact: tablet; held by British Museum, London, UK; CDLI P564544",BM 039658,tablet,,,,,,,,,,,"British Museum, London, UK"
no_expected_no_live,564552,Q2048036,P564552,Cuneiform Tablet BM 039668,"CDLI artifact: tablet; held by British Museum, London, UK; CDLI P564552",BM 039668,tablet,,,,,,,,,,,"British Museum, London, UK"
no_expected_no_live,564591,Q2164767,P564591,Cuneiform Tablet BM 039740,"CDLI artifact: tablet; held by British Museum, London, UK; CDLI P564591",BM 039740,tablet,,,,,,,,,,,"British Museum, London, UK"
no_expected_no_live,564657,Q2163892,P564657,Cuneiform Tablet BM 039862,"CDLI artifact: tablet; held by British Museum, London, UK; CDLI P564657",BM 039862,tablet,,,,,,,,,,,"British Museum, London, UK"
no_expected_no_live,564682,Q2163925,P564682,Cuneiform Tablet BM 039900,"CDLI artifact: tablet; held by British Museum, London, UK; CDLI P564682",BM 039900,tablet,,,,,,,,,,,"British Museum, London, UK"
no_expected_no_live,564694,Q2168554,P564694,Cuneiform Tablet BM 039916,"CDLI artifact: tablet; held by British Museum, London, UK; CDLI P564694",BM 039916,tablet,,,,,,,,,,,"British Museum, London, UK"
no_expected_no_live,564712,Q2162950,P564712,Cuneiform Tablet BM 039935,"CDLI artifact: tablet; held by British Museum, London, UK; CDLI P564712",BM 039935,tablet,,,,,,,,,,,"British Museum, London, UK"
no_expected_no_live,564728,Q2160509,P564728,Cuneiform Tablet BM 039953,"CDLI artifact: tablet; held by British Museum, London, UK; CDLI P564728",BM 039953,tablet,,,,,,,,,,,"British Museum, London, UK"
no_expected_no_live,564769,Q2165895,P564769,Cuneiform Tablet BM 039996,"CDLI artifact: tablet; held by British Museum, London, UK; CDLI P564769",BM 039996,tablet,,,,,,,,,,,"British Museum, London, UK"
no_expected_no_live,564786,Q2165782,P564786,Cuneiform Tablet BM 040014,"CDLI artifact: tablet; held by British Museum, London, UK; CDLI P564786",BM 040014,tablet,,,,,,,,,,,"British Museum, London, UK"
no_expected_no_live,564790,Q2170039,P564790,Cuneiform Tablet BM 040020,"CDLI artifact: tablet; held by British Museum, London, UK; CDLI P564790",BM 040020,tablet,,,,,,,,,,,"British Museum, London, UK"
no_expected_no_live,564801,Q2146432,P564801,Cuneiform Tablet BM 040036,"CDLI artifact: tablet; held by British Museum, London, UK; CDLI P564801",BM 040036,tablet,,,,,,,,,,,"British Museum, London, UK"
no_expected_no_live,564817,Q2169444,P564817,Cuneiform Tablet BM 040363,"CDLI artifact: tablet; held by British Museum, London, UK; CDLI P564817",BM 040363,tablet,,,,,,,,,,,"British Museum, London, UK"
no_expected_no_live,564856,Q2167150,P564856,Cuneiform Tablet BM 041284,"CDLI artifact: tablet; from Babylon (mod. Bābil); held by British Museum, London, UK; CDLI P564856",BM 041284,tablet,,,,,,,,,,Babylon (mod. Bābil),"British Museum, London, UK"
no_expected_no_live,564895,Q2162382,P564895,Cuneiform Tablet BM 043953,"CDLI artifact: tablet; held by British Museum, London, UK; CDLI P564895",BM 043953,tablet,,,,,,,,,,,"British Museum, London, UK"
no_expected_no_live,564913,Q2166804,P564913,Cuneiform Tablet BM 044864,"CDLI artifact: tablet; held by British Museum, London, UK; CDLI P564913",BM 044864,tablet,,,,,,,,,,,"British Museum, London, UK"
no_expected_no_live,564944,Q2047204,P564944,Cuneiform Tablet BM 046814,"CDLI artifact: tablet; held by British Museum, London, UK; CDLI P564944",BM 046814,tablet,,,,,,,,,,,"British Museum, London, UK"
no_expected_no_live,564952,Q2169085,P564952,Cuneiform Tablet BM 046896,"CDLI artifact: tablet; held by British Museum, London, UK; CDLI P564952",BM 046896,tablet,,,,,,,,,,,"British Museum, London, UK"
no_expected_no_live,564968,Q2164974,P564968,Cuneiform Tablet BM 047502,"CDLI artifact: tablet; held by British Museum, London, UK; CDLI P564968",BM 047502,tablet,,,,,,,,,,,"British Museum, London, UK"
no_expected_no_live,564987,Q2164252,P564987,Cuneiform Tablet BM 047877,"CDLI artifact: tablet; held by British Museum, London, UK; CDLI P564987",BM 047877,tablet,,,,,,,,,,,"British Museum, London, UK"
no_expected_no_live,565046,Q2163600,P565046,Cuneiform Tablet BM 048823,"CDLI artifact: tablet; held by British Museum, London, UK; CDLI P565046",BM 048823,tablet,,,,,,,,,,,"British Museum, London, UK"
no_expected_no_live,565085,Q2168277,P565085,"Cuneiform Tablet MSL 5, 89","CDLI artifact: tablet; from Babylon (mod. Bābil); held by British Museum, London, UK; CDLI P565085","MSL 5, 89",tablet,,,,,,,,,,Babylon (mod. Bābil),"British Museum, London, UK"
no_expected_no_live,565093,Q2168727,P565093,"Cuneiform Tablet MSL 5, 7","CDLI artifact: tablet; held by British Museum, London, UK; CDLI P565093","MSL 5, 7",tablet,,,,,,,,,,,"British Museum, London, UK"
no_expected_no_live,565103,Q2163237,P565103,Cuneiform Tablet BM 036597,"CDLI artifact: tablet; held by British Museum, London, UK; CDLI P565103",BM 036597,tablet,,,,,,,,,,,"British Museum, London, UK"
no_expected_no_live,565139,Q2166006,P565139,Cuneiform Tablet BM 038695,"CDLI artifact: tablet; held by British Museum, London, UK; CDLI P565139",BM 038695,tablet,,,,,,,,,,,"British Museum, London, UK"
no_expected_no_live,565787,Q2162396,P565787,Cuneiform Tablet BM 032357,"CDLI artifact: tablet; held by British Museum, London, UK; CDLI P565787",BM 032357,tablet,,,,,,,,,,,"British Museum, London, UK"
no_expected_no_live,565800,Q2162974,P565800,Cuneiform Tablet BM 033405,"CDLI artifact: tablet; held by British Museum, London, UK; CDLI P565800",BM 033405,tablet,,,,,,,,,,,"British Museum, London, UK"
no_expected_no_live,565882,Q2170029,P565882,Cuneiform Tablet BM 046032,"CDLI artifact: tablet; from Babylon (mod. Bābil); held by British Museum, London, UK; CDLI P565882",BM 046032,tablet,,,,,,,,,,Babylon (mod. Bābil),"British Museum, London, UK"
no_expected_no_live,565894,Q2165819,P565894,Cuneiform Tablet BM 047793,"CDLI artifact: tablet; held by British Museum, London, UK; CDLI P565894",BM 047793,tablet,,,,,,,,,,,"British Museum, London, UK"
no_expected_no_live,565928,Q2170139,P565928,Cuneiform Tablet BM 039184,"CDLI artifact: tablet; held by British Museum, London, UK; CDLI P565928",BM 039184,tablet,,,,,,,,,,,"British Museum, London, UK"
no_expected_no_live,565945,Q2163900,P565945,Cuneiform Tablet BM 040630,"CDLI artifact: tablet; from Babylon (mod. Bābil); held by British Museum, London, UK; CDLI P565945",BM 040630,tablet,,,,,,,,,,Babylon (mod. Bābil),"British Museum, London, UK"
no_expected_no_live,565969,Q2167791,P565969,"Cuneiform Tablet Fs Lambert 196-197, text 40 A","CDLI artifact: tablet; from Sippar-Yahrurum (mod. Tell Abu Habbah); held by British Museum, London, UK; CDLI P565969","Fs Lambert 196-197, text 40 A",tablet,,,,,,,,,,Sippar-Yahrurum (mod. Tell Abu Habbah),"British Museum, London, UK"
no_expected_no_live,565986,Q897011,P565986,Cuneiform Tablet BM 045727,"CDLI artifact: tablet; from Babylon (mod. Bābil); held by British Museum, London, UK; CDLI P565986",BM 045727,tablet,,,,,,,,,,Babylon (mod. Bābil),"British Museum, London, UK"
no_expected_no_live,565990,Q2163858,P565990,Cuneiform Tablet BM 046297 + BM 046328,"CDLI artifact: tablet; held by British Museum, London, UK; CDLI P565990",BM 046297 + BM 046328,tablet,,,,,,,,,,,"British Museum, London, UK"
no_expected_no_live,566001,Q2162847,P566001,Cuneiform Tablet BM 047054,"CDLI artifact: tablet; held by British Museum, London, UK; CDLI P566001",BM 047054,tablet,,,,,,,,,,,"British Museum, London, UK"
no_expected_no_live,566056,Q2164676,P566056,"Cuneiform Tablet Fs Lambert 193, text 36 A","CDLI artifact: tablet; from Sippar-Yahrurum (mod. Tell Abu Habbah); held by British Museum, London, UK; CDLI P566056","Fs Lambert 193, text 36 A",tablet,,,,,,,,,,Sippar-Yahrurum (mod. Tell Abu Habbah),"British Museum, London, UK"
no_expected_no_live,566083,Q2169829,P566083,Cuneiform Tablet BM 036623,"CDLI artifact: tablet; held by British Museum, London, UK; CDLI P566083",BM 036623,tablet,,,,,,,,,,,"British Museum, London, UK"
no_expected_no_live,566095,Q2048104,P566095,Cuneiform Tablet BM 036935,"CDLI artifact: tablet; held by British Museum, London, UK; CDLI P566095",BM 036935,tablet,,,,,,,,,,,"British Museum, London, UK"
no_expected_no_live,566113,Q2164463,P566113,Cuneiform Tablet BM 037248,"CDLI artifact: tablet; held by British Museum, London, UK; CDLI P566113",BM 037248,tablet,,,,,,,,,,,"British Museum, London, UK"
no_expected_no_live,566129,Q2169717,P566129,Cuneiform Tablet BM 037303,"CDLI artifact: tablet; held by British Museum, London, UK; CDLI P566129",BM 037303,tablet,,,,,,,,,,,"British Museum, London, UK"
no_expected_no_live,566168,Q2167475,P566168,Cuneiform Tablet BM 037634,"CDLI artifact: tablet; held by British Museum, London, UK; CDLI P566168",BM 037634,tablet,,,,,,,,,,,"British Museum, London, UK"
no_expected_no_live,566187,Q2166706,P566187,Cuneiform Tablet BM 037778,"CDLI artifact: tablet; held by British Museum, London, UK; CDLI P566187",BM 037778,tablet,,,,,,,,,,,"British Museum, London, UK"
no_expected_no_live,566200,Q2159058,P566200,Cuneiform Tablet BM 037869,"CDLI artifact: tablet; held by British Museum, London, UK; CDLI P566200",BM 037869,tablet,,,,,,,,,,,"British Museum, London, UK"
no_expected_no_live,566216,Q2167649,P566216,Cuneiform Tablet BM 037955,"CDLI artifact: tablet; held by British Museum, London, UK; CDLI P566216",BM 037955,tablet,,,,,,,,,,,"British Museum, London, UK"
no_expected_no_live,566241,Q2165841,P566241,Cuneiform Tablet BM 038056,"CDLI artifact: tablet; held by British Museum, London, UK; CDLI P566241",BM 038056,tablet,,,,,,,,,,,"British Museum, London, UK"
no_expected_no_live,566257,Q2169981,P566257,Cuneiform Tablet BM 038542,"CDLI artifact: tablet; held by British Museum, London, UK; CDLI P566257",BM 038542,tablet,,,,,,,,,,,"British Museum, London, UK"
no_expected_no_live,566304,Q2166038,P566304,"Cuneiform Tablet Fs Lambert 164, text 11 A","CDLI artifact: tablet; from Sippar-Yahrurum (mod. Tell Abu Habbah); held by British Museum, London, UK; CDLI P566304","Fs Lambert 164, text 11 A",tablet,,,,,,,,,,Sippar-Yahrurum (mod. Tell Abu Habbah),"British Museum, London, UK"
no_expected_no_live,566345,Q2163398,P566345,Cuneiform Tablet BM 045675,"CDLI artifact: tablet; from Babylon (mod. Bābil); held by British Museum, London, UK; CDLI P566345",BM 045675,tablet,,,,,,,,,,Babylon (mod. Bābil),"British Museum, London, UK"
no_expected_no_live,566353,Q1362575,P566353,Cuneiform Tablet BM 045720,"CDLI artifact: tablet; from Babylon (mod. Bābil); held by British Museum, London, UK; CDLI P566353",BM 045720,tablet,,,,,,,,,,Babylon (mod. Bābil),"British Museum, London, UK"
no_expected_no_live,566390,Q2163792,P566390,Cuneiform Tablet BM 046036,"CDLI artifact: tablet; from Babylon (mod. Bābil); held by British Museum, London, UK; CDLI P566390",BM 046036,tablet,,,,,,,,,,Babylon (mod. Bābil),"British Museum, London, UK"
no_expected_no_live,566406,Q2164853,P566406,"Cuneiform Tablet Sachs, PTRSL A.276, 49, fig 14","CDLI artifact: tablet; from Babylon (mod. Bābil); held by British Museum, London, UK; CDLI P566406","Sachs, PTRSL A.276, 49, fig 14",tablet,,,,,,,,,,Babylon (mod. Bābil),"British Museum, London, UK"
no_expected_no_live,566538,Q2167603,P566538,Cuneiform Artifact BM 034179,"CDLI artifact: cylinder; held by British Museum, London, UK; CDLI P566538",BM 034179,cylinder,,,,,,,,,,,"British Museum, London, UK"
no_expected_no_live,566543,Q2164584,P566543,Cuneiform Artifact BM 034268,"CDLI artifact: cylinder; held by British Museum, London, UK; CDLI P566543",BM 034268,cylinder,,,,,,,,,,,"British Museum, London, UK"
no_expected_no_live,566579,Q2169878,P566579,Cuneiform Tablet BM 034874,"CDLI artifact: tablet; held by British Museum, London, UK; CDLI P566579",BM 034874,tablet,,,,,,,,,,,"British Museum, London, UK"
no_expected_no_live,566580,Q2047642,P566580,Cuneiform Tablet BM 034974,"CDLI artifact: tablet; held by British Museum, London, UK; CDLI P566580",BM 034974,tablet,,,,,,,,,,,"British Museum, London, UK"
no_expected_no_live,566607,Q2170154,P566607,"Cuneiform Tablet AfO 42/43. 54-55, no. 4b","CDLI artifact: tablet; held by British Museum, London, UK; CDLI P566607","AfO 42/43. 54-55, no. 4b",tablet,,,,,,,,,,,"British Museum, London, UK"
no_expected_no_live,566650,Q2156731,P566650,"Cuneiform Artifact Cuneiform in Canaan, Megiddo 03",CDLI artifact: seal (not impression); from uncertain (mod. Megiddo); CDLI P566650,"Cuneiform in Canaan, Megiddo 03",seal (not impression),,,,,,,,,,uncertain (mod. Megiddo),
no_expected_no_live,566685,Q2163129,P566685,Cuneiform Tablet BM 040815,"CDLI artifact: tablet; from Babylon (mod. Bābil); held by British Museum, London, UK; CDLI P566685",BM 040815,tablet,,,,,,,,,,Babylon (mod. Bābil),"British Museum, London, UK"
no_expected_no_live,566715,Q2160873,P566715,Cuneiform Tablet BM 040514,"CDLI artifact: tablet; from Babylon (mod. Bābil); held by British Museum, London, UK; CDLI P566715",BM 040514,tablet,,,,,,,,,,Babylon (mod. Bābil),"British Museum, London, UK"
no_expected_no_live,566810,Q2164142,P566810,Cuneiform Tablet BM 040729,"CDLI artifact: tablet; from Babylon (mod. Bābil); held by British Museum, London, UK; CDLI P566810",BM 040729,tablet,,,,,,,,,,Babylon (mod. Bābil),"British Museum, London, UK"
no_expected_no_live,566847,Q2162193,P566847,Cuneiform Tablet BM 040796,"CDLI artifact: tablet; from Babylon (mod. Bābil); held by British Museum, London, UK; CDLI P566847",BM 040796,tablet,,,,,,,,,,Babylon (mod. Bābil),"British Museum, London, UK"
no_expected_no_live,566955,Q2164996,P566955,Cuneiform Tablet BM 040916,"CDLI artifact: tablet; from Babylon (mod. Bābil); held by British Museum, London, UK; CDLI P566955",BM 040916,tablet,,,,,,,,,,Babylon (mod. Bābil),"British Museum, London, UK"
no_expected_no_live,566979,Q2047240,P566979,Cuneiform Tablet BM 040967,"CDLI artifact: tablet; from Babylon (mod. Bābil); held by British Museum, London, UK; CDLI P566979",BM 040967,tablet,,,,,,,,,,Babylon (mod. Bābil),"British Museum, London, UK"
no_expected_no_live,566980,Q2169532,P566980,Cuneiform Tablet BM 040968,"CDLI artifact: tablet; from Babylon (mod. Bābil); held by British Museum, London, UK; CDLI P566980",BM 040968,tablet,,,,,,,,,,Babylon (mod. Bābil),"British Museum, London, UK"
no_expected_no_live,566996,Q2143236,P566996,Cuneiform Tablet BM 041000,"CDLI artifact: tablet; from Babylon (mod. Bābil); held by British Museum, London, UK; CDLI P566996",BM 041000,tablet,,,,,,,,,,Babylon (mod. Bābil),"British Museum, London, UK"
no_expected_no_live,567000,Q2165355,P567000,Cuneiform Tablet BM 041015,"CDLI artifact: tablet; from Babylon (mod. Bābil); held by British Museum, London, UK; CDLI P567000",BM 041015,tablet,,,,,,,,,,Babylon (mod. Bābil),"British Museum, London, UK"
no_expected_no_live,567016,Q2170438,P567016,Cuneiform Tablet BM 041061,"CDLI artifact: tablet; from Babylon (mod. Bābil); held by British Museum, London, UK; CDLI P567016",BM 041061,tablet,,,,,,,,,,Babylon (mod. Bābil),"British Museum, London, UK"
no_expected_no_live,567041,Q2150804,P567041,Cuneiform Tablet BM 041152,"CDLI artifact: tablet; from Babylon (mod. Bābil); held by British Museum, London, UK; CDLI P567041",BM 041152,tablet,,,,,,,,,,Babylon (mod. Bābil),"British Museum, London, UK"
no_expected_no_live,567057,Q2168075,P567057,Cuneiform Tablet BM 041214,"CDLI artifact: tablet; held by British Museum, London, UK; CDLI P567057",BM 041214,tablet,,,,,,,,,,,"British Museum, London, UK"
no_expected_no_live,567094,Q2163414,P567094,Cuneiform Tablet BM 041265,"CDLI artifact: tablet; held by British Museum, London, UK; CDLI P567094",BM 041265,tablet,,,,,,,,,,,"British Museum, London, UK"
no_expected_no_live,567104,Q2165849,P567104,Cuneiform Tablet BM 041292,"CDLI artifact: tablet; held by British Museum, London, UK; CDLI P567104",BM 041292,tablet,,,,,,,,,,,"British Museum, London, UK"
no_expected_no_live,567112,Q2168435,P567112,Cuneiform Tablet BM 041312,"CDLI artifact: tablet; held by British Museum, London, UK; CDLI P567112",BM 041312,tablet,,,,,,,,,,,"British Museum, London, UK"
no_expected_no_live,567145,Q2166195,P567145,Cuneiform Tablet BM 041367,"CDLI artifact: tablet; held by British Museum, London, UK; CDLI P567145",BM 041367,tablet,,,,,,,,,,,"British Museum, London, UK"
no_expected_no_live,567217,Q2165133,P567217,Cuneiform Tablet BM 030566,"CDLI artifact: tablet; held by British Museum, London, UK; CDLI P567217",BM 030566,tablet,,,,,,,,,,,"British Museum, London, UK"
no_expected_no_live,567352,Q2164304,P567352,"Cuneiform Tablet Iraq 59, 157, no. 13","CDLI artifact: tablet; from Uruk (mod. Warka); held by Birmingham Museums and Art Gallery, Birmingham, UK; CDLI P567352","Iraq 59, 157, no. 13",tablet,,,,,,,,,,Uruk (mod. Warka),"Birmingham Museums and Art Gallery, Birmingham, UK"
no_expected_no_live,567368,Q2169592,P567368,"Cuneiform Tablet Iraq 59, 160, no. 29","CDLI artifact: tablet; from Uruk (mod. Warka); held by Birmingham Museums and Art Gallery, Birmingham, UK; CDLI P567368","Iraq 59, 160, no. 29",tablet,,,,,,,,,,Uruk (mod. Warka),"Birmingham Museums and Art Gallery, Birmingham, UK"
no_expected_no_live,567387,Q2169179,P567387,"Cuneiform Tablet Iraq 59, 172, no. 51","CDLI artifact: tablet; from Babylon (mod. Bābil); held by Birmingham Museums and Art Gallery, Birmingham, UK; CDLI P567387","Iraq 59, 172, no. 51",tablet,,,,,,,,,,Babylon (mod. Bābil),"Birmingham Museums and Art Gallery, Birmingham, UK"
no_expected_no_live,567391,Q2031629,P567391,"Cuneiform Tablet Iraq 59, 173, no. 55","CDLI artifact: tablet; from Borsippa (mod. Birs Nimrud); held by Birmingham Museums and Art Gallery, Birmingham, UK; CDLI P567391","Iraq 59, 173, no. 55",tablet,,,,,,,,,,Borsippa (mod. Birs Nimrud),"Birmingham Museums and Art Gallery, Birmingham, UK"
no_expected_no_live,567450,Q2165524,P567450,Cuneiform Tablet BM 043873,"CDLI artifact: tablet; held by British Museum, London, UK; CDLI P567450",BM 043873,tablet,,,,,,,,,,,"British Museum, London, UK"
no_expected_no_live,567503,Q2170624,P567503,Cuneiform Tablet FM 156007,"CDLI artifact: tablet; from Babylon (mod. Bābil); held by Field Museum of Natural History, Chicago, Illinois, USA; CDLI P567503",FM 156007,tablet,,,,,,,,,,Babylon (mod. Bābil),"Field Museum of Natural History, Chicago, Illinois, USA"
no_expected_no_live,567515,Q2166361,P567515,Cuneiform Tablet BM 042476,"CDLI artifact: tablet; from Kutha (mod. Tell Ibrahim); held by British Museum, London, UK; CDLI P567515",BM 042476,tablet,,,,,,,,,,Kutha (mod. Tell Ibrahim),"British Museum, London, UK"
no_expected_no_live,567542,Q2168316,P567542,Cuneiform Tablet VAT 13160,"CDLI artifact: tablet; from Babylon (mod. Bābil); held by Vorderasiatisches Museum, Berlin, Germany; CDLI P567542",VAT 13160,tablet,,,,,,,,,,Babylon (mod. Bābil),"Vorderasiatisches Museum, Berlin, Germany"
no_expected_no_live,567554,Q2168290,P567554,Cuneiform Tablet VAT 13381,"CDLI artifact: tablet; from Babylon (mod. Bābil); held by Vorderasiatisches Museum, Berlin, Germany; CDLI P567554",VAT 13381,tablet,,,,,,,,,,Babylon (mod. Bābil),"Vorderasiatisches Museum, Berlin, Germany"
no_expected_no_live,567610,Q2162566,P567610,Cuneiform Tablet BM 040146,"CDLI artifact: tablet; held by British Museum, London, UK; CDLI P567610",BM 040146,tablet,,,,,,,,,,,"British Museum, London, UK"
no_expected_no_live,567647,Q2165004,P567647,Cuneiform Tablet BM 040212,"CDLI artifact: tablet; held by British Museum, London, UK; CDLI P567647",BM 040212,tablet,,,,,,,,,,,"British Museum, London, UK"
no_expected_no_live,567684,Q2143679,P567684,Cuneiform Tablet BM 040265,"CDLI artifact: tablet; held by British Museum, London, UK; CDLI P567684",BM 040265,tablet,,,,,,,,,,,"British Museum, London, UK"
no_expected_no_live,567702,Q2164158,P567702,Cuneiform Tablet BM 040290,"CDLI artifact: tablet; held by British Museum, London, UK; CDLI P567702",BM 040290,tablet,,,,,,,,,,,"British Museum, London, UK"
no_expected_no_live,567738,Q2169426,P567738,Cuneiform Tablet BM 040358,"CDLI artifact: tablet; held by British Museum, London, UK; CDLI P567738",BM 040358,tablet,,,,,,,,,,,"British Museum, London, UK"
no_expected_no_live,567755,Q2162212,P567755,Cuneiform Tablet BM 040383,"CDLI artifact: tablet; held by British Museum, London, UK; CDLI P567755",BM 040383,tablet,,,,,,,,,,,"British Museum, London, UK"
no_expected_no_live,567779,Q2167174,P567779,Cuneiform Tablet BM 040416,"CDLI artifact: tablet; held by British Museum, London, UK; CDLI P567779",BM 040416,tablet,,,,,,,,,,,"British Museum, London, UK"
no_expected_no_live,567796,Q2167003,P567796,Cuneiform Tablet BM 040439,"CDLI artifact: tablet; held by British Museum, London, UK; CDLI P567796",BM 040439,tablet,,,,,,,,,,,"British Museum, London, UK"
no_expected_no_live,567807,Q2160313,P567807,Cuneiform Tablet BM 040452,"CDLI artifact: tablet; held by British Museum, London, UK; CDLI P567807",BM 040452,tablet,,,,,,,,,,,"British Museum, London, UK"
no_expected_no_live,567811,Q2013243,P567811,Cuneiform Tablet BM 040456,"CDLI artifact: tablet; held by British Museum, London, UK; CDLI P567811",BM 040456,tablet,,,,,,,,,,,"British Museum, London, UK"
no_expected_no_live,567846,Q2165910,P567846,Cuneiform Tablet BM 041078,"CDLI artifact: tablet; held by British Museum, London, UK; CDLI P567846",BM 041078,tablet,,,,,,,,,,,"British Museum, London, UK"
no_expected_no_live,567903,Q2165687,P567903,Cuneiform Tablet BM 041606,"CDLI artifact: tablet; held by British Museum, London, UK; CDLI P567903",BM 041606,tablet,,,,,,,,,,,"British Museum, London, UK"
no_expected_no_live,567915,Q2170130,P567915,Cuneiform Tablet BM 041675,"CDLI artifact: tablet; held by British Museum, London, UK; CDLI P567915",BM 041675,tablet,,,,,,,,,,,"British Museum, London, UK"
no_expected_no_live,567942,Q2156602,P567942,Cuneiform Tablet BM 041727,"CDLI artifact: tablet; held by British Museum, London, UK; CDLI P567942",BM 041727,tablet,,,,,,,,,,,"British Museum, London, UK"
no_expected_no_live,567954,Q2167807,P567954,Cuneiform Tablet BM 041739,"CDLI artifact: tablet; held by British Museum, London, UK; CDLI P567954",BM 041739,tablet,,,,,,,,,,,"British Museum, London, UK"
no_expected_no_live,567978,Q2163918,P567978,Cuneiform Tablet BM 041773,"CDLI artifact: tablet; held by British Museum, London, UK; CDLI P567978",BM 041773,tablet,,,,,,,,,,,"British Museum, London, UK"
no_expected_no_live,567997,Q2163137,P567997,Cuneiform Tablet BM 041795,"CDLI artifact: tablet; held by British Museum, London, UK; CDLI P567997",BM 041795,tablet,,,,,,,,,,,"British Museum, London, UK"
no_expected_no_live,568033,Q2166903,P568033,Cuneiform Tablet BM 041886,"CDLI artifact: tablet; held by British Museum, London, UK; CDLI P568033",BM 041886,tablet,,,,,,,,,,,"British Museum, London, UK"
no_expected_no_live,568048,Q2165072,P568048,Cuneiform Tablet BM 041977,"CDLI artifact: tablet; held by British Museum, London, UK; CDLI P568048",BM 041977,tablet,,,,,,,,,,,"British Museum, London, UK"
no_expected_no_live,568064,Q2047070,P568064,Cuneiform Tablet BM 042019,"CDLI artifact: tablet; held by British Museum, London, UK; CDLI P568064",BM 042019,tablet,,,,,,,,,,,"British Museum, London, UK"
no_expected_no_live,568072,Q2169129,P568072,Cuneiform Tablet BM 042050,"CDLI artifact: tablet; held by British Museum, London, UK; CDLI P568072",BM 042050,tablet,,,,,,,,,,,"British Museum, London, UK"
no_expected_no_live,568121,Q2148178,P568121,Cuneiform Tablet BM 042189,"CDLI artifact: tablet; held by British Museum, London, UK; CDLI P568121",BM 042189,tablet,,,,,,,,,,,"British Museum, London, UK"
no_expected_no_live,568176,Q2167101,P568176,Cuneiform Tablet BM 042377,"CDLI artifact: tablet; held by British Museum, London, UK; CDLI P568176",BM 042377,tablet,,,,,,,,,,,"British Museum, London, UK"
no_expected_no_live,568199,Q2166936,P568199,Cuneiform Tablet BM 042463,"CDLI artifact: tablet; held by British Museum, London, UK; CDLI P568199",BM 042463,tablet,,,,,,,,,,,"British Museum, London, UK"
no_expected_no_live,568224,Q2163703,P568224,Cuneiform Tablet BM 042538,"CDLI artifact: tablet; held by British Museum, London, UK; CDLI P568224",BM 042538,tablet,,,,,,,,,,,"British Museum, London, UK"
no_expected_no_live,568249,Q2170329,P568249,Cuneiform Tablet BM 042660,"CDLI artifact: tablet; held by British Museum, London, UK; CDLI P568249",BM 042660,tablet,,,,,,,,,,,"British Museum, London, UK"
no_expected_no_live,568418,Q2165207,P568418,Cuneiform Tablet BM 049266,"CDLI artifact: tablet; from Sippar-Yahrurum (mod. Tell Abu Habbah); held by British Museum, London, UK; CDLI P568418",BM 049266,tablet,,,,,,,,,,Sippar-Yahrurum (mod. Tell Abu Habbah),"British Museum, London, UK"
no_expected_no_live,568422,Q2169304,P568422,Cuneiform Tablet BM 049270,"CDLI artifact: tablet; from Sippar-Yahrurum (mod. Tell Abu Habbah); held by British Museum, London, UK; CDLI P568422",BM 049270,tablet,,,,,,,,,,Sippar-Yahrurum (mod. Tell Abu Habbah),"British Museum, London, UK"
no_expected_no_live,568463,Q2167014,P568463,Cuneiform Tablet BM 049312,"CDLI artifact: tablet; held by British Museum, London, UK; CDLI P568463",BM 049312,tablet,,,,,,,,,,,"British Museum, London, UK"
no_expected_no_live,568526,Q2167223,P568526,Cuneiform Tablet BM 049380,"CDLI artifact: tablet; from Sippar-Yahrurum (mod. Tell Abu Habbah); held by British Museum, London, UK; CDLI P568526",BM 049380,tablet,,,,,,,,,,Sippar-Yahrurum (mod. Tell Abu Habbah),"British Museum, London, UK"
no_expected_no_live,568588,Q2169127,P568588,Cuneiform Tablet BM 049445,"CDLI artifact: tablet; from Sippar-Yahrurum (mod. Tell Abu Habbah); held by British Museum, London, UK; CDLI P568588",BM 049445,tablet,,,,,,,,,,Sippar-Yahrurum (mod. Tell Abu Habbah),"British Museum, London, UK"
no_expected_no_live,568619,Q2170495,P568619,Cuneiform Tablet BM 043109 + BM 043118,"CDLI artifact: tablet; held by British Museum, London, UK; CDLI P568619",BM 043109 + BM 043118,tablet,,,,,,,,,,,"British Museum, London, UK"
no_expected_no_live,568658,Q2168160,P568658,Cuneiform Tablet BM 043184,"CDLI artifact: tablet; held by British Museum, London, UK; CDLI P568658",BM 043184,tablet,,,,,,,,,,,"British Museum, London, UK"
no_expected_no_live,568674,Q2163537,P568674,Cuneiform Tablet BM 043207,"CDLI artifact: tablet; held by British Museum, London, UK; CDLI P568674",BM 043207,tablet,,,,,,,,,,,"British Museum, London, UK"
no_expected_no_live,568731,Q2163315,P568731,Cuneiform Tablet BM 043335,"CDLI artifact: tablet; held by British Museum, London, UK; CDLI P568731",BM 043335,tablet,,,,,,,,,,,"British Museum, London, UK"
no_expected_no_live,568822,Q2063898,P568822,Cuneiform Tablet BM 043552,"CDLI artifact: tablet; held by British Museum, London, UK; CDLI P568822",BM 043552,tablet,,,,,,,,,,,"British Museum, London, UK"
no_expected_no_live,568834,Q2169662,P568834,Cuneiform Tablet BM 043583,"CDLI artifact: tablet; held by British Museum, London, UK; CDLI P568834",BM 043583,tablet,,,,,,,,,,,"British Museum, London, UK"
no_expected_no_live,568875,Q2167367,P568875,Cuneiform Tablet BM 043657,"CDLI artifact: tablet; from Sippar-Yahrurum (mod. Tell Abu Habbah); held by British Museum, London, UK; CDLI P568875",BM 043657,tablet,,,,,,,,,,Sippar-Yahrurum (mod. Tell Abu Habbah),"British Museum, London, UK"
no_expected_no_live,568930,Q2166596,P568930,Cuneiform Tablet BM 043777,"CDLI artifact: tablet; held by British Museum, London, UK; CDLI P568930",BM 043777,tablet,,,,,,,,,,,"British Museum, London, UK"
no_expected_no_live,568967,Q2047692,P568967,Cuneiform Tablet BM 043853,"CDLI artifact: tablet; held by British Museum, London, UK; CDLI P568967",BM 043853,tablet,,,,,,,,,,,"British Museum, London, UK"
no_expected_no_live,568971,Q2168853,P568971,Cuneiform Tablet BM 043860,"CDLI artifact: tablet; held by British Museum, London, UK; CDLI P568971",BM 043860,tablet,,,,,,,,,,,"British Museum, London, UK"
no_expected_no_live,569008,Q2170213,P569008,Cuneiform Tablet BM 043923,"CDLI artifact: tablet; held by British Museum, London, UK; CDLI P569008",BM 043923,tablet,,,,,,,,,,,"British Museum, London, UK"
no_expected_no_live,569049,Q2167851,P569049,Cuneiform Tablet BM 043976,"CDLI artifact: tablet; held by British Museum, London, UK; CDLI P569049",BM 043976,tablet,,,,,,,,,,,"British Museum, London, UK"
no_expected_no_live,569065,Q2163817,P569065,Cuneiform Tablet BM 043996,"CDLI artifact: tablet; held by British Museum, London, UK; CDLI P569065",BM 043996,tablet,,,,,,,,,,,"British Museum, London, UK"
no_expected_no_live,569120,Q2163024,P569120,Cuneiform Tablet BM 044073,"CDLI artifact: tablet; held by British Museum, London, UK; CDLI P569120",BM 044073,tablet,,,,,,,,,,,"British Museum, London, UK"
no_expected_no_live,569209,Q2164925,P569209,Cuneiform Tablet BM 044198,"CDLI artifact: tablet; held by British Museum, London, UK; CDLI P569209",BM 044198,tablet,,,,,,,,,,,"British Museum, London, UK"
no_expected_no_live,569225,Q2047393,P569225,Cuneiform Tablet BM 044225,"CDLI artifact: tablet; held by British Museum, London, UK; CDLI P569225",BM 044225,tablet,,,,,,,,,,,"British Museum, London, UK"
no_expected_no_live,569233,Q2169027,P569233,Cuneiform Tablet BM 044235,"CDLI artifact: tablet; held by British Museum, London, UK; CDLI P569233",BM 044235,tablet,,,,,,,,,,,"British Museum, London, UK"
no_expected_no_live,569272,Q2166729,P569272,Cuneiform Tablet BM 044286,"CDLI artifact: tablet; held by British Museum, London, UK; CDLI P569272",BM 044286,tablet,,,,,,,,,,,"British Museum, London, UK"
no_expected_no_live,569337,Q2167508,P569337,Cuneiform Tablet BM 044357,"CDLI artifact: tablet; held by British Museum, London, UK; CDLI P569337",BM 044357,tablet,,,,,,,,,,,"British Museum, London, UK"
no_expected_no_live,569360,Q2063549,P569360,Cuneiform Tablet BM 044382,"CDLI artifact: tablet; held by British Museum, London, UK; CDLI P569360",BM 044382,tablet,,,,,,,,,,,"British Museum, London, UK"
no_expected_no_live,569419,Q2167716,P569419,Cuneiform Tablet BM 044458,"CDLI artifact: tablet; held by British Museum, London, UK; CDLI P569419",BM 044458,tablet,,,,,,,,,,,"British Museum, London, UK"
no_expected_no_live,569435,Q2163972,P569435,Cuneiform Tablet BM 044475,"CDLI artifact: tablet; held by British Museum, London, UK; CDLI P569435",BM 044475,tablet,,,,,,,,,,,"British Museum, London, UK"
no_expected_no_live,569458,Q2170066,P569458,Cuneiform Tablet BM 044501,"CDLI artifact: tablet; held by British Museum, London, UK; CDLI P569458",BM 044501,tablet,,,,,,,,,,,"British Museum, London, UK"
no_expected_no_live,569570,Q2163186,P569570,Cuneiform Tablet BM 044626,"CDLI artifact: tablet; held by British Museum, London, UK; CDLI P569570",BM 044626,tablet,,,,,,,,,,,"British Museum, London, UK"
no_expected_no_live,569622,Q2166608,P569622,Cuneiform Tablet BM 044681,"CDLI artifact: tablet; held by British Museum, London, UK; CDLI P569622",BM 044681,tablet,,,,,,,,,,,"British Museum, London, UK"
no_expected_no_live,569659,Q2164755,P569659,Cuneiform Tablet BM 044719,"CDLI artifact: tablet; held by British Museum, London, UK; CDLI P569659",BM 044719,tablet,,,,,,,,,,,"British Museum, London, UK"
no_expected_no_live,569663,Q2168855,P569663,Cuneiform Tablet BM 044723,"CDLI artifact: tablet; held by British Museum, London, UK; CDLI P569663",BM 044723,tablet,,,,,,,,,,,"British Museum, London, UK"
no_expected_no_live,569675,Q2047758,P569675,Cuneiform Tablet BM 044735,"CDLI artifact: tablet; held by British Museum, London, UK; CDLI P569675",BM 044735,tablet,,,,,,,,,,,"British Museum, London, UK"
no_expected_no_live,569726,Q2169635,P569726,Cuneiform Tablet BM 044794,"CDLI artifact: tablet; held by British Museum, London, UK; CDLI P569726",BM 044794,tablet,,,,,,,,,,,"British Museum, London, UK"
no_expected_no_live,569730,Q2063900,P569730,Cuneiform Tablet BM 044798,"CDLI artifact: tablet; held by British Museum, London, UK; CDLI P569730",BM 044798,tablet,,,,,,,,,,,"British Museum, London, UK"
no_expected_no_live,569767,Q2167397,P569767,Cuneiform Tablet BM 044838,"CDLI artifact: tablet; held by British Museum, London, UK; CDLI P569767",BM 044838,tablet,,,,,,,,,,,"British Museum, London, UK"
no_expected_no_live,569788,Q2166639,P569788,Cuneiform Tablet BM 044860,"CDLI artifact: tablet; held by British Museum, London, UK; CDLI P569788",BM 044860,tablet,,,,,,,,,,,"British Museum, London, UK"
no_expected_no_live,569819,Q2166993,P569819,Cuneiform Tablet BM 044899,"CDLI artifact: tablet; held by British Museum, London, UK; CDLI P569819",BM 044899,tablet,,,,,,,,,,,"British Museum, London, UK"
no_expected_no_live,569823,Q2163339,P569823,Cuneiform Tablet BM 044903,"CDLI artifact: tablet; held by British Museum, London, UK; CDLI P569823",BM 044903,tablet,,,,,,,,,,,"British Museum, London, UK"
no_expected_no_live,569858,Q2166265,P569858,Cuneiform Tablet BM 044941,"CDLI artifact: tablet; held by British Museum, London, UK; CDLI P569858",BM 044941,tablet,,,,,,,,,,,"British Museum, London, UK"
no_expected_no_live,569966,Q2163550,P569966,Cuneiform Tablet BM 045053,"CDLI artifact: tablet; held by British Museum, London, UK; CDLI P569966",BM 045053,tablet,,,,,,,,,,,"British Museum, London, UK"
no_expected_no_live,569989,Q2163371,P569989,Cuneiform Tablet BM 045077,"CDLI artifact: tablet; held by British Museum, London, UK; CDLI P569989",BM 045077,tablet,,,,,,,,,,,"British Museum, London, UK"
no_expected_no_live,570004,Q2047480,P570004,Cuneiform Tablet BM 045095,"CDLI artifact: tablet; held by British Museum, London, UK; CDLI P570004",BM 045095,tablet,,,,,,,,,,,"British Museum, London, UK"
no_expected_no_live,570012,Q2168986,P570012,Cuneiform Tablet BM 045104,"CDLI artifact: tablet; held by British Museum, London, UK; CDLI P570012",BM 045104,tablet,,,,,,,,,,,"British Museum, London, UK"
no_expected_no_live,570028,Q2164890,P570028,Cuneiform Tablet BM 045122,"CDLI artifact: tablet; held by British Museum, London, UK; CDLI P570028",BM 045122,tablet,,,,,,,,,,,"British Museum, London, UK"
no_expected_no_live,570053,Q2166624,P570053,Cuneiform Tablet BM 045148,"CDLI artifact: tablet; held by British Museum, London, UK; CDLI P570053",BM 045148,tablet,,,,,,,,,,,"British Museum, London, UK"
no_expected_no_live,570116,Q2167550,P570116,Cuneiform Tablet BM 045217,"CDLI artifact: tablet; held by British Museum, London, UK; CDLI P570116",BM 045217,tablet,,,,,,,,,,,"British Museum, London, UK"
no_expected_no_live,570141,Q2047951,P570141,Cuneiform Tablet BM 045248,"CDLI artifact: tablet; held by British Museum, London, UK; CDLI P570141",BM 045248,tablet,,,,,,,,,,,"British Museum, London, UK"
no_expected_no_live,570157,Q2169932,P570157,Cuneiform Tablet BM 045265,"CDLI artifact: tablet; held by British Museum, London, UK; CDLI P570157",BM 045265,tablet,,,,,,,,,,,"British Museum, London, UK"
no_expected_no_live,570182,Q2164737,P570182,Cuneiform Tablet BM 045292,"CDLI artifact: tablet; held by British Museum, London, UK; CDLI P570182",BM 045292,tablet,,,,,,,,,,,"British Museum, London, UK"
no_expected_no_live,570229,Q2170123,P570229,Cuneiform Tablet BM 045340,"CDLI artifact: tablet; held by British Museum, London, UK; CDLI P570229",BM 045340,tablet,,,,,,,,,,,"British Museum, London, UK"
no_expected_no_live,570244,Q2163854,P570244,Cuneiform Tablet BM 045358,"CDLI artifact: tablet; held by British Museum, London, UK; CDLI P570244",BM 045358,tablet,,,,,,,,,,,"British Museum, London, UK"
no_expected_no_live,570287,Q2168526,P570287,Cuneiform Tablet BM 045445,"CDLI artifact: tablet; held by British Museum, London, UK; CDLI P570287",BM 045445,tablet,,,,,,,,,,,"British Museum, London, UK"
no_expected_no_live,570291,Q2164875,P570291,Cuneiform Tablet BM 045452,"CDLI artifact: tablet; held by British Museum, London, UK; CDLI P570291",BM 045452,tablet,,,,,,,,,,,"British Museum, London, UK"
no_expected_no_live,570301,Q2162919,P570301,Cuneiform Tablet BM 045466,"CDLI artifact: tablet; held by British Museum, London, UK; CDLI P570301",BM 045466,tablet,,,,,,,,,,,"British Museum, London, UK"
no_expected_no_live,570383,Q2170089,P570383,Cuneiform Artifact BM 045596,"CDLI artifact: sealing; held by British Museum, London, UK; CDLI P570383",BM 045596,sealing,,,,,,,,,,,"British Museum, London, UK"
no_expected_no_live,570395,Q2165761,P570395,Cuneiform Tablet BM 046313 + BM 046514,"CDLI artifact: tablet; held by British Museum, London, UK; CDLI P570395",BM 046313 + BM 046514,tablet,,,,,,,,,,,"British Museum, London, UK"
no_expected_no_live,570403,Q2166491,P570403,Cuneiform Tablet BM 046338+,"CDLI artifact: tablet; held by British Museum, London, UK; CDLI P570403",BM 046338+,tablet,,,,,,,,,,,"British Museum, London, UK"
no_expected_no_live,570442,Q2168818,P570442,Cuneiform Tablet BM 046456,"CDLI artifact: tablet; held by British Museum, London, UK; CDLI P570442",BM 046456,tablet,,,,,,,,,,,"British Museum, London, UK"
no_expected_no_live,570454,Q2047840,P570454,Cuneiform Tablet BM 046503,"CDLI artifact: tablet; held by British Museum, London, UK; CDLI P570454",BM 046503,tablet,,,,,,,,,,,"British Museum, London, UK"
no_expected_no_live,570478,Q2164718,P570478,Cuneiform Tablet BM 046593,"CDLI artifact: tablet; held by British Museum, London, UK; CDLI P570478",BM 046593,tablet,,,,,,,,,,,"British Museum, London, UK"
no_expected_no_live,570585,Q2162627,P570585,Cuneiform Tablet BM 046757,"CDLI artifact: tablet; from Babylon (mod. Bābil); held by British Museum, London, UK; CDLI P570585",BM 046757,tablet,,,,,,,,,,Babylon (mod. Bābil),"British Museum, London, UK"
no_expected_no_live,570614,Q2164005,P570614,Cuneiform Tablet BM 046809,"CDLI artifact: tablet; held by British Museum, London, UK; CDLI P570614",BM 046809,tablet,,,,,,,,,,,"British Museum, London, UK"
no_expected_no_live,570638,Q2167679,P570638,Cuneiform Tablet BM 046855,"CDLI artifact: tablet; held by British Museum, London, UK; CDLI P570638",BM 046855,tablet,,,,,,,,,,,"British Museum, London, UK"
no_expected_no_live,570680,Q2165967,P570680,Cuneiform Tablet BM 046922,"CDLI artifact: tablet; held by British Museum, London, UK; CDLI P570680",BM 046922,tablet,,,,,,,,,,,"British Museum, London, UK"
no_expected_no_live,570751,Q2163081,P570751,Cuneiform Tablet BM 047044,"CDLI artifact: tablet; held by British Museum, London, UK; CDLI P570751",BM 047044,tablet,,,,,,,,,,,"British Museum, London, UK"
no_expected_no_live,570784,Q2154606,P570784,Cuneiform Tablet BM 047093,"CDLI artifact: tablet; held by British Museum, London, UK; CDLI P570784",BM 047093,tablet,,,,,,,,,,,"British Museum, London, UK"
no_expected_no_live,570792,Q2167872,P570792,Cuneiform Tablet BM 047103,"CDLI artifact: tablet; held by British Museum, London, UK; CDLI P570792",BM 047103,tablet,,,,,,,,,,,"British Museum, London, UK"
no_expected_no_live,570815,Q2167276,P570815,Cuneiform Tablet BM 047147,"CDLI artifact: tablet; from Babylon (mod. Bābil); held by British Museum, London, UK; CDLI P570815",BM 047147,tablet,,,,,,,,,,Babylon (mod. Bābil),"British Museum, London, UK"
no_expected_no_live,570839,Q2162103,P570839,Cuneiform Tablet BM 047192,"CDLI artifact: tablet; held by British Museum, London, UK; CDLI P570839",BM 047192,tablet,,,,,,,,,,,"British Museum, London, UK"
no_expected_no_live,570842,Q2142640,P570842,Cuneiform Tablet BM 047195,"CDLI artifact: tablet; held by British Museum, London, UK; CDLI P570842",BM 047195,tablet,,,,,,,,,,,"British Museum, London, UK"
no_expected_no_live,570854,Q2169599,P570854,Cuneiform Tablet BM 047210,"CDLI artifact: tablet; held by British Museum, London, UK; CDLI P570854",BM 047210,tablet,,,,,,,,,,,"British Museum, London, UK"
no_expected_no_live,570907,Q2025386,P570907,Cuneiform Tablet BM 047281,"CDLI artifact: tablet; held by British Museum, London, UK; CDLI P570907",BM 047281,tablet,,,,,,,,,,,"British Museum, London, UK"
no_expected_no_live,570911,Q2169241,P570911,Cuneiform Tablet BM 047286,"CDLI artifact: tablet; held by British Museum, London, UK; CDLI P570911",BM 047286,tablet,,,,,,,,,,,"British Museum, London, UK"
no_expected_no_live,570993,Q2162290,P570993,Cuneiform Tablet BM 047421,"CDLI artifact: tablet; held by British Museum, London, UK; CDLI P570993",BM 047421,tablet,,,,,,,,,,,"British Museum, London, UK"
no_expected_no_live,571005,Q2163736,P571005,Cuneiform Tablet BM 047439,"CDLI artifact: tablet; held by British Museum, London, UK; CDLI P571005",BM 047439,tablet,,,,,,,,,,,"British Museum, London, UK"
no_expected_no_live,571091,Q2166282,P571091,Cuneiform Tablet BM 047598,"CDLI artifact: tablet; held by British Museum, London, UK; CDLI P571091",BM 047598,tablet,,,,,,,,,,,"British Museum, London, UK"
no_expected_no_live,571140,Q2163357,P571140,Cuneiform Tablet BM 047708,"CDLI artifact: tablet; held by British Museum, London, UK; CDLI P571140",BM 047708,tablet,,,,,,,,,,,"British Museum, London, UK"
no_expected_no_live,571183,Q2168181,P571183,Cuneiform Tablet BM 047823,"CDLI artifact: tablet; held by British Museum, London, UK; CDLI P571183",BM 047823,tablet,,,,,,,,,,,"British Museum, London, UK"
no_expected_no_live,571195,Q2149245,P571195,Cuneiform Tablet BM 047836,"CDLI artifact: tablet; held by British Museum, London, UK; CDLI P571195",BM 047836,tablet,,,,,,,,,,,"British Museum, London, UK"
no_expected_no_live,571212,Q2166790,P571212,Cuneiform Tablet BM 047883,"CDLI artifact: tablet; held by British Museum, London, UK; CDLI P571212",BM 047883,tablet,,,,,,,,,,,"British Museum, London, UK"
no_expected_no_live,571253,Q2169100,P571253,Cuneiform Tablet BM 047980,"CDLI artifact: tablet; held by British Museum, London, UK; CDLI P571253",BM 047980,tablet,,,,,,,,,,,"British Museum, London, UK"
no_expected_no_live,571269,Q2165024,P571269,Cuneiform Tablet Disputation poems p. 163,"CDLI artifact: tablet; held by British Museum, London, UK; CDLI P571269",Disputation poems p. 163,tablet,,,,,,,,,,,"British Museum, London, UK"
no_expected_no_live,571300,Q2144936,P571300,Cuneiform Tablet BM 048058,"CDLI artifact: tablet; held by British Museum, London, UK; CDLI P571300",BM 048058,tablet,,,,,,,,,,,"British Museum, London, UK"
no_expected_no_live,571316,Q2169456,P571316,Cuneiform Tablet Disputation poems p. 333,"CDLI artifact: tablet; held by British Museum, London, UK; CDLI P571316",Disputation poems p. 333,tablet,,,,,,,,,,,"British Museum, London, UK"
no_expected_no_live,571357,Q2167136,P571357,Cuneiform Tablet BM 048186,"CDLI artifact: tablet; held by British Museum, London, UK; CDLI P571357",BM 048186,tablet,,,,,,,,,,,"British Museum, London, UK"
no_expected_no_live,571394,Q2162363,P571394,Cuneiform Tablet BM 048246,"CDLI artifact: tablet; held by British Museum, London, UK; CDLI P571394",BM 048246,tablet,,,,,,,,,,,"British Museum, London, UK"
no_expected_no_live,571438,Q2170390,P571438,Cuneiform Tablet BM 048323,"CDLI artifact: tablet; held by British Museum, London, UK; CDLI P571438",BM 048323,tablet,,,,,,,,,,,"British Museum, London, UK"
no_expected_no_live,571455,Q2163574,P571455,Cuneiform Tablet BM 048348,"CDLI artifact: tablet; held by British Museum, London, UK; CDLI P571455",BM 048348,tablet,,,,,,,,,,,"British Museum, London, UK"
no_expected_no_live,571479,Q2168122,P571479,Cuneiform Tablet BM 048378,"CDLI artifact: tablet; held by British Museum, London, UK; CDLI P571479",BM 048378,tablet,,,,,,,,,,,"British Museum, London, UK"
no_expected_no_live,571480,Q2168747,P571480,Cuneiform Tablet BM 048379 + BM 048383,"CDLI artifact: tablet; held by British Museum, London, UK; CDLI P571480",BM 048379 + BM 048383,tablet,,,,,,,,,,,"British Museum, London, UK"
no_expected_no_live,571496,Q2168224,P571496,Cuneiform Tablet BM 048399,"CDLI artifact: tablet; held by British Museum, London, UK; CDLI P571496",BM 048399,tablet,,,,,,,,,,,"British Museum, London, UK"
no_expected_no_live,571510,Q2163199,P571510,Cuneiform Tablet BM 048418,"CDLI artifact: tablet; held by British Museum, London, UK; CDLI P571510",BM 048418,tablet,,,,,,,,,,,"British Museum, London, UK"
no_expected_no_live,571584,Q2165431,P571584,Cuneiform Tablet BM 048537,"CDLI artifact: tablet; held by British Museum, London, UK; CDLI P571584",BM 048537,tablet,,,,,,,,,,,"British Museum, London, UK"
no_expected_no_live,571592,Q2170352,P571592,Cuneiform Tablet BM 048548,"CDLI artifact: tablet; held by British Museum, London, UK; CDLI P571592",BM 048548,tablet,,,,,,,,,,,"British Museum, London, UK"
no_expected_no_live,571603,Q2169256,P571603,Cuneiform Tablet BM 048571,"CDLI artifact: tablet; held by British Museum, London, UK; CDLI P571603",BM 048571,tablet,,,,,,,,,,,"British Museum, London, UK"
no_expected_no_live,571615,Q2023402,P571615,Cuneiform Tablet BM 048587,"CDLI artifact: tablet; held by British Museum, London, UK; CDLI P571615",BM 048587,tablet,,,,,,,,,,,"British Museum, London, UK"
no_expected_no_live,571639,Q2165172,P571639,Cuneiform Tablet BM 048635,"CDLI artifact: tablet; held by British Museum, London, UK; CDLI P571639",BM 048635,tablet,,,,,,,,,,,"British Museum, London, UK"
no_expected_no_live,571642,Q2166915,P571642,Cuneiform Tablet BM 048639 + BM 048646,"CDLI artifact: tablet; held by British Museum, London, UK; CDLI P571642",BM 048639 + BM 048646,tablet,,,,,,,,,,,"British Museum, London, UK"
no_expected_no_live,571681,Q2162265,P571681,Cuneiform Tablet BM 048716,"CDLI artifact: tablet; held by British Museum, London, UK; CDLI P571681",BM 048716,tablet,,,,,,,,,,,"British Museum, London, UK"
no_expected_no_live,571707,Q2167257,P571707,Cuneiform Tablet BM 048761,"CDLI artifact: tablet; held by British Museum, London, UK; CDLI P571707",BM 048761,tablet,,,,,,,,,,,"British Museum, London, UK"
no_expected_no_live,571746,Q2169624,P571746,Cuneiform Tablet BM 048831,"CDLI artifact: tablet; held by British Museum, London, UK; CDLI P571746",BM 048831,tablet,,,,,,,,,,,"British Museum, London, UK"
no_expected_no_live,571750,Q2142450,P571750,Cuneiform Tablet BM 048839,"CDLI artifact: tablet; held by British Museum, London, UK; CDLI P571750",BM 048839,tablet,,,,,,,,,,,"British Museum, London, UK"
no_expected_no_live,571793,Q2165052,P571793,Cuneiform Tablet BM 048914,"CDLI artifact: tablet; held by British Museum, London, UK; CDLI P571793",BM 048914,tablet,,,,,,,,,,,"British Museum, London, UK"
no_expected_no_live,571838,Q2166066,P571838,Cuneiform Tablet BM 048992,"CDLI artifact: tablet; held by British Museum, London, UK; CDLI P571838",BM 048992,tablet,,,,,,,,,,,"British Museum, London, UK"
no_expected_no_live,571843,Q2163053,P571843,Cuneiform Tablet BM 049002,"CDLI artifact: tablet; held by British Museum, London, UK; CDLI P571843",BM 049002,tablet,,,,,,,,,,,"British Museum, London, UK"
no_expected_no_live,571879,Q2162666,P571879,Cuneiform Tablet BM 049063,"CDLI artifact: tablet; held by British Museum, London, UK; CDLI P571879",BM 049063,tablet,,,,,,,,,,,"British Museum, London, UK"
no_expected_no_live,571880,Q2167860,P571880,Cuneiform Tablet BM 049064,"CDLI artifact: tablet; held by British Museum, London, UK; CDLI P571880",BM 049064,tablet,,,,,,,,,,,"British Museum, London, UK"
no_expected_no_live,571896,Q2154850,P571896,Cuneiform Tablet BM 049088,"CDLI artifact: tablet; held by British Museum, London, UK; CDLI P571896",BM 049088,tablet,,,,,,,,,,,"British Museum, London, UK"
no_expected_no_live,571906,Q2164000,P571906,Cuneiform Tablet BM 049105,"CDLI artifact: tablet; held by British Museum, London, UK; CDLI P571906",BM 049105,tablet,,,,,,,,,,,"British Museum, London, UK"
no_expected_no_live,571992,Q2165957,P571992,Cuneiform Tablet BM 049513,"CDLI artifact: tablet; held by British Museum, London, UK; CDLI P571992",BM 049513,tablet,,,,,,,,,,,"British Museum, London, UK"
no_expected_no_live,572042,Q2162725,P572042,Cuneiform Tablet BM 049566,"CDLI artifact: tablet; held by British Museum, London, UK; CDLI P572042",BM 049566,tablet,,,,,,,,,,,"British Museum, London, UK"
no_expected_no_live,572081,Q2167368,P572081,Cuneiform Tablet BM 049608,"CDLI artifact: tablet; held by British Museum, London, UK; CDLI P572081",BM 049608,tablet,,,,,,,,,,,"British Museum, London, UK"
no_expected_no_live,572150,Q2164630,P572150,Cuneiform Tablet BM 049682,"CDLI artifact: tablet; held by British Museum, London, UK; CDLI P572150",BM 049682,tablet,,,,,,,,,,,"British Museum, London, UK"
no_expected_no_live,572193,Q2047706,P572193,Cuneiform Tablet BM 049729,"CDLI artifact: tablet; held by British Museum, London, UK; CDLI P572193",BM 049729,tablet,,,,,,,,,,,"British Museum, London, UK"
no_expected_no_live,572214,Q2170106,P572214,Cuneiform Tablet BM 049753,"CDLI artifact: tablet; held by British Museum, London, UK; CDLI P572214",BM 049753,tablet,,,,,,,,,,,"British Museum, London, UK"
no_expected_no_live,572347,Q2165922,P572347,Cuneiform Tablet BM 046410 + BM 046495,"CDLI artifact: tablet; held by British Museum, London, UK; CDLI P572347",BM 046410 + BM 046495,tablet,,,,,,,,,,,"British Museum, London, UK"
no_expected_no_live,572445,Q2164712,P572445,"Cuneiform Tablet Fs Lambert 174-175, text 20 A","CDLI artifact: tablet; from Sippar-Yahrurum (mod. Tell Abu Habbah); held by British Museum, London, UK; CDLI P572445","Fs Lambert 174-175, text 20 A",tablet,,,,,,,,,,Sippar-Yahrurum (mod. Tell Abu Habbah),"British Museum, London, UK"
no_expected_no_live,572469,Q2047826,P572469,Cuneiform Tablet BM 046285,"CDLI artifact: tablet; held by British Museum, London, UK; CDLI P572469",BM 046285,tablet,,,,,,,,,,,"British Museum, London, UK"
no_expected_no_live,572500,Q2164505,P572500,"Cuneiform Tablet Lugale, text u1","CDLI artifact: tablet; held by British Museum, London, UK; CDLI P572500","Lugale, text u1",tablet,,,,,,,,,,,"British Museum, London, UK"
no_expected_no_live,572594,Q2166750,P572594,Cuneiform Tablet Lamaštu text α,"CDLI artifact: tablet; from Nippur (mod. Nuffar); held by Arkeoloji Müzeleri, Istanbul, Turkey; CDLI P572594",Lamaštu text α,tablet,,,,,,,,,,Nippur (mod. Nuffar),"Arkeoloji Müzeleri, Istanbul, Turkey"
no_expected_no_live,572717,Q2166082,P572717,"Cuneiform Tablet AnOr 9, 15","CDLI artifact: tablet; held by Vorderasiatisches Museum, Berlin, Germany; CDLI P572717","AnOr 9, 15",tablet,,,,,,,,,,,"Vorderasiatisches Museum, Berlin, Germany"
no_expected_no_live,572740,Q1366952,P572740,"Cuneiform Tablet Ambos, Baurituale no. 21","CDLI artifact: tablet; from Sippar-Yahrurum (mod. Tell Abu Habbah); held by British Museum, London, UK; CDLI P572740","Ambos, Baurituale no. 21",tablet,,,,,,,,,,Sippar-Yahrurum (mod. Tell Abu Habbah),"British Museum, London, UK"
no_expected_no_live,572756,Q2162522,P572756,Cuneiform Tablet Archives de Borsippa 244,"CDLI artifact: tablet; from Borsippa (mod. Birs Nimrud); held by Arkeoloji Müzeleri, Istanbul, Turkey; CDLI P572756",Archives de Borsippa 244,tablet,,,,,,,,,,Borsippa (mod. Birs Nimrud),"Arkeoloji Müzeleri, Istanbul, Turkey"
no_expected_no_live,572783,Q2163852,P572783,"Cuneiform Tablet Archives de Borsippa 94, 262","CDLI artifact: tablet; from Borsippa (mod. Birs Nimrud); held by Arkeoloji Müzeleri, Istanbul, Turkey; CDLI P572783","Archives de Borsippa 94, 262",tablet,,,,,,,,,,Borsippa (mod. Birs Nimrud),"Arkeoloji Müzeleri, Istanbul, Turkey"
no_expected_no_live,572804,Q2162098,P572804,Cuneiform Tablet BM 049820,"CDLI artifact: tablet; from Sippar-Yahrurum (mod. Tell Abu Habbah); held by British Museum, London, UK; CDLI P572804",BM 049820,tablet,,,,,,,,,,Sippar-Yahrurum (mod. Tell Abu Habbah),"British Museum, London, UK"
no_expected_no_live,572828,Q2167288,P572828,Cuneiform Tablet BM 049846,"CDLI artifact: tablet; held by British Museum, London, UK; CDLI P572828",BM 049846,tablet,,,,,,,,,,,"British Museum, London, UK"
no_expected_no_live,572853,Q2164356,P572853,"Cuneiform Tablet MacGinnis, Mes 31, no. 53","CDLI artifact: tablet; from Sippar-Yahrurum (mod. Tell Abu Habbah); held by British Museum, London, UK; CDLI P572853","MacGinnis, Mes 31, no. 53",tablet,,,,,,,,,,Sippar-Yahrurum (mod. Tell Abu Habbah),"British Museum, London, UK"
no_expected_no_live,572869,Q2169616,P572869,Cuneiform Tablet BM 049890,"CDLI artifact: tablet; held by British Museum, London, UK; CDLI P572869",BM 049890,tablet,,,,,,,,,,,"British Museum, London, UK"
no_expected_no_live,572886,Q2169139,P572886,Cuneiform Tablet BM 049910,"CDLI artifact: tablet; held by British Museum, London, UK; CDLI P572886",BM 049910,tablet,,,,,,,,,,,"British Museum, London, UK"
no_expected_no_live,572890,Q2047085,P572890,Cuneiform Tablet BM 049915,"CDLI artifact: tablet; from Sippar-Yahrurum (mod. Tell Abu Habbah); held by British Museum, London, UK; CDLI P572890",BM 049915,tablet,,,,,,,,,,Sippar-Yahrurum (mod. Tell Abu Habbah),"British Museum, London, UK"
no_expected_no_live,572916,Q2165189,P572916,Cuneiform Tablet BM 049947,"CDLI artifact: tablet; held by British Museum, London, UK; CDLI P572916",BM 049947,tablet,,,,,,,,,,,"British Museum, London, UK"
no_expected_no_live,572941,Q2162464,P572941,Cuneiform Tablet BM 049978,"CDLI artifact: tablet; held by British Museum, London, UK; CDLI P572941",BM 049978,tablet,,,,,,,,,,,"British Museum, London, UK"
no_expected_no_live,572982,Q2167102,P572982,Cuneiform Tablet BM 050028,"CDLI artifact: tablet; held by British Museum, London, UK; CDLI P572982",BM 050028,tablet,,,,,,,,,,,"British Museum, London, UK"
no_expected_no_live,573014,Q2167985,P573014,Cuneiform Tablet BM 050063,"CDLI artifact: tablet; held by British Museum, London, UK; CDLI P573014",BM 050063,tablet,,,,,,,,,,,"British Museum, London, UK"
no_expected_no_live,573038,Q2163724,P573038,Cuneiform Tablet BM 050088,"CDLI artifact: tablet; held by British Museum, London, UK; CDLI P573038",BM 050088,tablet,,,,,,,,,,,"British Museum, London, UK"
no_expected_no_live,573043,Q2165561,P573043,Cuneiform Tablet BM 050094,"CDLI artifact: tablet; held by British Museum, London, UK; CDLI P573043",BM 050094,tablet,,,,,,,,,,,"British Museum, London, UK"
no_expected_no_live,573110,Q2170591,P573110,Cuneiform Tablet BM 050178,"CDLI artifact: tablet; held by British Museum, London, UK; CDLI P573110",BM 050178,tablet,,,,,,,,,,,"British Museum, London, UK"
no_expected_no_live,573278,Q2047187,P573278,Cuneiform Tablet NBDSPC no. 171,"CDLI artifact: tablet; from Sippar-Yahrurum (mod. Tell Abu Habbah); held by British Museum, London, UK; CDLI P573278",NBDSPC no. 171,tablet,,,,,,,,,,Sippar-Yahrurum (mod. Tell Abu Habbah),"British Museum, London, UK"
no_expected_no_live,573311,Q2164188,P573311,Cuneiform Tablet NBDSPC no. 5,"CDLI artifact: tablet; from Sippar-Yahrurum (mod. Tell Abu Habbah); held by British Museum, London, UK; CDLI P573311",NBDSPC no. 5,tablet,,,,,,,,,,Sippar-Yahrurum (mod. Tell Abu Habbah),"British Museum, London, UK"
no_expected_no_live,573413,Q2165401,P573413,Cuneiform Tablet NBDSPC no. 78,"CDLI artifact: tablet; from Sippar-Yahrurum (mod. Tell Abu Habbah); held by British Museum, London, UK; CDLI P573413",NBDSPC no. 78,tablet,,,,,,,,,,Sippar-Yahrurum (mod. Tell Abu Habbah),"British Museum, London, UK"
no_expected_no_live,573487,Q2163458,P573487,Cuneiform Tablet SCT 096,"CDLI artifact: tablet; held by Smith College, Northampton, Massachusetts, USA; CDLI P573487",SCT 096,tablet,,,,,,,,,,,"Smith College, Northampton, Massachusetts, USA"
no_expected_no_live,573501,Q2168494,P573501,Cuneiform Tablet SCT 110,"CDLI artifact: tablet; from Borsippa (mod. Birs Nimrud); held by Smith College, Northampton, Massachusetts, USA; CDLI P573501",SCT 110,tablet,,,,,,,,,,Borsippa (mod. Birs Nimrud),"Smith College, Northampton, Massachusetts, USA"
no_expected_no_live,573517,Q2165395,P573517,Cuneiform Tablet BM 050835 + BM 051546 + BM 052855,"CDLI artifact: tablet; from Sippar-Yahrurum (mod. Tell Abu Habbah); held by British Museum, London, UK; CDLI P573517",BM 050835 + BM 051546 + BM 052855,tablet,,,,,,,,,,Sippar-Yahrurum (mod. Tell Abu Habbah),"British Museum, London, UK"
no_expected_no_live,573653,Q2162446,P573653,Cuneiform Tablet BM 083772,"CDLI artifact: tablet; held by British Museum, London, UK; CDLI P573653",BM 083772,tablet,,,,,,,,,,,"British Museum, London, UK"
no_expected_no_live,573782,Q2047056,P573782,"Cuneiform Tablet OBO 260, no. 205","CDLI artifact: tablet; from Sippar-Yahrurum (mod. Tell Abu Habbah); held by British Museum, London, UK; CDLI P573782","OBO 260, no. 205",tablet,,,,,,,,,,Sippar-Yahrurum (mod. Tell Abu Habbah),"British Museum, London, UK"
no_expected_no_live,573891,Q2163811,P573891,"Cuneiform Tablet OBO 260, no. 314","CDLI artifact: tablet; from Sippar-Yahrurum (mod. Tell Abu Habbah); held by British Museum, London, UK; CDLI P573891","OBO 260, no. 314",tablet,,,,,,,,,,Sippar-Yahrurum (mod. Tell Abu Habbah),"British Museum, London, UK"
no_expected_no_live,573917,Q2167665,P573917,"Cuneiform Tablet OBO 260, no. 246","CDLI artifact: tablet; from Sippar-Yahrurum (mod. Tell Abu Habbah); held by British Museum, London, UK; CDLI P573917","OBO 260, no. 246",tablet,,,,,,,,,,Sippar-Yahrurum (mod. Tell Abu Habbah),"British Museum, London, UK"
no_expected_no_live,573956,Q2169972,P573956,"Cuneiform Tablet OBO 260, no. 347","CDLI artifact: tablet; from Sippar-Yahrurum (mod. Tell Abu Habbah); held by British Museum, London, UK; CDLI P573956","OBO 260, no. 347",tablet,,,,,,,,,,Sippar-Yahrurum (mod. Tell Abu Habbah),"British Museum, London, UK"
no_expected_no_live,574047,Q2047048,P574047,"Cuneiform Tablet OBO 260, no. 248","CDLI artifact: tablet; from Sippar-Yahrurum (mod. Tell Abu Habbah); held by British Museum, London, UK; CDLI P574047","OBO 260, no. 248",tablet,,,,,,,,,,Sippar-Yahrurum (mod. Tell Abu Habbah),"British Museum, London, UK"
no_expected_no_live,574051,Q2169148,P574051,"Cuneiform Tablet OBO 260, no. 351","CDLI artifact: tablet; from Sippar-Yahrurum (mod. Tell Abu Habbah); held by British Museum, London, UK; CDLI P574051","OBO 260, no. 351",tablet,,,,,,,,,,Sippar-Yahrurum (mod. Tell Abu Habbah),"British Museum, London, UK"
no_expected_no_live,574102,Q2147607,P574102,"Cuneiform Tablet OBO 260, no. 319","CDLI artifact: tablet; from Sippar-Yahrurum (mod. Tell Abu Habbah); held by British Museum, London, UK; CDLI P574102","OBO 260, no. 319",tablet,,,,,,,,,,Sippar-Yahrurum (mod. Tell Abu Habbah),"British Museum, London, UK"
no_expected_no_live,574196,Q2162449,P574196,"Cuneiform Tablet OBO 260, no. 363","CDLI artifact: tablet; from Sippar-Yahrurum (mod. Tell Abu Habbah); held by British Museum, London, UK; CDLI P574196","OBO 260, no. 363",tablet,,,,,,,,,,Sippar-Yahrurum (mod. Tell Abu Habbah),"British Museum, London, UK"
no_expected_no_live,574207,Q2163685,P574207,"Cuneiform Tablet OBO 260, no. 157","CDLI artifact: tablet; from Sippar-Yahrurum (mod. Tell Abu Habbah); held by British Museum, London, UK; CDLI P574207","OBO 260, no. 157",tablet,,,,,,,,,,Sippar-Yahrurum (mod. Tell Abu Habbah),"British Museum, London, UK"
no_expected_no_live,574293,Q2166222,P574293,Cuneiform Tablet BM 053165,"CDLI artifact: tablet; held by British Museum, London, UK; CDLI P574293",BM 053165,tablet,,,,,,,,,,,"British Museum, London, UK"
no_expected_no_live,574339,Q2166418,P574339,Cuneiform Tablet BM 053474,"CDLI artifact: tablet; held by British Museum, London, UK; CDLI P574339",BM 053474,tablet,,,,,,,,,,,"British Museum, London, UK"
no_expected_no_live,574342,Q2163459,P574342,Cuneiform Tablet BM 053515,"CDLI artifact: tablet; held by British Museum, London, UK; CDLI P574342",BM 053515,tablet,,,,,,,,,,,"British Museum, London, UK"
no_expected_no_live,574378,Q2168745,P574378,Cuneiform Tablet BM 053788,"CDLI artifact: tablet; held by British Museum, London, UK; CDLI P574378",BM 053788,tablet,,,,,,,,,,,"British Museum, London, UK"
no_expected_no_live,574381,Q2168134,P574381,Cuneiform Tablet BM 053801,"CDLI artifact: tablet; held by British Museum, London, UK; CDLI P574381",BM 053801,tablet,,,,,,,,,,,"British Museum, London, UK"
no_expected_no_live,574397,Q2150046,P574397,Cuneiform Tablet BM 053851,"CDLI artifact: tablet; held by British Museum, London, UK; CDLI P574397",BM 053851,tablet,,,,,,,,,,,"British Museum, London, UK"
no_expected_no_live,574401,Q2169270,P574401,Cuneiform Tablet BM 053859,"CDLI artifact: tablet; held by British Museum, London, UK; CDLI P574401",BM 053859,tablet,,,,,,,,,,,"British Museum, London, UK"
no_expected_no_live,574417,Q2021719,P574417,Cuneiform Tablet BM 053929,"CDLI artifact: tablet; held by British Museum, London, UK; CDLI P574417",BM 053929,tablet,,,,,,,,,,,"British Museum, London, UK"
no_expected_no_live,574440,Q2167037,P574440,"Cuneiform Tablet AOAT 50, pl. 11","CDLI artifact: tablet; held by British Museum, London, UK; CDLI P574440","AOAT 50, pl. 11",tablet,,,,,,,,,,,"British Museum, London, UK"
no_expected_no_live,574483,Q2162245,P574483,Cuneiform Tablet BM 055117,"CDLI artifact: tablet; held by British Museum, London, UK; CDLI P574483",BM 055117,tablet,,,,,,,,,,,"British Museum, London, UK"
no_expected_no_live,574505,Q2167230,P574505,Cuneiform Tablet BM 055280,"CDLI artifact: tablet; held by British Museum, London, UK; CDLI P574505",BM 055280,tablet,,,,,,,,,,,"British Museum, London, UK"
no_expected_no_live,574529,Q2162125,P574529,Cuneiform Tablet BM 055493,"CDLI artifact: tablet; held by British Museum, London, UK; CDLI P574529",BM 055493,tablet,,,,,,,,,,,"British Museum, London, UK"
no_expected_no_live,574544,Q2169508,P574544,Cuneiform Tablet BM 058656,"CDLI artifact: tablet; from Sippar-Yahrurum (mod. Tell Abu Habbah); held by British Museum, London, UK; CDLI P574544",BM 058656,tablet,,,,,,,,,,Sippar-Yahrurum (mod. Tell Abu Habbah),"British Museum, London, UK"
no_expected_no_live,574552,Q2144381,P574552,Cuneiform Tablet BM 059250 + BM 059965,"CDLI artifact: tablet; from Sippar-Yahrurum (mod. Tell Abu Habbah); held by British Museum, London, UK; CDLI P574552",BM 059250 + BM 059965,tablet,,,,,,,,,,Sippar-Yahrurum (mod. Tell Abu Habbah),"British Museum, London, UK"
no_expected_no_live,574591,Q2165030,P574591,Cuneiform Tablet BM 061537,"CDLI artifact: tablet; held by British Museum, London, UK; CDLI P574591",BM 061537,tablet,,,,,,,,,,,"British Museum, London, UK"
no_expected_no_live,574657,Q2163554,P574657,Cuneiform Tablet BM 066576,"CDLI artifact: tablet; held by British Museum, London, UK; CDLI P574657",BM 066576,tablet,,,,,,,,,,,"British Museum, London, UK"
no_expected_no_live,574682,Q2167659,P574682,Cuneiform Tablet BM 068082,"CDLI artifact: tablet; held by British Museum, London, UK; CDLI P574682",BM 068082,tablet,,,,,,,,,,,"British Museum, London, UK"
no_expected_no_live,574694,Q2168345,P574694,Cuneiform Tablet BM 068314,"CDLI artifact: tablet; held by British Museum, London, UK; CDLI P574694",BM 068314,tablet,,,,,,,,,,,"British Museum, London, UK"
no_expected_no_live,574712,Q2163332,P574712,Cuneiform Tablet BM 068826,"CDLI artifact: tablet; held by British Museum, London, UK; CDLI P574712",BM 068826,tablet,,,,,,,,,,,"British Museum, London, UK"
no_expected_no_live,574728,Q2166940,P574728,Cuneiform Tablet BM 069459,"CDLI artifact: tablet; held by British Museum, London, UK; CDLI P574728",BM 069459,tablet,,,,,,,,,,,"British Museum, London, UK"
no_expected_no_live,574769,Q2166276,P574769,Cuneiform Tablet BM 069999,"CDLI artifact: tablet; held by British Museum, London, UK; CDLI P574769",BM 069999,tablet,,,,,,,,,,,"British Museum, London, UK"
no_expected_no_live,574786,Q2165557,P574786,Cuneiform Tablet BM 070099,"CDLI artifact: tablet; held by British Museum, London, UK; CDLI P574786",BM 070099,tablet,,,,,,,,,,,"British Museum, London, UK"
no_expected_no_live,574790,Q2170229,P574790,Cuneiform Tablet BM 070131,"CDLI artifact: tablet; held by British Museum, London, UK; CDLI P574790",BM 070131,tablet,,,,,,,,,,,"British Museum, London, UK"
no_expected_no_live,574801,Q2063940,P574801,Cuneiform Tablet BM 070565,"CDLI artifact: tablet; held by British Museum, London, UK; CDLI P574801",BM 070565,tablet,,,,,,,,,,,"British Museum, London, UK"
no_expected_no_live,574817,Q2169641,P574817,Cuneiform Tablet BM 070732,"CDLI artifact: tablet; held by British Museum, London, UK; CDLI P574817",BM 070732,tablet,,,,,,,,,,,"British Museum, London, UK"
no_expected_no_live,574856,Q2167389,P574856,Cuneiform Tablet BM 071811,"CDLI artifact: tablet; held by British Museum, London, UK; CDLI P574856",BM 071811,tablet,,,,,,,,,,,"British Museum, London, UK"
no_expected_no_live,574895,Q2162749,P574895,Cuneiform Tablet BM 072043,"CDLI artifact: tablet; from Sippar-Yahrurum (mod. Tell Abu Habbah); held by British Museum, London, UK; CDLI P574895",BM 072043,tablet,,,,,,,,,,Sippar-Yahrurum (mod. Tell Abu Habbah),"British Museum, London, UK"
no_expected_no_live,574913,Q2166616,P574913,Cuneiform Tablet BM 072082,"CDLI artifact: tablet; from Sippar-Yahrurum (mod. Tell Abu Habbah); held by British Museum, London, UK; CDLI P574913",BM 072082,tablet,,,,,,,,,,Sippar-Yahrurum (mod. Tell Abu Habbah),"British Museum, London, UK"
no_expected_no_live,574944,Q2047734,P574944,Cuneiform Tablet BM 072162,"CDLI artifact: tablet; from Sippar-Yahrurum (mod. Tell Abu Habbah); held by British Museum, London, UK; CDLI P574944",BM 072162,tablet,,,,,,,,,,Sippar-Yahrurum (mod. Tell Abu Habbah),"British Museum, London, UK"
no_expected_no_live,574952,Q2168851,P574952,Cuneiform Tablet BM 072176,"CDLI artifact: tablet; from Sippar-Yahrurum (mod. Tell Abu Habbah); held by British Museum, London, UK; CDLI P574952",BM 072176,tablet,,,,,,,,,,Sippar-Yahrurum (mod. Tell Abu Habbah),"British Museum, London, UK"
no_expected_no_live,574968,Q2164741,P574968,Cuneiform Tablet BM 072211,"CDLI artifact: tablet; from Sippar-Yahrurum (mod. Tell Abu Habbah); held by British Museum, London, UK; CDLI P574968",BM 072211,tablet,,,,,,,,,,Sippar-Yahrurum (mod. Tell Abu Habbah),"British Museum, London, UK"
no_expected_no_live,574987,Q2164643,P574987,Cuneiform Tablet BM 072274,"CDLI artifact: tablet; from Sippar-Yahrurum (mod. Tell Abu Habbah); held by British Museum, London, UK; CDLI P574987",BM 072274,tablet,,,,,,,,,,Sippar-Yahrurum (mod. Tell Abu Habbah),"British Museum, London, UK"
no_expected_no_live,575046,Q2163837,P575046,Cuneiform Tablet BM 073316,"CDLI artifact: tablet; from Sippar-Yahrurum (mod. Tell Abu Habbah); held by British Museum, London, UK; CDLI P575046",BM 073316,tablet,,,,,,,,,,Sippar-Yahrurum (mod. Tell Abu Habbah),"British Museum, London, UK"
no_expected_no_live,575085,Q1367319,P575085,Cuneiform Tablet BM 073712,"CDLI artifact: tablet; from Sippar-Yahrurum (mod. Tell Abu Habbah); held by British Museum, London, UK; CDLI P575085",BM 073712,tablet,,,,,,,,,,Sippar-Yahrurum (mod. Tell Abu Habbah),"British Museum, London, UK"
no_expected_no_live,575093,Q2162492,P575093,Cuneiform Tablet BM 073830,"CDLI artifact: tablet; from Sippar-Yahrurum (mod. Tell Abu Habbah); held by British Museum, London, UK; CDLI P575093",BM 073830,tablet,,,,,,,,,,Sippar-Yahrurum (mod. Tell Abu Habbah),"British Museum, London, UK"
no_expected_no_live,575103,Q2163048,P575103,Cuneiform Tablet BM 073920,"CDLI artifact: tablet; from Sippar-Yahrurum (mod. Tell Abu Habbah); held by British Museum, London, UK; CDLI P575103",BM 073920,tablet,,,,,,,,,,Sippar-Yahrurum (mod. Tell Abu Habbah),"British Museum, London, UK"
no_expected_no_live,575139,Q2161875,P575139,Cuneiform Tablet BM 074226,"CDLI artifact: tablet; from Sippar-Yahrurum (mod. Tell Abu Habbah); held by British Museum, London, UK; CDLI P575139",BM 074226,tablet,,,,,,,,,,Sippar-Yahrurum (mod. Tell Abu Habbah),"British Museum, London, UK"
no_expected_no_live,575178,Q2165961,P575178,Cuneiform Tablet BM 076186,"CDLI artifact: tablet; held by British Museum, London, UK; CDLI P575178",BM 076186,tablet,,,,,,,,,,,"British Museum, London, UK"
no_expected_no_live,575181,Q2169956,P575181,Cuneiform Tablet BM 076238,"CDLI artifact: tablet; held by British Museum, London, UK; CDLI P575181",BM 076238,tablet,,,,,,,,,,,"British Museum, London, UK"
no_expected_no_live,575197,Q2165879,P575197,Cuneiform Tablet BM 076481,"CDLI artifact: tablet; held by British Museum, London, UK; CDLI P575197",BM 076481,tablet,,,,,,,,,,,"British Museum, London, UK"
no_expected_no_live,575206,Q2047445,P575206,Cuneiform Tablet BM 076564 + BM 076745 + BM 082946,"CDLI artifact: tablet; held by British Museum, London, UK; CDLI P575206",BM 076564 + BM 076745 + BM 082946,tablet,,,,,,,,,,,"British Museum, London, UK"
no_expected_no_live,575210,Q2169008,P575210,Cuneiform Tablet BM 076597,"CDLI artifact: tablet; held by British Museum, London, UK; CDLI P575210",BM 076597,tablet,,,,,,,,,,,"British Museum, London, UK"
no_expected_no_live,575251,Q2166736,P575251,Cuneiform Tablet BM 076954,"CDLI artifact: tablet; held by British Museum, London, UK; CDLI P575251",BM 076954,tablet,,,,,,,,,,,"British Museum, London, UK"
no_expected_no_live,575314,Q2167543,P575314,Cuneiform Tablet BM 077146,"CDLI artifact: tablet; held by British Museum, London, UK; CDLI P575314",BM 077146,tablet,,,,,,,,,,,"British Museum, London, UK"
no_expected_no_live,575343,Q2063576,P575343,Cuneiform Tablet BM 077717,"CDLI artifact: tablet; held by British Museum, London, UK; CDLI P575343",BM 077717,tablet,,,,,,,,,,,"British Museum, London, UK"
no_expected_no_live,575355,Q2169786,P575355,Cuneiform Tablet BM 078116,"CDLI artifact: tablet; held by British Museum, London, UK; CDLI P575355",BM 078116,tablet,,,,,,,,,,,"British Museum, London, UK"
no_expected_no_live,575380,Q2164717,P575380,Cuneiform Tablet BM 082854,"CDLI artifact: tablet; held by British Museum, London, UK; CDLI P575380",BM 082854,tablet,,,,,,,,,,,"British Museum, London, UK"
no_expected_no_live,575416,Q2163954,P575416,Cuneiform Tablet BM 083892,"CDLI artifact: tablet; held by British Museum, London, UK; CDLI P575416",BM 083892,tablet,,,,,,,,,,,"British Museum, London, UK"
no_expected_no_live,575482,Q2165914,P575482,Cuneiform Tablet BM 053554,"CDLI artifact: tablet; held by British Museum, London, UK; CDLI P575482",BM 053554,tablet,,,,,,,,,,,"British Museum, London, UK"
no_expected_no_live,575528,Q2166094,P575528,Cuneiform Tablet BM 050239,"CDLI artifact: tablet; held by British Museum, London, UK; CDLI P575528",BM 050239,tablet,,,,,,,,,,,"British Museum, London, UK"
no_expected_no_live,575553,Q2163160,P575553,Cuneiform Tablet BM 050266,"CDLI artifact: tablet; held by British Museum, London, UK; CDLI P575553",BM 050266,tablet,,,,,,,,,,,"British Museum, London, UK"
no_expected_no_live,575569,Q2164753,P575569,Cuneiform Tablet BM 050286,"CDLI artifact: tablet; from Sippar-Yahrurum (mod. Tell Abu Habbah); held by British Museum, London, UK; CDLI P575569",BM 050286,tablet,,,,,,,,,,Sippar-Yahrurum (mod. Tell Abu Habbah),"British Museum, London, UK"
no_expected_no_live,575586,Q2155124,P575586,Cuneiform Tablet BM 050306,"CDLI artifact: tablet; held by British Museum, London, UK; CDLI P575586",BM 050306,tablet,,,,,,,,,,,"British Museum, London, UK"
no_expected_no_live,575590,Q2167812,P575590,Cuneiform Tablet BM 050311,"CDLI artifact: tablet; held by British Museum, London, UK; CDLI P575590",BM 050311,tablet,,,,,,,,,,,"British Museum, London, UK"
no_expected_no_live,575601,Q2166589,P575601,Cuneiform Tablet BM 050323,"CDLI artifact: tablet; from Sippar-Yahrurum (mod. Tell Abu Habbah); held by British Museum, London, UK; CDLI P575601",BM 050323,tablet,,,,,,,,,,Sippar-Yahrurum (mod. Tell Abu Habbah),"British Museum, London, UK"
no_expected_no_live,575640,Q2168867,P575640,Cuneiform Tablet BM 050365,"CDLI artifact: tablet; held by British Museum, London, UK; CDLI P575640",BM 050365,tablet,,,,,,,,,,,"British Museum, London, UK"
no_expected_no_live,575656,Q2047718,P575656,Cuneiform Tablet BM 050383,"CDLI artifact: tablet; held by British Museum, London, UK; CDLI P575656",BM 050383,tablet,,,,,,,,,,,"British Museum, London, UK"
no_expected_no_live,575705,Q2169652,P575705,Cuneiform Tablet BM 050443,"CDLI artifact: tablet; held by British Museum, London, UK; CDLI P575705",BM 050443,tablet,,,,,,,,,,,"British Museum, London, UK"
no_expected_no_live,575713,Q2063874,P575713,Cuneiform Tablet BM 050453,"CDLI artifact: tablet; held by British Museum, London, UK; CDLI P575713",BM 050453,tablet,,,,,,,,,,,"British Museum, London, UK"
no_expected_no_live,575744,Q2167382,P575744,Cuneiform Tablet BM 050486,"CDLI artifact: tablet; held by British Museum, London, UK; CDLI P575744",BM 050486,tablet,,,,,,,,,,,"British Museum, London, UK"
no_expected_no_live,575800,Q2163326,P575800,Cuneiform Tablet BM 050558,"CDLI artifact: tablet; held by British Museum, London, UK; CDLI P575800",BM 050558,tablet,,,,,,,,,,,"British Museum, London, UK"
no_expected_no_live,575882,Q2170252,P575882,Cuneiform Tablet BM 050663,"CDLI artifact: tablet; held by British Museum, London, UK; CDLI P575882",BM 050663,tablet,,,,,,,,,,,"British Museum, London, UK"
no_expected_no_live,575894,Q2165551,P575894,Cuneiform Tablet BM 050684,"CDLI artifact: tablet; held by British Museum, London, UK; CDLI P575894",BM 050684,tablet,,,,,,,,,,,"British Museum, London, UK"
no_expected_no_live,575928,Q2170500,P575928,Cuneiform Tablet BM 050750,"CDLI artifact: tablet; held by British Museum, London, UK; CDLI P575928",BM 050750,tablet,,,,,,,,,,,"British Museum, London, UK"
no_expected_no_live,575945,Q2163523,P575945,Cuneiform Tablet BM 050787,"CDLI artifact: tablet; held by British Museum, London, UK; CDLI P575945",BM 050787,tablet,,,,,,,,,,,"British Museum, London, UK"
no_expected_no_live,575969,Q2168149,P575969,Cuneiform Tablet BM 050823,"CDLI artifact: tablet; held by British Museum, London, UK; CDLI P575969",BM 050823,tablet,,,,,,,,,,,"British Museum, London, UK"
no_expected_no_live,575990,Q2168057,P575990,Cuneiform Tablet BM 050854,"CDLI artifact: tablet; held by British Museum, London, UK; CDLI P575990",BM 050854,tablet,,,,,,,,,,,"British Museum, London, UK"
no_expected_no_live,576001,Q2162476,P576001,Cuneiform Tablet BM 050866,"CDLI artifact: tablet; held by British Museum, London, UK; CDLI P576001",BM 050866,tablet,,,,,,,,,,,"British Museum, London, UK"
no_expected_no_live,576056,Q2165069,P576056,Cuneiform Tablet BM 050925,"CDLI artifact: tablet; held by British Museum, London, UK; CDLI P576056",BM 050925,tablet,,,,,,,,,,,"British Museum, London, UK"
no_expected_no_live,576083,Q2169625,P576083,Cuneiform Tablet BM 050955,"CDLI artifact: tablet; held by British Museum, London, UK; CDLI P576083",BM 050955,tablet,,,,,,,,,,,"British Museum, London, UK"
no_expected_no_live,576095,Q2142367,P576095,Cuneiform Tablet BM 050969,"CDLI artifact: tablet; held by British Museum, London, UK; CDLI P576095",BM 050969,tablet,,,,,,,,,,,"British Museum, London, UK"
no_expected_no_live,576113,Q2164062,P576113,Cuneiform Tablet BM 050990,"CDLI artifact: tablet; held by British Museum, London, UK; CDLI P576113",BM 050990,tablet,,,,,,,,,,,"British Museum, London, UK"
no_expected_no_live,576129,Q2169358,P576129,Cuneiform Tablet BM 051008,"CDLI artifact: tablet; held by British Museum, London, UK; CDLI P576129",BM 051008,tablet,,,,,,,,,,,"British Museum, London, UK"
no_expected_no_live,576144,Q2162274,P576144,Cuneiform Tablet BM 051023,"CDLI artifact: tablet; held by British Museum, London, UK; CDLI P576144",BM 051023,tablet,,,,,,,,,,,"British Museum, London, UK"
no_expected_no_live,576168,Q2167096,P576168,"Cuneiform Tablet AMD 8/3, text 8.61.a pl. 26","CDLI artifact: tablet; held by British Museum, London, UK; CDLI P576168","AMD 8/3, text 8.61.a pl. 26",tablet,,,,,,,,,,,"British Museum, London, UK"
no_expected_no_live,576187,Q2166910,P576187,Cuneiform Tablet BM 051071,"CDLI artifact: tablet; held by British Museum, London, UK; CDLI P576187",BM 051071,tablet,,,,,,,,,,,"British Museum, London, UK"
no_expected_no_live,576200,Q2151961,P576200,Cuneiform Tablet BM 051088,"CDLI artifact: tablet; held by British Museum, London, UK; CDLI P576200",BM 051088,tablet,,,,,,,,,,,"British Museum, London, UK"
no_expected_no_live,576216,Q2168000,P576216,Cuneiform Tablet BM 051107,"CDLI artifact: tablet; held by British Museum, London, UK; CDLI P576216",BM 051107,tablet,,,,,,,,,,,"British Museum, London, UK"
no_expected_no_live,576241,Q2165445,P576241,Cuneiform Tablet BM 051134,"CDLI artifact: tablet; held by British Museum, London, UK; CDLI P576241",BM 051134,tablet,,,,,,,,,,,"British Museum, London, UK"
no_expected_no_live,576257,Q2170364,P576257,Cuneiform Tablet BM 051152,"CDLI artifact: tablet; held by British Museum, London, UK; CDLI P576257",BM 051152,tablet,,,,,,,,,,,"British Museum, London, UK"
no_expected_no_live,576304,Q2166410,P576304,Cuneiform Tablet BM 051201,"CDLI artifact: tablet; held by British Museum, London, UK; CDLI P576304",BM 051201,tablet,,,,,,,,,,,"British Museum, London, UK"
no_expected_no_live,576312,Q2170562,P576312,Cuneiform Tablet BM 051210,"CDLI artifact: tablet; held by British Museum, London, UK; CDLI P576312",BM 051210,tablet,,,,,,,,,,,"British Museum, London, UK"
no_expected_no_live,576345,Q2168766,P576345,Cuneiform Tablet BM 051250,"CDLI artifact: tablet; held by British Museum, London, UK; CDLI P576345",BM 051250,tablet,,,,,,,,,,,"British Museum, London, UK"
no_expected_no_live,576406,Q2165243,P576406,Cuneiform Tablet BM 051326,"CDLI artifact: tablet; held by British Museum, London, UK; CDLI P576406",BM 051326,tablet,,,,,,,,,,,"British Museum, London, UK"
no_expected_no_live,576451,Q2162351,P576451,Cuneiform Tablet BM 051372,"CDLI artifact: tablet; held by British Museum, London, UK; CDLI P576451",BM 051372,tablet,,,,,,,,,,,"British Museum, London, UK"
no_expected_no_live,576492,Q2167147,P576492,Cuneiform Tablet BM 051417,"CDLI artifact: tablet; held by British Museum, London, UK; CDLI P576492",BM 051417,tablet,,,,,,,,,,,"British Museum, London, UK"
no_expected_no_live,576514,Q2162140,P576514,Cuneiform Tablet BM 051440,"CDLI artifact: tablet; held by British Museum, London, UK; CDLI P576514",BM 051440,tablet,,,,,,,,,,,"British Museum, London, UK"
no_expected_no_live,576538,Q2167244,P576538,Cuneiform Tablet BM 051468,"CDLI artifact: tablet; held by British Museum, London, UK; CDLI P576538",BM 051468,tablet,,,,,,,,,,,"British Museum, London, UK"
no_expected_no_live,576543,Q2164238,P576543,Cuneiform Tablet BM 051473,"CDLI artifact: tablet; held by British Museum, London, UK; CDLI P576543",BM 051473,tablet,,,,,,,,,,,"British Museum, London, UK"
no_expected_no_live,576579,Q2169500,P576579,Cuneiform Tablet BM 051512,"CDLI artifact: tablet; held by British Museum, London, UK; CDLI P576579",BM 051512,tablet,,,,,,,,,,,"British Museum, London, UK"
no_expected_no_live,576580,Q2047185,P576580,Cuneiform Tablet BM 051513,"CDLI artifact: tablet; held by British Museum, London, UK; CDLI P576580",BM 051513,tablet,,,,,,,,,,,"British Museum, London, UK"
no_expected_no_live,576596,Q2169115,P576596,Cuneiform Tablet BM 051532,"CDLI artifact: tablet; held by British Museum, London, UK; CDLI P576596",BM 051532,tablet,,,,,,,,,,,"British Museum, London, UK"
no_expected_no_live,576607,Q2170486,P576607,Cuneiform Tablet BM 051545,"CDLI artifact: tablet; held by British Museum, London, UK; CDLI P576607",BM 051545,tablet,,,,,,,,,,,"British Museum, London, UK"
no_expected_no_live,576611,Q2165310,P576611,Cuneiform Tablet BM 051550,"CDLI artifact: tablet; held by British Museum, London, UK; CDLI P576611",BM 051550,tablet,,,,,,,,,,,"British Museum, London, UK"
no_expected_no_live,576646,Q2168179,P576646,Cuneiform Tablet BM 051589,"CDLI artifact: tablet; held by British Museum, London, UK; CDLI P576646",BM 051589,tablet,,,,,,,,,,,"British Museum, London, UK"
no_expected_no_live,576650,Q2149010,P576650,Cuneiform Tablet BM 051593,"CDLI artifact: tablet; held by British Museum, London, UK; CDLI P576650",BM 051593,tablet,,,,,,,,,,,"British Museum, London, UK"
no_expected_no_live,576685,Q2163368,P576685,Cuneiform Tablet BM 051635,"CDLI artifact: tablet; held by British Museum, London, UK; CDLI P576685",BM 051635,tablet,,,,,,,,,,,"British Museum, London, UK"
no_expected_no_live,576703,Q2168393,P576703,Cuneiform Tablet BM 051653,"CDLI artifact: tablet; held by British Museum, London, UK; CDLI P576703",BM 051653,tablet,,,,,,,,,,,"British Museum, London, UK"
no_expected_no_live,576715,Q2167093,P576715,Cuneiform Tablet BM 051666,"CDLI artifact: tablet; held by British Museum, London, UK; CDLI P576715",BM 051666,tablet,,,,,,,,,,,"British Museum, London, UK"
no_expected_no_live,576754,Q2166272,P576754,Cuneiform Tablet BM 051708,"CDLI artifact: tablet; held by British Museum, London, UK; CDLI P576754",BM 051708,tablet,,,,,,,,,,,"British Museum, London, UK"
no_expected_no_live,576884,Q2166637,P576884,Cuneiform Tablet BM 051846,"CDLI artifact: tablet; held by British Museum, London, UK; CDLI P576884",BM 051846,tablet,,,,,,,,,,,"British Museum, London, UK"
no_expected_no_live,576902,Q2162772,P576902,Cuneiform Tablet BM 051864,"CDLI artifact: tablet; held by British Museum, London, UK; CDLI P576902",BM 051864,tablet,,,,,,,,,,,"British Museum, London, UK"
no_expected_no_live,576955,Q2164761,P576955,Cuneiform Tablet BM 051920,"CDLI artifact: tablet; held by British Museum, London, UK; CDLI P576955",BM 051920,tablet,,,,,,,,,,,"British Museum, London, UK"
no_expected_no_live,576979,Q2047766,P576979,Cuneiform Tablet BM 051944,"CDLI artifact: tablet; held by British Museum, London, UK; CDLI P576979",BM 051944,tablet,,,,,,,,,,,"British Museum, London, UK"
no_expected_no_live,576980,Q2169907,P576980,Cuneiform Tablet BM 051945,"CDLI artifact: tablet; held by British Museum, London, UK; CDLI P576980",BM 051945,tablet,,,,,,,,,,,"British Museum, London, UK"
no_expected_no_live,576996,Q2047993,P576996,Cuneiform Tablet BM 051963,"CDLI artifact: tablet; held by British Museum, London, UK; CDLI P576996",BM 051963,tablet,,,,,,,,,,,"British Museum, London, UK"
no_expected_no_live,577000,Q2165624,P577000,Cuneiform Tablet BM 051967,"CDLI artifact: tablet; held by British Museum, London, UK; CDLI P577000",BM 051967,tablet,,,,,,,,,,,"British Museum, London, UK"
no_expected_no_live,577016,Q2170198,P577016,Cuneiform Tablet BM 051985,"CDLI artifact: tablet; held by British Museum, London, UK; CDLI P577016",BM 051985,tablet,,,,,,,,,,,"British Museum, London, UK"
no_expected_no_live,577041,Q2154537,P577041,Cuneiform Tablet BM 052011,"CDLI artifact: tablet; held by British Museum, London, UK; CDLI P577041",BM 052011,tablet,,,,,,,,,,,"British Museum, London, UK"
no_expected_no_live,577057,Q2167881,P577057,Cuneiform Tablet BM 052027,"CDLI artifact: tablet; held by British Museum, London, UK; CDLI P577057",BM 052027,tablet,,,,,,,,,,,"British Museum, London, UK"
no_expected_no_live,577094,Q2163067,P577094,Cuneiform Tablet BM 052065,"CDLI artifact: tablet; held by British Museum, London, UK; CDLI P577094",BM 052065,tablet,,,,,,,,,,,"British Museum, London, UK"
no_expected_no_live,577104,Q2161648,P577104,Cuneiform Tablet BM 052075,"CDLI artifact: tablet; held by British Museum, London, UK; CDLI P577104",BM 052075,tablet,,,,,,,,,,,"British Museum, London, UK"
no_expected_no_live,577145,Q2165978,P577145,Cuneiform Tablet BM 052120,"CDLI artifact: tablet; held by British Museum, London, UK; CDLI P577145",BM 052120,tablet,,,,,,,,,,,"British Museum, London, UK"
no_expected_no_live,577217,Q2164942,P577217,Cuneiform Tablet BM 052198,"CDLI artifact: tablet; held by British Museum, London, UK; CDLI P577217",BM 052198,tablet,,,,,,,,,,,"British Museum, London, UK"
no_expected_no_live,577240,Q2162634,P577240,Cuneiform Tablet BM 052222,"CDLI artifact: tablet; held by British Museum, London, UK; CDLI P577240",BM 052222,tablet,,,,,,,,,,,"British Museum, London, UK"
no_expected_no_live,577283,Q2167428,P577283,Cuneiform Tablet BM 052266,"CDLI artifact: tablet; held by British Museum, London, UK; CDLI P577283",BM 052266,tablet,,,,,,,,,,,"British Museum, London, UK"
no_expected_no_live,577329,Q2167529,P577329,Cuneiform Tablet BM 052318,"CDLI artifact: tablet; held by British Museum, London, UK; CDLI P577329",BM 052318,tablet,,,,,,,,,,,"British Museum, London, UK"
no_expected_no_live,577352,Q2164537,P577352,Cuneiform Tablet BM 052347,"CDLI artifact: tablet; held by British Museum, London, UK; CDLI P577352",BM 052347,tablet,,,,,,,,,,,"British Museum, London, UK"
no_expected_no_live,577368,Q2169803,P577368,Cuneiform Tablet BM 052366,"CDLI artifact: tablet; held by British Museum, London, UK; CDLI P577368",BM 052366,tablet,,,,,,,,,,,"British Museum, London, UK"
no_expected_no_live,577387,Q2168808,P577387,Cuneiform Tablet BM 052387,"CDLI artifact: tablet; held by British Museum, London, UK; CDLI P577387",BM 052387,tablet,,,,,,,,,,,"British Museum, London, UK"
no_expected_no_live,577391,Q2047810,P577391,Cuneiform Tablet BM 052391,"CDLI artifact: tablet; held by British Museum, London, UK; CDLI P577391",BM 052391,tablet,,,,,,,,,,,"British Museum, London, UK"
no_expected_no_live,577407,Q2167707,P577407,Cuneiform Tablet BM 052408,"CDLI artifact: tablet; held by British Museum, London, UK; CDLI P577407",BM 052408,tablet,,,,,,,,,,,"British Museum, London, UK"
no_expected_no_live,577411,Q2158211,P577411,Cuneiform Tablet BM 052412,"CDLI artifact: tablet; held by British Museum, London, UK; CDLI P577411",BM 052412,tablet,,,,,,,,,,,"British Museum, London, UK"
no_expected_no_live,577446,Q2170077,P577446,Cuneiform Tablet BM 052452,"CDLI artifact: tablet; held by British Museum, London, UK; CDLI P577446",BM 052452,tablet,,,,,,,,,,,"British Museum, London, UK"
no_expected_no_live,577450,Q2165751,P577450,Cuneiform Tablet BM 052458,"CDLI artifact: tablet; held by British Museum, London, UK; CDLI P577450",BM 052458,tablet,,,,,,,,,,,"British Museum, London, UK"
no_expected_no_live,577515,Q2166115,P577515,Cuneiform Tablet BM 052527,"CDLI artifact: tablet; held by British Museum, London, UK; CDLI P577515",BM 052527,tablet,,,,,,,,,,,"British Museum, London, UK"
no_expected_no_live,577542,Q2168520,P577542,Cuneiform Tablet BM 052558,"CDLI artifact: tablet; held by British Museum, London, UK; CDLI P577542",BM 052558,tablet,,,,,,,,,,,"British Museum, London, UK"
no_expected_no_live,577554,Q2164673,P577554,Cuneiform Tablet BM 052571,"CDLI artifact: tablet; held by British Museum, London, UK; CDLI P577554",BM 052571,tablet,,,,,,,,,,,"British Museum, London, UK"
no_expected_no_live,577581,Q2163862,P577581,Cuneiform Tablet BM 052599,"CDLI artifact: tablet; held by British Museum, London, UK; CDLI P577581",BM 052599,tablet,,,,,,,,,,,"British Museum, London, UK"
no_expected_no_live,577684,Q2047959,P577684,Cuneiform Tablet BM 052714,"CDLI artifact: tablet; held by British Museum, London, UK; CDLI P577684",BM 052714,tablet,,,,,,,,,,,"British Museum, London, UK"
no_expected_no_live,577692,Q2169935,P577692,Cuneiform Tablet BM 052723,"CDLI artifact: tablet; held by British Museum, London, UK; CDLI P577692",BM 052723,tablet,,,,,,,,,,,"British Museum, London, UK"
no_expected_no_live,577702,Q2164369,P577702,Cuneiform Tablet BM 052735,"CDLI artifact: tablet; held by British Museum, London, UK; CDLI P577702",BM 052735,tablet,,,,,,,,,,,"British Museum, London, UK"
no_expected_no_live,577779,Q2167373,P577779,Cuneiform Tablet BM 052817,"CDLI artifact: tablet; held by British Museum, London, UK; CDLI P577779",BM 052817,tablet,,,,,,,,,,,"British Museum, London, UK"
no_expected_no_live,577796,Q2166633,P577796,Cuneiform Tablet BM 052836,"CDLI artifact: tablet; held by British Museum, London, UK; CDLI P577796",BM 052836,tablet,,,,,,,,,,,"British Museum, London, UK"
no_expected_no_live,577811,Q2168369,P577811,Cuneiform Tablet BM 052854,"CDLI artifact: tablet; held by British Museum, London, UK; CDLI P577811",BM 052854,tablet,,,,,,,,,,,"British Museum, London, UK"
no_expected_no_live,577846,Q2166259,P577846,Cuneiform Tablet BM 052890,"CDLI artifact: tablet; held by British Museum, London, UK; CDLI P577846",BM 052890,tablet,,,,,,,,,,,"British Museum, London, UK"
no_expected_no_live,577903,Q2165283,P577903,Cuneiform Tablet BM 052952,"CDLI artifact: tablet; held by British Museum, London, UK; CDLI P577903",BM 052952,tablet,,,,,,,,,,,"British Museum, London, UK"
no_expected_no_live,577915,Q2170499,P577915,Cuneiform Tablet BM 052965,"CDLI artifact: tablet; held by British Museum, London, UK; CDLI P577915",BM 052965,tablet,,,,,,,,,,,"British Museum, London, UK"
no_expected_no_live,577942,Q2149392,P577942,Cuneiform Tablet BM 052993,"CDLI artifact: tablet; held by British Museum, London, UK; CDLI P577942",BM 052993,tablet,,,,,,,,,,,"British Museum, London, UK"
no_expected_no_live,577954,Q2168167,P577954,Cuneiform Tablet BM 053006,"CDLI artifact: tablet; held by British Museum, London, UK; CDLI P577954",BM 053006,tablet,,,,,,,,,,,"British Museum, London, UK"
no_expected_no_live,577978,Q2163543,P577978,Cuneiform Tablet BM 053031,"CDLI artifact: tablet; held by British Museum, London, UK; CDLI P577978",BM 053031,tablet,,,,,,,,,,,"British Museum, London, UK"
no_expected_no_live,577997,Q2163347,P577997,Cuneiform Tablet BM 053051,"CDLI artifact: tablet; held by British Museum, London, UK; CDLI P577997",BM 053051,tablet,,,,,,,,,,,"British Museum, London, UK"
no_expected_no_live,578033,Q2166516,P578033,Cuneiform Tablet BM 053088,"CDLI artifact: tablet; held by British Museum, London, UK; CDLI P578033",BM 053088,tablet,,,,,,,,,,,"British Museum, London, UK"
no_expected_no_live,578048,Q2164651,P578048,Cuneiform Tablet BM 053106,"CDLI artifact: tablet; held by British Museum, London, UK; CDLI P578048",BM 053106,tablet,,,,,,,,,,,"British Museum, London, UK"
no_expected_no_live,578064,Q2047873,P578064,Cuneiform Tablet BM 053125,"CDLI artifact: tablet; held by British Museum, London, UK; CDLI P578064",BM 053125,tablet,,,,,,,,,,,"British Museum, London, UK"
no_expected_no_live,578072,Q2168796,P578072,Cuneiform Tablet BM 053142,"CDLI artifact: tablet; held by British Museum, London, UK; CDLI P578072",BM 053142,tablet,,,,,,,,,,,"British Museum, London, UK"
no_expected_no_live,578121,Q2063732,P578121,Cuneiform Tablet BM 053210,"CDLI artifact: tablet; held by British Museum, London, UK; CDLI P578121",BM 053210,tablet,,,,,,,,,,,"British Museum, London, UK"
no_expected_no_live,578137,Q2169737,P578137,Cuneiform Tablet BM 053228,"CDLI artifact: tablet; held by British Museum, London, UK; CDLI P578137",BM 053228,tablet,,,,,,,,,,,"British Museum, London, UK"
no_expected_no_live,578176,Q2167448,P578176,Cuneiform Tablet BM 053269,"CDLI artifact: tablet; held by British Museum, London, UK; CDLI P578176",BM 053269,tablet,,,,,,,,,,,"British Museum, London, UK"
no_expected_no_live,578199,Q2166704,P578199,Cuneiform Tablet BM 053307,"CDLI artifact: tablet; held by British Museum, London, UK; CDLI P578199",BM 053307,tablet,,,,,,,,,,,"British Museum, London, UK"
no_expected_no_live,578208,Q2167631,P578208,Cuneiform Tablet BM 053330,"CDLI artifact: tablet; held by British Museum, London, UK; CDLI P578208",BM 053330,tablet,,,,,,,,,,,"British Museum, London, UK"
no_expected_no_live,578224,Q2164027,P578224,Cuneiform Tablet BM 053370,"CDLI artifact: tablet; held by British Museum, London, UK; CDLI P578224",BM 053370,tablet,,,,,,,,,,,"British Museum, London, UK"
no_expected_no_live,578249,Q2170000,P578249,Cuneiform Tablet BM 053402,"CDLI artifact: tablet; held by British Museum, London, UK; CDLI P578249",BM 053402,tablet,,,,,,,,,,,"British Museum, London, UK"
no_expected_no_live,578361,Q2163095,P578361,Cuneiform Tablet BM 053542,"CDLI artifact: tablet; held by British Museum, London, UK; CDLI P578361",BM 053542,tablet,,,,,,,,,,,"British Museum, London, UK"
no_expected_no_live,578418,Q2164854,P578418,Cuneiform Tablet BM 053612,"CDLI artifact: tablet; held by British Museum, London, UK; CDLI P578418",BM 053612,tablet,,,,,,,,,,,"British Museum, London, UK"
no_expected_no_live,578434,Q2047556,P578434,Cuneiform Tablet BM 053640,"CDLI artifact: tablet; held by British Museum, London, UK; CDLI P578434",BM 053640,tablet,,,,,,,,,,,"British Museum, London, UK"
no_expected_no_live,578463,Q2166689,P578463,Cuneiform Tablet BM 053693,"CDLI artifact: tablet; held by British Museum, London, UK; CDLI P578463",BM 053693,tablet,,,,,,,,,,,"British Museum, London, UK"
no_expected_no_live,578526,Q2167606,P578526,Cuneiform Tablet BM 053765,"CDLI artifact: tablet; held by British Museum, London, UK; CDLI P578526",BM 053765,tablet,,,,,,,,,,,"British Museum, London, UK"
no_expected_no_live,578567,Q2169871,P578567,Cuneiform Tablet BM 053864,"CDLI artifact: tablet; held by British Museum, London, UK; CDLI P578567",BM 053864,tablet,,,,,,,,,,,"British Museum, London, UK"
no_expected_no_live,578571,Q2048073,P578571,Cuneiform Tablet BM 053870,"CDLI artifact: tablet; held by British Museum, London, UK; CDLI P578571",BM 053870,tablet,,,,,,,,,,,"British Museum, London, UK"
no_expected_no_live,578588,Q2168882,P578588,Cuneiform Tablet BM 053897,"CDLI artifact: tablet; held by British Museum, London, UK; CDLI P578588",BM 053897,tablet,,,,,,,,,,,"British Museum, London, UK"
no_expected_no_live,578619,Q2170125,P578619,Cuneiform Tablet BM 053950,"CDLI artifact: tablet; held by British Museum, London, UK; CDLI P578619",BM 053950,tablet,,,,,,,,,,,"British Museum, London, UK"
no_expected_no_live,578658,Q2167804,P578658,Cuneiform Tablet BM 053998,"CDLI artifact: tablet; held by British Museum, London, UK; CDLI P578658",BM 053998,tablet,,,,,,,,,,,"British Museum, London, UK"
no_expected_no_live,578674,Q2163915,P578674,Cuneiform Tablet BM 054008,"CDLI artifact: tablet; held by British Museum, London, UK; CDLI P578674",BM 054008,tablet,,,,,,,,,,,"British Museum, London, UK"
no_expected_no_live,578731,Q2162961,P578731,Cuneiform Tablet BM 054098,"CDLI artifact: tablet; held by British Museum, London, UK; CDLI P578731",BM 054098,tablet,,,,,,,,,,,"British Museum, London, UK"
no_expected_no_live,578822,Q2146869,P578822,Cuneiform Tablet BM 054247,"CDLI artifact: tablet; held by British Museum, London, UK; CDLI P578822",BM 054247,tablet,,,,,,,,,,,"British Museum, London, UK"
no_expected_no_live,578859,Q2162202,P578859,Cuneiform Tablet BM 054302,"CDLI artifact: tablet; held by British Museum, London, UK; CDLI P578859",BM 054302,tablet,,,,,,,,,,,"British Museum, London, UK"
no_expected_no_live,578930,Q2166827,P578930,Cuneiform Tablet BM 054635,"CDLI artifact: tablet; held by British Museum, London, UK; CDLI P578930",BM 054635,tablet,,,,,,,,,,,"British Museum, London, UK"
no_expected_no_live,578967,Q2047257,P578967,Cuneiform Tablet BM 054708,"CDLI artifact: tablet; held by British Museum, London, UK; CDLI P578967",BM 054708,tablet,,,,,,,,,,,"British Museum, London, UK"
no_expected_no_live,579008,Q2170425,P579008,Cuneiform Tablet BM 054796,"CDLI artifact: tablet; held by British Museum, London, UK; CDLI P579008",BM 054796,tablet,,,,,,,,,,,"British Museum, London, UK"
no_expected_no_live,579049,Q2168077,P579049,Cuneiform Tablet BM 054862,"CDLI artifact: tablet; held by British Museum, London, UK; CDLI P579049",BM 054862,tablet,,,,,,,,,,,"British Museum, London, UK"
no_expected_no_live,579065,Q2163611,P579065,Cuneiform Tablet BM 054881,"CDLI artifact: tablet; held by British Museum, London, UK; CDLI P579065",BM 054881,tablet,,,,,,,,,,,"British Museum, London, UK"
no_expected_no_live,579120,Q2163264,P579120,Cuneiform Tablet BM 054953,"CDLI artifact: tablet; held by British Museum, London, UK; CDLI P579120",BM 054953,tablet,,,,,,,,,,,"British Museum, London, UK"
no_expected_no_live,579209,Q2165167,P579209,Cuneiform Tablet BM 055065,"CDLI artifact: tablet; held by British Museum, London, UK; CDLI P579209",BM 055065,tablet,,,,,,,,,,,"British Museum, London, UK"
no_expected_no_live,579225,Q2030393,P579225,Cuneiform Tablet BM 055083,"CDLI artifact: tablet; held by British Museum, London, UK; CDLI P579225",BM 055083,tablet,,,,,,,,,,,"British Museum, London, UK"
no_expected_no_live,579233,Q2169201,P579233,Cuneiform Tablet BM 055091,"CDLI artifact: tablet; held by British Museum, London, UK; CDLI P579233",BM 055091,tablet,,,,,,,,,,,"British Museum, London, UK"
no_expected_no_live,579272,Q2166961,P579272,Cuneiform Tablet BM 055145,"CDLI artifact: tablet; held by British Museum, London, UK; CDLI P579272",BM 055145,tablet,,,,,,,,,,,"British Museum, London, UK"
no_expected_no_live,579360,Q2142979,P579360,Cuneiform Tablet BM 055276,"CDLI artifact: tablet; held by British Museum, London, UK; CDLI P579360",BM 055276,tablet,,,,,,,,,,,"British Museum, London, UK"
no_expected_no_live,579376,Q2169557,P579376,Cuneiform Tablet BM 055298,"CDLI artifact: tablet; held by British Museum, London, UK; CDLI P579376",BM 055298,tablet,,,,,,,,,,,"British Museum, London, UK"
no_expected_no_live,579419,Q2167929,P579419,Cuneiform Tablet BM 055361,"CDLI artifact: tablet; held by British Museum, London, UK; CDLI P579419",BM 055361,tablet,,,,,,,,,,,"British Museum, London, UK"
no_expected_no_live,579435,Q2163753,P579435,Cuneiform Tablet BM 055383,"CDLI artifact: tablet; held by British Museum, London, UK; CDLI P579435",BM 055383,tablet,,,,,,,,,,,"British Museum, London, UK"
no_expected_no_live,579458,Q2170285,P579458,Cuneiform Tablet BM 055423,"CDLI artifact: tablet; held by British Museum, London, UK; CDLI P579458",BM 055423,tablet,,,,,,,,,,,"British Museum, London, UK"
no_expected_no_live,579622,Q2166798,P579622,Cuneiform Tablet BM 058530,"CDLI artifact: tablet; from Sippar-Yahrurum (mod. Tell Abu Habbah); held by British Museum, London, UK; CDLI P579622",BM 058530,tablet,,,,,,,,,,Sippar-Yahrurum (mod. Tell Abu Habbah),"British Museum, London, UK"
no_expected_no_live,579663,Q2169090,P579663,Cuneiform Tablet BM 058573,"CDLI artifact: tablet; from Sippar-Yahrurum (mod. Tell Abu Habbah); held by British Museum, London, UK; CDLI P579663",BM 058573,tablet,,,,,,,,,,Sippar-Yahrurum (mod. Tell Abu Habbah),"British Museum, London, UK"
no_expected_no_live,579675,Q2047226,P579675,Cuneiform Tablet BM 058587,"CDLI artifact: tablet; from Sippar-Yahrurum (mod. Tell Abu Habbah); held by British Museum, London, UK; CDLI P579675",BM 058587,tablet,,,,,,,,,,Sippar-Yahrurum (mod. Tell Abu Habbah),"British Museum, London, UK"
no_expected_no_live,579726,Q2169437,P579726,Cuneiform Tablet BM 058638,"CDLI artifact: tablet; from Sippar-Yahrurum (mod. Tell Abu Habbah); held by British Museum, London, UK; CDLI P579726",BM 058638,tablet,,,,,,,,,,Sippar-Yahrurum (mod. Tell Abu Habbah),"British Museum, London, UK"
no_expected_no_live,579730,Q2146245,P579730,Cuneiform Tablet BM 058643,"CDLI artifact: tablet; from Sippar-Yahrurum (mod. Tell Abu Habbah); held by British Museum, London, UK; CDLI P579730",BM 058643,tablet,,,,,,,,,,Sippar-Yahrurum (mod. Tell Abu Habbah),"British Museum, London, UK"
no_expected_no_live,579767,Q2167159,P579767,Cuneiform Tablet BM 058683,"CDLI artifact: tablet; from Sippar-Yahrurum (mod. Tell Abu Habbah); held by British Museum, London, UK; CDLI P579767",BM 058683,tablet,,,,,,,,,,Sippar-Yahrurum (mod. Tell Abu Habbah),"British Museum, London, UK"
no_expected_no_live,579788,Q2166981,P579788,Cuneiform Tablet BM 058704,"CDLI artifact: tablet; from Sippar-Yahrurum (mod. Tell Abu Habbah); held by British Museum, London, UK; CDLI P579788",BM 058704,tablet,,,,,,,,,,Sippar-Yahrurum (mod. Tell Abu Habbah),"British Museum, London, UK"
no_expected_no_live,579819,Q2160636,P579819,Cuneiform Tablet BM 058736,"CDLI artifact: tablet; from Sippar-Yahrurum (mod. Tell Abu Habbah); held by British Museum, London, UK; CDLI P579819",BM 058736,tablet,,,,,,,,,,Sippar-Yahrurum (mod. Tell Abu Habbah),"British Museum, London, UK"
no_expected_no_live,579823,Q2162957,P579823,"Cuneiform Tablet AOAT 315, no. 85","CDLI artifact: tablet; from Sippar-Yahrurum (mod. Tell Abu Habbah); held by British Museum, London, UK; CDLI P579823","AOAT 315, no. 85",tablet,,,,,,,,,,Sippar-Yahrurum (mod. Tell Abu Habbah),"British Museum, London, UK"
no_expected_no_live,579858,Q2165881,P579858,Cuneiform Tablet BM 058778,"CDLI artifact: tablet; from Sippar-Yahrurum (mod. Tell Abu Habbah); held by British Museum, London, UK; CDLI P579858",BM 058778,tablet,,,,,,,,,,Sippar-Yahrurum (mod. Tell Abu Habbah),"British Museum, London, UK"
no_expected_no_live,579989,Q2163132,P579989,Cuneiform Tablet BM 058920,"CDLI artifact: tablet; from Sippar-Yahrurum (mod. Tell Abu Habbah); held by British Museum, London, UK; CDLI P579989",BM 058920,tablet,,,,,,,,,,Sippar-Yahrurum (mod. Tell Abu Habbah),"British Museum, London, UK"
no_expected_no_live,580010,Q2163503,P580010,Cuneiform Tablet BM 058942,"CDLI artifact: tablet; from Sippar-Yahrurum (mod. Tell Abu Habbah); held by British Museum, London, UK; CDLI P580010",BM 058942,tablet,,,,,,,,,,Sippar-Yahrurum (mod. Tell Abu Habbah),"British Museum, London, UK"
no_expected_no_live,580084,Q2166347,P580084,Cuneiform Tablet BM 059021,"CDLI artifact: tablet; from Sippar-Yahrurum (mod. Tell Abu Habbah); held by British Museum, London, UK; CDLI P580084",BM 059021,tablet,,,,,,,,,,Sippar-Yahrurum (mod. Tell Abu Habbah),"British Museum, London, UK"
no_expected_no_live,580092,Q2170612,P580092,Cuneiform Tablet BM 059029,"CDLI artifact: tablet; from Sippar-Yahrurum (mod. Tell Abu Habbah); held by British Museum, London, UK; CDLI P580092",BM 059029,tablet,,,,,,,,,,Sippar-Yahrurum (mod. Tell Abu Habbah),"British Museum, London, UK"
no_expected_no_live,580179,Q2168424,P580179,Cuneiform Tablet BM 059120,"CDLI artifact: tablet; from Sippar-Yahrurum (mod. Tell Abu Habbah); held by British Museum, London, UK; CDLI P580179",BM 059120,tablet,,,,,,,,,,Sippar-Yahrurum (mod. Tell Abu Habbah),"British Museum, London, UK"
no_expected_no_live,580196,Q2167943,P580196,Cuneiform Tablet BM 059138,"CDLI artifact: tablet; from Sippar-Yahrurum (mod. Tell Abu Habbah); held by British Museum, London, UK; CDLI P580196",BM 059138,tablet,,,,,,,,,,Sippar-Yahrurum (mod. Tell Abu Habbah),"British Museum, London, UK"
no_expected_no_live,580207,Q2166998,P580207,Cuneiform Tablet BM 059149,"CDLI artifact: tablet; from Sippar-Yahrurum (mod. Tell Abu Habbah); held by British Museum, London, UK; CDLI P580207",BM 059149,tablet,,,,,,,,,,Sippar-Yahrurum (mod. Tell Abu Habbah),"British Museum, London, UK"
no_expected_no_live,580246,Q2169310,P580246,Cuneiform Tablet BM 059194,"CDLI artifact: tablet; from Sippar-Yahrurum (mod. Tell Abu Habbah); held by British Museum, London, UK; CDLI P580246",BM 059194,tablet,,,,,,,,,,Sippar-Yahrurum (mod. Tell Abu Habbah),"British Museum, London, UK"
no_expected_no_live,580293,Q2164160,P580293,Cuneiform Tablet BM 059248,"CDLI artifact: tablet; from Sippar-Yahrurum (mod. Tell Abu Habbah); held by British Museum, London, UK; CDLI P580293",BM 059248,tablet,,,,,,,,,,Sippar-Yahrurum (mod. Tell Abu Habbah),"British Museum, London, UK"
no_expected_no_live,580303,Q2169524,P580303,Cuneiform Tablet BM 059265,"CDLI artifact: tablet; from Sippar-Yahrurum (mod. Tell Abu Habbah); held by British Museum, London, UK; CDLI P580303",BM 059265,tablet,,,,,,,,,,Sippar-Yahrurum (mod. Tell Abu Habbah),"British Museum, London, UK"
no_expected_no_live,580315,Q2143627,P580315,Cuneiform Tablet BM 059280,"CDLI artifact: tablet; from Sippar-Yahrurum (mod. Tell Abu Habbah); held by British Museum, London, UK; CDLI P580315",BM 059280,tablet,,,,,,,,,,Sippar-Yahrurum (mod. Tell Abu Habbah),"British Museum, London, UK"
no_expected_no_live,580339,Q2164257,P580339,Cuneiform Tablet BM 059304,"CDLI artifact: tablet; from Sippar-Yahrurum (mod. Tell Abu Habbah); held by British Museum, London, UK; CDLI P580339",BM 059304,tablet,,,,,,,,,,Sippar-Yahrurum (mod. Tell Abu Habbah),"British Museum, London, UK"
no_expected_no_live,580342,Q2167212,P580342,Cuneiform Tablet BM 059307,"CDLI artifact: tablet; from Sippar-Yahrurum (mod. Tell Abu Habbah); held by British Museum, London, UK; CDLI P580342",BM 059307,tablet,,,,,,,,,,Sippar-Yahrurum (mod. Tell Abu Habbah),"British Museum, London, UK"
no_expected_no_live,580381,Q2162558,P580381,Cuneiform Tablet BM 059351,"CDLI artifact: tablet; from Sippar-Yahrurum (mod. Tell Abu Habbah); held by British Museum, London, UK; CDLI P580381",BM 059351,tablet,,,,,,,,,,Sippar-Yahrurum (mod. Tell Abu Habbah),"British Museum, London, UK"
no_expected_no_live,580483,Q2168444,P580483,Cuneiform Tablet BM 059468,"CDLI artifact: tablet; from Sippar-Yahrurum (mod. Tell Abu Habbah); held by British Museum, London, UK; CDLI P580483",BM 059468,tablet,,,,,,,,,,Sippar-Yahrurum (mod. Tell Abu Habbah),"British Museum, London, UK"
no_expected_no_live,580495,Q2166043,P580495,Cuneiform Tablet BM 059480,"CDLI artifact: tablet; from Sippar-Yahrurum (mod. Tell Abu Habbah); held by British Museum, London, UK; CDLI P580495",BM 059480,tablet,,,,,,,,,,Sippar-Yahrurum (mod. Tell Abu Habbah),"British Museum, London, UK"
no_expected_no_live,580505,Q2163431,P580505,Cuneiform Tablet BM 059495,"CDLI artifact: tablet; from Sippar-Yahrurum (mod. Tell Abu Habbah); held by British Museum, London, UK; CDLI P580505",BM 059495,tablet,,,,,,,,,,Sippar-Yahrurum (mod. Tell Abu Habbah),"British Museum, London, UK"
no_expected_no_live,580529,Q2168275,P580529,Cuneiform Tablet BM 059521,"CDLI artifact: tablet; from Sippar-Yahrurum (mod. Tell Abu Habbah); held by British Museum, London, UK; CDLI P580529",BM 059521,tablet,,,,,,,,,,Sippar-Yahrurum (mod. Tell Abu Habbah),"British Museum, London, UK"
no_expected_no_live,580587,Q2170442,P580587,Cuneiform Tablet BM 059593,"CDLI artifact: tablet; from Sippar-Yahrurum (mod. Tell Abu Habbah); held by British Museum, London, UK; CDLI P580587",BM 059593,tablet,,,,,,,,,,Sippar-Yahrurum (mod. Tell Abu Habbah),"British Museum, London, UK"
no_expected_no_live,580591,Q2165369,P580591,Cuneiform Tablet BM 059599,"CDLI artifact: tablet; from Sippar-Yahrurum (mod. Tell Abu Habbah); held by British Museum, London, UK; CDLI P580591",BM 059599,tablet,,,,,,,,,,Sippar-Yahrurum (mod. Tell Abu Habbah),"British Museum, London, UK"
no_expected_no_live,580600,Q2044638,P580600,Cuneiform Tablet BM 059608,"CDLI artifact: tablet; from Sippar-Yahrurum (mod. Tell Abu Habbah); held by British Museum, London, UK; CDLI P580600",BM 059608,tablet,,,,,,,,,,Sippar-Yahrurum (mod. Tell Abu Habbah),"British Museum, London, UK"
no_expected_no_live,580616,Q2169193,P580616,Cuneiform Tablet BM 059636,"CDLI artifact: tablet; from Sippar-Yahrurum (mod. Tell Abu Habbah); held by British Museum, London, UK; CDLI P580616",BM 059636,tablet,,,,,,,,,,Sippar-Yahrurum (mod. Tell Abu Habbah),"British Museum, London, UK"
no_expected_no_live,580657,Q2166831,P580657,Cuneiform Tablet BM 059684,"CDLI artifact: tablet; from Sippar-Yahrurum (mod. Tell Abu Habbah); held by British Museum, London, UK; CDLI P580657",BM 059684,tablet,,,,,,,,,,Sippar-Yahrurum (mod. Tell Abu Habbah),"British Museum, London, UK"
no_expected_no_live,580753,Q2169397,P580753,Cuneiform Tablet BM 059798,"CDLI artifact: tablet; from Sippar-Yahrurum (mod. Tell Abu Habbah); held by British Museum, London, UK; CDLI P580753",BM 059798,tablet,,,,,,,,,,Sippar-Yahrurum (mod. Tell Abu Habbah),"British Museum, London, UK"
no_expected_no_live,580786,Q2165142,P580786,Cuneiform Tablet BM 059833,"CDLI artifact: tablet; from Sippar-Yahrurum (mod. Tell Abu Habbah); held by British Museum, London, UK; CDLI P580786",BM 059833,tablet,,,,,,,,,,Sippar-Yahrurum (mod. Tell Abu Habbah),"British Museum, London, UK"
no_expected_no_live,580856,Q2162993,P580856,Cuneiform Tablet BM 059909,"CDLI artifact: tablet; from Sippar-Yahrurum (mod. Tell Abu Habbah); held by British Museum, London, UK; CDLI P580856",BM 059909,tablet,,,,,,,,,,Sippar-Yahrurum (mod. Tell Abu Habbah),"British Museum, London, UK"
no_expected_no_live,580883,Q2159429,P580883,Cuneiform Tablet BM 059941,"CDLI artifact: tablet; from Sippar-Yahrurum (mod. Tell Abu Habbah); held by British Museum, London, UK; CDLI P580883",BM 059941,tablet,,,,,,,,,,Sippar-Yahrurum (mod. Tell Abu Habbah),"British Museum, London, UK"
no_expected_no_live,580895,Q2167628,P580895,Cuneiform Tablet BM 059959,"CDLI artifact: tablet; from Sippar-Yahrurum (mod. Tell Abu Habbah); held by British Museum, London, UK; CDLI P580895",BM 059959,tablet,,,,,,,,,,Sippar-Yahrurum (mod. Tell Abu Habbah),"British Museum, London, UK"
no_expected_no_live,580913,Q2163784,P580913,Cuneiform Tablet BM 059980,"CDLI artifact: tablet; from Sippar-Yahrurum (mod. Tell Abu Habbah); held by British Museum, London, UK; CDLI P580913",BM 059980,tablet,,,,,,,,,,Sippar-Yahrurum (mod. Tell Abu Habbah),"British Museum, London, UK"
no_expected_no_live,580929,Q2154144,P580929,Cuneiform Tablet BM 059998,"CDLI artifact: tablet; from Sippar-Yahrurum (mod. Tell Abu Habbah); held by British Museum, London, UK; CDLI P580929",BM 059998,tablet,,,,,,,,,,Sippar-Yahrurum (mod. Tell Abu Habbah),"British Museum, London, UK"
no_expected_no_live,580987,Q2166017,P580987,Cuneiform Tablet BM 060059,"CDLI artifact: tablet; from Sippar-Yahrurum (mod. Tell Abu Habbah); held by British Museum, London, UK; CDLI P580987",BM 060059,tablet,,,,,,,,,,Sippar-Yahrurum (mod. Tell Abu Habbah),"British Museum, London, UK"
no_expected_no_live,581007,Q2168901,P581007,Cuneiform Tablet BM 060142,"CDLI artifact: tablet; held by British Museum, London, UK; CDLI P581007",BM 060142,tablet,,,,,,,,,,,"British Museum, London, UK"
no_expected_no_live,581011,Q2047616,P581011,Cuneiform Tablet BM 060148,"CDLI artifact: tablet; held by British Museum, London, UK; CDLI P581011",BM 060148,tablet,,,,,,,,,,,"British Museum, London, UK"
no_expected_no_live,581046,Q2166558,P581046,Cuneiform Tablet BM 060252,"CDLI artifact: tablet; from Sippar-Yahrurum (mod. Tell Abu Habbah); held by British Museum, London, UK; CDLI P581046",BM 060252,tablet,,,,,,,,,,Sippar-Yahrurum (mod. Tell Abu Habbah),"British Museum, London, UK"
no_expected_no_live,581103,Q2167335,P581103,Cuneiform Artifact BM 060499,"CDLI artifact: tag; held by British Museum, London, UK; CDLI P581103",BM 060499,tag,,,,,,,,,,,"British Museum, London, UK"
no_expected_no_live,581154,Q2063824,P581154,Cuneiform Tablet BM 060724,"CDLI artifact: tablet; held by British Museum, London, UK; CDLI P581154",BM 060724,tablet,,,,,,,,,,,"British Museum, London, UK"
no_expected_no_live,581178,Q2164405,P581178,Cuneiform Tablet BM 060789,"CDLI artifact: tablet; held by British Museum, London, UK; CDLI P581178",BM 060789,tablet,,,,,,,,,,,"British Museum, London, UK"
no_expected_no_live,581251,Q2163931,P581251,Cuneiform Tablet BM 060889,"CDLI artifact: tablet; held by British Museum, London, UK; CDLI P581251",BM 060889,tablet,,,,,,,,,,,"British Museum, London, UK"
no_expected_no_live,581416,Q2166714,P581416,Cuneiform Tablet BM 061018,"CDLI artifact: tablet; held by British Museum, London, UK; CDLI P581416",BM 061018,tablet,,,,,,,,,,,"British Museum, London, UK"
no_expected_no_live,581482,Q2164466,P581482,Cuneiform Tablet BM 061099,"CDLI artifact: tablet; held by British Museum, London, UK; CDLI P581482",BM 061099,tablet,,,,,,,,,,,"British Museum, London, UK"
no_expected_no_live,581528,Q2164572,P581528,Cuneiform Tablet BM 061161,"CDLI artifact: tablet; held by British Museum, London, UK; CDLI P581528",BM 061161,tablet,,,,,,,,,,,"British Museum, London, UK"
no_expected_no_live,581553,Q2167496,P581553,Cuneiform Tablet BM 061194,"CDLI artifact: tablet; held by British Museum, London, UK; CDLI P581553",BM 061194,tablet,,,,,,,,,,,"British Museum, London, UK"
no_expected_no_live,581590,Q2162859,P581590,Cuneiform Tablet BM 061242,"CDLI artifact: tablet; held by British Museum, London, UK; CDLI P581590",BM 061242,tablet,,,,,,,,,,,"British Museum, London, UK"
no_expected_no_live,581601,Q2163800,P581601,Cuneiform Tablet BM 061255,"CDLI artifact: tablet; held by British Museum, London, UK; CDLI P581601",BM 061255,tablet,,,,,,,,,,,"British Museum, London, UK"
no_expected_no_live,581787,Q2167654,P581787,Cuneiform Tablet BM 061507,"CDLI artifact: tablet; held by British Museum, London, UK; CDLI P581787",BM 061507,tablet,,,,,,,,,,,"British Museum, London, UK"
no_expected_no_live,581791,Q2159331,P581791,Cuneiform Tablet BM 061511,"CDLI artifact: tablet; held by British Museum, London, UK; CDLI P581791",BM 061511,tablet,,,,,,,,,,,"British Museum, London, UK"
no_expected_no_live,581800,Q2167057,P581800,Cuneiform Tablet BM 061521,"CDLI artifact: tablet; held by British Museum, London, UK; CDLI P581800",BM 061521,tablet,,,,,,,,,,,"British Museum, London, UK"
no_expected_no_live,581841,Q2169390,P581841,Cuneiform Tablet BM 061576,"CDLI artifact: tablet; held by British Museum, London, UK; CDLI P581841",BM 061576,tablet,,,,,,,,,,,"British Museum, London, UK"
no_expected_no_live,581894,Q2165155,P581894,Cuneiform Tablet BM 061643,"CDLI artifact: tablet; held by British Museum, London, UK; CDLI P581894",BM 061643,tablet,,,,,,,,,,,"British Museum, London, UK"
no_expected_no_live,581969,Q2162530,P581969,Cuneiform Tablet BM 061740,"CDLI artifact: tablet; held by British Museum, London, UK; CDLI P581969",BM 061740,tablet,,,,,,,,,,,"British Museum, London, UK"
no_expected_no_live,582001,Q2168225,P582001,Cuneiform Tablet BM 061790,"CDLI artifact: tablet; held by British Museum, London, UK; CDLI P582001",BM 061790,tablet,,,,,,,,,,,"British Museum, London, UK"
no_expected_no_live,582040,Q2170455,P582040,Cuneiform Tablet BM 061835,"CDLI artifact: tablet; held by British Museum, London, UK; CDLI P582040",BM 061835,tablet,,,,,,,,,,,"British Museum, London, UK"
no_expected_no_live,582056,Q2165329,P582056,Cuneiform Tablet BM 061855,"CDLI artifact: tablet; held by British Museum, London, UK; CDLI P582056",BM 061855,tablet,,,,,,,,,,,"British Museum, London, UK"
no_expected_no_live,582113,Q2166320,P582113,Cuneiform Tablet BM 061917,"CDLI artifact: tablet; held by British Museum, London, UK; CDLI P582113",BM 061917,tablet,,,,,,,,,,,"British Museum, London, UK"
no_expected_no_live,582144,Q2168417,P582144,Cuneiform Tablet BM 061959,"CDLI artifact: tablet; held by British Museum, London, UK; CDLI P582144",BM 061959,tablet,,,,,,,,,,,"British Museum, London, UK"
no_expected_no_live,582168,Q2163293,P582168,Cuneiform Tablet BM 061989,"CDLI artifact: tablet; held by British Museum, London, UK; CDLI P582168",BM 061989,tablet,,,,,,,,,,,"British Museum, London, UK"
no_expected_no_live,582187,Q2163774,P582187,"Cuneiform Tablet BabAr 4, no. 4","CDLI artifact: tablet; from Sippar-Yahrurum (mod. Tell Abu Habbah); held by British Museum, London, UK; CDLI P582187","BabAr 4, no. 4",tablet,,,,,,,,,,Sippar-Yahrurum (mod. Tell Abu Habbah),"British Museum, London, UK"
no_expected_no_live,582216,Q2162402,P582216,Cuneiform Tablet BM 062039,"CDLI artifact: tablet; held by British Museum, London, UK; CDLI P582216",BM 062039,tablet,,,,,,,,,,,"British Museum, London, UK"
no_expected_no_live,582241,Q2165266,P582241,Cuneiform Tablet BM 062071,"CDLI artifact: tablet; held by British Museum, London, UK; CDLI P582241",BM 062071,tablet,,,,,,,,,,,"British Museum, London, UK"
no_expected_no_live,582282,Q2146885,P582282,Cuneiform Tablet BM 062118,"CDLI artifact: tablet; held by British Museum, London, UK; CDLI P582282",BM 062118,tablet,,,,,,,,,,,"British Museum, London, UK"
no_expected_no_live,582304,Q2164281,P582304,Cuneiform Tablet BM 062145,"CDLI artifact: tablet; held by British Museum, London, UK; CDLI P582304",BM 062145,tablet,,,,,,,,,,,"British Museum, London, UK"
no_expected_no_live,582328,Q2143791,P582328,Cuneiform Tablet BM 062174,"CDLI artifact: tablet; held by British Museum, London, UK; CDLI P582328",BM 062174,tablet,,,,,,,,,,,"British Museum, London, UK"
no_expected_no_live,582390,Q2166824,P582390,Cuneiform Tablet BM 062241,"CDLI artifact: tablet; held by British Museum, London, UK; CDLI P582390",BM 062241,tablet,,,,,,,,,,,"British Museum, London, UK"
no_expected_no_live,582406,Q2165470,P582406,Cuneiform Tablet BM 062260,"CDLI artifact: tablet; held by British Museum, London, UK; CDLI P582406",BM 062260,tablet,,,,,,,,,,,"British Museum, London, UK"
no_expected_no_live,582410,Q2170318,P582410,Cuneiform Tablet BM 062264,"CDLI artifact: tablet; held by British Museum, London, UK; CDLI P582410",BM 062264,tablet,,,,,,,,,,,"British Museum, London, UK"
no_expected_no_live,582447,Q2151404,P582447,Cuneiform Tablet BM 062302,"CDLI artifact: tablet; held by British Museum, London, UK; CDLI P582447",BM 062302,tablet,,,,,,,,,,,"British Museum, London, UK"
no_expected_no_live,582492,Q2163236,P582492,Cuneiform Tablet BM 062347,"CDLI artifact: tablet; held by British Museum, London, UK; CDLI P582492",BM 062347,tablet,,,,,,,,,,,"British Museum, London, UK"
no_expected_no_live,582502,Q2168726,P582502,Cuneiform Tablet BM 062358,"CDLI artifact: tablet; held by British Museum, London, UK; CDLI P582502",BM 062358,tablet,,,,,,,,,,,"British Museum, London, UK"
no_expected_no_live,582543,Q2166444,P582543,Cuneiform Tablet BM 062416,"CDLI artifact: tablet; held by British Museum, London, UK; CDLI P582543",BM 062416,tablet,,,,,,,,,,,"British Museum, London, UK"
no_expected_no_live,582555,Q2170528,P582555,Cuneiform Tablet BM 062432,"CDLI artifact: tablet; held by British Museum, London, UK; CDLI P582555",BM 062432,tablet,,,,,,,,,,,"British Museum, London, UK"
no_expected_no_live,582646,Q2162515,P582646,Cuneiform Tablet BM 062533,"CDLI artifact: tablet; held by British Museum, London, UK; CDLI P582646",BM 062533,tablet,,,,,,,,,,,"British Museum, London, UK"
no_expected_no_live,582685,Q2167287,P582685,Cuneiform Tablet BM 062584,"CDLI artifact: tablet; held by British Museum, London, UK; CDLI P582685",BM 062584,tablet,,,,,,,,,,,"British Museum, London, UK"
no_expected_no_live,582754,Q2164118,P582754,Cuneiform Tablet BM 062663,"CDLI artifact: tablet; held by British Museum, London, UK; CDLI P582754",BM 062663,tablet,,,,,,,,,,,"British Museum, London, UK"
no_expected_no_live,582810,Q2166001,P582810,Cuneiform Tablet BM 062725,"CDLI artifact: tablet; held by British Museum, London, UK; CDLI P582810",BM 062725,tablet,,,,,,,,,,,"British Museum, London, UK"
no_expected_no_live,582847,Q1932789,P582847,Cuneiform Tablet BM 062772,"CDLI artifact: tablet; held by British Museum, London, UK; CDLI P582847",BM 062772,tablet,,,,,,,,,,,"British Museum, London, UK"
no_expected_no_live,582902,Q2167900,P582902,Cuneiform Tablet BM 062830,"CDLI artifact: tablet; held by British Museum, London, UK; CDLI P582902",BM 062830,tablet,,,,,,,,,,,"British Museum, London, UK"
no_expected_no_live,582914,Q2154327,P582914,Cuneiform Tablet BM 062844,"CDLI artifact: tablet; held by British Museum, London, UK; CDLI P582914",BM 062844,tablet,,,,,,,,,,,"British Museum, London, UK"
no_expected_no_live,582943,Q2170180,P582943,Cuneiform Tablet BM 062875,"CDLI artifact: tablet; held by British Museum, London, UK; CDLI P582943",BM 062875,tablet,,,,,,,,,,,"British Museum, London, UK"
no_expected_no_live,583057,Q2162801,P583057,Cuneiform Tablet BM 016708,"CDLI artifact: tablet; from Babylon (mod. Bābil); held by British Museum, London, UK; CDLI P583057",BM 016708,tablet,,,,,,,,,,Babylon (mod. Bābil),"British Museum, London, UK"
no_expected_no_live,583094,Q2167599,P583094,"Cuneiform Tablet MacGinnis, Mes 31, no. 12","CDLI artifact: tablet; from Sippar-Yahrurum (mod. Tell Abu Habbah); held by British Museum, London, UK; CDLI P583094","MacGinnis, Mes 31, no. 12",tablet,,,,,,,,,,Sippar-Yahrurum (mod. Tell Abu Habbah),"British Museum, London, UK"
no_expected_no_live,583145,Q2164404,P583145,Cuneiform Tablet BM 074189,"CDLI artifact: tablet; held by British Museum, London, UK; CDLI P583145",BM 074189,tablet,,,,,,,,,,,"British Museum, London, UK"
no_expected_no_live,583186,Q2047548,P583186,Cuneiform Tablet BM 063026,"CDLI artifact: tablet; held by British Museum, London, UK; CDLI P583186",BM 063026,tablet,,,,,,,,,,,"British Museum, London, UK"
no_expected_no_live,583190,Q2168947,P583190,Cuneiform Tablet BM 063031,"CDLI artifact: tablet; held by British Museum, London, UK; CDLI P583190",BM 063031,tablet,,,,,,,,,,,"British Museum, London, UK"
no_expected_no_live,583201,Q2170046,P583201,Cuneiform Tablet BM 063042,"CDLI artifact: tablet; held by British Museum, London, UK; CDLI P583201",BM 063042,tablet,,,,,,,,,,,"British Museum, London, UK"
no_expected_no_live,583217,Q2165787,P583217,Cuneiform Tablet BM 063062,"CDLI artifact: tablet; held by British Museum, London, UK; CDLI P583217",BM 063062,tablet,,,,,,,,,,,"British Museum, London, UK"
no_expected_no_live,583256,Q2157423,P583256,Cuneiform Tablet BM 063103,"CDLI artifact: tablet; held by British Museum, London, UK; CDLI P583256",BM 063103,tablet,,,,,,,,,,,"British Museum, London, UK"
no_expected_no_live,583283,Q2162958,P583283,Cuneiform Tablet BM 063132,"CDLI artifact: tablet; held by British Museum, London, UK; CDLI P583283",BM 063132,tablet,,,,,,,,,,,"British Museum, London, UK"
no_expected_no_live,583352,Q2166147,P583352,Cuneiform Tablet BM 063207,"CDLI artifact: tablet; held by British Museum, London, UK; CDLI P583352",BM 063207,tablet,,,,,,,,,,,"British Museum, London, UK"
no_expected_no_live,583407,Q2162664,P583407,Cuneiform Tablet BM 063270,"CDLI artifact: tablet; held by British Museum, London, UK; CDLI P583407",BM 063270,tablet,,,,,,,,,,,"British Museum, London, UK"
no_expected_no_live,583493,Q2063755,P583493,Cuneiform Tablet BM 063363,"CDLI artifact: tablet; held by British Museum, London, UK; CDLI P583493",BM 063363,tablet,,,,,,,,,,,"British Museum, London, UK"
no_expected_no_live,583539,Q2048110,P583539,Cuneiform Tablet BM 063415,"CDLI artifact: tablet; held by British Museum, London, UK; CDLI P583539",BM 063415,tablet,,,,,,,,,,,"British Museum, London, UK"
no_expected_no_live,583581,Q2166523,P583581,Cuneiform Tablet BM 063460,"CDLI artifact: tablet; held by British Museum, London, UK; CDLI P583581",BM 063460,tablet,,,,,,,,,,,"British Museum, London, UK"
no_expected_no_live,583606,Q2153886,P583606,Cuneiform Tablet BM 063485,"CDLI artifact: tablet; held by British Museum, London, UK; CDLI P583606",BM 063485,tablet,,,,,,,,,,,"British Museum, London, UK"
no_expected_no_live,583610,Q2167903,P583610,Cuneiform Tablet BM 063489,"CDLI artifact: tablet; held by British Museum, London, UK; CDLI P583610",BM 063489,tablet,,,,,,,,,,,"British Museum, London, UK"
no_expected_no_live,583651,Q2170182,P583651,Cuneiform Tablet BM 063533,"CDLI artifact: tablet; held by British Museum, London, UK; CDLI P583651",BM 063533,tablet,,,,,,,,,,,"British Museum, London, UK"
no_expected_no_live,583702,Q2166005,P583702,Cuneiform Tablet BM 063592,"CDLI artifact: tablet; held by British Museum, London, UK; CDLI P583702",BM 063592,tablet,,,,,,,,,,,"British Museum, London, UK"
no_expected_no_live,583743,Q2161133,P583743,Cuneiform Tablet BM 063637,"CDLI artifact: tablet; held by British Museum, London, UK; CDLI P583743",BM 063637,tablet,,,,,,,,,,,"British Museum, London, UK"
no_expected_no_live,583755,Q2011295,P583755,Cuneiform Tablet BM 063651,"CDLI artifact: tablet; held by British Museum, London, UK; CDLI P583755",BM 063651,tablet,,,,,,,,,,,"British Museum, London, UK"
no_expected_no_live,583796,Q2164047,P583796,Cuneiform Tablet BM 063702,"CDLI artifact: tablet; held by British Museum, London, UK; CDLI P583796",BM 063702,tablet,,,,,,,,,,,"British Museum, London, UK"
no_expected_no_live,583811,Q2162325,P583811,Cuneiform Tablet BM 063719,"CDLI artifact: tablet; held by British Museum, London, UK; CDLI P583811",BM 063719,tablet,,,,,,,,,,,"British Museum, London, UK"
no_expected_no_live,583846,Q2164125,P583846,Cuneiform Tablet BM 063758,"CDLI artifact: tablet; held by British Museum, London, UK; CDLI P583846",BM 063758,tablet,,,,,,,,,,,"British Museum, London, UK"
no_expected_no_live,584194,Q2170167,P584194,Cuneiform Tablet BM 064233,"CDLI artifact: tablet; held by British Museum, London, UK; CDLI P584194",BM 064233,tablet,,,,,,,,,,,"British Museum, London, UK"
no_expected_no_live,584205,Q2168778,P584205,Cuneiform Tablet BM 064249,"CDLI artifact: tablet; held by British Museum, London, UK; CDLI P584205",BM 064249,tablet,,,,,,,,,,,"British Museum, London, UK"
no_expected_no_live,584213,Q2047944,P584213,Cuneiform Tablet BM 064263,"CDLI artifact: tablet; held by British Museum, London, UK; CDLI P584213",BM 064263,tablet,,,,,,,,,,,"British Museum, London, UK"
no_expected_no_live,584301,Q2167462,P584301,Cuneiform Tablet BM 064410,"CDLI artifact: tablet; held by British Museum, London, UK; CDLI P584301",BM 064410,tablet,,,,,,,,,,,"British Museum, London, UK"
no_expected_no_live,584340,Q2169724,P584340,Cuneiform Tablet BM 064454,"CDLI artifact: tablet; held by British Museum, London, UK; CDLI P584340",BM 064454,tablet,,,,,,,,,,,"British Museum, London, UK"
no_expected_no_live,584356,Q2063778,P584356,Cuneiform Tablet BM 064471,"CDLI artifact: tablet; held by British Museum, London, UK; CDLI P584356",BM 064471,tablet,,,,,,,,,,,"British Museum, London, UK"
no_expected_no_live,584439,Q2156882,P584439,Cuneiform Tablet BM 064587,"CDLI artifact: tablet; held by British Museum, London, UK; CDLI P584439",BM 064587,tablet,,,,,,,,,,,"British Museum, London, UK"
no_expected_no_live,584478,Q2165668,P584478,Cuneiform Tablet BM 064634,"CDLI artifact: tablet; held by British Museum, London, UK; CDLI P584478",BM 064634,tablet,,,,,,,,,,,"British Museum, London, UK"
no_expected_no_live,584546,Q2162949,P584546,Cuneiform Tablet BM 064716,"CDLI artifact: tablet; held by British Museum, London, UK; CDLI P584546",BM 064716,tablet,,,,,,,,,,,"British Museum, London, UK"
no_expected_no_live,584585,Q2167752,P584585,Cuneiform Tablet BM 064761,"CDLI artifact: tablet; held by British Museum, London, UK; CDLI P584585",BM 064761,tablet,,,,,,,,,,,"British Museum, London, UK"
no_expected_no_live,584614,Q2166672,P584614,Cuneiform Tablet BM 064797,"CDLI artifact: tablet; held by British Museum, London, UK; CDLI P584614",BM 064797,tablet,,,,,,,,,,,"British Museum, London, UK"
no_expected_no_live,584638,Q2162689,P584638,Cuneiform Tablet BM 064832,"CDLI artifact: tablet; held by British Museum, London, UK; CDLI P584638",BM 064832,tablet,,,,,,,,,,,"British Museum, London, UK"
no_expected_no_live,584655,Q2168932,P584655,Cuneiform Tablet BM 064853,"CDLI artifact: tablet; held by British Museum, London, UK; CDLI P584655",BM 064853,tablet,,,,,,,,,,,"British Museum, London, UK"
no_expected_no_live,584680,Q2164415,P584680,Cuneiform Tablet BM 064885,"CDLI artifact: tablet; held by British Museum, London, UK; CDLI P584680",BM 064885,tablet,,,,,,,,,,,"British Museum, London, UK"
no_expected_no_live,584710,Q2169893,P584710,Cuneiform Tablet BM 064932,"CDLI artifact: tablet; held by British Museum, London, UK; CDLI P584710",BM 064932,tablet,,,,,,,,,,,"British Museum, London, UK"
no_expected_no_live,584792,Q2162794,P584792,Cuneiform Tablet BM 065033,"CDLI artifact: tablet; held by British Museum, London, UK; CDLI P584792",BM 065033,tablet,,,,,,,,,,,"British Museum, London, UK"
no_expected_no_live,584839,Q2168293,P584839,Cuneiform Tablet BM 065088,"CDLI artifact: tablet; held by British Museum, London, UK; CDLI P584839",BM 065088,tablet,,,,,,,,,,,"British Museum, London, UK"
no_expected_no_live,584881,Q2165313,P584881,Cuneiform Tablet BM 065161,"CDLI artifact: tablet; held by British Museum, London, UK; CDLI P584881",BM 065161,tablet,,,,,,,,,,,"British Museum, London, UK"
no_expected_no_live,584897,Q2170471,P584897,Cuneiform Tablet BM 065181,"CDLI artifact: tablet; held by British Museum, London, UK; CDLI P584897",BM 065181,tablet,,,,,,,,,,,"British Museum, London, UK"
no_expected_no_live,584993,Q2168397,P584993,Cuneiform Tablet BM 065299,"CDLI artifact: tablet; held by British Museum, London, UK; CDLI P584993",BM 065299,tablet,,,,,,,,,,,"British Museum, London, UK"
no_expected_no_live,585005,Q2166938,P585005,Cuneiform Tablet BM 065312,"CDLI artifact: tablet; held by British Museum, London, UK; CDLI P585005",BM 065312,tablet,,,,,,,,,,,"British Museum, London, UK"
no_expected_no_live,585044,Q2169229,P585044,Cuneiform Tablet BM 065357,"CDLI artifact: tablet; held by British Museum, London, UK; CDLI P585044",BM 065357,tablet,,,,,,,,,,,"British Museum, London, UK"
no_expected_no_live,585052,Q2027187,P585052,Cuneiform Tablet BM 065365,"CDLI artifact: tablet; held by British Museum, London, UK; CDLI P585052",BM 065365,tablet,,,,,,,,,,,"British Museum, London, UK"
no_expected_no_live,585091,Q2164112,P585091,Cuneiform Tablet BM 065412,"CDLI artifact: tablet; held by British Museum, London, UK; CDLI P585091",BM 065412,tablet,,,,,,,,,,,"British Museum, London, UK"
no_expected_no_live,585101,Q2169567,P585101,Cuneiform Tablet BM 065422,"CDLI artifact: tablet; held by British Museum, London, UK; CDLI P585101",BM 065422,tablet,,,,,,,,,,,"British Museum, London, UK"
no_expected_no_live,585117,Q2142717,P585117,Cuneiform Tablet BM 065441,"CDLI artifact: tablet; held by British Museum, London, UK; CDLI P585117",BM 065441,tablet,,,,,,,,,,,"British Museum, London, UK"
no_expected_no_live,585140,Q2167308,P585140,Cuneiform Tablet BM 065468,"CDLI artifact: tablet; held by British Museum, London, UK; CDLI P585140",BM 065468,tablet,,,,,,,,,,,"British Museum, London, UK"
no_expected_no_live,585183,Q2162517,P585183,Cuneiform Tablet BM 065523,"CDLI artifact: tablet; held by British Museum, London, UK; CDLI P585183",BM 065523,tablet,,,,,,,,,,,"British Museum, London, UK"
no_expected_no_live,585228,Q2150605,P585228,Cuneiform Tablet BM 065583,"CDLI artifact: tablet; held by British Museum, London, UK; CDLI P585228",BM 065583,tablet,,,,,,,,,,,"British Museum, London, UK"
no_expected_no_live,585269,Q2165366,P585269,Cuneiform Tablet BM 065633,"CDLI artifact: tablet; held by British Museum, London, UK; CDLI P585269",BM 065633,tablet,,,,,,,,,,,"British Museum, London, UK"
no_expected_no_live,585286,Q2166439,P585286,Cuneiform Tablet BM 065657,"CDLI artifact: tablet; held by British Museum, London, UK; CDLI P585286",BM 065657,tablet,,,,,,,,,,,"British Museum, London, UK"
no_expected_no_live,585357,Q2163241,P585357,Cuneiform Tablet BM 065758,"CDLI artifact: tablet; held by British Museum, London, UK; CDLI P585357",BM 065758,tablet,,,,,,,,,,,"British Museum, London, UK"
no_expected_no_live,585382,Q2151486,P585382,Cuneiform Tablet BM 065785,"CDLI artifact: tablet; held by British Museum, London, UK; CDLI P585382",BM 065785,tablet,,,,,,,,,,,"British Museum, London, UK"
no_expected_no_live,585394,Q2168042,P585394,Cuneiform Tablet BM 065797,"CDLI artifact: tablet; held by British Museum, London, UK; CDLI P585394",BM 065797,tablet,,,,,,,,,,,"British Museum, London, UK"
no_expected_no_live,585414,Q2169071,P585414,"Cuneiform Tablet BM 065817 + 1882-09-18, 05808","CDLI artifact: tablet; held by British Museum, London, UK; CDLI P585414","BM 065817 + 1882-09-18, 05808",tablet,,,,,,,,,,,"British Museum, London, UK"
no_expected_no_live,585455,Q2166818,P585455,Cuneiform Tablet BM 065864,"CDLI artifact: tablet; held by British Museum, London, UK; CDLI P585455",BM 065864,tablet,,,,,,,,,,,"British Museum, London, UK"
no_expected_no_live,585496,Q2162185,P585496,Cuneiform Tablet BM 065908,"CDLI artifact: tablet; held by British Museum, London, UK; CDLI P585496",BM 065908,tablet,,,,,,,,,,,"British Museum, London, UK"
no_expected_no_live,585551,Q2169419,P585551,Cuneiform Tablet BM 065970,"CDLI artifact: tablet; held by British Museum, London, UK; CDLI P585551",BM 065970,tablet,,,,,,,,,,,"British Museum, London, UK"
no_expected_no_live,585584,Q2165276,P585584,Cuneiform Tablet BM 066001,"CDLI artifact: tablet; held by British Museum, London, UK; CDLI P585584",BM 066001,tablet,,,,,,,,,,,"British Museum, London, UK"
no_expected_no_live,585639,Q2165531,P585639,Cuneiform Tablet BM 066059,"CDLI artifact: tablet; held by British Museum, London, UK; CDLI P585639",BM 066059,tablet,,,,,,,,,,,"British Museum, London, UK"
no_expected_no_live,585642,Q2163764,P585642,Cuneiform Tablet BM 066065,"CDLI artifact: tablet; held by British Museum, London, UK; CDLI P585642",BM 066065,tablet,,,,,,,,,,,"British Museum, London, UK"
no_expected_no_live,585678,Q2153080,P585678,Cuneiform Tablet BM 066107,"CDLI artifact: tablet; held by British Museum, London, UK; CDLI P585678",BM 066107,tablet,,,,,,,,,,,"British Museum, London, UK"
no_expected_no_live,585681,Q2168430,P585681,Cuneiform Tablet BM 066110,"CDLI artifact: tablet; held by British Museum, London, UK; CDLI P585681",BM 066110,tablet,,,,,,,,,,,"British Museum, London, UK"
no_expected_no_live,585785,Q2170468,P585785,Cuneiform Tablet BM 066227,"CDLI artifact: tablet; held by British Museum, London, UK; CDLI P585785",BM 066227,tablet,,,,,,,,,,,"British Museum, London, UK"
no_expected_no_live,585793,Q2165340,P585793,Cuneiform Tablet BM 066238,"CDLI artifact: tablet; from Sippar-Yahrurum (mod. Tell Abu Habbah); held by British Museum, London, UK; CDLI P585793",BM 066238,tablet,,,,,,,,,,Sippar-Yahrurum (mod. Tell Abu Habbah),"British Museum, London, UK"
no_expected_no_live,585802,Q2169855,P585802,Cuneiform Tablet BM 066249,"CDLI artifact: tablet; held by British Museum, London, UK; CDLI P585802",BM 066249,tablet,,,,,,,,,,,"British Museum, London, UK"
no_expected_no_live,585814,Q2048044,P585814,Cuneiform Tablet BM 066263,"CDLI artifact: tablet; held by British Museum, London, UK; CDLI P585814",BM 066263,tablet,,,,,,,,,,,"British Museum, London, UK"
no_expected_no_live,585880,Q2162817,P585880,Cuneiform Tablet BM 066333,"CDLI artifact: tablet; held by British Museum, London, UK; CDLI P585880",BM 066333,tablet,,,,,,,,,,,"British Museum, London, UK"
no_expected_no_live,585906,Q2166678,P585906,Cuneiform Tablet BM 066364,"CDLI artifact: tablet; held by British Museum, London, UK; CDLI P585906",BM 066364,tablet,,,,,,,,,,,"British Museum, London, UK"
no_expected_no_live,585992,Q2164425,P585992,Cuneiform Tablet BM 066458,"CDLI artifact: tablet; held by British Museum, London, UK; CDLI P585992",BM 066458,tablet,,,,,,,,,,,"British Museum, London, UK"
no_expected_no_live,586003,Q2169994,P586003,Cuneiform Tablet BM 066473,"CDLI artifact: tablet; held by British Museum, London, UK; CDLI P586003",BM 066473,tablet,,,,,,,,,,,"British Museum, London, UK"
no_expected_no_live,586042,Q2167645,P586042,Cuneiform Tablet BM 066513,"CDLI artifact: tablet; held by British Museum, London, UK; CDLI P586042",BM 066513,tablet,,,,,,,,,,,"British Museum, London, UK"
no_expected_no_live,586081,Q2163010,P586081,Cuneiform Tablet BM 066555,"CDLI artifact: tablet; held by British Museum, London, UK; CDLI P586081",BM 066555,tablet,,,,,,,,,,,"British Museum, London, UK"
no_expected_no_live,586107,Q1362648,P586107,Cuneiform Tablet BM 066595,"CDLI artifact: tablet; held by British Museum, London, UK; CDLI P586107",BM 066595,tablet,,,,,,,,,,,"British Museum, London, UK"
no_expected_no_live,586111,Q2163409,P586111,Cuneiform Tablet BM 066601,"CDLI artifact: tablet; held by British Museum, London, UK; CDLI P586111",BM 066601,tablet,,,,,,,,,,,"British Museum, London, UK"
no_expected_no_live,586150,Q2166036,P586150,Cuneiform Tablet BM 066673,"CDLI artifact: tablet; held by British Museum, London, UK; CDLI P586150",BM 066673,tablet,,,,,,,,,,,"British Museum, London, UK"
no_expected_no_live,586202,Q2164683,P586202,Cuneiform Tablet BM 066730,"CDLI artifact: tablet; held by British Museum, London, UK; CDLI P586202",BM 066730,tablet,,,,,,,,,,,"British Museum, London, UK"
no_expected_no_live,586238,Q2168790,P586238,Cuneiform Tablet BM 066771,"CDLI artifact: tablet; held by British Museum, London, UK; CDLI P586238",BM 066771,tablet,,,,,,,,,,,"British Museum, London, UK"
no_expected_no_live,586279,Q2166527,P586279,Cuneiform Tablet BM 066819,"CDLI artifact: tablet; held by British Museum, London, UK; CDLI P586279",BM 066819,tablet,,,,,,,,,,,"British Museum, London, UK"
no_expected_no_live,586296,Q2167501,P586296,Cuneiform Tablet BM 066839,"CDLI artifact: tablet; held by British Museum, London, UK; CDLI P586296",BM 066839,tablet,,,,,,,,,,,"British Museum, London, UK"
no_expected_no_live,586384,Q2047328,P586384,Cuneiform Tablet BM 066958,"CDLI artifact: tablet; held by British Museum, London, UK; CDLI P586384",BM 066958,tablet,,,,,,,,,,,"British Museum, London, UK"
no_expected_no_live,586392,Q2169040,P586392,Cuneiform Tablet BM 066969,"CDLI artifact: tablet; held by British Museum, London, UK; CDLI P586392",BM 066969,tablet,,,,,,,,,,,"British Museum, London, UK"
no_expected_no_live,586445,Q2165680,P586445,Cuneiform Tablet BM 067035,"CDLI artifact: tablet; held by British Museum, London, UK; CDLI P586445",BM 067035,tablet,,,,,,,,,,,"British Museum, London, UK"
no_expected_no_live,586453,Q2170155,P586453,Cuneiform Tablet BM 067043,"CDLI artifact: tablet; held by British Museum, London, UK; CDLI P586453",BM 067043,tablet,,,,,,,,,,,"British Museum, London, UK"
no_expected_no_live,586500,Q2165890,P586500,Cuneiform Tablet BM 067102,"CDLI artifact: tablet; held by British Museum, London, UK; CDLI P586500",BM 067102,tablet,,,,,,,,,,,"British Museum, London, UK"
no_expected_no_live,586541,Q2160725,P586541,Cuneiform Tablet BM 067150,"CDLI artifact: tablet; held by British Museum, London, UK; CDLI P586541",BM 067150,tablet,,,,,,,,,,,"British Museum, London, UK"
no_expected_no_live,586557,Q2012401,P586557,Cuneiform Tablet BM 067168,"CDLI artifact: tablet; held by British Museum, London, UK; CDLI P586557",BM 067168,tablet,,,,,,,,,,,"British Museum, London, UK"
no_expected_no_live,586629,Q2166662,P586629,Cuneiform Tablet BM 067255,"CDLI artifact: tablet; held by British Museum, London, UK; CDLI P586629",BM 067255,tablet,,,,,,,,,,,"British Museum, London, UK"
no_expected_no_live,586652,Q2164849,P586652,Cuneiform Tablet BM 067284,"CDLI artifact: tablet; held by British Museum, London, UK; CDLI P586652",BM 067284,tablet,,,,,,,,,,,"British Museum, London, UK"
no_expected_no_live,586668,Q2168953,P586668,Cuneiform Tablet BM 067308,"CDLI artifact: tablet; held by British Museum, London, UK; CDLI P586668",BM 067308,tablet,,,,,,,,,,,"British Museum, London, UK"
no_expected_no_live,586691,Q2063796,P586691,Cuneiform Tablet BM 067345,"CDLI artifact: tablet; held by British Museum, London, UK; CDLI P586691",BM 067345,tablet,,,,,,,,,,,"British Museum, London, UK"
no_expected_no_live,586717,Q2164590,P586717,Cuneiform Tablet BM 067380,"CDLI artifact: tablet; held by British Museum, London, UK; CDLI P586717",BM 067380,tablet,,,,,,,,,,,"British Museum, London, UK"
no_expected_no_live,586783,Q2166544,P586783,Cuneiform Tablet BM 067483,"CDLI artifact: tablet; held by British Museum, London, UK; CDLI P586783",BM 067483,tablet,,,,,,,,,,,"British Museum, London, UK"
no_expected_no_live,586804,Q2168315,P586804,Cuneiform Tablet BM 067505,"CDLI artifact: tablet; held by British Museum, London, UK; CDLI P586804",BM 067505,tablet,,,,,,,,,,,"British Museum, London, UK"
no_expected_no_live,586812,Q2168695,P586812,Cuneiform Tablet BM 067513,"CDLI artifact: tablet; held by British Museum, London, UK; CDLI P586812",BM 067513,tablet,,,,,,,,,,,"British Museum, London, UK"
no_expected_no_live,586853,Q2166325,P586853,Cuneiform Tablet BM 067562,"CDLI artifact: tablet; held by British Museum, London, UK; CDLI P586853",BM 067562,tablet,,,,,,,,,,,"British Museum, London, UK"
no_expected_no_live,586900,Q2170296,P586900,Cuneiform Tablet BM 067612,"CDLI artifact: tablet; held by British Museum, London, UK; CDLI P586900",BM 067612,tablet,,,,,,,,,,,"British Museum, London, UK"
no_expected_no_live,586916,Q2165509,P586916,Cuneiform Tablet BM 067628,"CDLI artifact: tablet; held by British Museum, London, UK; CDLI P586916",BM 067628,tablet,,,,,,,,,,,"British Museum, London, UK"
no_expected_no_live,586941,Q2167932,P586941,Cuneiform Tablet BM 067655,"CDLI artifact: tablet; held by British Museum, London, UK; CDLI P586941",BM 067655,tablet,,,,,,,,,,,"British Museum, London, UK"
no_expected_no_live,586957,Q2153475,P586957,Cuneiform Tablet BM 067672,"CDLI artifact: tablet; held by British Museum, London, UK; CDLI P586957",BM 067672,tablet,,,,,,,,,,,"British Museum, London, UK"
no_expected_no_live,586982,Q2163277,P586982,Cuneiform Tablet BM 067701,"CDLI artifact: tablet; held by British Museum, London, UK; CDLI P586982",BM 067701,tablet,,,,,,,,,,,"British Museum, London, UK"
no_expected_no_live,587014,Q2162419,P587014,Cuneiform Tablet BM 067735,"CDLI artifact: tablet; from Sippar-Yahrurum (mod. Tell Abu Habbah); held by British Museum, London, UK; CDLI P587014",BM 067735,tablet,,,,,,,,,,Sippar-Yahrurum (mod. Tell Abu Habbah),"British Museum, London, UK"
no_expected_no_live,587043,Q2165138,P587043,Cuneiform Tablet BM 067766,"CDLI artifact: tablet; held by British Museum, London, UK; CDLI P587043",BM 067766,tablet,,,,,,,,,,,"British Museum, London, UK"
no_expected_no_live,587079,Q2169222,P587079,Cuneiform Tablet BM 067804,"CDLI artifact: tablet; held by British Museum, London, UK; CDLI P587079",BM 067804,tablet,,,,,,,,,,,"British Museum, London, UK"
no_expected_no_live,587080,Q2147121,P587080,Cuneiform Tablet BM 067805,"CDLI artifact: tablet; held by British Museum, London, UK; CDLI P587080",BM 067805,tablet,,,,,,,,,,,"British Museum, London, UK"
no_expected_no_live,587096,Q2169404,P587096,Cuneiform Tablet BM 067822,"CDLI artifact: tablet; held by British Museum, London, UK; CDLI P587096",BM 067822,tablet,,,,,,,,,,,"British Museum, London, UK"
no_expected_no_live,587106,Q2164293,P587106,Cuneiform Tablet BM 067835,"CDLI artifact: tablet; held by British Museum, London, UK; CDLI P587106",BM 067835,tablet,,,,,,,,,,,"British Museum, London, UK"
no_expected_no_live,587192,Q2166844,P587192,Cuneiform Tablet BM 067938,"CDLI artifact: tablet; held by British Museum, London, UK; CDLI P587192",BM 067938,tablet,,,,,,,,,,,"British Museum, London, UK"
no_expected_no_live,587203,Q2168068,P587203,Cuneiform Tablet BM 067949,"CDLI artifact: tablet; held by British Museum, London, UK; CDLI P587203",BM 067949,tablet,,,,,,,,,,,"British Museum, London, UK"
no_expected_no_live,587215,Q2150702,P587215,Cuneiform Tablet BM 067962,"CDLI artifact: tablet; held by British Museum, London, UK; CDLI P587215",BM 067962,tablet,,,,,,,,,,,"British Museum, London, UK"
no_expected_no_live,587311,Q2166189,P587311,Cuneiform Tablet BM 068096,"CDLI artifact: tablet; held by British Museum, London, UK; CDLI P587311",BM 068096,tablet,,,,,,,,,,,"British Museum, London, UK"
no_expected_no_live,587346,Q2168441,P587346,Cuneiform Tablet BM 068139,"CDLI artifact: tablet; held by British Museum, London, UK; CDLI P587346",BM 068139,tablet,,,,,,,,,,,"British Museum, London, UK"
no_expected_no_live,587429,Q2169072,P587429,Cuneiform Tablet BM 068241,"CDLI artifact: tablet; held by British Museum, London, UK; CDLI P587429",BM 068241,tablet,,,,,,,,,,,"British Museum, London, UK"
no_expected_no_live,587444,Q2162567,P587444,Cuneiform Tablet BM 068258,"CDLI artifact: tablet; held by British Museum, London, UK; CDLI P587444",BM 068258,tablet,,,,,,,,,,,"British Museum, London, UK"
no_expected_no_live,587468,Q2166830,P587468,Cuneiform Tablet BM 068285,"CDLI artifact: tablet; held by British Museum, London, UK; CDLI P587468",BM 068285,tablet,,,,,,,,,,,"British Museum, London, UK"
no_expected_no_live,587487,Q2167206,P587487,Cuneiform Tablet BM 068308,"CDLI artifact: tablet; held by British Museum, London, UK; CDLI P587487",BM 068308,tablet,,,,,,,,,,,"British Museum, London, UK"
no_expected_no_live,587501,Q2162205,P587501,Cuneiform Tablet BM 068328,"CDLI artifact: tablet; held by British Museum, London, UK; CDLI P587501",BM 068328,tablet,,,,,,,,,,,"British Museum, London, UK"
no_expected_no_live,587595,Q2019099,P587595,Cuneiform Tablet BM 068454 + BM 069328,"CDLI artifact: tablet; held by British Museum, London, UK; CDLI P587595",BM 068454 + BM 069328,tablet,,,,,,,,,,,"British Museum, London, UK"
no_expected_no_live,587604,Q2165517,P587604,Cuneiform Tablet BM 068470,"CDLI artifact: tablet; held by British Museum, London, UK; CDLI P587604",BM 068470,tablet,,,,,,,,,,,"British Museum, London, UK"
no_expected_no_live,587612,Q2170263,P587612,Cuneiform Tablet BM 068481,"CDLI artifact: tablet; held by British Museum, London, UK; CDLI P587612",BM 068481,tablet,,,,,,,,,,,"British Museum, London, UK"
no_expected_no_live,587653,Q2167955,P587653,Cuneiform Tablet BM 068526,"CDLI artifact: tablet; held by British Museum, London, UK; CDLI P587653",BM 068526,tablet,,,,,,,,,,,"British Museum, London, UK"
no_expected_no_live,587700,Q2168265,P587700,Cuneiform Tablet BM 068581,"CDLI artifact: tablet; held by British Museum, London, UK; CDLI P587700",BM 068581,tablet,,,,,,,,,,,"British Museum, London, UK"
no_expected_no_live,587741,Q2166366,P587741,Cuneiform Tablet BM 068636,"CDLI artifact: tablet; held by British Museum, London, UK; CDLI P587741",BM 068636,tablet,,,,,,,,,,,"British Museum, London, UK"
no_expected_no_live,587757,Q2170630,P587757,Cuneiform Tablet BM 068653,"CDLI artifact: tablet; held by British Museum, London, UK; CDLI P587757",BM 068653,tablet,,,,,,,,,,,"British Museum, London, UK"
no_expected_no_live,587805,Q2164610,P587805,Cuneiform Tablet BM 068711,"CDLI artifact: tablet; held by British Museum, London, UK; CDLI P587805",BM 068711,tablet,,,,,,,,,,,"British Museum, London, UK"
no_expected_no_live,587829,Q2048081,P587829,Cuneiform Tablet BM 068739,"CDLI artifact: tablet; held by British Museum, London, UK; CDLI P587829",BM 068739,tablet,,,,,,,,,,,"British Museum, London, UK"
no_expected_no_live,587983,Q2063866,P587983,Cuneiform Tablet BM 068915,"CDLI artifact: tablet; held by British Museum, London, UK; CDLI P587983",BM 068915,tablet,,,,,,,,,,,"British Museum, London, UK"
no_expected_no_live,587995,Q2169696,P587995,Cuneiform Tablet BM 068930,"CDLI artifact: tablet; held by British Museum, London, UK; CDLI P587995",BM 068930,tablet,,,,,,,,,,,"British Museum, London, UK"
no_expected_no_live,588230,Q2047075,P588230,Cuneiform Tablet BM 069007,"CDLI artifact: tablet; held by British Museum, London, UK; CDLI P588230",BM 069007,tablet,,,,,,,,,,,"British Museum, London, UK"
no_expected_no_live,588267,Q2166895,P588267,Cuneiform Tablet BM 069047,"CDLI artifact: tablet; held by British Museum, London, UK; CDLI P588267",BM 069047,tablet,,,,,,,,,,,"British Museum, London, UK"
no_expected_no_live,588288,Q2167277,P588288,Cuneiform Tablet BM 069069,"CDLI artifact: tablet; held by British Museum, London, UK; CDLI P588288",BM 069069,tablet,,,,,,,,,,,"British Museum, London, UK"
no_expected_no_live,588322,Q2167103,P588322,Cuneiform Tablet BM 069105,"CDLI artifact: tablet; held by British Museum, London, UK; CDLI P588322",BM 069105,tablet,,,,,,,,,,,"British Museum, London, UK"
no_expected_no_live,588359,Q2164090,P588359,Cuneiform Tablet BM 069145,"CDLI artifact: tablet; held by British Museum, London, UK; CDLI P588359",BM 069145,tablet,,,,,,,,,,,"British Museum, London, UK"
no_expected_no_live,588363,Q2169344,P588363,Cuneiform Tablet BM 069149,"CDLI artifact: tablet; held by British Museum, London, UK; CDLI P588363",BM 069149,tablet,,,,,,,,,,,"British Museum, London, UK"
no_expected_no_live,588375,Q2148000,P588375,Cuneiform Tablet BM 069161,"CDLI artifact: tablet; held by British Museum, London, UK; CDLI P588375",BM 069161,tablet,,,,,,,,,,,"British Museum, London, UK"
no_expected_no_live,588420,Q2163538,P588420,Cuneiform Tablet BM 069219,"CDLI artifact: tablet; held by British Museum, London, UK; CDLI P588420",BM 069219,tablet,,,,,,,,,,,"British Museum, London, UK"
no_expected_no_live,588565,Q2163310,P588565,Cuneiform Tablet BM 069384,"CDLI artifact: tablet; held by British Museum, London, UK; CDLI P588565",BM 069384,tablet,,,,,,,,,,,"British Museum, London, UK"
no_expected_no_live,588637,Q2167016,P588637,Cuneiform Tablet BM 069461,"CDLI artifact: tablet; held by British Museum, London, UK; CDLI P588637",BM 069461,tablet,,,,,,,,,,,"British Museum, London, UK"
no_expected_no_live,588660,Q2020841,P588660,Cuneiform Tablet BM 069487,"CDLI artifact: tablet; held by British Museum, London, UK; CDLI P588660",BM 069487,tablet,,,,,,,,,,,"British Museum, London, UK"
no_expected_no_live,588676,Q2169297,P588676,Cuneiform Tablet BM 069506,"CDLI artifact: tablet; held by British Museum, London, UK; CDLI P588676",BM 069506,tablet,,,,,,,,,,,"British Museum, London, UK"
no_expected_no_live,588699,Q2169483,P588699,Cuneiform Tablet BM 069529,"CDLI artifact: tablet; held by British Museum, London, UK; CDLI P588699",BM 069529,tablet,,,,,,,,,,,"British Museum, London, UK"
no_expected_no_live,588709,Q2164221,P588709,Cuneiform Tablet BM 069540,"CDLI artifact: tablet; held by British Museum, London, UK; CDLI P588709",BM 069540,tablet,,,,,,,,,,,"British Museum, London, UK"
no_expected_no_live,588725,Q2144109,P588725,Cuneiform Tablet BM 069556,"CDLI artifact: tablet; held by British Museum, London, UK; CDLI P588725",BM 069556,tablet,,,,,,,,,,,"British Museum, London, UK"
no_expected_no_live,588733,Q2169515,P588733,Cuneiform Tablet BM 069565,"CDLI artifact: tablet; held by British Museum, London, UK; CDLI P588733",BM 069565,tablet,,,,,,,,,,,"British Museum, London, UK"
no_expected_no_live,588772,Q2167218,P588772,Cuneiform Tablet BM 069606,"CDLI artifact: tablet; held by British Museum, London, UK; CDLI P588772",BM 069606,tablet,,,,,,,,,,,"British Museum, London, UK"
no_expected_no_live,588836,Q2163153,P588836,Cuneiform Tablet BM 069685,"CDLI artifact: tablet; held by British Museum, London, UK; CDLI P588836",BM 069685,tablet,,,,,,,,,,,"British Museum, London, UK"
no_expected_no_live,588973,Q2163958,P588973,Cuneiform Tablet BM 069845,"CDLI artifact: tablet; held by British Museum, London, UK; CDLI P588973",BM 069845,tablet,,,,,,,,,,,"British Museum, London, UK"
no_expected_no_live,589026,Q2166725,P589026,Cuneiform Tablet BM 069915,"CDLI artifact: tablet; from Sippar-Yahrurum (mod. Tell Abu Habbah); held by British Museum, London, UK; CDLI P589026",BM 069915,tablet,,,,,,,,,,Sippar-Yahrurum (mod. Tell Abu Habbah),"British Museum, London, UK"
no_expected_no_live,589067,Q2169031,P589067,Cuneiform Tablet BM 069962,"CDLI artifact: tablet; held by British Museum, London, UK; CDLI P589067",BM 069962,tablet,,,,,,,,,,,"British Museum, London, UK"
no_expected_no_live,589088,Q2169772,P589088,Cuneiform Tablet BM 069992,"CDLI artifact: tablet; held by British Museum, London, UK; CDLI P589088",BM 069992,tablet,,,,,,,,,,,"British Museum, London, UK"
no_expected_no_live,589118,Q2164514,P589118,Cuneiform Tablet BM 070037,"CDLI artifact: tablet; held by British Museum, London, UK; CDLI P589118",BM 070037,tablet,,,,,,,,,,,"British Museum, London, UK"
no_expected_no_live,589122,Q2169820,P589122,Cuneiform Tablet BM 070042,"CDLI artifact: tablet; held by British Museum, London, UK; CDLI P589122",BM 070042,tablet,,,,,,,,,,,"British Museum, London, UK"
no_expected_no_live,589134,Q2057738,P589134,Cuneiform Tablet BM 070056,"CDLI artifact: tablet; held by British Museum, London, UK; CDLI P589134",BM 070056,tablet,,,,,,,,,,,"British Museum, London, UK"
no_expected_no_live,589163,Q2167514,P589163,Cuneiform Tablet BM 070092,"CDLI artifact: tablet; held by British Museum, London, UK; CDLI P589163",BM 070092,tablet,,,,,,,,,,,"British Museum, London, UK"
no_expected_no_live,589231,Q2163813,P589231,Cuneiform Tablet BM 070174,"CDLI artifact: tablet; held by British Museum, London, UK; CDLI P589231",BM 070174,tablet,,,,,,,,,,,"British Museum, London, UK"
no_expected_no_live,589358,Q1368278,P589358,Cuneiform Tablet BM 070314,"CDLI artifact: tablet; held by British Museum, London, UK; CDLI P589358",BM 070314,tablet,,,,,,,,,,,"British Museum, London, UK"
no_expected_no_live,589374,Q2163033,P589374,Cuneiform Tablet BM 070332,"CDLI artifact: tablet; held by British Museum, London, UK; CDLI P589374",BM 070332,tablet,,,,,,,,,,,"British Museum, London, UK"
no_expected_no_live,589437,Q2168850,P589437,Cuneiform Tablet BM 070399,"CDLI artifact: tablet; held by British Museum, London, UK; CDLI P589437",BM 070399,tablet,,,,,,,,,,,"British Museum, London, UK"
no_expected_no_live,589476,Q2166611,P589476,Cuneiform Tablet BM 070443,"CDLI artifact: tablet; held by British Museum, London, UK; CDLI P589476",BM 070443,tablet,,,,,,,,,,,"British Museum, London, UK"
no_expected_no_live,589533,Q2167392,P589533,Cuneiform Tablet BM 070506,"CDLI artifact: tablet; held by British Museum, London, UK; CDLI P589533",BM 070506,tablet,,,,,,,,,,,"British Museum, London, UK"
no_expected_no_live,589548,Q2164379,P589548,Cuneiform Tablet BM 070524,"CDLI artifact: tablet; held by British Museum, London, UK; CDLI P589548",BM 070524,tablet,,,,,,,,,,,"British Museum, London, UK"
no_expected_no_live,589564,Q2063912,P589564,Cuneiform Tablet BM 070541,"CDLI artifact: tablet; held by British Museum, London, UK; CDLI P589564",BM 070541,tablet,,,,,,,,,,,"British Museum, London, UK"
no_expected_no_live,589572,Q2169640,P589572,Cuneiform Tablet BM 070551,"CDLI artifact: tablet; held by British Museum, London, UK; CDLI P589572",BM 070551,tablet,,,,,,,,,,,"British Museum, London, UK"
no_expected_no_live,589661,Q2163977,P589661,Cuneiform Tablet BM 070657,"CDLI artifact: tablet; held by British Museum, London, UK; CDLI P589661",BM 070657,tablet,,,,,,,,,,,"British Museum, London, UK"
no_expected_no_live,589708,Q2168539,P589708,Cuneiform Tablet BM 070708,"CDLI artifact: tablet; held by British Museum, London, UK; CDLI P589708",BM 070708,tablet,,,,,,,,,,,"British Museum, London, UK"
no_expected_no_live,589724,Q2163180,P589724,Cuneiform Tablet BM 070726,"CDLI artifact: tablet; held by British Museum, London, UK; CDLI P589724",BM 070726,tablet,,,,,,,,,,,"British Museum, London, UK"
no_expected_no_live,589821,Q2169490,P589821,Cuneiform Tablet BM 070839,"CDLI artifact: tablet; held by British Museum, London, UK; CDLI P589821",BM 070839,tablet,,,,,,,,,,,"British Museum, London, UK"
no_expected_no_live,589860,Q2167249,P589860,Cuneiform Tablet BM 070886,"CDLI artifact: tablet; held by British Museum, London, UK; CDLI P589860",BM 070886,tablet,,,,,,,,,,,"British Museum, London, UK"
no_expected_no_live,589909,Q2162342,P589909,Cuneiform Tablet BM 070940,"CDLI artifact: tablet; held by British Museum, London, UK; CDLI P589909",BM 070940,tablet,,,,,,,,,,,"British Museum, London, UK"
no_expected_no_live,589925,Q2167022,P589925,Cuneiform Tablet BM 070957,"CDLI artifact: tablet; held by British Museum, London, UK; CDLI P589925",BM 070957,tablet,,,,,,,,,,,"British Museum, London, UK"
no_expected_no_live,589964,Q2169285,P589964,Cuneiform Tablet BM 071000,"CDLI artifact: tablet; held by British Museum, London, UK; CDLI P589964",BM 071000,tablet,,,,,,,,,,,"British Museum, London, UK"
no_expected_no_live,589972,Q2022834,P589972,Cuneiform Tablet BM 071008,"CDLI artifact: tablet; held by British Museum, London, UK; CDLI P589972",BM 071008,tablet,,,,,,,,,,,"British Museum, London, UK"
no_expected_no_live,590010,Q2163849,P590010,Cuneiform Tablet BM 071053,"CDLI artifact: tablet; held by British Museum, London, UK; CDLI P590010",BM 071053,tablet,,,,,,,,,,,"British Museum, London, UK"
no_expected_no_live,590084,Q2166102,P590084,Cuneiform Tablet BM 071138,"CDLI artifact: tablet; held by British Museum, London, UK; CDLI P590084",BM 071138,tablet,,,,,,,,,,,"British Museum, London, UK"
no_expected_no_live,590155,Q2162926,P590155,Cuneiform Tablet BM 071214,"CDLI artifact: tablet; held by British Museum, London, UK; CDLI P590155",BM 071214,tablet,,,,,,,,,,,"British Museum, London, UK"
no_expected_no_live,590179,Q2016356,P590179,Cuneiform Tablet BM 071240,"CDLI artifact: tablet; held by British Museum, London, UK; CDLI P590179",BM 071240,tablet,,,,,,,,,,,"British Museum, London, UK"
no_expected_no_live,590207,Q2166621,P590207,Cuneiform Tablet BM 071270,"CDLI artifact: tablet; held by British Museum, London, UK; CDLI P590207",BM 071270,tablet,,,,,,,,,,,"British Museum, London, UK"
no_expected_no_live,590246,Q2168990,P590246,Cuneiform Tablet BM 071312,"CDLI artifact: tablet; held by British Museum, London, UK; CDLI P590246",BM 071312,tablet,,,,,,,,,,,"British Museum, London, UK"
no_expected_no_live,590250,Q2047494,P590250,Cuneiform Tablet BM 071316,"CDLI artifact: tablet; held by British Museum, London, UK; CDLI P590250",BM 071316,tablet,,,,,,,,,,,"British Museum, London, UK"
no_expected_no_live,590293,Q2164359,P590293,Cuneiform Tablet BM 071360,"CDLI artifact: tablet; held by British Museum, London, UK; CDLI P590293",BM 071360,tablet,,,,,,,,,,,"British Museum, London, UK"
no_expected_no_live,590303,Q2169923,P590303,Cuneiform Tablet BM 071370,"CDLI artifact: tablet; held by British Museum, London, UK; CDLI P590303",BM 071370,tablet,,,,,,,,,,,"British Museum, London, UK"
no_expected_no_live,590315,Q2047949,P590315,Cuneiform Tablet BM 071384,"CDLI artifact: tablet; held by British Museum, London, UK; CDLI P590315",BM 071384,tablet,,,,,,,,,,,"British Museum, London, UK"
no_expected_no_live,590339,Q2164616,P590339,Cuneiform Tablet BM 071408,"CDLI artifact: tablet; held by British Museum, London, UK; CDLI P590339",BM 071408,tablet,,,,,,,,,,,"British Museum, London, UK"
no_expected_no_live,590342,Q2167552,P590342,Cuneiform Tablet BM 071411,"CDLI artifact: tablet; held by British Museum, London, UK; CDLI P590342",BM 071411,tablet,,,,,,,,,,,"British Museum, London, UK"
no_expected_no_live,590381,Q2162753,P590381,Cuneiform Tablet BM 071452,"CDLI artifact: tablet; held by British Museum, London, UK; CDLI P590381",BM 071452,tablet,,,,,,,,,,,"British Museum, London, UK"
no_expected_no_live,590440,Q2164011,P590440,Cuneiform Tablet BM 071515,"CDLI artifact: tablet; held by British Museum, London, UK; CDLI P590440",BM 071515,tablet,,,,,,,,,,,"British Museum, London, UK"
no_expected_no_live,590483,Q1932787,P590483,Cuneiform Tablet BM 071568,"CDLI artifact: tablet; held by British Museum, London, UK; CDLI P590483",BM 071568,tablet,,,,,,,,,,,"British Museum, London, UK"
no_expected_no_live,590495,Q2162195,P590495,Cuneiform Tablet BM 071584,"CDLI artifact: tablet; held by British Museum, London, UK; CDLI P590495",BM 071584,tablet,,,,,,,,,,,"British Museum, London, UK"
no_expected_no_live,590505,Q2163076,P590505,Cuneiform Tablet BM 071594,"CDLI artifact: tablet; held by British Museum, London, UK; CDLI P590505",BM 071594,tablet,,,,,,,,,,,"British Museum, London, UK"
no_expected_no_live,590529,Q1367040,P590529,Cuneiform Tablet BM 071623,"CDLI artifact: tablet; held by British Museum, London, UK; CDLI P590529",BM 071623,tablet,,,,,,,,,,,"British Museum, London, UK"
no_expected_no_live,590591,Q2165636,P590591,Cuneiform Tablet BM 071699,"CDLI artifact: tablet; held by British Museum, London, UK; CDLI P590591",BM 071699,tablet,,,,,,,,,,,"British Museum, London, UK"
no_expected_no_live,590616,Q2168814,P590616,Cuneiform Tablet BM 071726,"CDLI artifact: tablet; held by British Museum, London, UK; CDLI P590616",BM 071726,tablet,,,,,,,,,,,"British Museum, London, UK"
no_expected_no_live,590657,Q2166498,P590657,Cuneiform Tablet BM 071771,"CDLI artifact: tablet; held by British Museum, London, UK; CDLI P590657",BM 071771,tablet,,,,,,,,,,,"British Museum, London, UK"
no_expected_no_live,590712,Q2167429,P590712,Cuneiform Tablet BM 071831,"CDLI artifact: tablet; held by British Museum, London, UK; CDLI P590712",BM 071831,tablet,,,,,,,,,,,"British Museum, London, UK"
no_expected_no_live,590745,Q2063678,P590745,Cuneiform Tablet BM 071865,"CDLI artifact: tablet; held by British Museum, London, UK; CDLI P590745",BM 071865,tablet,,,,,,,,,,,"British Museum, London, UK"
no_expected_no_live,590753,Q2169758,P590753,Cuneiform Tablet BM 071874,"CDLI artifact: tablet; held by British Museum, London, UK; CDLI P590753",BM 071874,tablet,,,,,,,,,,,"British Museum, London, UK"
no_expected_no_live,590769,Q2164487,P590769,Cuneiform Tablet BM 071892,"CDLI artifact: tablet; held by British Museum, London, UK; CDLI P590769",BM 071892,tablet,,,,,,,,,,,"British Museum, London, UK"
no_expected_no_live,590856,Q2163229,P590856,Cuneiform Tablet BM 072040,"CDLI artifact: tablet; held by British Museum, London, UK; CDLI P590856",BM 072040,tablet,,,,,,,,,,,"British Museum, London, UK"
no_expected_no_live,590883,Q2151826,P590883,Cuneiform Tablet BM 072099,"CDLI artifact: tablet; held by British Museum, London, UK; CDLI P590883",BM 072099,tablet,,,,,,,,,,,"British Museum, London, UK"
no_expected_no_live,590895,Q2168026,P590895,Cuneiform Tablet BM 072124,"CDLI artifact: tablet; held by British Museum, London, UK; CDLI P590895",BM 072124,tablet,,,,,,,,,,,"British Museum, London, UK"
no_expected_no_live,590913,Q2163587,P590913,Cuneiform Tablet BM 072153,"CDLI artifact: tablet; held by British Museum, London, UK; CDLI P590913",BM 072153,tablet,,,,,,,,,,,"British Museum, London, UK"
no_expected_no_live,590929,Q2149569,P590929,Cuneiform Tablet BM 072189,"CDLI artifact: tablet; held by British Museum, London, UK; CDLI P590929",BM 072189,tablet,,,,,,,,,,,"British Museum, London, UK"
no_expected_no_live,590968,Q2165411,P590968,Cuneiform Tablet BM 072267,"CDLI artifact: tablet; held by British Museum, London, UK; CDLI P590968",BM 072267,tablet,,,,,,,,,,,"British Museum, London, UK"
no_expected_no_live,590987,Q2166430,P590987,Cuneiform Tablet BM 072295,"CDLI artifact: tablet; held by British Museum, London, UK; CDLI P590987",BM 072295,tablet,,,,,,,,,,,"British Museum, London, UK"
no_expected_no_live,590991,Q2170545,P590991,Cuneiform Tablet BM 072300,"CDLI artifact: tablet; held by British Museum, London, UK; CDLI P590991",BM 072300,tablet,,,,,,,,,,,"British Museum, London, UK"
no_expected_no_live,591007,Q2169101,P591007,Cuneiform Tablet BM 072317,"CDLI artifact: tablet; held by British Museum, London, UK; CDLI P591007",BM 072317,tablet,,,,,,,,,,,"British Museum, London, UK"
no_expected_no_live,591011,Q2047149,P591011,Cuneiform Tablet BM 072322,"CDLI artifact: tablet; held by British Museum, London, UK; CDLI P591011",BM 072322,tablet,,,,,,,,,,,"British Museum, London, UK"
no_expected_no_live,591046,Q2166786,P591046,Cuneiform Tablet BM 072358,"CDLI artifact: tablet; held by British Museum, London, UK; CDLI P591046",BM 072358,tablet,,,,,,,,,,,"British Museum, London, UK"
no_expected_no_live,591085,Q2162136,P591085,Cuneiform Tablet BM 072400,"CDLI artifact: tablet; held by British Museum, London, UK; CDLI P591085",BM 072400,tablet,,,,,,,,,,,"British Museum, London, UK"
no_expected_no_live,591103,Q2167135,P591103,Cuneiform Tablet BM 072421,"CDLI artifact: tablet; held by British Museum, London, UK; CDLI P591103",BM 072421,tablet,,,,,,,,,,,"British Museum, London, UK"
no_expected_no_live,591142,Q2169452,P591142,Cuneiform Tablet BM 072464,"CDLI artifact: tablet; held by British Museum, London, UK; CDLI P591142",BM 072464,tablet,,,,,,,,,,,"British Museum, London, UK"
no_expected_no_live,591154,Q2144815,P591154,Cuneiform Tablet BM 072479,"CDLI artifact: tablet; held by British Museum, London, UK; CDLI P591154",BM 072479,tablet,,,,,,,,,,,"British Museum, London, UK"
no_expected_no_live,591178,Q2164193,P591178,Cuneiform Tablet BM 072505,"CDLI artifact: tablet; held by British Museum, London, UK; CDLI P591178",BM 072505,tablet,,,,,,,,,,,"British Museum, London, UK"
no_expected_no_live,591197,Q2165226,P591197,Cuneiform Tablet BM 072531,"CDLI artifact: tablet; held by British Museum, London, UK; CDLI P591197",BM 072531,tablet,,,,,,,,,,,"British Museum, London, UK"
no_expected_no_live,591251,Q2163729,P591251,Cuneiform Tablet BM 072593,"CDLI artifact: tablet; held by British Museum, London, UK; CDLI P591251",BM 072593,tablet,,,,,,,,,,,"British Museum, London, UK"
no_expected_no_live,591284,Q2166970,P591284,Cuneiform Tablet BM 072628,"CDLI artifact: tablet; held by British Museum, London, UK; CDLI P591284",BM 072628,tablet,,,,,,,,,,,"British Museum, London, UK"
no_expected_no_live,591292,Q2168382,P591292,Cuneiform Tablet BM 072637,"CDLI artifact: tablet; held by British Museum, London, UK; CDLI P591292",BM 072637,tablet,,,,,,,,,,,"British Museum, London, UK"
no_expected_no_live,591314,Q2163363,P591314,Cuneiform Tablet BM 072668,"CDLI artifact: tablet; held by British Museum, London, UK; CDLI P591314",BM 072668,tablet,,,,,,,,,,,"British Museum, London, UK"
no_expected_no_live,591338,Q2168339,P591338,Cuneiform Tablet BM 072714,"CDLI artifact: tablet; held by British Museum, London, UK; CDLI P591338",BM 072714,tablet,,,,,,,,,,,"British Museum, London, UK"
no_expected_no_live,591380,Q2165299,P591380,Cuneiform Tablet BM 072775,"CDLI artifact: tablet; held by British Museum, London, UK; CDLI P591380",BM 072775,tablet,,,,,,,,,,,"British Museum, London, UK"
no_expected_no_live,591416,Q2166920,P591416,Cuneiform Tablet BM 072818,"CDLI artifact: tablet; held by British Museum, London, UK; CDLI P591416",BM 072818,tablet,,,,,,,,,,,"British Museum, London, UK"
no_expected_no_live,591457,Q2169248,P591457,Cuneiform Tablet BM 072864,"CDLI artifact: tablet; held by British Museum, London, UK; CDLI P591457",BM 072864,tablet,,,,,,,,,,,"British Museum, London, UK"
no_expected_no_live,591504,Q2142474,P591504,Cuneiform Tablet BM 072917,"CDLI artifact: tablet; held by British Museum, London, UK; CDLI P591504",BM 072917,tablet,,,,,,,,,,,"British Museum, London, UK"
no_expected_no_live,591528,Q2164334,P591528,Cuneiform Tablet BM 072942,"CDLI artifact: tablet; held by British Museum, London, UK; CDLI P591528",BM 072942,tablet,,,,,,,,,,,"British Museum, London, UK"
no_expected_no_live,591553,Q2167258,P591553,Cuneiform Tablet BM 072968,"CDLI artifact: tablet; held by British Museum, London, UK; CDLI P591553",BM 072968,tablet,,,,,,,,,,,"British Museum, London, UK"
no_expected_no_live,591601,Q2163580,P591601,Cuneiform Tablet BM 073024,"CDLI artifact: tablet; held by British Museum, London, UK; CDLI P591601",BM 073024,tablet,,,,,,,,,,,"British Museum, London, UK"
no_expected_no_live,591683,Q2170572,P591683,Cuneiform Tablet BM 073141,"CDLI artifact: tablet; held by British Museum, London, UK; CDLI P591683",BM 073141,tablet,,,,,,,,,,,"British Museum, London, UK"
no_expected_no_live,591695,Q2166424,P591695,Cuneiform Tablet BM 073153,"CDLI artifact: tablet; held by British Museum, London, UK; CDLI P591695",BM 073153,tablet,,,,,,,,,,,"British Museum, London, UK"
no_expected_no_live,591744,Q2163189,P591744,Cuneiform Tablet BM 073211,"CDLI artifact: tablet; held by British Museum, London, UK; CDLI P591744",BM 073211,tablet,,,,,,,,,,,"British Museum, London, UK"
no_expected_no_live,591768,Q2168469,P591768,Cuneiform Tablet BM 073238,"CDLI artifact: tablet; held by British Museum, London, UK; CDLI P591768",BM 073238,tablet,,,,,,,,,,,"British Museum, London, UK"
no_expected_no_live,591791,Q2152127,P591791,Cuneiform Tablet BM 073264,"CDLI artifact: tablet; held by British Museum, London, UK; CDLI P591791",BM 073264,tablet,,,,,,,,,,,"British Museum, London, UK"
no_expected_no_live,591800,Q2167405,P591800,Cuneiform Tablet BM 073273,"CDLI artifact: tablet; held by British Museum, London, UK; CDLI P591800",BM 073273,tablet,,,,,,,,,,,"British Museum, London, UK"
no_expected_no_live,591857,Q2063643,P591857,Cuneiform Tablet BM 073348,"CDLI artifact: tablet; held by British Museum, London, UK; CDLI P591857",BM 073348,tablet,,,,,,,,,,,"British Museum, London, UK"
no_expected_no_live,591894,Q2164916,P591894,Cuneiform Tablet BM 073399,"CDLI artifact: tablet; held by British Museum, London, UK; CDLI P591894",BM 073399,tablet,,,,,,,,,,,"British Museum, London, UK"
no_expected_no_live,591904,Q2168824,P591904,Cuneiform Tablet BM 073413,"CDLI artifact: tablet; held by British Museum, London, UK; CDLI P591904",BM 073413,tablet,,,,,,,,,,,"British Museum, London, UK"
no_expected_no_live,591945,Q2166480,P591945,Cuneiform Tablet BM 073473,"CDLI artifact: tablet; held by British Museum, London, UK; CDLI P591945",BM 073473,tablet,,,,,,,,,,,"British Museum, London, UK"
no_expected_no_live,591969,Q2162879,P591969,Cuneiform Tablet BM 073504,"CDLI artifact: tablet; held by British Museum, London, UK; CDLI P591969",BM 073504,tablet,,,,,,,,,,,"British Museum, London, UK"
no_expected_no_live,592001,Q2167827,P592001,Cuneiform Tablet BM 073543,"CDLI artifact: tablet; held by British Museum, London, UK; CDLI P592001",BM 073543,tablet,,,,,,,,,,,"British Museum, London, UK"
no_expected_no_live,592017,Q2156224,P592017,Cuneiform Tablet BM 073566,"CDLI artifact: tablet; held by British Museum, London, UK; CDLI P592017",BM 073566,tablet,,,,,,,,,,,"British Museum, London, UK"
no_expected_no_live,592056,Q2165712,P592056,Cuneiform Tablet BM 073609,"CDLI artifact: tablet; held by British Museum, London, UK; CDLI P592056",BM 073609,tablet,,,,,,,,,,,"British Museum, London, UK"
no_expected_no_live,592144,Q2015906,P592144,Cuneiform Tablet BM 073713,"CDLI artifact: tablet; held by British Museum, London, UK; CDLI P592144",BM 073713,tablet,,,,,,,,,,,"British Museum, London, UK"
no_expected_no_live,592152,Q2160125,P592152,Cuneiform Tablet BM 073724,"CDLI artifact: tablet; held by British Museum, London, UK; CDLI P592152",BM 073724,tablet,,,,,,,,,,,"British Museum, London, UK"
no_expected_no_live,592168,Q2162916,P592168,Cuneiform Tablet BM 073742,"CDLI artifact: tablet; held by British Museum, London, UK; CDLI P592168",BM 073742,tablet,,,,,,,,,,,"British Museum, London, UK"
no_expected_no_live,592216,Q2162727,P592216,Cuneiform Tablet BM 073797,"CDLI artifact: tablet; held by British Museum, London, UK; CDLI P592216",BM 073797,tablet,,,,,,,,,,,"British Museum, London, UK"
no_expected_no_live,592241,Q2164889,P592241,Cuneiform Tablet BM 073831,"CDLI artifact: tablet; held by British Museum, London, UK; CDLI P592241",BM 073831,tablet,,,,,,,,,,,"British Museum, London, UK"
no_expected_no_live,592282,Q2063894,P592282,Cuneiform Tablet BM 073875,"CDLI artifact: tablet; held by British Museum, London, UK; CDLI P592282",BM 073875,tablet,,,,,,,,,,,"British Museum, London, UK"
no_expected_no_live,592294,Q2169673,P592294,Cuneiform Tablet BM 073891,"CDLI artifact: tablet; held by British Museum, London, UK; CDLI P592294",BM 073891,tablet,,,,,,,,,,,"British Museum, London, UK"
no_expected_no_live,592304,Q2164626,P592304,Cuneiform Tablet BM 073903,"CDLI artifact: tablet; held by British Museum, London, UK; CDLI P592304",BM 073903,tablet,,,,,,,,,,,"British Museum, London, UK"
no_expected_no_live,592390,Q2166593,P592390,Cuneiform Tablet BM 074009,"CDLI artifact: tablet; held by British Museum, London, UK; CDLI P592390",BM 074009,tablet,,,,,,,,,,,"British Museum, London, UK"
no_expected_no_live,592406,Q2165873,P592406,Cuneiform Tablet BM 074027,"CDLI artifact: tablet; held by British Museum, London, UK; CDLI P592406",BM 074027,tablet,,,,,,,,,,,"British Museum, London, UK"
no_expected_no_live,592410,Q2169939,P592410,Cuneiform Tablet BM 074034,"CDLI artifact: tablet; held by British Museum, London, UK; CDLI P592410",BM 074034,tablet,,,,,,,,,,,"British Museum, London, UK"
no_expected_no_live,592447,Q2158595,P592447,Cuneiform Tablet BM 074078,"CDLI artifact: tablet; held by British Museum, London, UK; CDLI P592447",BM 074078,tablet,,,,,,,,,,,"British Museum, London, UK"
no_expected_no_live,592492,Q2163038,P592492,Cuneiform Tablet BM 074130,"CDLI artifact: tablet; held by British Museum, London, UK; CDLI P592492",BM 074130,tablet,,,,,,,,,,,"British Museum, London, UK"
no_expected_no_live,592502,Q2162443,P592502,Cuneiform Tablet BM 074142,"CDLI artifact: tablet; held by British Museum, London, UK; CDLI P592502",BM 074142,tablet,,,,,,,,,,,"British Museum, London, UK"
no_expected_no_live,592514,Q1366760,P592514,Cuneiform Tablet BM 074154,"CDLI artifact: tablet; held by British Museum, London, UK; CDLI P592514",BM 074154,tablet,,,,,,,,,,,"British Museum, London, UK"
no_expected_no_live,592538,Q2163077,P592538,Cuneiform Tablet BM 074196,"CDLI artifact: tablet; held by British Museum, London, UK; CDLI P592538",BM 074196,tablet,,,,,,,,,,,"British Museum, London, UK"
no_expected_no_live,592543,Q2166086,P592543,Cuneiform Tablet BM 074206,"CDLI artifact: tablet; held by British Museum, London, UK; CDLI P592543",BM 074206,tablet,,,,,,,,,,,"British Museum, London, UK"
no_expected_no_live,592611,Q2164707,P592611,Cuneiform Tablet BM 074320,"CDLI artifact: tablet; held by British Museum, London, UK; CDLI P592611",BM 074320,tablet,,,,,,,,,,,"British Museum, London, UK"
no_expected_no_live,592797,Q2047427,P592797,Cuneiform Tablet BM 074784,"CDLI artifact: tablet; held by British Museum, London, UK; CDLI P592797",BM 074784,tablet,,,,,,,,,,,"British Museum, London, UK"
no_expected_no_live,592810,Q2166245,P592810,Cuneiform Tablet BM 074883,"CDLI artifact: tablet; held by British Museum, London, UK; CDLI P592810",BM 074883,tablet,,,,,,,,,,,"British Museum, London, UK"
no_expected_no_live,592847,Q2168503,P592847,Cuneiform Tablet BM 075099,"CDLI artifact: tablet; held by British Museum, London, UK; CDLI P592847",BM 075099,tablet,,,,,,,,,,,"British Museum, London, UK"
no_expected_no_live,592851,Q2165073,P592851,Cuneiform Tablet BM 075117,"CDLI artifact: tablet; held by British Museum, London, UK; CDLI P592851",BM 075117,tablet,,,,,,,,,,,"British Museum, London, UK"
no_expected_no_live,592902,Q2168143,P592902,Cuneiform Tablet BM 075377,"CDLI artifact: tablet; held by British Museum, London, UK; CDLI P592902",BM 075377,tablet,,,,,,,,,,,"British Museum, London, UK"
no_expected_no_live,592914,Q2149705,P592914,Cuneiform Tablet BM 075427,"CDLI artifact: tablet; held by British Museum, London, UK; CDLI P592914",BM 075427,tablet,,,,,,,,,,,"British Museum, London, UK"
no_expected_no_live,592955,Q2165405,P592955,Cuneiform Tablet BM 075828,"CDLI artifact: tablet; held by British Museum, London, UK; CDLI P592955",BM 075828,tablet,,,,,,,,,,,"British Museum, London, UK"
no_expected_no_live,593000,Q2165049,P593000,Cuneiform Tablet BM 075972,"CDLI artifact: tablet; held by British Museum, London, UK; CDLI P593000",BM 075972,tablet,,,,,,,,,,,"British Museum, London, UK"
no_expected_no_live,593057,Q2162588,P593057,Cuneiform Tablet BM 076053,"CDLI artifact: tablet; held by British Museum, London, UK; CDLI P593057",BM 076053,tablet,,,,,,,,,,,"British Museum, London, UK"
no_expected_no_live,593094,Q2167240,P593094,Cuneiform Tablet BM 076098,"CDLI artifact: tablet; held by British Museum, London, UK; CDLI P593094",BM 076098,tablet,,,,,,,,,,,"British Museum, London, UK"
no_expected_no_live,593112,Q2162251,P593112,Cuneiform Tablet BM 076120,"CDLI artifact: tablet; held by British Museum, London, UK; CDLI P593112",BM 076120,tablet,,,,,,,,,,,"British Museum, London, UK"
no_expected_no_live,593145,Q2164183,P593145,Cuneiform Tablet BM 076163,"CDLI artifact: tablet; held by British Museum, London, UK; CDLI P593145",BM 076163,tablet,,,,,,,,,,,"British Museum, London, UK"
no_expected_no_live,593186,Q2022560,P593186,Cuneiform Tablet BM 076217,"CDLI artifact: tablet; held by British Museum, London, UK; CDLI P593186",BM 076217,tablet,,,,,,,,,,,"British Museum, London, UK"
no_expected_no_live,593201,Q2170242,P593201,Cuneiform Tablet BM 076235,"CDLI artifact: tablet; held by British Museum, London, UK; CDLI P593201",BM 076235,tablet,,,,,,,,,,,"British Museum, London, UK"
no_expected_no_live,593217,Q2165601,P593217,Cuneiform Tablet BM 076256,"CDLI artifact: tablet; held by British Museum, London, UK; CDLI P593217",BM 076256,tablet,,,,,,,,,,,"British Museum, London, UK"
no_expected_no_live,593256,Q2152214,P593256,Cuneiform Tablet BM 076308,"CDLI artifact: tablet; held by British Museum, London, UK; CDLI P593256",BM 076308,tablet,,,,,,,,,,,"British Museum, London, UK"
no_expected_no_live,593283,Q2163338,P593283,Cuneiform Tablet BM 076340,"CDLI artifact: tablet; held by British Museum, London, UK; CDLI P593283",BM 076340,tablet,,,,,,,,,,,"British Museum, London, UK"
no_expected_no_live,593305,Q2168355,P593305,Cuneiform Tablet BM 076366,"CDLI artifact: tablet; held by British Museum, London, UK; CDLI P593305",BM 076366,tablet,,,,,,,,,,,"British Museum, London, UK"
no_expected_no_live,593329,Q2163369,P593329,Cuneiform Tablet BM 076394,"CDLI artifact: tablet; held by British Museum, London, UK; CDLI P593329",BM 076394,tablet,,,,,,,,,,,"British Museum, London, UK"
no_expected_no_live,593344,Q2170581,P593344,Cuneiform Tablet BM 076410,"CDLI artifact: tablet; held by British Museum, London, UK; CDLI P593344",BM 076410,tablet,,,,,,,,,,,"British Museum, London, UK"
no_expected_no_live,593352,Q2166391,P593352,Cuneiform Tablet BM 076418,"CDLI artifact: tablet; held by British Museum, London, UK; CDLI P593352",BM 076418,tablet,,,,,,,,,,,"British Museum, London, UK"
no_expected_no_live,593485,Q2169352,P593485,Cuneiform Tablet BM 076603 + BM 076788,"CDLI artifact: tablet; held by British Museum, London, UK; CDLI P593485",BM 076603 + BM 076788,tablet,,,,,,,,,,,"British Museum, London, UK"
no_expected_no_live,593493,Q2147444,P593493,Cuneiform Tablet BM 076615,"CDLI artifact: tablet; held by British Museum, London, UK; CDLI P593493",BM 076615,tablet,,,,,,,,,,,"British Museum, London, UK"
no_expected_no_live,593515,Q2164328,P593515,Cuneiform Tablet BM 076654,"CDLI artifact: tablet; held by British Museum, London, UK; CDLI P593515",BM 076654,tablet,,,,,,,,,,,"British Museum, London, UK"
no_expected_no_live,593539,Q2142329,P593539,Cuneiform Tablet BM 076686,"CDLI artifact: tablet; held by British Museum, London, UK; CDLI P593539",BM 076686,tablet,,,,,,,,,,,"British Museum, London, UK"
no_expected_no_live,593542,Q2162086,P593542,Cuneiform Tablet BM 076690,"CDLI artifact: tablet; held by British Museum, London, UK; CDLI P593542",BM 076690,tablet,,,,,,,,,,,"British Museum, London, UK"
no_expected_no_live,593606,Q2150005,P593606,Cuneiform Tablet BM 076775,"CDLI artifact: tablet; held by British Museum, London, UK; CDLI P593606",BM 076775,tablet,,,,,,,,,,,"British Museum, London, UK"
no_expected_no_live,593610,Q2168120,P593610,Cuneiform Tablet BM 076779,"CDLI artifact: tablet; held by British Museum, London, UK; CDLI P593610",BM 076779,tablet,,,,,,,,,,,"British Museum, London, UK"
no_expected_no_live,593647,Q2165393,P593647,Cuneiform Tablet BM 076826,"CDLI artifact: tablet; held by British Museum, London, UK; CDLI P593647",BM 076826,tablet,,,,,,,,,,,"British Museum, London, UK"
no_expected_no_live,593651,Q2170395,P593651,Cuneiform Tablet BM 076830,"CDLI artifact: tablet; held by British Museum, London, UK; CDLI P593651",BM 076830,tablet,,,,,,,,,,,"British Museum, London, UK"
no_expected_no_live,593702,Q2166220,P593702,Cuneiform Tablet BM 076901,"CDLI artifact: tablet; held by British Museum, London, UK; CDLI P593702",BM 076901,tablet,,,,,,,,,,,"British Museum, London, UK"
no_expected_no_live,593743,Q2165275,P593743,Cuneiform Tablet BM 076951,"CDLI artifact: tablet; held by British Museum, London, UK; CDLI P593743",BM 076951,tablet,,,,,,,,,,,"British Museum, London, UK"
no_expected_no_live,593755,Q2168488,P593755,Cuneiform Tablet BID pl. 15-16,"CDLI artifact: tablet; held by British Museum, London, UK; CDLI P593755",BID pl. 15-16,tablet,,,,,,,,,,,"British Museum, London, UK"
no_expected_no_live,593779,Q2163213,P593779,Cuneiform Tablet BM 077014,"CDLI artifact: tablet; held by British Museum, London, UK; CDLI P593779",BM 077014,tablet,,,,,,,,,,,"British Museum, London, UK"
no_expected_no_live,593796,Q2163669,P593796,Cuneiform Tablet BM 077050,"CDLI artifact: tablet; from Borsippa (mod. Birs Nimrud); held by British Museum, London, UK; CDLI P593796",BM 077050,tablet,,,,,,,,,,Borsippa (mod. Birs Nimrud),"British Museum, London, UK"
no_expected_no_live,593846,Q2164475,P593846,Cuneiform Tablet BM 077164,"CDLI artifact: tablet; held by British Museum, London, UK; CDLI P593846",BM 077164,tablet,,,,,,,,,,,"British Museum, London, UK"
no_expected_no_live,593893,Q2169024,P593893,Cuneiform Tablet BM 077423,"CDLI artifact: tablet; held by British Museum, London, UK; CDLI P593893",BM 077423,tablet,,,,,,,,,,,"British Museum, London, UK"
no_expected_no_live,593903,Q2164691,P593903,Cuneiform Tablet BM 077442,"CDLI artifact: tablet; held by British Museum, London, UK; CDLI P593903",BM 077442,tablet,,,,,,,,,,,"British Museum, London, UK"
no_expected_no_live,593939,Q2168840,P593939,Cuneiform Tablet BM 077499,"CDLI artifact: tablet; held by British Museum, London, UK; CDLI P593939",BM 077499,tablet,,,,,,,,,,,"British Museum, London, UK"
no_expected_no_live,593954,Q2162869,P593954,Cuneiform Tablet BM 077532,"CDLI artifact: tablet; held by British Museum, London, UK; CDLI P593954",BM 077532,tablet,,,,,,,,,,,"British Museum, London, UK"
no_expected_no_live,593978,Q2166479,P593978,Cuneiform Tablet BM 077582,"CDLI artifact: tablet; held by British Museum, London, UK; CDLI P593978",BM 077582,tablet,,,,,,,,,,,"British Museum, London, UK"
no_expected_no_live,594028,Q2165423,P594028,Cuneiform Tablet BM 077668 + BM 077766,"CDLI artifact: tablet; held by British Museum, London, UK; CDLI P594028",BM 077668 + BM 077766,tablet,,,,,,,,,,,"British Museum, London, UK"
no_expected_no_live,594069,Q2152132,P594069,Cuneiform Tablet BM 077762,"CDLI artifact: tablet; held by British Museum, London, UK; CDLI P594069",BM 077762,tablet,,,,,,,,,,,"British Museum, London, UK"
no_expected_no_live,594086,Q2165270,P594086,Cuneiform Tablet BM 077791,"CDLI artifact: tablet; held by British Museum, London, UK; CDLI P594086",BM 077791,tablet,,,,,,,,,,,"British Museum, London, UK"
no_expected_no_live,594090,Q2168481,P594090,Cuneiform Tablet BM 077796  + 1884-02-11 unnum.,"CDLI artifact: tablet; held by British Museum, London, UK; CDLI P594090",BM 077796  + 1884-02-11 unnum.,tablet,,,,,,,,,,,"British Museum, London, UK"
no_expected_no_live,594116,Q2163457,P594116,Cuneiform Tablet BM 077853,"CDLI artifact: tablet; held by British Museum, London, UK; CDLI P594116",BM 077853,tablet,,,,,,,,,,,"British Museum, London, UK"
no_expected_no_live,594182,Q2165391,P594182,Cuneiform Tablet BM 077967,"CDLI artifact: tablet; held by British Museum, London, UK; CDLI P594182",BM 077967,tablet,,,,,,,,,,,"British Museum, London, UK"
no_expected_no_live,594194,Q2170387,P594194,Cuneiform Tablet BM 077983,"CDLI artifact: tablet; held by British Museum, London, UK; CDLI P594194",BM 077983,tablet,,,,,,,,,,,"British Museum, London, UK"
no_expected_no_live,594205,Q2169146,P594205,Cuneiform Tablet BM 078000,"CDLI artifact: tablet; held by British Museum, London, UK; CDLI P594205",BM 078000,tablet,,,,,,,,,,,"British Museum, London, UK"
no_expected_no_live,594213,Q2047032,P594213,Cuneiform Tablet BM 078010,"CDLI artifact: tablet; held by British Museum, London, UK; CDLI P594213",BM 078010,tablet,,,,,,,,,,,"British Museum, London, UK"
no_expected_no_live,594244,Q2166885,P594244,Cuneiform Tablet BM 078047,"CDLI artifact: tablet; held by British Museum, London, UK; CDLI P594244",BM 078047,tablet,,,,,,,,,,,"British Museum, London, UK"
no_expected_no_live,594287,Q2162081,P594287,Cuneiform Tablet BM 078111,"CDLI artifact: tablet; held by British Museum, London, UK; CDLI P594287",BM 078111,tablet,,,,,,,,,,,"British Museum, London, UK"
no_expected_no_live,594301,Q2167079,P594301,Cuneiform Tablet BM 078150,"CDLI artifact: tablet; held by British Museum, London, UK; CDLI P594301",BM 078150,tablet,,,,,,,,,,,"British Museum, London, UK"
no_expected_no_live,594614,Q2167034,P594614,Cuneiform Tablet BM 078919,"CDLI artifact: tablet; held by British Museum, London, UK; CDLI P594614",BM 078919,tablet,,,,,,,,,,,"British Museum, London, UK"
no_expected_no_live,594680,Q2164206,P594680,Cuneiform Tablet BM 079039,"CDLI artifact: tablet; held by British Museum, London, UK; CDLI P594680",BM 079039,tablet,,,,,,,,,,,"British Museum, London, UK"
no_expected_no_live,594815,Q2163170,P594815,Cuneiform Tablet BM 079224,"CDLI artifact: tablet; held by British Museum, London, UK; CDLI P594815",BM 079224,tablet,,,,,,,,,,,"British Museum, London, UK"
no_expected_no_live,594950,Q2163985,P594950,Cuneiform Tablet BM 079403,"CDLI artifact: tablet; from Sippar-Yahrurum (mod. Tell Abu Habbah); held by British Museum, London, UK; CDLI P594950",BM 079403,tablet,,,,,,,,,,Sippar-Yahrurum (mod. Tell Abu Habbah),"British Museum, London, UK"
no_expected_no_live,595091,Q2164492,P595091,Cuneiform Tablet BM 079584,"CDLI artifact: tablet; held by British Museum, London, UK; CDLI P595091",BM 079584,tablet,,,,,,,,,,,"British Museum, London, UK"
no_expected_no_live,595101,Q2169791,P595101,Cuneiform Tablet BM 079598,"CDLI artifact: tablet; held by British Museum, London, UK; CDLI P595101",BM 079598,tablet,,,,,,,,,,,"British Museum, London, UK"
no_expected_no_live,595212,Q2163841,P595212,Cuneiform Tablet BM 079747,"CDLI artifact: tablet; held by British Museum, London, UK; CDLI P595212",BM 079747,tablet,,,,,,,,,,,"British Museum, London, UK"
no_expected_no_live,595228,Q2154340,P595228,Cuneiform Tablet BM 079772,"CDLI artifact: tablet; held by British Museum, London, UK; CDLI P595228",BM 079772,tablet,,,,,,,,,,,"British Museum, London, UK"
no_expected_no_live,596541,Q2167251,P596541,Cuneiform Tablet BM 082594,"CDLI artifact: tablet; held by British Museum, London, UK; CDLI P596541",BM 082594,tablet,,,,,,,,,,,"British Museum, London, UK"
no_expected_no_live,596594,Q2163722,P596594,Cuneiform Tablet BM 082898,"CDLI artifact: tablet; held by British Museum, London, UK; CDLI P596594",BM 082898,tablet,,,,,,,,,,,"British Museum, London, UK"
no_expected_no_live,596629,Q2167024,P596629,Cuneiform Tablet BM 082981,"CDLI artifact: tablet; held by British Museum, London, UK; CDLI P596629",BM 082981,tablet,,,,,,,,,,,"British Museum, London, UK"
no_expected_no_live,596652,Q2165246,P596652,Cuneiform Tablet BM 083033,"CDLI artifact: tablet; held by British Museum, London, UK; CDLI P596652",BM 083033,tablet,,,,,,,,,,,"British Museum, London, UK"
no_expected_no_live,596668,Q2169296,P596668,Cuneiform Tablet BM 083062,"CDLI artifact: tablet; held by British Museum, London, UK; CDLI P596668",BM 083062,tablet,,,,,,,,,,,"British Museum, London, UK"
no_expected_no_live,596687,Q2169449,P596687,Cuneiform Tablet BM 083081,"CDLI artifact: tablet; held by British Museum, London, UK; CDLI P596687",BM 083081,tablet,,,,,,,,,,,"British Museum, London, UK"
no_expected_no_live,596691,Q2144690,P596691,Cuneiform Tablet BM 083085,"CDLI artifact: tablet; held by British Museum, London, UK; CDLI P596691",BM 083085,tablet,,,,,,,,,,,"British Museum, London, UK"
no_expected_no_live,596717,Q2164228,P596717,Cuneiform Tablet BM 083113,"CDLI artifact: tablet; held by British Museum, London, UK; CDLI P596717",BM 083113,tablet,,,,,,,,,,,"British Museum, London, UK"
no_expected_no_live,596740,Q2162153,P596740,Cuneiform Tablet BM 083139,"CDLI artifact: tablet; held by British Museum, London, UK; CDLI P596740",BM 083139,tablet,,,,,,,,,,,"British Museum, London, UK"
no_expected_no_live,596804,Q2168543,P596804,Cuneiform Tablet BM 083209,"CDLI artifact: tablet; held by British Museum, London, UK; CDLI P596804",BM 083209,tablet,,,,,,,,,,,"British Museum, London, UK"
no_expected_no_live,596812,Q2164403,P596812,Cuneiform Tablet BM 083217,"CDLI artifact: tablet; held by British Museum, London, UK; CDLI P596812",BM 083217,tablet,,,,,,,,,,,"British Museum, London, UK"
no_expected_no_live,596828,Q2163187,P596828,Cuneiform Tablet BM 083235,"CDLI artifact: tablet; held by British Museum, London, UK; CDLI P596828",BM 083235,tablet,,,,,,,,,,,"British Museum, London, UK"
no_expected_no_live,596900,Q2170068,P596900,Cuneiform Tablet BM 083319,"CDLI artifact: tablet; held by British Museum, London, UK; CDLI P596900",BM 083319,tablet,,,,,,,,,,,"British Museum, London, UK"
no_expected_no_live,596916,Q2165778,P596916,Cuneiform Tablet BM 083337,"CDLI artifact: tablet; held by British Museum, London, UK; CDLI P596916",BM 083337,tablet,,,,,,,,,,,"British Museum, London, UK"
no_expected_no_live,596941,Q2167722,P596941,Cuneiform Tablet BM 083364,"CDLI artifact: tablet; held by British Museum, London, UK; CDLI P596941",BM 083364,tablet,,,,,,,,,,,"British Museum, London, UK"
no_expected_no_live,596982,Q2162941,P596982,Cuneiform Tablet BM 083411,"CDLI artifact: tablet; held by British Museum, London, UK; CDLI P596982",BM 083411,tablet,,,,,,,,,,,"British Museum, London, UK"
no_expected_no_live,597014,Q2162643,P597014,Cuneiform Tablet BM 083451,"CDLI artifact: tablet; held by British Museum, London, UK; CDLI P597014",BM 083451,tablet,,,,,,,,,,,"British Museum, London, UK"
no_expected_no_live,597043,Q2164928,P597043,Cuneiform Tablet BM 083485,"CDLI artifact: tablet; held by British Museum, London, UK; CDLI P597043",BM 083485,tablet,,,,,,,,,,,"British Museum, London, UK"
no_expected_no_live,597079,Q2168995,P597079,Cuneiform Tablet BM 083524,"CDLI artifact: tablet; held by British Museum, London, UK; CDLI P597079",BM 083524,tablet,,,,,,,,,,,"British Museum, London, UK"
no_expected_no_live,597096,Q2169760,P597096,Cuneiform Tablet BM 083547,"CDLI artifact: tablet; held by British Museum, London, UK; CDLI P597096",BM 083547,tablet,,,,,,,,,,,"British Museum, London, UK"
no_expected_no_live,597106,Q2164542,P597106,Cuneiform Tablet BM 083559,"CDLI artifact: tablet; held by British Museum, London, UK; CDLI P597106",BM 083559,tablet,,,,,,,,,,,"British Museum, London, UK"
no_expected_no_live,597254,Q2165622,P597254,Cuneiform Tablet BM 083730,"CDLI artifact: tablet; held by British Museum, London, UK; CDLI P597254",BM 083730,tablet,,,,,,,,,,,"British Museum, London, UK"
no_expected_no_live,597385,Q2164012,P597385,Cuneiform Tablet BM 083872,"CDLI artifact: tablet; held by British Museum, London, UK; CDLI P597385",BM 083872,tablet,,,,,,,,,,,"British Museum, London, UK"
no_expected_no_live,597413,Q2164730,P597413,Cuneiform Tablet BM 083903,"CDLI artifact: tablet; held by British Museum, London, UK; CDLI P597413",BM 083903,tablet,,,,,,,,,,,"British Museum, London, UK"
no_expected_no_live,597429,Q2168863,P597429,Cuneiform Tablet BM 083921,"CDLI artifact: tablet; held by British Museum, London, UK; CDLI P597429",BM 083921,tablet,,,,,,,,,,,"British Museum, London, UK"
no_expected_no_live,597444,Q2162766,P597444,Cuneiform Tablet BM 083937,"CDLI artifact: tablet; held by British Museum, London, UK; CDLI P597444",BM 083937,tablet,,,,,,,,,,,"British Museum, London, UK"
no_expected_no_live,597487,Q2167549,P597487,Cuneiform Tablet BM 083986,"CDLI artifact: tablet; held by British Museum, London, UK; CDLI P597487",BM 083986,tablet,,,,,,,,,,,"British Museum, London, UK"
no_expected_no_live,597829,Q2144117,P597829,Cuneiform Tablet BM 084022,"CDLI artifact: tablet; held by British Museum, London, UK; CDLI P597829",BM 084022,tablet,,,,,,,,,,,"British Museum, London, UK"
no_expected_no_live,597917,Q2162341,P597917,Cuneiform Tablet BM 084118,"CDLI artifact: tablet; held by British Museum, London, UK; CDLI P597917",BM 084118,tablet,,,,,,,,,,,"British Museum, London, UK"
no_expected_no_live,597940,Q2165211,P597940,Cuneiform Tablet BM 084146,"CDLI artifact: tablet; held by British Museum, London, UK; CDLI P597940",BM 084146,tablet,,,,,,,,,,,"British Museum, London, UK"
no_expected_no_live,597995,Q2169477,P597995,Cuneiform Tablet BM 084207,"CDLI artifact: tablet; held by British Museum, London, UK; CDLI P597995",BM 084207,tablet,,,,,,,,,,,"British Museum, London, UK"
no_expected_no_live,598070,Q2164038,P598070,Cuneiform Tablet BM 084288,"CDLI artifact: tablet; held by British Museum, London, UK; CDLI P598070",BM 084288,tablet,,,,,,,,,,,"British Museum, London, UK"
no_expected_no_live,598119,Q897012,P598119,Cuneiform Tablet BM 084347,"CDLI artifact: tablet; held by British Museum, London, UK; CDLI P598119",BM 084347,tablet,,,,,,,,,,,"British Museum, London, UK"
no_expected_no_live,598135,Q2163085,P598135,Cuneiform Tablet BM 084366,"CDLI artifact: tablet; held by British Museum, London, UK; CDLI P598135",BM 084366,tablet,,,,,,,,,,,"British Museum, London, UK"
no_expected_no_live,598288,Q2167486,P598288,Cuneiform Tablet BM 084927,"CDLI artifact: tablet; held by British Museum, London, UK; CDLI P598288",BM 084927,tablet,,,,,,,,,,,"British Museum, London, UK"
no_expected_no_live,598322,Q2167449,P598322,Cuneiform Tablet BM 084989,"CDLI artifact: tablet; held by British Museum, London, UK; CDLI P598322",BM 084989,tablet,,,,,,,,,,,"British Museum, London, UK"
no_expected_no_live,598949,Q2153257,P598949,Cuneiform Tablet BM 093310,"CDLI artifact: tablet; held by British Museum, London, UK; CDLI P598949",BM 093310,tablet,,,,,,,,,,,"British Museum, London, UK"
no_expected_no_live,602801,Q2168162,P602801,Cuneiform Tablet BM 051245,"CDLI artifact: tablet; held by British Museum, London, UK; CDLI P602801",BM 051245,tablet,,,,,,,,,,,"British Museum, London, UK"
no_expected_no_live,602856,Q2165289,P602856,"Cuneiform Tablet Boivin, Babil 3, no. 21 (N9: 3)",CDLI artifact: tablet; from Babylon (mod. Bābil); CDLI P602856,"Boivin, Babil 3, no. 21 (N9: 3)",tablet,,,,,,,,,,Babylon (mod. Bābil),
no_expected_no_live,603093,Q2169254,P603093,"Cuneiform Tablet Fs Lambert 209, text 51 B","CDLI artifact: tablet; from Sippar-Yahrurum (mod. Tell Abu Habbah); held by British Museum, London, UK; CDLI P603093","Fs Lambert 209, text 51 B",tablet,,,,,,,,,,Sippar-Yahrurum (mod. Tell Abu Habbah),"British Museum, London, UK"
no_expected_no_live,603139,Q2169151,P603139,"Cuneiform Tablet PEQ 32 (1900), 261 no. 2",CDLI artifact: tablet; from Sippar-Yahrurum (mod. Tell Abu Habbah); CDLI P603139,"PEQ 32 (1900), 261 no. 2",tablet,,,,,,,,,,Sippar-Yahrurum (mod. Tell Abu Habbah),
no_expected_no_live,603247,Q2170576,P603247,"Cuneiform Tablet CM 13, no. 15","CDLI artifact: tablet; from Emar (mod. Tell Meskene); held by Bible Lands Museum, Jerusalem, Israel; CDLI P603247","CM 13, no. 15",tablet,,,,,,,,,,Emar (mod. Tell Meskene),"Bible Lands Museum, Jerusalem, Israel"
no_expected_no_live,603251,Q2166426,P603251,"Cuneiform Tablet CM 13, no. 19","CDLI artifact: tablet; from Emar (mod. Tell Meskene); held by Bible Lands Museum, Jerusalem, Israel; CDLI P603251","CM 13, no. 19",tablet,,,,,,,,,,Emar (mod. Tell Meskene),"Bible Lands Museum, Jerusalem, Israel"
no_expected_no_live,9407,Q2165013,P009407,"Cuneiform Tablet CahDAFI 1, 43 06",CDLI artifact: tablet; from Susa (mod. Shush); CDLI P009407,"CahDAFI 1, 43 06",tablet,,,,,,,,,,Susa (mod. Shush),
no_expected_no_live,9515,Q2162231,P009515,"Cuneiform Tablet Fouilles de Sialk I, pl. 93, Sialk 1625","CDLI artifact: tablet; from uncertain (mod. Tepe Sialk); held by Louvre Museum, Paris, France; CDLI P009515","Fouilles de Sialk I, pl. 93, Sialk 1625",tablet,,,,,,,,,,uncertain (mod. Tepe Sialk),"Louvre Museum, Paris, France"
unexpected_live_period,461644,Q2152709,P461644,Cuneiform Tablet IM — (cast UPenn),"CDLI artifact: tablet; from Nippur (mod. Nuffar); Old Babylonian; held by National Museum of Iraq, Baghdad, Iraq; CDLI P461644",,,,,,,,,P853,Q512152,Old Babylonian Period,,
