repair_status,cdli_id,factgrid_qid,artifact_label,live_period_property,live_period_qid,live_period_label,correct_period_qid,expected_period_label,repair_note
ready,283904,Q1372698,Cuneiform Tablet KUG 47,P853,Q512151,Old Assyrian Period,Q512163,Achaemenid Period,Replace live period claim with verified FactGrid QID for expected CDLI period label.
ready,302422,Q2163993,"Cuneiform Tablet YOS 21, 209",P853,Q512161,Neo-Babylonian Period,Q512163,Achaemenid Period,Replace live period claim with verified FactGrid QID for expected CDLI period label.
ready,314427,Q2165697,"Cuneiform Tablet CT 55, 036",P853,Q512161,Neo-Babylonian Period,Q512163,Achaemenid Period,Replace live period claim with verified FactGrid QID for expected CDLI period label.
ready,314470,Q2167797,"Cuneiform Tablet CT 55, 079",P853,Q512161,Neo-Babylonian Period,Q512163,Achaemenid Period,Replace live period claim with verified FactGrid QID for expected CDLI period label.
ready,314630,Q2164869,"Cuneiform Tablet CT 55, 239",P853,Q512161,Neo-Babylonian Period,Q512163,Achaemenid Period,Replace live period claim with verified FactGrid QID for expected CDLI period label.
ready,314667,Q2162711,"Cuneiform Tablet CT 55, 276",P853,Q512161,Neo-Babylonian Period,Q512163,Achaemenid Period,Replace live period claim with verified FactGrid QID for expected CDLI period label.
ready,314827,Q2170614,"Cuneiform Tablet CT 55, 435",P853,Q512161,Neo-Babylonian Period,Q512163,Achaemenid Period,Replace live period claim with verified FactGrid QID for expected CDLI period label.
ready,315021,Q2165158,"Cuneiform Tablet CT 55, 628",P853,Q512161,Neo-Babylonian Period,Q512163,Achaemenid Period,Replace live period claim with verified FactGrid QID for expected CDLI period label.
ready,345582,Q2165689,"Cuneiform Tablet CT 44, 77",P853,Q512164,Hellenistic Period,Q512163,Achaemenid Period,Replace live period claim with verified FactGrid QID for expected CDLI period label.
ready,366470,Q2169789,"Cuneiform Tablet CT 56, 155",P853,Q512164,Hellenistic Period,Q512163,Achaemenid Period,Replace live period claim with verified FactGrid QID for expected CDLI period label.
ready,366759,Q2154397,"Cuneiform Tablet CT 56, 444",P853,Q512164,Hellenistic Period,Q512163,Achaemenid Period,Replace live period claim with verified FactGrid QID for expected CDLI period label.
ready,367261,Q2169501,"Cuneiform Tablet CT 57, 0120a",P853,Q512161,Neo-Babylonian Period,Q512163,Achaemenid Period,Replace live period claim with verified FactGrid QID for expected CDLI period label.
ready,367627,Q2147703,"Cuneiform Tablet CT 57, 0485",P853,Q512161,Neo-Babylonian Period,Q512163,Achaemenid Period,Replace live period claim with verified FactGrid QID for expected CDLI period label.
ready,367631,Q2169374,"Cuneiform Tablet CT 57, 0489",P853,Q512161,Neo-Babylonian Period,Q512163,Achaemenid Period,Replace live period claim with verified FactGrid QID for expected CDLI period label.
ready,368141,Q2164986,"Cuneiform Tablet CT 57, 1002",P853,Q512161,Neo-Babylonian Period,Q512163,Achaemenid Period,Replace live period claim with verified FactGrid QID for expected CDLI period label.
ready,371360,Q2165103,"Cuneiform Tablet VS 03, 071",P853,Q512161,Neo-Babylonian Period,Q512163,Achaemenid Period,Replace live period claim with verified FactGrid QID for expected CDLI period label.
ready,371419,Q2163289,"Cuneiform Tablet VS 03, 130",P853,Q512161,Neo-Babylonian Period,Q512163,Achaemenid Period,Replace live period claim with verified FactGrid QID for expected CDLI period label.
ready,371435,Q2168416,"Cuneiform Tablet VS 03, 143",P853,Q512161,Neo-Babylonian Period,Q512163,Achaemenid Period,Replace live period claim with verified FactGrid QID for expected CDLI period label.
ready,371589,Q2168221,"Cuneiform Tablet VS 04, 065",P853,Q512161,Neo-Babylonian Period,Q512163,Achaemenid Period,Replace live period claim with verified FactGrid QID for expected CDLI period label.
ready,371622,Q2162166,"Cuneiform Tablet VS 04, 098",P853,Q512161,Neo-Babylonian Period,Q512163,Achaemenid Period,Replace live period claim with verified FactGrid QID for expected CDLI period label.
ready,371659,Q2143894,"Cuneiform Tablet VS 04, 136",P853,Q512161,Neo-Babylonian Period,Q512163,Achaemenid Period,Replace live period claim with verified FactGrid QID for expected CDLI period label.
ready,371675,Q2164287,"Cuneiform Tablet VS 04, 152",P853,Q512161,Neo-Babylonian Period,Q512163,Achaemenid Period,Replace live period claim with verified FactGrid QID for expected CDLI period label.
ready,371788,Q2162201,"Cuneiform Tablet VS 05, 054",P853,Q512164,Hellenistic Period,Q512163,Achaemenid Period,Replace live period claim with verified FactGrid QID for expected CDLI period label.
ready,371823,Q2167770,"Cuneiform Tablet VS 05, 089",P853,Q512164,Hellenistic Period,Q512163,Achaemenid Period,Replace live period claim with verified FactGrid QID for expected CDLI period label.
ready,371835,Q2157353,"Cuneiform Tablet VS 05, 101",P853,Q512161,Neo-Babylonian Period,Q512163,Achaemenid Period,Replace live period claim with verified FactGrid QID for expected CDLI period label.
ready,371862,Q2170021,"Cuneiform Tablet VS 05, 128",P853,Q512164,Hellenistic Period,Q512163,Achaemenid Period,Replace live period claim with verified FactGrid QID for expected CDLI period label.
ready,372059,Q2164570,"Cuneiform Tablet VS 06, 164",P853,Q512164,Hellenistic Period,Q512163,Achaemenid Period,Replace live period claim with verified FactGrid QID for expected CDLI period label.
ready,372075,Q2057716,"Cuneiform Tablet VS 06, 180",P853,Q512164,Hellenistic Period,Q512163,Achaemenid Period,Replace live period claim with verified FactGrid QID for expected CDLI period label.
ready,372188,Q2167466,"Cuneiform Tablet VS 06, 293",P853,Q512164,Hellenistic Period,Q512163,Achaemenid Period,Replace live period claim with verified FactGrid QID for expected CDLI period label.
ready,385177,Q2165238,"Cuneiform Tablet OECT 10, 164",P853,Q512164,Hellenistic Period,Q512163,Achaemenid Period,Replace live period claim with verified FactGrid QID for expected CDLI period label.
ready,385198,Q2164179,"Cuneiform Tablet OECT 10, 185",P853,Q512164,Hellenistic Period,Q512163,Achaemenid Period,Replace live period claim with verified FactGrid QID for expected CDLI period label.
ready,385225,Q2166274,"Cuneiform Tablet OECT 10, 212",P853,Q512164,Hellenistic Period,Q512163,Achaemenid Period,Replace live period claim with verified FactGrid QID for expected CDLI period label.
ready,385419,Q2167097,"Cuneiform Tablet OECT 10, 406",P853,Q512164,Hellenistic Period,Q512163,Achaemenid Period,Replace live period claim with verified FactGrid QID for expected CDLI period label.
ready,385458,Q2169362,"Cuneiform Tablet OECT 12, pl. 17, A 120",P853,Q512161,Neo-Babylonian Period,Q512163,Achaemenid Period,Replace live period claim with verified FactGrid QID for expected CDLI period label.
ready,385527,Q2165076,"Cuneiform Tablet OECT 12, pl. 46-47, AB 241",P853,Q512161,Neo-Babylonian Period,Q512163,Achaemenid Period,Replace live period claim with verified FactGrid QID for expected CDLI period label.
ready,413023,Q2165772,Cuneiform Tablet BM 102275,P853,Q512148,Ur III Period,Q512163,Achaemenid Period,Replace live period claim with verified FactGrid QID for expected CDLI period label.
ready,413035,Q2170055,Cuneiform Tablet BM 102290,P853,Q512148,Ur III Period,Q512163,Achaemenid Period,Replace live period claim with verified FactGrid QID for expected CDLI period label.
ready,413432,Q2154837,Cuneiform Tablet BM 103583,P853,Q512148,Ur III Period,Q512163,Achaemenid Period,Replace live period claim with verified FactGrid QID for expected CDLI period label.
ready,413473,Q2165609,Cuneiform Tablet BM 103624,P853,Q512148,Ur III Period,Q512163,Achaemenid Period,Replace live period claim with verified FactGrid QID for expected CDLI period label.
ready,414709,Q2165928,"Cuneiform Tablet UET 4, 0013",P853,Q512161,Neo-Babylonian Period,Q512163,Achaemenid Period,Replace live period claim with verified FactGrid QID for expected CDLI period label.
ready,414748,Q2159852,"Cuneiform Tablet UET 4, 0052",P853,Q512161,Neo-Babylonian Period,Q512163,Achaemenid Period,Replace live period claim with verified FactGrid QID for expected CDLI period label.
ready,459070,Q2162640,"Cuneiform Tablet OIC 22, & 141 26",P853,Q512164,Hellenistic Period,Q512163,Achaemenid Period,Replace live period claim with verified FactGrid QID for expected CDLI period label.
ready,475959,Q2162104,Cuneiform Artifact CDLI Seals 009219 (physical),P853,Q512161,Neo-Babylonian Period,Q512163,Achaemenid Period,Replace live period claim with verified FactGrid QID for expected CDLI period label.
ready,480427,Q2146782,"Cuneiform Tablet StPohl SM 11, 04",P853,Q512164,Hellenistic Period,Q512163,Achaemenid Period,Replace live period claim with verified FactGrid QID for expected CDLI period label.
ready,533020,Q2169080,Cuneiform Tablet PF-NN 0530,P853,Q512164,Hellenistic Period,Q512163,Achaemenid Period,Replace live period claim with verified FactGrid QID for expected CDLI period label.
ready,533036,Q2047275,Cuneiform Tablet PF-NN 2261,P853,Q512164,Hellenistic Period,Q512163,Achaemenid Period,Replace live period claim with verified FactGrid QID for expected CDLI period label.
ready,533061,Q2166810,Cuneiform Tablet Fort. 0172-101,P853,Q512164,Hellenistic Period,Q512163,Achaemenid Period,Replace live period claim with verified FactGrid QID for expected CDLI period label.
ready,533108,Q2162217,Cuneiform Tablet Fort. 1677-103,P853,Q512164,Hellenistic Period,Q512163,Achaemenid Period,Replace live period claim with verified FactGrid QID for expected CDLI period label.
ready,533124,Q2167182,Cuneiform Tablet Fort. 1876-102,P853,Q512164,Hellenistic Period,Q512163,Achaemenid Period,Replace live period claim with verified FactGrid QID for expected CDLI period label.
ready,533165,Q2169413,Cuneiform Tablet PF-NN 0711,P853,Q512164,Hellenistic Period,Q512163,Achaemenid Period,Replace live period claim with verified FactGrid QID for expected CDLI period label.
ready,533173,Q2146704,Cuneiform Tablet PFa 02,P853,Q512164,Hellenistic Period,Q512163,Achaemenid Period,Replace live period claim with verified FactGrid QID for expected CDLI period label.
ready,537409,Q2164762,"Cuneiform Tablet OIP 65, 3",P853,Q512164,Hellenistic Period,Q512163,Achaemenid Period,Replace live period claim with verified FactGrid QID for expected CDLI period label.
ready,537425,Q2047620,"Cuneiform Tablet OIP 65, 12b",P853,Q512164,Hellenistic Period,Q512163,Achaemenid Period,Replace live period claim with verified FactGrid QID for expected CDLI period label.
ready,537433,Q2168903,"Cuneiform Tablet OIP 65, 20",P853,Q512164,Hellenistic Period,Q512163,Achaemenid Period,Replace live period claim with verified FactGrid QID for expected CDLI period label.
ready,537472,Q2166554,"Cuneiform Tablet OIP 65, 48",P853,Q512164,Hellenistic Period,Q512163,Achaemenid Period,Replace live period claim with verified FactGrid QID for expected CDLI period label.
ready,537537,Q2167338,Cuneiform Tablet JNES 24 167-92 1963-14,P853,Q512164,Hellenistic Period,Q512163,Achaemenid Period,Replace live period claim with verified FactGrid QID for expected CDLI period label.
ready,539315,Q2166237,Cuneiform Artifact CDLI Seals 018493 (physical),P853,Q512164,Hellenistic Period,Q512163,Achaemenid Period,Replace live period claim with verified FactGrid QID for expected CDLI period label.
ready,539381,Q2163688,Cuneiform Artifact CDLI Seals 018826 (physical),P853,Q512164,Hellenistic Period,Q512163,Achaemenid Period,Replace live period claim with verified FactGrid QID for expected CDLI period label.
ready,543637,Q2169518,Cuneiform Tablet LB 2036 (unpublished),P853,Q512164,Hellenistic Period,Q512163,Achaemenid Period,Replace live period claim with verified FactGrid QID for expected CDLI period label.
ready,543676,Q2167217,Cuneiform Tablet LB 1777 (unpublished),P853,Q512164,Hellenistic Period,Q512163,Achaemenid Period,Replace live period claim with verified FactGrid QID for expected CDLI period label.
ready,543908,Q2164587,Cuneiform Tablet LB 1749 (unpublished),P853,Q512164,Hellenistic Period,Q512163,Achaemenid Period,Replace live period claim with verified FactGrid QID for expected CDLI period label.
ready,550518,Q2047212,"Cuneiform Tablet AnOr 08, 043",P853,Q512164,Hellenistic Period,Q512163,Achaemenid Period,Replace live period claim with verified FactGrid QID for expected CDLI period label.
ready,550534,Q2164988,"Cuneiform Tablet AnOr 08, 059",P853,Q512164,Hellenistic Period,Q512163,Achaemenid Period,Replace live period claim with verified FactGrid QID for expected CDLI period label.
ready,550627,Q2168689,"Cuneiform Tablet OLA 233, no. 067",P853,Q512164,Hellenistic Period,Q512163,Achaemenid Period,Replace live period claim with verified FactGrid QID for expected CDLI period label.
ready,550631,Q2168302,"Cuneiform Tablet OLA 233, no. 071",P853,Q512164,Hellenistic Period,Q512163,Achaemenid Period,Replace live period claim with verified FactGrid QID for expected CDLI period label.
ready,550666,Q2166329,"Cuneiform Tablet OLA 233, no. 106",P853,Q512164,Hellenistic Period,Q512163,Achaemenid Period,Replace live period claim with verified FactGrid QID for expected CDLI period label.
ready,550689,Q2165312,"Cuneiform Tablet OLA 233, no. 130",P853,Q512164,Hellenistic Period,Q512163,Achaemenid Period,Replace live period claim with verified FactGrid QID for expected CDLI period label.
ready,550723,Q2165501,"Cuneiform Tablet OLA 233, no. 165",P853,Q512164,Hellenistic Period,Q512163,Achaemenid Period,Replace live period claim with verified FactGrid QID for expected CDLI period label.
ready,550735,Q2170286,"Cuneiform Tablet OLA 233, no. 178",P853,Q512164,Hellenistic Period,Q512163,Achaemenid Period,Replace live period claim with verified FactGrid QID for expected CDLI period label.
ready,550758,Q2163763,Cuneiform Tablet Nbk. 010,P853,Q512164,Hellenistic Period,Q512163,Achaemenid Period,Replace live period claim with verified FactGrid QID for expected CDLI period label.
ready,550762,Q2153657,Cuneiform Tablet Nbk. 015,P853,Q512164,Hellenistic Period,Q512163,Achaemenid Period,Replace live period claim with verified FactGrid QID for expected CDLI period label.
ready,551260,Q2164438,"Cuneiform Tablet TMH 02-3, 099",P853,Q512164,Hellenistic Period,Q512163,Achaemenid Period,Replace live period claim with verified FactGrid QID for expected CDLI period label.
ready,551309,Q2047895,"Cuneiform Tablet TMH 02-3, 148",P853,Q512164,Hellenistic Period,Q512163,Achaemenid Period,Replace live period claim with verified FactGrid QID for expected CDLI period label.
ready,551325,Q2164664,"Cuneiform Tablet TMH 02-3, 164",P853,Q512164,Hellenistic Period,Q512163,Achaemenid Period,Replace live period claim with verified FactGrid QID for expected CDLI period label.
ready,551372,Q2162827,"Cuneiform Tablet TMH 02-3, 211",P853,Q512164,Hellenistic Period,Q512163,Achaemenid Period,Replace live period claim with verified FactGrid QID for expected CDLI period label.
ready,551427,Q2165904,"Cuneiform Tablet TMH 02-3, 266",P853,Q512164,Hellenistic Period,Q512163,Achaemenid Period,Replace live period claim with verified FactGrid QID for expected CDLI period label.
ready,551775,Q2164874,"Cuneiform Tablet CM 20, no. 027",P853,Q512164,Hellenistic Period,Q512163,Achaemenid Period,Replace live period claim with verified FactGrid QID for expected CDLI period label.
ready,551827,Q2170271,Cuneiform Tablet Dar. 216,P853,Q512164,Hellenistic Period,Q512163,Achaemenid Period,Replace live period claim with verified FactGrid QID for expected CDLI period label.
ready,551831,Q2165536,Cuneiform Tablet Dar. 365,P853,Q512164,Hellenistic Period,Q512163,Achaemenid Period,Replace live period claim with verified FactGrid QID for expected CDLI period label.
ready,551866,Q2167949,Cuneiform Tablet Dar. 83,P853,Q512164,Hellenistic Period,Q512163,Achaemenid Period,Replace live period claim with verified FactGrid QID for expected CDLI period label.
ready,551870,Q2153232,Cuneiform Tablet Dar. 36,P853,Q512164,Hellenistic Period,Q512163,Achaemenid Period,Replace live period claim with verified FactGrid QID for expected CDLI period label.
ready,551889,Q2168428,Cuneiform Tablet Dar. 146,P853,Q512164,Hellenistic Period,Q512163,Achaemenid Period,Replace live period claim with verified FactGrid QID for expected CDLI period label.
ready,551923,Q2168322,Cuneiform Tablet Dar. 422,P853,Q512164,Hellenistic Period,Q512163,Achaemenid Period,Replace live period claim with verified FactGrid QID for expected CDLI period label.
ready,551935,Q2168562,Cuneiform Tablet Dar. 67,P853,Q512164,Hellenistic Period,Q512163,Achaemenid Period,Replace live period claim with verified FactGrid QID for expected CDLI period label.
ready,551974,Q2166350,Cuneiform Tablet Dar. 96,P853,Q512164,Hellenistic Period,Q512163,Achaemenid Period,Replace live period claim with verified FactGrid QID for expected CDLI period label.
ready,552026,Q2169563,"Cuneiform Tablet CM 20, no. 221",P853,Q512164,Hellenistic Period,Q512163,Achaemenid Period,Replace live period claim with verified FactGrid QID for expected CDLI period label.
ready,552030,Q2143065,"Cuneiform Tablet CM 20, no. 026",P853,Q512164,Hellenistic Period,Q512163,Achaemenid Period,Replace live period claim with verified FactGrid QID for expected CDLI period label.
ready,552067,Q2167319,"Cuneiform Tablet CM 20, no. 227",P853,Q512164,Hellenistic Period,Q512163,Achaemenid Period,Replace live period claim with verified FactGrid QID for expected CDLI period label.
ready,552460,Q2146233,Cuneiform Tablet Cyr. 217,P853,Q512164,Hellenistic Period,Q512163,Achaemenid Period,Replace live period claim with verified FactGrid QID for expected CDLI period label.
ready,552476,Q2169439,Cuneiform Tablet Cyr. 149,P853,Q512164,Hellenistic Period,Q512163,Achaemenid Period,Replace live period claim with verified FactGrid QID for expected CDLI period label.
ready,552499,Q2169337,Cuneiform Tablet Cyr. 196,P853,Q512164,Hellenistic Period,Q512163,Achaemenid Period,Replace live period claim with verified FactGrid QID for expected CDLI period label.
ready,552509,Q2164995,Cuneiform Tablet Cyr. 17,P853,Q512164,Hellenistic Period,Q512163,Achaemenid Period,Replace live period claim with verified FactGrid QID for expected CDLI period label.
ready,552525,Q2047234,Cuneiform Tablet Camb. 276,P853,Q512164,Hellenistic Period,Q512163,Achaemenid Period,Replace live period claim with verified FactGrid QID for expected CDLI period label.
ready,552533,Q2169092,Cuneiform Tablet Camb. 149,P853,Q512164,Hellenistic Period,Q512163,Achaemenid Period,Replace live period claim with verified FactGrid QID for expected CDLI period label.
ready,552572,Q2166799,Cuneiform Tablet Camb. 292,P853,Q512164,Hellenistic Period,Q512163,Achaemenid Period,Replace live period claim with verified FactGrid QID for expected CDLI period label.
ready,552876,Q2047547,"Cuneiform Tablet AOAT 398, O.195",P853,Q512164,Hellenistic Period,Q512163,Achaemenid Period,Replace live period claim with verified FactGrid QID for expected CDLI period label.
ready,552899,Q2063800,"Cuneiform Tablet PIHANS 86, pl. 22",P853,Q512164,Hellenistic Period,Q512163,Achaemenid Period,Replace live period claim with verified FactGrid QID for expected CDLI period label.
ready,553461,Q2162969,"Cuneiform Tablet Abraham, BPPE 033",P853,Q512164,Hellenistic Period,Q512163,Achaemenid Period,Replace live period claim with verified FactGrid QID for expected CDLI period label.
ready,553508,Q2167806,"Cuneiform Tablet Abraham, BPPE 083",P853,Q512164,Hellenistic Period,Q512163,Achaemenid Period,Replace live period claim with verified FactGrid QID for expected CDLI period label.
ready,553524,Q2163910,Cuneiform Tablet Dar. 497,P853,Q512164,Hellenistic Period,Q512163,Achaemenid Period,Replace live period claim with verified FactGrid QID for expected CDLI period label.
ready,553549,Q2170131,Cuneiform Tablet Dar. 182,P853,Q512164,Hellenistic Period,Q512163,Achaemenid Period,Replace live period claim with verified FactGrid QID for expected CDLI period label.
ready,553637,Q2169860,Cuneiform Tablet Dar. 439,P853,Q512164,Hellenistic Period,Q512163,Achaemenid Period,Replace live period claim with verified FactGrid QID for expected CDLI period label.
ready,553699,Q2166575,"Cuneiform Tablet PIHANS 86, pl. 26",P853,Q512164,Hellenistic Period,Q512163,Achaemenid Period,Replace live period claim with verified FactGrid QID for expected CDLI period label.
ready,553733,Q2166683,"Cuneiform Tablet PIHANS 86, pl. 37",P853,Q512164,Hellenistic Period,Q512163,Achaemenid Period,Replace live period claim with verified FactGrid QID for expected CDLI period label.
ready,553748,Q2164861,"Cuneiform Tablet PIHANS 86, pl. 49",P853,Q512164,Hellenistic Period,Q512163,Achaemenid Period,Replace live period claim with verified FactGrid QID for expected CDLI period label.
ready,553764,Q2047580,"Cuneiform Tablet PIHANS 86, pl. 54",P853,Q512164,Hellenistic Period,Q512163,Achaemenid Period,Replace live period claim with verified FactGrid QID for expected CDLI period label.
ready,553772,Q2168928,"Cuneiform Tablet PIHANS 86, pl. 58",P853,Q512164,Hellenistic Period,Q512163,Achaemenid Period,Replace live period claim with verified FactGrid QID for expected CDLI period label.
ready,554019,Q2167364,Cuneiform Tablet Dar. 139,P853,Q512164,Hellenistic Period,Q512163,Achaemenid Period,Replace live period claim with verified FactGrid QID for expected CDLI period label.
ready,554058,Q2169680,Cuneiform Tablet Dar. 539,P853,Q512164,Hellenistic Period,Q512163,Achaemenid Period,Replace live period claim with verified FactGrid QID for expected CDLI period label.
ready,554062,Q2164416,Cuneiform Tablet Dar. 12,P853,Q512164,Hellenistic Period,Q512163,Achaemenid Period,Replace live period claim with verified FactGrid QID for expected CDLI period label.
ready,554222,Q897010,Cuneiform Tablet Cyr. 113,P853,Q512164,Hellenistic Period,Q512163,Achaemenid Period,Replace live period claim with verified FactGrid QID for expected CDLI period label.
ready,554234,Q2163911,Cuneiform Tablet Cyr. 247,P853,Q512164,Hellenistic Period,Q512163,Achaemenid Period,Replace live period claim with verified FactGrid QID for expected CDLI period label.
ready,554275,Q2166165,Cuneiform Tablet Cyr. 147,P853,Q512164,Hellenistic Period,Q512163,Achaemenid Period,Replace live period claim with verified FactGrid QID for expected CDLI period label.
ready,554330,Q2165813,Cuneiform Tablet Cyr. 68,P853,Q512164,Hellenistic Period,Q512163,Achaemenid Period,Replace live period claim with verified FactGrid QID for expected CDLI period label.
ready,554367,Q2167758,Cuneiform Tablet Cyr. 69,P853,Q512164,Hellenistic Period,Q512163,Achaemenid Period,Replace live period claim with verified FactGrid QID for expected CDLI period label.
ready,554371,Q2157105,Cuneiform Tablet Cyr. 344,P853,Q512164,Hellenistic Period,Q512163,Achaemenid Period,Replace live period claim with verified FactGrid QID for expected CDLI period label.
ready,554388,Q2013692,Cuneiform Tablet Cyr. 265,P853,Q512164,Hellenistic Period,Q512163,Achaemenid Period,Replace live period claim with verified FactGrid QID for expected CDLI period label.
ready,554408,Q2169845,Cuneiform Tablet Cyr. 92,P853,Q512164,Hellenistic Period,Q512163,Achaemenid Period,Replace live period claim with verified FactGrid QID for expected CDLI period label.
ready,554432,Q2164556,Cuneiform Tablet Cyr. 216,P853,Q512164,Hellenistic Period,Q512163,Achaemenid Period,Replace live period claim with verified FactGrid QID for expected CDLI period label.
ready,554449,Q2167487,Cuneiform Tablet Camb. 181,P853,Q512164,Hellenistic Period,Q512163,Achaemenid Period,Replace live period claim with verified FactGrid QID for expected CDLI period label.
ready,554520,Q2162652,Cuneiform Tablet Camb. 352,P853,Q512164,Hellenistic Period,Q512163,Achaemenid Period,Replace live period claim with verified FactGrid QID for expected CDLI period label.
ready,554577,Q2164951,Cuneiform Tablet Camb. 234,P853,Q512164,Hellenistic Period,Q512163,Achaemenid Period,Replace live period claim with verified FactGrid QID for expected CDLI period label.
ready,554598,Q2164426,Cuneiform Tablet Camb. 137,P853,Q512164,Hellenistic Period,Q512163,Achaemenid Period,Replace live period claim with verified FactGrid QID for expected CDLI period label.
ready,554625,Q2165992,Cuneiform Tablet Camb. 298,P853,Q512164,Hellenistic Period,Q512163,Achaemenid Period,Replace live period claim with verified FactGrid QID for expected CDLI period label.
ready,554664,Q2161472,Cuneiform Tablet Camb. 345,P853,Q512164,Hellenistic Period,Q512163,Achaemenid Period,Replace live period claim with verified FactGrid QID for expected CDLI period label.
ready,554672,Q1938253,Cuneiform Tablet Camb. 191,P853,Q512164,Hellenistic Period,Q512163,Achaemenid Period,Replace live period claim with verified FactGrid QID for expected CDLI period label.
ready,554721,Q2154207,Cuneiform Tablet Camb. 403,P853,Q512164,Hellenistic Period,Q512163,Achaemenid Period,Replace live period claim with verified FactGrid QID for expected CDLI period label.
ready,554760,Q2165648,Cuneiform Tablet BM 036322,P853,Q512164,Hellenistic Period,Q512163,Achaemenid Period,Replace live period claim with verified FactGrid QID for expected CDLI period label.
ready,554808,Q2044640,Cuneiform Tablet BM 047362,P853,Q512164,Hellenistic Period,Q512163,Achaemenid Period,Replace live period claim with verified FactGrid QID for expected CDLI period label.
ready,554873,Q2162512,Cuneiform Tablet MacGinnis Letter Orders from Sippar 102,P853,Q512164,Hellenistic Period,Q512163,Achaemenid Period,Replace live period claim with verified FactGrid QID for expected CDLI period label.
ready,554936,Q2162310,Cuneiform Tablet MacGinnis Letter Orders from Sippar 178,P853,Q512164,Hellenistic Period,Q512163,Achaemenid Period,Replace live period claim with verified FactGrid QID for expected CDLI period label.
ready,555171,Q2165322,Cuneiform Tablet BM 109966,P853,Q512164,Hellenistic Period,Q512163,Achaemenid Period,Replace live period claim with verified FactGrid QID for expected CDLI period label.
ready,555258,Q2167193,Cuneiform Tablet MacGinnis Letter Orders from Sippar 11,P853,Q512164,Hellenistic Period,Q512163,Achaemenid Period,Replace live period claim with verified FactGrid QID for expected CDLI period label.
ready,555274,Q2162159,Cuneiform Tablet MacGinnis Letter Orders from Sippar 34,P853,Q512164,Hellenistic Period,Q512163,Achaemenid Period,Replace live period claim with verified FactGrid QID for expected CDLI period label.
ready,555331,Q2162379,Cuneiform Tablet MacGinnis Letter Orders from Sippar 119,P853,Q512164,Hellenistic Period,Q512163,Achaemenid Period,Replace live period claim with verified FactGrid QID for expected CDLI period label.
ready,555389,Q2164147,Cuneiform Tablet MacGinnis Letter Orders from Sippar 187,P853,Q512164,Hellenistic Period,Q512163,Achaemenid Period,Replace live period claim with verified FactGrid QID for expected CDLI period label.
ready,555608,Q2167060,Cuneiform Artifact CDLI Seals 026858 (composite),P853,Q512164,Hellenistic Period,Q512163,Achaemenid Period,Replace live period claim with verified FactGrid QID for expected CDLI period label.
ready,555649,Q2169392,Cuneiform Tablet BM 017682,P853,Q512164,Hellenistic Period,Q512163,Achaemenid Period,Replace live period claim with verified FactGrid QID for expected CDLI period label.
ready,555673,Q2164127,Cuneiform Tablet BM 017736,P853,Q512164,Hellenistic Period,Q512163,Achaemenid Period,Replace live period claim with verified FactGrid QID for expected CDLI period label.
ready,555736,Q2165123,Cuneiform Tablet BM 022376,P853,Q512164,Hellenistic Period,Q512163,Achaemenid Period,Replace live period claim with verified FactGrid QID for expected CDLI period label.
ready,555761,Q2162538,Cuneiform Artifact CDLI Seals 026885 (composite),P853,Q512164,Hellenistic Period,Q512163,Achaemenid Period,Replace live period claim with verified FactGrid QID for expected CDLI period label.
ready,556073,Q2063855,"Cuneiform Tablet AOAT 451, no. 200",P853,Q512164,Hellenistic Period,Q512163,Achaemenid Period,Replace live period claim with verified FactGrid QID for expected CDLI period label.
ready,556989,Q2169215,"Cuneiform Tablet ADART 4, no. -368",P853,Q512164,Hellenistic Period,Q512163,Achaemenid Period,Replace live period claim with verified FactGrid QID for expected CDLI period label.
ready,558893,Q2167512,Cuneiform Tablet BM 025626,P853,Q512164,Hellenistic Period,Q512163,Achaemenid Period,Replace live period claim with verified FactGrid QID for expected CDLI period label.
ready,558939,Q2167419,Cuneiform Tablet BM 025708,P853,Q512164,Hellenistic Period,Q512163,Achaemenid Period,Replace live period claim with verified FactGrid QID for expected CDLI period label.
ready,558942,Q2164470,Cuneiform Tablet BM 025711,P853,Q512164,Hellenistic Period,Q512163,Achaemenid Period,Replace live period claim with verified FactGrid QID for expected CDLI period label.
ready,558981,Q2047389,Cuneiform Tablet BM 026231,P853,Q512164,Hellenistic Period,Q512163,Achaemenid Period,Replace live period claim with verified FactGrid QID for expected CDLI period label.
ready,558997,Q2169022,Cuneiform Tablet BM 026485,P853,Q512164,Hellenistic Period,Q512163,Achaemenid Period,Replace live period claim with verified FactGrid QID for expected CDLI period label.
ready,559040,Q2016103,Cuneiform Tablet BM 026563,P853,Q512164,Hellenistic Period,Q512163,Achaemenid Period,Replace live period claim with verified FactGrid QID for expected CDLI period label.
ready,559056,Q2160108,Cuneiform Tablet BM 026599,P853,Q512164,Hellenistic Period,Q512163,Achaemenid Period,Replace live period claim with verified FactGrid QID for expected CDLI period label.
ready,559083,Q2163965,Cuneiform Tablet BM 026635,P853,Q512164,Hellenistic Period,Q512163,Achaemenid Period,Replace live period claim with verified FactGrid QID for expected CDLI period label.
ready,559105,Q2167828,Cuneiform Tablet BM 026665,P853,Q512164,Hellenistic Period,Q512163,Achaemenid Period,Replace live period claim with verified FactGrid QID for expected CDLI period label.
ready,559129,Q2163866,Cuneiform Tablet BM 026697,P853,Q512164,Hellenistic Period,Q512163,Achaemenid Period,Replace live period claim with verified FactGrid QID for expected CDLI period label.
ready,559152,Q2165706,Cuneiform Tablet BM 026727,P853,Q512164,Hellenistic Period,Q512163,Achaemenid Period,Replace live period claim with verified FactGrid QID for expected CDLI period label.
ready,559200,Q2164628,Cuneiform Tablet BM 027857,P853,Q512164,Hellenistic Period,Q512163,Achaemenid Period,Replace live period claim with verified FactGrid QID for expected CDLI period label.
ready,559294,Q2166595,Cuneiform Tablet BM 029034,P853,Q512164,Hellenistic Period,Q512163,Achaemenid Period,Replace live period claim with verified FactGrid QID for expected CDLI period label.
ready,559312,Q2162722,Cuneiform Tablet BM 029069,P853,Q512164,Hellenistic Period,Q512163,Achaemenid Period,Replace live period claim with verified FactGrid QID for expected CDLI period label.
ready,559345,Q2164884,Cuneiform Tablet BM 029178,P853,Q512164,Hellenistic Period,Q512163,Achaemenid Period,Replace live period claim with verified FactGrid QID for expected CDLI period label.
ready,559369,Q2047466,Cuneiform Tablet BM 029224,P853,Q512164,Hellenistic Period,Q512163,Achaemenid Period,Replace live period claim with verified FactGrid QID for expected CDLI period label.
ready,559386,Q2063888,Cuneiform Tablet BM 029253,P853,Q512164,Hellenistic Period,Q512163,Achaemenid Period,Replace live period claim with verified FactGrid QID for expected CDLI period label.
ready,559390,Q2169668,Cuneiform Tablet BM 029263,P853,Q512164,Hellenistic Period,Q512163,Achaemenid Period,Replace live period claim with verified FactGrid QID for expected CDLI period label.
ready,559406,Q2162400,Cuneiform Tablet BM 029308,P853,Q512164,Hellenistic Period,Q512163,Achaemenid Period,Replace live period claim with verified FactGrid QID for expected CDLI period label.
ready,559410,Q1366173,Cuneiform Tablet BM 029312,P853,Q512164,Hellenistic Period,Q512163,Achaemenid Period,Replace live period claim with verified FactGrid QID for expected CDLI period label.
ready,559502,Q2165874,Cuneiform Tablet BM 029516,P853,Q512164,Hellenistic Period,Q512163,Achaemenid Period,Replace live period claim with verified FactGrid QID for expected CDLI period label.
ready,559543,Q2158582,Cuneiform Tablet BM 029612,P853,Q512164,Hellenistic Period,Q512163,Achaemenid Period,Replace live period claim with verified FactGrid QID for expected CDLI period label.
ready,559579,Q2164018,Cuneiform Tablet BM 085618,P853,Q512164,Hellenistic Period,Q512163,Achaemenid Period,Replace live period claim with verified FactGrid QID for expected CDLI period label.
ready,559596,Q2163037,Cuneiform Tablet BM 085696,P853,Q512164,Hellenistic Period,Q512163,Achaemenid Period,Replace live period claim with verified FactGrid QID for expected CDLI period label.
ready,559650,Q2164509,"Cuneiform Tablet AfO 38/39, 99 no. 12",P853,Q512164,Hellenistic Period,Q512163,Achaemenid Period,Replace live period claim with verified FactGrid QID for expected CDLI period label.
ready,559693,Q2047415,Cuneiform Tablet BM 082697,P853,Q512164,Hellenistic Period,Q512163,Achaemenid Period,Replace live period claim with verified FactGrid QID for expected CDLI period label.
ready,559739,Q2047818,Cuneiform Tablet BM 082774,P853,Q512164,Hellenistic Period,Q512163,Achaemenid Period,Replace live period claim with verified FactGrid QID for expected CDLI period label.
ready,559806,Q2168144,Cuneiform Tablet BM 026699,P853,Q512164,Hellenistic Period,Q512163,Achaemenid Period,Replace live period claim with verified FactGrid QID for expected CDLI period label.
ready,561639,Q2164961,Cuneiform Tablet BM 031512,P853,Q512164,Hellenistic Period,Q512163,Achaemenid Period,Replace live period claim with verified FactGrid QID for expected CDLI period label.
ready,561707,Q2167498,Cuneiform Tablet BM 031656,P853,Q512164,Hellenistic Period,Q512163,Achaemenid Period,Replace live period claim with verified FactGrid QID for expected CDLI period label.
ready,561906,Q2163664,Cuneiform Tablet BM 032065,P853,Q512164,Hellenistic Period,Q512163,Achaemenid Period,Replace live period claim with verified FactGrid QID for expected CDLI period label.
ready,562255,Q2168217,Cuneiform Tablet BM 033364,P853,Q512164,Hellenistic Period,Q512163,Achaemenid Period,Replace live period claim with verified FactGrid QID for expected CDLI period label.
ready,562296,Q2163395,Cuneiform Tablet BM 033421,P853,Q512164,Hellenistic Period,Q512163,Achaemenid Period,Replace live period claim with verified FactGrid QID for expected CDLI period label.
ready,563014,Q2167734,Cuneiform Tablet BM 036405,P853,Q512164,Hellenistic Period,Q512163,Achaemenid Period,Replace live period claim with verified FactGrid QID for expected CDLI period label.
ready,563452,Q2153937,Cuneiform Tablet BM 037745,P853,Q512164,Hellenistic Period,Q512163,Achaemenid Period,Replace live period claim with verified FactGrid QID for expected CDLI period label.
ready,563628,Q2047332,Cuneiform Tablet BM 038140,P853,Q512164,Hellenistic Period,Q512163,Achaemenid Period,Replace live period claim with verified FactGrid QID for expected CDLI period label.
ready,563741,Q2164565,Cuneiform Tablet BM 038324,P853,Q512164,Hellenistic Period,Q512163,Achaemenid Period,Replace live period claim with verified FactGrid QID for expected CDLI period label.
ready,565197,Q2165475,"Cuneiform Tablet Strassmaier, 8th Orientalist Congress no. 14",P853,Q512164,Hellenistic Period,Q512163,Achaemenid Period,Replace live period claim with verified FactGrid QID for expected CDLI period label.
ready,566492,Q2167339,Cuneiform Tablet BM 035527,P853,Q512164,Hellenistic Period,Q512163,Achaemenid Period,Replace live period claim with verified FactGrid QID for expected CDLI period label.
ready,566703,Q2012788,Cuneiform Tablet BM 040495,P853,Q512164,Hellenistic Period,Q512163,Achaemenid Period,Replace live period claim with verified FactGrid QID for expected CDLI period label.
ready,566754,Q2165888,Cuneiform Tablet BM 040575,P853,Q512164,Hellenistic Period,Q512163,Achaemenid Period,Replace live period claim with verified FactGrid QID for expected CDLI period label.
ready,567283,Q2167049,Cuneiform Tablet BM 031896,P853,Q512164,Hellenistic Period,Q512163,Achaemenid Period,Replace live period claim with verified FactGrid QID for expected CDLI period label.
ready,567329,Q2167299,"Cuneiform Tablet OLP 28, 85",P853,Q512164,Hellenistic Period,Q512163,Achaemenid Period,Replace live period claim with verified FactGrid QID for expected CDLI period label.
ready,567692,Q2169526,Cuneiform Tablet BM 040275,P853,Q512164,Hellenistic Period,Q512163,Achaemenid Period,Replace live period claim with verified FactGrid QID for expected CDLI period label.
ready,568571,Q2144026,Cuneiform Tablet BM 049428,P853,Q512164,Hellenistic Period,Q512163,Achaemenid Period,Replace live period claim with verified FactGrid QID for expected CDLI period label.
ready,570511,Q2063670,Cuneiform Tablet BM 046652,P853,Q512164,Hellenistic Period,Q512163,Achaemenid Period,Replace live period claim with verified FactGrid QID for expected CDLI period label.
ready,570546,Q2167433,Cuneiform Tablet BM 046695,P853,Q512164,Hellenistic Period,Q512163,Achaemenid Period,Replace live period claim with verified FactGrid QID for expected CDLI period label.
ready,571029,Q2167992,Cuneiform Tablet BM 047485,P853,Q512164,Hellenistic Period,Q512163,Achaemenid Period,Replace live period claim with verified FactGrid QID for expected CDLI period label.
ready,571068,Q2170223,Cuneiform Tablet BM 047559,P853,Q512164,Hellenistic Period,Q512163,Achaemenid Period,Replace live period claim with verified FactGrid QID for expected CDLI period label.
ready,571245,Q2047147,Cuneiform Tablet BM 047969,P853,Q512164,Hellenistic Period,Q512163,Achaemenid Period,Replace live period claim with verified FactGrid QID for expected CDLI period label.
ready,571286,Q2164236,Cuneiform Tablet BM 048029,P853,Q512164,Hellenistic Period,Q512163,Achaemenid Period,Replace live period claim with verified FactGrid QID for expected CDLI period label.
ready,572486,Q2063630,Cuneiform Tablet BM 047398,P853,Q512164,Hellenistic Period,Q512163,Achaemenid Period,Replace live period claim with verified FactGrid QID for expected CDLI period label.
ready,573055,Q2170238,Cuneiform Tablet BM 050107,P853,Q512164,Hellenistic Period,Q512163,Achaemenid Period,Replace live period claim with verified FactGrid QID for expected CDLI period label.
ready,573147,Q2167775,Cuneiform Tablet BM 068456 (cast),P853,Q512164,Hellenistic Period,Q512163,Achaemenid Period,Replace live period claim with verified FactGrid QID for expected CDLI period label.
ready,573151,Q2168351,Cuneiform Tablet BM 077426,P853,Q512164,Hellenistic Period,Q512163,Achaemenid Period,Replace live period claim with verified FactGrid QID for expected CDLI period label.
ready,573254,Q2165044,Cuneiform Tablet Graziani Bardiya no. 35,P853,Q512164,Hellenistic Period,Q512163,Achaemenid Period,Replace live period claim with verified FactGrid QID for expected CDLI period label.
ready,573346,Q2162249,Cuneiform Tablet NBDSPC no. 10,P853,Q512164,Hellenistic Period,Q512163,Achaemenid Period,Replace live period claim with verified FactGrid QID for expected CDLI period label.
ready,573385,Q2167023,Cuneiform Tablet NBDSPC no. 11,P853,Q512164,Hellenistic Period,Q512163,Achaemenid Period,Replace live period claim with verified FactGrid QID for expected CDLI period label.
ready,573405,Q2170403,Cuneiform Tablet NBDSPC no. 96,P853,Q512164,Hellenistic Period,Q512163,Achaemenid Period,Replace live period claim with verified FactGrid QID for expected CDLI period label.
ready,573444,Q2168115,Cuneiform Tablet NBDSPC no. 94,P853,Q512164,Hellenistic Period,Q512163,Achaemenid Period,Replace live period claim with verified FactGrid QID for expected CDLI period label.
ready,573556,Q2166214,Cuneiform Tablet BM 061550,P853,Q512164,Hellenistic Period,Q512163,Achaemenid Period,Replace live period claim with verified FactGrid QID for expected CDLI period label.
ready,573628,Q2023753,Cuneiform Tablet BM 075567,P853,Q512164,Hellenistic Period,Q512163,Achaemenid Period,Replace live period claim with verified FactGrid QID for expected CDLI period label.
ready,573805,Q2166067,"Cuneiform Tablet OBO 260, no. 500",P853,Q512164,Hellenistic Period,Q512163,Achaemenid Period,Replace live period claim with verified FactGrid QID for expected CDLI period label.
ready,573852,Q1365821,"Cuneiform Tablet OBO 260, no. 367",P853,Q512164,Hellenistic Period,Q512163,Achaemenid Period,Replace live period claim with verified FactGrid QID for expected CDLI period label.
ready,573940,Q2165866,"Cuneiform Tablet OBO 260, no. 607",P853,Q512164,Hellenistic Period,Q512163,Achaemenid Period,Replace live period claim with verified FactGrid QID for expected CDLI period label.
ready,574179,Q2162261,"Cuneiform Tablet OBO 260, no. 404",P853,Q512164,Hellenistic Period,Q512163,Achaemenid Period,Replace live period claim with verified FactGrid QID for expected CDLI period label.
ready,578422,Q2168919,Cuneiform Tablet BM 053618,P853,Q512164,Hellenistic Period,Q512163,Achaemenid Period,Replace live period claim with verified FactGrid QID for expected CDLI period label.
ready,579337,Q2167330,Cuneiform Tablet BM 055237,P853,Q512164,Hellenistic Period,Q512163,Achaemenid Period,Replace live period claim with verified FactGrid QID for expected CDLI period label.
ready,580440,Q2163638,Cuneiform Tablet BM 059420,P853,Q512164,Hellenistic Period,Q512163,Achaemenid Period,Replace live period claim with verified FactGrid QID for expected CDLI period label.
ready,580568,Q2170517,Cuneiform Tablet NABU 1997/011 BM 59568,P853,Q512164,Hellenistic Period,Q512163,Achaemenid Period,Replace live period claim with verified FactGrid QID for expected CDLI period label.
ready,580745,Q2146957,Cuneiform Tablet BM 059789,P853,Q512164,Hellenistic Period,Q512163,Achaemenid Period,Replace live period claim with verified FactGrid QID for expected CDLI period label.
ready,580968,Q2165646,Cuneiform Tablet Camb. 408,P853,Q512164,Hellenistic Period,Q512163,Achaemenid Period,Replace live period claim with verified FactGrid QID for expected CDLI period label.
ready,581142,Q2169707,Cuneiform Tablet BM 060700,P853,Q512164,Hellenistic Period,Q512163,Achaemenid Period,Replace live period claim with verified FactGrid QID for expected CDLI period label.
ready,581441,Q2047316,Cuneiform Tablet BM 061050,P853,Q512164,Hellenistic Period,Q512163,Achaemenid Period,Replace live period claim with verified FactGrid QID for expected CDLI period label.
ready,581512,Q2169827,Cuneiform Tablet BM 061139,P853,Q512164,Hellenistic Period,Q512163,Achaemenid Period,Replace live period claim with verified FactGrid QID for expected CDLI period label.
ready,581695,Q2166059,Cuneiform Tablet BM 061392,P853,Q512164,Hellenistic Period,Q512163,Achaemenid Period,Replace live period claim with verified FactGrid QID for expected CDLI period label.
ready,581768,Q1938387,Cuneiform Tablet NABU 2006/001,P853,Q512164,Hellenistic Period,Q512163,Achaemenid Period,Replace live period claim with verified FactGrid QID for expected CDLI period label.
ready,581857,Q2147428,Cuneiform Tablet BM 061595,P853,Q512164,Hellenistic Period,Q512163,Achaemenid Period,Replace live period claim with verified FactGrid QID for expected CDLI period label.
ready,581912,Q2044641,Cuneiform Tablet BM 061666,P853,Q512164,Hellenistic Period,Q512163,Achaemenid Period,Replace live period claim with verified FactGrid QID for expected CDLI period label.
ready,581945,Q2166864,Cuneiform Tablet BM 061706,P853,Q512164,Hellenistic Period,Q512163,Achaemenid Period,Replace live period claim with verified FactGrid QID for expected CDLI period label.
ready,581986,Q2162069,Cuneiform Tablet BM 061769,P853,Q512164,Hellenistic Period,Q512163,Achaemenid Period,Replace live period claim with verified FactGrid QID for expected CDLI period label.
ready,582017,Q2148491,Cuneiform Tablet BM 061809,P853,Q512164,Hellenistic Period,Q512163,Achaemenid Period,Replace live period claim with verified FactGrid QID for expected CDLI period label.
ready,582514,Q2168271,Cuneiform Tablet BM 062372,P853,Q512164,Hellenistic Period,Q512163,Achaemenid Period,Replace live period claim with verified FactGrid QID for expected CDLI period label.
ready,582538,Q2163421,Cuneiform Tablet BM 062401,P853,Q512164,Hellenistic Period,Q512163,Achaemenid Period,Replace live period claim with verified FactGrid QID for expected CDLI period label.
ready,582703,Q2162301,Cuneiform Tablet BM 062603,P853,Q512164,Hellenistic Period,Q512163,Achaemenid Period,Replace live period claim with verified FactGrid QID for expected CDLI period label.
ready,582797,Q2026115,Cuneiform Tablet BM 062710,P853,Q512164,Hellenistic Period,Q512163,Achaemenid Period,Replace live period claim with verified FactGrid QID for expected CDLI period label.
ready,583169,Q2063806,Cuneiform Tablet BM 063002,P853,Q512164,Hellenistic Period,Q512163,Achaemenid Period,Replace live period claim with verified FactGrid QID for expected CDLI period label.
ready,583313,Q2164067,Cuneiform Tablet BM 063164,P853,Q512164,Hellenistic Period,Q512163,Achaemenid Period,Replace live period claim with verified FactGrid QID for expected CDLI period label.
ready,583329,Q2163134,Cuneiform Tablet BM 063182,P853,Q512164,Hellenistic Period,Q512163,Achaemenid Period,Replace live period claim with verified FactGrid QID for expected CDLI period label.
ready,583450,Q2164971,Cuneiform Tablet BM 063316,P853,Q512164,Hellenistic Period,Q512163,Achaemenid Period,Replace live period claim with verified FactGrid QID for expected CDLI period label.
ready,583485,Q2169711,Cuneiform Tablet BM 063355,P853,Q512164,Hellenistic Period,Q512163,Achaemenid Period,Replace live period claim with verified FactGrid QID for expected CDLI period label.
ready,583515,Q2164568,Cuneiform Tablet BM 063388,P853,Q512164,Hellenistic Period,Q512163,Achaemenid Period,Replace live period claim with verified FactGrid QID for expected CDLI period label.
ready,583647,Q2165669,Cuneiform Tablet BM 063529,P853,Q512164,Hellenistic Period,Q512163,Achaemenid Period,Replace live period claim with verified FactGrid QID for expected CDLI period label.
ready,583779,Q2163012,Cuneiform Tablet BM 063682,P853,Q512164,Hellenistic Period,Q512163,Achaemenid Period,Replace live period claim with verified FactGrid QID for expected CDLI period label.
ready,584028,Q2165834,Cuneiform Tablet BM 063997,P853,Q512164,Hellenistic Period,Q512163,Achaemenid Period,Replace live period claim with verified FactGrid QID for expected CDLI period label.
ready,584053,Q2164052,Cuneiform Tablet BM 064018,P853,Q512164,Hellenistic Period,Q512163,Achaemenid Period,Replace live period claim with verified FactGrid QID for expected CDLI period label.
ready,584069,Q2159294,Cuneiform Tablet BM 064041,P853,Q512164,Hellenistic Period,Q512163,Achaemenid Period,Replace live period claim with verified FactGrid QID for expected CDLI period label.
ready,584086,Q2160942,Cuneiform Tablet ABC no. 35,P853,Q512164,Hellenistic Period,Q512163,Achaemenid Period,Replace live period claim with verified FactGrid QID for expected CDLI period label.
ready,584090,Q1987899,Cuneiform Tablet BM 064071,P853,Q512164,Hellenistic Period,Q512163,Achaemenid Period,Replace live period claim with verified FactGrid QID for expected CDLI period label.
ready,584116,Q2163109,Cuneiform Tablet BM 064114,P853,Q512164,Hellenistic Period,Q512163,Achaemenid Period,Replace live period claim with verified FactGrid QID for expected CDLI period label.
ready,584182,Q2165656,Cuneiform Tablet BM 064213 + BM 064222,P853,Q512164,Hellenistic Period,Q512163,Achaemenid Period,Replace live period claim with verified FactGrid QID for expected CDLI period label.
ready,584268,Q2162855,Cuneiform Tablet BM 064349,P853,Q512164,Hellenistic Period,Q512163,Achaemenid Period,Replace live period claim with verified FactGrid QID for expected CDLI period label.
ready,584403,Q2163895,Cuneiform Tablet BM 064538,P853,Q512164,Hellenistic Period,Q512163,Achaemenid Period,Replace live period claim with verified FactGrid QID for expected CDLI period label.
ready,584497,Q2166149,Cuneiform Tablet BM 064658,P853,Q512164,Hellenistic Period,Q512163,Achaemenid Period,Replace live period claim with verified FactGrid QID for expected CDLI period label.
ready,584593,Q2157602,Cuneiform Tablet BM 064770,P853,Q512164,Hellenistic Period,Q512163,Achaemenid Period,Replace live period claim with verified FactGrid QID for expected CDLI period label.
ready,584643,Q2047527,Cuneiform Tablet BM 064838,P853,Q512164,Hellenistic Period,Q512163,Achaemenid Period,Replace live period claim with verified FactGrid QID for expected CDLI period label.
ready,584815,Q2163375,Cuneiform Tablet BM 065062,P853,Q512164,Hellenistic Period,Q512163,Achaemenid Period,Replace live period claim with verified FactGrid QID for expected CDLI period label.
ready,584950,Q2163758,Cuneiform Tablet BM 065241,P853,Q512164,Hellenistic Period,Q512163,Achaemenid Period,Replace live period claim with verified FactGrid QID for expected CDLI period label.
ready,585029,Q2162405,Cuneiform Tablet BM 065339 + BM 068761,P853,Q512164,Hellenistic Period,Q512163,Achaemenid Period,Replace live period claim with verified FactGrid QID for expected CDLI period label.
ready,585290,Q2170529,Cuneiform Tablet BM 065663,P853,Q512164,Hellenistic Period,Q512163,Achaemenid Period,Replace live period claim with verified FactGrid QID for expected CDLI period label.
ready,585479,Q2162557,Cuneiform Tablet BM 065889,P853,Q512164,Hellenistic Period,Q512163,Achaemenid Period,Replace live period claim with verified FactGrid QID for expected CDLI period label.
ready,585547,Q2146717,"Cuneiform Tablet Kaskal 6, 175 no. 13",P853,Q512164,Hellenistic Period,Q512163,Achaemenid Period,Replace live period claim with verified FactGrid QID for expected CDLI period label.
ready,585843,Q2167621,Cuneiform Tablet BM 066296,P853,Q512164,Hellenistic Period,Q512163,Achaemenid Period,Replace live period claim with verified FactGrid QID for expected CDLI period label.
ready,586015,Q2165846,Cuneiform Tablet BM 066485,P853,Q512164,Hellenistic Period,Q512163,Achaemenid Period,Replace live period claim with verified FactGrid QID for expected CDLI period label.
ready,586255,Q2162837,Cuneiform Tablet BM 066791,P853,Q512164,Hellenistic Period,Q512163,Achaemenid Period,Replace live period claim with verified FactGrid QID for expected CDLI period label.
ready,586347,Q2164453,Cuneiform Tablet BM 066913,P853,Q512164,Hellenistic Period,Q512163,Achaemenid Period,Replace live period claim with verified FactGrid QID for expected CDLI period label.
ready,586594,Q2163927,"Cuneiform Tablet AfO 38/39, 94 no. 10",P853,Q512164,Hellenistic Period,Q512163,Achaemenid Period,Replace live period claim with verified FactGrid QID for expected CDLI period label.
ready,586605,Q2162692,Cuneiform Tablet BM 067229,P853,Q512164,Hellenistic Period,Q512163,Achaemenid Period,Replace live period claim with verified FactGrid QID for expected CDLI period label.
ready,586687,Q2169697,Cuneiform Tablet BM 067339,P853,Q512164,Hellenistic Period,Q512163,Achaemenid Period,Replace live period claim with verified FactGrid QID for expected CDLI period label.
ready,587254,Q2165364,Cuneiform Tablet BM 068006,P853,Q512164,Hellenistic Period,Q512163,Achaemenid Period,Replace live period claim with verified FactGrid QID for expected CDLI period label.
ready,587350,Q2165893,Cuneiform Tablet BM 068143,P853,Q512164,Hellenistic Period,Q512163,Achaemenid Period,Replace live period claim with verified FactGrid QID for expected CDLI period label.
ready,587413,Q2164997,Cuneiform Tablet BM 068224,P853,Q512164,Hellenistic Period,Q512163,Achaemenid Period,Replace live period claim with verified FactGrid QID for expected CDLI period label.
ready,587556,Q2164165,Cuneiform Tablet BM 068399,P853,Q512164,Hellenistic Period,Q512163,Achaemenid Period,Replace live period claim with verified FactGrid QID for expected CDLI period label.
ready,587583,Q2169309,Cuneiform Tablet BM 068438,P853,Q512164,Hellenistic Period,Q512163,Achaemenid Period,Replace live period claim with verified FactGrid QID for expected CDLI period label.
ready,587716,Q2168311,Cuneiform Tablet BM 068602,P853,Q512164,Hellenistic Period,Q512163,Achaemenid Period,Replace live period claim with verified FactGrid QID for expected CDLI period label.
ready,589499,Q2167571,Cuneiform Tablet BM 070467,P853,Q512164,Hellenistic Period,Q512163,Achaemenid Period,Replace live period claim with verified FactGrid QID for expected CDLI period label.
ready,589837,Q2144163,Cuneiform Tablet BM 070859,P853,Q512164,Hellenistic Period,Q512163,Achaemenid Period,Replace live period claim with verified FactGrid QID for expected CDLI period label.
ready,590786,Q2164945,Cuneiform Tablet BM 071913,P853,Q512164,Hellenistic Period,Q512163,Achaemenid Period,Replace live period claim with verified FactGrid QID for expected CDLI period label.
ready,591396,Q2170481,Cuneiform Tablet BM 072793,P853,Q512164,Hellenistic Period,Q512163,Achaemenid Period,Replace live period claim with verified FactGrid QID for expected CDLI period label.
ready,591482,Q2164073,Cuneiform Tablet BM 072895,P853,Q512164,Hellenistic Period,Q512163,Achaemenid Period,Replace live period claim with verified FactGrid QID for expected CDLI period label.
ready,591512,Q2169629,Cuneiform Tablet BM 072925,P853,Q512164,Hellenistic Period,Q512163,Achaemenid Period,Replace live period claim with verified FactGrid QID for expected CDLI period label.
ready,591590,Q2162495,Cuneiform Tablet BM 073012,P853,Q512164,Hellenistic Period,Q512163,Achaemenid Period,Replace live period claim with verified FactGrid QID for expected CDLI period label.
ready,592040,Q2170116,Cuneiform Tablet BM 073593,P853,Q512164,Hellenistic Period,Q512163,Achaemenid Period,Replace live period claim with verified FactGrid QID for expected CDLI period label.
ready,592113,Q2165917,Cuneiform Tablet BM 073677,P853,Q512164,Hellenistic Period,Q512163,Achaemenid Period,Replace live period claim with verified FactGrid QID for expected CDLI period label.
ready,592328,Q2047977,Cuneiform Tablet BM 073936,P853,Q512164,Hellenistic Period,Q512163,Achaemenid Period,Replace live period claim with verified FactGrid QID for expected CDLI period label.
ready,592685,Q2167522,Cuneiform Tablet BM 074462,P853,Q512164,Hellenistic Period,Q512163,Achaemenid Period,Replace live period claim with verified FactGrid QID for expected CDLI period label.
ready,592754,Q2164506,Cuneiform Tablet BM 074616,P853,Q512164,Hellenistic Period,Q512163,Achaemenid Period,Replace live period claim with verified FactGrid QID for expected CDLI period label.
ready,592778,Q2063700,Cuneiform Tablet BM 074666,P853,Q512164,Hellenistic Period,Q512163,Achaemenid Period,Replace live period claim with verified FactGrid QID for expected CDLI period label.
ready,592781,Q2168991,Cuneiform Tablet BM 074674,P853,Q512164,Hellenistic Period,Q512163,Achaemenid Period,Replace live period claim with verified FactGrid QID for expected CDLI period label.
ready,592943,Q2170372,Cuneiform Tablet BM 075693,P853,Q512164,Hellenistic Period,Q512163,Achaemenid Period,Replace live period claim with verified FactGrid QID for expected CDLI period label.
ready,593190,Q2169278,Cuneiform Tablet BM 076221,P853,Q512164,Hellenistic Period,Q512163,Achaemenid Period,Replace live period claim with verified FactGrid QID for expected CDLI period label.
ready,593581,Q2166871,Cuneiform Tablet BM 076747,P853,Q512164,Hellenistic Period,Q512163,Achaemenid Period,Replace live period claim with verified FactGrid QID for expected CDLI period label.
ready,593885,Q2047385,"Cuneiform Tablet Rechtsleben 2, 61",P853,Q512164,Hellenistic Period,Q512163,Achaemenid Period,Replace live period claim with verified FactGrid QID for expected CDLI period label.
ready,593997,Q2167510,Cuneiform Tablet BM 077622,P853,Q512164,Hellenistic Period,Q512163,Achaemenid Period,Replace live period claim with verified FactGrid QID for expected CDLI period label.
ready,594053,Q2163686,Cuneiform Tablet BM 077730,P853,Q512164,Hellenistic Period,Q512163,Achaemenid Period,Replace live period claim with verified FactGrid QID for expected CDLI period label.
ready,594638,Q2162357,Cuneiform Tablet BM 078964,P853,Q512164,Hellenistic Period,Q512163,Achaemenid Period,Replace live period claim with verified FactGrid QID for expected CDLI period label.
ready,594792,Q2162600,Cuneiform Tablet BM 079196,P853,Q512164,Hellenistic Period,Q512163,Achaemenid Period,Replace live period claim with verified FactGrid QID for expected CDLI period label.
ready,594897,Q2170097,Cuneiform Tablet BM 079331,P853,Q512164,Hellenistic Period,Q512163,Achaemenid Period,Replace live period claim with verified FactGrid QID for expected CDLI period label.
ready,595044,Q2169002,Cuneiform Tablet BM 079527,P853,Q512164,Hellenistic Period,Q512163,Achaemenid Period,Replace live period claim with verified FactGrid QID for expected CDLI period label.
ready,595052,Q2047433,Cuneiform Tablet BM 079537,P853,Q512164,Hellenistic Period,Q512163,Achaemenid Period,Replace live period claim with verified FactGrid QID for expected CDLI period label.
ready,595183,Q2162888,Cuneiform Tablet BM 079707,P853,Q512164,Hellenistic Period,Q512163,Achaemenid Period,Replace live period claim with verified FactGrid QID for expected CDLI period label.
ready,595551,Q2169646,Cuneiform Tablet BM 080755,P853,Q512164,Hellenistic Period,Q512163,Achaemenid Period,Replace live period claim with verified FactGrid QID for expected CDLI period label.
ready,595793,Q2165717,Cuneiform Tablet BM 081242,P853,Q512164,Hellenistic Period,Q512163,Achaemenid Period,Replace live period claim with verified FactGrid QID for expected CDLI period label.
ready,598226,Q2168789,Cuneiform Tablet BM 084466,P853,Q512164,Hellenistic Period,Q512163,Achaemenid Period,Replace live period claim with verified FactGrid QID for expected CDLI period label.
ready,598267,Q2166519,Cuneiform Tablet BM 084514,P853,Q512164,Hellenistic Period,Q512163,Achaemenid Period,Replace live period claim with verified FactGrid QID for expected CDLI period label.
ready,598549,Q2012899,Cuneiform Tablet BM 087248,P853,Q512164,Hellenistic Period,Q512163,Achaemenid Period,Replace live period claim with verified FactGrid QID for expected CDLI period label.
ready,599071,Q2029860,Cuneiform Tablet BM 094198,P853,Q512164,Hellenistic Period,Q512163,Achaemenid Period,Replace live period claim with verified FactGrid QID for expected CDLI period label.
ready,599358,Q2168459,Cuneiform Tablet BM 094729,P853,Q512164,Hellenistic Period,Q512163,Achaemenid Period,Replace live period claim with verified FactGrid QID for expected CDLI period label.
ready,599421,Q2047236,Cuneiform Tablet BM 094826,P853,Q512164,Hellenistic Period,Q512163,Achaemenid Period,Replace live period claim with verified FactGrid QID for expected CDLI period label.
ready,599837,Q2048020,Cuneiform Tablet BM 096239,P853,Q512164,Hellenistic Period,Q512163,Achaemenid Period,Replace live period claim with verified FactGrid QID for expected CDLI period label.
ready,599860,Q2167597,Cuneiform Tablet BM 096266,P853,Q512164,Hellenistic Period,Q512163,Achaemenid Period,Replace live period claim with verified FactGrid QID for expected CDLI period label.
ready,599909,Q2162678,Cuneiform Tablet BM 096323,P853,Q512164,Hellenistic Period,Q512163,Achaemenid Period,Replace live period claim with verified FactGrid QID for expected CDLI period label.
ready,599925,Q2166654,Cuneiform Tablet BM 096342,P853,Q512164,Hellenistic Period,Q512163,Achaemenid Period,Replace live period claim with verified FactGrid QID for expected CDLI period label.
ready,599964,Q2168945,Cuneiform Tablet BM 096388,P853,Q512164,Hellenistic Period,Q512163,Achaemenid Period,Replace live period claim with verified FactGrid QID for expected CDLI period label.
ready,599972,Q2047562,Cuneiform Tablet BM 096400,P853,Q512164,Hellenistic Period,Q512163,Achaemenid Period,Replace live period claim with verified FactGrid QID for expected CDLI period label.
ready,600056,Q2163035,Cuneiform Tablet BM 096509,P853,Q512164,Hellenistic Period,Q512163,Achaemenid Period,Replace live period claim with verified FactGrid QID for expected CDLI period label.
ready,600083,Q2158391,Cuneiform Tablet BM 096538,P853,Q512164,Hellenistic Period,Q512163,Achaemenid Period,Replace live period claim with verified FactGrid QID for expected CDLI period label.
ready,600095,Q2167689,Cuneiform Tablet BM 096554,P853,Q512164,Hellenistic Period,Q512163,Achaemenid Period,Replace live period claim with verified FactGrid QID for expected CDLI period label.
ready,600406,Q2163151,Cuneiform Tablet BM 099593,P853,Q512164,Hellenistic Period,Q512163,Achaemenid Period,Replace live period claim with verified FactGrid QID for expected CDLI period label.
ready,600538,Q2165742,Cuneiform Tablet BM 099829,P853,Q512164,Hellenistic Period,Q512163,Achaemenid Period,Replace live period claim with verified FactGrid QID for expected CDLI period label.
ready,600580,Q2014708,Cuneiform Tablet BM 099879,P853,Q512164,Hellenistic Period,Q512163,Achaemenid Period,Replace live period claim with verified FactGrid QID for expected CDLI period label.
ready,600596,Q2160123,Cuneiform Tablet BM 099896,P853,Q512164,Hellenistic Period,Q512163,Achaemenid Period,Replace live period claim with verified FactGrid QID for expected CDLI period label.
ready,600611,Q2167366,Cuneiform Tablet BM 099919,P853,Q512164,Hellenistic Period,Q512163,Achaemenid Period,Replace live period claim with verified FactGrid QID for expected CDLI period label.
ready,600955,Q2163307,Cuneiform Tablet BM 100990,P853,Q512164,Hellenistic Period,Q512163,Achaemenid Period,Replace live period claim with verified FactGrid QID for expected CDLI period label.
ready,600980,Q2152962,Cuneiform Tablet BM 101016,P853,Q512164,Hellenistic Period,Q512163,Achaemenid Period,Replace live period claim with verified FactGrid QID for expected CDLI period label.
ready,601000,Q2167092,Cuneiform Tablet BM 101036,P853,Q512164,Hellenistic Period,Q512163,Achaemenid Period,Replace live period claim with verified FactGrid QID for expected CDLI period label.
ready,601186,Q2162089,Cuneiform Tablet BM 101246,P853,Q512164,Hellenistic Period,Q512163,Achaemenid Period,Replace live period claim with verified FactGrid QID for expected CDLI period label.
ready,601387,Q2165599,Cuneiform Tablet BM 101481,P853,Q512164,Hellenistic Period,Q512163,Achaemenid Period,Replace live period claim with verified FactGrid QID for expected CDLI period label.
ready,601542,Q2023144,Cuneiform Tablet BM 101653,P853,Q512164,Hellenistic Period,Q512163,Achaemenid Period,Replace live period claim with verified FactGrid QID for expected CDLI period label.
ready,601811,Q2047760,"Cuneiform Tablet AfO 50, 241 no. 22",P853,Q512164,Hellenistic Period,Q512163,Achaemenid Period,Replace live period claim with verified FactGrid QID for expected CDLI period label.
ready,601903,Q2167396,Cuneiform Tablet BM 108966,P853,Q512164,Hellenistic Period,Q512163,Achaemenid Period,Replace live period claim with verified FactGrid QID for expected CDLI period label.
ready,601942,Q2169643,Cuneiform Tablet BM 109889,P853,Q512164,Hellenistic Period,Q512163,Achaemenid Period,Replace live period claim with verified FactGrid QID for expected CDLI period label.
ready,601978,Q2164381,Cuneiform Tablet BM 113395,P853,Q512164,Hellenistic Period,Q512163,Achaemenid Period,Replace live period claim with verified FactGrid QID for expected CDLI period label.
ready,601997,Q2164910,Cuneiform Tablet BM 113485,P853,Q512164,Hellenistic Period,Q512163,Achaemenid Period,Replace live period claim with verified FactGrid QID for expected CDLI period label.
ready,602047,Q1931878,Cuneiform Tablet BM 114561,P853,Q512164,Hellenistic Period,Q512163,Achaemenid Period,Replace live period claim with verified FactGrid QID for expected CDLI period label.
ready,602051,Q2162084,Cuneiform Tablet BM 114572,P853,Q512164,Hellenistic Period,Q512163,Achaemenid Period,Replace live period claim with verified FactGrid QID for expected CDLI period label.
ready,602084,Q2163999,"Cuneiform Tablet JCS 72, 181 text 12",P853,Q512164,Hellenistic Period,Q512163,Achaemenid Period,Replace live period claim with verified FactGrid QID for expected CDLI period label.
ready,602102,Q2167879,Cuneiform Tablet BM 114849,P853,Q512164,Hellenistic Period,Q512163,Achaemenid Period,Replace live period claim with verified FactGrid QID for expected CDLI period label.
ready,602712,Q2164736,"Cuneiform Tablet FuB 14, 17 no. 7",P853,Q512164,Hellenistic Period,Q512163,Achaemenid Period,Replace live period claim with verified FactGrid QID for expected CDLI period label.
ready,602728,Q2168874,Cuneiform Tablet Rm 0682,P853,Q512164,Hellenistic Period,Q512163,Achaemenid Period,Replace live period claim with verified FactGrid QID for expected CDLI period label.
ready,602745,Q2162756,Cuneiform Tablet BM 075955,P853,Q512164,Hellenistic Period,Q512163,Achaemenid Period,Replace live period claim with verified FactGrid QID for expected CDLI period label.
ready,602769,Q2166590,Cuneiform Tablet BM 017017,P853,Q512164,Hellenistic Period,Q512163,Achaemenid Period,Replace live period claim with verified FactGrid QID for expected CDLI period label.
ready,602786,Q2167551,"Cuneiform Tablet RA 90, 43 no. 2",P853,Q512164,Hellenistic Period,Q512163,Achaemenid Period,Replace live period claim with verified FactGrid QID for expected CDLI period label.
ready,602987,Q2163702,"Cuneiform Tablet Schaudig, Babil 5, no. 83 (N13: 235)",P853,Q512164,Hellenistic Period,Q512163,Achaemenid Period,Replace live period claim with verified FactGrid QID for expected CDLI period label.
ready,603011,Q2162266,"Cuneiform Tablet Schaudig, Babil 5, no. 64 (N13: 7)",P853,Q512164,Hellenistic Period,Q512163,Achaemenid Period,Replace live period claim with verified FactGrid QID for expected CDLI period label.
ready,603103,Q2165056,Cuneiform Tablet Dar. 297,P853,Q512164,Hellenistic Period,Q512163,Achaemenid Period,Replace live period claim with verified FactGrid QID for expected CDLI period label.
ready,218121,Q2165045,"Cuneiform Artifact RIME 4.01.04.05, ex. add50",P853,Q512152,Old Babylonian Period,Q512150,Early Old Babylonian Period,Replace live period claim with verified FactGrid QID for expected CDLI period label.
ready,225433,Q2163770,"Cuneiform Artifact RIME 4.01.10.09, ex. 01",P853,Q512161,Neo-Babylonian Period,Q512150,Early Old Babylonian Period,Replace live period claim with verified FactGrid QID for expected CDLI period label.
ready,225599,Q2163509,"Cuneiform Artifact RIME 4.02.05.02, ex. 08",P853,Q512163,Achaemenid Period,Q512150,Early Old Babylonian Period,Replace live period claim with verified FactGrid QID for expected CDLI period label.
ready,225608,Q2162554,"Cuneiform Artifact RIME 4.02.07.01, ex. 47",P853,Q512154,Middle Babylonian Period,Q512150,Early Old Babylonian Period,Replace live period claim with verified FactGrid QID for expected CDLI period label.
ready,225624,Q2166820,"Cuneiform Artifact RIME 4.02.13.26, ex. 03",P853,Q512148,Ur III Period,Q512150,Early Old Babylonian Period,Replace live period claim with verified FactGrid QID for expected CDLI period label.
ready,269873,Q2162180,"Cuneiform Artifact RIME 4.02.13.09, ex. 24",P853,Q512153,Middle Hittite Period,Q512150,Early Old Babylonian Period,Replace live period claim with verified FactGrid QID for expected CDLI period label.
ready,269936,Q2162393,"Cuneiform Artifact RIME 4.02.12.01, ex. 12",P853,Q512148,Ur III Period,Q512150,Early Old Babylonian Period,Replace live period claim with verified FactGrid QID for expected CDLI period label.
ready,274105,Q2168267,"Cuneiform Artifact RIME 4.04.01.03, ex. add359",P853,Q512152,Old Babylonian Period,Q512150,Early Old Babylonian Period,Replace live period claim with verified FactGrid QID for expected CDLI period label.
ready,274607,Q2162400,"Cuneiform Artifact RIME 4.04.01.04, ex. 054",P853,Q512164,Hellenistic Period,Q512150,Early Old Babylonian Period,Replace live period claim with verified FactGrid QID for expected CDLI period label.
ready,274914,Q2165805,"Cuneiform Artifact RIME 4.04.01.03, ex. add148",P853,Q512153,Middle Hittite Period,Q512150,Early Old Babylonian Period,Replace live period claim with verified FactGrid QID for expected CDLI period label.
ready,332997,Q2163713,"Cuneiform Artifact RIME 4.04.01.03, ex. add151",P853,Q512152,Old Babylonian Period,Q512150,Early Old Babylonian Period,Replace live period claim with verified FactGrid QID for expected CDLI period label.
ready,391773,Q2165336,"Cuneiform Artifact RIME 4.04.01.03, ex. add219",P853,Q512146,Lagash II Period,Q512150,Early Old Babylonian Period,Replace live period claim with verified FactGrid QID for expected CDLI period label.
ready,392108,Q2167914,"Cuneiform Artifact RIME 4.01.10.06, ex. 01-02",P853,Q512152,Old Babylonian Period,Q512150,Early Old Babylonian Period,Replace live period claim with verified FactGrid QID for expected CDLI period label.
ready,405499,Q2162975,"Cuneiform Artifact RIME 4.04.01.04, ex. add149",P853,Q512134,Uruk III Period,Q512150,Early Old Babylonian Period,Replace live period claim with verified FactGrid QID for expected CDLI period label.
ready,416489,Q2164385,"Cuneiform Artifact RIME 4.01.05.04, ex. add129",P853,Q512152,Old Babylonian Period,Q512150,Early Old Babylonian Period,Replace live period claim with verified FactGrid QID for expected CDLI period label.
ready,423753,Q2166629,"Cuneiform Artifact RIME 4.04.01.04, ex. add079",P853,Q512162,Persian Period,Q512150,Early Old Babylonian Period,Replace live period claim with verified FactGrid QID for expected CDLI period label.
ready,429132,Q2165695,"Cuneiform Artifact RIME 4.01.05.03, ex. 043",P853,Q512152,Old Babylonian Period,Q512150,Early Old Babylonian Period,Replace live period claim with verified FactGrid QID for expected CDLI period label.
ready,429149,Q2163907,"Cuneiform Artifact RIME 4.01.05.03, ex. 012-013",P853,Q512134,Uruk III Period,Q512150,Early Old Babylonian Period,Replace live period claim with verified FactGrid QID for expected CDLI period label.
ready,431447,Q2166322,"Cuneiform Artifact RIME 4.01.04.07, ex. 11",P853,Q512162,Persian Period,Q512150,Early Old Babylonian Period,Replace live period claim with verified FactGrid QID for expected CDLI period label.
ready,431502,Q2165338,"Cuneiform Artifact RIME 4.01.05.06, ex. 09",P853,Q512135,Proto-Elamite Period,Q512150,Early Old Babylonian Period,Replace live period claim with verified FactGrid QID for expected CDLI period label.
ready,431555,Q2168216,"Cuneiform Artifact RIME 4.02.09.02, ex. 01",P853,Q512162,Persian Period,Q512150,Early Old Babylonian Period,Replace live period claim with verified FactGrid QID for expected CDLI period label.
ready,431579,Q2163525,"Cuneiform Artifact RIME 4.01.15.02, ex. 03",P853,Q512142,Early Dynastic IIIb Period,Q512150,Early Old Babylonian Period,Replace live period claim with verified FactGrid QID for expected CDLI period label.
ready,431596,Q2163397,"Cuneiform Artifact RIME 4.02.05.03, ex. 03",P853,Q512134,Uruk III Period,Q512150,Early Old Babylonian Period,Replace live period claim with verified FactGrid QID for expected CDLI period label.
ready,431607,Q2162177,"Cuneiform Artifact RIME 4.02.07.01, ex. 02",P853,Q512148,Ur III Period,Q512150,Early Old Babylonian Period,Replace live period claim with verified FactGrid QID for expected CDLI period label.
ready,431650,Q2164277,"Cuneiform Artifact RIME 4.02.09.06, ex. 08-09",P853,Q512158,Neo-Assyrian Period,Q512150,Early Old Babylonian Period,Replace live period claim with verified FactGrid QID for expected CDLI period label.
ready,431715,Q2165269,"Cuneiform Artifact RIME 4.02.13.16, ex. 19",P853,Q512152,Old Babylonian Period,Q512150,Early Old Babylonian Period,Replace live period claim with verified FactGrid QID for expected CDLI period label.
ready,431742,Q2162395,"Cuneiform Artifact RIME 4.02.13.16, ex. 78",P853,Q512146,Lagash II Period,Q512150,Early Old Babylonian Period,Replace live period claim with verified FactGrid QID for expected CDLI period label.
ready,432705,Q2163933,"Cuneiform Artifact RIME 4.02.14.17, ex. add13",P853,Q512148,Ur III Period,Q512150,Early Old Babylonian Period,Replace live period claim with verified FactGrid QID for expected CDLI period label.
ready,448026,Q2167663,"Cuneiform Artifact RIME 4.04.01.01, ex. 09",P853,Q512152,Old Babylonian Period,Q512150,Early Old Babylonian Period,Replace live period claim with verified FactGrid QID for expected CDLI period label.
ready,448134,Q2166039,"Cuneiform Artifact RIME 4.04.01.14, ex. 31-32",P853,Q512132,Uruk IV Period,Q512150,Early Old Babylonian Period,Replace live period claim with verified FactGrid QID for expected CDLI period label.
ready,469956,Q2167263,"Cuneiform Artifact RIME 4.04.01.02, ex. add166",P853,Q512152,Old Babylonian Period,Q512150,Early Old Babylonian Period,Replace live period claim with verified FactGrid QID for expected CDLI period label.
ready,514410,Q2163027,Cuneiform Artifact CDLI Seals 013829 (composite),P853,Q512148,Ur III Period,Q512150,Early Old Babylonian Period,Replace live period claim with verified FactGrid QID for expected CDLI period label.
ready,519520,Q2166532,"Cuneiform Artifact RIME 4.01.10.01, ex. add11",P853,Q512161,Neo-Babylonian Period,Q512150,Early Old Babylonian Period,Replace live period claim with verified FactGrid QID for expected CDLI period label.
ready,231866,Q2163055,"Cuneiform Artifact RIME 3/1.01.06.04, ex. 049",P853,Q512153,Middle Hittite Period,Q512146,Lagash II Period,Replace live period claim with verified FactGrid QID for expected CDLI period label.
ready,231889,Q2163831,"Cuneiform Artifact RIME 3/1.01.06.04, ex. 072",P853,Q512152,Old Babylonian Period,Q512146,Lagash II Period,Replace live period claim with verified FactGrid QID for expected CDLI period label.
ready,231923,Q2163996,"Cuneiform Artifact RIME 3/1.01.06.04, ex. 106",P853,Q512154,Middle Babylonian Period,Q512146,Lagash II Period,Replace live period claim with verified FactGrid QID for expected CDLI period label.
ready,231958,Q2165852,"Cuneiform Artifact RIME 3/1.01.06.04, ex. 141",P853,Q512161,Neo-Babylonian Period,Q512146,Lagash II Period,Replace live period claim with verified FactGrid QID for expected CDLI period label.
ready,232067,Q2162726,"Cuneiform Artifact RIME 3/1.01.06.04, ex. 250",P853,Q512152,Old Babylonian Period,Q512146,Lagash II Period,Replace live period claim with verified FactGrid QID for expected CDLI period label.
ready,232175,Q2164625,"Cuneiform Artifact RIME 3/1.01.06.04, ex. 358",P853,Q512153,Middle Hittite Period,Q512146,Lagash II Period,Replace live period claim with verified FactGrid QID for expected CDLI period label.
ready,232227,Q2165714,"Cuneiform Artifact RIME 3/1.01.06.04, ex. 410",P853,Q512134,Uruk III Period,Q512146,Lagash II Period,Replace live period claim with verified FactGrid QID for expected CDLI period label.
ready,232319,Q2162912,"Cuneiform Artifact RIME 3/1.01.07.003, ex. 06",P853,Q512152,Old Babylonian Period,Q512146,Lagash II Period,Replace live period claim with verified FactGrid QID for expected CDLI period label.
ready,232460,Q2164701,"Cuneiform Artifact RIME 3/1.01.07.016, ex. 35",P853,Q512152,Old Babylonian Period,Q512146,Lagash II Period,Replace live period claim with verified FactGrid QID for expected CDLI period label.
ready,232525,Q2164503,"Cuneiform Artifact RIME 3/1.01.07.024, ex. 31",P853,Q512154,Middle Babylonian Period,Q512146,Lagash II Period,Replace live period claim with verified FactGrid QID for expected CDLI period label.
ready,232620,Q2167686,"Cuneiform Artifact RIME 3/1.01.07.031, ex. 036",P853,Q512148,Ur III Period,Q512146,Lagash II Period,Replace live period claim with verified FactGrid QID for expected CDLI period label.
ready,232677,Q2165872,"Cuneiform Artifact RIME 3/1.01.07.031, ex. 093",P853,Q512148,Ur III Period,Q512146,Lagash II Period,Replace live period claim with verified FactGrid QID for expected CDLI period label.
ready,232698,Q2165971,"Cuneiform Artifact RIME 3/1.01.07.031, ex. 114",P853,Q512148,Ur III Period,Q512146,Lagash II Period,Replace live period claim with verified FactGrid QID for expected CDLI period label.
ready,232732,Q2166093,"Cuneiform Artifact RIME 3/1.01.07.031, ex. 148",P853,Q512164,Hellenistic Period,Q512146,Lagash II Period,Replace live period claim with verified FactGrid QID for expected CDLI period label.
ready,232749,Q2163075,"Cuneiform Artifact RIME 3/1.01.07.035, ex. 04",P853,Q512158,Neo-Assyrian Period,Q512146,Lagash II Period,Replace live period claim with verified FactGrid QID for expected CDLI period label.
ready,232821,Q2162099,"Cuneiform Artifact RIME 3/1.01.07.037, ex. 0070",P853,Q512155,Middle Assyrian Period,Q512146,Lagash II Period,Replace live period claim with verified FactGrid QID for expected CDLI period label.
ready,232964,Q2162466,"Cuneiform Artifact RIME 3/1.01.07.037, ex. 0213",P853,Q512148,Ur III Period,Q512146,Lagash II Period,Replace live period claim with verified FactGrid QID for expected CDLI period label.
ready,233066,Q2165599,"Cuneiform Artifact RIME 3/1.01.07.037, ex. 0315",P853,Q512164,Hellenistic Period,Q512146,Lagash II Period,Replace live period claim with verified FactGrid QID for expected CDLI period label.
ready,233089,Q2166263,"Cuneiform Artifact RIME 3/1.01.07.037, ex. 0338",P853,Q512150,Early Old Babylonian Period,Q512146,Lagash II Period,Replace live period claim with verified FactGrid QID for expected CDLI period label.
ready,233123,Q2166392,"Cuneiform Artifact RIME 3/1.01.07.037, ex. 0372",P853,Q512158,Neo-Assyrian Period,Q512146,Lagash II Period,Replace live period claim with verified FactGrid QID for expected CDLI period label.
ready,233158,Q2163379,"Cuneiform Artifact RIME 3/1.01.07.037, ex. 0407",P853,Q512152,Old Babylonian Period,Q512146,Lagash II Period,Replace live period claim with verified FactGrid QID for expected CDLI period label.
ready,233174,Q2168357,"Cuneiform Artifact RIME 3/1.01.07.037, ex. 0423",P853,Q512153,Middle Hittite Period,Q512146,Lagash II Period,Replace live period claim with verified FactGrid QID for expected CDLI period label.
ready,233226,Q2162585,"Cuneiform Artifact RIME 3/1.01.07.037, ex. 0475",P853,Q512161,Neo-Babylonian Period,Q512146,Lagash II Period,Replace live period claim with verified FactGrid QID for expected CDLI period label.
ready,233271,Q2165048,"Cuneiform Artifact RIME 3/1.01.07.037, ex. 0520",P853,Q512152,Old Babylonian Period,Q512146,Lagash II Period,Replace live period claim with verified FactGrid QID for expected CDLI period label.
ready,233363,Q2162252,"Cuneiform Artifact RIME 3/1.01.07.037, ex. 0612",P853,Q512154,Middle Babylonian Period,Q512146,Lagash II Period,Replace live period claim with verified FactGrid QID for expected CDLI period label.
ready,233461,Q2168119,"Cuneiform Artifact RIME 3/1.01.07.037, ex. 0710",P853,Q512152,Old Babylonian Period,Q512146,Lagash II Period,Replace live period claim with verified FactGrid QID for expected CDLI period label.
ready,233508,Q2163220,"Cuneiform Artifact RIME 3/1.01.07.037, ex. 0757",P853,Q512148,Ur III Period,Q512146,Lagash II Period,Replace live period claim with verified FactGrid QID for expected CDLI period label.
ready,233524,Q2168493,"Cuneiform Artifact RIME 3/1.01.07.037, ex. 0773",P853,Q512143,Ebla Period,Q512146,Lagash II Period,Replace live period claim with verified FactGrid QID for expected CDLI period label.
ready,233573,Q2166218,"Cuneiform Artifact RIME 3/1.01.07.037, ex. 0822",P853,Q512162,Persian Period,Q512146,Lagash II Period,Replace live period claim with verified FactGrid QID for expected CDLI period label.
ready,233676,Q2162447,"Cuneiform Artifact RIME 3/1.01.07.037, ex. 0925",P853,Q512148,Ur III Period,Q512146,Lagash II Period,Replace live period claim with verified FactGrid QID for expected CDLI period label.
ready,233699,Q2162270,"Cuneiform Artifact RIME 3/1.01.07.037, ex. 0948",P853,Q512158,Neo-Assyrian Period,Q512146,Lagash II Period,Replace live period claim with verified FactGrid QID for expected CDLI period label.
ready,233733,Q2162083,"Cuneiform Artifact RIME 3/1.01.07.037, ex. 0982",P853,Q512152,Old Babylonian Period,Q512146,Lagash II Period,Replace live period claim with verified FactGrid QID for expected CDLI period label.
ready,233764,Q2164332,"Cuneiform Artifact RIME 3/1.01.07.037, ex. 1013",P853,Q512154,Middle Babylonian Period,Q512146,Lagash II Period,Replace live period claim with verified FactGrid QID for expected CDLI period label.
ready,233820,Q2166064,"Cuneiform Artifact RIME 3/1.01.07.037, ex. 1069",P853,Q512148,Ur III Period,Q512146,Lagash II Period,Replace live period claim with verified FactGrid QID for expected CDLI period label.
ready,233898,Q2167849,"Cuneiform Artifact RIME 3/1.01.07.037, ex. 1147",P853,Q512135,Proto-Elamite Period,Q512146,Lagash II Period,Replace live period claim with verified FactGrid QID for expected CDLI period label.
ready,234035,Q2166882,"Cuneiform Artifact RIME 3/1.01.07.041, ex. 109",P853,Q512150,Early Old Babylonian Period,Q512146,Lagash II Period,Replace live period claim with verified FactGrid QID for expected CDLI period label.
ready,234170,Q2167081,"Cuneiform Artifact RIME 3/1.01.07.041, ex. 244",P853,Q512158,Neo-Assyrian Period,Q512146,Lagash II Period,Replace live period claim with verified FactGrid QID for expected CDLI period label.
ready,234367,Q2163450,"Cuneiform Artifact RIME 3/1.01.07.048, ex. 052",P853,Q512148,Ur III Period,Q512146,Lagash II Period,Replace live period claim with verified FactGrid QID for expected CDLI period label.
ready,234388,Q2163583,"Cuneiform Artifact RIME 3/1.01.07.049, ex. 06",P853,Q512148,Ur III Period,Q512146,Lagash II Period,Replace live period claim with verified FactGrid QID for expected CDLI period label.
ready,234449,Q2162361,"Cuneiform Artifact RIME 3/1.01.07.063, ex. add105",P853,Q512158,Neo-Assyrian Period,Q512146,Lagash II Period,Replace live period claim with verified FactGrid QID for expected CDLI period label.
ready,234520,Q2167237,"Cuneiform Artifact RIME 3/1.01.07.063, ex. 050",P853,Q512164,Hellenistic Period,Q512146,Lagash II Period,Replace live period claim with verified FactGrid QID for expected CDLI period label.
ready,234609,Q2165295,"Cuneiform Artifact RIME 3/1.01.07.076, ex. 01",P853,Q512148,Ur III Period,Q512146,Lagash II Period,Replace live period claim with verified FactGrid QID for expected CDLI period label.
ready,272784,Q2164963,"Cuneiform Artifact RIME 3/1.01.07.037, ex. add1183",P853,Q512152,Old Babylonian Period,Q512146,Lagash II Period,Replace live period claim with verified FactGrid QID for expected CDLI period label.
ready,275190,Q2166524,"Cuneiform Artifact RIME 3/1.01.07.037, ex. add1194",P853,Q512144,Old Akkadian Period,Q512146,Lagash II Period,Replace live period claim with verified FactGrid QID for expected CDLI period label.
ready,293705,Q2167305,"Cuneiform Artifact RIME 3/1.01.12.03, ex. add27",P853,Q512148,Ur III Period,Q512146,Lagash II Period,Replace live period claim with verified FactGrid QID for expected CDLI period label.
ready,391533,Q2162392,"Cuneiform Artifact RIME 3/1.01.07.016, ex. add44",P853,Q512152,Old Babylonian Period,Q512146,Lagash II Period,Replace live period claim with verified FactGrid QID for expected CDLI period label.
ready,404772,Q2163283,"Cuneiform Artifact RIME 3/1.01.07.037, ex. add1362",P853,Q512158,Neo-Assyrian Period,Q512146,Lagash II Period,Replace live period claim with verified FactGrid QID for expected CDLI period label.
ready,429325,Q2164873,"Cuneiform Artifact RIME 3/1.01.07.037, ex. add1268",P853,Q512153,Middle Hittite Period,Q512146,Lagash II Period,Replace live period claim with verified FactGrid QID for expected CDLI period label.
ready,429775,Q2164670,"Cuneiform Artifact RIME 3/1.01.07.037, ex. add1290",P853,Q512148,Ur III Period,Q512146,Lagash II Period,Replace live period claim with verified FactGrid QID for expected CDLI period label.
ready,453144,Q2167353,"Cuneiform Artifact RIME 3/1.01.07.037, ex. add1343",P853,Q512154,Middle Babylonian Period,Q512146,Lagash II Period,Replace live period claim with verified FactGrid QID for expected CDLI period label.
ready,458533,Q2168389,Cuneiform Artifact CDLI Seals 005823 (composite),P853,Q512152,Old Babylonian Period,Q512146,Lagash II Period,Replace live period claim with verified FactGrid QID for expected CDLI period label.
ready,460960,Q2162972,"Cuneiform Artifact RIME 3/1.01.07.037, ex. add1411",P853,Q512162,Persian Period,Q512146,Lagash II Period,Replace live period claim with verified FactGrid QID for expected CDLI period label.
ready,464923,Q2163436,"Cuneiform Artifact RIME 3/1.01.12.03, ex. add25",P853,Q512148,Ur III Period,Q512146,Lagash II Period,Replace live period claim with verified FactGrid QID for expected CDLI period label.
ready,469868,Q2165179,"Cuneiform Artifact RIME 3/1.01.07.037, ex. add1439",P853,Q512154,Middle Babylonian Period,Q512146,Lagash II Period,Replace live period claim with verified FactGrid QID for expected CDLI period label.
ready,474519,Q2168125,Cuneiform Artifact CDLI Seals 007742 (physical),P853,Q512162,Persian Period,Q512146,Lagash II Period,Replace live period claim with verified FactGrid QID for expected CDLI period label.
ready,480149,Q2162401,"Cuneiform Artifact RIME 3/1.01.07.041, ex. add402",P853,Q512154,Middle Babylonian Period,Q512146,Lagash II Period,Replace live period claim with verified FactGrid QID for expected CDLI period label.
ready,480688,Q2163507,"Cuneiform Artifact RIME 3/1.01.07.041, ex. add404",P853,Q512150,Early Old Babylonian Period,Q512146,Lagash II Period,Replace live period claim with verified FactGrid QID for expected CDLI period label.
ready,373561,Q2163502,"Cuneiform Artifact RIMA 2.0.087.028, ex. 04",P853,Q512158,Neo-Assyrian Period,Q512155,Middle Assyrian Period,Replace live period claim with verified FactGrid QID for expected CDLI period label.
ready,465518,Q2165106,"Cuneiform Artifact RIMA 1.0.073.x1002, ex. 01",P853,Q512158,Neo-Assyrian Period,Q512155,Middle Assyrian Period,Replace live period claim with verified FactGrid QID for expected CDLI period label.
ready,466066,Q2166139,"Cuneiform Artifact RIMA 1.0.076.033, ex. 04",P853,Q512158,Neo-Assyrian Period,Q512155,Middle Assyrian Period,Replace live period claim with verified FactGrid QID for expected CDLI period label.
ready,466089,Q2165678,"Cuneiform Artifact RIMA 1.0.076.037, ex. 01",P853,Q512148,Ur III Period,Q512155,Middle Assyrian Period,Replace live period claim with verified FactGrid QID for expected CDLI period label.
ready,466123,Q2165791,"Cuneiform Artifact RIMA 1.0.076.040, ex. 16 = RIMA 1.0.076.046, ex. 12",P853,Q512158,Neo-Assyrian Period,Q512155,Middle Assyrian Period,Replace live period claim with verified FactGrid QID for expected CDLI period label.
ready,466174,Q2167737,"Cuneiform Artifact RIMA 1.0.076.045, ex. 01",P853,Q512152,Old Babylonian Period,Q512155,Middle Assyrian Period,Replace live period claim with verified FactGrid QID for expected CDLI period label.
ready,466508,Q2163801,"Cuneiform Artifact RIMA 1.0.078.038, ex. 39",P853,Q512161,Neo-Babylonian Period,Q512155,Middle Assyrian Period,Replace live period claim with verified FactGrid QID for expected CDLI period label.
ready,466524,Q2167911,"Cuneiform Artifact RIMA 1.0.078.042, ex. 01",P853,Q512154,Middle Babylonian Period,Q512155,Middle Assyrian Period,Replace live period claim with verified FactGrid QID for expected CDLI period label.
ready,467319,Q2163522,"Cuneiform Artifact RIMA 2.0.087.001, ex. 09",P853,Q512148,Ur III Period,Q512155,Middle Assyrian Period,Replace live period claim with verified FactGrid QID for expected CDLI period label.
ready,467335,Q2168215,"Cuneiform Artifact RIMA 2.0.087.001, ex. 30",P853,Q512153,Middle Hittite Period,Q512155,Middle Assyrian Period,Replace live period claim with verified FactGrid QID for expected CDLI period label.
ready,467525,Q2165098,"Cuneiform Artifact RIMA 2.0.091.002, ex. 01",P853,Q512134,Uruk III Period,Q512155,Middle Assyrian Period,Replace live period claim with verified FactGrid QID for expected CDLI period label.
ready,258640,Q2169578,"Cuneiform Tablet PBS 01/2, 021",P853,Q512152,Old Babylonian Period,Q512154,Middle Babylonian Period,Replace live period claim with verified FactGrid QID for expected CDLI period label.
ready,262194,Q2168001,Cuneiform Tablet CBS 07160,P853,Q512152,Old Babylonian Period,Q512154,Middle Babylonian Period,Replace live period claim with verified FactGrid QID for expected CDLI period label.
ready,386720,Q2166735,"Cuneiform Tablet TCL 09, 046",P853,Q512158,Neo-Assyrian Period,Q512154,Middle Babylonian Period,Replace live period claim with verified FactGrid QID for expected CDLI period label.
ready,468795,Q2164096,"Cuneiform Artifact RIMB 2.06.21.02, ex. 006",P853,Q512137,Early Dynastic I Period,Q512154,Middle Babylonian Period,Replace live period claim with verified FactGrid QID for expected CDLI period label.
ready,435054,Q1371953,"Cuneiform Tablet KBo 09, 031",P853,Q512151,Old Assyrian Period,Q512153,Middle Hittite Period,Replace live period claim with verified FactGrid QID for expected CDLI period label.
ready,270111,Q2165893,"Cuneiform Artifact RINAP 5/3, Ashurbanipal x2018, ex. 003-004",P853,Q512164,Hellenistic Period,Q512158,Neo-Assyrian Period,Replace live period claim with verified FactGrid QID for expected CDLI period label.
ready,293355,Q2167177,"Cuneiform Artifact RINAP 5/3, Ashurbanipal 259, ex. 021",P853,Q512148,Ur III Period,Q512158,Neo-Assyrian Period,Replace live period claim with verified FactGrid QID for expected CDLI period label.
ready,308146,Q1362604,Cuneiform Tablet YBC 07162,P853,Q512161,Neo-Babylonian Period,Q512158,Neo-Assyrian Period,Replace live period claim with verified FactGrid QID for expected CDLI period label.
ready,311577,Q2164550,Cuneiform Tablet YBC 11404,P853,Q512161,Neo-Babylonian Period,Q512158,Neo-Assyrian Period,Replace live period claim with verified FactGrid QID for expected CDLI period label.
ready,345516,Q2163141,"Cuneiform Artifact RINAP 4 Esarhaddon 106, ex. 005",P853,Q512143,Ebla Period,Q512158,Neo-Assyrian Period,Replace live period claim with verified FactGrid QID for expected CDLI period label.
ready,371527,Q2165332,"Cuneiform Tablet VS 04, 003",P853,Q512161,Neo-Babylonian Period,Q512158,Neo-Assyrian Period,Replace live period claim with verified FactGrid QID for expected CDLI period label.
ready,371531,Q2170450,"Cuneiform Tablet VS 04, 007",P853,Q512161,Neo-Babylonian Period,Q512158,Neo-Assyrian Period,Replace live period claim with verified FactGrid QID for expected CDLI period label.
ready,387074,Q2167231,"Cuneiform Tablet TCL 12, 009",P853,Q512161,Neo-Babylonian Period,Q512158,Neo-Assyrian Period,Replace live period claim with verified FactGrid QID for expected CDLI period label.
ready,392276,Q2167493,"Cuneiform Artifact RINAP 5/1 Ashurbanipal 009, ex. 175",P853,Q512152,Old Babylonian Period,Q512158,Neo-Assyrian Period,Replace live period claim with verified FactGrid QID for expected CDLI period label.
ready,392299,Q2166545,"Cuneiform Artifact RINAP 5/1 Ashurbanipal 009, ex. 047",P853,Q512152,Old Babylonian Period,Q512158,Neo-Assyrian Period,Replace live period claim with verified FactGrid QID for expected CDLI period label.
ready,416827,Q2162242,Cuneiform Tablet CUA 010,P853,Q512161,Neo-Babylonian Period,Q512158,Neo-Assyrian Period,Replace live period claim with verified FactGrid QID for expected CDLI period label.
ready,427854,Q2163825,"Cuneiform Artifact RIMA 3.0.102.111, ex. 03",P853,Q512154,Middle Babylonian Period,Q512158,Neo-Assyrian Period,Replace live period claim with verified FactGrid QID for expected CDLI period label.
ready,427878,Q2167862,"Cuneiform Artifact RINAP 3/2 Sennacherib 091, ex. 001",P853,Q512162,Persian Period,Q512158,Neo-Assyrian Period,Replace live period claim with verified FactGrid QID for expected CDLI period label.
ready,428471,Q2164314,"Cuneiform Artifact RINAP 5/3, Ashurbanipal x2009, ex. 001",P853,Q512153,Middle Hittite Period,Q512158,Neo-Assyrian Period,Replace live period claim with verified FactGrid QID for expected CDLI period label.
ready,450338,Q2167191,"Cuneiform Artifact RINAP 3/1 Sennacherib 015, ex. 009",P853,Q512148,Ur III Period,Q512158,Neo-Assyrian Period,Replace live period claim with verified FactGrid QID for expected CDLI period label.
ready,450343,Q2164255,"Cuneiform Artifact RINAP 3/1 Sennacherib 015, ex. 017",P853,Q512155,Middle Assyrian Period,Q512158,Neo-Assyrian Period,Replace live period claim with verified FactGrid QID for expected CDLI period label.
ready,450504,Q2166467,"Cuneiform Artifact RINAP 4 Esarhaddon 106, ex. 002",P853,Q512154,Middle Babylonian Period,Q512158,Neo-Assyrian Period,Replace live period claim with verified FactGrid QID for expected CDLI period label.
ready,463161,Q2162850,"Cuneiform Artifact RIMA 3.0.xx0.x1044, ex. 01",P853,Q512153,Middle Hittite Period,Q512158,Neo-Assyrian Period,Replace live period claim with verified FactGrid QID for expected CDLI period label.
ready,464667,Q2167490,"Cuneiform Artifact RIMA 2.0.101.113, ex. 39",P853,Q512152,Old Babylonian Period,Q512158,Neo-Assyrian Period,Replace live period claim with verified FactGrid QID for expected CDLI period label.
ready,464688,Q2166546,"Cuneiform Artifact RIMA 2.0.101.113, ex. 60",P853,Q512143,Ebla Period,Q512158,Neo-Assyrian Period,Replace live period claim with verified FactGrid QID for expected CDLI period label.
ready,464722,Q2166713,"Cuneiform Artifact RIMA 2.0.101.115, ex. 32",P853,Q512165,Selucid Period,Q512158,Neo-Assyrian Period,Replace live period claim with verified FactGrid QID for expected CDLI period label.
ready,465076,Q2167214,"Cuneiform Artifact RIMA 3.0.102.043, ex. 01",P853,Q512154,Middle Babylonian Period,Q512158,Neo-Assyrian Period,Replace live period claim with verified FactGrid QID for expected CDLI period label.
ready,465099,Q2166822,"Cuneiform Artifact RIMA 3.0.102.044, ex. 012",P853,Q512163,Achaemenid Period,Q512158,Neo-Assyrian Period,Replace live period claim with verified FactGrid QID for expected CDLI period label.
ready,465133,Q2167001,"Cuneiform Artifact RIMA 3.0.102.044, ex. 119",P853,Q512148,Ur III Period,Q512158,Neo-Assyrian Period,Replace live period claim with verified FactGrid QID for expected CDLI period label.
ready,465308,Q2168196,"Cuneiform Artifact RIMA 3.0.102.108, ex. 02",P853,Q512152,Old Babylonian Period,Q512158,Neo-Assyrian Period,Replace live period claim with verified FactGrid QID for expected CDLI period label.
ready,465324,Q2163493,"Cuneiform Artifact RIMA 3.0.102.111, ex. 72",P853,Q512148,Ur III Period,Q512158,Neo-Assyrian Period,Replace live period claim with verified FactGrid QID for expected CDLI period label.
ready,466733,Q2162671,"Cuneiform Artifact RINAP 3/2 Sennacherib 088, ex. 029",P853,Q512148,Ur III Period,Q512158,Neo-Assyrian Period,Replace live period claim with verified FactGrid QID for expected CDLI period label.
ready,466764,Q2164968,"Cuneiform Artifact RINAP 3/2 Sennacherib 092, ex. 021",P853,Q512162,Persian Period,Q512158,Neo-Assyrian Period,Replace live period claim with verified FactGrid QID for expected CDLI period label.
ready,466965,Q2166460,"Cuneiform Artifact RINAP 3/2 Sennacherib 203, ex. 001",P853,Q512152,Old Babylonian Period,Q512158,Neo-Assyrian Period,Replace live period claim with verified FactGrid QID for expected CDLI period label.
ready,467030,Q2164282,"Cuneiform Artifact RINAP 3/2 Sennacherib 219, ex. 014",P853,Q512152,Old Babylonian Period,Q512158,Neo-Assyrian Period,Replace live period claim with verified FactGrid QID for expected CDLI period label.
ready,468003,Q2163351,"Cuneiform Artifact RINAP 5/3, Ashurbanipal x2005, ex. 005",P853,Q512161,Neo-Babylonian Period,Q512158,Neo-Assyrian Period,Replace live period claim with verified FactGrid QID for expected CDLI period label.
ready,468845,Q2164014,"Cuneiform Artifact RINAP 2, Sargon II 127 ex. 004",P853,Q512152,Old Babylonian Period,Q512158,Neo-Assyrian Period,Replace live period claim with verified FactGrid QID for expected CDLI period label.
ready,498484,Q2164657,"Cuneiform Artifact RIMA 3.0.102.111, ex. add84",P853,Q512148,Ur III Period,Q512158,Neo-Assyrian Period,Replace live period claim with verified FactGrid QID for expected CDLI period label.
ready,514693,Q2164696,"Cuneiform Artifact RINAP 5/3 Sîn-šarru-iškun 13, ex. 011",P853,Q512156,Middle Elamite Period,Q512158,Neo-Assyrian Period,Replace live period claim with verified FactGrid QID for expected CDLI period label.
ready,528292,Q2167315,"Cuneiform Artifact SAAB 09, 069",P853,Q512162,Persian Period,Q512158,Neo-Assyrian Period,Replace live period claim with verified FactGrid QID for expected CDLI period label.
ready,294812,Q2164429,"Cuneiform Tablet dubsar 3, 067",P853,Q512163,Achaemenid Period,Q512161,Neo-Babylonian Period,Replace live period claim with verified FactGrid QID for expected CDLI period label.
ready,386761,Q2169004,"Cuneiform Tablet dubsar 3, 104",P853,Q512158,Neo-Assyrian Period,Q512161,Neo-Babylonian Period,Replace live period claim with verified FactGrid QID for expected CDLI period label.
ready,386777,Q2047439,"Cuneiform Tablet TCL 09, 107",P853,Q512158,Neo-Assyrian Period,Q512161,Neo-Babylonian Period,Replace live period claim with verified FactGrid QID for expected CDLI period label.
ready,386798,Q2063680,"Cuneiform Tablet TCL 09, 128",P853,Q512158,Neo-Assyrian Period,Q512161,Neo-Babylonian Period,Replace live period claim with verified FactGrid QID for expected CDLI period label.
ready,386809,Q2170339,"Cuneiform Tablet dubsar 3, 065",P853,Q512158,Neo-Assyrian Period,Q512161,Neo-Babylonian Period,Replace live period claim with verified FactGrid QID for expected CDLI period label.
ready,413058,Q2163987,Cuneiform Tablet BM 102315,P853,Q512148,Ur III Period,Q512161,Neo-Babylonian Period,Replace live period claim with verified FactGrid QID for expected CDLI period label.
ready,413062,Q2157826,Cuneiform Tablet BM 102320,P853,Q512148,Ur III Period,Q512161,Neo-Babylonian Period,Replace live period claim with verified FactGrid QID for expected CDLI period label.
ready,413074,Q2167729,Cuneiform Tablet BM 102333,P853,Q512148,Ur III Period,Q512161,Neo-Babylonian Period,Replace live period claim with verified FactGrid QID for expected CDLI period label.
ready,413371,Q2164390,Cuneiform Tablet BM 103522,P853,Q512148,Ur III Period,Q512161,Neo-Babylonian Period,Replace live period claim with verified FactGrid QID for expected CDLI period label.
ready,413408,Q2163830,Cuneiform Tablet BM 103559,P853,Q512148,Ur III Period,Q512161,Neo-Babylonian Period,Replace live period claim with verified FactGrid QID for expected CDLI period label.
ready,413424,Q2167861,Cuneiform Tablet BM 103575,P853,Q512148,Ur III Period,Q512161,Neo-Babylonian Period,Replace live period claim with verified FactGrid QID for expected CDLI period label.
ready,413465,Q2170216,Cuneiform Tablet BM 103616,P853,Q512148,Ur III Period,Q512161,Neo-Babylonian Period,Replace live period claim with verified FactGrid QID for expected CDLI period label.
ready,428373,Q2165500,"Cuneiform Artifact SANER 3, 2.02.03 (C21), ex. 05",P853,Q512148,Ur III Period,Q512161,Neo-Babylonian Period,Replace live period claim with verified FactGrid QID for expected CDLI period label.
ready,518960,Q2163101,"Cuneiform Artifact RINBE 2, Nabonidus 18, ex. 15",P853,Q512158,Neo-Assyrian Period,Q512161,Neo-Babylonian Period,Replace live period claim with verified FactGrid QID for expected CDLI period label.
ready,382237,Q2169622,Cuneiform Artifact MAA 1952.356,P853,Q512158,Neo-Assyrian Period,Q512160,Neo-Elamite Period,Replace live period claim with verified FactGrid QID for expected CDLI period label.
ready,475758,Q2167676,Cuneiform Artifact CDLI Seals 009018 (physical),P853,Q512158,Neo-Assyrian Period,Q512160,Neo-Elamite Period,Replace live period claim with verified FactGrid QID for expected CDLI period label.
ready,373424,Q2163297,"Cuneiform Artifact RIMA 1.0.033.007, ex. 08",P853,Q512158,Neo-Assyrian Period,Q512151,Old Assyrian Period,Replace live period claim with verified FactGrid QID for expected CDLI period label.
ready,465758,Q2168033,"Cuneiform Artifact RIMA 1.0.034.004, ex. 01",P853,Q512148,Ur III Period,Q512151,Old Assyrian Period,Replace live period claim with verified FactGrid QID for expected CDLI period label.
ready,225448,Q2165527,"Cuneiform Artifact RIME 4.03.06.15, ex. 03",P853,Q512143,Ebla Period,Q512152,Old Babylonian Period,Replace live period claim with verified FactGrid QID for expected CDLI period label.
ready,273802,Q2167454,Cuneiform Tablet Education in the Earliest Schools 015,P853,Q512162,Persian Period,Q512152,Old Babylonian Period,Replace live period claim with verified FactGrid QID for expected CDLI period label.
ready,274650,Q2165259,"Cuneiform Artifact MVN 10, 248",P853,Q512150,Early Old Babylonian Period,Q512152,Old Babylonian Period,Replace live period claim with verified FactGrid QID for expected CDLI period label.
ready,413218,Q2047740,Cuneiform Tablet BM 103146,P853,Q512148,Ur III Period,Q512152,Old Babylonian Period,Replace live period claim with verified FactGrid QID for expected CDLI period label.
ready,413536,Q2165958,Cuneiform Artifact BM 103687,P853,Q512148,Ur III Period,Q512152,Old Babylonian Period,Replace live period claim with verified FactGrid QID for expected CDLI period label.
ready,413598,Q2158890,Cuneiform Tablet BM 103750,P853,Q512148,Ur III Period,Q512152,Old Babylonian Period,Replace live period claim with verified FactGrid QID for expected CDLI period label.
ready,430807,Q2165257,"Cuneiform Artifact RIME 4.03.06.12Sumerian, ex. 01",P853,Q512148,Ur III Period,Q512152,Old Babylonian Period,Replace live period claim with verified FactGrid QID for expected CDLI period label.
ready,447982,Q2162255,"Cuneiform Artifact RIME 4.03.07.x1002, ex. 01",P853,Q512148,Ur III Period,Q512152,Old Babylonian Period,Replace live period claim with verified FactGrid QID for expected CDLI period label.
ready,448231,Q2162845,"Cuneiform Artifact RIME 4.07.01.01, ex. 01",P853,Q512150,Early Old Babylonian Period,Q512152,Old Babylonian Period,Replace live period claim with verified FactGrid QID for expected CDLI period label.
ready,457890,Q2164815,Cuneiform Artifact CDLI Seals 005180 (physical),P853,Q512158,Neo-Assyrian Period,Q512152,Old Babylonian Period,Replace live period claim with verified FactGrid QID for expected CDLI period label.
ready,114069,Q2167387,"Cuneiform Artifact MVN 04, 117",P853,Q512153,Middle Hittite Period,Q512148,Ur III Period,Replace live period claim with verified FactGrid QID for expected CDLI period label.
ready,117583,Q2166223,"Cuneiform Artifact MVN 13, 810",P853,Q512152,Old Babylonian Period,Q512148,Ur III Period,Replace live period claim with verified FactGrid QID for expected CDLI period label.
ready,212279,Q2168462,"Cuneiform Artifact Hermitage 3, 542",P853,Q512161,Neo-Babylonian Period,Q512148,Ur III Period,Replace live period claim with verified FactGrid QID for expected CDLI period label.
ready,212296,Q2168058,"Cuneiform Artifact Hermitage 3, 549",P853,Q512153,Middle Hittite Period,Q512148,Ur III Period,Replace live period claim with verified FactGrid QID for expected CDLI period label.
ready,212310,Q2163610,"Cuneiform Artifact Hermitage 3, 522",P853,Q512158,Neo-Assyrian Period,Q512148,Ur III Period,Replace live period claim with verified FactGrid QID for expected CDLI period label.
ready,222270,Q2168221,"Cuneiform Artifact RIME 3/2.01.06.1043, ex. 01",P853,Q512161,Neo-Babylonian Period,Q512148,Ur III Period,Replace live period claim with verified FactGrid QID for expected CDLI period label.
ready,226136,Q2164452,"Cuneiform Artifact RIME 3/2.01.01.39, ex. 07",P853,Q512153,Middle Hittite Period,Q512148,Ur III Period,Replace live period claim with verified FactGrid QID for expected CDLI period label.
ready,226233,Q2167644,"Cuneiform Artifact RIME 3/2.01.01.11, ex. 082",P853,Q512152,Old Babylonian Period,Q512148,Ur III Period,Replace live period claim with verified FactGrid QID for expected CDLI period label.
ready,226321,Q2166035,"Cuneiform Artifact RIME 3/2.01.01.11, ex. 098",P853,Q512161,Neo-Babylonian Period,Q512148,Ur III Period,Replace live period claim with verified FactGrid QID for expected CDLI period label.
ready,226423,Q2164844,"Cuneiform Artifact RIME 3/2.01.01.35, ex. 07",P853,Q512150,Early Old Babylonian Period,Q512148,Ur III Period,Replace live period claim with verified FactGrid QID for expected CDLI period label.
ready,226474,Q2162687,"Cuneiform Artifact RIME 3/2.01.01.33, ex. 12",P853,Q512152,Old Babylonian Period,Q512148,Ur III Period,Replace live period claim with verified FactGrid QID for expected CDLI period label.
ready,226566,Q2164587,"Cuneiform Artifact RIME 3/2.01.03.13, ex. 10",P853,Q512164,Hellenistic Period,Q512148,Ur III Period,Replace live period claim with verified FactGrid QID for expected CDLI period label.
ready,226634,Q2165683,Cuneiform Artifact CDLI Seals 006359 (physical),P853,Q512152,Old Babylonian Period,Q512148,Ur III Period,Replace live period claim with verified FactGrid QID for expected CDLI period label.
ready,226663,Q2167775,"Cuneiform Artifact RIME 3/2.01.03.01, ex. 10",P853,Q512164,Hellenistic Period,Q512148,Ur III Period,Replace live period claim with verified FactGrid QID for expected CDLI period label.
ready,226862,Q2162198,"Cuneiform Artifact RIME 3/2.01.03.01, ex. 35",P853,Q512163,Achaemenid Period,Q512148,Ur III Period,Replace live period claim with verified FactGrid QID for expected CDLI period label.
ready,226927,Q2162544,"Cuneiform Artifact RIME 3/2.01.01.24, ex. 26",P853,Q512140,Early Dynastic IIIa Period,Q512148,Ur III Period,Replace live period claim with verified FactGrid QID for expected CDLI period label.
ready,227025,Q2165357,"Cuneiform Artifact RIME 3/2.01.02.031, ex. 03",P853,Q512152,Old Babylonian Period,Q512148,Ur III Period,Replace live period claim with verified FactGrid QID for expected CDLI period label.
ready,227160,Q2166187,"Cuneiform Artifact RIME 3/2.01.02.039, ex. 07",P853,Q512163,Achaemenid Period,Q512148,Ur III Period,Replace live period claim with verified FactGrid QID for expected CDLI period label.
ready,265153,Q2162084,Cuneiform Artifact CBS 09840,P853,Q512164,Hellenistic Period,Q512148,Ur III Period,Replace live period claim with verified FactGrid QID for expected CDLI period label.
ready,297044,Q2163805,"Cuneiform Artifact BRM 3, pl. VII 58",P853,Q512143,Ebla Period,Q512148,Ur III Period,Replace live period claim with verified FactGrid QID for expected CDLI period label.
ready,303458,Q2162460,"Cuneiform Tablet BPOA 07, 2688",P853,Q512158,Neo-Assyrian Period,Q512148,Ur III Period,Replace live period claim with verified FactGrid QID for expected CDLI period label.
ready,430190,Q2167468,Cuneiform Artifact CDLI Seals 000090 (composite),P853,Q512158,Neo-Assyrian Period,Q512148,Ur III Period,Replace live period claim with verified FactGrid QID for expected CDLI period label.
ready,430313,Q2165660,Cuneiform Artifact CDLI Seals 000215 (composite),P853,Q512132,Uruk IV Period,Q512148,Ur III Period,Replace live period claim with verified FactGrid QID for expected CDLI period label.
ready,430344,Q2167908,Cuneiform Artifact CDLI Seals 000246 (composite),P853,Q512160,Neo-Elamite Period,Q512148,Ur III Period,Replace live period claim with verified FactGrid QID for expected CDLI period label.
ready,430368,Q2163797,Cuneiform Artifact CDLI Seals 000270 (composite),P853,Q512153,Middle Hittite Period,Q512148,Ur III Period,Replace live period claim with verified FactGrid QID for expected CDLI period label.
ready,430503,Q2162784,Cuneiform Artifact CDLI Seals 000407 (composite),P853,Q512155,Middle Assyrian Period,Q512148,Ur III Period,Replace live period claim with verified FactGrid QID for expected CDLI period label.
ready,430554,Q2164825,Cuneiform Artifact CDLI Seals 000458 (composite),P853,Q512158,Neo-Assyrian Period,Q512148,Ur III Period,Replace live period claim with verified FactGrid QID for expected CDLI period label.
ready,430651,Q2168562,Cuneiform Artifact CDLI Seals 000557 (composite),P853,Q512164,Hellenistic Period,Q512148,Ur III Period,Replace live period claim with verified FactGrid QID for expected CDLI period label.
ready,454402,Q2165698,Cuneiform Artifact CDLI Seals 001692 (composite),P853,Q512154,Middle Babylonian Period,Q512148,Ur III Period,Replace live period claim with verified FactGrid QID for expected CDLI period label.
ready,454496,Q2163150,Cuneiform Artifact CDLI Seals 001786 (composite),P853,Q512153,Middle Hittite Period,Q512148,Ur III Period,Replace live period claim with verified FactGrid QID for expected CDLI period label.
ready,454547,Q2165899,Cuneiform Artifact CDLI Seals 001837 (composite),P853,Q512158,Neo-Assyrian Period,Q512148,Ur III Period,Replace live period claim with verified FactGrid QID for expected CDLI period label.
ready,454814,Q2166349,Cuneiform Artifact CDLI Seals 002104 (composite),P853,Q512152,Old Babylonian Period,Q512148,Ur III Period,Replace live period claim with verified FactGrid QID for expected CDLI period label.
ready,454843,Q2168323,Cuneiform Artifact CDLI Seals 002133 (composite),P853,Q512161,Neo-Babylonian Period,Q512148,Ur III Period,Replace live period claim with verified FactGrid QID for expected CDLI period label.
ready,454880,Q2163498,Cuneiform Artifact CDLI Seals 002170 (composite),P853,Q512162,Persian Period,Q512148,Ur III Period,Replace live period claim with verified FactGrid QID for expected CDLI period label.
ready,454906,Q2167952,Cuneiform Artifact CDLI Seals 002196 (composite),P853,Q512152,Old Babylonian Period,Q512148,Ur III Period,Replace live period claim with verified FactGrid QID for expected CDLI period label.
ready,454951,Q2165533,Cuneiform Artifact CDLI Seals 002241 (composite),P853,Q512135,Proto-Elamite Period,Q512148,Ur III Period,Replace live period claim with verified FactGrid QID for expected CDLI period label.
ready,455004,Q2165150,Cuneiform Artifact CDLI Seals 002294 (composite),P853,Q512153,Middle Hittite Period,Q512148,Ur III Period,Replace live period claim with verified FactGrid QID for expected CDLI period label.
ready,455090,Q2167067,Cuneiform Artifact CDLI Seals 002380 (composite),P853,Q512140,Early Dynastic IIIa Period,Q512148,Ur III Period,Replace live period claim with verified FactGrid QID for expected CDLI period label.
ready,455116,Q2162068,Cuneiform Artifact CDLI Seals 002406 (composite),P853,Q512158,Neo-Assyrian Period,Q512148,Ur III Period,Replace live period claim with verified FactGrid QID for expected CDLI period label.
ready,455141,Q2164315,Cuneiform Artifact CDLI Seals 002431 (composite),P853,Q512153,Middle Hittite Period,Q512148,Ur III Period,Replace live period claim with verified FactGrid QID for expected CDLI period label.
ready,455244,Q2168103,Cuneiform Artifact CDLI Seals 002534 (composite),P853,Q512152,Old Babylonian Period,Q512148,Ur III Period,Replace live period claim with verified FactGrid QID for expected CDLI period label.
ready,455268,Q2163633,Cuneiform Artifact CDLI Seals 002558 (composite),P853,Q512134,Uruk III Period,Q512148,Ur III Period,Replace live period claim with verified FactGrid QID for expected CDLI period label.
ready,455301,Q2168456,Cuneiform Artifact CDLI Seals 002591 (composite),P853,Q512158,Neo-Assyrian Period,Q512148,Ur III Period,Replace live period claim with verified FactGrid QID for expected CDLI period label.
ready,455356,Q2166213,Cuneiform Artifact CDLI Seals 002646 (composite),P853,Q512161,Neo-Babylonian Period,Q512148,Ur III Period,Replace live period claim with verified FactGrid QID for expected CDLI period label.
ready,455403,Q2162547,Cuneiform Artifact CDLI Seals 002693 (composite),P853,Q512152,Old Babylonian Period,Q512148,Ur III Period,Replace live period claim with verified FactGrid QID for expected CDLI period label.
ready,455454,Q2164983,Cuneiform Artifact CDLI Seals 002744 (composite),P853,Q512153,Middle Hittite Period,Q512148,Ur III Period,Replace live period claim with verified FactGrid QID for expected CDLI period label.
ready,455546,Q2162196,Cuneiform Artifact CDLI Seals 002836 (composite),P853,Q512153,Middle Hittite Period,Q512148,Ur III Period,Replace live period claim with verified FactGrid QID for expected CDLI period label.
ready,455614,Q2167934,Cuneiform Artifact CDLI Seals 002904 (composite),P853,Q512153,Middle Hittite Period,Q512148,Ur III Period,Replace live period claim with verified FactGrid QID for expected CDLI period label.
ready,455638,Q2163761,Cuneiform Artifact CDLI Seals 002928 (composite),P853,Q512162,Persian Period,Q512148,Ur III Period,Replace live period claim with verified FactGrid QID for expected CDLI period label.
ready,455751,Q2168299,Cuneiform Artifact CDLI Seals 003041 (composite),P853,Q512161,Neo-Babylonian Period,Q512148,Ur III Period,Replace live period claim with verified FactGrid QID for expected CDLI period label.
ready,455792,Q2163490,Cuneiform Artifact CDLI Seals 003082 (composite),P853,Q512158,Neo-Assyrian Period,Q512148,Ur III Period,Replace live period claim with verified FactGrid QID for expected CDLI period label.
ready,455839,Q2167592,Cuneiform Artifact CDLI Seals 003129 (composite),P853,Q512158,Neo-Assyrian Period,Q512148,Ur III Period,Replace live period claim with verified FactGrid QID for expected CDLI period label.
ready,455907,Q2164836,Cuneiform Artifact CDLI Seals 003197 (composite),P853,Q512163,Achaemenid Period,Q512148,Ur III Period,Replace live period claim with verified FactGrid QID for expected CDLI period label.
ready,455950,Q2162700,Cuneiform Artifact CDLI Seals 003240 (composite),P853,Q512150,Early Old Babylonian Period,Q512148,Ur III Period,Replace live period claim with verified FactGrid QID for expected CDLI period label.
ready,456014,Q2164039,Cuneiform Artifact CDLI Seals 003304 (composite),P853,Q512153,Middle Hittite Period,Q512148,Ur III Period,Replace live period claim with verified FactGrid QID for expected CDLI period label.
ready,456038,Q2167640,Cuneiform Artifact CDLI Seals 003328 (composite),P853,Q512153,Middle Hittite Period,Q512148,Ur III Period,Replace live period claim with verified FactGrid QID for expected CDLI period label.
ready,456080,Q2165999,Cuneiform Artifact CDLI Seals 003370 (composite),P853,Q512144,Old Akkadian Period,Q512148,Ur III Period,Replace live period claim with verified FactGrid QID for expected CDLI period label.
ready,456151,Q2163088,Cuneiform Artifact CDLI Seals 003441 (composite),P853,Q512152,Old Babylonian Period,Q512148,Ur III Period,Replace live period claim with verified FactGrid QID for expected CDLI period label.
ready,456203,Q2166525,Cuneiform Artifact CDLI Seals 003493 (composite),P853,Q512154,Middle Babylonian Period,Q512148,Ur III Period,Replace live period claim with verified FactGrid QID for expected CDLI period label.
ready,456278,Q2164649,Cuneiform Artifact CDLI Seals 003568 (composite),P853,Q512163,Achaemenid Period,Q512148,Ur III Period,Replace live period claim with verified FactGrid QID for expected CDLI period label.
ready,456297,Q2164558,Cuneiform Artifact CDLI Seals 003587 (composite),P853,Q512152,Old Babylonian Period,Q512148,Ur III Period,Replace live period claim with verified FactGrid QID for expected CDLI period label.
ready,456444,Q2163911,Cuneiform Artifact CDLI Seals 003734 (composite),P853,Q512164,Hellenistic Period,Q512148,Ur III Period,Replace live period claim with verified FactGrid QID for expected CDLI period label.
ready,456468,Q2167803,Cuneiform Artifact CDLI Seals 003758 (composite),P853,Q512137,Early Dynastic I Period,Q512148,Ur III Period,Replace live period claim with verified FactGrid QID for expected CDLI period label.
ready,456501,Q2162970,Cuneiform Artifact CDLI Seals 003791 (composite),P853,Q512135,Proto-Elamite Period,Q512148,Ur III Period,Replace live period claim with verified FactGrid QID for expected CDLI period label.
ready,456595,Q2165800,Cuneiform Artifact CDLI Seals 003885 (composite),P853,Q512152,Old Babylonian Period,Q512148,Ur III Period,Replace live period claim with verified FactGrid QID for expected CDLI period label.
ready,456628,Q2164856,Cuneiform Artifact CDLI Seals 003918 (composite),P853,Q512152,Old Babylonian Period,Q512148,Ur III Period,Replace live period claim with verified FactGrid QID for expected CDLI period label.
ready,456782,Q2164826,Cuneiform Artifact CDLI Seals 004072 (composite),P853,Q512161,Neo-Babylonian Period,Q512148,Ur III Period,Replace live period claim with verified FactGrid QID for expected CDLI period label.
ready,456829,Q2166355,Cuneiform Artifact CDLI Seals 004119 (composite),P853,Q512161,Neo-Babylonian Period,Q512148,Ur III Period,Replace live period claim with verified FactGrid QID for expected CDLI period label.
ready,456917,Q2163778,Cuneiform Artifact CDLI Seals 004207 (composite),P853,Q512143,Ebla Period,Q512148,Ur III Period,Replace live period claim with verified FactGrid QID for expected CDLI period label.
ready,456983,Q2166311,Cuneiform Artifact CDLI Seals 004273 (composite),P853,Q512146,Lagash II Period,Q512148,Ur III Period,Replace live period claim with verified FactGrid QID for expected CDLI period label.
ready,457039,Q2165164,Cuneiform Artifact CDLI Seals 004329 (composite),P853,Q512154,Middle Babylonian Period,Q512148,Ur III Period,Replace live period claim with verified FactGrid QID for expected CDLI period label.
ready,457081,Q2162331,Cuneiform Artifact CDLI Seals 004371 (composite),P853,Q512152,Old Babylonian Period,Q512148,Ur III Period,Replace live period claim with verified FactGrid QID for expected CDLI period label.
ready,457107,Q2167323,Cuneiform Artifact CDLI Seals 004397 (composite),P853,Q512140,Early Dynastic IIIa Period,Q512148,Ur III Period,Replace live period claim with verified FactGrid QID for expected CDLI period label.
ready,457255,Q2163619,Cuneiform Artifact CDLI Seals 004545 (composite),P853,Q512155,Middle Assyrian Period,Q512148,Ur III Period,Replace live period claim with verified FactGrid QID for expected CDLI period label.
ready,457279,Q2168080,Cuneiform Artifact CDLI Seals 004569 (composite),P853,Q512152,Old Babylonian Period,Q512148,Ur III Period,Replace live period claim with verified FactGrid QID for expected CDLI period label.
ready,457310,Q2163260,Cuneiform Artifact CDLI Seals 004600 (composite),P853,Q512140,Early Dynastic IIIa Period,Q512148,Ur III Period,Replace live period claim with verified FactGrid QID for expected CDLI period label.
ready,457469,Q2164989,Cuneiform Artifact CDLI Seals 004759 (composite),P853,Q512134,Uruk III Period,Q512148,Ur III Period,Replace live period claim with verified FactGrid QID for expected CDLI period label.
ready,457486,Q2164246,Cuneiform Artifact CDLI Seals 004776 (composite),P853,Q512144,Old Akkadian Period,Q512148,Ur III Period,Replace live period claim with verified FactGrid QID for expected CDLI period label.
ready,457629,Q2167922,Cuneiform Artifact CDLI Seals 004919 (composite),P853,Q512146,Lagash II Period,Q512148,Ur III Period,Replace live period claim with verified FactGrid QID for expected CDLI period label.
ready,457691,Q2166289,Cuneiform Artifact CDLI Seals 004981 (composite),P853,Q512143,Ebla Period,Q512148,Ur III Period,Replace live period claim with verified FactGrid QID for expected CDLI period label.
ready,457740,Q2163386,Cuneiform Artifact CDLI Seals 005030 (composite),P853,Q512158,Neo-Assyrian Period,Q512148,Ur III Period,Replace live period claim with verified FactGrid QID for expected CDLI period label.
ready,458026,Q2168006,Cuneiform Artifact CDLI Seals 005316 (composite),P853,Q512153,Middle Hittite Period,Q512148,Ur III Period,Replace live period claim with verified FactGrid QID for expected CDLI period label.
ready,458134,Q2166414,Cuneiform Artifact CDLI Seals 005424 (composite),P853,Q512134,Uruk III Period,Q512148,Ur III Period,Replace live period claim with verified FactGrid QID for expected CDLI period label.
ready,458163,Q2168233,Cuneiform Artifact CDLI Seals 005453 (composite),P853,Q512132,Uruk IV Period,Q512148,Ur III Period,Replace live period claim with verified FactGrid QID for expected CDLI period label.
ready,458231,Q2162483,Cuneiform Artifact CDLI Seals 005521 (composite),P853,Q512152,Old Babylonian Period,Q512148,Ur III Period,Replace live period claim with verified FactGrid QID for expected CDLI period label.
ready,458266,Q2165063,Cuneiform Artifact CDLI Seals 005556 (composite),P853,Q512153,Middle Hittite Period,Q512148,Ur III Period,Replace live period claim with verified FactGrid QID for expected CDLI period label.
ready,458323,Q2164067,Cuneiform Artifact CDLI Seals 005613 (composite),P853,Q512164,Hellenistic Period,Q512148,Ur III Period,Replace live period claim with verified FactGrid QID for expected CDLI period label.
ready,458421,Q2165308,Cuneiform Artifact CDLI Seals 005711 (composite),P853,Q512152,Old Babylonian Period,Q512148,Ur III Period,Replace live period claim with verified FactGrid QID for expected CDLI period label.
ready,458476,Q2168175,Cuneiform Artifact CDLI Seals 005766 (composite),P853,Q512152,Old Babylonian Period,Q512148,Ur III Period,Replace live period claim with verified FactGrid QID for expected CDLI period label.
ready,458499,Q2168346,Cuneiform Artifact CDLI Seals 005789 (composite),P853,Q512153,Middle Hittite Period,Q512148,Ur III Period,Replace live period claim with verified FactGrid QID for expected CDLI period label.
ready,458564,Q2166270,Cuneiform Artifact CDLI Seals 005854 (composite),P853,Q512153,Middle Hittite Period,Q512148,Ur III Period,Replace live period claim with verified FactGrid QID for expected CDLI period label.
ready,458636,Q2165247,Cuneiform Artifact CDLI Seals 005926 (composite),P853,Q512153,Middle Hittite Period,Q512148,Ur III Period,Replace live period claim with verified FactGrid QID for expected CDLI period label.
ready,458661,Q2162350,Cuneiform Artifact CDLI Seals 005951 (composite),P853,Q512152,Old Babylonian Period,Q512148,Ur III Period,Replace live period claim with verified FactGrid QID for expected CDLI period label.
ready,458773,Q2164226,Cuneiform Artifact CDLI Seals 006063 (composite),P853,Q512152,Old Babylonian Period,Q512148,Ur III Period,Replace live period claim with verified FactGrid QID for expected CDLI period label.
ready,458837,Q2166128,Cuneiform Artifact CDLI Seals 006127 (composite),P853,Q512144,Old Akkadian Period,Q512148,Ur III Period,Replace live period claim with verified FactGrid QID for expected CDLI period label.
ready,458860,Q2168545,Cuneiform Artifact CDLI Seals 006150 (composite),P853,Q512153,Middle Hittite Period,Q512148,Ur III Period,Replace live period claim with verified FactGrid QID for expected CDLI period label.
ready,464020,Q2163127,Cuneiform Artifact CDLI Seals 006392 (composite),P853,Q512146,Lagash II Period,Q512148,Ur III Period,Replace live period claim with verified FactGrid QID for expected CDLI period label.
ready,478003,Q2163135,Cuneiform Artifact CDLI Seals 004272 (composite),P853,Q512152,Old Babylonian Period,Q512148,Ur III Period,Replace live period claim with verified FactGrid QID for expected CDLI period label.
ready,478214,Q2167346,Cuneiform Artifact CDLI Seals 011420 (physical),P853,Q512163,Achaemenid Period,Q512148,Ur III Period,Replace live period claim with verified FactGrid QID for expected CDLI period label.
ready,478280,Q2164862,Cuneiform Artifact CDLI Seals 011486 (physical),P853,Q512152,Old Babylonian Period,Q512148,Ur III Period,Replace live period claim with verified FactGrid QID for expected CDLI period label.
ready,499446,Q2163445,"Cuneiform Artifact RIME 3/2.01.03.15, ex. add56",P853,Q512153,Middle Hittite Period,Q512148,Ur III Period,Replace live period claim with verified FactGrid QID for expected CDLI period label.
ready,504596,Q2168291,Cuneiform Artifact CDLI Seals 013407 (physical),P853,Q512158,Neo-Assyrian Period,Q512148,Ur III Period,Replace live period claim with verified FactGrid QID for expected CDLI period label.
ready,511491,Q2164758,Cuneiform Artifact CDLI Seals 013014 (physical),P853,Q512152,Old Babylonian Period,Q512148,Ur III Period,Replace live period claim with verified FactGrid QID for expected CDLI period label.
ready,511540,Q2166641,Cuneiform Artifact CDLI Seals 013063 (physical),P853,Q512159,Late Babylonian Period,Q512148,Ur III Period,Replace live period claim with verified FactGrid QID for expected CDLI period label.
ready,515597,Q2164352,"Cuneiform Artifact CUSAS 40, 0813",P853,Q512158,Neo-Assyrian Period,Q512148,Ur III Period,Replace live period claim with verified FactGrid QID for expected CDLI period label.
ready,517007,Q2162122,Cuneiform Artifact CDLI Seals 013959 (composite),P853,Q512154,Middle Babylonian Period,Q512148,Ur III Period,Replace live period claim with verified FactGrid QID for expected CDLI period label.
ready,519672,Q2163113,Cuneiform Artifact CDLI Seals 014291 (composite),P853,Q512162,Persian Period,Q512148,Ur III Period,Replace live period claim with verified FactGrid QID for expected CDLI period label.
