Unnamed: 0,P771,Len,Aen,FG_qid,P694,P48,FG_qid_url,P2,description_en
FG_Qid,Wikidata_qid,transciption_name,cdli_legacy_'Len',ancientplace,id_text2,coord,,,
Q390152,Q1000878,Muradiye,,https://database.factgrid.de/entity/Q390152,,Point(43.7634 38.9913),,,
Q390121,Q10758333,Elmalık,,https://database.factgrid.de/entity/Q390121,,Point(43.3098 38.4119),,,
Q389654,Q1171924,Daskileion,,https://database.factgrid.de/entity/Q389654,,Point(28.0507 40.1326),,,
Q389816,Q1183843,Al-Marjab,,https://database.factgrid.de/entity/Q389816,,Point(46.1575 30.8627),,,
Q390079,Q118995,Muş,,https://database.factgrid.de/entity/Q390079,,Point(41.4794 38.733),,,
Q389758,Q1195993,Karmir blur,,https://database.factgrid.de/entity/Q389758,,Point(44.4509 40.1529),,,
Q390070,Q1329616,Dicle Tüneli,,https://database.factgrid.de/entity/Q390070,,Point(40.549 38.5291),,,
Q389668,Q1344411,Fanagorii͡a,,https://database.factgrid.de/entity/Q389668,,Point(36.9584 45.2759),,,
Q389656,Q14751553,İnandıktepe,,https://database.factgrid.de/entity/Q389656,,Point(33.5352 40.381),,,
Q390046,Q1528589,Oylum Höyük,,https://database.factgrid.de/entity/Q390046,,Point(37.1786 36.6988),,,
Q389606,Q1570185,Hala Sultan Tekes,,https://database.factgrid.de/entity/Q389606,,Point(33.6059 34.8856),,,
Q389993,Q167993,Ṭabaqat Faḥl,,https://database.factgrid.de/entity/Q389993,,Point(35.613 32.4501),,,
Q92367,Q174916,Ṭarṭūs,,https://database.factgrid.de/entity/Q92367,,Point(35.8833 34.8833),,,
Q389622,Q1810451,Tahpanhes,,https://database.factgrid.de/entity/Q389622,,Point(32.1774 30.8579),,,
Q390004,Q206236,Qā`lah Arbīl,,https://database.factgrid.de/entity/Q390004,,Point(44.0093 36.1913),,,
Q389615,Q210598,Tanis,,https://database.factgrid.de/entity/Q389615,,Point(31.8845 30.9746),,,
Q389898,Q2142541,Guzana,,https://database.factgrid.de/entity/Q389898,,Point(40.0399 36.8268),,,
Q389885,Q21587404,Tell Budayri,,https://database.factgrid.de/entity/Q389885,,Point(40.8136 36.3875),,,
Q389954,Q21592013,Kar-Assurnazirpal,,https://database.factgrid.de/entity/Q389954,,Point(40.5553 34.9738),,,
Q389625,Q217379,Tiryns,,https://database.factgrid.de/entity/Q389625,,Point(22.8003 37.5992),,,
Q389884,Q2390471,Tell Bazi,,https://database.factgrid.de/entity/Q389884,,Point(38.2762 36.4273),,,
Q389608,Q239107,Edfu,,https://database.factgrid.de/entity/Q389608,,Point(32.8728 24.9782),,,
Q389648,Q27124611,Tell Damiya,,https://database.factgrid.de/entity/Q389648,,Point(35.5469 32.1038),,,
Q390134,Q272699,Çavuştepe,,https://database.factgrid.de/entity/Q390134,,Point(43.4619 38.3533),,,
Q389869,Q2740784,Tell al-Fakhar,,https://database.factgrid.de/entity/Q389869,,Point(43.9799 35.3808),,,
Q390113,Q281932,Arzashkun,,https://database.factgrid.de/entity/Q390113,,Point(43.0669 38.8107),,,
Q389616,Q287731,El-Tod,,https://database.factgrid.de/entity/Q389616,,Point(32.5332 25.5832),,,
Q390167,Q3110595,Gonur Depe,,https://database.factgrid.de/entity/Q390167,,Point(62.0377 38.2129),,,
Q389627,Q31214587,Tell ‘Ali,,https://database.factgrid.de/entity/Q389627,,Point(43.682 35.3819),,,
Q390110,Q32083,Ahtamar,,https://database.factgrid.de/entity/Q390110,,Point(43.037 38.3401),,,
Q389612,Q3517370,Tell El-Dab'a,,https://database.factgrid.de/entity/Q389612,,Point(31.8233 30.7867),,,
Q390011,Q3849877,Kalīshīn,,https://database.factgrid.de/entity/Q390011,,Point(44.8994 36.9171),,,
Q389871,Q4115974,Karamlesh,,https://database.factgrid.de/entity/Q389871,,Point(43.4095 36.3056),,,
Q389921,Q4120177,Tall ‘Arbīd,,https://database.factgrid.de/entity/Q389921,,Point(41.0207 36.8728),,,
Q390062,Q447212,Altıntepe,,https://database.factgrid.de/entity/Q390062,,Point(39.6467 39.6964),,,
Q389876,Q4702907,Tall al-Mishrifah,,https://database.factgrid.de/entity/Q389876,,Point(36.8663 34.8346),,,
Q390104,Q509324,Patnos,,https://database.factgrid.de/entity/Q390104,,Point(42.864 39.2332),,,
Q389611,Q522862,Karnak,,https://database.factgrid.de/entity/Q389611,,Point(32.6586 25.7168),,,
Q389767,Q53483,Odzaberd,,https://database.factgrid.de/entity/Q389767,,Point(45.495 40.1537),,,
Q389647,Q5431857,Falerii,,https://database.factgrid.de/entity/Q389647,,Point(12.4217 42.2988),,,
Q390114,Q54571,Ayanıs,,https://database.factgrid.de/entity/Q390114,,Point(43.2114 38.7083),,,
Q389659,Q558861,Alaça Höyuk,,https://database.factgrid.de/entity/Q389659,,Point(34.6951 40.2344),,,
Q390054,Q6087910,Habıbuşaǧı,,https://database.factgrid.de/entity/Q390054,,Point(38.7937 38.4334),,,
Q390055,Q6097573,Kazane Höyük,,https://database.factgrid.de/entity/Q390055,,Point(38.846 37.1196),,,
Q389660,Q6100895,Eskiyapar,,https://database.factgrid.de/entity/Q389660,,Point(34.773 40.1581),,,
Q390074,Q6101667,Girnavaz,,https://database.factgrid.de/entity/Q390074,,Point(41.2304 37.1049),,,
Q390144,Q6578608,Savacık,,https://database.factgrid.de/entity/Q390144,,Point(43.6173 38.4123),,,
Q389686,Q6659990,Liyan,,https://database.factgrid.de/entity/Q389686,,Point(50.8744 28.8853),,,
Q389878,Q690035,Kadesh,,https://database.factgrid.de/entity/Q389878,,Point(36.5194 34.557),,,
Q389925,Q7199033,Tall ‘Aushariyah,,https://database.factgrid.de/entity/Q389925,,Point(38.0755 36.6599),,,
Q389747,Q733610,Erebuni,,https://database.factgrid.de/entity/Q389747,,Point(44.538 40.1405),,,
Q390078,Q756957,Hasankeyf,,https://database.factgrid.de/entity/Q390078,,Point(41.4137 37.7137),,,
Q390124,Q766324,Van,,https://database.factgrid.de/entity/Q390124,,Point(43.3397 38.5011),,,
Q389900,Q7675924,Tall Ḥamīdī,,https://database.factgrid.de/entity/Q389900,,Point(41.166 36.816),,,
Q389794,Q7881676,Umm al-Marra,,https://database.factgrid.de/entity/Q389794,,Point(37.6936 36.134),,,
Q390060,Q8195601,Harput,,https://database.factgrid.de/entity/Q390060,,Point(39.2573 38.7037),,,
Q389991,Q82070,Ṣūr,,https://database.factgrid.de/entity/Q389991,,Point(35.1943 33.2706),,,
Q83154,Q83531,Bitlis,,https://database.factgrid.de/entity/Q83154,,Point(42.1071 38.4013),,,
Q389666,Q841207,Heraion of Samos,,https://database.factgrid.de/entity/Q389666,,Point(26.886 37.6721),,,
Q390102,Q9148422,Aznavurtepe,,https://database.factgrid.de/entity/Q390102,,Point(42.8337 39.2502),,,
Q90458,Q935454,Qift,,https://database.factgrid.de/entity/Q90458,,Point(32.816666666 26.0),,,
Q389619,Q937930,Pi-Ramesses,,https://database.factgrid.de/entity/Q389619,,Point(31.8345 30.8017),,,
Q389617,Q951439,Faqous,"uncertain (mod. Faqous, Egypt)",https://database.factgrid.de/entity/Q389617,,Point(31.7964 30.7276),,,
Q389893,,Tall Jūkha,,https://database.factgrid.de/entity/Q389893,,Point(43.6918 33.3424),,,
Q390138,,Aliler,,https://database.factgrid.de/entity/Q390138,,Point(43.4868 38.8548),,,
Q390140,,Değirmenköy,,https://database.factgrid.de/entity/Q390140,,Point(43.5152 38.5131),,,
Q390170,,Acemhöyük,,https://database.factgrid.de/entity/Q390170,,Point(33.8347 38.4117),,,
Q390120,,Hazine Piri Kapısı,,https://database.factgrid.de/entity/Q390120,,Point(43.3045 38.4069),,,
Q390153,,Başkale,,https://database.factgrid.de/entity/Q390153,,Point(44.0171 38.0448),,,
Q390135,,Aşağı Anzaf,,https://database.factgrid.de/entity/Q390135,,Point(43.4643 38.5678),,,
Q390166,,Novy Kumak,,https://database.factgrid.de/entity/Q390166,,Point(58.6555 51.2297),,,
Q390158,,Başbulak,,https://database.factgrid.de/entity/Q390158,,Point(44.2549 39.9374),,,
Q390156,,Metsamor,,https://database.factgrid.de/entity/Q390156,,Point(44.1869 40.1264),,,
Q390147,,Kaisaran,,https://database.factgrid.de/entity/Q390147,,Point(43.6446 38.466),,,
Q390162,,Ojasar-Ilandağ,,https://database.factgrid.de/entity/Q390162,,Point(45.6251 39.137),,,
Q390150,,Köşk,,https://database.factgrid.de/entity/Q390150,,Point(43.7223 38.9322),,,
Q390131,,Sihke,,https://database.factgrid.de/entity/Q390131,,Point(43.4354 38.5072),,,
Q390111,,Metsopay-Vank,,https://database.factgrid.de/entity/Q390111,,Point(43.0397 39.1679),,,
Q390146,,Keçikıran,,https://database.factgrid.de/entity/Q390146,,Point(43.6345 38.9714),,,
Q390132,,Kevenli,,https://database.factgrid.de/entity/Q390132,,Point(43.4475 38.4746),,,
Q390151,,Körzüt,,https://database.factgrid.de/entity/Q390151,,Point(43.735 38.8877),,,
Q390117,,Edremit,,https://database.factgrid.de/entity/Q390117,,Point(43.2411 38.4182),,,
Q390119,,Taşköprü,,https://database.factgrid.de/entity/Q390119,,Point(43.2489 40.9553),,,
Q390116,,Kadembas,,https://database.factgrid.de/entity/Q390116,,Point(43.2312 38.4084),,,
Q390127,,Karataş,,https://database.factgrid.de/entity/Q390127,,Point(43.3963 39.0109),,,
Q390129,,Kasımoğlu,,https://database.factgrid.de/entity/Q390129,,Point(43.415 38.6846),,,
Q390133,,Bakraçlı,,https://database.factgrid.de/entity/Q390133,,Point(43.4612 38.4491),,,
Q390118,,Ererin,,https://database.factgrid.de/entity/Q390118,,Point(43.2462 38.7579),,,
Q390123,,Kalecik,,https://database.factgrid.de/entity/Q390123,,Point(43.3377 38.5459),,,
Q390112,,Ortadamla,,https://database.factgrid.de/entity/Q390112,,Point(43.0496 39.2058),,,
Q390139,,Sarmaç,,https://database.factgrid.de/entity/Q390139,,Point(43.496 38.4984),,,
Q390155,,Kazancı,,https://database.factgrid.de/entity/Q390155,,Point(44.0255 40.0064),,,
Q390141,,Topraklı,,https://database.factgrid.de/entity/Q390141,,Point(43.5283 39.0462),,,
Q390115,,Güganis,,https://database.factgrid.de/entity/Q390115,,Point(43.22 38.3347),,,
Q390136,,Dereüstü,,https://database.factgrid.de/entity/Q390136,,Point(43.47 38.5563),,,
Q390164,,Xocali,,https://database.factgrid.de/entity/Q390164,,Point(46.8015 39.906),,,
Q390122,,Çelebibağı,,https://database.factgrid.de/entity/Q390122,,Point(43.3127 38.9839),,,
Q390109,,Kamışvan,,https://database.factgrid.de/entity/Q390109,,Point(42.9701 39.2345),,,
Q390143,,Beşçatak,,https://database.factgrid.de/entity/Q390143,,Point(43.5635 38.5159),,,
Q390126,,Meher Kapısı,,https://database.factgrid.de/entity/Q390126,,Point(43.3875 38.5182),,,
Q390154,,Yeşilağaç,,https://database.factgrid.de/entity/Q390154,,Point(44.0205 38.4386),,,
Q390130,,Salmanağa,,https://database.factgrid.de/entity/Q390130,,Point(43.4345 39.0482),,,
Q390137,,Yukarı Anzaf,,https://database.factgrid.de/entity/Q390137,,Point(43.4703 38.5597),,,
Q390149,,Karahan,,https://database.factgrid.de/entity/Q390149,,Point(43.6607 38.9493),,,
Q390157,,Taşburun,,https://database.factgrid.de/entity/Q390157,,Point(44.246 39.9799),,,
Q390145,,Gövelek,,https://database.factgrid.de/entity/Q390145,,Point(43.622 38.5323),,,
Q390148,,Karagündüz,,https://database.factgrid.de/entity/Q390148,,Point(43.6459 38.6955),,,
Q390160,,Qalatgah,,https://database.factgrid.de/entity/Q390160,,Point(45.2208 37.0353),,,
Q389706,,Chughā Sabz,,https://database.factgrid.de/entity/Q389706,,Point(47.3953 33.3179),,,
Q389772,,Tall al-‘Agāmiyya,,https://database.factgrid.de/entity/Q389772,,Point(43.4304 35.2249),,,
Q389762,,Noragavid,,https://database.factgrid.de/entity/Q389762,,Point(44.4743 40.1198),,,
Q389759,,Haykavan,,https://database.factgrid.de/entity/Q389759,,Point(44.0462 40.091),,,
Q389757,,Tsovak,,https://database.factgrid.de/entity/Q389757,,Point(45.6391 40.1823),,,
Q389746,,Karakala,,https://database.factgrid.de/entity/Q389746,,Point(43.8488 40.0487),,,
Q389779,,Qalat-i Dinka,,https://database.factgrid.de/entity/Q389779,,Point(45.1328 36.1367),,,
Q389761,,Nalbandyan,,https://database.factgrid.de/entity/Q389761,,Point(43.9873 40.0628),,,
Q389712,,Chaman-e-Hozori,,https://database.factgrid.de/entity/Q389712,,Point(69.1954 34.5153),,,
Q389774,,Kawala Kandal,,https://database.factgrid.de/entity/Q389774,,Point(43.6532 35.8079),,,
Q389766,,Vardatsor,,https://database.factgrid.de/entity/Q389766,,Point(45.193 40.1888),,,
Q389776,,Mukhattat,,https://database.factgrid.de/entity/Q389776,,Point(44.4962 32.337),,,
Q389729,,Qa`la Bast,,https://database.factgrid.de/entity/Q389729,,Point(64.3566 31.5081),,,
Q389699,,Tall Afghanī,,https://database.factgrid.de/entity/Q389699,,Point(51.1321 31.4883),,,
Q389719,,Siyah Chas̱mah,,https://database.factgrid.de/entity/Q389719,,Point(44.3867 39.0659),,,
Q389728,,Qal‘ah Imam,,https://database.factgrid.de/entity/Q389728,,Point(46.1798 35.488),,,
Q389778,,Dugirdkhan,,https://database.factgrid.de/entity/Q389778,,Point(44.8475 36.1549),,,
Q389753,,Zvartʻnotsʻ,,https://database.factgrid.de/entity/Q389753,,Point(44.3366 40.1596),,,
Q389726,,‘Ayn-i Rūm,,https://database.factgrid.de/entity/Q389726,,Point(45.132 37.1837),,,
Q389769,,Tall al-Raqa‘i,,https://database.factgrid.de/entity/Q389769,,Point(40.8521 36.44),,,
Q389781,,Tall al-Disim,,https://database.factgrid.de/entity/Q389781,,Point(45.3929 32.1415),,,
Q389742,,Maḥmūd Ābād,,https://database.factgrid.de/entity/Q389742,,Point(45.1294 37.3669),,,
Q389705,,Jawānqal‘h,,https://database.factgrid.de/entity/Q389705,,Point(45.9564 37.4913),,,
Q389739,,Lamā,,https://database.factgrid.de/entity/Q389739,,Point(51.2172 31.0449),,,
Q389755,,Tʻanahat,,https://database.factgrid.de/entity/Q389755,,Point(45.925 39.4156),,,
Q389714,,Rāzlīq,,https://database.factgrid.de/entity/Q389714,,Point(47.5496 38.0066),,,
Q389784,,Suhairy,,https://database.factgrid.de/entity/Q389784,,Point(45.5881 31.4729),,,
Q389793,,Umm al-Ḥafryāt,,https://database.factgrid.de/entity/Q389793,,Point(45.4915 31.6426),,,
Q389760,,Marmachyn,,https://database.factgrid.de/entity/Q389760,,Point(43.7525 40.8514),,,
Q389786,,Tell Ba'arura Shargi,,https://database.factgrid.de/entity/Q389786,,Point(46.1685 30.9786),,,
Q389749,,Aruch,,https://database.factgrid.de/entity/Q389749,,Point(44.0784 40.2865),,,
Q389707,,Chugha Pahn,,https://database.factgrid.de/entity/Q389707,,Point(48.4862 32.1851),,,
Q389730,,Qandahār,,https://database.factgrid.de/entity/Q389730,,Point(65.6588 31.6025),,,
Q389724,,S̱īs̱ah,,https://database.factgrid.de/entity/Q389724,,Point(47.3662 38.6075),,,
Q389763,,Janfida,,https://database.factgrid.de/entity/Q389763,,Point(44.0276 40.0419),,,
Q389735,,Kuhanak,,https://database.factgrid.de/entity/Q389735,,Point(48.6185 32.2683),,,
Q389736,,Kūlfaraḥ,,https://database.factgrid.de/entity/Q389736,,Point(49.9286 31.8706),,,
Q389782,,Unknown,,https://database.factgrid.de/entity/Q389782,,Point(45.3936 32.149),,,
Q389765,,Spandaryan,,https://database.factgrid.de/entity/Q389765,,Point(44.0205 40.6679),,,
Q389743,,Mawānā,,https://database.factgrid.de/entity/Q389743,,Point(44.7952 37.5734),,,
Q389740,,Mārlīk,,https://database.factgrid.de/entity/Q389740,,Point(49.5019 36.8528),,,
Q389764,,Sardarapat,,https://database.factgrid.de/entity/Q389764,,Point(44.0187 40.136),,,
Q389771,,Tall Hanas,,https://database.factgrid.de/entity/Q389771,,Point(43.2896 35.4368),,,
Q389741,,Māhān,,https://database.factgrid.de/entity/Q389741,,Point(57.29 30.0598),,,
Q389783,,Tulūl al-Hummar,,https://database.factgrid.de/entity/Q389783,,Point(45.4998 31.6166),,,
Q389780,,Ṭulūl al-Ḥumr,,https://database.factgrid.de/entity/Q389780,,Point(45.2872 31.8567),,,
Q389788,,Abū Dhuba‘,,https://database.factgrid.de/entity/Q389788,,Point(45.6225 31.6772),,,
Q389750,,Bambakajat,,https://database.factgrid.de/entity/Q389750,,Point(44.0183 40.1029),,,
Q389754,,Elar,,https://database.factgrid.de/entity/Q389754,,Point(44.6168 40.2681),,,
Q389715,,Ẕiwyah,,https://database.factgrid.de/entity/Q389715,,Point(46.6879 36.2739),,,
Q389756,,Lchajen,,https://database.factgrid.de/entity/Q389756,,Point(44.9418 40.5074),,,
Q389702,,Tall-i Spīd,,https://database.factgrid.de/entity/Q389702,,Point(51.4845 30.2519),,,
Q389720,,Shiqāft-i Gulgul,,https://database.factgrid.de/entity/Q389720,,Point(46.4843 33.4675),,,
Q389704,,Tūl-i Gīlān,,https://database.factgrid.de/entity/Q389704,,Point(48.6069 37.7352),,,
Q389718,,Saqandal,,https://database.factgrid.de/entity/Q389718,,Point(46.7375 38.5041),,,
Q389785,,Dibbin,,https://database.factgrid.de/entity/Q389785,,Point(45.6611 31.8977),,,
Q389725,,Ṭashtepe,,https://database.factgrid.de/entity/Q389725,,Point(45.5666 37.0499),,,
Q389751,,Garni,,https://database.factgrid.de/entity/Q389751,,Point(44.7299 40.1124),,,
Q389711,,Chughā Gāwānah,,https://database.factgrid.de/entity/Q389711,,Point(46.5286 34.1101),,,
Q389872,,Tall al-Qiṭar,,https://database.factgrid.de/entity/Q389872,,Point(38.1803 36.3837),,,
Q389636,,Mikhmoret,,https://database.factgrid.de/entity/Q389636,,Point(34.8659 32.4013),,,
Q389680,,Gird-i Rustam,,https://database.factgrid.de/entity/Q389680,,Point(45.9157 35.7528),,,
Q389919,,Tall ‘Atij,,https://database.factgrid.de/entity/Q389919,,Point(40.8644 36.4303),,,
Q389999,,‘Ammān,,https://database.factgrid.de/entity/Q389999,,Point(36.0202 31.7219),,,
Q389906,,Tall Saka,,https://database.factgrid.de/entity/Q389906,,Point(36.4682 33.4402),,,
Q389959,,Jamjamāl,,https://database.factgrid.de/entity/Q389959,,Point(44.835 35.5367),,,
Q389997,,Ṭawīlān,,https://database.factgrid.de/entity/Q389997,,Point(35.4848 30.3313),,,
Q389930,,Tall Qabr Abu al-’Atīq,,https://database.factgrid.de/entity/Q389930,,Point(39.7854 35.763),,,
Q389995,,Ṭūbzāwah,,https://database.factgrid.de/entity/Q389995,,Point(44.6979 36.8079),,,
Q389937,,Tall Muḥamad ‘Arab,,https://database.factgrid.de/entity/Q389937,,Point(42.8893 36.6346),,,
Q389962,,Ḥabl al-Ṣakhar,,https://database.factgrid.de/entity/Q389962,,Point(44.2698 33.1216),,,
Q389939,,Tall Marwāny,,https://database.factgrid.de/entity/Q389939,,Point(40.6627 34.8669),,,
Q389964,,Ḥammām,,https://database.factgrid.de/entity/Q389964,,Point(38.1781 36.6413),,,
Q389902,,Tall Khaibar,,https://database.factgrid.de/entity/Q389902,,Point(45.9328 31.0593),,,
Q390002,,Qarah Jatān,,https://database.factgrid.de/entity/Q390002,,Point(45.1914 35.7417),,,
Q389929,,Tall Faqūs,,https://database.factgrid.de/entity/Q389929,,Point(38.2052 35.9372),,,
Q389936,,Tell Muhamad Diyab,,https://database.factgrid.de/entity/Q389936,,Point(41.5642 36.9243),,,
Q389976,,Rās al-Maṭbakh,,https://database.factgrid.de/entity/Q389976,,Point(51.569 25.6912),,,
Q389933,,Tall Karay Qāsim,,https://database.factgrid.de/entity/Q389933,,Point(42.9257 36.6789),,,
Q389965,,Khārk,,https://database.factgrid.de/entity/Q389965,,Point(50.3091 29.2493),,,
Q389982,,Sārabtā,,https://database.factgrid.de/entity/Q389982,,Point(35.295 33.4643),,,
Q389909,,Tall Sītak,,https://database.factgrid.de/entity/Q389909,,Point(45.5027 35.6419),,,
Q389951,,Tulūl Khaṭāb,,https://database.factgrid.de/entity/Q389951,,Point(44.5136 33.4767),,,
Q389913,,Tall Ṣabī Ābiyaḍ,,https://database.factgrid.de/entity/Q389913,,Point(39.0915 36.5057),,,
Q389943,,Tall Mīthlay,,https://database.factgrid.de/entity/Q389943,,Point(42.1377 36.7586),,,
Q389928,,Tall Fisnah,,https://database.factgrid.de/entity/Q389928,,Point(42.8899 36.7079),,,
Q389908,,Tall Siānū,,https://database.factgrid.de/entity/Q389908,,Point(36.0028 35.3653),,,
Q390006,,Qal‘at ‘Awaynah,,https://database.factgrid.de/entity/Q390006,,Point(43.7195 36.0754),,,
Q389802,,Ishān al-Sama‘a,uncertain (mod. Tell Sukas),https://database.factgrid.de/entity/Q389802,,Point(45.4193 32.0725),,,
Q389865,,Tall al-Ṭāya,,https://database.factgrid.de/entity/Q389865,,Point(42.4933 36.3324),,,
Q389805,,Al-Bilad al-Qadim,,https://database.factgrid.de/entity/Q389805,,Point(50.5371 26.2184),,,
Q389813,,Al-Sayāl,,https://database.factgrid.de/entity/Q389813,,Point(40.9096 34.597),,,
Q389851,,Tul-i Ājuri,,https://database.factgrid.de/entity/Q389851,,Point(52.8549 29.9364),,,
Q389847,,Tall Imlīḥiyah,,https://database.factgrid.de/entity/Q389847,,Point(45.0031 34.1961),,,
Q389879,,Tall al-Hādī,,https://database.factgrid.de/entity/Q389879,,Point(41.865 36.8707),,,
Q389817,,Al-Maqsha,,https://database.factgrid.de/entity/Q389817,,Point(50.5112 26.2198),,,
Q389807,,Al-Ḥajar,,https://database.factgrid.de/entity/Q389807,,Point(50.5137 26.2151),,,
Q389811,,Al-Rajībah,,https://database.factgrid.de/entity/Q389811,,Point(45.969 30.9047),,,
Q389838,,Tarjān,,https://database.factgrid.de/entity/Q389838,,Point(43.7581 36.1224),,,
Q389818,,Ishan Abū Kumbārah,,https://database.factgrid.de/entity/Q389818,,Point(46.1954 31.0535),,,
Q389883,,Tall Bāz Musiyān,,https://database.factgrid.de/entity/Q389883,,Point(44.9243 36.1614),,,
Q389809,,Al-Khiḍr,,https://database.factgrid.de/entity/Q389809,,Point(48.288 29.4657),,,
Q389828,,Banat al-Hassan,,https://database.factgrid.de/entity/Q389828,,Point(45.5218 31.5757),,,
Q389890,,Tell Baqaq,,https://database.factgrid.de/entity/Q389890,,Point(42.9369 36.6888),,,
Q390103,,Yalçınkaya,,https://database.factgrid.de/entity/Q390103,,Point(42.8485 39.1768),,,
Q390106,,Hasbey,,https://database.factgrid.de/entity/Q390106,,Point(42.892 38.3427),,,
Q390108,,Muhrapert,,https://database.factgrid.de/entity/Q390108,,Point(42.9157 38.3461),,,
Q390105,,Ortakent,,https://database.factgrid.de/entity/Q390105,,Point(42.8815 41.2235),,,
Q389628,,Shephela,,https://database.factgrid.de/entity/Q389628,,Point(34.8685 31.6283),,,
Q389665,,Kuşsaray,,https://database.factgrid.de/entity/Q389665,,Point(35.1097 40.6061),,,
Q389679,,Mergeh Karvan,,https://database.factgrid.de/entity/Q389679,,Point(44.9669 36.9425),,,
Q389652,,Tel Rumeida,,https://database.factgrid.de/entity/Q389652,,Point(35.1023 31.5245),,,
Q389675,,Tabor,,https://database.factgrid.de/entity/Q389675,,Point(35.4147 32.6714),,,
Q389643,,Tel Jemmeh,,https://database.factgrid.de/entity/Q389643,,Point(34.445 31.3872),,,
Q389629,,Khirbet Kusiya,,https://database.factgrid.de/entity/Q389629,,Point(35.0062 32.4242),,,
Q389667,,Rutschi Tig,,https://database.factgrid.de/entity/Q389667,,Point(43.7555 42.9889),,,
Q389646,,Tel Keisan,,https://database.factgrid.de/entity/Q389646,,Point(35.1508 32.873),,,
Q389671,,Yrṿshlym,,https://database.factgrid.de/entity/Q389671,,Point(35.2358 31.7777),,,
Q389690,,Tapah Khībr,,https://database.factgrid.de/entity/Q389690,,Point(46.6409 34.5441),,,
Q389669,,Beit She'an,,https://database.factgrid.de/entity/Q389669,,Point(35.503 32.5046),,,
Q389644,,Tel Hadid,,https://database.factgrid.de/entity/Q389644,,Point(34.9517 31.9635),,,
Q389642,,Tel Bet Shemesh,,https://database.factgrid.de/entity/Q389642,,Point(34.9748 31.7506),,,
Q389684,,Ishkaft Salmān,,https://database.factgrid.de/entity/Q389684,,Point(49.8476 31.8165),,,
Q389663,,Taşlik Höyük,,https://database.factgrid.de/entity/Q389663,,Point(35.0269 39.8017),,,
Q389614,,Sarābīūm,,https://database.factgrid.de/entity/Q389614,,Point(32.326 30.4677),,,
Q389623,,Iraklio,,https://database.factgrid.de/entity/Q389623,,Point(25.1332 35.3402),,,
Q389674,,Tall Balāṭah,,https://database.factgrid.de/entity/Q389674,,Point(35.2827 32.2135),,,
Q389661,,Yassi Höyük,,https://database.factgrid.de/entity/Q389661,,Point(34.8825 39.9931),,,
Q389633,,Gezer,,https://database.factgrid.de/entity/Q389633,,Point(34.921 31.8596),,,
Q389672,,Jericho,,https://database.factgrid.de/entity/Q389672,,Point(35.4441 31.871),,,
Q389655,,Büklükale,,https://database.factgrid.de/entity/Q389655,,Point(33.4283 39.5832),,,
Q389685,,Bastam,,https://database.factgrid.de/entity/Q389685,,Point(44.9473 38.8859),,,
Q389682,,Tepe Horreeye,,https://database.factgrid.de/entity/Q389682,,Point(48.5022 32.0313),,,
Q389639,,Tel Be'er Sheva,,https://database.factgrid.de/entity/Q389639,,Point(34.8406 31.2449),,,
Q389634,,Wingate,,https://database.factgrid.de/entity/Q389634,,Point(34.8349 32.2616),,,
Q389681,,Nashteban,,https://database.factgrid.de/entity/Q389681,,Point(47.8013 38.0076),,,
Q389664,,Ushaklı Höyük,,https://database.factgrid.de/entity/Q389664,,Point(35.0525 39.813),,,
Q389641,,Tel Beth Mirsim,,https://database.factgrid.de/entity/Q389641,,Point(34.9105 31.4557),,,
Q389694,,Tappah Gārān,,https://database.factgrid.de/entity/Q389694,,Point(47.3375 32.5802),,,
Q389696,,Tappah Mūsiyān,,https://database.factgrid.de/entity/Q389696,,Point(47.351 32.553),,,
Q389691,,Tapah Daylam,,https://database.factgrid.de/entity/Q389691,,Point(48.4262 32.1672),,,
Q390051,,Mezraa Teleilat,,https://database.factgrid.de/entity/Q390051,,Point(37.9859 36.9773),,,
Q390007,,Kārībahīn,,https://database.factgrid.de/entity/Q390007,,Point(42.9355 36.776),,,
Q390061,,Burmageçit,,https://database.factgrid.de/entity/Q390061,,Point(39.5429 38.9714),,,
Q390075,,Hamamköy,,https://database.factgrid.de/entity/Q390075,,Point(41.3538 39.9056),,,
Q390099,,Koçaklar,,https://database.factgrid.de/entity/Q390099,,Point(42.7035 39.231),,,
Q390015,,Kānī Bī,,https://database.factgrid.de/entity/Q390015,,Point(44.8358 35.881),,,
Q390096,,Pirabat,,https://database.factgrid.de/entity/Q390096,,Point(42.5843 39.753),,,
Q390097,,Bulutpınar,,https://database.factgrid.de/entity/Q390097,,Point(42.655 39.3397),,,
Q390083,,Güzelhisar,,https://database.factgrid.de/entity/Q390083,,Point(41.9817 39.8283),,,
Q390098,,Bostankaya,,https://database.factgrid.de/entity/Q390098,,Point(42.6557 39.2028),,,
Q390043,,Hasancıklı,,https://database.factgrid.de/entity/Q390043,,Point(36.7917 37.6127),,,
Q390093,,Adalar,,https://database.factgrid.de/entity/Q390093,,Point(42.5142 39.124),,,
Q390082,,Alazlı,,https://database.factgrid.de/entity/Q390082,,Point(41.8247 38.6939),,,
Q390058,,Anaz,,https://database.factgrid.de/entity/Q390058,,Point(39.027 37.14),,,
Q390090,,Yazılıtaş,,https://database.factgrid.de/entity/Q390090,,Point(42.2755 39.8708),,,
Q390101,,Düzceli,,https://database.factgrid.de/entity/Q390101,,Point(42.7279 39.1747),,,
Q390065,,Palu,,https://database.factgrid.de/entity/Q390065,,Point(39.9535 38.7023),,,
Q390077,,Bingöl Dağ,,https://database.factgrid.de/entity/Q390077,,Point(41.3873 39.3101),,,
Q390039,,Çatal Höyük,,https://database.factgrid.de/entity/Q390039,,Point(36.5456 36.2977),,,
Q390029,,Wādī al-Sab`,,https://database.factgrid.de/entity/Q390029,,Point(36.349 34.5518),,,
Q390050,,Tilbes Höyük,,https://database.factgrid.de/entity/Q390050,,Point(37.8735 37.0886),,,
Q390100,,Kef Kalesi,,https://database.factgrid.de/entity/Q390100,,Point(42.7191 38.8334),,,
Q390012,,Kimūnah,,https://database.factgrid.de/entity/Q390012,,Point(42.7304 36.7713),,,
Q390094,,Malazgirt,,https://database.factgrid.de/entity/Q390094,,Point(42.5409 39.1461),,,
Q390088,,Süngütaşı,,https://database.factgrid.de/entity/Q390088,,Point(42.2432 40.2139),,,
Q390016,,Kūy Sīnjāq,,https://database.factgrid.de/entity/Q390016,,Point(44.6278 36.0847),,,
Q390091,,Aras,,https://database.factgrid.de/entity/Q390091,,Point(42.3081 39.9893),,,
Q390064,,Bağin,,https://database.factgrid.de/entity/Q390064,,Point(39.9002 39.0034),,,
Q390018,,Bakr Awa,,https://database.factgrid.de/entity/Q390018,,Point(45.9403 35.2215),,,
Q390071,,Mardin,,https://database.factgrid.de/entity/Q390071,,Point(40.7178 37.3246),,,
Q390080,,Koçyatağı,,https://database.factgrid.de/entity/Q390080,,Point(41.4978 39.2805),,,
Q390081,,Donatım,,https://database.factgrid.de/entity/Q390081,,Point(41.5317 38.7187),,,
Q390042,,Karacaören,,https://database.factgrid.de/entity/Q390042,,Point(36.7554 39.8534),,,
Q390021,,Namrīk,,https://database.factgrid.de/entity/Q390021,,Point(42.8822 36.7241),,,
Q390066,,Bahçecik,,https://database.factgrid.de/entity/Q390066,,Point(40.0858 38.9117),,,
Q390068,,Sarıca,,https://database.factgrid.de/entity/Q390068,,Point(40.4981 37.0445),,,
Q390076,,Erzen,,https://database.factgrid.de/entity/Q390076,,Point(41.3849 37.978),,,
Q390035,,Kayseri,,https://database.factgrid.de/entity/Q390035,,Point(35.4614 38.7309),,,
Q390063,,Kaleköy,,https://database.factgrid.de/entity/Q390063,,Point(39.6584 39.0253),,,
Q390026,,Harāt,,https://database.factgrid.de/entity/Q390026,,Point(62.1899 34.3453),,,
Q390013,,Kūnārā,,https://database.factgrid.de/entity/Q390013,,Point(45.3594 35.5192),,,
Q390095,,Sarıkamış,,https://database.factgrid.de/entity/Q390095,,Point(42.5796 40.3348),,,
Q390053,,Tall Fray,uncertain (mod. Tell Fray),https://database.factgrid.de/entity/Q390053,,Point(38.3835 35.9029),,,
Q390049,,Kenk Boǧazı,,https://database.factgrid.de/entity/Q390049,,Point(37.8436 37.2506),,,
Q390089,,Kotanlı,,https://database.factgrid.de/entity/Q390089,,Point(42.2482 39.1412),,,
Q390009,,Kānī Shāyah,,https://database.factgrid.de/entity/Q390009,,Point(45.1764 35.5579),,,
,,Antipatris (mod. Tel Aphek),Antipatris,Q389638,10,Point(34.9311 32.1053),https://database.factgrid.de/entity/Q389638,Q8 | Q389596,ancient location and modern archaeological excavation site
,,Kabnak (mod. Haft Tepe),Haft Tepe | Kabnak,Q390027,100,Point(48.3276 32.0803),https://database.factgrid.de/entity/Q390027,Q8 | Q389596 | Q1785688,ancient location and modern archaeological excavation site
,,Galgameš,,Q2099939,1006,,https://database.factgrid.de/entity/Q2099939,Q389596 | Q8,ancient location and modern archaeological excavation site
,,Bit-kunanu,,Q2099921,1007,,https://database.factgrid.de/entity/Q2099921,Q389596 | Q8,ancient location and modern archaeological excavation site
,,Bit-bari,,Q2099916,1008,,https://database.factgrid.de/entity/Q2099916,Q389596 | Q8,ancient location and modern archaeological excavation site
,,Haṭru,,Q2099947,1009,,https://database.factgrid.de/entity/Q2099947,Q389596 | Q8,ancient location and modern archaeological excavation site
,,Tell Kirbāsi,mod. Tell Kirbāsi,Q2100022,1010,Point(46.9517 30.7492),https://database.factgrid.de/entity/Q2100022,Q389596 | Q8,ancient location and modern archaeological excavation site
,,Chamchamal,mod. Chamchamal,Q2099928,1011,,https://database.factgrid.de/entity/Q2099928,Q389596 | Q8,ancient location and modern archaeological excavation site
,,Tell Basmaya,mod. Tell Basmaya,Q2100019,1012,,https://database.factgrid.de/entity/Q2100019,Q389596 | Q8,ancient location and modern archaeological excavation site
,,Petronell-Carnuntum,Carnuntum | mod. Petronell-Carnuntum,Q2099980,1014,Point(16.861 48.113),https://database.factgrid.de/entity/Q2099980,Q389596 | Q8,ancient location and modern archaeological excavation site
,,Gur-e Sefid,mod. Gur-e Sefid,Q2099943,1015,,https://database.factgrid.de/entity/Q2099943,Q389596 | Q8,ancient location and modern archaeological excavation site
,,Tulūl Kubībah,mod. Tulūl Kubībah,Q2100031,1016,Point(46.148 31.704),https://database.factgrid.de/entity/Q2100031,Q389596 | Q8,ancient location and modern archaeological excavation site
,,Šušan,,Q2099997,1017,,https://database.factgrid.de/entity/Q2099997,Q389596 | Q8,ancient location and modern archaeological excavation site
,,Saḫrītu,,Q2099989,1018,,https://database.factgrid.de/entity/Q2099989,Q389596 | Q8,ancient location and modern archaeological excavation site
,,Šuppatu,,Q2099993,1019,,https://database.factgrid.de/entity/Q2099993,Q389596 | Q8,ancient location and modern archaeological excavation site
,,Tell Agrab,mod. Tell Agrab,Q389852,102,Point(44.8742 33.3391),https://database.factgrid.de/entity/Q389852,Q8 | Q389596,ancient location and modern archaeological excavation site
,,Bīt-Ḫaḫḫūru,,Q2099918,1020,,https://database.factgrid.de/entity/Q2099918,Q389596 | Q8,ancient location and modern archaeological excavation site
,,El Geraineh,Egraineli | mod. El Geraineh,Q2099934,1021,,https://database.factgrid.de/entity/Q2099934,Q389596 | Q8,ancient location and modern archaeological excavation site
,,Apšu,,Q2099907,1022,,https://database.factgrid.de/entity/Q2099907,Q389596 | Q8,ancient location and modern archaeological excavation site
,,Quwakh Tapeh,mod. Quwakh Tapeh,Q2099986,1023,,https://database.factgrid.de/entity/Q2099986,Q389596 | Q8,ancient location and modern archaeological excavation site
,,Äl-Mušēzib-Marduk,mod. Äl-Mušēzib-Marduk,Q2099897,1024,,https://database.factgrid.de/entity/Q2099897,Q389596 | Q8,ancient location and modern archaeological excavation site
,,Gišši,,Q2099942,103,,https://database.factgrid.de/entity/Q2099942,Q389596 | Q8,ancient location and modern archaeological excavation site
,,"Abdju (mod. Abydos, Egypt)",Umm El Qa'ab | Abdju,Q389607,104,Point(31.908 26.1747),https://database.factgrid.de/entity/Q389607,Q8 | Q389596,ancient location and modern archaeological excavation site
,,Uruk (mod. Warka),Uruk | Erech | Erekh | Auruk | Orkhóē | Orékh | Ōrúgeia,Q390030,105,Point(45.6374 31.3259),https://database.factgrid.de/entity/Q390030,Q8 | Q389596 | Q1785688 | Q1059746,ancient location and modern archaeological excavation site
,,Dharan,,Q389814,106,Point(50.1502 26.2664),https://database.factgrid.de/entity/Q389814,Q8 | Q389596,ancient location and modern archaeological excavation site
,,Tulul al-Lak,,Q389950,107,Point(43.2638 36.2983),https://database.factgrid.de/entity/Q389950,Q8 | Q389596,ancient location and modern archaeological excavation site
,,Bardi Sanjian Bitwata,,Q389824,108,Point(44.7031 36.3398),https://database.factgrid.de/entity/Q389824,Q8 | Q389596,ancient location and modern archaeological excavation site
,,Dur-Untaš (mod. Chogha Zanbil),Chogha Zanbil | Dur-Untaš,Q389709,109,Point(48.5229 32.0078),https://database.factgrid.de/entity/Q389709,Q8 | Q389596,ancient location and modern archaeological excavation site
,,Qasr-i Abu Nasr (mod. uncertain),,Q389727,11,Point(52.6252 29.5848),https://database.factgrid.de/entity/Q389727,Q8 | Q389596,ancient location and modern archaeological excavation site
,,Ben Shemen,,Q389632,111,Point(34.9206 31.9535),https://database.factgrid.de/entity/Q389632,Q8 | Q389596,ancient location and modern archaeological excavation site
,,Tell Hammam,,Q389856,113,Point(45.7675 31.6365),https://database.factgrid.de/entity/Q389856,Q8 | Q389596,ancient location and modern archaeological excavation site
,,Abū Fanduwā,Abu Fandowa | mod. Abu Fandowa,Q389683,115,Point(48.3164 32.0941),https://database.factgrid.de/entity/Q389683,Q8 | Q389596,ancient location and modern archaeological excavation site
,,Sar-i-pul-i-Zohāb,Anubanini rock relief,Q389716,116,Point(45.8692 34.4633),https://database.factgrid.de/entity/Q389716,Q8 | Q389596,ancient location and modern archaeological excavation site
,,Hamadan,Ecbatana,Q390028,117,Point(48.5171 34.8043),https://database.factgrid.de/entity/Q390028,Q8 | Q389596,ancient location and modern archaeological excavation site
,,Šaddikanni (mod. Tell Ajaja),Shaddikanni,Q389920,118,Point(40.7205 36.2082),https://database.factgrid.de/entity/Q389920,Q8 | Q389596,ancient location and modern archaeological excavation site
,,Susa (mod. Shush),Susa,Q389723,12,Point(48.2569 32.1895),https://database.factgrid.de/entity/Q389723,Q8 | Q389596,ancient location and modern archaeological excavation site
,,Seleucia,Seleucia | Tell 'Umar,Q389986,120,Point(44.5213 33.0962),https://database.factgrid.de/entity/Q389986,Q8 | Q389596,ancient location and modern archaeological excavation site
,,Tulul Abu Jawan,Abu Jawan | mod. Abu Jawan,Q389947,121,Point(44.807 33.1337),https://database.factgrid.de/entity/Q389947,Q8 | Q389596,ancient location and modern archaeological excavation site
,,Za'aleh,mod. Za'aleh,Q2100041,122,,https://database.factgrid.de/entity/Q2100041,Q389596 | Q8,ancient location and modern archaeological excavation site
,,Abu Sêcher,mod. Abu Sêcher,Q2099892,123,,https://database.factgrid.de/entity/Q2099892,Q389596 | Q8,uncertain ancient location with artifacts from the Lagash II period (ca. 2200-2100 BC)
,,Bit-ṭab-bel,,Q2099926,125,,https://database.factgrid.de/entity/Q2099926,Q389596 | Q8,ancient location and modern archaeological excavation site
,,Tell Sabaa,,Q390159,126,Point(44.7514 33.4638),https://database.factgrid.de/entity/Q390159,Q8 | Q389596,ancient location and modern archaeological excavation site
,,Girigu,,Q2099941,128,,https://database.factgrid.de/entity/Q2099941,Q389596 | Q8,ancient location and modern archaeological excavation site
,,Tepe Farukhabad,,Q389693,129,Point(47.2246 32.5873),https://database.factgrid.de/entity/Q389693,Q8 | Q389596,ancient location and modern archaeological excavation site
,,Dur-Kurigalzu (mod. Aqar Quf),Dur-Kurigalzu,Q389923,13,Point(44.1888 33.3599),https://database.factgrid.de/entity/Q389923,Q8 | Q389596,ancient location and modern archaeological excavation site
,,Tutub (mod. Khafaje),Khafajah | Tutub,Q389968,130,Point(44.5559 33.3554),https://database.factgrid.de/entity/Q389968,Q8 | Q389596,ancient location and modern archaeological excavation site
,,Ugarit (mod. Ras Shamra),Ugarit,Q389975,131,Point(35.7853 35.6021),https://database.factgrid.de/entity/Q389975,Q8 | Q389596,ancient location and modern archaeological excavation site
,,Larak (mod. Tell Wilayah) : Kesh (mod. Wilaya ?),Larak,Q389944,132,Point(45.6602 32.3127),https://database.factgrid.de/entity/Q389944,Q8 | Q389596,ancient location and modern archaeological excavation site
,,Bad-Tibira (mod. Tell Medinah),Bad-tibira | Bad-Tibira,Q389875,133,Point(46.004 31.3832),https://database.factgrid.de/entity/Q389875,Q8 | Q389596,ancient location and modern archaeological excavation site
,,Kar-Nabu,,Q2099962,134,,https://database.factgrid.de/entity/Q2099962,Q389596 | Q8,ancient location and modern archaeological excavation site
,,Dur-Katlimmu (mod. Tall Shekh Hamad),Tell Sheikh Hamad | Dur-Katlimmu,Q389863,135,Point(40.7436 35.6463),https://database.factgrid.de/entity/Q389863,Q8 | Q389596,ancient location and modern archaeological excavation site
,,Ašnakkum,Chagar Bazar,Q389910,136,Point(40.8978 36.8755),https://database.factgrid.de/entity/Q389910,Q8 | Q389596,ancient location and modern archaeological excavation site
,,Chogha Mish,,Q389710,137,Point(48.5555 32.224),https://database.factgrid.de/entity/Q389710,Q8 | Q389596,ancient location and modern archaeological excavation site
,,Ishan-Dhahak,,Q389798,138,Point(44.8341 32.7104),https://database.factgrid.de/entity/Q389798,Q8 | Q389596,ancient location and modern archaeological excavation site
,,Samal (mod. Zinčirli),Samʼal | Samal,Q390040,14,Point(36.6783 37.1035),https://database.factgrid.de/entity/Q390040,Q8 | Q389596,ancient location and modern archaeological excavation site
,,Tepe Gotvand,Tapah Gutwand,Q389695,140,Point(48.8149 32.2363),https://database.factgrid.de/entity/Q389695,Q8 | Q389596,ancient location and modern archaeological excavation site
,,Kar-bel-matati,,Q2099961,141,,https://database.factgrid.de/entity/Q2099961,Q389596 | Q8,ancient location and modern archaeological excavation site
,,Jerwan,,Q389958,142,Point(43.3934 36.6697),https://database.factgrid.de/entity/Q389958,Q8 | Q389596,ancient location and modern archaeological excavation site
,,Emar (mod. Tell Meskene),Emar,Q389940,143,Point(38.1126 35.9876),https://database.factgrid.de/entity/Q389940,Q8 | Q389596,ancient location and modern archaeological excavation site
,,Sidon,Ṣaiydā | Sidon,Q91761,144,Point(35.3981 33.5606) | Point(35.3697 33.5625),https://database.factgrid.de/entity/Q91761,Q8 | Q389596,"city in Lebanon, ancient location and modern archaeological excavation site"
,,Uhudu,,Q2100034,145,,https://database.factgrid.de/entity/Q2100034,Q389596 | Q8,ancient location and modern archaeological excavation site
,,Tepe Sofalin,,Q389692,146,Point(51.7366 35.3161),https://database.factgrid.de/entity/Q389692,Q8 | Q389596,ancient location and modern archaeological excavation site
,,Ecbatana,,Q2099933,147,,https://database.factgrid.de/entity/Q2099933,Q389596 | Q8,ancient location and modern archaeological excavation site
,,Tell al-Diba'i,Zaralulu | Tell Dhiba'i,Q389775,148,Point(44.4823 33.3229),https://database.factgrid.de/entity/Q389775,Q8 | Q389596,ancient location and modern archaeological excavation site
,,Tell al-Baqarat,Tell al-Diba'i,Q389949,148,Point(45.7239 32.3361),https://database.factgrid.de/entity/Q389949,Q8 | Q389596,ancient location and modern archaeological excavation site
,,Me-Turran (mod. Tell Haddad),Me-Turran,Q389894,149,Point(45.0563 34.1928),https://database.factgrid.de/entity/Q389894,Q8 | Q389596,ancient location and modern archaeological excavation site
,,Giricano,Giricano Höyüğü | mod. Giricano,Q390072,150,Point(40.7499 37.8169),https://database.factgrid.de/entity/Q390072,Q8 | Q389596,ancient location and modern archaeological excavation site
,,Kumu,,Q2099968,151,,https://database.factgrid.de/entity/Q2099968,Q389596 | Q8,ancient location and modern archaeological excavation site
,,Udannu,,Q2100033,152,,https://database.factgrid.de/entity/Q2100033,Q389596 | Q8,ancient location and modern archaeological excavation site
,,Diqdiqqah,,Q389971,153,Point(46.1186 30.9745),https://database.factgrid.de/entity/Q389971,Q8 | Q389596,ancient location and modern archaeological excavation site
,,Umma (mod. Tell Jokha),Umma,Q389833,154,Point(45.8861 31.6669),https://database.factgrid.de/entity/Q389833,Q8 | Q389596,ancient location and modern archaeological excavation site
,,Palmyra,Palmyra,Q389837,155,Point(38.2694 34.5522),https://database.factgrid.de/entity/Q389837,Q8 | Q389596,ancient location and modern archaeological excavation site
,,Tell Sweyhat,Sweyhat,Q389768,156,Point(38.2538 36.2734),https://database.factgrid.de/entity/Q389768,Q8 | Q389596,ancient location and modern archaeological excavation site
,,Jemdet Nasr,,Q389960,159,Point(44.7796 32.7181),https://database.factgrid.de/entity/Q389960,Q8 | Q389596,ancient location and modern archaeological excavation site
,,Lagaba,,Q2099969,16,,https://database.factgrid.de/entity/Q2099969,Q389596 | Q8,ancient location and modern archaeological excavation site
,,Puzriš-Dagan (mod. Drehem),Puzriš-Dagan | Drehem,Q389903,160,Point(45.2922 32.0591),https://database.factgrid.de/entity/Q389903,Q8 | Q389596,ancient location and modern archaeological excavation site
,,Mari (mod. Tell Hariri),"Mari, Syria | Mari | Tell Hariri",Q389896,161,Point(40.8887 34.5504) | Point(40.89 34.549444444444),https://database.factgrid.de/entity/Q389896,Q8 | Q389596 | Q1785688 | Q1059746,ancient location and modern archaeological excavation site
,,Alalakh,Alalakh | Alalah | Tel Açana,Q389868,162,Point(36.3842 36.2377),https://database.factgrid.de/entity/Q389868,Q8 | Q389596,ancient location and modern archaeological excavation site
,,Dohuk,,Q389972,164,Point(42.9205 36.8623),https://database.factgrid.de/entity/Q389972,Q8 | Q389596,ancient location and modern archaeological excavation site
,,Arrapha (mod. Kirkuk),Arrapha,Q390010,165,Point(44.3957 35.4701),https://database.factgrid.de/entity/Q390010,Q8 | Q389596,ancient location and modern archaeological excavation site
,,Larsa (mod. Tell as-Senkereh),Larsa | Tell as-Senkereh,Q389860,168,Point(45.8549 31.2832) | Point(45.853611111111 31.285833333333) | Point(45.8498 31.2833),https://database.factgrid.de/entity/Q389860,Q8 | Q389596 | Q1785688 | Q1059746,ancient location and modern archaeological excavation site
,,Jīroft,,Q389961,169,Point(57.7792 28.4634),https://database.factgrid.de/entity/Q389961,Q8 | Q389596,ancient location and modern archaeological excavation site
,,Ba-milkišu,,Q2099911,17,,https://database.factgrid.de/entity/Q2099911,Q389596 | Q8,ancient location and modern archaeological excavation site
,,Ḫattusa (mod. Boğazkale),Hattusa | Ḫattusa | Boğazkale,Q389658,171,Point(34.6164 40.0144),https://database.factgrid.de/entity/Q389658,Q8 | Q389596 | Q1785688,ancient location and modern archaeological excavation site
,,Tulūl Yassir,Malgium | mod. Tulūl Yassir,Q2100032,172,Point(45.0983 32.5612),https://database.factgrid.de/entity/Q2100032,Q389596 | Q8,ancient location and modern archaeological excavation site
,,Glai'a,,Q389770,173,Point(42.1921 34.2909),https://database.factgrid.de/entity/Q389770,Q8 | Q389596,ancient location and modern archaeological excavation site
,,Sulaiymah,Sulaima | Tell Suleimah | Himrin,Q389987,174,Point(45.1034 34.1677),https://database.factgrid.de/entity/Q389987,Q8 | Q389596,ancient location and modern archaeological excavation site
,,Hurruba,,Q2099954,175,,https://database.factgrid.de/entity/Q2099954,Q389596 | Q8,ancient location and modern archaeological excavation site
,,Der (mod. Tell Aqar),Der (Sumer) | Der,Q389922,178,Point(45.9316 33.1238),https://database.factgrid.de/entity/Q389922,Q8 | Q389596,ancient location and modern archaeological excavation site
,,Amuda,,Q389917,179,Point(40.9293 37.0972),https://database.factgrid.de/entity/Q389917,Q8 | Q389596,ancient location and modern archaeological excavation site
,,Mah-i-dasht plain,mod. Mah-i-dasht plain,Q2099973,18,,https://database.factgrid.de/entity/Q2099973,Q389596 | Q8,ancient location and modern archaeological excavation site
,,Kapri-ša-naqidati,,Q2099959,182,,https://database.factgrid.de/entity/Q2099959,Q389596 | Q8,ancient location and modern archaeological excavation site
,,Tikrit,Tikrit,Q389839,183,Point(43.6753 34.5974),https://database.factgrid.de/entity/Q389839,Q8 | Q389596,ancient location and modern archaeological excavation site
,,Tell Abu-Maria,Apqu-ša-Adad,Q389803,185 | 158,Point(42.5973 36.4295),https://database.factgrid.de/entity/Q389803,Q8 | Q389596,ancient location and modern archaeological excavation site
,,Šašrum,,Q2099991,186,,https://database.factgrid.de/entity/Q2099991,Q389596 | Q8,ancient location and modern archaeological excavation site
,,Yasuj,mod. Yasuj,Q390032,188,Point(51.5796 30.6673),https://database.factgrid.de/entity/Q390032,Q8 | Q389596,ancient location and modern archaeological excavation site
,,Qaqun,Kibbutz Hama-apil,Q389637,189,Point(34.995 32.3593),https://database.factgrid.de/entity/Q389637,Q8 | Q389596,ancient location and modern archaeological excavation site
,,Khan Haswa,,Q389966,19,Point(44.4016 32.8277),https://database.factgrid.de/entity/Q389966,Q8 | Q389596,ancient location and modern archaeological excavation site
,,Šarišša,Kuşaklı,Q390044,190,Point(36.9096 39.3084),https://database.factgrid.de/entity/Q390044,Q8 | Q389596,ancient location and modern archaeological excavation site
,,Maškan-šapir (mod. Tell Abu Duwari),Mashkan-shapir | Maškan-šapir,Q389841,192,Point(45.2207 32.4055),https://database.factgrid.de/entity/Q389841,Q8 | Q389596,ancient location and modern archaeological excavation site
,,Kazallu,,Q2099964,193,,https://database.factgrid.de/entity/Q2099964,Q389596 | Q8,ancient location and modern archaeological excavation site
,,'Anah,'Ana | Anatho | mod. 'Ana,Q390000,194,Point(41.9794 34.4677),https://database.factgrid.de/entity/Q390000,Q8 | Q389596,ancient location and modern archaeological excavation site
,,Bit-Šaḫṭu,,Q2099924,197,,https://database.factgrid.de/entity/Q2099924,Q389596 | Q8,ancient location and modern archaeological excavation site
,,Tall-I Takht (mod. Pasargadae),Pasargadae,Q389688,198,Point(53.1768 30.2008),https://database.factgrid.de/entity/Q389688,Q8 | Q389596,ancient location and modern archaeological excavation site
,,Sur Jar'a,,Q390087,199,Point(42.1939 34.3072),https://database.factgrid.de/entity/Q390087,Q8 | Q389596,ancient location and modern archaeological excavation site
,,Sippar-Amnanum (mod. Tell ed-Der),Sippar-Amnanum,Q389858,2,Point(44.2991 33.0991),https://database.factgrid.de/entity/Q389858,Q8 | Q389596,ancient location and modern archaeological excavation site
,,Kizkapanlı,,Q390047,20,Point(37.285 37.395),https://database.factgrid.de/entity/Q390047,Q8 | Q389596,ancient location and modern archaeological excavation site
,,Naḫalla,,Q2099976,201,,https://database.factgrid.de/entity/Q2099976,Q389596 | Q8,ancient location and modern archaeological excavation site
,,Harran (mod. Harran),Harran,Q390059,202,Point(39.0309 36.8634),https://database.factgrid.de/entity/Q390059,Q8 | Q389596,ancient location and modern archaeological excavation site
,,Alu-ša-šuma-ukin,,Q2099904,203,,https://database.factgrid.de/entity/Q2099904,Q389596 | Q8,ancient location and modern archaeological excavation site
,,Ḫarbe (mod. Tell Chuera),Tell Chuera | Ḫarbe,Q389862,204,Point(39.4981 36.6469),https://database.factgrid.de/entity/Q389862,Q8 | Q389596,ancient location and modern archaeological excavation site
,,Deh-e No,Dah-i Nu,Q389713,206,Point(48.5684 32.0686),https://database.factgrid.de/entity/Q389713,Q8 | Q389596,ancient location and modern archaeological excavation site
,,Ur (mod. Tell Muqayyar),Ur | Uri,Q389877,21,Point(46.1063 30.9607),https://database.factgrid.de/entity/Q389877,Q8 | Q389596,ancient location and modern archaeological excavation site
,,Tell Sifr,Kutalla,Q389905,167 | 210,Point(45.9672 31.2946),https://database.factgrid.de/entity/Q389905,Q8 | Q389596,ancient location and modern archaeological excavation site
,,Assur,Aššur | Kalah Shergat | Ashur,Q390001,211 | 205,Point(43.2611 35.4557),https://database.factgrid.de/entity/Q390001,Q8 | Q389596,ancient location and modern archaeological excavation site
,,Himeri,mod. Himeri,Q2099949,213,,https://database.factgrid.de/entity/Q2099949,Q389596 | Q8,ancient location and modern archaeological excavation site
,,Ekalte (mod. Tell Munbaqa),Mumbaqat | Ekalte,Q389941,214,Point(38.1298 36.2182),https://database.factgrid.de/entity/Q389941,Q8 | Q389596,ancient location and modern archaeological excavation site
,,Umm al-Wawīya,,Q390163,215,Point(45.7626 31.2613),https://database.factgrid.de/entity/Q390163,Q8 | Q389596,ancient location and modern archaeological excavation site
,,Nagar (mod. Tell Brak),Tell Brak | Nagar,Q389886,217,Point(41.0584 36.667),https://database.factgrid.de/entity/Q389886,Q8 | Q389596,ancient location and modern archaeological excavation site
,,"Toprakkale, Eastern Anatolia",Rusahinili,Q390128,218,Point(43.4064 38.5102),https://database.factgrid.de/entity/Q390128,Q8 | Q389596,ancient location and modern archaeological excavation site
,,Tell Yarah,,Q389945,219,Point(43.2532 36.4466),https://database.factgrid.de/entity/Q389945,Q8 | Q389596,ancient location and modern archaeological excavation site
,,Nippur (mod. Nuffar),Nippur,Q390017,22,Point(45.23 32.1271),https://database.factgrid.de/entity/Q390017,Q8 | Q389596,ancient location and modern archaeological excavation site
,,Dura-Europus,mod. Dura-Europus,Q389973,220,Point(40.7298 34.7479),https://database.factgrid.de/entity/Q389973,Q8 | Q389596,ancient location and modern archaeological excavation site
,,Yorgan Tepe,Gasur/Nuzi | mod. Yorgan Tepe,Q2100040,222,Point(44.2546 35.3717),https://database.factgrid.de/entity/Q2100040,Q389596 | Q8,ancient location and modern archaeological excavation site
,,Gasur (mod. Yorgan Tepe) : Nuzi (mod. Yorgan Tepe),Nuzi | Gasur | Yūrghān Tapah,Q89588,222,Point(44.2546 35.3717),https://database.factgrid.de/entity/Q89588,Q8,ancient location and modern archaeological excavation site
,,Marad (mod. Wanna-wa-Sadum),Marad,Q389914,223,Point(44.7851 32.0917),https://database.factgrid.de/entity/Q389914,Q8 | Q389596,ancient location and modern archaeological excavation site
,,Judi Dagh,Mount Judi | Cudi Dağı,Q390092,224,Point(42.3668 37.3838),https://database.factgrid.de/entity/Q390092,Q8 | Q389596,ancient location and modern archaeological excavation site
,,Hummanu,,Q2099953,225,,https://database.factgrid.de/entity/Q2099953,Q389596 | Q8,ancient location and modern archaeological excavation site
,,Tell Ubaid,Tell al-'Ubaid | mod. Tell Ubaid,Q389866,226,Point(46.0305 30.9722),https://database.factgrid.de/entity/Q389866,Q8 | Q389596,ancient location and modern archaeological excavation site
,,Ankuwa,Alişar Hüyük | Alisar,Q390034,227,Point(35.2614 39.6059),https://database.factgrid.de/entity/Q390034,Q8 | Q389596,ancient location and modern archaeological excavation site
,,Kutha (mod. Tell Ibrahim),Kutha | Gudua,Q389848,23,Point(44.6112 32.7605),https://database.factgrid.de/entity/Q389848,Q8 | Q389596,ancient location and modern archaeological excavation site
,,Kurkh,,Q390069,230,Point(40.5397 37.826),https://database.factgrid.de/entity/Q390069,Q8 | Q389596,ancient location and modern archeologoical excavation site
,,Beisan,,Q389830,231,Point(43.1037 36.4222),https://database.factgrid.de/entity/Q389830,Q8 | Q389596,ancient location and modern archaeological excavation site
,,Tell Abu Qubur,,Q389845,233,Point(44.2185 33.1455),https://database.factgrid.de/entity/Q389845,Q8 | Q389596,ancient location and modern archaeological excavation site
,,Kar-Tukulti-Ninurta (mod. Tulul al-ʿAqir),Kar-Tukulti-Ninurta,Q389948,234,Point(43.2793 35.4944),https://database.factgrid.de/entity/Q389948,Q8 | Q389596,ancient location and modern archaeological excavation site
,,Tall Halawah,Abu Halawa | Tall Ḩalāwah | mod. Abu Halawa,Q389897,235,Point(44.4874 33.4258),https://database.factgrid.de/entity/Q389897,Q8 | Q389596,ancient location and modern archaeological excavation site
,,Bit-ḫulummu,,Q2099920,236,,https://database.factgrid.de/entity/Q2099920,Q389596 | Q8,ancient location and modern archaeological excavation site
,,Behistun,,Q389687,237,Point(47.4318 34.3881),https://database.factgrid.de/entity/Q389687,Q8 | Q389596,ancient location and modern archaeological excavation site
,,Nessana,mod. Nessana,Q2099979,238,,https://database.factgrid.de/entity/Q2099979,Q389596 | Q8,ancient location and modern archaeological excavation site
,,Alu-šabtu,,Q2099906,239,,https://database.factgrid.de/entity/Q2099906,Q389596 | Q8,ancient location and modern archaeological excavation site
,,Bassetki,Mardaman,Q389822,24,Point(42.7213 36.9589),https://database.factgrid.de/entity/Q389822,Q8 | Q389596,ancient location and modern archaeological excavation site
,,Bavian,Khinnis,Q389823,240,Point(43.42 36.7615),https://database.factgrid.de/entity/Q389823,Q8 | Q389596,ancient location and modern archaeological excavation site
,,Qatara (mod. Tell al Rimah),Tell al-Rimah | Qatara,Q389859,242,Point(42.45 36.2569),https://database.factgrid.de/entity/Q389859,Q8 | Q389596,ancient location and modern archaeological excavation site
,,Tushhan (mod. Ziyaret Tepe),Tushhan | Ziyaret Tepe Höyüğü,Q390073,244,Point(40.7929 37.7936),https://database.factgrid.de/entity/Q390073,Q8 | Q389596,ancient location and modern archaeological excavation site
,,Nerebtum (mod. Iščali),Tell Ishchali | Nerebtum,Q389790,245,Point(44.5828 33.3029),https://database.factgrid.de/entity/Q389790,Q8 | Q389596,ancient location and modern archaeological excavation site
,,Pir Huseyin,,Q390067,246,Point(40.3875 38.1113),https://database.factgrid.de/entity/Q390067,Q8 | Q389596,ancient location and modern archaeological excavation site
,,Kermanshah,mod. Kermanshah,Q389732,247,Point(47.0649 34.314),https://database.factgrid.de/entity/Q389732,Q8 | Q389596,ancient location and modern archaeological excavation site
,,Hadidi,,Q389855,248,Point(38.1507 36.2645),https://database.factgrid.de/entity/Q389855,Q8 | Q389596,ancient location and modern archaeological excavation site
,,Sippar-Yahrurum (mod. Tell Abu Habbah),Sippar,Q389840,25,Point(44.2552 33.0605),https://database.factgrid.de/entity/Q389840,Q8 | Q389596,ancient location and modern archaeological excavation site
,,Terqa (mod. Ashara),Terqa,Q389853,250,Point(40.5677 34.9229),https://database.factgrid.de/entity/Q389853,Q8 | Q389596,ancient location and modern archaeological excavation site
,,Isqalluna (mod. Ashkelon),Ashkelon | Isqalluna,Q82414,251,Point(34.5471 31.6629),https://database.factgrid.de/entity/Q82414,Q8 | Q389596,ancient location and modern archaeological excavation site
,,Adab (mod. Bismaya),Adab (city) | Adab,Q389603,252,Point(45.6233 31.9509),https://database.factgrid.de/entity/Q389603,Q8 | Q389596,ancient location and modern archaeological excavation site
,,Dilbat (mod. Deilam),Dilbat,Q389857,253,Point(44.4668 32.2961),https://database.factgrid.de/entity/Q389857,Q8 | Q389596,ancient location and modern archaeological excavation site
,,Geomapping Landscapes of Writing (GLoW),GLoW,Q898201,253,,https://database.factgrid.de/entity/Q898201,Q417872,Research project for building repositories curated datasets
,,Urkesh (mod. Tell Mozan),Urkesh | Urkiš,Q389942,254,Point(40.9975 37.0572),https://database.factgrid.de/entity/Q389942,Q8 | Q389596,ancient location and modern archaeological excavation site
,,Sagub,,Q2099987,255,,https://database.factgrid.de/entity/Q2099987,Q389596 | Q8,ancient location and modern archaeological excavation site
,,Tell Abta,,Q389918,257,Point(42.5619 35.9432),https://database.factgrid.de/entity/Q389918,Q8 | Q389596,ancient location and modern archaeological excavation site
,,Elammu,,Q2099935,258,,https://database.factgrid.de/entity/Q2099935,Q389596 | Q8,ancient location and modern archaeological excavation site
,,Tas-Silg,Ta' Berikka | Tas-Silġ,Q389649,259,Point(14.5519 35.8459),https://database.factgrid.de/entity/Q389649,Q8 | Q389596,"is a rounded hilltop on the south-east coast of the island of Malta, overlooking Marsaxlokk Bay, and close to the town of Żejtun"
,,Tuttul (mod. Tell Bi'a),Tuttul,Q389854,26,Point(39.0471 35.958),https://database.factgrid.de/entity/Q389854,Q8 | Q389596,ancient location and modern archaeological excavation site
,,Nabada,Tell Beydar | Tall Baiydar,Q389891,260,Point(40.5872 36.7381),https://database.factgrid.de/entity/Q389891,Q8 | Q389596,ancient location and modern archaeological excavation site
,,Mazyad,,Q389799,262,Point(44.5561 32.5932),https://database.factgrid.de/entity/Q389799,Q8 | Q389596,ancient location and modern archaeological excavation site
,,Huzirina (mod. Sultantepe),Sultantepe | Huzirina,Q390056,263,Point(38.9062 37.0501),https://database.factgrid.de/entity/Q390056,Q8 | Q389596,ancient location and modern archaeological excavation site
,,Old Makhmur,,Q389849,264,Point(43.5551 35.7742),https://database.factgrid.de/entity/Q389849,Q8 | Q389596,ancient location and modern archaeological excavation site
,,Akhetaten (mod. el-Amarna),Amarna | Akhetaten,Q389610,266,Point(30.8959 27.64),https://database.factgrid.de/entity/Q389610,Q8 | Q389596,ancient location and modern archaeological excavation site
,,Alu-binatu,,Q2099901,267,,https://database.factgrid.de/entity/Q2099901,Q389596 | Q8,ancient location and modern archaeological excavation site
,,Umm el-Hafriyat,,Q389792,268,Point(45.4813 32.1323),https://database.factgrid.de/entity/Q389792,Q8 | Q389596,ancient location and modern archaeological excavation site
,,Pāra,Para | Barah,Q389821,27,Point(41.4851 36.3757),https://database.factgrid.de/entity/Q389821,Q8 | Q389596,ancient location and modern archaeological excavation site
,,Karkemish (mod. Djerabis),Karkemish,Q389957,270,Point(38.0156 36.8294),https://database.factgrid.de/entity/Q389957,Q8 | Q389596,ancient location and modern archaeological excavation site
,,Zawiyya,,Q389980,271,Point(42.1725 34.2925),https://database.factgrid.de/entity/Q389980,Q8 | Q389596,ancient location and modern archaeological excavation site
,,Megiddo,Tel Megiddo,Q389635,272,Point(35.1828 32.5822),https://database.factgrid.de/entity/Q389635,Q8 | Q389596,ancient location and modern archaeological excavation site
,,Negub tunnel,,Q390019,273,Point(43.4762 36.0446),https://database.factgrid.de/entity/Q390019,Q8 | Q389596,ancient location and modern archaeological excavation site
,,Ḫadiranu-ša-Nabu,,Q2099944,274,,https://database.factgrid.de/entity/Q2099944,Q389596 | Q8,ancient location and modern archaeological excavation site
,,Imgur-Enlil (mod. Balawat),Balawat | Imgur-Enlil,Q389827,275,Point(43.4033 36.2294),https://database.factgrid.de/entity/Q389827,Q8 | Q389596,ancient location and modern archaeological excavation site
,,Haradum (mod. Khirbet ed-Diniye),Haradum,Q389967,276,Point(41.5866 34.4611),https://database.factgrid.de/entity/Q389967,Q8 | Q389596,ancient location and modern archaeological excavation site
,,Dawali,,Q389810,277,Point(41.9912 34.4535),https://database.factgrid.de/entity/Q389810,Q8 | Q389596,ancient location and modern archaeological excavation site
,,Umm Chatil,,Q389815,278,Point(46.5784 31.3901),https://database.factgrid.de/entity/Q389815,Q8 | Q389596,ancient location and modern archaeological excavation site
,,Nihavand,,Q390022,28,Point(48.3769 34.1889),https://database.factgrid.de/entity/Q390022,Q8 | Q389596,ancient location and modern archaeological excavation site
,,Shadad,,Q389721,280,Point(57.7405 30.4279),https://database.factgrid.de/entity/Q389721,Q8 | Q389596,ancient location and modern archaeological excavation site
,,Samarra,Sāmmarā | Samarra,Q91165,282,Point(43.8667 34.2) | Point(43.8795 34.2291),https://database.factgrid.de/entity/Q91165,Q8 | Q389596,"city, ancient location and modern archaeological excavation site"
,,Ortaköy,Sapinuwa | mod. Ortaköy,Q390033,283,Point(35.2375 40.2541),https://database.factgrid.de/entity/Q390033,Q8 | Q389596,ancient location and modern archaeological excavation site
,,Ghazir,,Q389700,284,Point(49.4149 31.3597),https://database.factgrid.de/entity/Q389700,Q8 | Q389596,ancient location and modern archaeological excavation site
,,Tepe Gawra,Tapah Gawra,Q389836,285,Point(43.2604 36.4958),https://database.factgrid.de/entity/Q389836,Q8 | Q389596,ancient location and modern archaeological excavation site
,,Anšan (mod. Tell Malyan),"Malyan, Fars | Anšan",Q389701,286,Point(52.4123 30.0119),https://database.factgrid.de/entity/Q389701,Q8 | Q389596,ancient location and modern archaeological excavation site
,,Alu-eššu,,Q2099902,287,,https://database.factgrid.de/entity/Q2099902,Q389596 | Q8,ancient location and modern archaeological excavation site
,,Šubat-Enlil (mod. Leilan),Tell Leilan | Šubat-Enlil,Q389934,289,Point(41.5069 36.9579),https://database.factgrid.de/entity/Q389934,Q8 | Q389596,ancient location and modern archaeological excavation site
,,Surru,,Q2099995,29,,https://database.factgrid.de/entity/Q2099995,Q389596 | Q8,ancient location and modern archaeological excavation site
,,Dur-Šarrukin (mod. Khorsabad),Dur-Sharrukin | Dur-Šarrukin,Q389969,290,Point(43.2347 36.5035),https://database.factgrid.de/entity/Q389969,Q8 | Q389596,ancient location and modern archaeological excavation site
,,Kanesh (mod. Kültepe),Kültepe | Kanesh | Anisa | Kaneš | Aniša | Kaniš | Nēša | Nesha | Nessa | Nesa | Anisha,Q390036,291,Point(35.6365 38.8517) | Point(35.633333333333 38.85),https://database.factgrid.de/entity/Q390036,Q8 | Q389596 | Q1785688,ancient location and modern archaeological excavation site
,,Nahr el-Kelb,Nahr el-Kalb,Q390023,292,Point(35.5966 33.9554),https://database.factgrid.de/entity/Q390023,Q8 | Q389596,ancient location and modern archaeological excavation site
,,Tell al-Hawa,,Q389881,293,Point(42.3012 36.7482),https://database.factgrid.de/entity/Q389881,Q8 | Q389596,ancient location and modern archaeological excavation site
,,Tell Ghdairife,,Q389926,295,Point(44.2649 34.1818),https://database.factgrid.de/entity/Q389926,Q8 | Q389596,ancient location and modern archaeological excavation site
,,Nereb (mod. Neirab),Nereb,Q390024,296,Point(37.2265 36.1777),https://database.factgrid.de/entity/Q390024,Q8 | Q389596,ancient location and modern archaeological excavation site
,,Rabat Tepe,,Q389977,297,Point(45.5397 36.201),https://database.factgrid.de/entity/Q389977,Q8 | Q389596,ancient location and modern archaeological excavation site
,,Tall Abū ‘Antīk,Pi-Kasî,Q389844,298,Point(44.6393 32.1311),https://database.factgrid.de/entity/Q389844,Q8 | Q389596,ancient location and modern archaeological excavation site
,,Babylon,Bābīl | Amran,Q389820,200 | 299,Point(44.4258 32.535),https://database.factgrid.de/entity/Q389820,Q8 | Q389596 | Q997797,ancient location and modern archaeological excavation site
,,Mugdan,Mukdan | Umm al-Jir,Q389791,3,Point(44.8501 32.6497),https://database.factgrid.de/entity/Q389791,Q8 | Q389596,ancient location and modern archaeological excavation site
,,Kahat (mod. Tell Barri),Tell Barri | Kahat,Q389889,300,Point(41.127 36.7386),https://database.factgrid.de/entity/Q389889,Q8 | Q389596,ancient location and modern archaeological excavation site
,,Ishan Hafudh,Išān Hāfudh,Q389797,301,Point(45.4207 31.9569),https://database.factgrid.de/entity/Q389797,Q8 | Q389596,ancient location and modern archaeological excavation site
,,Kilizu (mod. Qasr Shamamuk),Kilizu,Q390003,302,Point(43.7514 36.1039),https://database.factgrid.de/entity/Q390003,Q8 | Q389596,ancient location and modern archaeological excavation site
,,Isin (mod. Bahriyat),Isin,Q389800,303,Point(45.2688 31.8852),https://database.factgrid.de/entity/Q389800,Q8 | Q389596,ancient location and modern archaeological excavation site
,,Til Barsip (mod. Tell Ahmar),Til Barsip,Q389846,304,Point(38.1209 36.6743),https://database.factgrid.de/entity/Q389846,Q8 | Q389596,ancient location and modern archaeological excavation site
,,Zippori,Sepphoris,Q389673,307,Point(35.279 32.7529),https://database.factgrid.de/entity/Q389673,Q8 | Q389596,ancient location and modern archaeological excavation site
,,Saba'a,,Q389984,308,Point(41.081 34.7579),https://database.factgrid.de/entity/Q389984,Q8 | Q389596,ancient location and modern archaeological excavation site
,,Shahr-i Sokhta,Shahr-e Sukhteh | Shahr-i Sūkhta,Q389722,309,Point(61.328 30.5961),https://database.factgrid.de/entity/Q389722,Q8 | Q389596,ancient location and modern archaeological excavation site
,,Bit-zerija,,Q2099927,31,,https://database.factgrid.de/entity/Q2099927,Q389596 | Q8,ancient location and modern archaeological excavation site
,,Aşağı Yarımca,,Q390057,310,Point(38.969 36.8949),https://database.factgrid.de/entity/Q390057,Q8 | Q389596,ancient location and modern archaeological excavation site
,,Tell en-Nasbeh,Tel en-Nasbeh,Q389676,312,Point(35.2166 31.8851),https://database.factgrid.de/entity/Q389676,Q8 | Q389596,ancient location and modern archaeological excavation site
,,Nar-Madanu,mod. Nar-Madanu,Q2099977,313,,https://database.factgrid.de/entity/Q2099977,Q389596 | Q8,ancient location and modern archaeological excavation site
,,Kisurra (mod. Abu Hatab),Kisurra,Q389796,314,Point(45.481 31.8383),https://database.factgrid.de/entity/Q389796,Q8 | Q389596,ancient location and modern archaeological excavation site
,,Baḫe,,Q2099913,316,,https://database.factgrid.de/entity/Q2099913,Q389596 | Q8,ancient location and modern archaeological excavation site
,,Tell Jidr,,Q389892,318,Point(45.7032 31.8254),https://database.factgrid.de/entity/Q389892,Q8 | Q389596,ancient location and modern archaeological excavation site
,,Tell Fakhariyah,Tell Fekheriye | mod. Tell Fakhariyah,Q389870,32,Point(40.0707 36.8424),https://database.factgrid.de/entity/Q389870,Q8 | Q389596,ancient location and modern archaeological excavation site
,,Kuara,Kuara (Sumer) | Tall al-Laḥam | Tel Laham,Q389873,33 | 191,Point(45.4062 32.0509),https://database.factgrid.de/entity/Q389873,Q8 | Q389596,ancient location and modern archaeological excavation site
,,Tell Taban,,Q389915,34,Point(40.7878 36.3362),https://database.factgrid.de/entity/Q389915,Q8 | Q389596,ancient location and modern archaeological excavation site
,,Ḫadatu (mod. Arslan Tash),Ḫadatu,Q389789,35,Point(38.4078 36.8484),https://database.factgrid.de/entity/Q389789,Q8 | Q389596,ancient location and modern archaeological excavation site
,,Tell Hammam et-Turkman,Tel Hammam et-Turkman,Q389899,36,Point(39.0569 36.4825),https://database.factgrid.de/entity/Q389899,Q8 | Q389596,ancient location and modern archaeological excavation site
,,Kian (Tell Shmid),,Q389988,360,Point(45.8326 31.7477),https://database.factgrid.de/entity/Q389988,Q8 | Q389596,ancient location and modern archaeological excavation site
,,Kish (mod. Tell Barguthiat),Girumu,Q389777,361,Point(44.7947 32.7029),https://database.factgrid.de/entity/Q389777,Q8 | Q389596,ancient location and modern archaeological excavation site
,,Adabilu,,Q2099893,362,,https://database.factgrid.de/entity/Q2099893,Q389596 | Q8,
,,Asdūdu (mod. Ashdod),Asdûdu,Q389630,364,Point(34.6593 31.756),https://database.factgrid.de/entity/Q389630,Q8 | Q389596,ancient location and modern archaeological excavation site
,,Burmarina (mod. Tell Shiukh Fawqani),Burmarina,Q389864,365,Point(38.0359 36.7875),https://database.factgrid.de/entity/Q389864,Q8 | Q389596,ancient location and modern archaeological excavation site
,,Bāb-ṣubbāti,,Q2099912,366,,https://database.factgrid.de/entity/Q2099912,Q389596 | Q8,ancient location and modern archaeological excavation site
,,Bīt-Abī-rām,,Q2099914,367,,https://database.factgrid.de/entity/Q2099914,Q389596 | Q8,ancient location and modern archaeological excavation site
,,Bīt-Bāba-ēriš,,Q2099915,368,,https://database.factgrid.de/entity/Q2099915,Q389596 | Q8,ancient location and modern archaeological excavation site
,,Bīt-Dibušiti,,Q2099917,369,,https://database.factgrid.de/entity/Q2099917,Q389596 | Q8,ancient location and modern archaeological excavation site
,,Kapru,,Q2099960,37,,https://database.factgrid.de/entity/Q2099960,Q389596 | Q8,ancient location and modern archaeological excavation site
,,Bīt-Našar,,Q2099922,370,,https://database.factgrid.de/entity/Q2099922,Q389596 | Q8,ancient location and modern archaeological excavation site
,,Bīt-Naʾinnašu,,Q2099923,371,,https://database.factgrid.de/entity/Q2099923,Q389596 | Q8,ancient location and modern archaeological excavation site
,,Bīt-ham...,,Q2099919,372,,https://database.factgrid.de/entity/Q2099919,Q389596 | Q8,ancient location and modern archaeological excavation site
,,Bīt-Šinqā,,Q2099925,373,,https://database.factgrid.de/entity/Q2099925,Q389596 | Q8,ancient location and modern archaeological excavation site
,,Kourion (mod. Cyprus),Kourion,Q389604,375,Point(32.8844 34.6666),https://database.factgrid.de/entity/Q389604,Q8 | Q389596,ancient location and modern archaeological excavation site
,,"Dilmun (mod. A'ali, Bahrain)",Dilmun,Q389998,376,Point(50.5256 26.1517),https://database.factgrid.de/entity/Q389998,Q8 | Q389596,ancient location and modern archaeological excavation site
,,Dilmun (mod. Qal'at al-Bahrain),Qal'at al-Bahrain | Dilmun,Q390005,377,Point(50.5209 26.2328),https://database.factgrid.de/entity/Q390005,Q8 | Q389596,ancient location and modern archaeological excavation site
,,Du-Enlila,,Q2099931,378,,https://database.factgrid.de/entity/Q2099931,Q389596 | Q8,ancient location and modern archaeological excavation site
,,Ešura,,Q2099938,379,,https://database.factgrid.de/entity/Q2099938,Q389596 | Q8,ancient location and modern archaeological excavation site
,,Garšana (mod. uncertain),Garšana,Q389888,38,Point(46.1189 31.4433),https://database.factgrid.de/entity/Q389888,Q8 | Q389596,ancient location and modern archaeological excavation site
,,Gišša (mod. Umm al-Aqarib),,Q389882,101 | 381,Point(45.9339 31.6207),https://database.factgrid.de/entity/Q389882,Q8 | Q389596,ancient location and modern archaeological excavation site
,,Halicarnassus,Mausoleum at Halicarnassus | Halikarnassos | Halicarnassus,Q389653,382,Point(27.4241 37.0379),https://database.factgrid.de/entity/Q389653,Q8 | Q389596 | Q1342043,ancient location and modern archaeological excavation site
,,Hamat,,Q2099946,383,,https://database.factgrid.de/entity/Q2099946,Q389596 | Q8,ancient location and modern archaeological excavation site
,,Hamath (mod. Hama),Hama | Hamath,Q85914,384,Point(36.75 35.133333333) | Point(36.7479 35.131),https://database.factgrid.de/entity/Q85914,Q8 | Q389596,"town in Syria, ancient location and modern archaeological excavation site"
,,Hazatu,,Q2099948,385,,https://database.factgrid.de/entity/Q2099948,Q389596 | Q8,ancient location and modern archaeological excavation site
,,Himuru,,Q2099950,386,,https://database.factgrid.de/entity/Q2099950,Q389596 | Q8,ancient location and modern archaeological excavation site
,,Idu (mod. Hīt),Idu (city) | Idu,Q389981,387,Point(44.6965 35.8739),https://database.factgrid.de/entity/Q389981,Q8 | Q389596,ancient location and modern archaeological excavation site
,,Kašši...,,Q2099963,388,,https://database.factgrid.de/entity/Q2099963,Q389596 | Q8,ancient location and modern archaeological excavation site
,,Lagash (mod. El-Hiba),Lagash | Lagaš,Q389880,39,Point(46.4108 31.4182),https://database.factgrid.de/entity/Q389880,Q8 | Q389596,ancient location and modern archaeological excavation site
,,Kišesim (mod. Najafabad),,Q389744,392,Point(47.9761 34.6527),https://database.factgrid.de/entity/Q389744,Q8 | Q389596,ancient location and modern archaeological excavation site
,,Ma'allanate,,Q2099972,393,,https://database.factgrid.de/entity/Q2099972,Q389596 | Q8,ancient location and modern archaeological excavation site
,,Marqasu (mod. Kahramanmaraş),Marash | Marqasi | Kahramanmaraş,Q390045,394,Point(36.9253 37.587),https://database.factgrid.de/entity/Q390045,Q8 | Q389596,ancient location and modern archaeological excavation site
,,Melidu (mod. Arslantepe),Melid | Arslantepe Höyüğü,Q390052,395,Point(38.3612 38.382),https://database.factgrid.de/entity/Q390052,Q8 | Q389596,ancient location and modern archaeological excavation site
,,Pašime (mod. Tell Abu Sheeja),Pashime | Pašime,Q389842,396,Point(47.1479 32.3944),https://database.factgrid.de/entity/Q389842,Q8 | Q389596,ancient location and modern archaeological excavation site
,,Qāṭīnu,,Q2099983,397,,https://database.factgrid.de/entity/Q2099983,Q389596 | Q8,ancient location and modern archaeological excavation site
,,Samerina (mod. Samaria),Samaria (ancient city),Q389651,398,Point(35.1897 32.2763),https://database.factgrid.de/entity/Q389651,Q8 | Q389596,ancient location and modern archaeological excavation site
,,Hissar,Tepe Hissar,Q389689,4,Point(54.3851 36.1544),https://database.factgrid.de/entity/Q389689,Q8 | Q389596,ancient location and modern archaeological excavation site
,,Sirara (mod. Tell Zurghul),Nigin,Q389819,40 | 399,Point(46.4948 31.3777),https://database.factgrid.de/entity/Q389819,Q8 | Q389596,ancient location and modern archaeological excavation site
,,Surkh Dum (mod. Luristan),,Q389717,400,Point(47.7079 33.5064),https://database.factgrid.de/entity/Q389717,Q8 | Q389596,ancient location and modern archaeological excavation site
,,Susarra (mod. Tell Shemshara),Tell Shemshara | Šušarra,Q389912,401,Point(44.9384 36.2016),https://database.factgrid.de/entity/Q389912,Q8 | Q389596,ancient location and modern archaeological excavation site
,,Tema (mod. Tayma),Tayma,Q389952,402,Point(38.5499 27.6219),https://database.factgrid.de/entity/Q389952,Q8 | Q389596,ancient location and modern archaeological excavation site
,,Thêbai (mod. Thebes Beoticia Greece),"Thebes, Greece",Q92481,403,Point(23.3177 38.3207),https://database.factgrid.de/entity/Q92481,Q8 | Q389596,ancient location and modern archaeological excavation site
,,Timnah (mod. Khirbet Tibneh),Timnah,Q389640,404,Point(34.911 31.7847),https://database.factgrid.de/entity/Q389640,Q8 | Q389596,ancient location and modern archaeological excavation site
,,Tunip (mod. Acharneh),Tunip,Q389867,405,Point(36.3959 35.2877),https://database.factgrid.de/entity/Q389867,Q8 | Q389596,ancient location and modern archaeological excavation site
,,Yāhūdu,,Q2100037,406,,https://database.factgrid.de/entity/Q2100037,Q389596 | Q8,ancient location and modern archaeological excavation site
,,Aqabi,mod. Aqabi,Q2099909,407,,https://database.factgrid.de/entity/Q2099909,Q389596 | Q8,ancient location and modern archaeological excavation site
,,Brissa,,Q389826,408,Point(36.3117 34.4309),https://database.factgrid.de/entity/Q389826,Q8 | Q389596,ancient location and modern archaeological excavation site
,,El-Khargeh,Temple of Hibis | Al-Kharjah,Q389609,409,Point(30.5552 25.4764),https://database.factgrid.de/entity/Q389609,Q8 | Q389596,ancient location and modern archaeological excavation site
,,GARIN-naḫallum,,Q2099940,41,,https://database.factgrid.de/entity/Q2099940,Q389596 | Q8,ancient location and modern archaeological excavation site
,,Failaka,,Q389985,410,Point(48.2779 29.4303),https://database.factgrid.de/entity/Q389985,Q8 | Q389596,ancient location and modern archaeological excavation site
,,Gherla,,Q389650,412,Point(23.8915 47.0195),https://database.factgrid.de/entity/Q389650,Q8 | Q389596,"locality in Cluj County, Romania"
,,Kabret,,Q389620,413,Point(32.4914 30.2285),https://database.factgrid.de/entity/Q389620,Q8 | Q389596,ancient location and modern archaeological excavation site
,,Kam-Firouz,Kamfiruz,Q389731,414,Point(52.1962 30.3241),https://database.factgrid.de/entity/Q389731,Q8 | Q389596,ancient location and modern archaeological excavation site
,,"Kastri, Cythera","Kastri, Cythera",Q389626,415,Point(22.9979 36.2584),https://database.factgrid.de/entity/Q389626,Q8 | Q389596,ancient location and modern archaeological excavation site
,,Konar Sandal,,Q389734,416,Point(57.7787 28.4494),https://database.factgrid.de/entity/Q389734,Q8 | Q389596,ancient location and modern archaeological excavation site
,,Lacarna,Kition,Q389605,417,Point(33.6329 34.9201),https://database.factgrid.de/entity/Q389605,Q8 | Q389596,ancient location and modern archaeological excavation site
,,Mahmudiyah,mod. Mahmudiyah,Q2099974,418,,https://database.factgrid.de/entity/Q2099974,Q389596 | Q8,ancient location and modern archaeological excavation site
,,Merj Khamis,mod. Merj Khamis,Q2099975,419,,https://database.factgrid.de/entity/Q2099975,Q389596 | Q8,ancient location and modern archaeological excavation site
,,Jebel Aruda,,Q389953,42,Point(38.0984 36.2349),https://database.factgrid.de/entity/Q389953,Q8 | Q389596,ancient location and modern archaeological excavation site
,,mod. Mount Elvend,Ganjnameh | mod. Mount Elvend,Q389737,420,Point(48.4373 34.7622),https://database.factgrid.de/entity/Q389737,Q8 | Q389596,ancient location and modern archaeological excavation site
,,Naqish-e Rostam,"Kastri, Cythera | Naqsh Rustam | Naqš-i-Rustam",Q389745,422,Point(52.8745 29.9885),https://database.factgrid.de/entity/Q389745,Q8 | Q389596,ancient location and modern archaeological excavation site
,,Sela,,Q389812,424,Point(35.5779 30.7823),https://database.factgrid.de/entity/Q389812,Q8 | Q389596,ancient location and modern archaeological excavation site
,,Shir as-Sanam,,Q389989,425,Point(36.2443 34.498),https://database.factgrid.de/entity/Q389989,Q8 | Q389596,ancient location and modern archaeological excavation site
,,Suez,Kubri,Q389621,427,Point(32.5527 30.113),https://database.factgrid.de/entity/Q389621,Q8 | Q389596,ancient location and modern archaeological excavation site
,,Tall al-Farḥa,Ḫabuba,Q389773,428,Point(43.4612 35.2652),https://database.factgrid.de/entity/Q389773,Q8 | Q389596,ancient location and modern archaeological excavation site
,,Tangivar,Tang-i Var | Tankīwar,Q389703,429,Point(46.6182 34.9961),https://database.factgrid.de/entity/Q389703,Q8 | Q389596,ancient location and modern archaeological excavation site
,,Tell Baradan,,Q389887,431,Point(45.0512 34.191),https://database.factgrid.de/entity/Q389887,Q8 | Q389596,ancient location and modern archaeological excavation site
,,Tell Subeidi,,Q389904,433,Point(45.0312 34.1982),https://database.factgrid.de/entity/Q389904,Q8 | Q389596,ancient location and modern archaeological excavation site
,,Tall Soukās,,Q389907,434,Point(35.9229 35.306),https://database.factgrid.de/entity/Q389907,Q8 | Q389596,ancient location and modern archaeological excavation site
,,Tell Taanach,Ti'inik,Q389678,435,Point(35.2195 32.5216),https://database.factgrid.de/entity/Q389678,Q8 | Q389596,ancient location and modern archaeological excavation site
,,Tell Yelkhi,,Q389946,436,Point(45.0013 34.2856),https://database.factgrid.de/entity/Q389946,Q8 | Q389596,ancient location and modern archaeological excavation site
,,Tell el-Hesi,Tel el-Hesi,Q389645,437,Point(34.7307 31.5474),https://database.factgrid.de/entity/Q389645,Q8 | Q389596,ancient location and modern archaeological excavation site
,,Tell el-Maskuta,,Q389613,438,Point(32.1002 30.5539),https://database.factgrid.de/entity/Q389613,Q8 | Q389596,ancient location and modern archaeological excavation site
,,Habuba Kabira,Ḥabūbah,Q389670,44,Point(38.0609 36.1501),https://database.factgrid.de/entity/Q389670,Q8 | Q389596,ancient location and modern archaeological excavation site
,,Tilmen Höyük,,Q390041,440,Point(36.7037 37.0302),https://database.factgrid.de/entity/Q390041,Q8 | Q389596,ancient location and modern archaeological excavation site
,,Turlu Höyük,Şehzade Höyük,Q390048,441,Point(37.7581 37.0676),https://database.factgrid.de/entity/Q390048,Q8 | Q389596,ancient location and modern archaeological excavation site
,,Uluburun,mod. Uluburun,Q2100035,442,Point(30.42547561111111 36.25024769444445),https://database.factgrid.de/entity/Q2100035,Q389596 | Q8,ancient location and modern archaeological excavation site
,,al Ḥā'iṭ,Padakku,Q389806,112 | 443,Point(40.4668 25.9786),https://database.factgrid.de/entity/Q389806,Q8 | Q389596,ancient location and modern archaeological excavation site
,,Shishin,Šišin,Q389990,444,Point(42.574 33.9716),https://database.factgrid.de/entity/Q389990,Q8 | Q389596,ancient location and modern archaeological excavation site
,,Āl-šarri,,Q2099899,445,,https://database.factgrid.de/entity/Q2099899,Q389596 | Q8,ancient location and modern archaeological excavation site
,,Āl-šarri-ša-qašti-eššeti,,Q2099900,446,,https://database.factgrid.de/entity/Q2099900,Q389596 | Q8,ancient location and modern archaeological excavation site
,,Ālu-ša-Našar,,Q2099903,447,,https://database.factgrid.de/entity/Q2099903,Q389596 | Q8,ancient location and modern archaeological excavation site
,,Ālu-ša-Ṭūb-Yāma,,Q2099905,448,,https://database.factgrid.de/entity/Q2099905,Q389596 | Q8,ancient location and modern archaeological excavation site
,,Dusabar,,Q2099932,45,,https://database.factgrid.de/entity/Q2099932,Q389596 | Q8,ancient location and modern archaeological excavation site
,,Hazor,Tel Hazor,Q389677,46,Point(35.5654 33.0209),https://database.factgrid.de/entity/Q389677,Q8 | Q389596,ancient location and modern archaeological excavation site
,,Gubla (mod. Byblos),Byblos | Gubla,Q389955,47,Point(35.646 34.1191),https://database.factgrid.de/entity/Q389955,Q8 | Q389596,ancient location and modern archaeological excavation site
,,Irisagrig,Iri-sagrig,Q390161,48,Point(45.3689 32.1529),https://database.factgrid.de/entity/Q390161,Q8 | Q389596,ancient location and modern archaeological excavation site
,,Tappika,Maşat Höyük | Tapigga | Masat Höyük,Q390037,5,Point(35.7624 40.1481),https://database.factgrid.de/entity/Q390037,Q8 | Q389596,ancient location and modern archaeological excavation site
,,Tigunānum,,Q2100023,51,,https://database.factgrid.de/entity/Q2100023,Q389596 | Q8,ancient location and modern archaeological excavation site
,,Šibaniba (mod. Tell Billa),Shibaniba | Šibaniba,Q389804,176 | 526,Point(43.3481 36.4335),https://database.factgrid.de/entity/Q389804,Q8 | Q389596,ancient location and modern archaeological excavation site
,,Hillah,Al-Ḥilah | Hillah,Q86331,53,Point(44.4333 32.4833) | Point(44.4361 32.4844),https://database.factgrid.de/entity/Q86331,Q8 | Q389596,city in Iraq and ancient location and modern archaeological excavation site
,,Šuruppak (mod. Fara),Shuruppak | Šuruppak,Q389927,54,Point(45.5113 31.7772),https://database.factgrid.de/entity/Q389927,Q8 | Q389596,ancient location and modern archaeological excavation site
,,Upi (mod. Opis),Opis | Upi,Q389795,55,Point(44.7014 33.1844),https://database.factgrid.de/entity/Q389795,Q8 | Q389596,ancient location and modern archaeological excavation site
,,Agamatanu,,Q2099895,56,,https://database.factgrid.de/entity/Q2099895,Q389596 | Q8,
,,Aqa,,Q2099908,57,,https://database.factgrid.de/entity/Q2099908,Q389596 | Q8,ancient location and modern archaeological excavation site
,,Zalil Ab,Kermanshah | Zalu Ab | mod. Zalil Ab,Q389979,58,Point(46.5799 34.6309),https://database.factgrid.de/entity/Q389979,Q8 | Q389596,ancient location and modern archaeological excavation site
,,Eridu (mod. Abu Shahrain),Eridu,Q389787,59,Point(45.9962 30.8169),https://database.factgrid.de/entity/Q389787,Q8 | Q389596,ancient location and modern archaeological excavation site
,,el-Ghab,,Q389978,60,Point(36.3562 35.5872),https://database.factgrid.de/entity/Q389978,Q8 | Q389596,ancient location and modern archaeological excavation site
,,Qatuna,,Q2099984,61,,https://database.factgrid.de/entity/Q2099984,Q389596 | Q8,ancient location and modern archaeological excavation site
,,Kerman,Šahdad | mod. Kerman,Q2099965,614,,https://database.factgrid.de/entity/Q2099965,Q389596 | Q8,ancient location and modern archaeological excavation site
,,Tag,mod. Tag,Q2099998,617,,https://database.factgrid.de/entity/Q2099998,Q389596 | Q8,ancient location and modern archaeological excavation site
,,Mila Mergi,,Q390107,62,Point(42.9136 37.006),https://database.factgrid.de/entity/Q390107,Q8 | Q389596,ancient location and modern archaeological excavation site
,,Naṣir,,Q2099978,63,,https://database.factgrid.de/entity/Q2099978,Q389596 | Q8,ancient location and modern archaeological excavation site with artifacts from the Neo-Babylonian period (ca. 626-539 BC)
,,Tall al-Qaddīsah Barbārah,Kar-Mullissi | mod. Tall al-Qaddīsah Barbārah,Q2100004,634,Point(43.4095 36.3056),https://database.factgrid.de/entity/Q2100004,Q389596 | Q8,ancient location and modern archaeological excavation site
,,Tell Khaiber,mod. Tell Khaiber,Q2100021,635,Point(45.9328 31.0593),https://database.factgrid.de/entity/Q2100021,Q389596 | Q8,ancient location and modern archaeological excavation site
,,Yanik Tepe,mod. Yanik Tepe,Q2100039,638,,https://database.factgrid.de/entity/Q2100039,Q389596 | Q8,ancient location and modern archaeological excavation site
,,Ozbaki,,Q390165,64,Point(50.5866 35.9799),https://database.factgrid.de/entity/Q390165,Q8 | Q389596,ancient location and modern archaeological excavation site
,,Tell Kar,mod. Tell Kar,Q2100020,641,,https://database.factgrid.de/entity/Q2100020,Q389596 | Q8,ancient location and modern archaeological excavation site
,,Šūru,,Q2099996,644,,https://database.factgrid.de/entity/Q2099996,Q389596 | Q8,ancient location and modern archaeological excavation site with artifacts from the Middle Assyrian period (ca. 1400-1000 BC)
,,Tell Abu Galgal,mod. Tell Abu Galgal,Q2100016,645,,https://database.factgrid.de/entity/Q2100016,Q389596 | Q8,ancient location and modern archaeological excavation site
,,Tripoli,mod. Al Mina,Q2099896,647,,https://database.factgrid.de/entity/Q2099896,Q389596 | Q8,ancient location and modern archaeological excavation site
,,Tall-I Nokhodi,mod. Tall-I Nokhodi,Q2100012,649,,https://database.factgrid.de/entity/Q2100012,Q389596 | Q8,ancient location and modern archaeological excavation site
,,Cave Kalm-karra,,Q389733,65,Point(47.601 33.1998),https://database.factgrid.de/entity/Q389733,Q8 | Q389596,ancient location and modern archaeological excavation site
,,Tell Bāshir,Turbessel | mod. Tell Bāshir,Q2100018,650,,https://database.factgrid.de/entity/Q2100018,Q389596 | Q8,ancient location and modern archaeological excavation site
,,Chenar-e Pain,mod. Chenar-e Pain,Q2099929,653,Point(47.6047 33.5067),https://database.factgrid.de/entity/Q2099929,Q389596 | Q8,ancient location and modern archaeological excavation site
,,Hour Soleiman,mod. Hour Soleiman,Q2099952,654,Point(47.6173 33.503),https://database.factgrid.de/entity/Q2099952,Q389596 | Q8,ancient location and modern archaeological excavation site
,,Chia Puikeh,mod. Chia Puikeh,Q2099930,655,Point(47.618 33.4981),https://database.factgrid.de/entity/Q2099930,Q389596 | Q8,ancient location and modern archaeological excavation site
,,Tall Abū al-Dhahab,mod. Tall Abū al-Dhahab,Q2099999,658,Point(46.6926 30.7382),https://database.factgrid.de/entity/Q2099999,Q389596 | Q8,ancient location and modern archaeological excavation site
,,Adilcevaz,mod. Adilcevaz,Q2099894,659,Point(42.7291 38.8014),https://database.factgrid.de/entity/Q2099894,Q389596 | Q8,
,,Kebeli,Babil,Q390084,66,Point(42.0279 37.1876),https://database.factgrid.de/entity/Q390084,Q8 | Q389596,ancient location and modern archaeological excavation site
,,Tulūl al-Fāj,mod. Tulūl al-Fāj,Q2100028,660,Point(45.0956 32.5741),https://database.factgrid.de/entity/Q2100028,Q389596 | Q8,ancient location and modern archaeological excavation site
,,Tall Āfis,mod. Tall Āfis,Q2100000,661,Point(36.7988 35.9039),https://database.factgrid.de/entity/Q2100000,Q389596 | Q8,ancient location and modern archaeological excavation site
,,Abū Jāmūs,mod. Abū Jāmūs | Īshān Abū Jāmūs,Q2099891,664,Point(44.8225 32.4605),https://database.factgrid.de/entity/Q2099891,Q8 | Q389596,hill in Iraq; unknown ancient location
,,Tepe Yahya,Yahya,Q389697,67,Point(56.8675 28.3309),https://database.factgrid.de/entity/Q389697,Q8 | Q389596,ancient location and modern archaeological excavation site
,,Arinçkus,Arzaškun | mod. Arinçkus,Q2099910,673,Point(43.0669 38.8107),https://database.factgrid.de/entity/Q2099910,Q389596 | Q8,ancient location and modern archaeological excavation site
,,Abū Ṭbīrah,mod. Abū Ṭbīrah,Q2074169,678,Point(46.2678 30.9828) | Point(46.67861111111111 30.813055555555557),https://database.factgrid.de/entity/Q2074169,Q389596 | Q8,ancient location and modern archaeological excavation site
,,Tall Bint al-Amīr,mod. Tall Bint al-Amīr,Q2100006,685,Point(44.9042 32.1958),https://database.factgrid.de/entity/Q2100006,Q389596 | Q8,ancient location and modern archaeological excavation site
,,Tall Bāzy,Armanum? | mod. Tall Bāzy,Q2100005,692,Point(38.2762 36.4273),https://database.factgrid.de/entity/Q2100005,Q389596 | Q8,ancient location and modern archaeological excavation site
,,Tell Muhammad,,Q389935,7,Point(44.4681 33.3009),https://database.factgrid.de/entity/Q389935,Q8 | Q389596,ancient location and modern archaeological excavation site
,,Ṣurmeš,Ṣurmeš,Q2099994,70,,https://database.factgrid.de/entity/Q2099994,Q389596 | Q8,ancient location currently unknown to modern archaeologists
,,Tulūl Bismāyah,mod. Tulūl Bismāyah,Q2100030,706,Point(44.6094 33.203),https://database.factgrid.de/entity/Q2100030,Q389596 | Q8,ancient location and modern archaeological excavation site
,,Irákleio,mod. Irákleio,Q2099957,718,Point(25.1332 35.3402),https://database.factgrid.de/entity/Q2099957,Q389596 | Q8,ancient location and modern archaeological excavation site
,,Tell Uqair,Tall ʻUqair,Q389924,72,Point(44.6643 32.7817),https://database.factgrid.de/entity/Q389924,Q8 | Q389596,ancient location and modern archaeological excavation site
,,Tall al-Ḍabʻa,mod. Tall al-Ḍabʻa,Q2100001,722,Point(31.8233 30.7867),https://database.factgrid.de/entity/Q2100001,Q389596 | Q8,ancient location and modern archaeological excavation site
,,Hisartepe,Daskyleion | mod. Hisartepe,Q2099951,724,Point(28.0507 40.1326),https://database.factgrid.de/entity/Q2099951,Q389596 | Q8,ancient location and modern archaeological excavation site
,,Kūm Dafnah,mod. Kūm Dafnah,Q2099967,725,Point(32.1774 30.8579),https://database.factgrid.de/entity/Q2099967,Q389596 | Q8,ancient location and modern archaeological excavation site
,,Dibba,,Q389970,729,Point(56.2639 25.6317),https://database.factgrid.de/entity/Q389970,Q8 | Q389596,ancient location and modern archaeological excavation site
,,Tell Abu Salabikh,Abu Salabikh | mod. Abu Salabikh,Q389843,73,Point(45.0544 32.2526),https://database.factgrid.de/entity/Q389843,Q8 | Q389596,ancient location and modern archaeological excavation site
,,Ishān Dulaiyhim,Īshān Dulayhim | Tummal,Q389801,730,Point(45.4108 31.9985),https://database.factgrid.de/entity/Q389801,Q8 | Q389596,ancient location and modern archaeological excavation site
,,Armavir,Armavir (ancient city) | Argištihinili | Davti-Blur,Q389748,735,Point(44.0332 40.082),https://database.factgrid.de/entity/Q389748,Q8 | Q389596,ancient location and modern archaeological excavation site
,,Idfū,mod. Idfū,Q2099955,736,Point(32.8728 24.9782),https://database.factgrid.de/entity/Q2099955,Q389596 | Q8,ancient location and modern archaeological excavation site
,,Eskiharran,mod. Eskiharran,Q2099937,738,Point(39.059 36.9336),https://database.factgrid.de/entity/Q2099937,Q389596 | Q8,ancient location and modern archaeological excavation site
,,Tepe Sialk,Tapah Sīyalk,Q389835,74,Point(51.4042 33.9688),https://database.factgrid.de/entity/Q389835,Q8 | Q389596,ancient location and modern archaeological excavation site
,,Erek Daǧ,KURQilbani | Erek Daǧ,Q390142,742,Point(43.5556 38.4813),https://database.factgrid.de/entity/Q390142,Q8 | Q389596,ancient location and modern archaeological excavation site
,,Tell As-Sib,,Q389861,196 | 75,Point(45.058 34.1929),https://database.factgrid.de/entity/Q389861,Q8 | Q389596,ancient location and modern archaeological excavation site
,,Gavar,Gavar | DHaldiei URU,Q389752,752,Point(45.1383 40.3547),https://database.factgrid.de/entity/Q389752,Q8 | Q389596,ancient location and modern archaeological excavation site
,,Tall al-Gharrān,mod. Tall al-Gharrān,Q2100002,753,Point(44.4083 32.6244),https://database.factgrid.de/entity/Q2100002,Q389596 | Q8,ancient location and modern archaeological excavation site
,,Tarsus,Gözlükule | Tarsus,Q389662,758,Point(34.8956 36.9123),https://database.factgrid.de/entity/Q389662,Q8 | Q389596,ancient location and modern archaeological excavation site
,,Qaṭibat,mod. Qaṭibat,Q2099982,76,,https://database.factgrid.de/entity/Q2099982,Q389596 | Q8,ancient location and modern archaeological excavation site
,,Tall Ḥadwat al-Faras,mod. Tall Ḥadwat al-Faras,Q2100007,766,Point(44.5896 32.1924),https://database.factgrid.de/entity/Q2100007,Q389596 | Q8,ancient location and modern archaeological excavation site
,,Tappeh Bormi,Tall Barmi,Q389834,77,Point(49.589 31.2413),https://database.factgrid.de/entity/Q389834,Q8 | Q389596,ancient location and modern archaeological excavation site
,,Haikavank,mod. Haikavank,Q2099945,770,,https://database.factgrid.de/entity/Q2099945,Q389596 | Q8,ancient location and modern archaeological excavation site
,,Tel Hebron,mod. Tel Hebron,Q2100015,771,Point(35.1023 31.5245),https://database.factgrid.de/entity/Q2100015,Q389596 | Q8,ancient location and modern archaeological excavation site
,,Yoncali,,Q390086,78,Point(42.1875 39.129),https://database.factgrid.de/entity/Q390086,Q8 | Q389596,ancient location and modern archaeological excavation site
,,Ηeraio Samou,mod. Ηeraio Samou,Q2100042,780,Point(26.886 37.6721),https://database.factgrid.de/entity/Q2100042,Q389596 | Q8,ancient location and modern archaeological excavation site
,,İnandık,mod. İnandık,Q2099956,789,Point(33.5352 40.381),https://database.factgrid.de/entity/Q2099956,Q389596 | Q8,ancient location and modern archaeological excavation site
,,Ebla (mod. Tell Mardikh),Ebla,Q389938,79,Point(36.7983 35.799),https://database.factgrid.de/entity/Q389938,Q8 | Q389596,ancient location and modern archaeological excavation site
,,Īzah,mod. Īzah,Q2099958,790,Point(49.8696 31.8386),https://database.factgrid.de/entity/Q2099958,Q389596 | Q8,ancient location and modern archaeological excavation site
,,Tel Gamma,mod. Tel Gamma,Q2100014,793,Point(34.445 31.3872),https://database.factgrid.de/entity/Q2100014,Q389596 | Q8,ancient location and modern archaeological excavation site
,,Kāmid al-Lūz,Kumidi (mod. Kāmid al-Lūz),Q390008,798,Point(35.821 33.6235),https://database.factgrid.de/entity/Q390008,Q8 | Q389596,ancient location and modern archaeological excavation site
,,Tell Abu Nakhlab,mod. Tell Abu Nakhlab,Q2100017,8,,https://database.factgrid.de/entity/Q2100017,Q389596 | Q8,ancient location and modern archaeological excavation site
,,Epurasie,,Q2099936,80,,https://database.factgrid.de/entity/Q2099936,Q389596 | Q8,ancient location and modern archaeological excavation site
,,Kayalıpınar,Šamuḫa,Q390038,800,Point(36.5279 39.6211),https://database.factgrid.de/entity/Q390038,Q8 | Q389596,ancient location and modern archaeological excavation site
,,Nimrud,Kalhu | Tawfiqiyah,Q390020,81 | 229,Point(43.3385 36.1022),https://database.factgrid.de/entity/Q390020,Q8 | Q389596,ancient location and modern archaeological excavation site
,,Uluşar,mod. Uluşar,Q2100036,825,Point(43.735 38.8877),https://database.factgrid.de/entity/Q2100036,Q389596 | Q8,ancient location and modern archaeological excavation site
,,Tall Kozkhān,mod. Tall Kozkhān,Q2100008,827,Point(44.8404 32.1873),https://database.factgrid.de/entity/Q2100008,Q389596 | Q8,ancient location and modern archaeological excavation site
,,Borsippa (mod. Birs Nimrud),Borsippa,Q389825,83,Point(44.3434 32.3924),https://database.factgrid.de/entity/Q389825,Q8 | Q389596,ancient location and modern archaeological excavation site
,,Tarbisu (mod. Tell Sherif Khan),Tarbisu,Q389911,84,Point(43.0774 36.4089),https://database.factgrid.de/entity/Q389911,Q8 | Q389596,ancient location and modern archaeological excavation site
,,Tall Kazal,Tell Kazel | Ṣumur,Q389932,841,Point(35.9862 34.7085),https://database.factgrid.de/entity/Q389932,Q8 | Q389596,ancient location and modern archaeological excavation site
,,Lchashen,mod. Lchashen,Q2099971,843,Point(44.9418 40.5074),https://database.factgrid.de/entity/Q2099971,Q389596 | Q8,ancient location and modern archaeological excavation site
,,Kish (mod. Tell el-Bender),Kish (Sumer) | Kiš,Q390014,71 | 85 | 184 | 281 | 391 | 833,Point(44.5949 32.5455),https://database.factgrid.de/entity/Q390014,Q8 | Q389596,ancient location and modern archaeological excavation site
,,Šaḫrinu,,Q2099988,87,,https://database.factgrid.de/entity/Q2099988,Q389596 | Q8,ancient location and modern archaeological excavation site
,,Tall Nūyaja,mod. Tall Nūyaja,Q2100009,874,Point(45.0974 32.33),https://database.factgrid.de/entity/Q2100009,Q389596 | Q8,ancient location and modern archaeological excavation site
,,Girsu (mod. Tello),Girsu,Q389832,88,Point(46.1776 31.5591),https://database.factgrid.de/entity/Q389832,Q8 | Q389596,ancient location and modern archaeological excavation site
,,Новый Кумак,mod. Новый Кумак,Q2100043,880,Point(58.6555 51.2297),https://database.factgrid.de/entity/Q2100043,Q389596 | Q8,ancient location and modern archaeological excavation site
,,Nineveh,Nineveh,Q390025,279 | 86 | 881,Point(43.1621 36.3582),https://database.factgrid.de/entity/Q390025,Q8 | Q389596 | Q997797,mod. Nebi Yunus; mod. Kuyunjik
,,Tuz Hurmati,,Q389996,89,Point(44.6252 34.884),https://database.factgrid.de/entity/Q389996,Q8 | Q389596,ancient location and modern archaeological excavation site
,,Tall al-Nabī Mandū,Qadeš | mod. Tall al-Nabī Mandū,Q2100003,899,Point(36.5194 34.557),https://database.factgrid.de/entity/Q2100003,Q389596 | Q8,ancient location and modern archaeological excavation site
,,Lahir,mod. Lahir,Q2099970,9,,https://database.factgrid.de/entity/Q2099970,Q389596 | Q8,ancient location and modern archaeological excavation site
,,Unqi,Tell Tayinat | Tell Ta'ynat,Q389916,90,Point(36.3759 36.2482),https://database.factgrid.de/entity/Q389916,Q8 | Q389596,ancient location and modern archaeological excavation site
,,Qantīr,mod. Qantīr,Q2099981,903,Point(31.8345 30.8017),https://database.factgrid.de/entity/Q2099981,Q389596 | Q8,ancient location and modern archaeological excavation site
,,Qufṭ,mod. Qufṭ,Q2099985,906,Point(32.8158 25.9966),https://database.factgrid.de/entity/Q2099985,Q389596 | Q8,ancient location and modern archaeological excavation site
,,Ešnunna (mod. Tell Asmar),Eshnunna | Ešnuna,Q389831,91,Point(44.7276 33.4837),https://database.factgrid.de/entity/Q389831,Q8 | Q389596,ancient location and modern archaeological excavation site
,,Al-Rammāḥīyah,mod. Al-Rammāḥīyah,Q2099898,911,Point(44.7132 31.894),https://database.factgrid.de/entity/Q2099898,Q389596 | Q8,ancient location and modern archaeological excavation site
,,Tall S‘aīd,mod. Tall S‘aīd,Q2100010,915,Point(45.0127 32.2319),https://database.factgrid.de/entity/Q2100010,Q389596 | Q8,ancient location and modern archaeological excavation site
,,Pārśa (mod. Persepolis),Persepolis | Pārśa,Q389698,92,Point(52.8925 29.9343),https://database.factgrid.de/entity/Q389698,Q8 | Q389596,ancient location and modern archaeological excavation site
,,Shapiya,mod. Shapiya,Q2099992,924,,https://database.factgrid.de/entity/Q2099992,Q389596 | Q8,ancient location and modern archaeological excavation site
,,Jedide,,Q389956,93,Point(42.0326 34.3826),https://database.factgrid.de/entity/Q389956,Q8 | Q389596,ancient location and modern archaeological excavation site
,,Ras Ibn Hani,Ibn Hani,Q389974,94,Point(35.7348 35.587),https://database.factgrid.de/entity/Q389974,Q8 | Q389596,ancient location and modern archaeological excavation site
,,Tulūl Abū ‘Aẓam,mod. Tulūl Abū ‘Aẓam,Q2100027,945,Point(45.023 32.3104),https://database.factgrid.de/entity/Q2100027,Q389596 | Q8,ancient location and modern archaeological excavation site
,,Tulūl ‘Adāy,mod. Tulūl ‘Adāy,Q2100026,946,Point(45.0488 32.3113),https://database.factgrid.de/entity/Q2100026,Q389596 | Q8,ancient location and modern archaeological excavation site
,,Tulūl al-Khāldiyah,mod. Tulūl al-Khāldiyah,Q2100029,949,Point(44.7009 32.2504),https://database.factgrid.de/entity/Q2100029,Q389596 | Q8,ancient location and modern archaeological excavation site
,,Tell Huweish,Ubasē,Q389901,95,Point(43.2304 35.5931),https://database.factgrid.de/entity/Q389901,Q8 | Q389596,ancient location and modern archaeological excavation site
,,Ṣan al-Hagar,mod. Ṣan al-Hagar,Q2099990,950,Point(31.8845 30.9746),https://database.factgrid.de/entity/Q2099990,Q389596 | Q8,ancient location and modern archaeological excavation site
,,Yalındüz,mod. Yalındüz,Q2100038,951,Point(43.7195 38.9476),https://database.factgrid.de/entity/Q2100038,Q389596 | Q8,ancient location and modern archaeological excavation site
,,Shaduppum,Šaduppûm | Tell Abu Harmal,Q389895,96 | 221,Point(44.4666 33.3098),https://database.factgrid.de/entity/Q389895,Q8 | Q389596,ancient location and modern archaeological excavation site
,,Tel Duweihes,mod. Tel Duweihes,Q2100013,960,,https://database.factgrid.de/entity/Q2100013,Q389596 | Q8,ancient location and modern archaeological excavation site
,,Tiryntha,mod. Tiryntha,Q2100024,967,Point(22.8003 37.5992),https://database.factgrid.de/entity/Q2100024,Q389596 | Q8,ancient location and modern archaeological excavation site
,,Godin Tepe,,Q389738,97,Point(48.0685 34.5183),https://database.factgrid.de/entity/Q389738,Q8 | Q389596,ancient location and modern archaeological excavation site
,,Ṭūd,mod. Ṭūd,Q2100025,975,Point(32.5332 25.5832),https://database.factgrid.de/entity/Q2100025,Q389596 | Q8,ancient location and modern archaeological excavation site
,,Kocapınar,mod. Kocapınar,Q2099966,976,Point(43.2021 39.1002),https://database.factgrid.de/entity/Q2099966,Q389596 | Q8,ancient location and modern archaeological excavation site
,,Zabala,Tell Ibzeikh | Tell Ibzaykh | Zabala | Zabalam | Ibzaih,Q389850,98 | 99,Point(45.8749 31.7436),https://database.factgrid.de/entity/Q389850,Q8 | Q389596,ancient location and modern archaeological excavation site
,,Tall Warīsh,mod. Tall Warīsh,Q2100011,996,Point(45.3421 32.1834),https://database.factgrid.de/entity/Q2100011,Q389596 | Q8,ancient location and modern archaeological excavation site
