cdli_id,tw_qid,artifact_label,artifact_type,field_name,tw_pid,fg_pid,datatype,value,value_label,plan_status,source,note
106316,NEEDS_QID,"BIN 03, 509",tablet,cdli_id,P223,P692,external-id,P106316,,ready,cdli_json,
106316,NEEDS_QID,"BIN 03, 509",tablet,instance_of,P2,P2,wikibase-item,Q512006,Clay tablet,ready,CDLI_Object,
106316,NEEDS_QID,"BIN 03, 509",tablet,period,P245,P853,wikibase-item,Q512148,Ur III Period,ready,CDLI_Period,
106316,NEEDS_QID,"BIN 03, 509",tablet,language,P18,P18,wikibase-item,Q471149,Sumerian,ready,CDLI_Lang,
106316,NEEDS_QID,"BIN 03, 509",tablet,type_of_work,P126,P121,wikibase-item,Q394396,Administrative,ready,CDLI_Genre,
106316,NEEDS_QID,"BIN 03, 509",tablet,material,P391,P401,wikibase-item,Q471153,Clay,ready,CDLI_Material,
106316,NEEDS_QID,"BIN 03, 509",tablet,present_holding,P203,P329,wikibase-item,Q511899,"Nies Babylonian Collection, Yale Babylonian Collection",ready,museum_FG,
106316,NEEDS_QID,"BIN 03, 509",tablet,inventory_number,P10,P10,string,NBC 06695,,ready,cdli_json,
106316,NEEDS_QID,"BIN 03, 509",tablet,finding_spot,P224,P695,wikibase-item,Q389903,Puzriš-Dagan (mod. Drehem),ready,provenience_lookup,
121209,NEEDS_QID,NATN 511,tablet,cdli_id,P223,P692,external-id,P121209,,ready,cdli_json,
121209,NEEDS_QID,NATN 511,tablet,instance_of,P2,P2,wikibase-item,Q512006,Clay tablet,ready,CDLI_Object,
121209,NEEDS_QID,NATN 511,tablet,period,P245,P853,wikibase-item,Q512148,Ur III Period,ready,CDLI_Period,
121209,NEEDS_QID,NATN 511,tablet,language,P18,P18,wikibase-item,Q471149,Sumerian,ready,CDLI_Lang,
121209,NEEDS_QID,NATN 511,tablet,type_of_work,P126,P121,wikibase-item,Q394396,Administrative,ready,CDLI_Genre,
121209,NEEDS_QID,NATN 511,tablet,material,P391,P401,wikibase-item,Q471153,Clay,ready,CDLI_Material,
121209,NEEDS_QID,NATN 511,tablet,present_holding,P203,P329,wikibase-item,Q511892,"Penn Museum, Philadelphia, Pennsylvania, USA",ready,museum_FG|factgrid_upload_table,
121209,NEEDS_QID,NATN 511,tablet,inventory_number,P10,P10,string,CBS 15102 + UM 29-15-224,,ready,cdli_json,
121209,NEEDS_QID,NATN 511,tablet,finding_spot,P224,P695,wikibase-item,Q390017,Nippur (mod. Nuffar),ready,provenience_lookup,
143835,NEEDS_QID,"SAT 2, 0635",tablet,cdli_id,P223,P692,external-id,P143835,,ready,cdli_json,
143835,NEEDS_QID,"SAT 2, 0635",tablet,instance_of,P2,P2,wikibase-item,Q512006,Clay tablet,ready,CDLI_Object,
143835,NEEDS_QID,"SAT 2, 0635",tablet,period,P245,P853,wikibase-item,Q512148,Ur III Period,ready,CDLI_Period,
143835,NEEDS_QID,"SAT 2, 0635",tablet,language,P18,P18,wikibase-item,Q471149,Sumerian,ready,CDLI_Lang,
143835,NEEDS_QID,"SAT 2, 0635",tablet,type_of_work,P126,P121,wikibase-item,Q394396,Administrative,ready,CDLI_Genre,
143835,NEEDS_QID,"SAT 2, 0635",tablet,material,P391,P401,wikibase-item,Q471153,Clay,ready,CDLI_Material,
143835,NEEDS_QID,"SAT 2, 0635",tablet,present_holding,P203,P329,wikibase-item,Q511899,Yale Babylonian Collection,ready,museum_FG,
143835,NEEDS_QID,"SAT 2, 0635",tablet,inventory_number,P10,P10,string,YBC 00434,,ready,cdli_json,
143835,NEEDS_QID,"SAT 2, 0635",tablet,finding_spot,P224,P695,wikibase-item,Q389833,Umma (mod. Tell Jokha),ready,provenience_lookup,
516344,NEEDS_QID,"CUSAS 40, 1560",tablet,cdli_id,P223,P692,external-id,P516344,,ready,cdli_json,
516344,NEEDS_QID,"CUSAS 40, 1560",tablet,instance_of,P2,P2,wikibase-item,Q512006,Clay tablet,ready,CDLI_Object,
516344,NEEDS_QID,"CUSAS 40, 1560",tablet,period,P245,P853,wikibase-item,Q512148,Ur III Period,ready,CDLI_Period,
516344,NEEDS_QID,"CUSAS 40, 1560",tablet,language,P18,P18,wikibase-item,Q471149,Sumerian,ready,CDLI_Lang,
516344,NEEDS_QID,"CUSAS 40, 1560",tablet,type_of_work,P126,P121,wikibase-item,Q394396,Administrative,ready,CDLI_Genre,
516344,NEEDS_QID,"CUSAS 40, 1560",tablet,material,P391,P401,wikibase-item,Q471153,Clay,ready,CDLI_Material,
516344,NEEDS_QID,"CUSAS 40, 1560",tablet,inventory_number,P10,P10,string,IM —,,ready,cdli_json,
516344,NEEDS_QID,"CUSAS 40, 1560",tablet,finding_spot,P224,P695,wikibase-item,Q390161,Irisagrig,ready,provenience_lookup,
514379,NEEDS_QID,CMNH 30498-50,tablet,cdli_id,P223,P692,external-id,P514379,,ready,cdli_json,
514379,NEEDS_QID,CMNH 30498-50,tablet,instance_of,P2,P2,wikibase-item,Q512006,Clay tablet,ready,CDLI_Object,
514379,NEEDS_QID,CMNH 30498-50,tablet,period,P245,P853,wikibase-item,Q512148,Ur III Period,ready,CDLI_Period,
514379,NEEDS_QID,CMNH 30498-50,tablet,language,P18,P18,wikibase-item,Q471149,Sumerian,ready,CDLI_Lang,
514379,NEEDS_QID,CMNH 30498-50,tablet,type_of_work,P126,P121,wikibase-item,Q10510,Letter,ready,CDLI_Genre,
514379,NEEDS_QID,CMNH 30498-50,tablet,material,P391,P401,wikibase-item,Q471153,Clay,ready,CDLI_Material,
514379,NEEDS_QID,CMNH 30498-50,tablet,inventory_number,P10,P10,string,CMNH 30498-50,,ready,cdli_json,
514379,NEEDS_QID,CMNH 30498-50,tablet,finding_spot,P224,P695,wikibase-item,Q389833,Umma (mod. Tell Jokha),ready,provenience_lookup,
360998,NEEDS_QID,KTH 08,tablet,cdli_id,P223,P692,external-id,P360998,,ready,cdli_json,
360998,NEEDS_QID,KTH 08,tablet,instance_of,P2,P2,wikibase-item,Q512006,Clay tablet,ready,CDLI_Object,
360998,NEEDS_QID,KTH 08,tablet,period,P245,P853,wikibase-item,Q512151,Old Assyrian Period,ready,CDLI_Period,
360998,NEEDS_QID,KTH 08,tablet,language,P18,P18,wikibase-item,Q471146,Akkadian,ready,CDLI_Lang,
360998,NEEDS_QID,KTH 08,tablet,material,P391,P401,wikibase-item,Q471153,Clay,ready,CDLI_Material,
360998,NEEDS_QID,KTH 08,tablet,inventory_number,P10,P10,string,SFH —,,ready,cdli_json,
360998,NEEDS_QID,KTH 08,tablet,finding_spot,P224,P695,wikibase-item,Q390036,Kanesh (mod. Kültepe),ready,provenience_lookup,
108164,NEEDS_QID,CST (JRL) 648,tablet,cdli_id,P223,P692,external-id,P108164,,ready,cdli_json,
108164,NEEDS_QID,CST (JRL) 648,tablet,instance_of,P2,P2,wikibase-item,Q512006,Clay tablet,ready,CDLI_Object,
108164,NEEDS_QID,CST (JRL) 648,tablet,period,P245,P853,wikibase-item,Q512148,Ur III Period,ready,CDLI_Period,
108164,NEEDS_QID,CST (JRL) 648,tablet,language,P18,P18,wikibase-item,Q471149,Sumerian,ready,CDLI_Lang,
108164,NEEDS_QID,CST (JRL) 648,tablet,type_of_work,P126,P121,wikibase-item,Q394396,Administrative,ready,CDLI_Genre,
108164,NEEDS_QID,CST (JRL) 648,tablet,material,P391,P401,wikibase-item,Q471153,Clay,ready,CDLI_Material,
108164,NEEDS_QID,CST (JRL) 648,tablet,present_holding,P203,P329,wikibase-item,Q511942,John Rylands Research Institute and Library,ready,museum_FG,
108164,NEEDS_QID,CST (JRL) 648,tablet,inventory_number,P10,P10,string,JRL 0648,,ready,cdli_json,
108164,NEEDS_QID,CST (JRL) 648,tablet,finding_spot,P224,P695,wikibase-item,Q389833,Umma (mod. Tell Jokha),ready,provenience_lookup,
112990,NEEDS_QID,Metal 284 11,tablet,cdli_id,P223,P692,external-id,P112990,,ready,cdli_json,
112990,NEEDS_QID,Metal 284 11,tablet,instance_of,P2,P2,wikibase-item,Q512006,Clay tablet,ready,CDLI_Object,
112990,NEEDS_QID,Metal 284 11,tablet,period,P245,P853,wikibase-item,Q512148,Ur III Period,ready,CDLI_Period,
112990,NEEDS_QID,Metal 284 11,tablet,language,P18,P18,wikibase-item,Q471149,Sumerian,ready,CDLI_Lang,
112990,NEEDS_QID,Metal 284 11,tablet,type_of_work,P126,P121,wikibase-item,Q394396,Administrative,ready,CDLI_Genre,
112990,NEEDS_QID,Metal 284 11,tablet,material,P391,P401,wikibase-item,Q471153,Clay,ready,CDLI_Material,
112990,NEEDS_QID,Metal 284 11,tablet,present_holding,P203,P329,wikibase-item,Q511925,Louvre Collection,ready,museum_FG,
112990,NEEDS_QID,Metal 284 11,tablet,inventory_number,P10,P10,string,AO 03562,,ready,cdli_json,
112990,NEEDS_QID,Metal 284 11,tablet,finding_spot,P224,P695,wikibase-item,Q389832,Girsu (mod. Tello),ready,provenience_lookup,
123234,NEEDS_QID,"OIP 115, 436",tablet,cdli_id,P223,P692,external-id,P123234,,ready,cdli_json,
123234,NEEDS_QID,"OIP 115, 436",tablet,instance_of,P2,P2,wikibase-item,Q512006,Clay tablet,ready,CDLI_Object,
123234,NEEDS_QID,"OIP 115, 436",tablet,period,P245,P853,wikibase-item,Q512148,Ur III Period,ready,CDLI_Period,
123234,NEEDS_QID,"OIP 115, 436",tablet,language,P18,P18,wikibase-item,Q471149,Sumerian,ready,CDLI_Lang,
123234,NEEDS_QID,"OIP 115, 436",tablet,type_of_work,P126,P121,wikibase-item,Q394396,Administrative,ready,CDLI_Genre,
123234,NEEDS_QID,"OIP 115, 436",tablet,material,P391,P401,wikibase-item,Q471153,Clay,ready,CDLI_Material,
123234,NEEDS_QID,"OIP 115, 436",tablet,present_holding,P203,P329,wikibase-item,Q511904,"Institute for the Study of Ancient Cultures West Asia & North Africa Museum, Chicago, Illinois, USA",ready,museum_FG|factgrid_upload_table,
123234,NEEDS_QID,"OIP 115, 436",tablet,inventory_number,P10,P10,string,OIM A02617,,ready,cdli_json,
123234,NEEDS_QID,"OIP 115, 436",tablet,finding_spot,P224,P695,wikibase-item,Q389903,Puzriš-Dagan (mod. Drehem),ready,provenience_lookup,
236960,NEEDS_QID,PRT 004,tablet,cdli_id,P223,P692,external-id,P236960,,ready,cdli_json,
236960,NEEDS_QID,PRT 004,tablet,instance_of,P2,P2,wikibase-item,Q512006,Clay tablet,ready,CDLI_Object,
236960,NEEDS_QID,PRT 004,tablet,period,P245,P853,wikibase-item,Q512158,Neo-Assyrian Period,ready,CDLI_Period,
236960,NEEDS_QID,PRT 004,tablet,language,P18,P18,wikibase-item,Q471146,Akkadian,ready,CDLI_Lang,
236960,NEEDS_QID,PRT 004,tablet,type_of_work,P126,P121,wikibase-item,Q246074,Divination,ready,CDLI_Genre|factgrid_upload_table,
236960,NEEDS_QID,PRT 004,tablet,material,P391,P401,wikibase-item,Q471153,Clay,ready,CDLI_Material,
236960,NEEDS_QID,PRT 004,tablet,present_holding,P203,P329,wikibase-item,Q102010,British Museum Collection,ready,museum_FG,
236960,NEEDS_QID,PRT 004,tablet,inventory_number,P10,P10,string,BM —,,ready,cdli_json,
236960,NEEDS_QID,PRT 004,tablet,finding_spot,P224,P695,wikibase-item,Q390025,Nīnūa,ready,provenience_lookup,
237672,NEEDS_QID,ABL 0501,tablet,cdli_id,P223,P692,external-id,P237672,,ready,cdli_json,
237672,NEEDS_QID,ABL 0501,tablet,instance_of,P2,P2,wikibase-item,Q512006,Clay tablet,ready,CDLI_Object,
237672,NEEDS_QID,ABL 0501,tablet,period,P245,P853,wikibase-item,Q512158,Neo-Assyrian Period,ready,CDLI_Period,
237672,NEEDS_QID,ABL 0501,tablet,language,P18,P18,wikibase-item,Q471146,Akkadian,ready,CDLI_Lang,
237672,NEEDS_QID,ABL 0501,tablet,type_of_work,P126,P121,wikibase-item,Q10510,Letter,ready,CDLI_Genre,
237672,NEEDS_QID,ABL 0501,tablet,material,P391,P401,wikibase-item,Q471153,Clay,ready,CDLI_Material,
237672,NEEDS_QID,ABL 0501,tablet,present_holding,P203,P329,wikibase-item,Q102010,British Museum Collection,ready,museum_FG,
237672,NEEDS_QID,ABL 0501,tablet,inventory_number,P10,P10,string,BM —,,ready,cdli_json,
237672,NEEDS_QID,ABL 0501,tablet,finding_spot,P224,P695,wikibase-item,Q390025,Nīnūa,ready,provenience_lookup,
113682,NEEDS_QID,"MVN 03, 122",tablet,cdli_id,P223,P692,external-id,P113682,,ready,cdli_json,
113682,NEEDS_QID,"MVN 03, 122",tablet,instance_of,P2,P2,wikibase-item,Q512006,Clay tablet,ready,CDLI_Object,
113682,NEEDS_QID,"MVN 03, 122",tablet,period,P245,P853,wikibase-item,Q512148,Ur III Period,ready,CDLI_Period,
113682,NEEDS_QID,"MVN 03, 122",tablet,language,P18,P18,wikibase-item,Q471149,Sumerian,ready,CDLI_Lang,
113682,NEEDS_QID,"MVN 03, 122",tablet,type_of_work,P126,P121,wikibase-item,Q394396,Administrative,ready,CDLI_Genre,
113682,NEEDS_QID,"MVN 03, 122",tablet,material,P391,P401,wikibase-item,Q471153,Clay,ready,CDLI_Material,
113682,NEEDS_QID,"MVN 03, 122",tablet,present_holding,P203,P329,wikibase-item,Q511893,Free Library of Philadelphia Collection,ready,museum_FG,
113682,NEEDS_QID,"MVN 03, 122",tablet,inventory_number,P10,P10,string,FLP 0139,,ready,cdli_json,
113682,NEEDS_QID,"MVN 03, 122",tablet,finding_spot,P224,P695,wikibase-item,Q389833,Umma (mod. Tell Jokha),ready,provenience_lookup,
423692,NEEDS_QID,"JCS 11, 018 05",tablet & envelope,cdli_id,P223,P692,external-id,P423692,,ready,cdli_json,
423692,NEEDS_QID,"JCS 11, 018 05",tablet & envelope,instance_of,P2,P2,wikibase-item,Q512006,,ready,CDLI_Object|factgrid_upload_table,tablet & envelope
423692,NEEDS_QID,"JCS 11, 018 05",tablet & envelope,period,P245,P853,wikibase-item,Q512152,Old Babylonian Period,ready,CDLI_Period,
423692,NEEDS_QID,"JCS 11, 018 05",tablet & envelope,type_of_work,P126,P121,wikibase-item,Q388465,Business / Contracts,ready,CDLI_Genre|factgrid_upload_table,
423692,NEEDS_QID,"JCS 11, 018 05",tablet & envelope,material,P391,P401,wikibase-item,Q471153,Clay,ready,CDLI_Material,
423692,NEEDS_QID,"JCS 11, 018 05",tablet & envelope,inventory_number,P10,P10,string,CUA 118,,ready,cdli_json,
423692,NEEDS_QID,"JCS 11, 018 05",tablet & envelope,finding_spot,P224,P695,wikibase-item,Q389840,Sippar-Yahrurum (mod. Tell Abu Habbah),ready,provenience_lookup,
11027,NEEDS_QID,WF 070,tablet,cdli_id,P223,P692,external-id,P011027,,ready,cdli_json,
11027,NEEDS_QID,WF 070,tablet,instance_of,P2,P2,wikibase-item,Q512006,Clay tablet,ready,CDLI_Object,
11027,NEEDS_QID,WF 070,tablet,period,P245,P853,wikibase-item,Q512140,ED IIIa,ready,CDLI_Period,
11027,NEEDS_QID,WF 070,tablet,language,P18,P18,wikibase-item,Q471149,Sumerian,ready,CDLI_Lang,
11027,NEEDS_QID,WF 070,tablet,type_of_work,P126,P121,wikibase-item,Q394396,Administrative,ready,CDLI_Genre,
11027,NEEDS_QID,WF 070,tablet,material,P391,P401,wikibase-item,Q471153,Clay,ready,CDLI_Material,
11027,NEEDS_QID,WF 070,tablet,present_holding,P203,P329,wikibase-item,Q510658,Vorderasiatisches Museum,ready,museum_FG,
11027,NEEDS_QID,WF 070,tablet,inventory_number,P10,P10,string,VAT 12654,,ready,cdli_json,
11027,NEEDS_QID,WF 070,tablet,finding_spot,P224,P695,wikibase-item,Q389927,Šuruppak (mod. Fara),ready,provenience_lookup,
114147,NEEDS_QID,"MVN 04, 195",tablet,cdli_id,P223,P692,external-id,P114147,,ready,cdli_json,
114147,NEEDS_QID,"MVN 04, 195",tablet,instance_of,P2,P2,wikibase-item,Q512006,Clay tablet,ready,CDLI_Object,
114147,NEEDS_QID,"MVN 04, 195",tablet,period,P245,P853,wikibase-item,Q512148,Ur III Period,ready,CDLI_Period,
114147,NEEDS_QID,"MVN 04, 195",tablet,language,P18,P18,wikibase-item,Q471149,Sumerian,ready,CDLI_Lang,
114147,NEEDS_QID,"MVN 04, 195",tablet,type_of_work,P126,P121,wikibase-item,Q394396,Administrative,ready,CDLI_Genre,
114147,NEEDS_QID,"MVN 04, 195",tablet,material,P391,P401,wikibase-item,Q471153,Clay,ready,CDLI_Material,
114147,NEEDS_QID,"MVN 04, 195",tablet,inventory_number,P10,P10,string,CPO 023,,ready,cdli_json,
114147,NEEDS_QID,"MVN 04, 195",tablet,finding_spot,P224,P695,wikibase-item,Q389833,Umma (mod. Tell Jokha),ready,provenience_lookup,
279072,NEEDS_QID,"CDLI Literary 000364, ex. 006",tablet,cdli_id,P223,P692,external-id,P279072,,ready,cdli_json,
279072,NEEDS_QID,"CDLI Literary 000364, ex. 006",tablet,instance_of,P2,P2,wikibase-item,Q512006,Clay tablet,ready,CDLI_Object,
279072,NEEDS_QID,"CDLI Literary 000364, ex. 006",tablet,period,P245,P853,wikibase-item,Q512152,Old Babylonian Period,ready,CDLI_Period,
279072,NEEDS_QID,"CDLI Literary 000364, ex. 006",tablet,language,P18,P18,wikibase-item,Q471149,Sumerian,ready,CDLI_Lang,
279072,NEEDS_QID,"CDLI Literary 000364, ex. 006",tablet,type_of_work,P126,P121,wikibase-item,Q245823,Literary,ready,CDLI_Genre,
279072,NEEDS_QID,"CDLI Literary 000364, ex. 006",tablet,material,P391,P401,wikibase-item,Q471153,Clay,ready,CDLI_Material,
279072,NEEDS_QID,"CDLI Literary 000364, ex. 006",tablet,present_holding,P203,P329,wikibase-item,Q511892,"Penn Museum, Philadelphia, Pennsylvania, USA",ready,museum_FG|factgrid_upload_table,
279072,NEEDS_QID,"CDLI Literary 000364, ex. 006",tablet,inventory_number,P10,P10,string,N 4209 + N 4230,,ready,cdli_json,
279072,NEEDS_QID,"CDLI Literary 000364, ex. 006",tablet,finding_spot,P224,P695,wikibase-item,Q390017,Nippur (mod. Nuffar),ready,provenience_lookup,
527049,NEEDS_QID,"MSL 07, 065 L3",tablet,cdli_id,P223,P692,external-id,P527049,,ready,cdli_json,
527049,NEEDS_QID,"MSL 07, 065 L3",tablet,instance_of,P2,P2,wikibase-item,Q512006,Clay tablet,ready,CDLI_Object,
527049,NEEDS_QID,"MSL 07, 065 L3",tablet,period,P245,P853,wikibase-item,Q512161,Neo-Babylonian Period,ready,CDLI_Period,
527049,NEEDS_QID,"MSL 07, 065 L3",tablet,language,P18,P18,wikibase-item,Q471146,Akkadian,ready,CDLI_Lang,
527049,NEEDS_QID,"MSL 07, 065 L3",tablet,type_of_work,P126,P121,wikibase-item,Q537054,Lexical,ready,CDLI_Genre,
527049,NEEDS_QID,"MSL 07, 065 L3",tablet,material,P391,P401,wikibase-item,Q471153,Clay,ready,CDLI_Material,
527049,NEEDS_QID,"MSL 07, 065 L3",tablet,present_holding,P203,P329,wikibase-item,Q102010,British Museum Collection,ready,museum_FG,
527049,NEEDS_QID,"MSL 07, 065 L3",tablet,inventory_number,P10,P10,string,BM 034082,,ready,cdli_json,
382358,NEEDS_QID,"TCBI 1, 106",tablet,cdli_id,P223,P692,external-id,P382358,,ready,cdli_json,
382358,NEEDS_QID,"TCBI 1, 106",tablet,instance_of,P2,P2,wikibase-item,Q512006,Clay tablet,ready,CDLI_Object,
382358,NEEDS_QID,"TCBI 1, 106",tablet,period,P245,P853,wikibase-item,Q512144,Old Akkadian Period,ready,CDLI_Period,
382358,NEEDS_QID,"TCBI 1, 106",tablet,type_of_work,P126,P121,wikibase-item,Q394396,Administrative,ready,CDLI_Genre,
382358,NEEDS_QID,"TCBI 1, 106",tablet,material,P391,P401,wikibase-item,Q471153,Clay,ready,CDLI_Material,
382358,NEEDS_QID,"TCBI 1, 106",tablet,inventory_number,P10,P10,string,"BdI 1, 117",,ready,cdli_json,
382358,NEEDS_QID,"TCBI 1, 106",tablet,finding_spot,P224,P695,wikibase-item,Q389603,Adab (mod. Bismaya),ready,provenience_lookup,
331094,NEEDS_QID,"Nisaba 05/1, 032",tablet,cdli_id,P223,P692,external-id,P331094,,ready,cdli_json,
331094,NEEDS_QID,"Nisaba 05/1, 032",tablet,instance_of,P2,P2,wikibase-item,Q512006,Clay tablet,ready,CDLI_Object,
331094,NEEDS_QID,"Nisaba 05/1, 032",tablet,period,P245,P853,wikibase-item,Q512148,Ur III Period,ready,CDLI_Period,
331094,NEEDS_QID,"Nisaba 05/1, 032",tablet,language,P18,P18,wikibase-item,Q471149,Sumerian,ready,CDLI_Lang,
331094,NEEDS_QID,"Nisaba 05/1, 032",tablet,type_of_work,P126,P121,wikibase-item,Q394396,Administrative,ready,CDLI_Genre,
331094,NEEDS_QID,"Nisaba 05/1, 032",tablet,material,P391,P401,wikibase-item,Q471153,Clay,ready,CDLI_Material,
331094,NEEDS_QID,"Nisaba 05/1, 032",tablet,present_holding,P203,P329,wikibase-item,Q511874,Iraq Museum,ready,museum_FG,
331094,NEEDS_QID,"Nisaba 05/1, 032",tablet,inventory_number,P10,P10,string,BM —,,ready,cdli_json,
331094,NEEDS_QID,"Nisaba 05/1, 032",tablet,finding_spot,P224,P695,wikibase-item,Q389877,Ur (mod. Tell Muqayyar),ready,provenience_lookup,
262794,NEEDS_QID,"CDLI Literary 000760, ex. 005",tablet,cdli_id,P223,P692,external-id,P262794,,ready,cdli_json,
262794,NEEDS_QID,"CDLI Literary 000760, ex. 005",tablet,instance_of,P2,P2,wikibase-item,Q512006,Clay tablet,ready,CDLI_Object,
262794,NEEDS_QID,"CDLI Literary 000760, ex. 005",tablet,period,P245,P853,wikibase-item,Q512152,Old Babylonian Period,ready,CDLI_Period,
262794,NEEDS_QID,"CDLI Literary 000760, ex. 005",tablet,language,P18,P18,wikibase-item,Q471149,Sumerian,ready,CDLI_Lang,
262794,NEEDS_QID,"CDLI Literary 000760, ex. 005",tablet,type_of_work,P126,P121,wikibase-item,Q245823,Literary,ready,CDLI_Genre,
262794,NEEDS_QID,"CDLI Literary 000760, ex. 005",tablet,material,P391,P401,wikibase-item,Q471153,Clay,ready,CDLI_Material,
262794,NEEDS_QID,"CDLI Literary 000760, ex. 005",tablet,present_holding,P203,P329,wikibase-item,Q511892,"Penn Museum, Philadelphia, Pennsylvania, USA",ready,museum_FG|factgrid_upload_table,
262794,NEEDS_QID,"CDLI Literary 000760, ex. 005",tablet,inventory_number,P10,P10,string,CBS 07782,,ready,cdli_json,
262794,NEEDS_QID,"CDLI Literary 000760, ex. 005",tablet,finding_spot,P224,P695,wikibase-item,Q390017,Nippur (mod. Nuffar),ready,provenience_lookup,
112139,NEEDS_QID,"JCS 35, 131 3",tablet,cdli_id,P223,P692,external-id,P112139,,ready,cdli_json,
112139,NEEDS_QID,"JCS 35, 131 3",tablet,instance_of,P2,P2,wikibase-item,Q512006,Clay tablet,ready,CDLI_Object,
112139,NEEDS_QID,"JCS 35, 131 3",tablet,period,P245,P853,wikibase-item,Q512148,Ur III Period,ready,CDLI_Period,
112139,NEEDS_QID,"JCS 35, 131 3",tablet,language,P18,P18,wikibase-item,Q471149,Sumerian,ready,CDLI_Lang,
112139,NEEDS_QID,"JCS 35, 131 3",tablet,type_of_work,P126,P121,wikibase-item,Q394396,Administrative,ready,CDLI_Genre,
112139,NEEDS_QID,"JCS 35, 131 3",tablet,material,P391,P401,wikibase-item,Q471153,Clay,ready,CDLI_Material,
112139,NEEDS_QID,"JCS 35, 131 3",tablet,inventory_number,P10,P10,string,Tucker 1,,ready,cdli_json,
112139,NEEDS_QID,"JCS 35, 131 3",tablet,finding_spot,P224,P695,wikibase-item,Q389903,Puzriš-Dagan (mod. Drehem),ready,provenience_lookup,
110104,NEEDS_QID,HLC 230 (pl. 109),tablet,cdli_id,P223,P692,external-id,P110104,,ready,cdli_json,
110104,NEEDS_QID,HLC 230 (pl. 109),tablet,instance_of,P2,P2,wikibase-item,Q512006,Clay tablet,ready,CDLI_Object,
110104,NEEDS_QID,HLC 230 (pl. 109),tablet,period,P245,P853,wikibase-item,Q512148,Ur III Period,ready,CDLI_Period,
110104,NEEDS_QID,HLC 230 (pl. 109),tablet,language,P18,P18,wikibase-item,Q471149,Sumerian,ready,CDLI_Lang,
110104,NEEDS_QID,HLC 230 (pl. 109),tablet,type_of_work,P126,P121,wikibase-item,Q394396,Administrative,ready,CDLI_Genre,
110104,NEEDS_QID,HLC 230 (pl. 109),tablet,material,P391,P401,wikibase-item,Q471153,Clay,ready,CDLI_Material,
110104,NEEDS_QID,HLC 230 (pl. 109),tablet,present_holding,P203,P329,wikibase-item,Q511904,"Institute for the Study of Ancient Cultures West Asia & North Africa Museum, Chicago, Illinois, USA",ready,museum_FG|factgrid_upload_table,
110104,NEEDS_QID,HLC 230 (pl. 109),tablet,inventory_number,P10,P10,string,OIM A31893,,ready,cdli_json,
110104,NEEDS_QID,HLC 230 (pl. 109),tablet,finding_spot,P224,P695,wikibase-item,Q389832,Girsu (mod. Tello),ready,provenience_lookup,
139269,NEEDS_QID,"UET 9, 1139",tablet,cdli_id,P223,P692,external-id,P139269,,ready,cdli_json,
139269,NEEDS_QID,"UET 9, 1139",tablet,instance_of,P2,P2,wikibase-item,Q512006,Clay tablet,ready,CDLI_Object,
139269,NEEDS_QID,"UET 9, 1139",tablet,period,P245,P853,wikibase-item,Q512148,Ur III Period,ready,CDLI_Period,
139269,NEEDS_QID,"UET 9, 1139",tablet,language,P18,P18,wikibase-item,Q471149,Sumerian,ready,CDLI_Lang,
139269,NEEDS_QID,"UET 9, 1139",tablet,type_of_work,P126,P121,wikibase-item,Q394396,Administrative,ready,CDLI_Genre,
139269,NEEDS_QID,"UET 9, 1139",tablet,material,P391,P401,wikibase-item,Q471153,Clay,ready,CDLI_Material,
139269,NEEDS_QID,"UET 9, 1139",tablet,present_holding,P203,P329,wikibase-item,Q511874,Iraq Museum,ready,museum_FG,
139269,NEEDS_QID,"UET 9, 1139",tablet,inventory_number,P10,P10,string,IM — ?,,ready,cdli_json,
139269,NEEDS_QID,"UET 9, 1139",tablet,finding_spot,P224,P695,wikibase-item,Q389877,Ur (mod. Tell Muqayyar),ready,provenience_lookup,
144759,NEEDS_QID,"SAT 3, 1559",tablet,cdli_id,P223,P692,external-id,P144759,,ready,cdli_json,
144759,NEEDS_QID,"SAT 3, 1559",tablet,instance_of,P2,P2,wikibase-item,Q512006,Clay tablet,ready,CDLI_Object,
144759,NEEDS_QID,"SAT 3, 1559",tablet,period,P245,P853,wikibase-item,Q512148,Ur III Period,ready,CDLI_Period,
144759,NEEDS_QID,"SAT 3, 1559",tablet,language,P18,P18,wikibase-item,Q471149,Sumerian,ready,CDLI_Lang,
144759,NEEDS_QID,"SAT 3, 1559",tablet,type_of_work,P126,P121,wikibase-item,Q394396,Administrative,ready,CDLI_Genre,
144759,NEEDS_QID,"SAT 3, 1559",tablet,material,P391,P401,wikibase-item,Q471153,Clay,ready,CDLI_Material,
144759,NEEDS_QID,"SAT 3, 1559",tablet,present_holding,P203,P329,wikibase-item,Q511899,Yale Babylonian Collection,ready,museum_FG,
144759,NEEDS_QID,"SAT 3, 1559",tablet,inventory_number,P10,P10,string,YBC 09789,,ready,cdli_json,
144759,NEEDS_QID,"SAT 3, 1559",tablet,finding_spot,P224,P695,wikibase-item,Q389833,Umma (mod. Tell Jokha),ready,provenience_lookup,
336751,NEEDS_QID,"SAA 14, 407",tablet,cdli_id,P223,P692,external-id,P336751,,ready,cdli_json,
336751,NEEDS_QID,"SAA 14, 407",tablet,instance_of,P2,P2,wikibase-item,Q512006,Clay tablet,ready,CDLI_Object,
336751,NEEDS_QID,"SAA 14, 407",tablet,period,P245,P853,wikibase-item,Q512158,Neo-Assyrian Period,ready,CDLI_Period,
336751,NEEDS_QID,"SAA 14, 407",tablet,language,P18,P18,wikibase-item,Q471146,Akkadian,ready,CDLI_Lang,
336751,NEEDS_QID,"SAA 14, 407",tablet,type_of_work,P126,P121,wikibase-item,Q246074,Divination,ready,CDLI_Genre|factgrid_upload_table,
336751,NEEDS_QID,"SAA 14, 407",tablet,material,P391,P401,wikibase-item,Q471153,Clay,ready,CDLI_Material,
336751,NEEDS_QID,"SAA 14, 407",tablet,present_holding,P203,P329,wikibase-item,Q102010,British Museum Collection,ready,museum_FG,
336751,NEEDS_QID,"SAA 14, 407",tablet,inventory_number,P10,P10,string,BM —,,ready,cdli_json,
336751,NEEDS_QID,"SAA 14, 407",tablet,finding_spot,P224,P695,wikibase-item,Q390025,Nīnūa,ready,provenience_lookup,
360131,NEEDS_QID,"KTS 1, 58d",tablet,cdli_id,P223,P692,external-id,P360131,,ready,cdli_json,
360131,NEEDS_QID,"KTS 1, 58d",tablet,instance_of,P2,P2,wikibase-item,Q512006,Clay tablet,ready,CDLI_Object,
360131,NEEDS_QID,"KTS 1, 58d",tablet,period,P245,P853,wikibase-item,Q512151,Old Assyrian Period,ready,CDLI_Period,
360131,NEEDS_QID,"KTS 1, 58d",tablet,language,P18,P18,wikibase-item,Q471146,Akkadian,ready,CDLI_Lang,
360131,NEEDS_QID,"KTS 1, 58d",tablet,material,P391,P401,wikibase-item,Q471153,Clay,ready,CDLI_Material,
360131,NEEDS_QID,"KTS 1, 58d",tablet,present_holding,P203,P329,wikibase-item,Q511898,Istanbul Archaeology Museum,ready,museum_FG,
360131,NEEDS_QID,"KTS 1, 58d",tablet,inventory_number,P10,P10,string,Ist Ka 0073,,ready,cdli_json,
360131,NEEDS_QID,"KTS 1, 58d",tablet,finding_spot,P224,P695,wikibase-item,Q390036,Kanesh (mod. Kültepe),ready,provenience_lookup,
496520,NEEDS_QID,"CTN 6, 072",tablet,cdli_id,P223,P692,external-id,P496520,,ready,cdli_json,
496520,NEEDS_QID,"CTN 6, 072",tablet,instance_of,P2,P2,wikibase-item,Q512006,Clay tablet,ready,CDLI_Object,
496520,NEEDS_QID,"CTN 6, 072",tablet,period,P245,P853,wikibase-item,Q512158,Neo-Assyrian Period,ready,CDLI_Period,
496520,NEEDS_QID,"CTN 6, 072",tablet,language,P18,P18,wikibase-item,Q471146,Akkadian,ready,CDLI_Lang,
496520,NEEDS_QID,"CTN 6, 072",tablet,type_of_work,P126,P121,wikibase-item,Q388465,Legal,ready,CDLI_Genre,
496520,NEEDS_QID,"CTN 6, 072",tablet,material,P391,P401,wikibase-item,Q471153,Clay,ready,CDLI_Material,
496520,NEEDS_QID,"CTN 6, 072",tablet,present_holding,P203,P329,wikibase-item,Q511874,Iraq Museum,ready,museum_FG,
496520,NEEDS_QID,"CTN 6, 072",tablet,inventory_number,P10,P10,string,IM 057047,,ready,cdli_json,
496520,NEEDS_QID,"CTN 6, 072",tablet,finding_spot,P224,P695,wikibase-item,Q390020,Nimrud,ready,provenience_lookup,
131659,NEEDS_QID,"TCL 02, 5570",tablet,cdli_id,P223,P692,external-id,P131659,,ready,cdli_json,
131659,NEEDS_QID,"TCL 02, 5570",tablet,instance_of,P2,P2,wikibase-item,Q512006,Clay tablet,ready,CDLI_Object,
131659,NEEDS_QID,"TCL 02, 5570",tablet,period,P245,P853,wikibase-item,Q512148,Ur III Period,ready,CDLI_Period,
131659,NEEDS_QID,"TCL 02, 5570",tablet,language,P18,P18,wikibase-item,Q471149,Sumerian,ready,CDLI_Lang,
131659,NEEDS_QID,"TCL 02, 5570",tablet,type_of_work,P126,P121,wikibase-item,Q394396,Administrative,ready,CDLI_Genre,
131659,NEEDS_QID,"TCL 02, 5570",tablet,material,P391,P401,wikibase-item,Q471153,Clay,ready,CDLI_Material,
131659,NEEDS_QID,"TCL 02, 5570",tablet,present_holding,P203,P329,wikibase-item,Q511925,Louvre Collection,ready,museum_FG,
131659,NEEDS_QID,"TCL 02, 5570",tablet,inventory_number,P10,P10,string,AO 05570,,ready,cdli_json,
131659,NEEDS_QID,"TCL 02, 5570",tablet,finding_spot,P224,P695,wikibase-item,Q389903,Puzriš-Dagan (mod. Drehem),ready,provenience_lookup,
343651,NEEDS_QID,"CDLI Literary 000350, ex. 017",tablet,cdli_id,P223,P692,external-id,P343651,,ready,cdli_json,
343651,NEEDS_QID,"CDLI Literary 000350, ex. 017",tablet,instance_of,P2,P2,wikibase-item,Q512006,Clay tablet,ready,CDLI_Object,
343651,NEEDS_QID,"CDLI Literary 000350, ex. 017",tablet,period,P245,P853,wikibase-item,Q512152,Old Babylonian Period,ready,CDLI_Period,
343651,NEEDS_QID,"CDLI Literary 000350, ex. 017",tablet,language,P18,P18,wikibase-item,Q471149,Sumerian,ready,CDLI_Lang,
343651,NEEDS_QID,"CDLI Literary 000350, ex. 017",tablet,type_of_work,P126,P121,wikibase-item,Q245823,Literary,ready,CDLI_Genre,
343651,NEEDS_QID,"CDLI Literary 000350, ex. 017",tablet,material,P391,P401,wikibase-item,Q471153,Clay,ready,CDLI_Material,
343651,NEEDS_QID,"CDLI Literary 000350, ex. 017",tablet,present_holding,P203,P329,wikibase-item,Q511898,Istanbul Archaeology Museum,ready,museum_FG,
343651,NEEDS_QID,"CDLI Literary 000350, ex. 017",tablet,inventory_number,P10,P10,string,Ist Ni 04449,,ready,cdli_json,
343651,NEEDS_QID,"CDLI Literary 000350, ex. 017",tablet,finding_spot,P224,P695,wikibase-item,Q390017,Nippur (mod. Nuffar),ready,provenience_lookup,
388755,NEEDS_QID,LB 0221,tablet,cdli_id,P223,P692,external-id,P388755,,ready,cdli_json,
388755,NEEDS_QID,LB 0221,tablet,instance_of,P2,P2,wikibase-item,Q512006,Clay tablet,ready,CDLI_Object,
388755,NEEDS_QID,LB 0221,tablet,period,P245,P853,wikibase-item,Q512148,Ur III Period,ready,CDLI_Period,
388755,NEEDS_QID,LB 0221,tablet,language,P18,P18,wikibase-item,Q471149,Sumerian,ready,CDLI_Lang,
388755,NEEDS_QID,LB 0221,tablet,type_of_work,P126,P121,wikibase-item,Q394396,Administrative,ready,CDLI_Genre,
388755,NEEDS_QID,LB 0221,tablet,material,P391,P401,wikibase-item,Q471153,Clay,ready,CDLI_Material,
388755,NEEDS_QID,LB 0221,tablet,inventory_number,P10,P10,string,LB 0221,,ready,cdli_json,
388755,NEEDS_QID,LB 0221,tablet,finding_spot,P224,P695,wikibase-item,Q389832,Girsu (mod. Tello),ready,provenience_lookup,
519818,NEEDS_QID,"New IM 3, 010",tablet,cdli_id,P223,P692,external-id,P519818,,ready,cdli_json,
519818,NEEDS_QID,"New IM 3, 010",tablet,instance_of,P2,P2,wikibase-item,Q512006,Clay tablet,ready,CDLI_Object,
519818,NEEDS_QID,"New IM 3, 010",tablet,period,P245,P853,wikibase-item,Q512148,Ur III Period,ready,CDLI_Period,
519818,NEEDS_QID,"New IM 3, 010",tablet,type_of_work,P126,P121,wikibase-item,Q394396,Administrative,ready,CDLI_Genre,
519818,NEEDS_QID,"New IM 3, 010",tablet,material,P391,P401,wikibase-item,Q471153,Clay,ready,CDLI_Material,
519818,NEEDS_QID,"New IM 3, 010",tablet,present_holding,P203,P329,wikibase-item,Q511874,Iraq Museum,ready,museum_FG,
519818,NEEDS_QID,"New IM 3, 010",tablet,inventory_number,P10,P10,string,IM 226003,,ready,cdli_json,
519818,NEEDS_QID,"New IM 3, 010",tablet,finding_spot,P224,P695,wikibase-item,Q390161,Irisagrig,ready,provenience_lookup,
208998,NEEDS_QID,"BPOA 02, 2547",tablet,cdli_id,P223,P692,external-id,P208998,,ready,cdli_json,
208998,NEEDS_QID,"BPOA 02, 2547",tablet,instance_of,P2,P2,wikibase-item,Q512006,Clay tablet,ready,CDLI_Object,
208998,NEEDS_QID,"BPOA 02, 2547",tablet,period,P245,P853,wikibase-item,Q512148,Ur III Period,ready,CDLI_Period,
208998,NEEDS_QID,"BPOA 02, 2547",tablet,language,P18,P18,wikibase-item,Q471149,Sumerian,ready,CDLI_Lang,
208998,NEEDS_QID,"BPOA 02, 2547",tablet,type_of_work,P126,P121,wikibase-item,Q394396,Administrative,ready,CDLI_Genre,
208998,NEEDS_QID,"BPOA 02, 2547",tablet,material,P391,P401,wikibase-item,Q471153,Clay,ready,CDLI_Material,
208998,NEEDS_QID,"BPOA 02, 2547",tablet,present_holding,P203,P329,wikibase-item,Q102010,British Museum Collection,ready,museum_FG,
208998,NEEDS_QID,"BPOA 02, 2547",tablet,inventory_number,P10,P10,string,BM 105352,,ready,cdli_json,
208998,NEEDS_QID,"BPOA 02, 2547",tablet,finding_spot,P224,P695,wikibase-item,Q389833,Umma (mod. Tell Jokha),ready,provenience_lookup,
118534,NEEDS_QID,"MVN 15, 269",tablet,cdli_id,P223,P692,external-id,P118534,,ready,cdli_json,
118534,NEEDS_QID,"MVN 15, 269",tablet,instance_of,P2,P2,wikibase-item,Q512006,Clay tablet,ready,CDLI_Object,
118534,NEEDS_QID,"MVN 15, 269",tablet,period,P245,P853,wikibase-item,Q512148,Ur III Period,ready,CDLI_Period,
118534,NEEDS_QID,"MVN 15, 269",tablet,language,P18,P18,wikibase-item,Q471149,Sumerian,ready,CDLI_Lang,
118534,NEEDS_QID,"MVN 15, 269",tablet,type_of_work,P126,P121,wikibase-item,Q394396,Administrative,ready,CDLI_Genre,
118534,NEEDS_QID,"MVN 15, 269",tablet,material,P391,P401,wikibase-item,Q471153,Clay,ready,CDLI_Material,
118534,NEEDS_QID,"MVN 15, 269",tablet,inventory_number,P10,P10,string,DIOC —,,ready,cdli_json,
118534,NEEDS_QID,"MVN 15, 269",tablet,finding_spot,P224,P695,wikibase-item,Q389903,Puzriš-Dagan (mod. Drehem),ready,provenience_lookup,
217694,NEEDS_QID,"ITT 4, 07035",tablet,cdli_id,P223,P692,external-id,P217694,,ready,cdli_json,
217694,NEEDS_QID,"ITT 4, 07035",tablet,instance_of,P2,P2,wikibase-item,Q512006,Clay tablet,ready,CDLI_Object,
217694,NEEDS_QID,"ITT 4, 07035",tablet,period,P245,P853,wikibase-item,Q512146,Lagash II Period,ready,CDLI_Period,
217694,NEEDS_QID,"ITT 4, 07035",tablet,type_of_work,P126,P121,wikibase-item,Q394396,Administrative,ready,CDLI_Genre,
217694,NEEDS_QID,"ITT 4, 07035",tablet,material,P391,P401,wikibase-item,Q471153,Clay,ready,CDLI_Material,
217694,NEEDS_QID,"ITT 4, 07035",tablet,present_holding,P203,P329,wikibase-item,Q511898,Istanbul Archaeology Museum,ready,museum_FG,
217694,NEEDS_QID,"ITT 4, 07035",tablet,inventory_number,P10,P10,string,Ist L 07035,,ready,cdli_json,
217694,NEEDS_QID,"ITT 4, 07035",tablet,finding_spot,P224,P695,wikibase-item,Q389832,Girsu (mod. Tello),ready,provenience_lookup,
290904,NEEDS_QID,"BPOA 07, 1585",tablet,cdli_id,P223,P692,external-id,P290904,,ready,cdli_json,
290904,NEEDS_QID,"BPOA 07, 1585",tablet,instance_of,P2,P2,wikibase-item,Q512006,Clay tablet,ready,CDLI_Object,
290904,NEEDS_QID,"BPOA 07, 1585",tablet,period,P245,P853,wikibase-item,Q512148,Ur III Period,ready,CDLI_Period,
290904,NEEDS_QID,"BPOA 07, 1585",tablet,language,P18,P18,wikibase-item,Q471149,Sumerian,ready,CDLI_Lang,
290904,NEEDS_QID,"BPOA 07, 1585",tablet,type_of_work,P126,P121,wikibase-item,Q394396,Administrative,ready,CDLI_Genre,
290904,NEEDS_QID,"BPOA 07, 1585",tablet,material,P391,P401,wikibase-item,Q471153,Clay,ready,CDLI_Material,
290904,NEEDS_QID,"BPOA 07, 1585",tablet,present_holding,P203,P329,wikibase-item,Q511899,"Nies Babylonian Collection, Yale Babylonian Collection",ready,museum_FG,
290904,NEEDS_QID,"BPOA 07, 1585",tablet,inventory_number,P10,P10,string,NBC 01950,,ready,cdli_json,
290904,NEEDS_QID,"BPOA 07, 1585",tablet,finding_spot,P224,P695,wikibase-item,Q389833,Umma (mod. Tell Jokha),ready,provenience_lookup,
449037,NEEDS_QID,"Nisaba 25, 50",tablet,cdli_id,P223,P692,external-id,P449037,,ready,cdli_json,
449037,NEEDS_QID,"Nisaba 25, 50",tablet,instance_of,P2,P2,wikibase-item,Q512006,Clay tablet,ready,CDLI_Object,
449037,NEEDS_QID,"Nisaba 25, 50",tablet,period,P245,P853,wikibase-item,Q512137,ED I-II,ready,CDLI_Period,
449037,NEEDS_QID,"Nisaba 25, 50",tablet,language,P18,P18,wikibase-item,Q471149,Sumerian,ready,CDLI_Lang,
449037,NEEDS_QID,"Nisaba 25, 50",tablet,type_of_work,P126,P121,wikibase-item,Q394396,Administrative,ready,CDLI_Genre,
449037,NEEDS_QID,"Nisaba 25, 50",tablet,material,P391,P401,wikibase-item,Q471153,Clay,ready,CDLI_Material,
449037,NEEDS_QID,"Nisaba 25, 50",tablet,present_holding,P203,P329,wikibase-item,Q102010,British Museum Collection,ready,museum_FG,
449037,NEEDS_QID,"Nisaba 25, 50",tablet,inventory_number,P10,P10,string,BM —,,ready,cdli_json,
449037,NEEDS_QID,"Nisaba 25, 50",tablet,finding_spot,P224,P695,wikibase-item,Q389877,Ur (mod. Tell Muqayyar),ready,provenience_lookup,
132976,NEEDS_QID,"TCTI 2, 03774",tablet,cdli_id,P223,P692,external-id,P132976,,ready,cdli_json,
132976,NEEDS_QID,"TCTI 2, 03774",tablet,instance_of,P2,P2,wikibase-item,Q512006,Clay tablet,ready,CDLI_Object,
132976,NEEDS_QID,"TCTI 2, 03774",tablet,period,P245,P853,wikibase-item,Q512148,Ur III Period,ready,CDLI_Period,
132976,NEEDS_QID,"TCTI 2, 03774",tablet,language,P18,P18,wikibase-item,Q471149,Sumerian,ready,CDLI_Lang,
132976,NEEDS_QID,"TCTI 2, 03774",tablet,type_of_work,P126,P121,wikibase-item,Q394396,Administrative,ready,CDLI_Genre,
132976,NEEDS_QID,"TCTI 2, 03774",tablet,material,P391,P401,wikibase-item,Q471153,Clay,ready,CDLI_Material,
132976,NEEDS_QID,"TCTI 2, 03774",tablet,present_holding,P203,P329,wikibase-item,Q511898,Istanbul Archaeology Museum,ready,museum_FG,
132976,NEEDS_QID,"TCTI 2, 03774",tablet,inventory_number,P10,P10,string,Ist L 03774,,ready,cdli_json,
132976,NEEDS_QID,"TCTI 2, 03774",tablet,finding_spot,P224,P695,wikibase-item,Q389832,Girsu (mod. Tello),ready,provenience_lookup,
216986,NEEDS_QID,RTC 214,tablet,cdli_id,P223,P692,external-id,P216986,,ready,cdli_json,
216986,NEEDS_QID,RTC 214,tablet,instance_of,P2,P2,wikibase-item,Q512006,Clay tablet,ready,CDLI_Object,
216986,NEEDS_QID,RTC 214,tablet,period,P245,P853,wikibase-item,Q512144,Old Akkadian Period,ready,CDLI_Period,
216986,NEEDS_QID,RTC 214,tablet,type_of_work,P126,P121,wikibase-item,Q394396,Administrative,ready,CDLI_Genre,
216986,NEEDS_QID,RTC 214,tablet,material,P391,P401,wikibase-item,Q471153,Clay,ready,CDLI_Material,
216986,NEEDS_QID,RTC 214,tablet,present_holding,P203,P329,wikibase-item,Q511925,Louvre Collection,ready,museum_FG,
216986,NEEDS_QID,RTC 214,tablet,inventory_number,P10,P10,string,AO 03409,,ready,cdli_json,
216986,NEEDS_QID,RTC 214,tablet,finding_spot,P224,P695,wikibase-item,Q389832,Girsu (mod. Tello),ready,provenience_lookup,
128182,NEEDS_QID,Rochester 077,tablet,cdli_id,P223,P692,external-id,P128182,,ready,cdli_json,
128182,NEEDS_QID,Rochester 077,tablet,instance_of,P2,P2,wikibase-item,Q512006,Clay tablet,ready,CDLI_Object,
128182,NEEDS_QID,Rochester 077,tablet,period,P245,P853,wikibase-item,Q512148,Ur III Period,ready,CDLI_Period,
128182,NEEDS_QID,Rochester 077,tablet,language,P18,P18,wikibase-item,Q471149,Sumerian,ready,CDLI_Lang,
128182,NEEDS_QID,Rochester 077,tablet,type_of_work,P126,P121,wikibase-item,Q394396,Administrative,ready,CDLI_Genre,
128182,NEEDS_QID,Rochester 077,tablet,material,P391,P401,wikibase-item,Q471153,Clay,ready,CDLI_Material,
128182,NEEDS_QID,Rochester 077,tablet,inventory_number,P10,P10,string,AR 45.394 068 H,,ready,cdli_json,
128182,NEEDS_QID,Rochester 077,tablet,finding_spot,P224,P695,wikibase-item,Q389903,Puzriš-Dagan (mod. Drehem),ready,provenience_lookup,
291616,NEEDS_QID,"BPOA 06, 1480",tablet,cdli_id,P223,P692,external-id,P291616,,ready,cdli_json,
291616,NEEDS_QID,"BPOA 06, 1480",tablet,instance_of,P2,P2,wikibase-item,Q512006,Clay tablet,ready,CDLI_Object,
291616,NEEDS_QID,"BPOA 06, 1480",tablet,period,P245,P853,wikibase-item,Q512148,Ur III Period,ready,CDLI_Period,
291616,NEEDS_QID,"BPOA 06, 1480",tablet,language,P18,P18,wikibase-item,Q471149,Sumerian,ready,CDLI_Lang,
291616,NEEDS_QID,"BPOA 06, 1480",tablet,type_of_work,P126,P121,wikibase-item,Q394396,Administrative,ready,CDLI_Genre,
291616,NEEDS_QID,"BPOA 06, 1480",tablet,material,P391,P401,wikibase-item,Q471153,Clay,ready,CDLI_Material,
291616,NEEDS_QID,"BPOA 06, 1480",tablet,present_holding,P203,P329,wikibase-item,Q511899,"Nies Babylonian Collection, Yale Babylonian Collection",ready,museum_FG,
291616,NEEDS_QID,"BPOA 06, 1480",tablet,inventory_number,P10,P10,string,NBC 01414,,ready,cdli_json,
291616,NEEDS_QID,"BPOA 06, 1480",tablet,finding_spot,P224,P695,wikibase-item,Q389833,Umma (mod. Tell Jokha),ready,provenience_lookup,
247823,NEEDS_QID,"CDLI Literary 002701.01, ex. 022 & 002718.01, ex. 030",tablet,cdli_id,P223,P692,external-id,P247823,,ready,cdli_json,
247823,NEEDS_QID,"CDLI Literary 002701.01, ex. 022 & 002718.01, ex. 030",tablet,instance_of,P2,P2,wikibase-item,Q512006,Clay tablet,ready,CDLI_Object,
247823,NEEDS_QID,"CDLI Literary 002701.01, ex. 022 & 002718.01, ex. 030",tablet,period,P245,P853,wikibase-item,Q512161,Neo-Babylonian Period,ready,CDLI_Period,
247823,NEEDS_QID,"CDLI Literary 002701.01, ex. 022 & 002718.01, ex. 030",tablet,language,P18,P18,wikibase-item,Q471149,Akkadian,ready,CDLI_Lang,
247823,NEEDS_QID,"CDLI Literary 002701.01, ex. 022 & 002718.01, ex. 030",tablet,language,P18,P18,wikibase-item,Q471149,Sumerian,ready,CDLI_Lang,
247823,NEEDS_QID,"CDLI Literary 002701.01, ex. 022 & 002718.01, ex. 030",tablet,material,P391,P401,wikibase-item,Q471153,Clay,ready,CDLI_Material,
247823,NEEDS_QID,"CDLI Literary 002701.01, ex. 022 & 002718.01, ex. 030",tablet,present_holding,P203,P329,wikibase-item,Q102010,British Museum Collection,ready,museum_FG,
247823,NEEDS_QID,"CDLI Literary 002701.01, ex. 022 & 002718.01, ex. 030",tablet,inventory_number,P10,P10,string,BM 093079,,ready,cdli_json,
247823,NEEDS_QID,"CDLI Literary 002701.01, ex. 022 & 002718.01, ex. 030",tablet,finding_spot,P224,P695,wikibase-item,Q389840,Sippar-Yahrurum (mod. Tell Abu Habbah),ready,provenience_lookup,
276387,NEEDS_QID,"OB Contracts, pl. B5-6 no. 12",tablet & envelope,cdli_id,P223,P692,external-id,P276387,,ready,cdli_json,
276387,NEEDS_QID,"OB Contracts, pl. B5-6 no. 12",tablet & envelope,instance_of,P2,P2,wikibase-item,Q512006,,ready,CDLI_Object|factgrid_upload_table,tablet & envelope
276387,NEEDS_QID,"OB Contracts, pl. B5-6 no. 12",tablet & envelope,period,P245,P853,wikibase-item,Q512152,Old Babylonian Period,ready,CDLI_Period,
276387,NEEDS_QID,"OB Contracts, pl. B5-6 no. 12",tablet & envelope,language,P18,P18,wikibase-item,Q471146,Akkadian,ready,CDLI_Lang,
276387,NEEDS_QID,"OB Contracts, pl. B5-6 no. 12",tablet & envelope,type_of_work,P126,P121,wikibase-item,Q388465,Legal,ready,CDLI_Genre,
276387,NEEDS_QID,"OB Contracts, pl. B5-6 no. 12",tablet & envelope,material,P391,P401,wikibase-item,Q471153,Clay,ready,CDLI_Material,
276387,NEEDS_QID,"OB Contracts, pl. B5-6 no. 12",tablet & envelope,present_holding,P203,P329,wikibase-item,Q511892,"Penn Museum, Philadelphia, Pennsylvania, USA",ready,museum_FG|factgrid_upload_table,
276387,NEEDS_QID,"OB Contracts, pl. B5-6 no. 12",tablet & envelope,inventory_number,P10,P10,string,N 1236 & N 1094 + N 1171 (case),,ready,cdli_json,
276387,NEEDS_QID,"OB Contracts, pl. B5-6 no. 12",tablet & envelope,finding_spot,P224,P695,wikibase-item,Q390017,Nippur (mod. Nuffar),ready,provenience_lookup,
389847,NEEDS_QID,LB 2207,tablet,cdli_id,P223,P692,external-id,P389847,,ready,cdli_json,
389847,NEEDS_QID,LB 2207,tablet,instance_of,P2,P2,wikibase-item,Q512006,Clay tablet,ready,CDLI_Object,
389847,NEEDS_QID,LB 2207,tablet,period,P245,P853,wikibase-item,Q512148,Ur III Period,ready,CDLI_Period,
389847,NEEDS_QID,LB 2207,tablet,language,P18,P18,wikibase-item,Q471149,Sumerian,ready,CDLI_Lang,
389847,NEEDS_QID,LB 2207,tablet,type_of_work,P126,P121,wikibase-item,Q394396,Administrative,ready,CDLI_Genre,
389847,NEEDS_QID,LB 2207,tablet,material,P391,P401,wikibase-item,Q471153,Clay,ready,CDLI_Material,
389847,NEEDS_QID,LB 2207,tablet,inventory_number,P10,P10,string,LB 2207,,ready,cdli_json,
389847,NEEDS_QID,LB 2207,tablet,finding_spot,P224,P695,wikibase-item,Q389903,Puzriš-Dagan (mod. Drehem),ready,provenience_lookup,
104517,NEEDS_QID,"AUCT 3, 305",tablet,cdli_id,P223,P692,external-id,P104517,,ready,cdli_json,
104517,NEEDS_QID,"AUCT 3, 305",tablet,instance_of,P2,P2,wikibase-item,Q512006,Clay tablet,ready,CDLI_Object,
104517,NEEDS_QID,"AUCT 3, 305",tablet,period,P245,P853,wikibase-item,Q512148,Ur III Period,ready,CDLI_Period,
104517,NEEDS_QID,"AUCT 3, 305",tablet,language,P18,P18,wikibase-item,Q471149,Sumerian,ready,CDLI_Lang,
104517,NEEDS_QID,"AUCT 3, 305",tablet,type_of_work,P126,P121,wikibase-item,Q394396,Administrative,ready,CDLI_Genre,
104517,NEEDS_QID,"AUCT 3, 305",tablet,material,P391,P401,wikibase-item,Q471153,Clay,ready,CDLI_Material,
104517,NEEDS_QID,"AUCT 3, 305",tablet,inventory_number,P10,P10,string,AUAM 73.0919,,ready,cdli_json,
104517,NEEDS_QID,"AUCT 3, 305",tablet,finding_spot,P224,P695,wikibase-item,Q389903,Puzriš-Dagan (mod. Drehem),ready,provenience_lookup,
209370,NEEDS_QID,"Ontario 2, 225",tablet,cdli_id,P223,P692,external-id,P209370,,ready,cdli_json,
209370,NEEDS_QID,"Ontario 2, 225",tablet,instance_of,P2,P2,wikibase-item,Q512006,Clay tablet,ready,CDLI_Object,
209370,NEEDS_QID,"Ontario 2, 225",tablet,period,P245,P853,wikibase-item,Q512148,Ur III Period,ready,CDLI_Period,
209370,NEEDS_QID,"Ontario 2, 225",tablet,language,P18,P18,wikibase-item,Q471149,Sumerian,ready,CDLI_Lang,
209370,NEEDS_QID,"Ontario 2, 225",tablet,type_of_work,P126,P121,wikibase-item,Q394396,Administrative,ready,CDLI_Genre,
209370,NEEDS_QID,"Ontario 2, 225",tablet,material,P391,P401,wikibase-item,Q471153,Clay,ready,CDLI_Material,
209370,NEEDS_QID,"Ontario 2, 225",tablet,present_holding,P203,P329,wikibase-item,Q511914,Royal Ontario Museum,ready,museum_FG,
209370,NEEDS_QID,"Ontario 2, 225",tablet,inventory_number,P10,P10,string,ROM 967.287.002,,ready,cdli_json,
209370,NEEDS_QID,"Ontario 2, 225",tablet,finding_spot,P224,P695,wikibase-item,Q389833,Umma (mod. Tell Jokha),ready,provenience_lookup,
103728,NEEDS_QID,"AUCT 1, 883",tablet,cdli_id,P223,P692,external-id,P103728,,ready,cdli_json,
103728,NEEDS_QID,"AUCT 1, 883",tablet,instance_of,P2,P2,wikibase-item,Q512006,Clay tablet,ready,CDLI_Object,
103728,NEEDS_QID,"AUCT 1, 883",tablet,period,P245,P853,wikibase-item,Q512148,Ur III Period,ready,CDLI_Period,
103728,NEEDS_QID,"AUCT 1, 883",tablet,language,P18,P18,wikibase-item,Q471149,Sumerian,ready,CDLI_Lang,
103728,NEEDS_QID,"AUCT 1, 883",tablet,type_of_work,P126,P121,wikibase-item,Q394396,Administrative,ready,CDLI_Genre,
103728,NEEDS_QID,"AUCT 1, 883",tablet,material,P391,P401,wikibase-item,Q471153,Clay,ready,CDLI_Material,
103728,NEEDS_QID,"AUCT 1, 883",tablet,inventory_number,P10,P10,string,AUAM 73.1850,,ready,cdli_json,
103728,NEEDS_QID,"AUCT 1, 883",tablet,finding_spot,P224,P695,wikibase-item,Q389903,Puzriš-Dagan (mod. Drehem),ready,provenience_lookup,
128478,NEEDS_QID,RTC 325,tablet,cdli_id,P223,P692,external-id,P128478,,ready,cdli_json,
128478,NEEDS_QID,RTC 325,tablet,instance_of,P2,P2,wikibase-item,Q512006,Clay tablet,ready,CDLI_Object,
128478,NEEDS_QID,RTC 325,tablet,period,P245,P853,wikibase-item,Q512148,Ur III Period,ready,CDLI_Period,
128478,NEEDS_QID,RTC 325,tablet,language,P18,P18,wikibase-item,Q471149,Sumerian,ready,CDLI_Lang,
128478,NEEDS_QID,RTC 325,tablet,type_of_work,P126,P121,wikibase-item,Q394396,Administrative,ready,CDLI_Genre,
128478,NEEDS_QID,RTC 325,tablet,material,P391,P401,wikibase-item,Q471153,Clay,ready,CDLI_Material,
128478,NEEDS_QID,RTC 325,tablet,present_holding,P203,P329,wikibase-item,Q511925,Louvre Collection,ready,museum_FG,
128478,NEEDS_QID,RTC 325,tablet,inventory_number,P10,P10,string,AO 03462,,ready,cdli_json,
128478,NEEDS_QID,RTC 325,tablet,finding_spot,P224,P695,wikibase-item,Q389832,Girsu (mod. Tello),ready,provenience_lookup,
536658,NEEDS_QID,"AKT 9a, 155",tablet,cdli_id,P223,P692,external-id,P536658,,ready,cdli_json,
536658,NEEDS_QID,"AKT 9a, 155",tablet,instance_of,P2,P2,wikibase-item,Q512006,Clay tablet,ready,CDLI_Object,
536658,NEEDS_QID,"AKT 9a, 155",tablet,period,P245,P853,wikibase-item,Q512151,Old Assyrian Period,ready,CDLI_Period,
536658,NEEDS_QID,"AKT 9a, 155",tablet,language,P18,P18,wikibase-item,Q471146,Akkadian,ready,CDLI_Lang,
536658,NEEDS_QID,"AKT 9a, 155",tablet,material,P391,P401,wikibase-item,Q471153,Clay,ready,CDLI_Material,
536658,NEEDS_QID,"AKT 9a, 155",tablet,inventory_number,P10,P10,string,AMM 154-1407-64,,ready,cdli_json,
536658,NEEDS_QID,"AKT 9a, 155",tablet,finding_spot,P224,P695,wikibase-item,Q390036,Kanesh (mod. Kültepe),ready,provenience_lookup,
222020,NEEDS_QID,"Nik 1, 251",tablet,cdli_id,P223,P692,external-id,P222020,,ready,cdli_json,
222020,NEEDS_QID,"Nik 1, 251",tablet,instance_of,P2,P2,wikibase-item,Q512006,Clay tablet,ready,CDLI_Object,
222020,NEEDS_QID,"Nik 1, 251",tablet,period,P245,P853,wikibase-item,Q512142,ED IIIb,ready,CDLI_Period,
222020,NEEDS_QID,"Nik 1, 251",tablet,language,P18,P18,wikibase-item,Q471149,Sumerian,ready,CDLI_Lang,
222020,NEEDS_QID,"Nik 1, 251",tablet,type_of_work,P126,P121,wikibase-item,Q394396,Administrative,ready,CDLI_Genre,
222020,NEEDS_QID,"Nik 1, 251",tablet,material,P391,P401,wikibase-item,Q471153,Clay,ready,CDLI_Material,
222020,NEEDS_QID,"Nik 1, 251",tablet,present_holding,P203,P329,wikibase-item,Q511946,State Hermitage Museum,ready,museum_FG,
222020,NEEDS_QID,"Nik 1, 251",tablet,inventory_number,P10,P10,string,Erm 14251,,ready,cdli_json,
222020,NEEDS_QID,"Nik 1, 251",tablet,finding_spot,P224,P695,wikibase-item,Q389832,Girsu (mod. Tello),ready,provenience_lookup,
296429,NEEDS_QID,"CDLI Literary 000395, ex. 077",tablet,cdli_id,P223,P692,external-id,P296429,,ready,cdli_json,
296429,NEEDS_QID,"CDLI Literary 000395, ex. 077",tablet,instance_of,P2,P2,wikibase-item,Q512006,Clay tablet,ready,CDLI_Object,
296429,NEEDS_QID,"CDLI Literary 000395, ex. 077",tablet,period,P245,P853,wikibase-item,Q512152,Old Babylonian Period,ready,CDLI_Period,
296429,NEEDS_QID,"CDLI Literary 000395, ex. 077",tablet,language,P18,P18,wikibase-item,Q471149,Sumerian,ready,CDLI_Lang,
296429,NEEDS_QID,"CDLI Literary 000395, ex. 077",tablet,material,P391,P401,wikibase-item,Q471153,Clay,ready,CDLI_Material,
296429,NEEDS_QID,"CDLI Literary 000395, ex. 077",tablet,inventory_number,P10,P10,string,MLC 01758,,ready,cdli_json,
273185,NEEDS_QID,Gilgamesh II 024,tablet,cdli_id,P223,P692,external-id,P273185,,ready,cdli_json,
273185,NEEDS_QID,Gilgamesh II 024,tablet,instance_of,P2,P2,wikibase-item,Q512006,Clay tablet,ready,CDLI_Object,
273185,NEEDS_QID,Gilgamesh II 024,tablet,period,P245,P853,wikibase-item,Q512154,Middle Babylonian Period,ready,CDLI_Period,
273185,NEEDS_QID,Gilgamesh II 024,tablet,language,P18,P18,wikibase-item,Q471146,Akkadian,ready,CDLI_Lang,
273185,NEEDS_QID,Gilgamesh II 024,tablet,type_of_work,P126,P121,wikibase-item,Q245823,Literary,ready,CDLI_Genre,
273185,NEEDS_QID,Gilgamesh II 024,tablet,material,P391,P401,wikibase-item,Q471153,Clay,ready,CDLI_Material,
273185,NEEDS_QID,Gilgamesh II 024,tablet,inventory_number,P10,P10,string,Bo 1983/633,,ready,cdli_json,
273185,NEEDS_QID,Gilgamesh II 024,tablet,finding_spot,P224,P695,wikibase-item,Q389658,Ḫattusa (mod. Boğazkale),ready,provenience_lookup,
101715,NEEDS_QID,"AnOr 45, 410 72",tablet,cdli_id,P223,P692,external-id,P101715,,ready,cdli_json,
101715,NEEDS_QID,"AnOr 45, 410 72",tablet,instance_of,P2,P2,wikibase-item,Q512006,Clay tablet,ready,CDLI_Object,
101715,NEEDS_QID,"AnOr 45, 410 72",tablet,period,P245,P853,wikibase-item,Q512148,Ur III Period,ready,CDLI_Period,
101715,NEEDS_QID,"AnOr 45, 410 72",tablet,language,P18,P18,wikibase-item,Q471149,Sumerian,ready,CDLI_Lang,
101715,NEEDS_QID,"AnOr 45, 410 72",tablet,type_of_work,P126,P121,wikibase-item,Q394396,Administrative,ready,CDLI_Genre,
101715,NEEDS_QID,"AnOr 45, 410 72",tablet,material,P391,P401,wikibase-item,Q471153,Clay,ready,CDLI_Material,
101715,NEEDS_QID,"AnOr 45, 410 72",tablet,present_holding,P203,P329,wikibase-item,Q511898,Istanbul Archaeology Museum,ready,museum_FG,
101715,NEEDS_QID,"AnOr 45, 410 72",tablet,inventory_number,P10,P10,string,Ist L 08940,,ready,cdli_json,
101715,NEEDS_QID,"AnOr 45, 410 72",tablet,finding_spot,P224,P695,wikibase-item,Q389832,Girsu (mod. Tello),ready,provenience_lookup,
406476,NEEDS_QID,"Nisaba 22, 114",tablet,cdli_id,P223,P692,external-id,P406476,,ready,cdli_json,
406476,NEEDS_QID,"Nisaba 22, 114",tablet,instance_of,P2,P2,wikibase-item,Q512006,Clay tablet,ready,CDLI_Object,
406476,NEEDS_QID,"Nisaba 22, 114",tablet,period,P245,P853,wikibase-item,Q512148,Ur III Period,ready,CDLI_Period,
406476,NEEDS_QID,"Nisaba 22, 114",tablet,language,P18,P18,wikibase-item,Q471149,Sumerian,ready,CDLI_Lang,
406476,NEEDS_QID,"Nisaba 22, 114",tablet,type_of_work,P126,P121,wikibase-item,Q394396,Administrative,ready,CDLI_Genre,
406476,NEEDS_QID,"Nisaba 22, 114",tablet,material,P391,P401,wikibase-item,Q471153,Clay,ready,CDLI_Material,
406476,NEEDS_QID,"Nisaba 22, 114",tablet,inventory_number,P10,P10,string,SM 1909.05.354,,ready,cdli_json,
406476,NEEDS_QID,"Nisaba 22, 114",tablet,finding_spot,P224,P695,wikibase-item,Q389832,Girsu (mod. Tello),ready,provenience_lookup,
100807,NEEDS_QID,Aleppo 475,tablet,cdli_id,P223,P692,external-id,P100807,,ready,cdli_json,
100807,NEEDS_QID,Aleppo 475,tablet,instance_of,P2,P2,wikibase-item,Q512006,Clay tablet,ready,CDLI_Object,
100807,NEEDS_QID,Aleppo 475,tablet,period,P245,P853,wikibase-item,Q512148,Ur III Period,ready,CDLI_Period,
100807,NEEDS_QID,Aleppo 475,tablet,language,P18,P18,wikibase-item,Q471149,Sumerian,ready,CDLI_Lang,
100807,NEEDS_QID,Aleppo 475,tablet,type_of_work,P126,P121,wikibase-item,Q394396,Administrative,ready,CDLI_Genre,
100807,NEEDS_QID,Aleppo 475,tablet,material,P391,P401,wikibase-item,Q471153,Clay,ready,CDLI_Material,
100807,NEEDS_QID,Aleppo 475,tablet,present_holding,P203,P329,wikibase-item,Q511885,Aleppo National Museum,ready,museum_FG,
100807,NEEDS_QID,Aleppo 475,tablet,inventory_number,P10,P10,string,NMSA 4232,,ready,cdli_json,
100807,NEEDS_QID,Aleppo 475,tablet,finding_spot,P224,P695,wikibase-item,Q389833,Umma (mod. Tell Jokha),ready,provenience_lookup,
136466,NEEDS_QID,"UET 3, 0149",tablet,cdli_id,P223,P692,external-id,P136466,,ready,cdli_json,
136466,NEEDS_QID,"UET 3, 0149",tablet,instance_of,P2,P2,wikibase-item,Q512006,Clay tablet,ready,CDLI_Object,
136466,NEEDS_QID,"UET 3, 0149",tablet,period,P245,P853,wikibase-item,Q512148,Ur III Period,ready,CDLI_Period,
136466,NEEDS_QID,"UET 3, 0149",tablet,language,P18,P18,wikibase-item,Q471149,Sumerian,ready,CDLI_Lang,
136466,NEEDS_QID,"UET 3, 0149",tablet,type_of_work,P126,P121,wikibase-item,Q394396,Administrative,ready,CDLI_Genre,
136466,NEEDS_QID,"UET 3, 0149",tablet,material,P391,P401,wikibase-item,Q471153,Clay,ready,CDLI_Material,
136466,NEEDS_QID,"UET 3, 0149",tablet,present_holding,P203,P329,wikibase-item,Q511874,Iraq Museum,ready,museum_FG,
136466,NEEDS_QID,"UET 3, 0149",tablet,inventory_number,P10,P10,string,IM —,,ready,cdli_json,
136466,NEEDS_QID,"UET 3, 0149",tablet,finding_spot,P224,P695,wikibase-item,Q389877,Ur (mod. Tell Muqayyar),ready,provenience_lookup,
535977,NEEDS_QID,"AKT 7a, 159",tablet,cdli_id,P223,P692,external-id,P535977,,ready,cdli_json,
535977,NEEDS_QID,"AKT 7a, 159",tablet,instance_of,P2,P2,wikibase-item,Q512006,Clay tablet,ready,CDLI_Object,
535977,NEEDS_QID,"AKT 7a, 159",tablet,period,P245,P853,wikibase-item,Q512151,Old Assyrian Period,ready,CDLI_Period,
535977,NEEDS_QID,"AKT 7a, 159",tablet,language,P18,P18,wikibase-item,Q471146,Akkadian,ready,CDLI_Lang,
535977,NEEDS_QID,"AKT 7a, 159",tablet,material,P391,P401,wikibase-item,Q471153,Clay,ready,CDLI_Material,
535977,NEEDS_QID,"AKT 7a, 159",tablet,inventory_number,P10,P10,string,AMM —,,ready,cdli_json,
535977,NEEDS_QID,"AKT 7a, 159",tablet,finding_spot,P224,P695,wikibase-item,Q390036,Kanesh (mod. Kültepe),ready,provenience_lookup,
10266,NEEDS_QID,"OIP 099, 330",tablet,cdli_id,P223,P692,external-id,P010266,,ready,cdli_json,
10266,NEEDS_QID,"OIP 099, 330",tablet,instance_of,P2,P2,wikibase-item,Q512006,Clay tablet,ready,CDLI_Object,
10266,NEEDS_QID,"OIP 099, 330",tablet,period,P245,P853,wikibase-item,Q512140,ED IIIa,ready,CDLI_Period,
10266,NEEDS_QID,"OIP 099, 330",tablet,language,P18,P18,wikibase-item,Q471149,Sumerian,ready,CDLI_Lang,
10266,NEEDS_QID,"OIP 099, 330",tablet,type_of_work,P126,P121,wikibase-item,Q537054,Lexical,ready,CDLI_Genre,
10266,NEEDS_QID,"OIP 099, 330",tablet,material,P391,P401,wikibase-item,Q471153,Clay,ready,CDLI_Material,
10266,NEEDS_QID,"OIP 099, 330",tablet,present_holding,P203,P329,wikibase-item,Q511874,Iraq Museum,ready,museum_FG,
10266,NEEDS_QID,"OIP 099, 330",tablet,inventory_number,P10,P10,string,IM 070262,,ready,cdli_json,
10266,NEEDS_QID,"OIP 099, 330",tablet,finding_spot,P224,P695,wikibase-item,Q389843,Tell Abu Salabikh,ready,provenience_lookup,
115306,NEEDS_QID,"MVN 07, 480",tablet,cdli_id,P223,P692,external-id,P115306,,ready,cdli_json,
115306,NEEDS_QID,"MVN 07, 480",tablet,instance_of,P2,P2,wikibase-item,Q512006,Clay tablet,ready,CDLI_Object,
115306,NEEDS_QID,"MVN 07, 480",tablet,period,P245,P853,wikibase-item,Q512148,Ur III Period,ready,CDLI_Period,
115306,NEEDS_QID,"MVN 07, 480",tablet,language,P18,P18,wikibase-item,Q471149,Sumerian,ready,CDLI_Lang,
115306,NEEDS_QID,"MVN 07, 480",tablet,type_of_work,P126,P121,wikibase-item,Q394396,Administrative,ready,CDLI_Genre,
115306,NEEDS_QID,"MVN 07, 480",tablet,material,P391,P401,wikibase-item,Q471153,Clay,ready,CDLI_Material,
115306,NEEDS_QID,"MVN 07, 480",tablet,present_holding,P203,P329,wikibase-item,Q511898,Istanbul Archaeology Museum,ready,museum_FG,
115306,NEEDS_QID,"MVN 07, 480",tablet,inventory_number,P10,P10,string,Ist L 08087,,ready,cdli_json,
115306,NEEDS_QID,"MVN 07, 480",tablet,finding_spot,P224,P695,wikibase-item,Q389832,Girsu (mod. Tello),ready,provenience_lookup,
334296,NEEDS_QID,ABL 0431,tablet,cdli_id,P223,P692,external-id,P334296,,ready,cdli_json,
334296,NEEDS_QID,ABL 0431,tablet,instance_of,P2,P2,wikibase-item,Q512006,Clay tablet,ready,CDLI_Object,
334296,NEEDS_QID,ABL 0431,tablet,period,P245,P853,wikibase-item,Q512158,Neo-Assyrian Period,ready,CDLI_Period,
334296,NEEDS_QID,ABL 0431,tablet,language,P18,P18,wikibase-item,Q471146,Akkadian,ready,CDLI_Lang,
334296,NEEDS_QID,ABL 0431,tablet,type_of_work,P126,P121,wikibase-item,Q10510,Letter,ready,CDLI_Genre,
334296,NEEDS_QID,ABL 0431,tablet,material,P391,P401,wikibase-item,Q471153,Clay,ready,CDLI_Material,
334296,NEEDS_QID,ABL 0431,tablet,present_holding,P203,P329,wikibase-item,Q102010,British Museum Collection,ready,museum_FG,
334296,NEEDS_QID,ABL 0431,tablet,inventory_number,P10,P10,string,BM —,,ready,cdli_json,
334296,NEEDS_QID,ABL 0431,tablet,finding_spot,P224,P695,wikibase-item,Q390025,Nīnūa,ready,provenience_lookup,
143566,NEEDS_QID,"SAT 2, 0366",tablet,cdli_id,P223,P692,external-id,P143566,,ready,cdli_json,
143566,NEEDS_QID,"SAT 2, 0366",tablet,instance_of,P2,P2,wikibase-item,Q512006,Clay tablet,ready,CDLI_Object,
143566,NEEDS_QID,"SAT 2, 0366",tablet,period,P245,P853,wikibase-item,Q512148,Ur III Period,ready,CDLI_Period,
143566,NEEDS_QID,"SAT 2, 0366",tablet,language,P18,P18,wikibase-item,Q471149,Sumerian,ready,CDLI_Lang,
143566,NEEDS_QID,"SAT 2, 0366",tablet,type_of_work,P126,P121,wikibase-item,Q394396,Administrative,ready,CDLI_Genre,
143566,NEEDS_QID,"SAT 2, 0366",tablet,material,P391,P401,wikibase-item,Q471153,Clay,ready,CDLI_Material,
143566,NEEDS_QID,"SAT 2, 0366",tablet,present_holding,P203,P329,wikibase-item,Q511899,Yale Babylonian Collection,ready,museum_FG,
143566,NEEDS_QID,"SAT 2, 0366",tablet,inventory_number,P10,P10,string,YBC 00076,,ready,cdli_json,
143566,NEEDS_QID,"SAT 2, 0366",tablet,finding_spot,P224,P695,wikibase-item,Q389833,Umma (mod. Tell Jokha),ready,provenience_lookup,
200852,NEEDS_QID,"BPOA 07, 2402",tablet,cdli_id,P223,P692,external-id,P200852,,ready,cdli_json,
200852,NEEDS_QID,"BPOA 07, 2402",tablet,instance_of,P2,P2,wikibase-item,Q512006,Clay tablet,ready,CDLI_Object,
200852,NEEDS_QID,"BPOA 07, 2402",tablet,period,P245,P853,wikibase-item,Q512148,Ur III Period,ready,CDLI_Period,
200852,NEEDS_QID,"BPOA 07, 2402",tablet,language,P18,P18,wikibase-item,Q471149,Sumerian,ready,CDLI_Lang,
200852,NEEDS_QID,"BPOA 07, 2402",tablet,type_of_work,P126,P121,wikibase-item,Q394396,Administrative,ready,CDLI_Genre,
200852,NEEDS_QID,"BPOA 07, 2402",tablet,material,P391,P401,wikibase-item,Q471153,Clay,ready,CDLI_Material,
200852,NEEDS_QID,"BPOA 07, 2402",tablet,present_holding,P203,P329,wikibase-item,Q511899,"Nies Babylonian Collection, Yale Babylonian Collection",ready,museum_FG,
200852,NEEDS_QID,"BPOA 07, 2402",tablet,inventory_number,P10,P10,string,NBC 03643,,ready,cdli_json,
200852,NEEDS_QID,"BPOA 07, 2402",tablet,finding_spot,P224,P695,wikibase-item,Q389833,Umma (mod. Tell Jokha),ready,provenience_lookup,
515138,NEEDS_QID,"CUSAS 40, 0354",tablet,cdli_id,P223,P692,external-id,P515138,,ready,cdli_json,
515138,NEEDS_QID,"CUSAS 40, 0354",tablet,instance_of,P2,P2,wikibase-item,Q512006,Clay tablet,ready,CDLI_Object,
515138,NEEDS_QID,"CUSAS 40, 0354",tablet,period,P245,P853,wikibase-item,Q512148,Ur III Period,ready,CDLI_Period,
515138,NEEDS_QID,"CUSAS 40, 0354",tablet,language,P18,P18,wikibase-item,Q471149,Sumerian,ready,CDLI_Lang,
515138,NEEDS_QID,"CUSAS 40, 0354",tablet,type_of_work,P126,P121,wikibase-item,Q394396,Administrative,ready,CDLI_Genre,
515138,NEEDS_QID,"CUSAS 40, 0354",tablet,material,P391,P401,wikibase-item,Q471153,Clay,ready,CDLI_Material,
515138,NEEDS_QID,"CUSAS 40, 0354",tablet,inventory_number,P10,P10,string,IM —,,ready,cdli_json,
515138,NEEDS_QID,"CUSAS 40, 0354",tablet,finding_spot,P224,P695,wikibase-item,Q389888,Garšana (mod. uncertain),ready,provenience_lookup,
138881,NEEDS_QID,"UET 9, 0751",tablet,cdli_id,P223,P692,external-id,P138881,,ready,cdli_json,
138881,NEEDS_QID,"UET 9, 0751",tablet,instance_of,P2,P2,wikibase-item,Q512006,Clay tablet,ready,CDLI_Object,
138881,NEEDS_QID,"UET 9, 0751",tablet,period,P245,P853,wikibase-item,Q512148,Ur III Period,ready,CDLI_Period,
138881,NEEDS_QID,"UET 9, 0751",tablet,language,P18,P18,wikibase-item,Q471149,Sumerian,ready,CDLI_Lang,
138881,NEEDS_QID,"UET 9, 0751",tablet,type_of_work,P126,P121,wikibase-item,Q394396,Administrative,ready,CDLI_Genre,
138881,NEEDS_QID,"UET 9, 0751",tablet,material,P391,P401,wikibase-item,Q471153,Clay,ready,CDLI_Material,
138881,NEEDS_QID,"UET 9, 0751",tablet,present_holding,P203,P329,wikibase-item,Q511874,Iraq Museum,ready,museum_FG,
138881,NEEDS_QID,"UET 9, 0751",tablet,inventory_number,P10,P10,string,IM — ?,,ready,cdli_json,
138881,NEEDS_QID,"UET 9, 0751",tablet,finding_spot,P224,P695,wikibase-item,Q389877,Ur (mod. Tell Muqayyar),ready,provenience_lookup,
201740,NEEDS_QID,"Nisaba 11, 46",tablet,cdli_id,P223,P692,external-id,P201740,,ready,cdli_json,
201740,NEEDS_QID,"Nisaba 11, 46",tablet,instance_of,P2,P2,wikibase-item,Q512006,Clay tablet,ready,CDLI_Object,
201740,NEEDS_QID,"Nisaba 11, 46",tablet,period,P245,P853,wikibase-item,Q512148,Ur III Period,ready,CDLI_Period,
201740,NEEDS_QID,"Nisaba 11, 46",tablet,language,P18,P18,wikibase-item,Q471149,Sumerian,ready,CDLI_Lang,
201740,NEEDS_QID,"Nisaba 11, 46",tablet,type_of_work,P126,P121,wikibase-item,Q394396,Administrative,ready,CDLI_Genre,
201740,NEEDS_QID,"Nisaba 11, 46",tablet,material,P391,P401,wikibase-item,Q471153,Clay,ready,CDLI_Material,
201740,NEEDS_QID,"Nisaba 11, 46",tablet,present_holding,P203,P329,wikibase-item,Q102010,British Museum Collection,ready,museum_FG,
201740,NEEDS_QID,"Nisaba 11, 46",tablet,inventory_number,P10,P10,string,BM 104782,,ready,cdli_json,
201740,NEEDS_QID,"Nisaba 11, 46",tablet,finding_spot,P224,P695,wikibase-item,Q389833,Umma (mod. Tell Jokha),ready,provenience_lookup,
120048,NEEDS_QID,"MVN 18, 687",tablet,cdli_id,P223,P692,external-id,P120048,,ready,cdli_json,
120048,NEEDS_QID,"MVN 18, 687",tablet,instance_of,P2,P2,wikibase-item,Q512006,Clay tablet,ready,CDLI_Object,
120048,NEEDS_QID,"MVN 18, 687",tablet,period,P245,P853,wikibase-item,Q512148,Ur III Period,ready,CDLI_Period,
120048,NEEDS_QID,"MVN 18, 687",tablet,language,P18,P18,wikibase-item,Q471149,Sumerian,ready,CDLI_Lang,
120048,NEEDS_QID,"MVN 18, 687",tablet,type_of_work,P126,P121,wikibase-item,Q394396,Administrative,ready,CDLI_Genre,
120048,NEEDS_QID,"MVN 18, 687",tablet,material,P391,P401,wikibase-item,Q471153,Clay,ready,CDLI_Material,
120048,NEEDS_QID,"MVN 18, 687",tablet,present_holding,P203,P329,wikibase-item,Q511901,Montserrat Museum,ready,museum_FG,
120048,NEEDS_QID,"MVN 18, 687",tablet,inventory_number,P10,P10,string,MM 1050,,ready,cdli_json,
120048,NEEDS_QID,"MVN 18, 687",tablet,finding_spot,P224,P695,wikibase-item,Q389833,Umma (mod. Tell Jokha),ready,provenience_lookup,
124908,NEEDS_QID,"OrSP 47-49, 020",tablet,cdli_id,P223,P692,external-id,P124908,,ready,cdli_json,
124908,NEEDS_QID,"OrSP 47-49, 020",tablet,instance_of,P2,P2,wikibase-item,Q512006,Clay tablet,ready,CDLI_Object,
124908,NEEDS_QID,"OrSP 47-49, 020",tablet,period,P245,P853,wikibase-item,Q512148,Ur III Period,ready,CDLI_Period,
124908,NEEDS_QID,"OrSP 47-49, 020",tablet,language,P18,P18,wikibase-item,Q471149,Sumerian,ready,CDLI_Lang,
124908,NEEDS_QID,"OrSP 47-49, 020",tablet,type_of_work,P126,P121,wikibase-item,Q394396,Administrative,ready,CDLI_Genre,
124908,NEEDS_QID,"OrSP 47-49, 020",tablet,material,P391,P401,wikibase-item,Q471153,Clay,ready,CDLI_Material,
124908,NEEDS_QID,"OrSP 47-49, 020",tablet,present_holding,P203,P329,wikibase-item,Q510658,Vorderasiatisches Museum,ready,museum_FG,
124908,NEEDS_QID,"OrSP 47-49, 020",tablet,inventory_number,P10,P10,string,VAT 06898,,ready,cdli_json,
124908,NEEDS_QID,"OrSP 47-49, 020",tablet,finding_spot,P224,P695,wikibase-item,Q389903,Puzriš-Dagan (mod. Drehem),ready,provenience_lookup,
527419,NEEDS_QID,"AfO Beih 06, TH 102",tablet,cdli_id,P223,P692,external-id,P527419,,ready,cdli_json,
527419,NEEDS_QID,"AfO Beih 06, TH 102",tablet,instance_of,P2,P2,wikibase-item,Q512006,Clay tablet,ready,CDLI_Object,
527419,NEEDS_QID,"AfO Beih 06, TH 102",tablet,period,P245,P853,wikibase-item,Q512158,Neo-Assyrian Period,ready,CDLI_Period,
527419,NEEDS_QID,"AfO Beih 06, TH 102",tablet,language,P18,P18,wikibase-item,Q471146,Akkadian,ready,CDLI_Lang,
527419,NEEDS_QID,"AfO Beih 06, TH 102",tablet,type_of_work,P126,P121,wikibase-item,Q388465,Legal,ready,CDLI_Genre,
527419,NEEDS_QID,"AfO Beih 06, TH 102",tablet,material,P391,P401,wikibase-item,Q471153,Clay,ready,CDLI_Material,
253860,NEEDS_QID,"CUSAS 12, 3.2.12",tablet,cdli_id,P223,P692,external-id,P253860,,ready,cdli_json,
253860,NEEDS_QID,"CUSAS 12, 3.2.12",tablet,instance_of,P2,P2,wikibase-item,Q512006,Clay tablet,ready,CDLI_Object,
253860,NEEDS_QID,"CUSAS 12, 3.2.12",tablet,period,P245,P853,wikibase-item,Q512152,Old Babylonian Period,ready,CDLI_Period,
253860,NEEDS_QID,"CUSAS 12, 3.2.12",tablet,language,P18,P18,wikibase-item,Q471149,Sumerian,ready,CDLI_Lang,
253860,NEEDS_QID,"CUSAS 12, 3.2.12",tablet,type_of_work,P126,P121,wikibase-item,Q537054,Lexical,ready,CDLI_Genre,
253860,NEEDS_QID,"CUSAS 12, 3.2.12",tablet,material,P391,P401,wikibase-item,Q471153,Clay,ready,CDLI_Material,
253860,NEEDS_QID,"CUSAS 12, 3.2.12",tablet,inventory_number,P10,P10,string,MS 4830,,ready,cdli_json,
282190,NEEDS_QID,KAJ 177,tablet,cdli_id,P223,P692,external-id,P282190,,ready,cdli_json,
282190,NEEDS_QID,KAJ 177,tablet,instance_of,P2,P2,wikibase-item,Q512006,Clay tablet,ready,CDLI_Object,
282190,NEEDS_QID,KAJ 177,tablet,period,P245,P853,wikibase-item,Q512155,Middle Assyrian Period,ready,CDLI_Period,
282190,NEEDS_QID,KAJ 177,tablet,material,P391,P401,wikibase-item,Q471153,Clay,ready,CDLI_Material,
282190,NEEDS_QID,KAJ 177,tablet,present_holding,P203,P329,wikibase-item,Q510658,Vorderasiatisches Museum,ready,museum_FG,
282190,NEEDS_QID,KAJ 177,tablet,inventory_number,P10,P10,string,VAT 08951,,ready,cdli_json,
282190,NEEDS_QID,KAJ 177,tablet,finding_spot,P224,P695,wikibase-item,Q390001,Assur,ready,provenience_lookup,
110554,NEEDS_QID,"ITT 2, 00685",tablet,cdli_id,P223,P692,external-id,P110554,,ready,cdli_json,
110554,NEEDS_QID,"ITT 2, 00685",tablet,instance_of,P2,P2,wikibase-item,Q512006,Clay tablet,ready,CDLI_Object,
110554,NEEDS_QID,"ITT 2, 00685",tablet,period,P245,P853,wikibase-item,Q512148,Ur III Period,ready,CDLI_Period,
110554,NEEDS_QID,"ITT 2, 00685",tablet,language,P18,P18,wikibase-item,Q471149,Sumerian,ready,CDLI_Lang,
110554,NEEDS_QID,"ITT 2, 00685",tablet,type_of_work,P126,P121,wikibase-item,Q394396,Administrative,ready,CDLI_Genre,
110554,NEEDS_QID,"ITT 2, 00685",tablet,material,P391,P401,wikibase-item,Q471153,Clay,ready,CDLI_Material,
110554,NEEDS_QID,"ITT 2, 00685",tablet,present_holding,P203,P329,wikibase-item,Q511898,Istanbul Archaeology Museum,ready,museum_FG,
110554,NEEDS_QID,"ITT 2, 00685",tablet,inventory_number,P10,P10,string,Ist L 00685,,ready,cdli_json,
110554,NEEDS_QID,"ITT 2, 00685",tablet,finding_spot,P224,P695,wikibase-item,Q389832,Girsu (mod. Tello),ready,provenience_lookup,
356900,NEEDS_QID,"CDLI Literary 000379, ex. 096",tablet,cdli_id,P223,P692,external-id,P356900,,ready,cdli_json,
356900,NEEDS_QID,"CDLI Literary 000379, ex. 096",tablet,instance_of,P2,P2,wikibase-item,Q512006,Clay tablet,ready,CDLI_Object,
356900,NEEDS_QID,"CDLI Literary 000379, ex. 096",tablet,period,P245,P853,wikibase-item,Q512152,Old Babylonian Period,ready,CDLI_Period,
356900,NEEDS_QID,"CDLI Literary 000379, ex. 096",tablet,language,P18,P18,wikibase-item,Q471149,Sumerian,ready,CDLI_Lang,
356900,NEEDS_QID,"CDLI Literary 000379, ex. 096",tablet,type_of_work,P126,P121,wikibase-item,Q245823,Literary,ready,CDLI_Genre,
356900,NEEDS_QID,"CDLI Literary 000379, ex. 096",tablet,material,P391,P401,wikibase-item,Q471153,Clay,ready,CDLI_Material,
356900,NEEDS_QID,"CDLI Literary 000379, ex. 096",tablet,present_holding,P203,P329,wikibase-item,Q511898,Istanbul Archaeology Museum,ready,museum_FG,
356900,NEEDS_QID,"CDLI Literary 000379, ex. 096",tablet,inventory_number,P10,P10,string,Ist Ni 09611,,ready,cdli_json,
356900,NEEDS_QID,"CDLI Literary 000379, ex. 096",tablet,finding_spot,P224,P695,wikibase-item,Q390017,Nippur (mod. Nuffar),ready,provenience_lookup,
144309,NEEDS_QID,"SAT 2, 1109",tablet,cdli_id,P223,P692,external-id,P144309,,ready,cdli_json,
144309,NEEDS_QID,"SAT 2, 1109",tablet,instance_of,P2,P2,wikibase-item,Q512006,Clay tablet,ready,CDLI_Object,
144309,NEEDS_QID,"SAT 2, 1109",tablet,period,P245,P853,wikibase-item,Q512148,Ur III Period,ready,CDLI_Period,
144309,NEEDS_QID,"SAT 2, 1109",tablet,language,P18,P18,wikibase-item,Q471149,Sumerian,ready,CDLI_Lang,
144309,NEEDS_QID,"SAT 2, 1109",tablet,type_of_work,P126,P121,wikibase-item,Q394396,Administrative,ready,CDLI_Genre,
144309,NEEDS_QID,"SAT 2, 1109",tablet,material,P391,P401,wikibase-item,Q471153,Clay,ready,CDLI_Material,
144309,NEEDS_QID,"SAT 2, 1109",tablet,present_holding,P203,P329,wikibase-item,Q511899,Yale Babylonian Collection,ready,museum_FG,
144309,NEEDS_QID,"SAT 2, 1109",tablet,inventory_number,P10,P10,string,YBC 09748,,ready,cdli_json,
144309,NEEDS_QID,"SAT 2, 1109",tablet,finding_spot,P224,P695,wikibase-item,Q389833,Umma (mod. Tell Jokha),ready,provenience_lookup,
236599,NEEDS_QID,"BIN 10, 055",tablet,cdli_id,P223,P692,external-id,P236599,,ready,cdli_json,
236599,NEEDS_QID,"BIN 10, 055",tablet,instance_of,P2,P2,wikibase-item,Q512006,Clay tablet,ready,CDLI_Object,
236599,NEEDS_QID,"BIN 10, 055",tablet,period,P245,P853,wikibase-item,Q512150,Early Old Babylonian Period,ready,CDLI_Period,
236599,NEEDS_QID,"BIN 10, 055",tablet,type_of_work,P126,P121,wikibase-item,Q394396,Administrative,ready,CDLI_Genre,
236599,NEEDS_QID,"BIN 10, 055",tablet,material,P391,P401,wikibase-item,Q471153,Clay,ready,CDLI_Material,
236599,NEEDS_QID,"BIN 10, 055",tablet,present_holding,P203,P329,wikibase-item,Q511899,"Nies Babylonian Collection, Yale Babylonian Collection",ready,museum_FG,
236599,NEEDS_QID,"BIN 10, 055",tablet,inventory_number,P10,P10,string,NBC 07784,,ready,cdli_json,
236599,NEEDS_QID,"BIN 10, 055",tablet,finding_spot,P224,P695,wikibase-item,Q389800,Isin (mod. Bahriyat),ready,provenience_lookup,
112569,NEEDS_QID,"MCS 1, 45, BM 103414",tablet,cdli_id,P223,P692,external-id,P112569,,ready,cdli_json,
112569,NEEDS_QID,"MCS 1, 45, BM 103414",tablet,instance_of,P2,P2,wikibase-item,Q512006,Clay tablet,ready,CDLI_Object,
112569,NEEDS_QID,"MCS 1, 45, BM 103414",tablet,period,P245,P853,wikibase-item,Q512148,Ur III Period,ready,CDLI_Period,
112569,NEEDS_QID,"MCS 1, 45, BM 103414",tablet,language,P18,P18,wikibase-item,Q471149,Sumerian,ready,CDLI_Lang,
112569,NEEDS_QID,"MCS 1, 45, BM 103414",tablet,type_of_work,P126,P121,wikibase-item,Q394396,Administrative,ready,CDLI_Genre,
112569,NEEDS_QID,"MCS 1, 45, BM 103414",tablet,material,P391,P401,wikibase-item,Q471153,Clay,ready,CDLI_Material,
112569,NEEDS_QID,"MCS 1, 45, BM 103414",tablet,present_holding,P203,P329,wikibase-item,Q102010,British Museum Collection,ready,museum_FG,
112569,NEEDS_QID,"MCS 1, 45, BM 103414",tablet,inventory_number,P10,P10,string,BM 103414,,ready,cdli_json,
112569,NEEDS_QID,"MCS 1, 45, BM 103414",tablet,finding_spot,P224,P695,wikibase-item,Q389903,Puzriš-Dagan (mod. Drehem),ready,provenience_lookup,
126935,NEEDS_QID,"Princeton 1, 246",tablet,cdli_id,P223,P692,external-id,P126935,,ready,cdli_json,
126935,NEEDS_QID,"Princeton 1, 246",tablet,instance_of,P2,P2,wikibase-item,Q512006,Clay tablet,ready,CDLI_Object,
126935,NEEDS_QID,"Princeton 1, 246",tablet,period,P245,P853,wikibase-item,Q512148,Ur III Period,ready,CDLI_Period,
126935,NEEDS_QID,"Princeton 1, 246",tablet,language,P18,P18,wikibase-item,Q471149,Sumerian,ready,CDLI_Lang,
126935,NEEDS_QID,"Princeton 1, 246",tablet,type_of_work,P126,P121,wikibase-item,Q394396,Administrative,ready,CDLI_Genre,
126935,NEEDS_QID,"Princeton 1, 246",tablet,material,P391,P401,wikibase-item,Q471153,Clay,ready,CDLI_Material,
126935,NEEDS_QID,"Princeton 1, 246",tablet,present_holding,P203,P329,wikibase-item,Q511896,Princeton Theological Seminary Collection,ready,museum_FG,
126935,NEEDS_QID,"Princeton 1, 246",tablet,inventory_number,P10,P10,string,PTS 0567,,ready,cdli_json,
126935,NEEDS_QID,"Princeton 1, 246",tablet,finding_spot,P224,P695,wikibase-item,Q389833,Umma (mod. Tell Jokha),ready,provenience_lookup,
360561,NEEDS_QID,"AKT 2, 18",tablet,cdli_id,P223,P692,external-id,P360561,,ready,cdli_json,
360561,NEEDS_QID,"AKT 2, 18",tablet,instance_of,P2,P2,wikibase-item,Q512006,Clay tablet,ready,CDLI_Object,
360561,NEEDS_QID,"AKT 2, 18",tablet,period,P245,P853,wikibase-item,Q512151,Old Assyrian Period,ready,CDLI_Period,
360561,NEEDS_QID,"AKT 2, 18",tablet,language,P18,P18,wikibase-item,Q471146,Akkadian,ready,CDLI_Lang,
360561,NEEDS_QID,"AKT 2, 18",tablet,material,P391,P401,wikibase-item,Q471153,Clay,ready,CDLI_Material,
360561,NEEDS_QID,"AKT 2, 18",tablet,inventory_number,P10,P10,string,AMM 165-592-64,,ready,cdli_json,
360561,NEEDS_QID,"AKT 2, 18",tablet,finding_spot,P224,P695,wikibase-item,Q390036,Kanesh (mod. Kültepe),ready,provenience_lookup,
117291,NEEDS_QID,"MVN 13, 518",tablet,cdli_id,P223,P692,external-id,P117291,,ready,cdli_json,
117291,NEEDS_QID,"MVN 13, 518",tablet,instance_of,P2,P2,wikibase-item,Q512006,Clay tablet,ready,CDLI_Object,
117291,NEEDS_QID,"MVN 13, 518",tablet,period,P245,P853,wikibase-item,Q512148,Ur III Period,ready,CDLI_Period,
117291,NEEDS_QID,"MVN 13, 518",tablet,language,P18,P18,wikibase-item,Q471149,Sumerian,ready,CDLI_Lang,
117291,NEEDS_QID,"MVN 13, 518",tablet,type_of_work,P126,P121,wikibase-item,Q394396,Administrative,ready,CDLI_Genre,
117291,NEEDS_QID,"MVN 13, 518",tablet,material,P391,P401,wikibase-item,Q471153,Clay,ready,CDLI_Material,
117291,NEEDS_QID,"MVN 13, 518",tablet,present_holding,P203,P329,wikibase-item,Q511893,Free Library of Philadelphia Collection,ready,museum_FG,
117291,NEEDS_QID,"MVN 13, 518",tablet,inventory_number,P10,P10,string,FLP 0569,,ready,cdli_json,
117291,NEEDS_QID,"MVN 13, 518",tablet,finding_spot,P224,P695,wikibase-item,Q389903,Puzriš-Dagan (mod. Drehem),ready,provenience_lookup,
218131,NEEDS_QID,"RIME 4.04.01.03, ex. add192",tablet,cdli_id,P223,P692,external-id,P218131,,ready,cdli_json,
218131,NEEDS_QID,"RIME 4.04.01.03, ex. add192",tablet,instance_of,P2,P2,wikibase-item,Q512006,Clay tablet,ready,CDLI_Object,
218131,NEEDS_QID,"RIME 4.04.01.03, ex. add192",tablet,period,P245,P853,wikibase-item,Q512150,Early Old Babylonian Period,ready,CDLI_Period,
218131,NEEDS_QID,"RIME 4.04.01.03, ex. add192",tablet,language,P18,P18,wikibase-item,Q471149,Sumerian,ready,CDLI_Lang,
218131,NEEDS_QID,"RIME 4.04.01.03, ex. add192",tablet,type_of_work,P126,P121,wikibase-item,Q537039,Official or display,ready,CDLI_Genre|factgrid_upload_table,
218131,NEEDS_QID,"RIME 4.04.01.03, ex. add192",tablet,material,P391,P401,wikibase-item,Q471153,Clay,ready,CDLI_Material,
218131,NEEDS_QID,"RIME 4.04.01.03, ex. add192",tablet,inventory_number,P10,P10,string,OPCM 573,,ready,cdli_json,
218131,NEEDS_QID,"RIME 4.04.01.03, ex. add192",tablet,finding_spot,P224,P695,wikibase-item,Q390030,Uruk (mod. Warka),ready,provenience_lookup,
228587,NEEDS_QID,"AfO 29/30, 031, UM 29-13-674",tablet,cdli_id,P223,P692,external-id,P228587,,ready,cdli_json,
228587,NEEDS_QID,"AfO 29/30, 031, UM 29-13-674",tablet,instance_of,P2,P2,wikibase-item,Q512006,Clay tablet,ready,CDLI_Object,
228587,NEEDS_QID,"AfO 29/30, 031, UM 29-13-674",tablet,period,P245,P853,wikibase-item,Q512152,Old Babylonian Period,ready,CDLI_Period,
228587,NEEDS_QID,"AfO 29/30, 031, UM 29-13-674",tablet,type_of_work,P126,P121,wikibase-item,Q537054,Lexical,ready,CDLI_Genre,
228587,NEEDS_QID,"AfO 29/30, 031, UM 29-13-674",tablet,material,P391,P401,wikibase-item,Q471153,Clay,ready,CDLI_Material,
228587,NEEDS_QID,"AfO 29/30, 031, UM 29-13-674",tablet,present_holding,P203,P329,wikibase-item,Q511892,"Penn Museum, Philadelphia, Pennsylvania, USA",ready,museum_FG|factgrid_upload_table,
228587,NEEDS_QID,"AfO 29/30, 031, UM 29-13-674",tablet,inventory_number,P10,P10,string,UM 29-13-674,,ready,cdli_json,
228587,NEEDS_QID,"AfO 29/30, 031, UM 29-13-674",tablet,finding_spot,P224,P695,wikibase-item,Q390017,Nippur (mod. Nuffar),ready,provenience_lookup,
381827,NEEDS_QID,"MSL 07, 063",tablet,cdli_id,P223,P692,external-id,P381827,,ready,cdli_json,
381827,NEEDS_QID,"MSL 07, 063",tablet,instance_of,P2,P2,wikibase-item,Q512006,Clay tablet,ready,CDLI_Object,
381827,NEEDS_QID,"MSL 07, 063",tablet,period,P245,P853,wikibase-item,Q512158,Neo-Assyrian Period,ready,CDLI_Period,
381827,NEEDS_QID,"MSL 07, 063",tablet,language,P18,P18,wikibase-item,Q471146,Akkadian,ready,CDLI_Lang,
381827,NEEDS_QID,"MSL 07, 063",tablet,type_of_work,P126,P121,wikibase-item,Q537054,Lexical,ready,CDLI_Genre,
381827,NEEDS_QID,"MSL 07, 063",tablet,material,P391,P401,wikibase-item,Q471153,Clay,ready,CDLI_Material,
381827,NEEDS_QID,"MSL 07, 063",tablet,present_holding,P203,P329,wikibase-item,Q510658,Vorderasiatisches Museum,ready,museum_FG,
381827,NEEDS_QID,"MSL 07, 063",tablet,inventory_number,P10,P10,string,VAT 11907,,ready,cdli_json,
381827,NEEDS_QID,"MSL 07, 063",tablet,finding_spot,P224,P695,wikibase-item,Q390001,Assur,ready,provenience_lookup,
357612,NEEDS_QID,"TCL 19, 046",tablet,cdli_id,P223,P692,external-id,P357612,,ready,cdli_json,
357612,NEEDS_QID,"TCL 19, 046",tablet,instance_of,P2,P2,wikibase-item,Q512006,Clay tablet,ready,CDLI_Object,
357612,NEEDS_QID,"TCL 19, 046",tablet,period,P245,P853,wikibase-item,Q512151,Old Assyrian Period,ready,CDLI_Period,
357612,NEEDS_QID,"TCL 19, 046",tablet,language,P18,P18,wikibase-item,Q471146,Akkadian,ready,CDLI_Lang,
357612,NEEDS_QID,"TCL 19, 046",tablet,type_of_work,P126,P121,wikibase-item,Q10510,Letter,ready,CDLI_Genre,
357612,NEEDS_QID,"TCL 19, 046",tablet,material,P391,P401,wikibase-item,Q471153,Clay,ready,CDLI_Material,
357612,NEEDS_QID,"TCL 19, 046",tablet,present_holding,P203,P329,wikibase-item,Q511925,Louvre Collection,ready,museum_FG,
357612,NEEDS_QID,"TCL 19, 046",tablet,inventory_number,P10,P10,string,AO 09291,,ready,cdli_json,
357612,NEEDS_QID,"TCL 19, 046",tablet,finding_spot,P224,P695,wikibase-item,Q390036,Kanesh (mod. Kültepe),ready,provenience_lookup,
515092,NEEDS_QID,"CUSAS 40, 0308",tablet,cdli_id,P223,P692,external-id,P515092,,ready,cdli_json,
515092,NEEDS_QID,"CUSAS 40, 0308",tablet,instance_of,P2,P2,wikibase-item,Q512006,Clay tablet,ready,CDLI_Object,
515092,NEEDS_QID,"CUSAS 40, 0308",tablet,period,P245,P853,wikibase-item,Q512148,Ur III Period,ready,CDLI_Period,
515092,NEEDS_QID,"CUSAS 40, 0308",tablet,language,P18,P18,wikibase-item,Q471149,Sumerian,ready,CDLI_Lang,
515092,NEEDS_QID,"CUSAS 40, 0308",tablet,type_of_work,P126,P121,wikibase-item,Q394396,Administrative,ready,CDLI_Genre,
515092,NEEDS_QID,"CUSAS 40, 0308",tablet,material,P391,P401,wikibase-item,Q471153,Clay,ready,CDLI_Material,
515092,NEEDS_QID,"CUSAS 40, 0308",tablet,inventory_number,P10,P10,string,IM —,,ready,cdli_json,
515092,NEEDS_QID,"CUSAS 40, 0308",tablet,finding_spot,P224,P695,wikibase-item,Q390161,Irisagrig,ready,provenience_lookup,
127627,NEEDS_QID,"RA 012, 020 10",tablet,cdli_id,P223,P692,external-id,P127627,,ready,cdli_json,
127627,NEEDS_QID,"RA 012, 020 10",tablet,instance_of,P2,P2,wikibase-item,Q512006,Clay tablet,ready,CDLI_Object,
127627,NEEDS_QID,"RA 012, 020 10",tablet,period,P245,P853,wikibase-item,Q512148,Ur III Period,ready,CDLI_Period,
127627,NEEDS_QID,"RA 012, 020 10",tablet,language,P18,P18,wikibase-item,Q471149,Sumerian,ready,CDLI_Lang,
127627,NEEDS_QID,"RA 012, 020 10",tablet,type_of_work,P126,P121,wikibase-item,Q394396,Administrative,ready,CDLI_Genre,
127627,NEEDS_QID,"RA 012, 020 10",tablet,material,P391,P401,wikibase-item,Q471153,Clay,ready,CDLI_Material,
127627,NEEDS_QID,"RA 012, 020 10",tablet,inventory_number,P10,P10,string,ICP 0458,,ready,cdli_json,
127627,NEEDS_QID,"RA 012, 020 10",tablet,finding_spot,P224,P695,wikibase-item,Q389903,Puzriš-Dagan (mod. Drehem),ready,provenience_lookup,
252772,NEEDS_QID,"CUSAS 35, 193",tablet,cdli_id,P223,P692,external-id,P252772,,ready,cdli_json,
252772,NEEDS_QID,"CUSAS 35, 193",tablet,instance_of,P2,P2,wikibase-item,Q512006,Clay tablet,ready,CDLI_Object,
252772,NEEDS_QID,"CUSAS 35, 193",tablet,period,P245,P853,wikibase-item,Q512142,ED IIIb,ready,CDLI_Period,
252772,NEEDS_QID,"CUSAS 35, 193",tablet,language,P18,P18,wikibase-item,Q471149,Sumerian,ready,CDLI_Lang,
252772,NEEDS_QID,"CUSAS 35, 193",tablet,type_of_work,P126,P121,wikibase-item,Q394396,Administrative,ready,CDLI_Genre,
252772,NEEDS_QID,"CUSAS 35, 193",tablet,material,P391,P401,wikibase-item,Q471153,Clay,ready,CDLI_Material,
252772,NEEDS_QID,"CUSAS 35, 193",tablet,inventory_number,P10,P10,string,MS 3790/49,,ready,cdli_json,
252772,NEEDS_QID,"CUSAS 35, 193",tablet,finding_spot,P224,P695,wikibase-item,Q389603,Adab (mod. Bismaya),ready,provenience_lookup,
531037,NEEDS_QID,Rental 032,tablet,cdli_id,P223,P692,external-id,P531037,,ready,cdli_json,
531037,NEEDS_QID,Rental 032,tablet,instance_of,P2,P2,wikibase-item,Q512006,Clay tablet,ready,CDLI_Object,
531037,NEEDS_QID,Rental 032,tablet,period,P245,P853,wikibase-item,Q512161,Neo-Babylonian Period,ready,CDLI_Period,
531037,NEEDS_QID,Rental 032,tablet,language,P18,P18,wikibase-item,Q471146,Akkadian,ready,CDLI_Lang,
531037,NEEDS_QID,Rental 032,tablet,type_of_work,P126,P121,wikibase-item,Q394396,Administrative,ready,CDLI_Genre,
531037,NEEDS_QID,Rental 032,tablet,material,P391,P401,wikibase-item,Q471153,Clay,ready,CDLI_Material,
531037,NEEDS_QID,Rental 032,tablet,present_holding,P203,P329,wikibase-item,Q102010,British Museum Collection,ready,museum_FG,
531037,NEEDS_QID,Rental 032,tablet,inventory_number,P10,P10,string,BM 071910,,ready,cdli_json,
531037,NEEDS_QID,Rental 032,tablet,finding_spot,P224,P695,wikibase-item,Q389840,Sippar-Yahrurum (mod. Tell Abu Habbah),ready,provenience_lookup,
227672,NEEDS_QID,"OIP 011, 004",tablet,cdli_id,P223,P692,external-id,P227672,,ready,cdli_json,
227672,NEEDS_QID,"OIP 011, 004",tablet,instance_of,P2,P2,wikibase-item,Q512006,Clay tablet,ready,CDLI_Object,
227672,NEEDS_QID,"OIP 011, 004",tablet,language,P18,P18,wikibase-item,Q471149,Akkadian,ready,CDLI_Lang,
227672,NEEDS_QID,"OIP 011, 004",tablet,language,P18,P18,wikibase-item,Q471149,Sumerian,ready,CDLI_Lang,
227672,NEEDS_QID,"OIP 011, 004",tablet,type_of_work,P126,P121,wikibase-item,Q537054,Lexical,ready,CDLI_Genre,
227672,NEEDS_QID,"OIP 011, 004",tablet,material,P391,P401,wikibase-item,Q471153,Clay,ready,CDLI_Material,
227672,NEEDS_QID,"OIP 011, 004",tablet,present_holding,P203,P329,wikibase-item,Q511892,"Penn Museum, Philadelphia, Pennsylvania, USA",ready,museum_FG|factgrid_upload_table,
227672,NEEDS_QID,"OIP 011, 004",tablet,inventory_number,P10,P10,string,CBS 11390 + CBS 19818,,ready,cdli_json,
227672,NEEDS_QID,"OIP 011, 004",tablet,finding_spot,P224,P695,wikibase-item,Q390017,Nippur (mod. Nuffar),ready,provenience_lookup,
104147,NEEDS_QID,"AUCT 2, 329",tablet,cdli_id,P223,P692,external-id,P104147,,ready,cdli_json,
104147,NEEDS_QID,"AUCT 2, 329",tablet,instance_of,P2,P2,wikibase-item,Q512006,Clay tablet,ready,CDLI_Object,
104147,NEEDS_QID,"AUCT 2, 329",tablet,period,P245,P853,wikibase-item,Q512148,Ur III Period,ready,CDLI_Period,
104147,NEEDS_QID,"AUCT 2, 329",tablet,language,P18,P18,wikibase-item,Q471149,Sumerian,ready,CDLI_Lang,
104147,NEEDS_QID,"AUCT 2, 329",tablet,type_of_work,P126,P121,wikibase-item,Q394396,Administrative,ready,CDLI_Genre,
104147,NEEDS_QID,"AUCT 2, 329",tablet,material,P391,P401,wikibase-item,Q471153,Clay,ready,CDLI_Material,
104147,NEEDS_QID,"AUCT 2, 329",tablet,inventory_number,P10,P10,string,AUAM 73.1262,,ready,cdli_json,
104147,NEEDS_QID,"AUCT 2, 329",tablet,finding_spot,P224,P695,wikibase-item,Q389903,Puzriš-Dagan (mod. Drehem),ready,provenience_lookup,
103682,NEEDS_QID,"AUCT 1, 837",tablet,cdli_id,P223,P692,external-id,P103682,,ready,cdli_json,
103682,NEEDS_QID,"AUCT 1, 837",tablet,instance_of,P2,P2,wikibase-item,Q512006,Clay tablet,ready,CDLI_Object,
103682,NEEDS_QID,"AUCT 1, 837",tablet,period,P245,P853,wikibase-item,Q512148,Ur III Period,ready,CDLI_Period,
103682,NEEDS_QID,"AUCT 1, 837",tablet,language,P18,P18,wikibase-item,Q471149,Sumerian,ready,CDLI_Lang,
103682,NEEDS_QID,"AUCT 1, 837",tablet,type_of_work,P126,P121,wikibase-item,Q394396,Administrative,ready,CDLI_Genre,
103682,NEEDS_QID,"AUCT 1, 837",tablet,material,P391,P401,wikibase-item,Q471153,Clay,ready,CDLI_Material,
103682,NEEDS_QID,"AUCT 1, 837",tablet,inventory_number,P10,P10,string,AUAM 73.1774,,ready,cdli_json,
103682,NEEDS_QID,"AUCT 1, 837",tablet,finding_spot,P224,P695,wikibase-item,Q389903,Puzriš-Dagan (mod. Drehem),ready,provenience_lookup,
322712,NEEDS_QID,"CUSAS 11, 309",tablet,cdli_id,P223,P692,external-id,P322712,,ready,cdli_json,
322712,NEEDS_QID,"CUSAS 11, 309",tablet,instance_of,P2,P2,wikibase-item,Q512006,Clay tablet,ready,CDLI_Object,
322712,NEEDS_QID,"CUSAS 11, 309",tablet,period,P245,P853,wikibase-item,Q512144,Old Akkadian Period,ready,CDLI_Period,
322712,NEEDS_QID,"CUSAS 11, 309",tablet,language,P18,P18,wikibase-item,Q471149,Sumerian,ready,CDLI_Lang,
322712,NEEDS_QID,"CUSAS 11, 309",tablet,type_of_work,P126,P121,wikibase-item,Q394396,Administrative,ready,CDLI_Genre,
322712,NEEDS_QID,"CUSAS 11, 309",tablet,material,P391,P401,wikibase-item,Q471153,Clay,ready,CDLI_Material,
322712,NEEDS_QID,"CUSAS 11, 309",tablet,inventory_number,P10,P10,string,CUNES 48-06-244,,ready,cdli_json,
322712,NEEDS_QID,"CUSAS 11, 309",tablet,finding_spot,P224,P695,wikibase-item,Q389603,Adab (mod. Bismaya),ready,provenience_lookup,
310399,NEEDS_QID,CanLament 647-649,tablet,cdli_id,P223,P692,external-id,P310399,,ready,cdli_json,
310399,NEEDS_QID,CanLament 647-649,tablet,instance_of,P2,P2,wikibase-item,Q512006,Clay tablet,ready,CDLI_Object,
310399,NEEDS_QID,CanLament 647-649,tablet,period,P245,P853,wikibase-item,Q512152,Old Babylonian Period,ready,CDLI_Period,
310399,NEEDS_QID,CanLament 647-649,tablet,language,P18,P18,wikibase-item,Q471149,Sumerian,ready,CDLI_Lang,
310399,NEEDS_QID,CanLament 647-649,tablet,type_of_work,P126,P121,wikibase-item,Q245823,Literary,ready,CDLI_Genre,
310399,NEEDS_QID,CanLament 647-649,tablet,material,P391,P401,wikibase-item,Q471153,Clay,ready,CDLI_Material,
310399,NEEDS_QID,CanLament 647-649,tablet,present_holding,P203,P329,wikibase-item,Q511899,Yale Babylonian Collection,ready,museum_FG,
310399,NEEDS_QID,CanLament 647-649,tablet,inventory_number,P10,P10,string,YBC 09862,,ready,cdli_json,
131209,NEEDS_QID,"SAT 1, 100",tablet,cdli_id,P223,P692,external-id,P131209,,ready,cdli_json,
131209,NEEDS_QID,"SAT 1, 100",tablet,instance_of,P2,P2,wikibase-item,Q512006,Clay tablet,ready,CDLI_Object,
131209,NEEDS_QID,"SAT 1, 100",tablet,period,P245,P853,wikibase-item,Q512148,Ur III Period,ready,CDLI_Period,
131209,NEEDS_QID,"SAT 1, 100",tablet,language,P18,P18,wikibase-item,Q471149,Sumerian,ready,CDLI_Lang,
131209,NEEDS_QID,"SAT 1, 100",tablet,type_of_work,P126,P121,wikibase-item,Q394396,Administrative,ready,CDLI_Genre,
131209,NEEDS_QID,"SAT 1, 100",tablet,material,P391,P401,wikibase-item,Q471153,Clay,ready,CDLI_Material,
131209,NEEDS_QID,"SAT 1, 100",tablet,present_holding,P203,P329,wikibase-item,Q102010,British Museum Collection,ready,museum_FG,
131209,NEEDS_QID,"SAT 1, 100",tablet,inventory_number,P10,P10,string,BM 020376,,ready,cdli_json,
131209,NEEDS_QID,"SAT 1, 100",tablet,finding_spot,P224,P695,wikibase-item,Q389832,Girsu (mod. Tello),ready,provenience_lookup,
388305,NEEDS_QID,CDLJ 2014/2,tablet,cdli_id,P223,P692,external-id,P388305,,ready,cdli_json,
388305,NEEDS_QID,CDLJ 2014/2,tablet,instance_of,P2,P2,wikibase-item,Q512006,Clay tablet,ready,CDLI_Object,
388305,NEEDS_QID,CDLJ 2014/2,tablet,period,P245,P853,wikibase-item,Q512152,Old Babylonian Period,ready,CDLI_Period,
388305,NEEDS_QID,CDLJ 2014/2,tablet,type_of_work,P126,P121,wikibase-item,Q246098,Business / Contracts,ready,CDLI_Genre|factgrid_upload_table,
388305,NEEDS_QID,CDLJ 2014/2,tablet,material,P391,P401,wikibase-item,Q471153,Clay,ready,CDLI_Material,
388305,NEEDS_QID,CDLJ 2014/2,tablet,inventory_number,P10,P10,string,"SC 3, 024a",,ready,cdli_json,
504379,NEEDS_QID,Contratti Ojeil 45,tablet,cdli_id,P223,P692,external-id,P504379,,ready,cdli_json,
504379,NEEDS_QID,Contratti Ojeil 45,tablet,instance_of,P2,P2,wikibase-item,Q512006,Clay tablet,ready,CDLI_Object,
504379,NEEDS_QID,Contratti Ojeil 45,tablet,period,P245,P853,wikibase-item,Q512152,Old Babylonian Period,ready,CDLI_Period,
504379,NEEDS_QID,Contratti Ojeil 45,tablet,language,P18,P18,wikibase-item,Q471149,Sumerian,ready,CDLI_Lang,
504379,NEEDS_QID,Contratti Ojeil 45,tablet,type_of_work,P126,P121,wikibase-item,Q388465,Legal,ready,CDLI_Genre,
504379,NEEDS_QID,Contratti Ojeil 45,tablet,material,P391,P401,wikibase-item,Q471153,Clay,ready,CDLI_Material,
504379,NEEDS_QID,Contratti Ojeil 45,tablet,inventory_number,P10,P10,string,Ojeil 45,,ready,cdli_json,
504379,NEEDS_QID,Contratti Ojeil 45,tablet,finding_spot,P224,P695,wikibase-item,Q389800,Isin (mod. Bahriyat),ready,provenience_lookup,
343201,NEEDS_QID,"CDLI Literary 000559, ex. 003",tablet,cdli_id,P223,P692,external-id,P343201,,ready,cdli_json,
343201,NEEDS_QID,"CDLI Literary 000559, ex. 003",tablet,instance_of,P2,P2,wikibase-item,Q512006,Clay tablet,ready,CDLI_Object,
343201,NEEDS_QID,"CDLI Literary 000559, ex. 003",tablet,period,P245,P853,wikibase-item,Q512152,Old Babylonian Period,ready,CDLI_Period,
343201,NEEDS_QID,"CDLI Literary 000559, ex. 003",tablet,language,P18,P18,wikibase-item,Q471149,Sumerian,ready,CDLI_Lang,
343201,NEEDS_QID,"CDLI Literary 000559, ex. 003",tablet,type_of_work,P126,P121,wikibase-item,Q245823,Literary letter and letter-prayer,ready,CDLI_Genre|factgrid_upload_table,
343201,NEEDS_QID,"CDLI Literary 000559, ex. 003",tablet,material,P391,P401,wikibase-item,Q471153,Clay,ready,CDLI_Material,
343201,NEEDS_QID,"CDLI Literary 000559, ex. 003",tablet,present_holding,P203,P329,wikibase-item,Q511898,Istanbul Archaeology Museum,ready,museum_FG,
343201,NEEDS_QID,"CDLI Literary 000559, ex. 003",tablet,inventory_number,P10,P10,string,Ist Ni 04165,,ready,cdli_json,
343201,NEEDS_QID,"CDLI Literary 000559, ex. 003",tablet,finding_spot,P224,P695,wikibase-item,Q390017,Nippur (mod. Nuffar),ready,provenience_lookup,
323800,NEEDS_QID,"CUSAS 03, 1262",tablet,cdli_id,P223,P692,external-id,P323800,,ready,cdli_json,
323800,NEEDS_QID,"CUSAS 03, 1262",tablet,instance_of,P2,P2,wikibase-item,Q512006,Clay tablet,ready,CDLI_Object,
323800,NEEDS_QID,"CUSAS 03, 1262",tablet,period,P245,P853,wikibase-item,Q512148,Ur III Period,ready,CDLI_Period,
323800,NEEDS_QID,"CUSAS 03, 1262",tablet,language,P18,P18,wikibase-item,Q471149,Sumerian,ready,CDLI_Lang,
323800,NEEDS_QID,"CUSAS 03, 1262",tablet,type_of_work,P126,P121,wikibase-item,Q394396,Administrative,ready,CDLI_Genre,
323800,NEEDS_QID,"CUSAS 03, 1262",tablet,material,P391,P401,wikibase-item,Q471153,Clay,ready,CDLI_Material,
323800,NEEDS_QID,"CUSAS 03, 1262",tablet,inventory_number,P10,P10,string,CUNES 49-12-045,,ready,cdli_json,
323800,NEEDS_QID,"CUSAS 03, 1262",tablet,finding_spot,P224,P695,wikibase-item,Q389888,Garšana (mod. uncertain),ready,provenience_lookup,
102990,NEEDS_QID,"AUCT 1, 144",tablet,cdli_id,P223,P692,external-id,P102990,,ready,cdli_json,
102990,NEEDS_QID,"AUCT 1, 144",tablet,instance_of,P2,P2,wikibase-item,Q512006,Clay tablet,ready,CDLI_Object,
102990,NEEDS_QID,"AUCT 1, 144",tablet,period,P245,P853,wikibase-item,Q512148,Ur III Period,ready,CDLI_Period,
102990,NEEDS_QID,"AUCT 1, 144",tablet,language,P18,P18,wikibase-item,Q471149,Sumerian,ready,CDLI_Lang,
102990,NEEDS_QID,"AUCT 1, 144",tablet,type_of_work,P126,P121,wikibase-item,Q394396,Administrative,ready,CDLI_Genre,
102990,NEEDS_QID,"AUCT 1, 144",tablet,material,P391,P401,wikibase-item,Q471153,Clay,ready,CDLI_Material,
102990,NEEDS_QID,"AUCT 1, 144",tablet,inventory_number,P10,P10,string,AUAM 73.0790,,ready,cdli_json,
102990,NEEDS_QID,"AUCT 1, 144",tablet,finding_spot,P224,P695,wikibase-item,Q389833,Umma (mod. Tell Jokha),ready,provenience_lookup,
499285,NEEDS_QID,"CTPSM 1, 010",tablet,cdli_id,P223,P692,external-id,P499285,,ready,cdli_json,
499285,NEEDS_QID,"CTPSM 1, 010",tablet,instance_of,P2,P2,wikibase-item,Q512006,Clay tablet,ready,CDLI_Object,
499285,NEEDS_QID,"CTPSM 1, 010",tablet,period,P245,P853,wikibase-item,Q512148,Ur III Period,ready,CDLI_Period,
499285,NEEDS_QID,"CTPSM 1, 010",tablet,language,P18,P18,wikibase-item,Q471149,Sumerian,ready,CDLI_Lang,
499285,NEEDS_QID,"CTPSM 1, 010",tablet,type_of_work,P126,P121,wikibase-item,Q394396,Administrative,ready,CDLI_Genre,
499285,NEEDS_QID,"CTPSM 1, 010",tablet,material,P391,P401,wikibase-item,Q471153,Clay,ready,CDLI_Material,
499285,NEEDS_QID,"CTPSM 1, 010",tablet,inventory_number,P10,P10,string,GMII 1689,,ready,cdli_json,
499285,NEEDS_QID,"CTPSM 1, 010",tablet,finding_spot,P224,P695,wikibase-item,Q389832,Girsu (mod. Tello),ready,provenience_lookup,
118164,NEEDS_QID,"MVN 14, 0484",tablet,cdli_id,P223,P692,external-id,P118164,,ready,cdli_json,
118164,NEEDS_QID,"MVN 14, 0484",tablet,instance_of,P2,P2,wikibase-item,Q512006,Clay tablet,ready,CDLI_Object,
118164,NEEDS_QID,"MVN 14, 0484",tablet,period,P245,P853,wikibase-item,Q512148,Ur III Period,ready,CDLI_Period,
118164,NEEDS_QID,"MVN 14, 0484",tablet,language,P18,P18,wikibase-item,Q471149,Sumerian,ready,CDLI_Lang,
118164,NEEDS_QID,"MVN 14, 0484",tablet,type_of_work,P126,P121,wikibase-item,Q394396,Administrative,ready,CDLI_Genre,
118164,NEEDS_QID,"MVN 14, 0484",tablet,material,P391,P401,wikibase-item,Q471153,Clay,ready,CDLI_Material,
118164,NEEDS_QID,"MVN 14, 0484",tablet,present_holding,P203,P329,wikibase-item,Q511898,Istanbul Archaeology Museum,ready,museum_FG,
118164,NEEDS_QID,"MVN 14, 0484",tablet,inventory_number,P10,P10,string,Ist Um 0484,,ready,cdli_json,
118164,NEEDS_QID,"MVN 14, 0484",tablet,finding_spot,P224,P695,wikibase-item,Q389833,Umma (mod. Tell Jokha),ready,provenience_lookup,
215703,NEEDS_QID,"MVN 03, 049",tablet,cdli_id,P223,P692,external-id,P215703,,ready,cdli_json,
215703,NEEDS_QID,"MVN 03, 049",tablet,instance_of,P2,P2,wikibase-item,Q512006,Clay tablet,ready,CDLI_Object,
215703,NEEDS_QID,"MVN 03, 049",tablet,period,P245,P853,wikibase-item,Q512144,Old Akkadian Period,ready,CDLI_Period,
215703,NEEDS_QID,"MVN 03, 049",tablet,type_of_work,P126,P121,wikibase-item,Q394396,Administrative,ready,CDLI_Genre,
215703,NEEDS_QID,"MVN 03, 049",tablet,material,P391,P401,wikibase-item,Q471153,Clay,ready,CDLI_Material,
215703,NEEDS_QID,"MVN 03, 049",tablet,present_holding,P203,P329,wikibase-item,Q511893,Free Library of Philadelphia Collection,ready,museum_FG,
215703,NEEDS_QID,"MVN 03, 049",tablet,inventory_number,P10,P10,string,FLP 0050,,ready,cdli_json,
268233,NEEDS_QID,CBS 13150,tablet,cdli_id,P223,P692,external-id,P268233,,ready,cdli_json,
268233,NEEDS_QID,CBS 13150,tablet,instance_of,P2,P2,wikibase-item,Q512006,Clay tablet,ready,CDLI_Object,
268233,NEEDS_QID,CBS 13150,tablet,period,P245,P853,wikibase-item,Q512161,Neo-Babylonian Period,ready,CDLI_Period,
268233,NEEDS_QID,CBS 13150,tablet,language,P18,P18,wikibase-item,Q471149,Akkadian,ready,CDLI_Lang,
268233,NEEDS_QID,CBS 13150,tablet,language,P18,P18,wikibase-item,Q471149,Sumerian,ready,CDLI_Lang,
268233,NEEDS_QID,CBS 13150,tablet,type_of_work,P126,P121,wikibase-item,Q245823,Literary,ready,CDLI_Genre,
268233,NEEDS_QID,CBS 13150,tablet,material,P391,P401,wikibase-item,Q471153,Clay,ready,CDLI_Material,
268233,NEEDS_QID,CBS 13150,tablet,present_holding,P203,P329,wikibase-item,Q511892,"Penn Museum, Philadelphia, Pennsylvania, USA",ready,museum_FG|factgrid_upload_table,
268233,NEEDS_QID,CBS 13150,tablet,inventory_number,P10,P10,string,CBS 13150,,ready,cdli_json,
268233,NEEDS_QID,CBS 13150,tablet,finding_spot,P224,P695,wikibase-item,Q390017,Nippur (mod. Nuffar),ready,provenience_lookup,
503146,NEEDS_QID,"SANTAG 09, 185",tablet,cdli_id,P223,P692,external-id,P503146,,ready,cdli_json,
503146,NEEDS_QID,"SANTAG 09, 185",tablet,instance_of,P2,P2,wikibase-item,Q512006,Clay tablet,ready,CDLI_Object,
503146,NEEDS_QID,"SANTAG 09, 185",tablet,period,P245,P853,wikibase-item,Q512150,Early Old Babylonian Period,ready,CDLI_Period,
503146,NEEDS_QID,"SANTAG 09, 185",tablet,language,P18,P18,wikibase-item,Q471149,Sumerian,ready,CDLI_Lang,
503146,NEEDS_QID,"SANTAG 09, 185",tablet,type_of_work,P126,P121,wikibase-item,Q388465,Business / Contracts,ready,CDLI_Genre|factgrid_upload_table,
503146,NEEDS_QID,"SANTAG 09, 185",tablet,material,P391,P401,wikibase-item,Q471153,Clay,ready,CDLI_Material,
503146,NEEDS_QID,"SANTAG 09, 185",tablet,present_holding,P203,P329,wikibase-item,Q102010,British Museum Collection,ready,museum_FG,
503146,NEEDS_QID,"SANTAG 09, 185",tablet,inventory_number,P10,P10,string,BM 029299,,ready,cdli_json,
503146,NEEDS_QID,"SANTAG 09, 185",tablet,finding_spot,P224,P695,wikibase-item,Q389796,Kisurra (mod. Abu Hatab),ready,provenience_lookup,
136036,NEEDS_QID,"UCP 09-02-2, 032",tablet,cdli_id,P223,P692,external-id,P136036,,ready,cdli_json,
136036,NEEDS_QID,"UCP 09-02-2, 032",tablet,instance_of,P2,P2,wikibase-item,Q512006,Clay tablet,ready,CDLI_Object,
136036,NEEDS_QID,"UCP 09-02-2, 032",tablet,period,P245,P853,wikibase-item,Q512148,Ur III Period,ready,CDLI_Period,
136036,NEEDS_QID,"UCP 09-02-2, 032",tablet,language,P18,P18,wikibase-item,Q471149,Sumerian,ready,CDLI_Lang,
136036,NEEDS_QID,"UCP 09-02-2, 032",tablet,type_of_work,P126,P121,wikibase-item,Q394396,Administrative,ready,CDLI_Genre,
136036,NEEDS_QID,"UCP 09-02-2, 032",tablet,material,P391,P401,wikibase-item,Q471153,Clay,ready,CDLI_Material,
136036,NEEDS_QID,"UCP 09-02-2, 032",tablet,present_holding,P203,P329,wikibase-item,Q511888,Hearst Museum,ready,museum_FG,
136036,NEEDS_QID,"UCP 09-02-2, 032",tablet,inventory_number,P10,P10,string,HMA 9-02786,,ready,cdli_json,
136036,NEEDS_QID,"UCP 09-02-2, 032",tablet,finding_spot,P224,P695,wikibase-item,Q389833,Umma (mod. Tell Jokha),ready,provenience_lookup,
128028,NEEDS_QID,"RA 075, 087 08",tablet,cdli_id,P223,P692,external-id,P128028,,ready,cdli_json,
128028,NEEDS_QID,"RA 075, 087 08",tablet,instance_of,P2,P2,wikibase-item,Q512006,Clay tablet,ready,CDLI_Object,
128028,NEEDS_QID,"RA 075, 087 08",tablet,period,P245,P853,wikibase-item,Q512148,Ur III Period,ready,CDLI_Period,
128028,NEEDS_QID,"RA 075, 087 08",tablet,language,P18,P18,wikibase-item,Q471149,Sumerian,ready,CDLI_Lang,
128028,NEEDS_QID,"RA 075, 087 08",tablet,type_of_work,P126,P121,wikibase-item,Q394396,Administrative,ready,CDLI_Genre,
128028,NEEDS_QID,"RA 075, 087 08",tablet,material,P391,P401,wikibase-item,Q471153,Clay,ready,CDLI_Material,
128028,NEEDS_QID,"RA 075, 087 08",tablet,inventory_number,P10,P10,string,CFC 102,,ready,cdli_json,
128028,NEEDS_QID,"RA 075, 087 08",tablet,finding_spot,P224,P695,wikibase-item,Q389903,Puzriš-Dagan (mod. Drehem),ready,provenience_lookup,
453969,NEEDS_QID,"Nisaba 15, 0629",tablet,cdli_id,P223,P692,external-id,P453969,,ready,cdli_json,
453969,NEEDS_QID,"Nisaba 15, 0629",tablet,instance_of,P2,P2,wikibase-item,Q512006,Clay tablet,ready,CDLI_Object,
453969,NEEDS_QID,"Nisaba 15, 0629",tablet,period,P245,P853,wikibase-item,Q512148,Ur III Period,ready,CDLI_Period,
453969,NEEDS_QID,"Nisaba 15, 0629",tablet,language,P18,P18,wikibase-item,Q471149,Sumerian,ready,CDLI_Lang,
453969,NEEDS_QID,"Nisaba 15, 0629",tablet,type_of_work,P126,P121,wikibase-item,Q394396,Administrative,ready,CDLI_Genre,
453969,NEEDS_QID,"Nisaba 15, 0629",tablet,material,P391,P401,wikibase-item,Q471153,Clay,ready,CDLI_Material,
453969,NEEDS_QID,"Nisaba 15, 0629",tablet,inventory_number,P10,P10,string,Adra 182,,ready,cdli_json,
453969,NEEDS_QID,"Nisaba 15, 0629",tablet,finding_spot,P224,P695,wikibase-item,Q390161,Irisagrig,ready,provenience_lookup,
103378,NEEDS_QID,"AUCT 1, 533",tablet,cdli_id,P223,P692,external-id,P103378,,ready,cdli_json,
103378,NEEDS_QID,"AUCT 1, 533",tablet,instance_of,P2,P2,wikibase-item,Q512006,Clay tablet,ready,CDLI_Object,
103378,NEEDS_QID,"AUCT 1, 533",tablet,period,P245,P853,wikibase-item,Q512148,Ur III Period,ready,CDLI_Period,
103378,NEEDS_QID,"AUCT 1, 533",tablet,language,P18,P18,wikibase-item,Q471149,Sumerian,ready,CDLI_Lang,
103378,NEEDS_QID,"AUCT 1, 533",tablet,type_of_work,P126,P121,wikibase-item,Q394396,Administrative,ready,CDLI_Genre,
103378,NEEDS_QID,"AUCT 1, 533",tablet,material,P391,P401,wikibase-item,Q471153,Clay,ready,CDLI_Material,
103378,NEEDS_QID,"AUCT 1, 533",tablet,inventory_number,P10,P10,string,AUAM 73.1446,,ready,cdli_json,
103378,NEEDS_QID,"AUCT 1, 533",tablet,finding_spot,P224,P695,wikibase-item,Q390017,Nippur (mod. Nuffar),ready,provenience_lookup,
106480,NEEDS_QID,"BIN 05, 046",tablet,cdli_id,P223,P692,external-id,P106480,,ready,cdli_json,
106480,NEEDS_QID,"BIN 05, 046",tablet,instance_of,P2,P2,wikibase-item,Q512006,Clay tablet,ready,CDLI_Object,
106480,NEEDS_QID,"BIN 05, 046",tablet,period,P245,P853,wikibase-item,Q512148,Ur III Period,ready,CDLI_Period,
106480,NEEDS_QID,"BIN 05, 046",tablet,language,P18,P18,wikibase-item,Q471149,Sumerian,ready,CDLI_Lang,
106480,NEEDS_QID,"BIN 05, 046",tablet,type_of_work,P126,P121,wikibase-item,Q394396,Administrative,ready,CDLI_Genre,
106480,NEEDS_QID,"BIN 05, 046",tablet,material,P391,P401,wikibase-item,Q471153,Clay,ready,CDLI_Material,
106480,NEEDS_QID,"BIN 05, 046",tablet,present_holding,P203,P329,wikibase-item,Q511899,"Nies Babylonian Collection, Yale Babylonian Collection",ready,museum_FG,
106480,NEEDS_QID,"BIN 05, 046",tablet,inventory_number,P10,P10,string,NBC 02751,,ready,cdli_json,
106480,NEEDS_QID,"BIN 05, 046",tablet,finding_spot,P224,P695,wikibase-item,Q389833,Umma (mod. Tell Jokha),ready,provenience_lookup,
274210,NEEDS_QID,"CT 58, 15",tablet,cdli_id,P223,P692,external-id,P274210,,ready,cdli_json,
274210,NEEDS_QID,"CT 58, 15",tablet,instance_of,P2,P2,wikibase-item,Q512006,Clay tablet,ready,CDLI_Object,
274210,NEEDS_QID,"CT 58, 15",tablet,period,P245,P853,wikibase-item,Q512152,Old Babylonian Period,ready,CDLI_Period,
274210,NEEDS_QID,"CT 58, 15",tablet,language,P18,P18,wikibase-item,Q471149,Sumerian,ready,CDLI_Lang,
274210,NEEDS_QID,"CT 58, 15",tablet,type_of_work,P126,P121,wikibase-item,Q245823,Literary,ready,CDLI_Genre,
274210,NEEDS_QID,"CT 58, 15",tablet,material,P391,P401,wikibase-item,Q471153,Clay,ready,CDLI_Material,
274210,NEEDS_QID,"CT 58, 15",tablet,present_holding,P203,P329,wikibase-item,Q102010,British Museum Collection,ready,museum_FG,
274210,NEEDS_QID,"CT 58, 15",tablet,inventory_number,P10,P10,string,BM 088406,,ready,cdli_json,
274210,NEEDS_QID,"CT 58, 15",tablet,finding_spot,P224,P695,wikibase-item,Q389840,Sippar-Yahrurum (mod. Tell Abu Habbah),ready,provenience_lookup,
209720,NEEDS_QID,"Ontario 2, 077",tablet,cdli_id,P223,P692,external-id,P209720,,ready,cdli_json,
209720,NEEDS_QID,"Ontario 2, 077",tablet,instance_of,P2,P2,wikibase-item,Q512006,Clay tablet,ready,CDLI_Object,
209720,NEEDS_QID,"Ontario 2, 077",tablet,period,P245,P853,wikibase-item,Q512148,Ur III Period,ready,CDLI_Period,
209720,NEEDS_QID,"Ontario 2, 077",tablet,language,P18,P18,wikibase-item,Q471149,Sumerian,ready,CDLI_Lang,
209720,NEEDS_QID,"Ontario 2, 077",tablet,type_of_work,P126,P121,wikibase-item,Q394396,Administrative,ready,CDLI_Genre,
209720,NEEDS_QID,"Ontario 2, 077",tablet,material,P391,P401,wikibase-item,Q471153,Clay,ready,CDLI_Material,
209720,NEEDS_QID,"Ontario 2, 077",tablet,present_holding,P203,P329,wikibase-item,Q511914,Royal Ontario Museum,ready,museum_FG,
209720,NEEDS_QID,"Ontario 2, 077",tablet,inventory_number,P10,P10,string,ROM 925.062.484,,ready,cdli_json,
209720,NEEDS_QID,"Ontario 2, 077",tablet,finding_spot,P224,P695,wikibase-item,Q389833,Umma (mod. Tell Jokha),ready,provenience_lookup,
467535,NEEDS_QID,"RIMA 2.0.098.001, ex. 03",tablet,cdli_id,P223,P692,external-id,P467535,,ready,cdli_json,
467535,NEEDS_QID,"RIMA 2.0.098.001, ex. 03",tablet,instance_of,P2,P2,wikibase-item,Q512006,Clay tablet,ready,CDLI_Object,
467535,NEEDS_QID,"RIMA 2.0.098.001, ex. 03",tablet,period,P245,P853,wikibase-item,Q512155,Middle Assyrian Period,ready,CDLI_Period,
467535,NEEDS_QID,"RIMA 2.0.098.001, ex. 03",tablet,language,P18,P18,wikibase-item,Q471146,Akkadian,ready,CDLI_Lang,
467535,NEEDS_QID,"RIMA 2.0.098.001, ex. 03",tablet,type_of_work,P126,P121,wikibase-item,Q537039,Official or display,ready,CDLI_Genre|factgrid_upload_table,
467535,NEEDS_QID,"RIMA 2.0.098.001, ex. 03",tablet,material,P391,P401,wikibase-item,Q471153,Clay,ready,CDLI_Material,
467535,NEEDS_QID,"RIMA 2.0.098.001, ex. 03",tablet,present_holding,P203,P329,wikibase-item,Q510658,Vorderasiatisches Museum,ready,museum_FG,
467535,NEEDS_QID,"RIMA 2.0.098.001, ex. 03",tablet,inventory_number,P10,P10,string,VAT 09562,,ready,cdli_json,
467535,NEEDS_QID,"RIMA 2.0.098.001, ex. 03",tablet,finding_spot,P224,P695,wikibase-item,Q390001,Assur,ready,provenience_lookup,
393119,NEEDS_QID,"Nisaba 15, 0580",tablet,cdli_id,P223,P692,external-id,P393119,,ready,cdli_json,
393119,NEEDS_QID,"Nisaba 15, 0580",tablet,instance_of,P2,P2,wikibase-item,Q512006,Clay tablet,ready,CDLI_Object,
393119,NEEDS_QID,"Nisaba 15, 0580",tablet,period,P245,P853,wikibase-item,Q512148,Ur III Period,ready,CDLI_Period,
393119,NEEDS_QID,"Nisaba 15, 0580",tablet,language,P18,P18,wikibase-item,Q471149,Sumerian,ready,CDLI_Lang,
393119,NEEDS_QID,"Nisaba 15, 0580",tablet,type_of_work,P126,P121,wikibase-item,Q394396,Administrative,ready,CDLI_Genre,
393119,NEEDS_QID,"Nisaba 15, 0580",tablet,material,P391,P401,wikibase-item,Q471153,Clay,ready,CDLI_Material,
393119,NEEDS_QID,"Nisaba 15, 0580",tablet,inventory_number,P10,P10,string,Anonymous 393119,,ready,cdli_json,
393119,NEEDS_QID,"Nisaba 15, 0580",tablet,finding_spot,P224,P695,wikibase-item,Q390161,Irisagrig,ready,provenience_lookup,
536208,NEEDS_QID,"AKT 8, 073",tablet,cdli_id,P223,P692,external-id,P536208,,ready,cdli_json,
536208,NEEDS_QID,"AKT 8, 073",tablet,instance_of,P2,P2,wikibase-item,Q512006,Clay tablet,ready,CDLI_Object,
536208,NEEDS_QID,"AKT 8, 073",tablet,period,P245,P853,wikibase-item,Q512151,Old Assyrian Period,ready,CDLI_Period,
536208,NEEDS_QID,"AKT 8, 073",tablet,language,P18,P18,wikibase-item,Q471146,Akkadian,ready,CDLI_Lang,
536208,NEEDS_QID,"AKT 8, 073",tablet,material,P391,P401,wikibase-item,Q471153,Clay,ready,CDLI_Material,
536208,NEEDS_QID,"AKT 8, 073",tablet,inventory_number,P10,P10,string,AMM 001-314-91,,ready,cdli_json,
536208,NEEDS_QID,"AKT 8, 073",tablet,finding_spot,P224,P695,wikibase-item,Q390036,Kanesh (mod. Kültepe),ready,provenience_lookup,
214811,NEEDS_QID,"ITT 5, 09284",tablet,cdli_id,P223,P692,external-id,P214811,,ready,cdli_json,
214811,NEEDS_QID,"ITT 5, 09284",tablet,instance_of,P2,P2,wikibase-item,Q512006,Clay tablet,ready,CDLI_Object,
214811,NEEDS_QID,"ITT 5, 09284",tablet,period,P245,P853,wikibase-item,Q512144,Old Akkadian Period,ready,CDLI_Period,
214811,NEEDS_QID,"ITT 5, 09284",tablet,type_of_work,P126,P121,wikibase-item,Q394396,Administrative,ready,CDLI_Genre,
214811,NEEDS_QID,"ITT 5, 09284",tablet,material,P391,P401,wikibase-item,Q471153,Clay,ready,CDLI_Material,
214811,NEEDS_QID,"ITT 5, 09284",tablet,present_holding,P203,P329,wikibase-item,Q511898,Istanbul Archaeology Museum,ready,museum_FG,
214811,NEEDS_QID,"ITT 5, 09284",tablet,inventory_number,P10,P10,string,Ist L 09284,,ready,cdli_json,
214811,NEEDS_QID,"ITT 5, 09284",tablet,finding_spot,P224,P695,wikibase-item,Q389832,Girsu (mod. Tello),ready,provenience_lookup,
515568,NEEDS_QID,"CUSAS 40, 0784",tablet,cdli_id,P223,P692,external-id,P515568,,ready,cdli_json,
515568,NEEDS_QID,"CUSAS 40, 0784",tablet,instance_of,P2,P2,wikibase-item,Q512006,Clay tablet,ready,CDLI_Object,
515568,NEEDS_QID,"CUSAS 40, 0784",tablet,period,P245,P853,wikibase-item,Q512148,Ur III Period,ready,CDLI_Period,
515568,NEEDS_QID,"CUSAS 40, 0784",tablet,language,P18,P18,wikibase-item,Q471149,Sumerian,ready,CDLI_Lang,
515568,NEEDS_QID,"CUSAS 40, 0784",tablet,type_of_work,P126,P121,wikibase-item,Q394396,Administrative,ready,CDLI_Genre,
515568,NEEDS_QID,"CUSAS 40, 0784",tablet,material,P391,P401,wikibase-item,Q471153,Clay,ready,CDLI_Material,
515568,NEEDS_QID,"CUSAS 40, 0784",tablet,inventory_number,P10,P10,string,IM —,,ready,cdli_json,
515568,NEEDS_QID,"CUSAS 40, 0784",tablet,finding_spot,P224,P695,wikibase-item,Q389888,Garšana (mod. uncertain),ready,provenience_lookup,
116879,NEEDS_QID,"MVN 13, 107",tablet,cdli_id,P223,P692,external-id,P116879,,ready,cdli_json,
116879,NEEDS_QID,"MVN 13, 107",tablet,instance_of,P2,P2,wikibase-item,Q512006,Clay tablet,ready,CDLI_Object,
116879,NEEDS_QID,"MVN 13, 107",tablet,period,P245,P853,wikibase-item,Q512148,Ur III Period,ready,CDLI_Period,
116879,NEEDS_QID,"MVN 13, 107",tablet,language,P18,P18,wikibase-item,Q471149,Sumerian,ready,CDLI_Lang,
116879,NEEDS_QID,"MVN 13, 107",tablet,type_of_work,P126,P121,wikibase-item,Q394396,Administrative,ready,CDLI_Genre,
116879,NEEDS_QID,"MVN 13, 107",tablet,material,P391,P401,wikibase-item,Q471153,Clay,ready,CDLI_Material,
116879,NEEDS_QID,"MVN 13, 107",tablet,present_holding,P203,P329,wikibase-item,Q511893,Free Library of Philadelphia Collection,ready,museum_FG,
116879,NEEDS_QID,"MVN 13, 107",tablet,inventory_number,P10,P10,string,FLP 0320,,ready,cdli_json,
116879,NEEDS_QID,"MVN 13, 107",tablet,finding_spot,P224,P695,wikibase-item,Q389903,Puzriš-Dagan (mod. Drehem),ready,provenience_lookup,
109775,NEEDS_QID,Hirose 304,tablet,cdli_id,P223,P692,external-id,P109775,,ready,cdli_json,
109775,NEEDS_QID,Hirose 304,tablet,instance_of,P2,P2,wikibase-item,Q512006,Clay tablet,ready,CDLI_Object,
109775,NEEDS_QID,Hirose 304,tablet,period,P245,P853,wikibase-item,Q512148,Ur III Period,ready,CDLI_Period,
109775,NEEDS_QID,Hirose 304,tablet,language,P18,P18,wikibase-item,Q471149,Sumerian,ready,CDLI_Lang,
109775,NEEDS_QID,Hirose 304,tablet,type_of_work,P126,P121,wikibase-item,Q394396,Administrative,ready,CDLI_Genre,
109775,NEEDS_QID,Hirose 304,tablet,material,P391,P401,wikibase-item,Q471153,Clay,ready,CDLI_Material,
109775,NEEDS_QID,Hirose 304,tablet,inventory_number,P10,P10,string,YMEC —,,ready,cdli_json,
109775,NEEDS_QID,Hirose 304,tablet,finding_spot,P224,P695,wikibase-item,Q389903,Puzriš-Dagan (mod. Drehem),ready,provenience_lookup,
120418,NEEDS_QID,"MVN 21, 181",tablet,cdli_id,P223,P692,external-id,P120418,,ready,cdli_json,
120418,NEEDS_QID,"MVN 21, 181",tablet,instance_of,P2,P2,wikibase-item,Q512006,Clay tablet,ready,CDLI_Object,
120418,NEEDS_QID,"MVN 21, 181",tablet,period,P245,P853,wikibase-item,Q512148,Ur III Period,ready,CDLI_Period,
120418,NEEDS_QID,"MVN 21, 181",tablet,language,P18,P18,wikibase-item,Q471149,Sumerian,ready,CDLI_Lang,
120418,NEEDS_QID,"MVN 21, 181",tablet,type_of_work,P126,P121,wikibase-item,Q394396,Administrative,ready,CDLI_Genre,
120418,NEEDS_QID,"MVN 21, 181",tablet,material,P391,P401,wikibase-item,Q471153,Clay,ready,CDLI_Material,
120418,NEEDS_QID,"MVN 21, 181",tablet,present_holding,P203,P329,wikibase-item,Q511946,State Hermitage Museum,ready,museum_FG,
120418,NEEDS_QID,"MVN 21, 181",tablet,inventory_number,P10,P10,string,Erm 07466,,ready,cdli_json,
120418,NEEDS_QID,"MVN 21, 181",tablet,finding_spot,P224,P695,wikibase-item,Q389833,Umma (mod. Tell Jokha),ready,provenience_lookup,
252288,NEEDS_QID,"CUSAS 38, 07",tablet,cdli_id,P223,P692,external-id,P252288,,ready,cdli_json,
252288,NEEDS_QID,"CUSAS 38, 07",tablet,instance_of,P2,P2,wikibase-item,Q512006,Clay tablet,ready,CDLI_Object,
252288,NEEDS_QID,"CUSAS 38, 07",tablet,period,P245,P853,wikibase-item,Q512152,Old Babylonian Period,ready,CDLI_Period,
252288,NEEDS_QID,"CUSAS 38, 07",tablet,language,P18,P18,wikibase-item,Q471149,Sumerian,ready,CDLI_Lang,
252288,NEEDS_QID,"CUSAS 38, 07",tablet,type_of_work,P126,P121,wikibase-item,Q245823,Literary,ready,CDLI_Genre,
252288,NEEDS_QID,"CUSAS 38, 07",tablet,material,P391,P401,wikibase-item,Q471153,Clay,ready,CDLI_Material,
252288,NEEDS_QID,"CUSAS 38, 07",tablet,inventory_number,P10,P10,string,MS 3347,,ready,cdli_json,
379740,NEEDS_QID,"PPAC 5, 1362",tablet,cdli_id,P223,P692,external-id,P379740,,ready,cdli_json,
379740,NEEDS_QID,"PPAC 5, 1362",tablet,instance_of,P2,P2,wikibase-item,Q512006,Clay tablet,ready,CDLI_Object,
379740,NEEDS_QID,"PPAC 5, 1362",tablet,period,P245,P853,wikibase-item,Q512148,Ur III Period,ready,CDLI_Period,
379740,NEEDS_QID,"PPAC 5, 1362",tablet,language,P18,P18,wikibase-item,Q471149,Sumerian,ready,CDLI_Lang,
379740,NEEDS_QID,"PPAC 5, 1362",tablet,type_of_work,P126,P121,wikibase-item,Q394396,Administrative,ready,CDLI_Genre,
379740,NEEDS_QID,"PPAC 5, 1362",tablet,material,P391,P401,wikibase-item,Q471153,Clay,ready,CDLI_Material,
379740,NEEDS_QID,"PPAC 5, 1362",tablet,present_holding,P203,P329,wikibase-item,Q102010,British Museum Collection,ready,museum_FG,
379740,NEEDS_QID,"PPAC 5, 1362",tablet,inventory_number,P10,P10,string,BM 088865,,ready,cdli_json,
379740,NEEDS_QID,"PPAC 5, 1362",tablet,finding_spot,P224,P695,wikibase-item,Q389832,Girsu (mod. Tello),ready,provenience_lookup,
20280,NEEDS_QID,"VS 25, 074",tablet,cdli_id,P223,P692,external-id,P020280,,ready,cdli_json,
20280,NEEDS_QID,"VS 25, 074",tablet,instance_of,P2,P2,wikibase-item,Q512006,Clay tablet,ready,CDLI_Object,
20280,NEEDS_QID,"VS 25, 074",tablet,period,P245,P853,wikibase-item,Q512142,ED IIIb,ready,CDLI_Period,
20280,NEEDS_QID,"VS 25, 074",tablet,language,P18,P18,wikibase-item,Q471149,Sumerian,ready,CDLI_Lang,
20280,NEEDS_QID,"VS 25, 074",tablet,type_of_work,P126,P121,wikibase-item,Q394396,Administrative,ready,CDLI_Genre,
20280,NEEDS_QID,"VS 25, 074",tablet,material,P391,P401,wikibase-item,Q471153,Clay,ready,CDLI_Material,
20280,NEEDS_QID,"VS 25, 074",tablet,present_holding,P203,P329,wikibase-item,Q510658,Vorderasiatisches Museum,ready,museum_FG,
20280,NEEDS_QID,"VS 25, 074",tablet,inventory_number,P10,P10,string,VAT 04629,,ready,cdli_json,
20280,NEEDS_QID,"VS 25, 074",tablet,finding_spot,P224,P695,wikibase-item,Q389832,Girsu (mod. Tello),ready,provenience_lookup,
143136,NEEDS_QID,"MVN 20, 203",tablet,cdli_id,P223,P692,external-id,P143136,,ready,cdli_json,
143136,NEEDS_QID,"MVN 20, 203",tablet,instance_of,P2,P2,wikibase-item,Q512006,Clay tablet,ready,CDLI_Object,
143136,NEEDS_QID,"MVN 20, 203",tablet,period,P245,P853,wikibase-item,Q512148,Ur III Period,ready,CDLI_Period,
143136,NEEDS_QID,"MVN 20, 203",tablet,language,P18,P18,wikibase-item,Q471149,Sumerian,ready,CDLI_Lang,
143136,NEEDS_QID,"MVN 20, 203",tablet,type_of_work,P126,P121,wikibase-item,Q394396,Administrative,ready,CDLI_Genre,
143136,NEEDS_QID,"MVN 20, 203",tablet,material,P391,P401,wikibase-item,Q471153,Clay,ready,CDLI_Material,
143136,NEEDS_QID,"MVN 20, 203",tablet,present_holding,P203,P329,wikibase-item,Q511946,State Hermitage Museum,ready,museum_FG,
143136,NEEDS_QID,"MVN 20, 203",tablet,inventory_number,P10,P10,string,Erm 07539,,ready,cdli_json,
143136,NEEDS_QID,"MVN 20, 203",tablet,finding_spot,P224,P695,wikibase-item,Q389832,Girsu (mod. Tello),ready,provenience_lookup,
201310,NEEDS_QID,"Princeton 2, 311",tablet,cdli_id,P223,P692,external-id,P201310,,ready,cdli_json,
201310,NEEDS_QID,"Princeton 2, 311",tablet,instance_of,P2,P2,wikibase-item,Q512006,Clay tablet,ready,CDLI_Object,
201310,NEEDS_QID,"Princeton 2, 311",tablet,period,P245,P853,wikibase-item,Q512148,Ur III Period,ready,CDLI_Period,
201310,NEEDS_QID,"Princeton 2, 311",tablet,language,P18,P18,wikibase-item,Q471149,Sumerian,ready,CDLI_Lang,
201310,NEEDS_QID,"Princeton 2, 311",tablet,type_of_work,P126,P121,wikibase-item,Q394396,Administrative,ready,CDLI_Genre,
201310,NEEDS_QID,"Princeton 2, 311",tablet,material,P391,P401,wikibase-item,Q471153,Clay,ready,CDLI_Material,
201310,NEEDS_QID,"Princeton 2, 311",tablet,present_holding,P203,P329,wikibase-item,Q511896,Princeton Theological Seminary Collection,ready,museum_FG,
201310,NEEDS_QID,"Princeton 2, 311",tablet,inventory_number,P10,P10,string,PTS 1180,,ready,cdli_json,
201310,NEEDS_QID,"Princeton 2, 311",tablet,finding_spot,P224,P695,wikibase-item,Q389903,Puzriš-Dagan (mod. Drehem),ready,provenience_lookup,
385537,NEEDS_QID,"OECT 13, 007",tablet,cdli_id,P223,P692,external-id,P385537,,ready,cdli_json,
385537,NEEDS_QID,"OECT 13, 007",tablet,instance_of,P2,P2,wikibase-item,Q512006,Clay tablet,ready,CDLI_Object,
385537,NEEDS_QID,"OECT 13, 007",tablet,period,P245,P853,wikibase-item,Q512150,Early Old Babylonian Period,ready,CDLI_Period,
385537,NEEDS_QID,"OECT 13, 007",tablet,language,P18,P18,wikibase-item,Q471149,Sumerian,ready,CDLI_Lang,
385537,NEEDS_QID,"OECT 13, 007",tablet,type_of_work,P126,P121,wikibase-item,Q394396,Administrative,ready,CDLI_Genre,
385537,NEEDS_QID,"OECT 13, 007",tablet,material,P391,P401,wikibase-item,Q471153,Clay,ready,CDLI_Material,
385537,NEEDS_QID,"OECT 13, 007",tablet,present_holding,P203,P329,wikibase-item,Q511934,Ashmolean Museum,ready,museum_FG,
385537,NEEDS_QID,"OECT 13, 007",tablet,inventory_number,P10,P10,string,Ashm 1924-0459,,ready,cdli_json,
385537,NEEDS_QID,"OECT 13, 007",tablet,finding_spot,P224,P695,wikibase-item,Q389914,Marad (mod. Wanna-wa-Sadum),ready,provenience_lookup,
108867,NEEDS_QID,DAS 096,tablet,cdli_id,P223,P692,external-id,P108867,,ready,cdli_json,
108867,NEEDS_QID,DAS 096,tablet,instance_of,P2,P2,wikibase-item,Q512006,Clay tablet,ready,CDLI_Object,
108867,NEEDS_QID,DAS 096,tablet,period,P245,P853,wikibase-item,Q512148,Ur III Period,ready,CDLI_Period,
108867,NEEDS_QID,DAS 096,tablet,language,P18,P18,wikibase-item,Q471149,Sumerian,ready,CDLI_Lang,
108867,NEEDS_QID,DAS 096,tablet,type_of_work,P126,P121,wikibase-item,Q394396,Administrative,ready,CDLI_Genre,
108867,NEEDS_QID,DAS 096,tablet,material,P391,P401,wikibase-item,Q471153,Clay,ready,CDLI_Material,
108867,NEEDS_QID,DAS 096,tablet,present_holding,P203,P329,wikibase-item,Q511925,Louvre Collection,ready,museum_FG,
108867,NEEDS_QID,DAS 096,tablet,inventory_number,P10,P10,string,AO 27334,,ready,cdli_json,
108867,NEEDS_QID,DAS 096,tablet,finding_spot,P224,P695,wikibase-item,Q389832,Girsu (mod. Tello),ready,provenience_lookup,
236063,NEEDS_QID,"BIN 09, 053",tablet,cdli_id,P223,P692,external-id,P236063,,ready,cdli_json,
236063,NEEDS_QID,"BIN 09, 053",tablet,instance_of,P2,P2,wikibase-item,Q512006,Clay tablet,ready,CDLI_Object,
236063,NEEDS_QID,"BIN 09, 053",tablet,period,P245,P853,wikibase-item,Q512150,Early Old Babylonian Period,ready,CDLI_Period,
236063,NEEDS_QID,"BIN 09, 053",tablet,type_of_work,P126,P121,wikibase-item,Q394396,Administrative,ready,CDLI_Genre,
236063,NEEDS_QID,"BIN 09, 053",tablet,material,P391,P401,wikibase-item,Q471153,Clay,ready,CDLI_Material,
236063,NEEDS_QID,"BIN 09, 053",tablet,present_holding,P203,P329,wikibase-item,Q511899,"Nies Babylonian Collection, Yale Babylonian Collection",ready,museum_FG,
236063,NEEDS_QID,"BIN 09, 053",tablet,inventory_number,P10,P10,string,NBC 08857,,ready,cdli_json,
236063,NEEDS_QID,"BIN 09, 053",tablet,finding_spot,P224,P695,wikibase-item,Q389800,Isin (mod. Bahriyat),ready,provenience_lookup,
112093,NEEDS_QID,"JCS 31, 047 BMC 11",tablet,cdli_id,P223,P692,external-id,P112093,,ready,cdli_json,
112093,NEEDS_QID,"JCS 31, 047 BMC 11",tablet,instance_of,P2,P2,wikibase-item,Q512006,Clay tablet,ready,CDLI_Object,
112093,NEEDS_QID,"JCS 31, 047 BMC 11",tablet,period,P245,P853,wikibase-item,Q512148,Ur III Period,ready,CDLI_Period,
112093,NEEDS_QID,"JCS 31, 047 BMC 11",tablet,language,P18,P18,wikibase-item,Q471149,Sumerian,ready,CDLI_Lang,
112093,NEEDS_QID,"JCS 31, 047 BMC 11",tablet,type_of_work,P126,P121,wikibase-item,Q394396,Administrative,ready,CDLI_Genre,
112093,NEEDS_QID,"JCS 31, 047 BMC 11",tablet,material,P391,P401,wikibase-item,Q471153,Clay,ready,CDLI_Material,
112093,NEEDS_QID,"JCS 31, 047 BMC 11",tablet,inventory_number,P10,P10,string,BMC 11,,ready,cdli_json,
112093,NEEDS_QID,"JCS 31, 047 BMC 11",tablet,finding_spot,P224,P695,wikibase-item,Q389903,Puzriš-Dagan (mod. Drehem),ready,provenience_lookup,
141625,NEEDS_QID,"UTI 6, 3628",tablet,cdli_id,P223,P692,external-id,P141625,,ready,cdli_json,
141625,NEEDS_QID,"UTI 6, 3628",tablet,instance_of,P2,P2,wikibase-item,Q512006,Clay tablet,ready,CDLI_Object,
141625,NEEDS_QID,"UTI 6, 3628",tablet,period,P245,P853,wikibase-item,Q512148,Ur III Period,ready,CDLI_Period,
141625,NEEDS_QID,"UTI 6, 3628",tablet,language,P18,P18,wikibase-item,Q471149,Sumerian,ready,CDLI_Lang,
141625,NEEDS_QID,"UTI 6, 3628",tablet,type_of_work,P126,P121,wikibase-item,Q394396,Administrative,ready,CDLI_Genre,
141625,NEEDS_QID,"UTI 6, 3628",tablet,material,P391,P401,wikibase-item,Q471153,Clay,ready,CDLI_Material,
141625,NEEDS_QID,"UTI 6, 3628",tablet,present_holding,P203,P329,wikibase-item,Q511898,Istanbul Archaeology Museum,ready,museum_FG,
141625,NEEDS_QID,"UTI 6, 3628",tablet,inventory_number,P10,P10,string,Ist Um 3628,,ready,cdli_json,
141625,NEEDS_QID,"UTI 6, 3628",tablet,finding_spot,P224,P695,wikibase-item,Q389833,Umma (mod. Tell Jokha),ready,provenience_lookup,
117045,NEEDS_QID,"MVN 13, 273",tablet,cdli_id,P223,P692,external-id,P117045,,ready,cdli_json,
117045,NEEDS_QID,"MVN 13, 273",tablet,instance_of,P2,P2,wikibase-item,Q512006,Clay tablet,ready,CDLI_Object,
117045,NEEDS_QID,"MVN 13, 273",tablet,period,P245,P853,wikibase-item,Q512148,Ur III Period,ready,CDLI_Period,
117045,NEEDS_QID,"MVN 13, 273",tablet,language,P18,P18,wikibase-item,Q471149,Sumerian,ready,CDLI_Lang,
117045,NEEDS_QID,"MVN 13, 273",tablet,type_of_work,P126,P121,wikibase-item,Q394396,Administrative,ready,CDLI_Genre,
117045,NEEDS_QID,"MVN 13, 273",tablet,material,P391,P401,wikibase-item,Q471153,Clay,ready,CDLI_Material,
117045,NEEDS_QID,"MVN 13, 273",tablet,present_holding,P203,P329,wikibase-item,Q511893,Free Library of Philadelphia Collection,ready,museum_FG,
117045,NEEDS_QID,"MVN 13, 273",tablet,inventory_number,P10,P10,string,FLP 1764,,ready,cdli_json,
117045,NEEDS_QID,"MVN 13, 273",tablet,finding_spot,P224,P695,wikibase-item,Q389903,Puzriš-Dagan (mod. Drehem),ready,provenience_lookup,
229841,NEEDS_QID,"ZSN, 14 and pl. VIII",tablet,cdli_id,P223,P692,external-id,P229841,,ready,cdli_json,
229841,NEEDS_QID,"ZSN, 14 and pl. VIII",tablet,instance_of,P2,P2,wikibase-item,Q512006,Clay tablet,ready,CDLI_Object,
229841,NEEDS_QID,"ZSN, 14 and pl. VIII",tablet,type_of_work,P126,P121,wikibase-item,Q537054,Lexical,ready,CDLI_Genre,
229841,NEEDS_QID,"ZSN, 14 and pl. VIII",tablet,material,P391,P401,wikibase-item,Q471153,Clay,ready,CDLI_Material,
229841,NEEDS_QID,"ZSN, 14 and pl. VIII",tablet,present_holding,P203,P329,wikibase-item,Q511898,Istanbul Archaeology Museum,ready,museum_FG,
229841,NEEDS_QID,"ZSN, 14 and pl. VIII",tablet,inventory_number,P10,P10,string,Ist Ni 03982,,ready,cdli_json,
229841,NEEDS_QID,"ZSN, 14 and pl. VIII",tablet,finding_spot,P224,P695,wikibase-item,Q390017,Nippur (mod. Nuffar),ready,provenience_lookup,
471635,NEEDS_QID,"CTN 2, 201",tablet,cdli_id,P223,P692,external-id,P471635,,ready,cdli_json,
471635,NEEDS_QID,"CTN 2, 201",tablet,instance_of,P2,P2,wikibase-item,Q512006,Clay tablet,ready,CDLI_Object,
471635,NEEDS_QID,"CTN 2, 201",tablet,period,P245,P853,wikibase-item,Q512158,Neo-Assyrian Period,ready,CDLI_Period,
471635,NEEDS_QID,"CTN 2, 201",tablet,language,P18,P18,wikibase-item,Q471146,Akkadian,ready,CDLI_Lang,
471635,NEEDS_QID,"CTN 2, 201",tablet,type_of_work,P126,P121,wikibase-item,Q10510,Letter,ready,CDLI_Genre,
471635,NEEDS_QID,"CTN 2, 201",tablet,material,P391,P401,wikibase-item,Q471153,Clay,ready,CDLI_Material,
471635,NEEDS_QID,"CTN 2, 201",tablet,present_holding,P203,P329,wikibase-item,Q102010,British Museum Collection,ready,museum_FG,
471635,NEEDS_QID,"CTN 2, 201",tablet,inventory_number,P10,P10,string,BM 131994,,ready,cdli_json,
471635,NEEDS_QID,"CTN 2, 201",tablet,finding_spot,P224,P695,wikibase-item,Q390020,Nimrud,ready,provenience_lookup,
249240,NEEDS_QID,fourcornersmedia 02b,tablet,cdli_id,P223,P692,external-id,P249240,,ready,cdli_json,
249240,NEEDS_QID,fourcornersmedia 02b,tablet,instance_of,P2,P2,wikibase-item,Q512006,Clay tablet,ready,CDLI_Object,
249240,NEEDS_QID,fourcornersmedia 02b,tablet,period,P245,P853,wikibase-item,Q512148,Ur III Period,ready,CDLI_Period,
249240,NEEDS_QID,fourcornersmedia 02b,tablet,language,P18,P18,wikibase-item,Q471149,Sumerian,ready,CDLI_Lang,
249240,NEEDS_QID,fourcornersmedia 02b,tablet,type_of_work,P126,P121,wikibase-item,Q394396,Administrative,ready,CDLI_Genre,
249240,NEEDS_QID,fourcornersmedia 02b,tablet,material,P391,P401,wikibase-item,Q471153,Clay,ready,CDLI_Material,
249240,NEEDS_QID,fourcornersmedia 02b,tablet,present_holding,P203,P329,wikibase-item,Q511874,Iraq Museum,ready,museum_FG,
249240,NEEDS_QID,fourcornersmedia 02b,tablet,inventory_number,P10,P10,string,IM —,,ready,cdli_json,
282344,NEEDS_QID,"AfO 10, 34, 51",tablet,cdli_id,P223,P692,external-id,P282344,,ready,cdli_json,
282344,NEEDS_QID,"AfO 10, 34, 51",tablet,instance_of,P2,P2,wikibase-item,Q512006,Clay tablet,ready,CDLI_Object,
282344,NEEDS_QID,"AfO 10, 34, 51",tablet,period,P245,P853,wikibase-item,Q512155,Middle Assyrian Period,ready,CDLI_Period,
282344,NEEDS_QID,"AfO 10, 34, 51",tablet,material,P391,P401,wikibase-item,Q471153,Clay,ready,CDLI_Material,
282344,NEEDS_QID,"AfO 10, 34, 51",tablet,present_holding,P203,P329,wikibase-item,Q511898,Istanbul Archaeology Museum,ready,museum_FG,
282344,NEEDS_QID,"AfO 10, 34, 51",tablet,inventory_number,P10,P10,string,Ist A 02615,,ready,cdli_json,
282344,NEEDS_QID,"AfO 10, 34, 51",tablet,finding_spot,P224,P695,wikibase-item,Q390001,Assur,ready,provenience_lookup,
331610,NEEDS_QID,"Nisaba 05/1, 596",tablet,cdli_id,P223,P692,external-id,P331610,,ready,cdli_json,
331610,NEEDS_QID,"Nisaba 05/1, 596",tablet,instance_of,P2,P2,wikibase-item,Q512006,Clay tablet,ready,CDLI_Object,
331610,NEEDS_QID,"Nisaba 05/1, 596",tablet,period,P245,P853,wikibase-item,Q512148,Ur III Period,ready,CDLI_Period,
331610,NEEDS_QID,"Nisaba 05/1, 596",tablet,language,P18,P18,wikibase-item,Q471149,Sumerian,ready,CDLI_Lang,
331610,NEEDS_QID,"Nisaba 05/1, 596",tablet,type_of_work,P126,P121,wikibase-item,Q394396,Administrative,ready,CDLI_Genre,
331610,NEEDS_QID,"Nisaba 05/1, 596",tablet,material,P391,P401,wikibase-item,Q471153,Clay,ready,CDLI_Material,
331610,NEEDS_QID,"Nisaba 05/1, 596",tablet,present_holding,P203,P329,wikibase-item,Q511874,Iraq Museum,ready,museum_FG,
331610,NEEDS_QID,"Nisaba 05/1, 596",tablet,inventory_number,P10,P10,string,BM —,,ready,cdli_json,
331610,NEEDS_QID,"Nisaba 05/1, 596",tablet,finding_spot,P224,P695,wikibase-item,Q389877,Ur (mod. Tell Muqayyar),ready,provenience_lookup,
143618,NEEDS_QID,"SAT 2, 0418",tablet,cdli_id,P223,P692,external-id,P143618,,ready,cdli_json,
143618,NEEDS_QID,"SAT 2, 0418",tablet,instance_of,P2,P2,wikibase-item,Q512006,Clay tablet,ready,CDLI_Object,
143618,NEEDS_QID,"SAT 2, 0418",tablet,period,P245,P853,wikibase-item,Q512148,Ur III Period,ready,CDLI_Period,
143618,NEEDS_QID,"SAT 2, 0418",tablet,language,P18,P18,wikibase-item,Q471149,Sumerian,ready,CDLI_Lang,
143618,NEEDS_QID,"SAT 2, 0418",tablet,type_of_work,P126,P121,wikibase-item,Q394396,Administrative,ready,CDLI_Genre,
143618,NEEDS_QID,"SAT 2, 0418",tablet,material,P391,P401,wikibase-item,Q471153,Clay,ready,CDLI_Material,
143618,NEEDS_QID,"SAT 2, 0418",tablet,present_holding,P203,P329,wikibase-item,Q511899,"Nies Babylonian Collection, Yale Babylonian Collection",ready,museum_FG,
143618,NEEDS_QID,"SAT 2, 0418",tablet,inventory_number,P10,P10,string,NBC 11481,,ready,cdli_json,
143618,NEEDS_QID,"SAT 2, 0418",tablet,finding_spot,P224,P695,wikibase-item,Q389903,Puzriš-Dagan (mod. Drehem),ready,provenience_lookup,
115078,NEEDS_QID,"MVN 07, 183",tablet,cdli_id,P223,P692,external-id,P115078,,ready,cdli_json,
115078,NEEDS_QID,"MVN 07, 183",tablet,instance_of,P2,P2,wikibase-item,Q512006,Clay tablet,ready,CDLI_Object,
115078,NEEDS_QID,"MVN 07, 183",tablet,period,P245,P853,wikibase-item,Q512148,Ur III Period,ready,CDLI_Period,
115078,NEEDS_QID,"MVN 07, 183",tablet,language,P18,P18,wikibase-item,Q471149,Sumerian,ready,CDLI_Lang,
115078,NEEDS_QID,"MVN 07, 183",tablet,type_of_work,P126,P121,wikibase-item,Q394396,Administrative,ready,CDLI_Genre,
115078,NEEDS_QID,"MVN 07, 183",tablet,material,P391,P401,wikibase-item,Q471153,Clay,ready,CDLI_Material,
115078,NEEDS_QID,"MVN 07, 183",tablet,present_holding,P203,P329,wikibase-item,Q511898,Istanbul Archaeology Museum,ready,museum_FG,
115078,NEEDS_QID,"MVN 07, 183",tablet,inventory_number,P10,P10,string,Ist L 07784,,ready,cdli_json,
115078,NEEDS_QID,"MVN 07, 183",tablet,finding_spot,P224,P695,wikibase-item,Q389832,Girsu (mod. Tello),ready,provenience_lookup,
231088,NEEDS_QID,N 4662,tablet,cdli_id,P223,P692,external-id,P231088,,ready,cdli_json,
231088,NEEDS_QID,N 4662,tablet,instance_of,P2,P2,wikibase-item,Q512006,Clay tablet,ready,CDLI_Object,
231088,NEEDS_QID,N 4662,tablet,period,P245,P853,wikibase-item,Q512152,Old Babylonian Period,ready,CDLI_Period,
231088,NEEDS_QID,N 4662,tablet,language,P18,P18,wikibase-item,Q471149,Sumerian,ready,CDLI_Lang,
231088,NEEDS_QID,N 4662,tablet,type_of_work,P126,P121,wikibase-item,Q537054,Lexical,ready,CDLI_Genre,
231088,NEEDS_QID,N 4662,tablet,material,P391,P401,wikibase-item,Q471153,Clay,ready,CDLI_Material,
231088,NEEDS_QID,N 4662,tablet,present_holding,P203,P329,wikibase-item,Q511892,"Penn Museum, Philadelphia, Pennsylvania, USA",ready,museum_FG|factgrid_upload_table,
231088,NEEDS_QID,N 4662,tablet,inventory_number,P10,P10,string,N 4662,,ready,cdli_json,
231088,NEEDS_QID,N 4662,tablet,finding_spot,P224,P695,wikibase-item,Q390017,Nippur (mod. Nuffar),ready,provenience_lookup,
512583,NEEDS_QID,"TMH 10, 044",tablet,cdli_id,P223,P692,external-id,P512583,,ready,cdli_json,
512583,NEEDS_QID,"TMH 10, 044",tablet,instance_of,P2,P2,wikibase-item,Q512006,Clay tablet,ready,CDLI_Object,
512583,NEEDS_QID,"TMH 10, 044",tablet,period,P245,P853,wikibase-item,Q512152,Old Babylonian Period,ready,CDLI_Period,
512583,NEEDS_QID,"TMH 10, 044",tablet,language,P18,P18,wikibase-item,Q471149,Sumerian,ready,CDLI_Lang,
512583,NEEDS_QID,"TMH 10, 044",tablet,type_of_work,P126,P121,wikibase-item,Q388465,Legal,ready,CDLI_Genre,
512583,NEEDS_QID,"TMH 10, 044",tablet,material,P391,P401,wikibase-item,Q471153,Clay,ready,CDLI_Material,
512583,NEEDS_QID,"TMH 10, 044",tablet,present_holding,P203,P329,wikibase-item,Q511931,"Hilprecht Collection, University of Jena, Jena, Germany",ready,museum_FG|factgrid_upload_table,
512583,NEEDS_QID,"TMH 10, 044",tablet,inventory_number,P10,P10,string,HS 2136,,ready,cdli_json,
512583,NEEDS_QID,"TMH 10, 044",tablet,finding_spot,P224,P695,wikibase-item,Q390017,Nippur (mod. Nuffar),ready,provenience_lookup,
111892,NEEDS_QID,"JCS 07, 048",tablet,cdli_id,P223,P692,external-id,P111892,,ready,cdli_json,
111892,NEEDS_QID,"JCS 07, 048",tablet,instance_of,P2,P2,wikibase-item,Q512006,Clay tablet,ready,CDLI_Object,
111892,NEEDS_QID,"JCS 07, 048",tablet,period,P245,P853,wikibase-item,Q512148,Ur III Period,ready,CDLI_Period,
111892,NEEDS_QID,"JCS 07, 048",tablet,language,P18,P18,wikibase-item,Q471149,Sumerian,ready,CDLI_Lang,
111892,NEEDS_QID,"JCS 07, 048",tablet,type_of_work,P126,P121,wikibase-item,Q394396,Administrative,ready,CDLI_Genre,
111892,NEEDS_QID,"JCS 07, 048",tablet,material,P391,P401,wikibase-item,Q471153,Clay,ready,CDLI_Material,
111892,NEEDS_QID,"JCS 07, 048",tablet,inventory_number,P10,P10,string,MAH 19352,,ready,cdli_json,
111892,NEEDS_QID,"JCS 07, 048",tablet,finding_spot,P224,P695,wikibase-item,Q389903,Puzriš-Dagan (mod. Drehem),ready,provenience_lookup,
515246,NEEDS_QID,"CUSAS 40, 0462",tablet,cdli_id,P223,P692,external-id,P515246,,ready,cdli_json,
515246,NEEDS_QID,"CUSAS 40, 0462",tablet,instance_of,P2,P2,wikibase-item,Q512006,Clay tablet,ready,CDLI_Object,
515246,NEEDS_QID,"CUSAS 40, 0462",tablet,period,P245,P853,wikibase-item,Q512148,Ur III Period,ready,CDLI_Period,
515246,NEEDS_QID,"CUSAS 40, 0462",tablet,language,P18,P18,wikibase-item,Q471149,Sumerian,ready,CDLI_Lang,
515246,NEEDS_QID,"CUSAS 40, 0462",tablet,type_of_work,P126,P121,wikibase-item,Q394396,Administrative,ready,CDLI_Genre,
515246,NEEDS_QID,"CUSAS 40, 0462",tablet,material,P391,P401,wikibase-item,Q471153,Clay,ready,CDLI_Material,
515246,NEEDS_QID,"CUSAS 40, 0462",tablet,inventory_number,P10,P10,string,IM —,,ready,cdli_json,
515246,NEEDS_QID,"CUSAS 40, 0462",tablet,finding_spot,P224,P695,wikibase-item,Q390161,Irisagrig,ready,provenience_lookup,
120336,NEEDS_QID,"MVN 21, 099",tablet,cdli_id,P223,P692,external-id,P120336,,ready,cdli_json,
120336,NEEDS_QID,"MVN 21, 099",tablet,instance_of,P2,P2,wikibase-item,Q512006,Clay tablet,ready,CDLI_Object,
120336,NEEDS_QID,"MVN 21, 099",tablet,period,P245,P853,wikibase-item,Q512148,Ur III Period,ready,CDLI_Period,
120336,NEEDS_QID,"MVN 21, 099",tablet,language,P18,P18,wikibase-item,Q471149,Sumerian,ready,CDLI_Lang,
120336,NEEDS_QID,"MVN 21, 099",tablet,type_of_work,P126,P121,wikibase-item,Q394396,Administrative,ready,CDLI_Genre,
120336,NEEDS_QID,"MVN 21, 099",tablet,material,P391,P401,wikibase-item,Q471153,Clay,ready,CDLI_Material,
120336,NEEDS_QID,"MVN 21, 099",tablet,present_holding,P203,P329,wikibase-item,Q511946,State Hermitage Museum,ready,museum_FG,
120336,NEEDS_QID,"MVN 21, 099",tablet,inventory_number,P10,P10,string,Erm 14649,,ready,cdli_json,
120336,NEEDS_QID,"MVN 21, 099",tablet,finding_spot,P224,P695,wikibase-item,Q389833,Umma (mod. Tell Jokha),ready,provenience_lookup,
228753,NEEDS_QID,"AfO 29/30, 033, UM 29-16-469",tablet,cdli_id,P223,P692,external-id,P228753,,ready,cdli_json,
228753,NEEDS_QID,"AfO 29/30, 033, UM 29-16-469",tablet,instance_of,P2,P2,wikibase-item,Q512006,Clay tablet,ready,CDLI_Object,
228753,NEEDS_QID,"AfO 29/30, 033, UM 29-16-469",tablet,period,P245,P853,wikibase-item,Q512152,Old Babylonian Period,ready,CDLI_Period,
228753,NEEDS_QID,"AfO 29/30, 033, UM 29-16-469",tablet,language,P18,P18,wikibase-item,Q471149,Sumerian,ready,CDLI_Lang,
228753,NEEDS_QID,"AfO 29/30, 033, UM 29-16-469",tablet,type_of_work,P126,P121,wikibase-item,Q537054,Lexical,ready,CDLI_Genre,
228753,NEEDS_QID,"AfO 29/30, 033, UM 29-16-469",tablet,material,P391,P401,wikibase-item,Q471153,Clay,ready,CDLI_Material,
228753,NEEDS_QID,"AfO 29/30, 033, UM 29-16-469",tablet,present_holding,P203,P329,wikibase-item,Q511892,"Penn Museum, Philadelphia, Pennsylvania, USA",ready,museum_FG|factgrid_upload_table,
228753,NEEDS_QID,"AfO 29/30, 033, UM 29-16-469",tablet,inventory_number,P10,P10,string,UM 29-16-469,,ready,cdli_json,
228753,NEEDS_QID,"AfO 29/30, 033, UM 29-16-469",tablet,finding_spot,P224,P695,wikibase-item,Q390017,Nippur (mod. Nuffar),ready,provenience_lookup,
135837,NEEDS_QID,TUT 243,tablet,cdli_id,P223,P692,external-id,P135837,,ready,cdli_json,
135837,NEEDS_QID,TUT 243,tablet,instance_of,P2,P2,wikibase-item,Q512006,Clay tablet,ready,CDLI_Object,
135837,NEEDS_QID,TUT 243,tablet,period,P245,P853,wikibase-item,Q512148,Ur III Period,ready,CDLI_Period,
135837,NEEDS_QID,TUT 243,tablet,language,P18,P18,wikibase-item,Q471149,Sumerian,ready,CDLI_Lang,
135837,NEEDS_QID,TUT 243,tablet,type_of_work,P126,P121,wikibase-item,Q394396,Administrative,ready,CDLI_Genre,
135837,NEEDS_QID,TUT 243,tablet,material,P391,P401,wikibase-item,Q471153,Clay,ready,CDLI_Material,
135837,NEEDS_QID,TUT 243,tablet,present_holding,P203,P329,wikibase-item,Q510658,Vorderasiatisches Museum,ready,museum_FG,
135837,NEEDS_QID,TUT 243,tablet,inventory_number,P10,P10,string,VAT 02523,,ready,cdli_json,
135837,NEEDS_QID,TUT 243,tablet,finding_spot,P224,P695,wikibase-item,Q389832,Girsu (mod. Tello),ready,provenience_lookup,
325203,NEEDS_QID,"CUSAS 14, 099",tablet,cdli_id,P223,P692,external-id,P325203,,ready,cdli_json,
325203,NEEDS_QID,"CUSAS 14, 099",tablet,instance_of,P2,P2,wikibase-item,Q512006,Clay tablet,ready,CDLI_Object,
325203,NEEDS_QID,"CUSAS 14, 099",tablet,period,P245,P853,wikibase-item,Q512142,ED IIIb,ready,CDLI_Period,
325203,NEEDS_QID,"CUSAS 14, 099",tablet,language,P18,P18,wikibase-item,Q471149,Sumerian,ready,CDLI_Lang,
325203,NEEDS_QID,"CUSAS 14, 099",tablet,type_of_work,P126,P121,wikibase-item,Q394396,Administrative,ready,CDLI_Genre,
325203,NEEDS_QID,"CUSAS 14, 099",tablet,material,P391,P401,wikibase-item,Q471153,Clay,ready,CDLI_Material,
325203,NEEDS_QID,"CUSAS 14, 099",tablet,inventory_number,P10,P10,string,CUNES 50-10-008,,ready,cdli_json,
325203,NEEDS_QID,"CUSAS 14, 099",tablet,finding_spot,P224,P695,wikibase-item,Q389833,Umma (mod. Tell Jokha),ready,provenience_lookup,
104393,NEEDS_QID,"AUCT 3, 168",tablet,cdli_id,P223,P692,external-id,P104393,,ready,cdli_json,
104393,NEEDS_QID,"AUCT 3, 168",tablet,instance_of,P2,P2,wikibase-item,Q512006,Clay tablet,ready,CDLI_Object,
104393,NEEDS_QID,"AUCT 3, 168",tablet,period,P245,P853,wikibase-item,Q512148,Ur III Period,ready,CDLI_Period,
104393,NEEDS_QID,"AUCT 3, 168",tablet,language,P18,P18,wikibase-item,Q471149,Sumerian,ready,CDLI_Lang,
104393,NEEDS_QID,"AUCT 3, 168",tablet,type_of_work,P126,P121,wikibase-item,Q394396,Administrative,ready,CDLI_Genre,
104393,NEEDS_QID,"AUCT 3, 168",tablet,material,P391,P401,wikibase-item,Q471153,Clay,ready,CDLI_Material,
104393,NEEDS_QID,"AUCT 3, 168",tablet,inventory_number,P10,P10,string,AUAM 73.1388,,ready,cdli_json,
104393,NEEDS_QID,"AUCT 3, 168",tablet,finding_spot,P224,P695,wikibase-item,Q389903,Puzriš-Dagan (mod. Drehem),ready,provenience_lookup,
296757,NEEDS_QID,"YOS 20, 027",tablet,cdli_id,P223,P692,external-id,P296757,,ready,cdli_json,
296757,NEEDS_QID,"YOS 20, 027",tablet,instance_of,P2,P2,wikibase-item,Q512006,Clay tablet,ready,CDLI_Object,
296757,NEEDS_QID,"YOS 20, 027",tablet,period,P245,P853,wikibase-item,Q512164,Hellenistic Period,ready,CDLI_Period,
296757,NEEDS_QID,"YOS 20, 027",tablet,language,P18,P18,wikibase-item,Q471146,Akkadian,ready,CDLI_Lang,
296757,NEEDS_QID,"YOS 20, 027",tablet,type_of_work,P126,P121,wikibase-item,Q388465,Legal,ready,CDLI_Genre,
296757,NEEDS_QID,"YOS 20, 027",tablet,material,P391,P401,wikibase-item,Q471153,Clay,ready,CDLI_Material,
296757,NEEDS_QID,"YOS 20, 027",tablet,inventory_number,P10,P10,string,MLC 02181,,ready,cdli_json,
296757,NEEDS_QID,"YOS 20, 027",tablet,finding_spot,P224,P695,wikibase-item,Q390030,Uruk (mod. Warka),ready,provenience_lookup,
536526,NEEDS_QID,"AKT 9a, 020",tablet,cdli_id,P223,P692,external-id,P536526,,ready,cdli_json,
536526,NEEDS_QID,"AKT 9a, 020",tablet,instance_of,P2,P2,wikibase-item,Q512006,Clay tablet,ready,CDLI_Object,
536526,NEEDS_QID,"AKT 9a, 020",tablet,period,P245,P853,wikibase-item,Q512151,Old Assyrian Period,ready,CDLI_Period,
536526,NEEDS_QID,"AKT 9a, 020",tablet,language,P18,P18,wikibase-item,Q471146,Akkadian,ready,CDLI_Lang,
536526,NEEDS_QID,"AKT 9a, 020",tablet,material,P391,P401,wikibase-item,Q471153,Clay,ready,CDLI_Material,
536526,NEEDS_QID,"AKT 9a, 020",tablet,inventory_number,P10,P10,string,AMM —,,ready,cdli_json,
536526,NEEDS_QID,"AKT 9a, 020",tablet,finding_spot,P224,P695,wikibase-item,Q390036,Kanesh (mod. Kültepe),ready,provenience_lookup,
358733,NEEDS_QID,"CCT 4, 06, BM 115087",tablet,cdli_id,P223,P692,external-id,P358733,,ready,cdli_json,
358733,NEEDS_QID,"CCT 4, 06, BM 115087",tablet,instance_of,P2,P2,wikibase-item,Q512006,Clay tablet,ready,CDLI_Object,
358733,NEEDS_QID,"CCT 4, 06, BM 115087",tablet,period,P245,P853,wikibase-item,Q512151,Old Assyrian Period,ready,CDLI_Period,
358733,NEEDS_QID,"CCT 4, 06, BM 115087",tablet,language,P18,P18,wikibase-item,Q471146,Akkadian,ready,CDLI_Lang,
358733,NEEDS_QID,"CCT 4, 06, BM 115087",tablet,material,P391,P401,wikibase-item,Q471153,Clay,ready,CDLI_Material,
358733,NEEDS_QID,"CCT 4, 06, BM 115087",tablet,present_holding,P203,P329,wikibase-item,Q102010,British Museum Collection,ready,museum_FG,
358733,NEEDS_QID,"CCT 4, 06, BM 115087",tablet,inventory_number,P10,P10,string,BM 115087,,ready,cdli_json,
358733,NEEDS_QID,"CCT 4, 06, BM 115087",tablet,finding_spot,P224,P695,wikibase-item,Q390036,Kanesh (mod. Kültepe),ready,provenience_lookup,
393637,NEEDS_QID,"SAA 19, 085",tablet,cdli_id,P223,P692,external-id,P393637,,ready,cdli_json,
393637,NEEDS_QID,"SAA 19, 085",tablet,instance_of,P2,P2,wikibase-item,Q512006,Clay tablet,ready,CDLI_Object,
393637,NEEDS_QID,"SAA 19, 085",tablet,period,P245,P853,wikibase-item,Q512158,Neo-Assyrian Period,ready,CDLI_Period,
393637,NEEDS_QID,"SAA 19, 085",tablet,language,P18,P18,wikibase-item,Q471146,Akkadian,ready,CDLI_Lang,
393637,NEEDS_QID,"SAA 19, 085",tablet,type_of_work,P126,P121,wikibase-item,Q10510,Letter,ready,CDLI_Genre,
393637,NEEDS_QID,"SAA 19, 085",tablet,material,P391,P401,wikibase-item,Q471153,Clay,ready,CDLI_Material,
393637,NEEDS_QID,"SAA 19, 085",tablet,present_holding,P203,P329,wikibase-item,Q102010,British Museum Collection,ready,museum_FG,
393637,NEEDS_QID,"SAA 19, 085",tablet,inventory_number,P10,P10,string,BM —,,ready,cdli_json,
393637,NEEDS_QID,"SAA 19, 085",tablet,finding_spot,P224,P695,wikibase-item,Q390020,Nimrud,ready,provenience_lookup,
291092,NEEDS_QID,NBC 02415,tablet,cdli_id,P223,P692,external-id,P291092,,ready,cdli_json,
291092,NEEDS_QID,NBC 02415,tablet,instance_of,P2,P2,wikibase-item,Q512006,Clay tablet,ready,CDLI_Object,
291092,NEEDS_QID,NBC 02415,tablet,period,P245,P853,wikibase-item,Q512148,Ur III Period,ready,CDLI_Period,
291092,NEEDS_QID,NBC 02415,tablet,language,P18,P18,wikibase-item,Q471149,Sumerian,ready,CDLI_Lang,
291092,NEEDS_QID,NBC 02415,tablet,type_of_work,P126,P121,wikibase-item,Q394396,Administrative,ready,CDLI_Genre,
291092,NEEDS_QID,NBC 02415,tablet,material,P391,P401,wikibase-item,Q471153,Clay,ready,CDLI_Material,
291092,NEEDS_QID,NBC 02415,tablet,present_holding,P203,P329,wikibase-item,Q511899,"Nies Babylonian Collection, Yale Babylonian Collection",ready,museum_FG,
291092,NEEDS_QID,NBC 02415,tablet,inventory_number,P10,P10,string,NBC 02415,,ready,cdli_json,
291092,NEEDS_QID,NBC 02415,tablet,finding_spot,P224,P695,wikibase-item,Q389833,Umma (mod. Tell Jokha),ready,provenience_lookup,
345802,NEEDS_QID,"OECT 05, 21",tablet,cdli_id,P223,P692,external-id,P345802,,ready,cdli_json,
345802,NEEDS_QID,"OECT 05, 21",tablet,instance_of,P2,P2,wikibase-item,Q512006,Clay tablet,ready,CDLI_Object,
345802,NEEDS_QID,"OECT 05, 21",tablet,period,P245,P853,wikibase-item,Q512152,Old Babylonian Period,ready,CDLI_Period,
345802,NEEDS_QID,"OECT 05, 21",tablet,language,P18,P18,wikibase-item,Q471149,Sumerian,ready,CDLI_Lang,
345802,NEEDS_QID,"OECT 05, 21",tablet,type_of_work,P126,P121,wikibase-item,Q245823,Incantation,ready,CDLI_Genre,
345802,NEEDS_QID,"OECT 05, 21",tablet,material,P391,P401,wikibase-item,Q471153,Clay,ready,CDLI_Material,
345802,NEEDS_QID,"OECT 05, 21",tablet,present_holding,P203,P329,wikibase-item,Q511934,Ashmolean Museum,ready,museum_FG,
345802,NEEDS_QID,"OECT 05, 21",tablet,inventory_number,P10,P10,string,Ashm 1949-0791 =? Bod S 301,,ready,cdli_json,
103456,NEEDS_QID,"AUCT 1, 611",tablet,cdli_id,P223,P692,external-id,P103456,,ready,cdli_json,
103456,NEEDS_QID,"AUCT 1, 611",tablet,instance_of,P2,P2,wikibase-item,Q512006,Clay tablet,ready,CDLI_Object,
103456,NEEDS_QID,"AUCT 1, 611",tablet,period,P245,P853,wikibase-item,Q512148,Ur III Period,ready,CDLI_Period,
103456,NEEDS_QID,"AUCT 1, 611",tablet,language,P18,P18,wikibase-item,Q471149,Sumerian,ready,CDLI_Lang,
103456,NEEDS_QID,"AUCT 1, 611",tablet,type_of_work,P126,P121,wikibase-item,Q394396,Administrative,ready,CDLI_Genre,
103456,NEEDS_QID,"AUCT 1, 611",tablet,material,P391,P401,wikibase-item,Q471153,Clay,ready,CDLI_Material,
103456,NEEDS_QID,"AUCT 1, 611",tablet,inventory_number,P10,P10,string,AUAM 73.1515,,ready,cdli_json,
103456,NEEDS_QID,"AUCT 1, 611",tablet,finding_spot,P224,P695,wikibase-item,Q389903,Puzriš-Dagan (mod. Drehem),ready,provenience_lookup,
128706,NEEDS_QID,SA 071,tablet,cdli_id,P223,P692,external-id,P128706,,ready,cdli_json,
128706,NEEDS_QID,SA 071,tablet,instance_of,P2,P2,wikibase-item,Q512006,Clay tablet,ready,CDLI_Object,
128706,NEEDS_QID,SA 071,tablet,period,P245,P853,wikibase-item,Q512148,Ur III Period,ready,CDLI_Period,
128706,NEEDS_QID,SA 071,tablet,language,P18,P18,wikibase-item,Q471149,Sumerian,ready,CDLI_Lang,
128706,NEEDS_QID,SA 071,tablet,type_of_work,P126,P121,wikibase-item,Q394396,Administrative,ready,CDLI_Genre,
128706,NEEDS_QID,SA 071,tablet,material,P391,P401,wikibase-item,Q471153,Clay,ready,CDLI_Material,
128706,NEEDS_QID,SA 071,tablet,inventory_number,P10,P10,string,ICP —,,ready,cdli_json,
128706,NEEDS_QID,SA 071,tablet,finding_spot,P224,P695,wikibase-item,Q389833,Umma (mod. Tell Jokha),ready,provenience_lookup,
217010,NEEDS_QID,RTC 238,tablet,cdli_id,P223,P692,external-id,P217010,,ready,cdli_json,
217010,NEEDS_QID,RTC 238,tablet,instance_of,P2,P2,wikibase-item,Q512006,Clay tablet,ready,CDLI_Object,
217010,NEEDS_QID,RTC 238,tablet,period,P245,P853,wikibase-item,Q512144,Old Akkadian Period,ready,CDLI_Period,
217010,NEEDS_QID,RTC 238,tablet,type_of_work,P126,P121,wikibase-item,Q394396,Administrative,ready,CDLI_Genre,
217010,NEEDS_QID,RTC 238,tablet,material,P391,P401,wikibase-item,Q471153,Clay,ready,CDLI_Material,
217010,NEEDS_QID,RTC 238,tablet,present_holding,P203,P329,wikibase-item,Q511925,Louvre Collection,ready,museum_FG,
217010,NEEDS_QID,RTC 238,tablet,inventory_number,P10,P10,string,AO 03535,,ready,cdli_json,
217010,NEEDS_QID,RTC 238,tablet,finding_spot,P224,P695,wikibase-item,Q389832,Girsu (mod. Tello),ready,provenience_lookup,
479205,NEEDS_QID,"BTT pl. 06, BM 034798",tablet,cdli_id,P223,P692,external-id,P479205,,ready,cdli_json,
479205,NEEDS_QID,"BTT pl. 06, BM 034798",tablet,instance_of,P2,P2,wikibase-item,Q512006,Clay tablet,ready,CDLI_Object,
479205,NEEDS_QID,"BTT pl. 06, BM 034798",tablet,language,P18,P18,wikibase-item,Q471146,Akkadian,ready,CDLI_Lang,
479205,NEEDS_QID,"BTT pl. 06, BM 034798",tablet,language,P18,P18,wikibase-item,Q471146,Greek,ready,CDLI_Lang,
479205,NEEDS_QID,"BTT pl. 06, BM 034798",tablet,type_of_work,P126,P121,wikibase-item,Q537054,Lexical,ready,CDLI_Genre,
479205,NEEDS_QID,"BTT pl. 06, BM 034798",tablet,material,P391,P401,wikibase-item,Q471153,Clay,ready,CDLI_Material,
479205,NEEDS_QID,"BTT pl. 06, BM 034798",tablet,present_holding,P203,P329,wikibase-item,Q102010,British Museum Collection,ready,museum_FG,
479205,NEEDS_QID,"BTT pl. 06, BM 034798",tablet,inventory_number,P10,P10,string,BM 034798,,ready,cdli_json,
479205,NEEDS_QID,"BTT pl. 06, BM 034798",tablet,finding_spot,P224,P695,wikibase-item,Q389820,Babylon,ready,provenience_lookup,
499051,NEEDS_QID,"AKT 6a, 244",tablet,cdli_id,P223,P692,external-id,P499051,,ready,cdli_json,
499051,NEEDS_QID,"AKT 6a, 244",tablet,instance_of,P2,P2,wikibase-item,Q512006,Clay tablet,ready,CDLI_Object,
499051,NEEDS_QID,"AKT 6a, 244",tablet,period,P245,P853,wikibase-item,Q512151,Old Assyrian Period,ready,CDLI_Period,
499051,NEEDS_QID,"AKT 6a, 244",tablet,language,P18,P18,wikibase-item,Q471146,Akkadian,ready,CDLI_Lang,
499051,NEEDS_QID,"AKT 6a, 244",tablet,type_of_work,P126,P121,wikibase-item,Q10510,Letter,ready,CDLI_Genre,
499051,NEEDS_QID,"AKT 6a, 244",tablet,material,P391,P401,wikibase-item,Q471153,Clay,ready,CDLI_Material,
499051,NEEDS_QID,"AKT 6a, 244",tablet,inventory_number,P10,P10,string,AMM —,,ready,cdli_json,
499051,NEEDS_QID,"AKT 6a, 244",tablet,finding_spot,P224,P695,wikibase-item,Q390036,Kanesh (mod. Kültepe),ready,provenience_lookup,
136718,NEEDS_QID,"UET 3, 0396",tablet,cdli_id,P223,P692,external-id,P136718,,ready,cdli_json,
136718,NEEDS_QID,"UET 3, 0396",tablet,instance_of,P2,P2,wikibase-item,Q512006,Clay tablet,ready,CDLI_Object,
136718,NEEDS_QID,"UET 3, 0396",tablet,period,P245,P853,wikibase-item,Q512148,Ur III Period,ready,CDLI_Period,
136718,NEEDS_QID,"UET 3, 0396",tablet,language,P18,P18,wikibase-item,Q471149,Sumerian,ready,CDLI_Lang,
136718,NEEDS_QID,"UET 3, 0396",tablet,type_of_work,P126,P121,wikibase-item,Q394396,Administrative,ready,CDLI_Genre,
136718,NEEDS_QID,"UET 3, 0396",tablet,material,P391,P401,wikibase-item,Q471153,Clay,ready,CDLI_Material,
136718,NEEDS_QID,"UET 3, 0396",tablet,present_holding,P203,P329,wikibase-item,Q102010,British Museum Collection,ready,museum_FG,
136718,NEEDS_QID,"UET 3, 0396",tablet,inventory_number,P10,P10,string,BM 130196,,ready,cdli_json,
136718,NEEDS_QID,"UET 3, 0396",tablet,finding_spot,P224,P695,wikibase-item,Q389877,Ur (mod. Tell Muqayyar),ready,provenience_lookup,
368385,NEEDS_QID,CDLJ 2007/1 §3.34,tablet,cdli_id,P223,P692,external-id,P368385,,ready,cdli_json,
368385,NEEDS_QID,CDLJ 2007/1 §3.34,tablet,instance_of,P2,P2,wikibase-item,Q512006,Clay tablet,ready,CDLI_Object,
368385,NEEDS_QID,CDLJ 2007/1 §3.34,tablet,period,P245,P853,wikibase-item,Q512148,Ur III Period,ready,CDLI_Period,
368385,NEEDS_QID,CDLJ 2007/1 §3.34,tablet,language,P18,P18,wikibase-item,Q471149,Sumerian,ready,CDLI_Lang,
368385,NEEDS_QID,CDLJ 2007/1 §3.34,tablet,type_of_work,P126,P121,wikibase-item,Q394396,Administrative,ready,CDLI_Genre,
368385,NEEDS_QID,CDLJ 2007/1 §3.34,tablet,material,P391,P401,wikibase-item,Q471153,Clay,ready,CDLI_Material,
368385,NEEDS_QID,CDLJ 2007/1 §3.34,tablet,inventory_number,P10,P10,string,KVM 32.1169,,ready,cdli_json,
368385,NEEDS_QID,CDLJ 2007/1 §3.34,tablet,finding_spot,P224,P695,wikibase-item,Q389832,Girsu (mod. Tello),ready,provenience_lookup,
134725,NEEDS_QID,Trouvaille 52,tablet,cdli_id,P223,P692,external-id,P134725,,ready,cdli_json,
134725,NEEDS_QID,Trouvaille 52,tablet,instance_of,P2,P2,wikibase-item,Q512006,Clay tablet,ready,CDLI_Object,
134725,NEEDS_QID,Trouvaille 52,tablet,period,P245,P853,wikibase-item,Q512148,Ur III Period,ready,CDLI_Period,
134725,NEEDS_QID,Trouvaille 52,tablet,language,P18,P18,wikibase-item,Q471149,Sumerian,ready,CDLI_Lang,
134725,NEEDS_QID,Trouvaille 52,tablet,type_of_work,P126,P121,wikibase-item,Q394396,Administrative,ready,CDLI_Genre,
134725,NEEDS_QID,Trouvaille 52,tablet,material,P391,P401,wikibase-item,Q471153,Clay,ready,CDLI_Material,
134725,NEEDS_QID,Trouvaille 52,tablet,present_holding,P203,P329,wikibase-item,Q511898,Istanbul Archaeology Museum,ready,museum_FG,
134725,NEEDS_QID,Trouvaille 52,tablet,inventory_number,P10,P10,string,Ist PD —,,ready,cdli_json,
134725,NEEDS_QID,Trouvaille 52,tablet,finding_spot,P224,P695,wikibase-item,Q389903,Puzriš-Dagan (mod. Drehem),ready,provenience_lookup,
212212,NEEDS_QID,"Hermitage 3, 031",tablet,cdli_id,P223,P692,external-id,P212212,,ready,cdli_json,
212212,NEEDS_QID,"Hermitage 3, 031",tablet,instance_of,P2,P2,wikibase-item,Q512006,Clay tablet,ready,CDLI_Object,
212212,NEEDS_QID,"Hermitage 3, 031",tablet,period,P245,P853,wikibase-item,Q512148,Ur III Period,ready,CDLI_Period,
212212,NEEDS_QID,"Hermitage 3, 031",tablet,language,P18,P18,wikibase-item,Q471149,Sumerian,ready,CDLI_Lang,
212212,NEEDS_QID,"Hermitage 3, 031",tablet,type_of_work,P126,P121,wikibase-item,Q394396,Administrative,ready,CDLI_Genre,
212212,NEEDS_QID,"Hermitage 3, 031",tablet,material,P391,P401,wikibase-item,Q471153,Clay,ready,CDLI_Material,
212212,NEEDS_QID,"Hermitage 3, 031",tablet,present_holding,P203,P329,wikibase-item,Q511946,State Hermitage Museum,ready,museum_FG,
212212,NEEDS_QID,"Hermitage 3, 031",tablet,inventory_number,P10,P10,string,Erm 14942,,ready,cdli_json,
212212,NEEDS_QID,"Hermitage 3, 031",tablet,finding_spot,P224,P695,wikibase-item,Q389832,Girsu (mod. Tello),ready,provenience_lookup,
131527,NEEDS_QID,"SAT 1, 424",tablet,cdli_id,P223,P692,external-id,P131527,,ready,cdli_json,
131527,NEEDS_QID,"SAT 1, 424",tablet,instance_of,P2,P2,wikibase-item,Q512006,Clay tablet,ready,CDLI_Object,
131527,NEEDS_QID,"SAT 1, 424",tablet,period,P245,P853,wikibase-item,Q512148,Ur III Period,ready,CDLI_Period,
131527,NEEDS_QID,"SAT 1, 424",tablet,language,P18,P18,wikibase-item,Q471149,Sumerian,ready,CDLI_Lang,
131527,NEEDS_QID,"SAT 1, 424",tablet,type_of_work,P126,P121,wikibase-item,Q394396,Administrative,ready,CDLI_Genre,
131527,NEEDS_QID,"SAT 1, 424",tablet,material,P391,P401,wikibase-item,Q471153,Clay,ready,CDLI_Material,
131527,NEEDS_QID,"SAT 1, 424",tablet,present_holding,P203,P329,wikibase-item,Q102010,British Museum Collection,ready,museum_FG,
131527,NEEDS_QID,"SAT 1, 424",tablet,inventory_number,P10,P10,string,BM 020028,,ready,cdli_json,
131527,NEEDS_QID,"SAT 1, 424",tablet,finding_spot,P224,P695,wikibase-item,Q389832,Girsu (mod. Tello),ready,provenience_lookup,
107946,NEEDS_QID,CST (JRL) 431,tablet,cdli_id,P223,P692,external-id,P107946,,ready,cdli_json,
107946,NEEDS_QID,CST (JRL) 431,tablet,instance_of,P2,P2,wikibase-item,Q512006,Clay tablet,ready,CDLI_Object,
107946,NEEDS_QID,CST (JRL) 431,tablet,period,P245,P853,wikibase-item,Q512148,Ur III Period,ready,CDLI_Period,
107946,NEEDS_QID,CST (JRL) 431,tablet,language,P18,P18,wikibase-item,Q471149,Sumerian,ready,CDLI_Lang,
107946,NEEDS_QID,CST (JRL) 431,tablet,type_of_work,P126,P121,wikibase-item,Q394396,Administrative,ready,CDLI_Genre,
107946,NEEDS_QID,CST (JRL) 431,tablet,material,P391,P401,wikibase-item,Q471153,Clay,ready,CDLI_Material,
107946,NEEDS_QID,CST (JRL) 431,tablet,present_holding,P203,P329,wikibase-item,Q511942,John Rylands Research Institute and Library,ready,museum_FG,
107946,NEEDS_QID,CST (JRL) 431,tablet,inventory_number,P10,P10,string,JRL 0431,,ready,cdli_json,
107946,NEEDS_QID,CST (JRL) 431,tablet,finding_spot,P224,P695,wikibase-item,Q389903,Puzriš-Dagan (mod. Drehem),ready,provenience_lookup,
518474,NEEDS_QID,"RINBE 2, Neriglissar 03, ex. 03",barrel,cdli_id,P223,P692,external-id,P518474,,ready,cdli_json,
518474,NEEDS_QID,"RINBE 2, Neriglissar 03, ex. 03",barrel,instance_of,P2,P2,wikibase-item,Q512006,Clay barrel,ready,CDLI_Object,
518474,NEEDS_QID,"RINBE 2, Neriglissar 03, ex. 03",barrel,period,P245,P853,wikibase-item,Q512161,Neo-Babylonian Period,ready,CDLI_Period,
518474,NEEDS_QID,"RINBE 2, Neriglissar 03, ex. 03",barrel,language,P18,P18,wikibase-item,Q471146,Akkadian,ready,CDLI_Lang,
518474,NEEDS_QID,"RINBE 2, Neriglissar 03, ex. 03",barrel,type_of_work,P126,P121,wikibase-item,Q537039,Official or display,ready,CDLI_Genre|factgrid_upload_table,
518474,NEEDS_QID,"RINBE 2, Neriglissar 03, ex. 03",barrel,material,P391,P401,wikibase-item,Q471153,Clay,ready,CDLI_Material,
518474,NEEDS_QID,"RINBE 2, Neriglissar 03, ex. 03",barrel,present_holding,P203,P329,wikibase-item,Q510658,Vorderasiatisches Museum,ready,museum_FG,
518474,NEEDS_QID,"RINBE 2, Neriglissar 03, ex. 03",barrel,inventory_number,P10,P10,string,VA Bab 00620,,ready,cdli_json,
518474,NEEDS_QID,"RINBE 2, Neriglissar 03, ex. 03",barrel,finding_spot,P224,P695,wikibase-item,Q389820,Babylon,ready,provenience_lookup,
101191,NEEDS_QID,"AnOr 01, 200",tablet,cdli_id,P223,P692,external-id,P101191,,ready,cdli_json,
101191,NEEDS_QID,"AnOr 01, 200",tablet,instance_of,P2,P2,wikibase-item,Q512006,Clay tablet,ready,CDLI_Object,
101191,NEEDS_QID,"AnOr 01, 200",tablet,period,P245,P853,wikibase-item,Q512148,Ur III Period,ready,CDLI_Period,
101191,NEEDS_QID,"AnOr 01, 200",tablet,language,P18,P18,wikibase-item,Q471149,Sumerian,ready,CDLI_Lang,
101191,NEEDS_QID,"AnOr 01, 200",tablet,type_of_work,P126,P121,wikibase-item,Q394396,Administrative,ready,CDLI_Genre,
101191,NEEDS_QID,"AnOr 01, 200",tablet,material,P391,P401,wikibase-item,Q471153,Clay,ready,CDLI_Material,
101191,NEEDS_QID,"AnOr 01, 200",tablet,present_holding,P203,P329,wikibase-item,Q172028,Bibliothèque Nationale et Universitaire de Strasbourg Collection,ready,museum_FG,
101191,NEEDS_QID,"AnOr 01, 200",tablet,inventory_number,P10,P10,string,BNUS 040,,ready,cdli_json,
101191,NEEDS_QID,"AnOr 01, 200",tablet,finding_spot,P224,P695,wikibase-item,Q389833,Umma (mod. Tell Jokha),ready,provenience_lookup,
220699,NEEDS_QID,DP 049,tablet,cdli_id,P223,P692,external-id,P220699,,ready,cdli_json,
220699,NEEDS_QID,DP 049,tablet,instance_of,P2,P2,wikibase-item,Q512006,Clay tablet,ready,CDLI_Object,
220699,NEEDS_QID,DP 049,tablet,period,P245,P853,wikibase-item,Q512142,ED IIIb,ready,CDLI_Period,
220699,NEEDS_QID,DP 049,tablet,language,P18,P18,wikibase-item,Q471149,Sumerian,ready,CDLI_Lang,
220699,NEEDS_QID,DP 049,tablet,type_of_work,P126,P121,wikibase-item,Q394396,Administrative,ready,CDLI_Genre,
220699,NEEDS_QID,DP 049,tablet,material,P391,P401,wikibase-item,Q471153,Clay,ready,CDLI_Material,
220699,NEEDS_QID,DP 049,tablet,present_holding,P203,P329,wikibase-item,Q511925,Louvre Collection,ready,museum_FG,
220699,NEEDS_QID,DP 049,tablet,inventory_number,P10,P10,string,AO 13257,,ready,cdli_json,
220699,NEEDS_QID,DP 049,tablet,finding_spot,P224,P695,wikibase-item,Q389832,Girsu (mod. Tello),ready,provenience_lookup,
106654,NEEDS_QID,"BIN 05, 220",tablet,cdli_id,P223,P692,external-id,P106654,,ready,cdli_json,
106654,NEEDS_QID,"BIN 05, 220",tablet,instance_of,P2,P2,wikibase-item,Q512006,Clay tablet,ready,CDLI_Object,
106654,NEEDS_QID,"BIN 05, 220",tablet,period,P245,P853,wikibase-item,Q512148,Ur III Period,ready,CDLI_Period,
106654,NEEDS_QID,"BIN 05, 220",tablet,language,P18,P18,wikibase-item,Q471149,Sumerian,ready,CDLI_Lang,
106654,NEEDS_QID,"BIN 05, 220",tablet,type_of_work,P126,P121,wikibase-item,Q394396,Administrative,ready,CDLI_Genre,
106654,NEEDS_QID,"BIN 05, 220",tablet,material,P391,P401,wikibase-item,Q471153,Clay,ready,CDLI_Material,
106654,NEEDS_QID,"BIN 05, 220",tablet,present_holding,P203,P329,wikibase-item,Q511899,"Nies Babylonian Collection, Yale Babylonian Collection",ready,museum_FG,
106654,NEEDS_QID,"BIN 05, 220",tablet,inventory_number,P10,P10,string,NBC 01396,,ready,cdli_json,
106654,NEEDS_QID,"BIN 05, 220",tablet,finding_spot,P224,P695,wikibase-item,Q389833,Umma (mod. Tell Jokha),ready,provenience_lookup,
119958,NEEDS_QID,"MVN 18, 597",tablet,cdli_id,P223,P692,external-id,P119958,,ready,cdli_json,
119958,NEEDS_QID,"MVN 18, 597",tablet,instance_of,P2,P2,wikibase-item,Q512006,Clay tablet,ready,CDLI_Object,
119958,NEEDS_QID,"MVN 18, 597",tablet,period,P245,P853,wikibase-item,Q512148,Ur III Period,ready,CDLI_Period,
119958,NEEDS_QID,"MVN 18, 597",tablet,language,P18,P18,wikibase-item,Q471149,Sumerian,ready,CDLI_Lang,
119958,NEEDS_QID,"MVN 18, 597",tablet,type_of_work,P126,P121,wikibase-item,Q394396,Administrative,ready,CDLI_Genre,
119958,NEEDS_QID,"MVN 18, 597",tablet,material,P391,P401,wikibase-item,Q471153,Clay,ready,CDLI_Material,
119958,NEEDS_QID,"MVN 18, 597",tablet,present_holding,P203,P329,wikibase-item,Q511901,Montserrat Museum,ready,museum_FG,
119958,NEEDS_QID,"MVN 18, 597",tablet,inventory_number,P10,P10,string,MM 0800,,ready,cdli_json,
119958,NEEDS_QID,"MVN 18, 597",tablet,finding_spot,P224,P695,wikibase-item,Q389833,Umma (mod. Tell Jokha),ready,provenience_lookup,
531719,NEEDS_QID,Elamica 11 KHT330,tablet,cdli_id,P223,P692,external-id,P531719,,ready,cdli_json,
531719,NEEDS_QID,Elamica 11 KHT330,tablet,instance_of,P2,P2,wikibase-item,Q512006,Clay tablet,ready,CDLI_Object,
531719,NEEDS_QID,Elamica 11 KHT330,tablet,period,P245,P853,wikibase-item,Q512156,Middle Elamite Period,ready,CDLI_Period,
531719,NEEDS_QID,Elamica 11 KHT330,tablet,language,P18,P18,wikibase-item,Q471146,Akkadian,ready,CDLI_Lang,
531719,NEEDS_QID,Elamica 11 KHT330,tablet,type_of_work,P126,P121,wikibase-item,Q394396,Administrative,ready,CDLI_Genre,
531719,NEEDS_QID,Elamica 11 KHT330,tablet,material,P391,P401,wikibase-item,Q471153,Clay,ready,CDLI_Material,
531719,NEEDS_QID,Elamica 11 KHT330,tablet,inventory_number,P10,P10,string,HT_07-25-153,,ready,cdli_json,
531719,NEEDS_QID,Elamica 11 KHT330,tablet,finding_spot,P224,P695,wikibase-item,Q390027,Kabnak (mod. Haft Tepe),ready,provenience_lookup,
20054,NEEDS_QID,"VS 14, 040",tablet,cdli_id,P223,P692,external-id,P020054,,ready,cdli_json,
20054,NEEDS_QID,"VS 14, 040",tablet,instance_of,P2,P2,wikibase-item,Q512006,Clay tablet,ready,CDLI_Object,
20054,NEEDS_QID,"VS 14, 040",tablet,period,P245,P853,wikibase-item,Q512142,ED IIIb,ready,CDLI_Period,
20054,NEEDS_QID,"VS 14, 040",tablet,language,P18,P18,wikibase-item,Q471149,Sumerian,ready,CDLI_Lang,
20054,NEEDS_QID,"VS 14, 040",tablet,type_of_work,P126,P121,wikibase-item,Q394396,Administrative,ready,CDLI_Genre,
20054,NEEDS_QID,"VS 14, 040",tablet,material,P391,P401,wikibase-item,Q471153,Clay,ready,CDLI_Material,
20054,NEEDS_QID,"VS 14, 040",tablet,present_holding,P203,P329,wikibase-item,Q510658,Vorderasiatisches Museum,ready,museum_FG,
20054,NEEDS_QID,"VS 14, 040",tablet,inventory_number,P10,P10,string,VAT 04731,,ready,cdli_json,
20054,NEEDS_QID,"VS 14, 040",tablet,finding_spot,P224,P695,wikibase-item,Q389832,Girsu (mod. Tello),ready,provenience_lookup,
125134,NEEDS_QID,"OrSP 47-49, 244",tablet,cdli_id,P223,P692,external-id,P125134,,ready,cdli_json,
125134,NEEDS_QID,"OrSP 47-49, 244",tablet,instance_of,P2,P2,wikibase-item,Q512006,Clay tablet,ready,CDLI_Object,
125134,NEEDS_QID,"OrSP 47-49, 244",tablet,period,P245,P853,wikibase-item,Q512148,Ur III Period,ready,CDLI_Period,
125134,NEEDS_QID,"OrSP 47-49, 244",tablet,language,P18,P18,wikibase-item,Q471149,Sumerian,ready,CDLI_Lang,
125134,NEEDS_QID,"OrSP 47-49, 244",tablet,type_of_work,P126,P121,wikibase-item,Q394396,Administrative,ready,CDLI_Genre,
125134,NEEDS_QID,"OrSP 47-49, 244",tablet,material,P391,P401,wikibase-item,Q471153,Clay,ready,CDLI_Material,
125134,NEEDS_QID,"OrSP 47-49, 244",tablet,present_holding,P203,P329,wikibase-item,Q510658,Vorderasiatisches Museum,ready,museum_FG,
125134,NEEDS_QID,"OrSP 47-49, 244",tablet,inventory_number,P10,P10,string,VAT 07299,,ready,cdli_json,
125134,NEEDS_QID,"OrSP 47-49, 244",tablet,finding_spot,P224,P695,wikibase-item,Q389833,Umma (mod. Tell Jokha),ready,provenience_lookup,
303761,NEEDS_QID,"BPOA 07, 2964",tablet,cdli_id,P223,P692,external-id,P303761,,ready,cdli_json,
303761,NEEDS_QID,"BPOA 07, 2964",tablet,instance_of,P2,P2,wikibase-item,Q512006,Clay tablet,ready,CDLI_Object,
303761,NEEDS_QID,"BPOA 07, 2964",tablet,period,P245,P853,wikibase-item,Q512148,Ur III Period,ready,CDLI_Period,
303761,NEEDS_QID,"BPOA 07, 2964",tablet,language,P18,P18,wikibase-item,Q471149,Sumerian,ready,CDLI_Lang,
303761,NEEDS_QID,"BPOA 07, 2964",tablet,type_of_work,P126,P121,wikibase-item,Q394396,Administrative,ready,CDLI_Genre,
303761,NEEDS_QID,"BPOA 07, 2964",tablet,material,P391,P401,wikibase-item,Q471153,Clay,ready,CDLI_Material,
303761,NEEDS_QID,"BPOA 07, 2964",tablet,present_holding,P203,P329,wikibase-item,Q511899,"Newell Collections of Babylonian Tablets, Yale Babylonian Collection",ready,museum_FG,
303761,NEEDS_QID,"BPOA 07, 2964",tablet,inventory_number,P10,P10,string,NCBT 01720,,ready,cdli_json,
303761,NEEDS_QID,"BPOA 07, 2964",tablet,finding_spot,P224,P695,wikibase-item,Q389833,Umma (mod. Tell Jokha),ready,provenience_lookup,
127109,NEEDS_QID,"Princeton 1, 420",tablet,cdli_id,P223,P692,external-id,P127109,,ready,cdli_json,
127109,NEEDS_QID,"Princeton 1, 420",tablet,instance_of,P2,P2,wikibase-item,Q512006,Clay tablet,ready,CDLI_Object,
127109,NEEDS_QID,"Princeton 1, 420",tablet,period,P245,P853,wikibase-item,Q512148,Ur III Period,ready,CDLI_Period,
127109,NEEDS_QID,"Princeton 1, 420",tablet,language,P18,P18,wikibase-item,Q471149,Sumerian,ready,CDLI_Lang,
127109,NEEDS_QID,"Princeton 1, 420",tablet,type_of_work,P126,P121,wikibase-item,Q394396,Administrative,ready,CDLI_Genre,
127109,NEEDS_QID,"Princeton 1, 420",tablet,material,P391,P401,wikibase-item,Q471153,Clay,ready,CDLI_Material,
127109,NEEDS_QID,"Princeton 1, 420",tablet,present_holding,P203,P329,wikibase-item,Q511896,Princeton Theological Seminary Collection,ready,museum_FG,
127109,NEEDS_QID,"Princeton 1, 420",tablet,inventory_number,P10,P10,string,PTS 0338,,ready,cdli_json,
127109,NEEDS_QID,"Princeton 1, 420",tablet,finding_spot,P224,P695,wikibase-item,Q389833,Umma (mod. Tell Jokha),ready,provenience_lookup,
112247,NEEDS_QID,"JCS 40, 113 4",tablet,cdli_id,P223,P692,external-id,P112247,,ready,cdli_json,
112247,NEEDS_QID,"JCS 40, 113 4",tablet,instance_of,P2,P2,wikibase-item,Q512006,Clay tablet,ready,CDLI_Object,
112247,NEEDS_QID,"JCS 40, 113 4",tablet,period,P245,P853,wikibase-item,Q512148,Ur III Period,ready,CDLI_Period,
112247,NEEDS_QID,"JCS 40, 113 4",tablet,language,P18,P18,wikibase-item,Q471149,Sumerian,ready,CDLI_Lang,
112247,NEEDS_QID,"JCS 40, 113 4",tablet,type_of_work,P126,P121,wikibase-item,Q394396,Administrative,ready,CDLI_Genre,
112247,NEEDS_QID,"JCS 40, 113 4",tablet,material,P391,P401,wikibase-item,Q471153,Clay,ready,CDLI_Material,
112247,NEEDS_QID,"JCS 40, 113 4",tablet,inventory_number,P10,P10,string,Bensing —,,ready,cdli_json,
112247,NEEDS_QID,"JCS 40, 113 4",tablet,finding_spot,P224,P695,wikibase-item,Q389903,Puzriš-Dagan (mod. Drehem),ready,provenience_lookup,
139117,NEEDS_QID,"UET 9, 0987",tablet,cdli_id,P223,P692,external-id,P139117,,ready,cdli_json,
139117,NEEDS_QID,"UET 9, 0987",tablet,instance_of,P2,P2,wikibase-item,Q512006,Clay tablet,ready,CDLI_Object,
139117,NEEDS_QID,"UET 9, 0987",tablet,period,P245,P853,wikibase-item,Q512148,Ur III Period,ready,CDLI_Period,
139117,NEEDS_QID,"UET 9, 0987",tablet,language,P18,P18,wikibase-item,Q471149,Sumerian,ready,CDLI_Lang,
139117,NEEDS_QID,"UET 9, 0987",tablet,type_of_work,P126,P121,wikibase-item,Q394396,Administrative,ready,CDLI_Genre,
139117,NEEDS_QID,"UET 9, 0987",tablet,material,P391,P401,wikibase-item,Q471153,Clay,ready,CDLI_Material,
139117,NEEDS_QID,"UET 9, 0987",tablet,present_holding,P203,P329,wikibase-item,Q511874,Iraq Museum,ready,museum_FG,
139117,NEEDS_QID,"UET 9, 0987",tablet,inventory_number,P10,P10,string,IM — ?,,ready,cdli_json,
139117,NEEDS_QID,"UET 9, 0987",tablet,finding_spot,P224,P695,wikibase-item,Q389877,Ur (mod. Tell Muqayyar),ready,provenience_lookup,
334412,NEEDS_QID,ABL 0599,tablet,cdli_id,P223,P692,external-id,P334412,,ready,cdli_json,
334412,NEEDS_QID,ABL 0599,tablet,instance_of,P2,P2,wikibase-item,Q512006,Clay tablet,ready,CDLI_Object,
334412,NEEDS_QID,ABL 0599,tablet,period,P245,P853,wikibase-item,Q512158,Neo-Assyrian Period,ready,CDLI_Period,
334412,NEEDS_QID,ABL 0599,tablet,language,P18,P18,wikibase-item,Q471146,Akkadian,ready,CDLI_Lang,
334412,NEEDS_QID,ABL 0599,tablet,type_of_work,P126,P121,wikibase-item,Q10510,Letter,ready,CDLI_Genre,
334412,NEEDS_QID,ABL 0599,tablet,material,P391,P401,wikibase-item,Q471153,Clay,ready,CDLI_Material,
334412,NEEDS_QID,ABL 0599,tablet,present_holding,P203,P329,wikibase-item,Q102010,British Museum Collection,ready,museum_FG,
334412,NEEDS_QID,ABL 0599,tablet,inventory_number,P10,P10,string,BM —,,ready,cdli_json,
334412,NEEDS_QID,ABL 0599,tablet,finding_spot,P224,P695,wikibase-item,Q390025,Nīnūa,ready,provenience_lookup,
144427,NEEDS_QID,"SAT 3, 1227",tablet,cdli_id,P223,P692,external-id,P144427,,ready,cdli_json,
144427,NEEDS_QID,"SAT 3, 1227",tablet,instance_of,P2,P2,wikibase-item,Q512006,Clay tablet,ready,CDLI_Object,
144427,NEEDS_QID,"SAT 3, 1227",tablet,period,P245,P853,wikibase-item,Q512148,Ur III Period,ready,CDLI_Period,
144427,NEEDS_QID,"SAT 3, 1227",tablet,language,P18,P18,wikibase-item,Q471149,Sumerian,ready,CDLI_Lang,
144427,NEEDS_QID,"SAT 3, 1227",tablet,type_of_work,P126,P121,wikibase-item,Q394396,Administrative,ready,CDLI_Genre,
144427,NEEDS_QID,"SAT 3, 1227",tablet,material,P391,P401,wikibase-item,Q471153,Clay,ready,CDLI_Material,
144427,NEEDS_QID,"SAT 3, 1227",tablet,present_holding,P203,P329,wikibase-item,Q511899,Yale Babylonian Collection,ready,museum_FG,
144427,NEEDS_QID,"SAT 3, 1227",tablet,inventory_number,P10,P10,string,YBC 01147,,ready,cdli_json,
144427,NEEDS_QID,"SAT 3, 1227",tablet,finding_spot,P224,P695,wikibase-item,Q389833,Umma (mod. Tell Jokha),ready,provenience_lookup,
115582,NEEDS_QID,"MVN 08, 192",tablet,cdli_id,P223,P692,external-id,P115582,,ready,cdli_json,
115582,NEEDS_QID,"MVN 08, 192",tablet,instance_of,P2,P2,wikibase-item,Q512006,Clay tablet,ready,CDLI_Object,
115582,NEEDS_QID,"MVN 08, 192",tablet,period,P245,P853,wikibase-item,Q512148,Ur III Period,ready,CDLI_Period,
115582,NEEDS_QID,"MVN 08, 192",tablet,language,P18,P18,wikibase-item,Q471149,Sumerian,ready,CDLI_Lang,
115582,NEEDS_QID,"MVN 08, 192",tablet,type_of_work,P126,P121,wikibase-item,Q394396,Administrative,ready,CDLI_Genre,
115582,NEEDS_QID,"MVN 08, 192",tablet,material,P391,P401,wikibase-item,Q471153,Clay,ready,CDLI_Material,
115582,NEEDS_QID,"MVN 08, 192",tablet,present_holding,P203,P329,wikibase-item,Q511874,Iraq Museum,ready,museum_FG,
115582,NEEDS_QID,"MVN 08, 192",tablet,inventory_number,P10,P10,string,IM 043624,,ready,cdli_json,
115582,NEEDS_QID,"MVN 08, 192",tablet,finding_spot,P224,P695,wikibase-item,Q389903,Puzriš-Dagan (mod. Drehem),ready,provenience_lookup,
231572,NEEDS_QID,"CDLI Literary 000797, ex. 028",tablet,cdli_id,P223,P692,external-id,P231572,,ready,cdli_json,
231572,NEEDS_QID,"CDLI Literary 000797, ex. 028",tablet,instance_of,P2,P2,wikibase-item,Q512006,Clay tablet,ready,CDLI_Object,
231572,NEEDS_QID,"CDLI Literary 000797, ex. 028",tablet,period,P245,P853,wikibase-item,Q512152,Old Babylonian Period,ready,CDLI_Period,
231572,NEEDS_QID,"CDLI Literary 000797, ex. 028",tablet,language,P18,P18,wikibase-item,Q471149,Sumerian,ready,CDLI_Lang,
231572,NEEDS_QID,"CDLI Literary 000797, ex. 028",tablet,type_of_work,P126,P121,wikibase-item,Q245823,Wisdom or proverb,ready,CDLI_Genre|factgrid_upload_table,
231572,NEEDS_QID,"CDLI Literary 000797, ex. 028",tablet,material,P391,P401,wikibase-item,Q471153,Clay,ready,CDLI_Material,
231572,NEEDS_QID,"CDLI Literary 000797, ex. 028",tablet,present_holding,P203,P329,wikibase-item,Q511898,Istanbul Archaeology Museum,ready,museum_FG,
231572,NEEDS_QID,"CDLI Literary 000797, ex. 028",tablet,present_holding,P203,P329,wikibase-item,Q511898,"Penn Museum, Philadelphia, Pennsylvania, USA",ready,museum_FG|factgrid_upload_table,
231572,NEEDS_QID,"CDLI Literary 000797, ex. 028",tablet,inventory_number,P10,P10,string,N 3229 + N 3247 + Ist Ni 04319 + UM 29-13-458 (+) N 3257,,ready,cdli_json,
231572,NEEDS_QID,"CDLI Literary 000797, ex. 028",tablet,finding_spot,P224,P695,wikibase-item,Q390017,Nippur (mod. Nuffar),ready,provenience_lookup,
382026,NEEDS_QID,"TCBI 2/1, 20",tablet,cdli_id,P223,P692,external-id,P382026,,ready,cdli_json,
382026,NEEDS_QID,"TCBI 2/1, 20",tablet,instance_of,P2,P2,wikibase-item,Q512006,Clay tablet,ready,CDLI_Object,
382026,NEEDS_QID,"TCBI 2/1, 20",tablet,period,P245,P853,wikibase-item,Q512142,ED IIIb,ready,CDLI_Period,
382026,NEEDS_QID,"TCBI 2/1, 20",tablet,language,P18,P18,wikibase-item,Q471149,Sumerian,ready,CDLI_Lang,
382026,NEEDS_QID,"TCBI 2/1, 20",tablet,type_of_work,P126,P121,wikibase-item,Q394396,Administrative,ready,CDLI_Genre,
382026,NEEDS_QID,"TCBI 2/1, 20",tablet,material,P391,P401,wikibase-item,Q471153,Clay,ready,CDLI_Material,
382026,NEEDS_QID,"TCBI 2/1, 20",tablet,inventory_number,P10,P10,string,BdI D 37,,ready,cdli_json,
527337,NEEDS_QID,"AfO Beih 06, TH 001",tablet,cdli_id,P223,P692,external-id,P527337,,ready,cdli_json,
527337,NEEDS_QID,"AfO Beih 06, TH 001",tablet,instance_of,P2,P2,wikibase-item,Q512006,Clay tablet,ready,CDLI_Object,
527337,NEEDS_QID,"AfO Beih 06, TH 001",tablet,period,P245,P853,wikibase-item,Q512158,Neo-Assyrian Period,ready,CDLI_Period,
527337,NEEDS_QID,"AfO Beih 06, TH 001",tablet,language,P18,P18,wikibase-item,Q471146,Akkadian,ready,CDLI_Lang,
527337,NEEDS_QID,"AfO Beih 06, TH 001",tablet,type_of_work,P126,P121,wikibase-item,Q10510,Letter,ready,CDLI_Genre,
527337,NEEDS_QID,"AfO Beih 06, TH 001",tablet,material,P391,P401,wikibase-item,Q471153,Clay,ready,CDLI_Material,
527337,NEEDS_QID,"AfO Beih 06, TH 001",tablet,present_holding,P203,P329,wikibase-item,Q510658,Vorderasiatisches Museum,ready,museum_FG,
527337,NEEDS_QID,"AfO Beih 06, TH 001",tablet,inventory_number,P10,P10,string,VAT 16383 + BM 114927 + BM 114958,,ready,cdli_json,
283806,NEEDS_QID,"Nisaba 07, 02",tablet,cdli_id,P223,P692,external-id,P283806,,ready,cdli_json,
283806,NEEDS_QID,"Nisaba 07, 02",tablet,instance_of,P2,P2,wikibase-item,Q512006,Clay tablet,ready,CDLI_Object,
283806,NEEDS_QID,"Nisaba 07, 02",tablet,period,P245,P853,wikibase-item,Q512148,Ur III Period,ready,CDLI_Period,
283806,NEEDS_QID,"Nisaba 07, 02",tablet,language,P18,P18,wikibase-item,Q471149,Sumerian,ready,CDLI_Lang,
283806,NEEDS_QID,"Nisaba 07, 02",tablet,type_of_work,P126,P121,wikibase-item,Q394396,Administrative,ready,CDLI_Genre,
283806,NEEDS_QID,"Nisaba 07, 02",tablet,material,P391,P401,wikibase-item,Q471153,Clay,ready,CDLI_Material,
283806,NEEDS_QID,"Nisaba 07, 02",tablet,present_holding,P203,P329,wikibase-item,Q102010,British Museum Collection,ready,museum_FG,
283806,NEEDS_QID,"Nisaba 07, 02",tablet,inventory_number,P10,P10,string,BM 015608,,ready,cdli_json,
283806,NEEDS_QID,"Nisaba 07, 02",tablet,finding_spot,P224,P695,wikibase-item,Q389832,Girsu (mod. Tello),ready,provenience_lookup,
204796,NEEDS_QID,BM 024088,tablet,cdli_id,P223,P692,external-id,P204796,,ready,cdli_json,
204796,NEEDS_QID,BM 024088,tablet,instance_of,P2,P2,wikibase-item,Q512006,Clay tablet,ready,CDLI_Object,
204796,NEEDS_QID,BM 024088,tablet,period,P245,P853,wikibase-item,Q512148,Ur III Period,ready,CDLI_Period,
204796,NEEDS_QID,BM 024088,tablet,language,P18,P18,wikibase-item,Q471149,Sumerian,ready,CDLI_Lang,
204796,NEEDS_QID,BM 024088,tablet,type_of_work,P126,P121,wikibase-item,Q394396,Administrative,ready,CDLI_Genre,
204796,NEEDS_QID,BM 024088,tablet,material,P391,P401,wikibase-item,Q471153,Clay,ready,CDLI_Material,
204796,NEEDS_QID,BM 024088,tablet,present_holding,P203,P329,wikibase-item,Q102010,British Museum Collection,ready,museum_FG,
204796,NEEDS_QID,BM 024088,tablet,inventory_number,P10,P10,string,BM 024088,,ready,cdli_json,
204796,NEEDS_QID,BM 024088,tablet,finding_spot,P224,P695,wikibase-item,Q389832,Girsu (mod. Tello),ready,provenience_lookup,
248902,NEEDS_QID,"AAICAB 1/2, pl. 152, 1971-390",tablet,cdli_id,P223,P692,external-id,P248902,,ready,cdli_json,
248902,NEEDS_QID,"AAICAB 1/2, pl. 152, 1971-390",tablet,instance_of,P2,P2,wikibase-item,Q512006,Clay tablet,ready,CDLI_Object,
248902,NEEDS_QID,"AAICAB 1/2, pl. 152, 1971-390",tablet,period,P245,P853,wikibase-item,Q512148,Ur III Period,ready,CDLI_Period,
248902,NEEDS_QID,"AAICAB 1/2, pl. 152, 1971-390",tablet,language,P18,P18,wikibase-item,Q471149,Sumerian,ready,CDLI_Lang,
248902,NEEDS_QID,"AAICAB 1/2, pl. 152, 1971-390",tablet,type_of_work,P126,P121,wikibase-item,Q394396,Administrative,ready,CDLI_Genre,
248902,NEEDS_QID,"AAICAB 1/2, pl. 152, 1971-390",tablet,material,P391,P401,wikibase-item,Q471153,Clay,ready,CDLI_Material,
248902,NEEDS_QID,"AAICAB 1/2, pl. 152, 1971-390",tablet,present_holding,P203,P329,wikibase-item,Q511934,Ashmolean Museum,ready,museum_FG,
248902,NEEDS_QID,"AAICAB 1/2, pl. 152, 1971-390",tablet,inventory_number,P10,P10,string,Ashm 1971-0390,,ready,cdli_json,
248902,NEEDS_QID,"AAICAB 1/2, pl. 152, 1971-390",tablet,finding_spot,P224,P695,wikibase-item,Q389833,Umma (mod. Tell Jokha),ready,provenience_lookup,
386966,NEEDS_QID,"TCL 11, 151",tablet,cdli_id,P223,P692,external-id,P386966,,ready,cdli_json,
386966,NEEDS_QID,"TCL 11, 151",tablet,instance_of,P2,P2,wikibase-item,Q512006,Clay tablet,ready,CDLI_Object,
386966,NEEDS_QID,"TCL 11, 151",tablet,period,P245,P853,wikibase-item,Q512152,Old Babylonian Period,ready,CDLI_Period,
386966,NEEDS_QID,"TCL 11, 151",tablet,type_of_work,P126,P121,wikibase-item,Q394396,Account,ready,CDLI_Genre|factgrid_upload_table,
386966,NEEDS_QID,"TCL 11, 151",tablet,material,P391,P401,wikibase-item,Q471153,Clay,ready,CDLI_Material,
386966,NEEDS_QID,"TCL 11, 151",tablet,present_holding,P203,P329,wikibase-item,Q511925,Louvre Collection,ready,museum_FG,
386966,NEEDS_QID,"TCL 11, 151",tablet,inventory_number,P10,P10,string,AO 08417,,ready,cdli_json,
386966,NEEDS_QID,"TCL 11, 151",tablet,finding_spot,P224,P695,wikibase-item,Q389860,Larsa (mod. Tell as-Senkereh),ready,provenience_lookup,
120766,NEEDS_QID,NATN 068,tablet,cdli_id,P223,P692,external-id,P120766,,ready,cdli_json,
120766,NEEDS_QID,NATN 068,tablet,instance_of,P2,P2,wikibase-item,Q512006,Clay tablet,ready,CDLI_Object,
120766,NEEDS_QID,NATN 068,tablet,period,P245,P853,wikibase-item,Q512148,Ur III Period,ready,CDLI_Period,
120766,NEEDS_QID,NATN 068,tablet,language,P18,P18,wikibase-item,Q471149,Sumerian,ready,CDLI_Lang,
120766,NEEDS_QID,NATN 068,tablet,type_of_work,P126,P121,wikibase-item,Q394396,Administrative,ready,CDLI_Genre,
120766,NEEDS_QID,NATN 068,tablet,material,P391,P401,wikibase-item,Q471153,Clay,ready,CDLI_Material,
120766,NEEDS_QID,NATN 068,tablet,present_holding,P203,P329,wikibase-item,Q511892,"Penn Museum, Philadelphia, Pennsylvania, USA",ready,museum_FG|factgrid_upload_table,
120766,NEEDS_QID,NATN 068,tablet,inventory_number,P10,P10,string,CBS 08183,,ready,cdli_json,
120766,NEEDS_QID,NATN 068,tablet,finding_spot,P224,P695,wikibase-item,Q390017,Nippur (mod. Nuffar),ready,provenience_lookup,
515616,NEEDS_QID,"CUSAS 40, 0832",tablet,cdli_id,P223,P692,external-id,P515616,,ready,cdli_json,
515616,NEEDS_QID,"CUSAS 40, 0832",tablet,instance_of,P2,P2,wikibase-item,Q512006,Clay tablet,ready,CDLI_Object,
515616,NEEDS_QID,"CUSAS 40, 0832",tablet,period,P245,P853,wikibase-item,Q512148,Ur III Period,ready,CDLI_Period,
515616,NEEDS_QID,"CUSAS 40, 0832",tablet,language,P18,P18,wikibase-item,Q471149,Sumerian,ready,CDLI_Lang,
515616,NEEDS_QID,"CUSAS 40, 0832",tablet,type_of_work,P126,P121,wikibase-item,Q394396,Administrative,ready,CDLI_Genre,
515616,NEEDS_QID,"CUSAS 40, 0832",tablet,material,P391,P401,wikibase-item,Q471153,Clay,ready,CDLI_Material,
515616,NEEDS_QID,"CUSAS 40, 0832",tablet,inventory_number,P10,P10,string,IM —,,ready,cdli_json,
515616,NEEDS_QID,"CUSAS 40, 0832",tablet,finding_spot,P224,P695,wikibase-item,Q390161,Irisagrig,ready,provenience_lookup,
228303,NEEDS_QID,"EEN 318, N 4634",tablet,cdli_id,P223,P692,external-id,P228303,,ready,cdli_json,
228303,NEEDS_QID,"EEN 318, N 4634",tablet,instance_of,P2,P2,wikibase-item,Q512006,Clay tablet,ready,CDLI_Object,
228303,NEEDS_QID,"EEN 318, N 4634",tablet,period,P245,P853,wikibase-item,Q512152,Old Babylonian Period,ready,CDLI_Period,
228303,NEEDS_QID,"EEN 318, N 4634",tablet,language,P18,P18,wikibase-item,Q471149,Sumerian,ready,CDLI_Lang,
228303,NEEDS_QID,"EEN 318, N 4634",tablet,type_of_work,P126,P121,wikibase-item,Q537054,Lexical,ready,CDLI_Genre,
228303,NEEDS_QID,"EEN 318, N 4634",tablet,material,P391,P401,wikibase-item,Q471153,Clay,ready,CDLI_Material,
228303,NEEDS_QID,"EEN 318, N 4634",tablet,present_holding,P203,P329,wikibase-item,Q511892,"Penn Museum, Philadelphia, Pennsylvania, USA",ready,museum_FG|factgrid_upload_table,
228303,NEEDS_QID,"EEN 318, N 4634",tablet,inventory_number,P10,P10,string,N 4634,,ready,cdli_json,
228303,NEEDS_QID,"EEN 318, N 4634",tablet,finding_spot,P224,P695,wikibase-item,Q390017,Nippur (mod. Nuffar),ready,provenience_lookup,
514904,NEEDS_QID,"CUSAS 40, 0120",tablet,cdli_id,P223,P692,external-id,P514904,,ready,cdli_json,
514904,NEEDS_QID,"CUSAS 40, 0120",tablet,instance_of,P2,P2,wikibase-item,Q512006,Clay tablet,ready,CDLI_Object,
514904,NEEDS_QID,"CUSAS 40, 0120",tablet,period,P245,P853,wikibase-item,Q512148,Ur III Period,ready,CDLI_Period,
514904,NEEDS_QID,"CUSAS 40, 0120",tablet,language,P18,P18,wikibase-item,Q471149,Sumerian,ready,CDLI_Lang,
514904,NEEDS_QID,"CUSAS 40, 0120",tablet,type_of_work,P126,P121,wikibase-item,Q394396,Administrative,ready,CDLI_Genre,
514904,NEEDS_QID,"CUSAS 40, 0120",tablet,material,P391,P401,wikibase-item,Q471153,Clay,ready,CDLI_Material,
514904,NEEDS_QID,"CUSAS 40, 0120",tablet,inventory_number,P10,P10,string,IM —,,ready,cdli_json,
514904,NEEDS_QID,"CUSAS 40, 0120",tablet,finding_spot,P224,P695,wikibase-item,Q390161,Irisagrig,ready,provenience_lookup,
117415,NEEDS_QID,"MVN 13, 642",tablet,cdli_id,P223,P692,external-id,P117415,,ready,cdli_json,
117415,NEEDS_QID,"MVN 13, 642",tablet,instance_of,P2,P2,wikibase-item,Q512006,Clay tablet,ready,CDLI_Object,
117415,NEEDS_QID,"MVN 13, 642",tablet,period,P245,P853,wikibase-item,Q512148,Ur III Period,ready,CDLI_Period,
117415,NEEDS_QID,"MVN 13, 642",tablet,language,P18,P18,wikibase-item,Q471149,Sumerian,ready,CDLI_Lang,
117415,NEEDS_QID,"MVN 13, 642",tablet,type_of_work,P126,P121,wikibase-item,Q394396,Administrative,ready,CDLI_Genre,
117415,NEEDS_QID,"MVN 13, 642",tablet,material,P391,P401,wikibase-item,Q471153,Clay,ready,CDLI_Material,
117415,NEEDS_QID,"MVN 13, 642",tablet,present_holding,P203,P329,wikibase-item,Q511893,Free Library of Philadelphia Collection,ready,museum_FG,
117415,NEEDS_QID,"MVN 13, 642",tablet,inventory_number,P10,P10,string,FLP 0455,,ready,cdli_json,
117415,NEEDS_QID,"MVN 13, 642",tablet,finding_spot,P224,P695,wikibase-item,Q389833,Umma (mod. Tell Jokha),ready,provenience_lookup,
123849,NEEDS_QID,"OIP 121, 119",tablet,cdli_id,P223,P692,external-id,P123849,,ready,cdli_json,
123849,NEEDS_QID,"OIP 121, 119",tablet,instance_of,P2,P2,wikibase-item,Q512006,Clay tablet,ready,CDLI_Object,
123849,NEEDS_QID,"OIP 121, 119",tablet,period,P245,P853,wikibase-item,Q512148,Ur III Period,ready,CDLI_Period,
123849,NEEDS_QID,"OIP 121, 119",tablet,language,P18,P18,wikibase-item,Q471149,Sumerian,ready,CDLI_Lang,
123849,NEEDS_QID,"OIP 121, 119",tablet,type_of_work,P126,P121,wikibase-item,Q394396,Administrative,ready,CDLI_Genre,
123849,NEEDS_QID,"OIP 121, 119",tablet,material,P391,P401,wikibase-item,Q471153,Clay,ready,CDLI_Material,
123849,NEEDS_QID,"OIP 121, 119",tablet,present_holding,P203,P329,wikibase-item,Q511904,"Institute for the Study of Ancient Cultures West Asia & North Africa Museum, Chicago, Illinois, USA",ready,museum_FG|factgrid_upload_table,
123849,NEEDS_QID,"OIP 121, 119",tablet,inventory_number,P10,P10,string,OIM A02866,,ready,cdli_json,
123849,NEEDS_QID,"OIP 121, 119",tablet,finding_spot,P224,P695,wikibase-item,Q389903,Puzriš-Dagan (mod. Drehem),ready,provenience_lookup,
262540,NEEDS_QID,"Robertson diss. p. 240, CBS 7539",tablet,cdli_id,P223,P692,external-id,P262540,,ready,cdli_json,
262540,NEEDS_QID,"Robertson diss. p. 240, CBS 7539",tablet,instance_of,P2,P2,wikibase-item,Q512006,Clay tablet,ready,CDLI_Object,
262540,NEEDS_QID,"Robertson diss. p. 240, CBS 7539",tablet,period,P245,P853,wikibase-item,Q512152,Old Babylonian Period,ready,CDLI_Period,
262540,NEEDS_QID,"Robertson diss. p. 240, CBS 7539",tablet,language,P18,P18,wikibase-item,Q471149,Sumerian,ready,CDLI_Lang,
262540,NEEDS_QID,"Robertson diss. p. 240, CBS 7539",tablet,type_of_work,P126,P121,wikibase-item,Q394396,Administrative,ready,CDLI_Genre,
262540,NEEDS_QID,"Robertson diss. p. 240, CBS 7539",tablet,material,P391,P401,wikibase-item,Q471153,Clay,ready,CDLI_Material,
262540,NEEDS_QID,"Robertson diss. p. 240, CBS 7539",tablet,present_holding,P203,P329,wikibase-item,Q511892,"Penn Museum, Philadelphia, Pennsylvania, USA",ready,museum_FG|factgrid_upload_table,
262540,NEEDS_QID,"Robertson diss. p. 240, CBS 7539",tablet,inventory_number,P10,P10,string,CBS 07539,,ready,cdli_json,
262540,NEEDS_QID,"Robertson diss. p. 240, CBS 7539",tablet,finding_spot,P224,P695,wikibase-item,Q390017,Nippur (mod. Nuffar),ready,provenience_lookup,
205884,NEEDS_QID,BM 025235,tablet,cdli_id,P223,P692,external-id,P205884,,ready,cdli_json,
205884,NEEDS_QID,BM 025235,tablet,instance_of,P2,P2,wikibase-item,Q512006,Clay tablet,ready,CDLI_Object,
205884,NEEDS_QID,BM 025235,tablet,period,P245,P853,wikibase-item,Q512148,Ur III Period,ready,CDLI_Period,
205884,NEEDS_QID,BM 025235,tablet,language,P18,P18,wikibase-item,Q471149,Sumerian,ready,CDLI_Lang,
205884,NEEDS_QID,BM 025235,tablet,type_of_work,P126,P121,wikibase-item,Q394396,Administrative,ready,CDLI_Genre,
205884,NEEDS_QID,BM 025235,tablet,material,P391,P401,wikibase-item,Q471153,Clay,ready,CDLI_Material,
205884,NEEDS_QID,BM 025235,tablet,present_holding,P203,P329,wikibase-item,Q102010,British Museum Collection,ready,museum_FG,
205884,NEEDS_QID,BM 025235,tablet,inventory_number,P10,P10,string,BM 025235,,ready,cdli_json,
205884,NEEDS_QID,BM 025235,tablet,finding_spot,P224,P695,wikibase-item,Q389832,Girsu (mod. Tello),ready,provenience_lookup,
331240,NEEDS_QID,"Nisaba 05/1, 210",tablet,cdli_id,P223,P692,external-id,P331240,,ready,cdli_json,
331240,NEEDS_QID,"Nisaba 05/1, 210",tablet,instance_of,P2,P2,wikibase-item,Q512006,Clay tablet,ready,CDLI_Object,
331240,NEEDS_QID,"Nisaba 05/1, 210",tablet,period,P245,P853,wikibase-item,Q512148,Ur III Period,ready,CDLI_Period,
331240,NEEDS_QID,"Nisaba 05/1, 210",tablet,language,P18,P18,wikibase-item,Q471149,Sumerian,ready,CDLI_Lang,
331240,NEEDS_QID,"Nisaba 05/1, 210",tablet,type_of_work,P126,P121,wikibase-item,Q394396,Administrative,ready,CDLI_Genre,
331240,NEEDS_QID,"Nisaba 05/1, 210",tablet,material,P391,P401,wikibase-item,Q471153,Clay,ready,CDLI_Material,
331240,NEEDS_QID,"Nisaba 05/1, 210",tablet,present_holding,P203,P329,wikibase-item,Q511874,Iraq Museum,ready,museum_FG,
331240,NEEDS_QID,"Nisaba 05/1, 210",tablet,inventory_number,P10,P10,string,BM —,,ready,cdli_json,
331240,NEEDS_QID,"Nisaba 05/1, 210",tablet,finding_spot,P224,P695,wikibase-item,Q389877,Ur (mod. Tell Muqayyar),ready,provenience_lookup,
249610,NEEDS_QID,"AUCT 4, 053",tablet,cdli_id,P223,P692,external-id,P249610,,ready,cdli_json,
249610,NEEDS_QID,"AUCT 4, 053",tablet,instance_of,P2,P2,wikibase-item,Q512006,Clay tablet,ready,CDLI_Object,
249610,NEEDS_QID,"AUCT 4, 053",tablet,period,P245,P853,wikibase-item,Q512152,Old Babylonian Period,ready,CDLI_Period,
249610,NEEDS_QID,"AUCT 4, 053",tablet,type_of_work,P126,P121,wikibase-item,Q394396,Administrative,ready,CDLI_Genre,
249610,NEEDS_QID,"AUCT 4, 053",tablet,material,P391,P401,wikibase-item,Q471153,Clay,ready,CDLI_Material,
249610,NEEDS_QID,"AUCT 4, 053",tablet,inventory_number,P10,P10,string,AUAM 73.2657,,ready,cdli_json,
522565,NEEDS_QID,"Kahramanmaraş'ta Bulunmuş Yeni Asurca Tabletler, 20",tablet,cdli_id,P223,P692,external-id,P522565,,ready,cdli_json,
522565,NEEDS_QID,"Kahramanmaraş'ta Bulunmuş Yeni Asurca Tabletler, 20",tablet,instance_of,P2,P2,wikibase-item,Q512006,Clay tablet,ready,CDLI_Object,
522565,NEEDS_QID,"Kahramanmaraş'ta Bulunmuş Yeni Asurca Tabletler, 20",tablet,period,P245,P853,wikibase-item,Q512158,Neo-Assyrian Period,ready,CDLI_Period,
522565,NEEDS_QID,"Kahramanmaraş'ta Bulunmuş Yeni Asurca Tabletler, 20",tablet,language,P18,P18,wikibase-item,Q471146,Akkadian,ready,CDLI_Lang,
522565,NEEDS_QID,"Kahramanmaraş'ta Bulunmuş Yeni Asurca Tabletler, 20",tablet,type_of_work,P126,P121,wikibase-item,Q388465,Legal,ready,CDLI_Genre,
522565,NEEDS_QID,"Kahramanmaraş'ta Bulunmuş Yeni Asurca Tabletler, 20",tablet,material,P391,P401,wikibase-item,Q471153,Clay,ready,CDLI_Material,
522565,NEEDS_QID,"Kahramanmaraş'ta Bulunmuş Yeni Asurca Tabletler, 20",tablet,inventory_number,P10,P10,string,36.04.07,,ready,cdli_json,
522565,NEEDS_QID,"Kahramanmaraş'ta Bulunmuş Yeni Asurca Tabletler, 20",tablet,finding_spot,P224,P695,wikibase-item,Q390045,Marqasu (mod. Kahramanmaraş),ready,provenience_lookup,
282714,NEEDS_QID,"JCS 07, 148 - 176, 33",tablet,cdli_id,P223,P692,external-id,P282714,,ready,cdli_json,
282714,NEEDS_QID,"JCS 07, 148 - 176, 33",tablet,instance_of,P2,P2,wikibase-item,Q512006,Clay tablet,ready,CDLI_Object,
282714,NEEDS_QID,"JCS 07, 148 - 176, 33",tablet,period,P245,P853,wikibase-item,Q512155,Middle Assyrian Period,ready,CDLI_Period,
282714,NEEDS_QID,"JCS 07, 148 - 176, 33",tablet,material,P391,P401,wikibase-item,Q471153,Clay,ready,CDLI_Material,
282714,NEEDS_QID,"JCS 07, 148 - 176, 33",tablet,present_holding,P203,P329,wikibase-item,Q511892,"Penn Museum, Philadelphia, Pennsylvania, USA",ready,museum_FG|factgrid_upload_table,
282714,NEEDS_QID,"JCS 07, 148 - 176, 33",tablet,inventory_number,P10,P10,string,UM 33-58-055,,ready,cdli_json,
282714,NEEDS_QID,"JCS 07, 148 - 176, 33",tablet,finding_spot,P224,P695,wikibase-item,Q389804,Šibaniba (mod. Tell Billa),ready,provenience_lookup,
10548,NEEDS_QID,"CDLI Lexical 000027, ex. 002",tablet,cdli_id,P223,P692,external-id,P010548,,ready,cdli_json,
10548,NEEDS_QID,"CDLI Lexical 000027, ex. 002",tablet,instance_of,P2,P2,wikibase-item,Q512006,Clay tablet,ready,CDLI_Object,
10548,NEEDS_QID,"CDLI Lexical 000027, ex. 002",tablet,period,P245,P853,wikibase-item,Q512140,ED IIIa,ready,CDLI_Period,
10548,NEEDS_QID,"CDLI Lexical 000027, ex. 002",tablet,language,P18,P18,wikibase-item,Q471149,Sumerian,ready,CDLI_Lang,
10548,NEEDS_QID,"CDLI Lexical 000027, ex. 002",tablet,type_of_work,P126,P121,wikibase-item,Q537054,Lexical,ready,CDLI_Genre,
10548,NEEDS_QID,"CDLI Lexical 000027, ex. 002",tablet,material,P391,P401,wikibase-item,Q471153,Clay,ready,CDLI_Material,
10548,NEEDS_QID,"CDLI Lexical 000027, ex. 002",tablet,present_holding,P203,P329,wikibase-item,Q511930,"Royal Musuems of Art and History, Brussels Collection",ready,museum_FG,
10548,NEEDS_QID,"CDLI Lexical 000027, ex. 002",tablet,inventory_number,P10,P10,string,MRAH O.0089,,ready,cdli_json,
115428,NEEDS_QID,"MVN 08, 037",tablet,cdli_id,P223,P692,external-id,P115428,,ready,cdli_json,
115428,NEEDS_QID,"MVN 08, 037",tablet,instance_of,P2,P2,wikibase-item,Q512006,Clay tablet,ready,CDLI_Object,
115428,NEEDS_QID,"MVN 08, 037",tablet,period,P245,P853,wikibase-item,Q512148,Ur III Period,ready,CDLI_Period,
115428,NEEDS_QID,"MVN 08, 037",tablet,language,P18,P18,wikibase-item,Q471149,Sumerian,ready,CDLI_Lang,
115428,NEEDS_QID,"MVN 08, 037",tablet,type_of_work,P126,P121,wikibase-item,Q394396,Administrative,ready,CDLI_Genre,
115428,NEEDS_QID,"MVN 08, 037",tablet,material,P391,P401,wikibase-item,Q471153,Clay,ready,CDLI_Material,
115428,NEEDS_QID,"MVN 08, 037",tablet,present_holding,P203,P329,wikibase-item,Q511925,Louvre Collection,ready,museum_FG,
115428,NEEDS_QID,"MVN 08, 037",tablet,inventory_number,P10,P10,string,AO 19629,,ready,cdli_json,
115428,NEEDS_QID,"MVN 08, 037",tablet,finding_spot,P224,P695,wikibase-item,Q389903,Puzriš-Dagan (mod. Drehem),ready,provenience_lookup,
143248,NEEDS_QID,"SAT 2, 0049",tablet,cdli_id,P223,P692,external-id,P143248,,ready,cdli_json,
143248,NEEDS_QID,"SAT 2, 0049",tablet,instance_of,P2,P2,wikibase-item,Q512006,Clay tablet,ready,CDLI_Object,
143248,NEEDS_QID,"SAT 2, 0049",tablet,period,P245,P853,wikibase-item,Q512148,Ur III Period,ready,CDLI_Period,
143248,NEEDS_QID,"SAT 2, 0049",tablet,language,P18,P18,wikibase-item,Q471149,Sumerian,ready,CDLI_Lang,
143248,NEEDS_QID,"SAT 2, 0049",tablet,type_of_work,P126,P121,wikibase-item,Q394396,Administrative,ready,CDLI_Genre,
143248,NEEDS_QID,"SAT 2, 0049",tablet,material,P391,P401,wikibase-item,Q471153,Clay,ready,CDLI_Material,
143248,NEEDS_QID,"SAT 2, 0049",tablet,present_holding,P203,P329,wikibase-item,Q511899,Yale Babylonian Collection,ready,museum_FG,
143248,NEEDS_QID,"SAT 2, 0049",tablet,inventory_number,P10,P10,string,YBC 00082,,ready,cdli_json,
143248,NEEDS_QID,"SAT 2, 0049",tablet,finding_spot,P224,P695,wikibase-item,Q389833,Umma (mod. Tell Jokha),ready,provenience_lookup,
324941,NEEDS_QID,"CUSAS 19, 064",tablet,cdli_id,P223,P692,external-id,P324941,,ready,cdli_json,
324941,NEEDS_QID,"CUSAS 19, 064",tablet,instance_of,P2,P2,wikibase-item,Q512006,Clay tablet,ready,CDLI_Object,
324941,NEEDS_QID,"CUSAS 19, 064",tablet,period,P245,P853,wikibase-item,Q512144,Old Akkadian Period,ready,CDLI_Period,
324941,NEEDS_QID,"CUSAS 19, 064",tablet,language,P18,P18,wikibase-item,Q471149,Sumerian,ready,CDLI_Lang,
324941,NEEDS_QID,"CUSAS 19, 064",tablet,type_of_work,P126,P121,wikibase-item,Q394396,Administrative,ready,CDLI_Genre,
324941,NEEDS_QID,"CUSAS 19, 064",tablet,material,P391,P401,wikibase-item,Q471153,Clay,ready,CDLI_Material,
324941,NEEDS_QID,"CUSAS 19, 064",tablet,inventory_number,P10,P10,string,CUNES 50-04-062,,ready,cdli_json,
324941,NEEDS_QID,"CUSAS 19, 064",tablet,finding_spot,P224,P695,wikibase-item,Q389603,Adab (mod. Bismaya),ready,provenience_lookup,
134375,NEEDS_QID,"TMH NF 1-2, 063",tablet,cdli_id,P223,P692,external-id,P134375,,ready,cdli_json,
134375,NEEDS_QID,"TMH NF 1-2, 063",tablet,instance_of,P2,P2,wikibase-item,Q512006,Clay tablet,ready,CDLI_Object,
134375,NEEDS_QID,"TMH NF 1-2, 063",tablet,period,P245,P853,wikibase-item,Q512148,Ur III Period,ready,CDLI_Period,
134375,NEEDS_QID,"TMH NF 1-2, 063",tablet,language,P18,P18,wikibase-item,Q471149,Sumerian,ready,CDLI_Lang,
134375,NEEDS_QID,"TMH NF 1-2, 063",tablet,type_of_work,P126,P121,wikibase-item,Q388465,Legal,ready,CDLI_Genre,
134375,NEEDS_QID,"TMH NF 1-2, 063",tablet,material,P391,P401,wikibase-item,Q471153,Clay,ready,CDLI_Material,
134375,NEEDS_QID,"TMH NF 1-2, 063",tablet,present_holding,P203,P329,wikibase-item,Q511931,"Hilprecht Collection, University of Jena, Jena, Germany",ready,museum_FG|factgrid_upload_table,
134375,NEEDS_QID,"TMH NF 1-2, 063",tablet,inventory_number,P10,P10,string,HS 1063,,ready,cdli_json,
134375,NEEDS_QID,"TMH NF 1-2, 063",tablet,finding_spot,P224,P695,wikibase-item,Q390017,Nippur (mod. Nuffar),ready,provenience_lookup,
210385,NEEDS_QID,"BPOA 06, 0607",tablet,cdli_id,P223,P692,external-id,P210385,,ready,cdli_json,
210385,NEEDS_QID,"BPOA 06, 0607",tablet,instance_of,P2,P2,wikibase-item,Q512006,Clay tablet,ready,CDLI_Object,
210385,NEEDS_QID,"BPOA 06, 0607",tablet,period,P245,P853,wikibase-item,Q512148,Ur III Period,ready,CDLI_Period,
210385,NEEDS_QID,"BPOA 06, 0607",tablet,language,P18,P18,wikibase-item,Q471149,Sumerian,ready,CDLI_Lang,
210385,NEEDS_QID,"BPOA 06, 0607",tablet,type_of_work,P126,P121,wikibase-item,Q394396,Administrative,ready,CDLI_Genre,
210385,NEEDS_QID,"BPOA 06, 0607",tablet,material,P391,P401,wikibase-item,Q471153,Clay,ready,CDLI_Material,
210385,NEEDS_QID,"BPOA 06, 0607",tablet,present_holding,P203,P329,wikibase-item,Q511899,Yale Babylonian Collection,ready,museum_FG,
210385,NEEDS_QID,"BPOA 06, 0607",tablet,inventory_number,P10,P10,string,YBC 14321,,ready,cdli_json,
210385,NEEDS_QID,"BPOA 06, 0607",tablet,finding_spot,P224,P695,wikibase-item,Q389833,Umma (mod. Tell Jokha),ready,provenience_lookup,
343485,NEEDS_QID,"CDLI Literary 000339, ex. 027",tablet,cdli_id,P223,P692,external-id,P343485,,ready,cdli_json,
343485,NEEDS_QID,"CDLI Literary 000339, ex. 027",tablet,instance_of,P2,P2,wikibase-item,Q512006,Clay tablet,ready,CDLI_Object,
343485,NEEDS_QID,"CDLI Literary 000339, ex. 027",tablet,period,P245,P853,wikibase-item,Q512152,Old Babylonian Period,ready,CDLI_Period,
343485,NEEDS_QID,"CDLI Literary 000339, ex. 027",tablet,language,P18,P18,wikibase-item,Q471149,Sumerian,ready,CDLI_Lang,
343485,NEEDS_QID,"CDLI Literary 000339, ex. 027",tablet,type_of_work,P126,P121,wikibase-item,Q245823,Literary,ready,CDLI_Genre,
343485,NEEDS_QID,"CDLI Literary 000339, ex. 027",tablet,material,P391,P401,wikibase-item,Q471153,Clay,ready,CDLI_Material,
343485,NEEDS_QID,"CDLI Literary 000339, ex. 027",tablet,present_holding,P203,P329,wikibase-item,Q511898,Istanbul Archaeology Museum,ready,museum_FG,
343485,NEEDS_QID,"CDLI Literary 000339, ex. 027",tablet,inventory_number,P10,P10,string,Ist Ni 09910,,ready,cdli_json,
343485,NEEDS_QID,"CDLI Literary 000339, ex. 027",tablet,finding_spot,P224,P695,wikibase-item,Q390017,Nippur (mod. Nuffar),ready,provenience_lookup,
221821,NEEDS_QID,"Nik 1, 052",tablet,cdli_id,P223,P692,external-id,P221821,,ready,cdli_json,
221821,NEEDS_QID,"Nik 1, 052",tablet,instance_of,P2,P2,wikibase-item,Q512006,Clay tablet,ready,CDLI_Object,
221821,NEEDS_QID,"Nik 1, 052",tablet,period,P245,P853,wikibase-item,Q512142,ED IIIb,ready,CDLI_Period,
221821,NEEDS_QID,"Nik 1, 052",tablet,language,P18,P18,wikibase-item,Q471149,Sumerian,ready,CDLI_Lang,
221821,NEEDS_QID,"Nik 1, 052",tablet,type_of_work,P126,P121,wikibase-item,Q394396,Administrative,ready,CDLI_Genre,
221821,NEEDS_QID,"Nik 1, 052",tablet,material,P391,P401,wikibase-item,Q471153,Clay,ready,CDLI_Material,
221821,NEEDS_QID,"Nik 1, 052",tablet,present_holding,P203,P329,wikibase-item,Q511946,State Hermitage Museum,ready,museum_FG,
221821,NEEDS_QID,"Nik 1, 052",tablet,inventory_number,P10,P10,string,Erm 14052,,ready,cdli_json,
221821,NEEDS_QID,"Nik 1, 052",tablet,finding_spot,P224,P695,wikibase-item,Q389832,Girsu (mod. Tello),ready,provenience_lookup,
450538,NEEDS_QID,"RINAP 4 Esarhaddon 126, ex. 008",tablet,cdli_id,P223,P692,external-id,P450538,,ready,cdli_json,
450538,NEEDS_QID,"RINAP 4 Esarhaddon 126, ex. 008",tablet,instance_of,P2,P2,wikibase-item,Q512006,Clay tablet,ready,CDLI_Object,
450538,NEEDS_QID,"RINAP 4 Esarhaddon 126, ex. 008",tablet,period,P245,P853,wikibase-item,Q512158,Neo-Assyrian Period,ready,CDLI_Period,
450538,NEEDS_QID,"RINAP 4 Esarhaddon 126, ex. 008",tablet,language,P18,P18,wikibase-item,Q471149,Akkadian,ready,CDLI_Lang,
450538,NEEDS_QID,"RINAP 4 Esarhaddon 126, ex. 008",tablet,language,P18,P18,wikibase-item,Q471149,Sumerian,ready,CDLI_Lang,
450538,NEEDS_QID,"RINAP 4 Esarhaddon 126, ex. 008",tablet,type_of_work,P126,P121,wikibase-item,Q537039,Official or display,ready,CDLI_Genre|factgrid_upload_table,
450538,NEEDS_QID,"RINAP 4 Esarhaddon 126, ex. 008",tablet,material,P391,P401,wikibase-item,Q471153,Clay,ready,CDLI_Material,
450538,NEEDS_QID,"RINAP 4 Esarhaddon 126, ex. 008",tablet,present_holding,P203,P329,wikibase-item,Q511925,Louvre Collection,ready,museum_FG,
450538,NEEDS_QID,"RINAP 4 Esarhaddon 126, ex. 008",tablet,inventory_number,P10,P10,string,AO 05470,,ready,cdli_json,
450538,NEEDS_QID,"RINAP 4 Esarhaddon 126, ex. 008",tablet,finding_spot,P224,P695,wikibase-item,Q389820,Babylon,ready,provenience_lookup,
536176,NEEDS_QID,"AKT 8, 042",tablet,cdli_id,P223,P692,external-id,P536176,,ready,cdli_json,
536176,NEEDS_QID,"AKT 8, 042",tablet,instance_of,P2,P2,wikibase-item,Q512006,Clay tablet,ready,CDLI_Object,
536176,NEEDS_QID,"AKT 8, 042",tablet,period,P245,P853,wikibase-item,Q512151,Old Assyrian Period,ready,CDLI_Period,
536176,NEEDS_QID,"AKT 8, 042",tablet,language,P18,P18,wikibase-item,Q471146,Akkadian,ready,CDLI_Lang,
536176,NEEDS_QID,"AKT 8, 042",tablet,type_of_work,P126,P121,wikibase-item,Q10510,Letter,ready,CDLI_Genre,
536176,NEEDS_QID,"AKT 8, 042",tablet,material,P391,P401,wikibase-item,Q471153,Clay,ready,CDLI_Material,
536176,NEEDS_QID,"AKT 8, 042",tablet,inventory_number,P10,P10,string,AMM 001-104-92,,ready,cdli_json,
536176,NEEDS_QID,"AKT 8, 042",tablet,finding_spot,P224,P695,wikibase-item,Q390036,Kanesh (mod. Kültepe),ready,provenience_lookup,
220733,NEEDS_QID,DP 083,tablet,cdli_id,P223,P692,external-id,P220733,,ready,cdli_json,
220733,NEEDS_QID,DP 083,tablet,instance_of,P2,P2,wikibase-item,Q512006,Clay tablet,ready,CDLI_Object,
220733,NEEDS_QID,DP 083,tablet,period,P245,P853,wikibase-item,Q512142,ED IIIb,ready,CDLI_Period,
220733,NEEDS_QID,DP 083,tablet,language,P18,P18,wikibase-item,Q471149,Sumerian,ready,CDLI_Lang,
220733,NEEDS_QID,DP 083,tablet,type_of_work,P126,P121,wikibase-item,Q394396,Administrative,ready,CDLI_Genre,
220733,NEEDS_QID,DP 083,tablet,material,P391,P401,wikibase-item,Q471153,Clay,ready,CDLI_Material,
220733,NEEDS_QID,DP 083,tablet,present_holding,P203,P329,wikibase-item,Q511925,Louvre Collection,ready,museum_FG,
220733,NEEDS_QID,DP 083,tablet,inventory_number,P10,P10,string,AO 13291,,ready,cdli_json,
220733,NEEDS_QID,DP 083,tablet,finding_spot,P224,P695,wikibase-item,Q389832,Girsu (mod. Tello),ready,provenience_lookup,
358363,NEEDS_QID,ATHE 31,tablet,cdli_id,P223,P692,external-id,P358363,,ready,cdli_json,
358363,NEEDS_QID,ATHE 31,tablet,instance_of,P2,P2,wikibase-item,Q512006,Clay tablet,ready,CDLI_Object,
358363,NEEDS_QID,ATHE 31,tablet,period,P245,P853,wikibase-item,Q512151,Old Assyrian Period,ready,CDLI_Period,
358363,NEEDS_QID,ATHE 31,tablet,language,P18,P18,wikibase-item,Q471146,Akkadian,ready,CDLI_Lang,
358363,NEEDS_QID,ATHE 31,tablet,type_of_work,P126,P121,wikibase-item,Q10510,Letter,ready,CDLI_Genre,
358363,NEEDS_QID,ATHE 31,tablet,material,P391,P401,wikibase-item,Q471153,Clay,ready,CDLI_Material,
358363,NEEDS_QID,ATHE 31,tablet,present_holding,P203,P329,wikibase-item,Q897717,Heidelberger Orientalisches Seminar,ready,museum_FG,
358363,NEEDS_QID,ATHE 31,tablet,inventory_number,P10,P10,string,HD —,,ready,cdli_json,
358363,NEEDS_QID,ATHE 31,tablet,finding_spot,P224,P695,wikibase-item,Q390036,Kanesh (mod. Kültepe),ready,provenience_lookup,
373033,NEEDS_QID,"VS 16, 178",tablet,cdli_id,P223,P692,external-id,P373033,,ready,cdli_json,
373033,NEEDS_QID,"VS 16, 178",tablet,instance_of,P2,P2,wikibase-item,Q512006,Clay tablet,ready,CDLI_Object,
373033,NEEDS_QID,"VS 16, 178",tablet,period,P245,P853,wikibase-item,Q512152,Old Babylonian Period,ready,CDLI_Period,
373033,NEEDS_QID,"VS 16, 178",tablet,language,P18,P18,wikibase-item,Q471146,Akkadian,ready,CDLI_Lang,
373033,NEEDS_QID,"VS 16, 178",tablet,type_of_work,P126,P121,wikibase-item,Q10510,Letter,ready,CDLI_Genre,
373033,NEEDS_QID,"VS 16, 178",tablet,material,P391,P401,wikibase-item,Q471153,Clay,ready,CDLI_Material,
373033,NEEDS_QID,"VS 16, 178",tablet,present_holding,P203,P329,wikibase-item,Q510658,Vorderasiatisches Museum,ready,museum_FG,
373033,NEEDS_QID,"VS 16, 178",tablet,inventory_number,P10,P10,string,VAT 06677,,ready,cdli_json,
128356,NEEDS_QID,"RSO 09, 472 P368",tablet,cdli_id,P223,P692,external-id,P128356,,ready,cdli_json,
128356,NEEDS_QID,"RSO 09, 472 P368",tablet,instance_of,P2,P2,wikibase-item,Q512006,Clay tablet,ready,CDLI_Object,
128356,NEEDS_QID,"RSO 09, 472 P368",tablet,period,P245,P853,wikibase-item,Q512148,Ur III Period,ready,CDLI_Period,
128356,NEEDS_QID,"RSO 09, 472 P368",tablet,language,P18,P18,wikibase-item,Q471149,Sumerian,ready,CDLI_Lang,
128356,NEEDS_QID,"RSO 09, 472 P368",tablet,type_of_work,P126,P121,wikibase-item,Q394396,Administrative,ready,CDLI_Genre,
128356,NEEDS_QID,"RSO 09, 472 P368",tablet,material,P391,P401,wikibase-item,Q471153,Clay,ready,CDLI_Material,
128356,NEEDS_QID,"RSO 09, 472 P368",tablet,inventory_number,P10,P10,string,LB 3073,,ready,cdli_json,
128356,NEEDS_QID,"RSO 09, 472 P368",tablet,finding_spot,P224,P695,wikibase-item,Q389903,Puzriš-Dagan (mod. Drehem),ready,provenience_lookup,
325653,NEEDS_QID,"CUSAS 14, 248",tablet,cdli_id,P223,P692,external-id,P325653,,ready,cdli_json,
325653,NEEDS_QID,"CUSAS 14, 248",tablet,instance_of,P2,P2,wikibase-item,Q512006,Clay tablet,ready,CDLI_Object,
325653,NEEDS_QID,"CUSAS 14, 248",tablet,period,P245,P853,wikibase-item,Q512142,ED IIIb,ready,CDLI_Period,
325653,NEEDS_QID,"CUSAS 14, 248",tablet,language,P18,P18,wikibase-item,Q471149,Sumerian,ready,CDLI_Lang,
325653,NEEDS_QID,"CUSAS 14, 248",tablet,type_of_work,P126,P121,wikibase-item,Q394396,Administrative,ready,CDLI_Genre,
325653,NEEDS_QID,"CUSAS 14, 248",tablet,material,P391,P401,wikibase-item,Q471153,Clay,ready,CDLI_Material,
325653,NEEDS_QID,"CUSAS 14, 248",tablet,inventory_number,P10,P10,string,CUNES 51-09-043,,ready,cdli_json,
103006,NEEDS_QID,"AUCT 1, 160",tablet,cdli_id,P223,P692,external-id,P103006,,ready,cdli_json,
103006,NEEDS_QID,"AUCT 1, 160",tablet,instance_of,P2,P2,wikibase-item,Q512006,Clay tablet,ready,CDLI_Object,
103006,NEEDS_QID,"AUCT 1, 160",tablet,period,P245,P853,wikibase-item,Q512148,Ur III Period,ready,CDLI_Period,
103006,NEEDS_QID,"AUCT 1, 160",tablet,language,P18,P18,wikibase-item,Q471149,Sumerian,ready,CDLI_Lang,
103006,NEEDS_QID,"AUCT 1, 160",tablet,type_of_work,P126,P121,wikibase-item,Q394396,Administrative,ready,CDLI_Genre,
103006,NEEDS_QID,"AUCT 1, 160",tablet,material,P391,P401,wikibase-item,Q471153,Clay,ready,CDLI_Material,
103006,NEEDS_QID,"AUCT 1, 160",tablet,inventory_number,P10,P10,string,AUAM 73.0834,,ready,cdli_json,
103006,NEEDS_QID,"AUCT 1, 160",tablet,finding_spot,P224,P695,wikibase-item,Q389903,Puzriš-Dagan (mod. Drehem),ready,provenience_lookup,
358699,NEEDS_QID,"CCT 4, 36-37, BM 113390",tablet,cdli_id,P223,P692,external-id,P358699,,ready,cdli_json,
358699,NEEDS_QID,"CCT 4, 36-37, BM 113390",tablet,instance_of,P2,P2,wikibase-item,Q512006,Clay tablet,ready,CDLI_Object,
358699,NEEDS_QID,"CCT 4, 36-37, BM 113390",tablet,period,P245,P853,wikibase-item,Q512151,Old Assyrian Period,ready,CDLI_Period,
358699,NEEDS_QID,"CCT 4, 36-37, BM 113390",tablet,language,P18,P18,wikibase-item,Q471146,Akkadian,ready,CDLI_Lang,
358699,NEEDS_QID,"CCT 4, 36-37, BM 113390",tablet,type_of_work,P126,P121,wikibase-item,Q10510,Letter,ready,CDLI_Genre,
358699,NEEDS_QID,"CCT 4, 36-37, BM 113390",tablet,material,P391,P401,wikibase-item,Q471153,Clay,ready,CDLI_Material,
358699,NEEDS_QID,"CCT 4, 36-37, BM 113390",tablet,present_holding,P203,P329,wikibase-item,Q102010,British Museum Collection,ready,museum_FG,
358699,NEEDS_QID,"CCT 4, 36-37, BM 113390",tablet,inventory_number,P10,P10,string,BM 113390,,ready,cdli_json,
358699,NEEDS_QID,"CCT 4, 36-37, BM 113390",tablet,finding_spot,P224,P695,wikibase-item,Q390036,Kanesh (mod. Kültepe),ready,provenience_lookup,
213950,NEEDS_QID,"ITT 2, 02897",tablet,cdli_id,P223,P692,external-id,P213950,,ready,cdli_json,
213950,NEEDS_QID,"ITT 2, 02897",tablet,instance_of,P2,P2,wikibase-item,Q512006,Clay tablet,ready,CDLI_Object,
213950,NEEDS_QID,"ITT 2, 02897",tablet,period,P245,P853,wikibase-item,Q512144,Old Akkadian Period,ready,CDLI_Period,
213950,NEEDS_QID,"ITT 2, 02897",tablet,type_of_work,P126,P121,wikibase-item,Q394396,Administrative,ready,CDLI_Genre,
213950,NEEDS_QID,"ITT 2, 02897",tablet,material,P391,P401,wikibase-item,Q471153,Clay,ready,CDLI_Material,
213950,NEEDS_QID,"ITT 2, 02897",tablet,present_holding,P203,P329,wikibase-item,Q511898,Istanbul Archaeology Museum,ready,museum_FG,
213950,NEEDS_QID,"ITT 2, 02897",tablet,inventory_number,P10,P10,string,Ist L 02897,,ready,cdli_json,
213950,NEEDS_QID,"ITT 2, 02897",tablet,finding_spot,P224,P695,wikibase-item,Q389832,Girsu (mod. Tello),ready,provenience_lookup,
104239,NEEDS_QID,"AUCT 3, 006",tablet,cdli_id,P223,P692,external-id,P104239,,ready,cdli_json,
104239,NEEDS_QID,"AUCT 3, 006",tablet,instance_of,P2,P2,wikibase-item,Q512006,Clay tablet,ready,CDLI_Object,
104239,NEEDS_QID,"AUCT 3, 006",tablet,period,P245,P853,wikibase-item,Q512148,Ur III Period,ready,CDLI_Period,
104239,NEEDS_QID,"AUCT 3, 006",tablet,language,P18,P18,wikibase-item,Q471149,Sumerian,ready,CDLI_Lang,
104239,NEEDS_QID,"AUCT 3, 006",tablet,type_of_work,P126,P121,wikibase-item,Q394396,Administrative,ready,CDLI_Genre,
104239,NEEDS_QID,"AUCT 3, 006",tablet,material,P391,P401,wikibase-item,Q471153,Clay,ready,CDLI_Material,
104239,NEEDS_QID,"AUCT 3, 006",tablet,inventory_number,P10,P10,string,AUAM 73.0617,,ready,cdli_json,
104239,NEEDS_QID,"AUCT 3, 006",tablet,finding_spot,P224,P695,wikibase-item,Q389903,Puzriš-Dagan (mod. Drehem),ready,provenience_lookup,
274494,NEEDS_QID,"SpTU 4, 193",tablet,cdli_id,P223,P692,external-id,P274494,,ready,cdli_json,
274494,NEEDS_QID,"SpTU 4, 193",tablet,instance_of,P2,P2,wikibase-item,Q512006,Clay tablet,ready,CDLI_Object,
274494,NEEDS_QID,"SpTU 4, 193",tablet,period,P245,P853,wikibase-item,Q512164,Hellenistic Period,ready,CDLI_Period,
274494,NEEDS_QID,"SpTU 4, 193",tablet,type_of_work,P126,P121,wikibase-item,Q537054,Lexical,ready,CDLI_Genre,
274494,NEEDS_QID,"SpTU 4, 193",tablet,material,P391,P401,wikibase-item,Q471153,Clay,ready,CDLI_Material,
274494,NEEDS_QID,"SpTU 4, 193",tablet,present_holding,P203,P329,wikibase-item,Q511874,Iraq Museum,ready,museum_FG,
274494,NEEDS_QID,"SpTU 4, 193",tablet,inventory_number,P10,P10,string,IM —,,ready,cdli_json,
274494,NEEDS_QID,"SpTU 4, 193",tablet,finding_spot,P224,P695,wikibase-item,Q390030,Uruk (mod. Warka),ready,provenience_lookup,
106204,NEEDS_QID,"BIN 03, 398",tablet,cdli_id,P223,P692,external-id,P106204,,ready,cdli_json,
106204,NEEDS_QID,"BIN 03, 398",tablet,instance_of,P2,P2,wikibase-item,Q512006,Clay tablet,ready,CDLI_Object,
106204,NEEDS_QID,"BIN 03, 398",tablet,period,P245,P853,wikibase-item,Q512148,Ur III Period,ready,CDLI_Period,
106204,NEEDS_QID,"BIN 03, 398",tablet,language,P18,P18,wikibase-item,Q471149,Sumerian,ready,CDLI_Lang,
106204,NEEDS_QID,"BIN 03, 398",tablet,type_of_work,P126,P121,wikibase-item,Q394396,Administrative,ready,CDLI_Genre,
106204,NEEDS_QID,"BIN 03, 398",tablet,material,P391,P401,wikibase-item,Q471153,Clay,ready,CDLI_Material,
106204,NEEDS_QID,"BIN 03, 398",tablet,present_holding,P203,P329,wikibase-item,Q511899,"Nies Babylonian Collection, Yale Babylonian Collection",ready,museum_FG,
106204,NEEDS_QID,"BIN 03, 398",tablet,inventory_number,P10,P10,string,NBC 00491,,ready,cdli_json,
106204,NEEDS_QID,"BIN 03, 398",tablet,finding_spot,P224,P695,wikibase-item,Q389903,Puzriš-Dagan (mod. Drehem),ready,provenience_lookup,
291138,NEEDS_QID,"BPOA 07, 1927",tablet,cdli_id,P223,P692,external-id,P291138,,ready,cdli_json,
291138,NEEDS_QID,"BPOA 07, 1927",tablet,instance_of,P2,P2,wikibase-item,Q512006,Clay tablet,ready,CDLI_Object,
291138,NEEDS_QID,"BPOA 07, 1927",tablet,period,P245,P853,wikibase-item,Q512148,Ur III Period,ready,CDLI_Period,
291138,NEEDS_QID,"BPOA 07, 1927",tablet,language,P18,P18,wikibase-item,Q471149,Sumerian,ready,CDLI_Lang,
291138,NEEDS_QID,"BPOA 07, 1927",tablet,type_of_work,P126,P121,wikibase-item,Q394396,Administrative,ready,CDLI_Genre,
291138,NEEDS_QID,"BPOA 07, 1927",tablet,material,P391,P401,wikibase-item,Q471153,Clay,ready,CDLI_Material,
291138,NEEDS_QID,"BPOA 07, 1927",tablet,present_holding,P203,P329,wikibase-item,Q511899,"Nies Babylonian Collection, Yale Babylonian Collection",ready,museum_FG,
291138,NEEDS_QID,"BPOA 07, 1927",tablet,inventory_number,P10,P10,string,NBC 02991,,ready,cdli_json,
291138,NEEDS_QID,"BPOA 07, 1927",tablet,finding_spot,P224,P695,wikibase-item,Q389833,Umma (mod. Tell Jokha),ready,provenience_lookup,
212642,NEEDS_QID,"BIN 08, 094",tablet,cdli_id,P223,P692,external-id,P212642,,ready,cdli_json,
212642,NEEDS_QID,"BIN 08, 094",tablet,instance_of,P2,P2,wikibase-item,Q512006,Clay tablet,ready,CDLI_Object,
212642,NEEDS_QID,"BIN 08, 094",tablet,period,P245,P853,wikibase-item,Q512142,ED IIIb,ready,CDLI_Period,
212642,NEEDS_QID,"BIN 08, 094",tablet,language,P18,P18,wikibase-item,Q471149,Sumerian,ready,CDLI_Lang,
212642,NEEDS_QID,"BIN 08, 094",tablet,type_of_work,P126,P121,wikibase-item,Q394396,Administrative,ready,CDLI_Genre,
212642,NEEDS_QID,"BIN 08, 094",tablet,material,P391,P401,wikibase-item,Q471153,Clay,ready,CDLI_Material,
212642,NEEDS_QID,"BIN 08, 094",tablet,present_holding,P203,P329,wikibase-item,Q511899,"Nies Babylonian Collection, Yale Babylonian Collection",ready,museum_FG,
212642,NEEDS_QID,"BIN 08, 094",tablet,inventory_number,P10,P10,string,NBC 05790,,ready,cdli_json,
317722,NEEDS_QID,"BPOA 01, 0049",tablet,cdli_id,P223,P692,external-id,P317722,,ready,cdli_json,
317722,NEEDS_QID,"BPOA 01, 0049",tablet,instance_of,P2,P2,wikibase-item,Q512006,Clay tablet,ready,CDLI_Object,
317722,NEEDS_QID,"BPOA 01, 0049",tablet,period,P245,P853,wikibase-item,Q512148,Ur III Period,ready,CDLI_Period,
317722,NEEDS_QID,"BPOA 01, 0049",tablet,language,P18,P18,wikibase-item,Q471149,Sumerian,ready,CDLI_Lang,
317722,NEEDS_QID,"BPOA 01, 0049",tablet,type_of_work,P126,P121,wikibase-item,Q394396,Administrative,ready,CDLI_Genre,
317722,NEEDS_QID,"BPOA 01, 0049",tablet,material,P391,P401,wikibase-item,Q471153,Clay,ready,CDLI_Material,
317722,NEEDS_QID,"BPOA 01, 0049",tablet,present_holding,P203,P329,wikibase-item,Q102010,British Museum Collection,ready,museum_FG,
317722,NEEDS_QID,"BPOA 01, 0049",tablet,inventory_number,P10,P10,string,BM 017954,,ready,cdli_json,
317722,NEEDS_QID,"BPOA 01, 0049",tablet,finding_spot,P224,P695,wikibase-item,Q389832,Girsu (mod. Tello),ready,provenience_lookup,
131177,NEEDS_QID,"SAT 1, 068",tablet,cdli_id,P223,P692,external-id,P131177,,ready,cdli_json,
131177,NEEDS_QID,"SAT 1, 068",tablet,instance_of,P2,P2,wikibase-item,Q512006,Clay tablet,ready,CDLI_Object,
131177,NEEDS_QID,"SAT 1, 068",tablet,period,P245,P853,wikibase-item,Q512148,Ur III Period,ready,CDLI_Period,
131177,NEEDS_QID,"SAT 1, 068",tablet,language,P18,P18,wikibase-item,Q471149,Sumerian,ready,CDLI_Lang,
131177,NEEDS_QID,"SAT 1, 068",tablet,type_of_work,P126,P121,wikibase-item,Q394396,Administrative,ready,CDLI_Genre,
131177,NEEDS_QID,"SAT 1, 068",tablet,material,P391,P401,wikibase-item,Q471153,Clay,ready,CDLI_Material,
131177,NEEDS_QID,"SAT 1, 068",tablet,present_holding,P203,P329,wikibase-item,Q102010,British Museum Collection,ready,museum_FG,
131177,NEEDS_QID,"SAT 1, 068",tablet,inventory_number,P10,P10,string,BM 021191,,ready,cdli_json,
131177,NEEDS_QID,"SAT 1, 068",tablet,finding_spot,P224,P695,wikibase-item,Q389832,Girsu (mod. Tello),ready,provenience_lookup,
215187,NEEDS_QID,"MAD 4, 025",tablet,cdli_id,P223,P692,external-id,P215187,,ready,cdli_json,
215187,NEEDS_QID,"MAD 4, 025",tablet,instance_of,P2,P2,wikibase-item,Q512006,Clay tablet,ready,CDLI_Object,
215187,NEEDS_QID,"MAD 4, 025",tablet,period,P245,P853,wikibase-item,Q512144,Old Akkadian Period,ready,CDLI_Period,
215187,NEEDS_QID,"MAD 4, 025",tablet,type_of_work,P126,P121,wikibase-item,Q394396,Administrative,ready,CDLI_Genre,
215187,NEEDS_QID,"MAD 4, 025",tablet,material,P391,P401,wikibase-item,Q471153,Clay,ready,CDLI_Material,
215187,NEEDS_QID,"MAD 4, 025",tablet,present_holding,P203,P329,wikibase-item,Q511925,Louvre Collection,ready,museum_FG,
215187,NEEDS_QID,"MAD 4, 025",tablet,inventory_number,P10,P10,string,AO 11263,,ready,cdli_json,
333787,NEEDS_QID,"Nisaba 15, 0080",tablet,cdli_id,P223,P692,external-id,P333787,,ready,cdli_json,
333787,NEEDS_QID,"Nisaba 15, 0080",tablet,instance_of,P2,P2,wikibase-item,Q512006,Clay tablet,ready,CDLI_Object,
333787,NEEDS_QID,"Nisaba 15, 0080",tablet,period,P245,P853,wikibase-item,Q512148,Ur III Period,ready,CDLI_Period,
333787,NEEDS_QID,"Nisaba 15, 0080",tablet,language,P18,P18,wikibase-item,Q471149,Sumerian,ready,CDLI_Lang,
333787,NEEDS_QID,"Nisaba 15, 0080",tablet,type_of_work,P126,P121,wikibase-item,Q394396,Administrative,ready,CDLI_Genre,
333787,NEEDS_QID,"Nisaba 15, 0080",tablet,material,P391,P401,wikibase-item,Q471153,Clay,ready,CDLI_Material,
333787,NEEDS_QID,"Nisaba 15, 0080",tablet,inventory_number,P10,P10,string,ILAJ IV 147,,ready,cdli_json,
333787,NEEDS_QID,"Nisaba 15, 0080",tablet,finding_spot,P224,P695,wikibase-item,Q390161,Irisagrig,ready,provenience_lookup,
144077,NEEDS_QID,"SAT 2, 0877",tablet,cdli_id,P223,P692,external-id,P144077,,ready,cdli_json,
144077,NEEDS_QID,"SAT 2, 0877",tablet,instance_of,P2,P2,wikibase-item,Q512006,Clay tablet,ready,CDLI_Object,
144077,NEEDS_QID,"SAT 2, 0877",tablet,period,P245,P853,wikibase-item,Q512148,Ur III Period,ready,CDLI_Period,
144077,NEEDS_QID,"SAT 2, 0877",tablet,language,P18,P18,wikibase-item,Q471149,Sumerian,ready,CDLI_Lang,
144077,NEEDS_QID,"SAT 2, 0877",tablet,type_of_work,P126,P121,wikibase-item,Q394396,Administrative,ready,CDLI_Genre,
144077,NEEDS_QID,"SAT 2, 0877",tablet,material,P391,P401,wikibase-item,Q471153,Clay,ready,CDLI_Material,
144077,NEEDS_QID,"SAT 2, 0877",tablet,present_holding,P203,P329,wikibase-item,Q511899,Yale Babylonian Collection,ready,museum_FG,
144077,NEEDS_QID,"SAT 2, 0877",tablet,inventory_number,P10,P10,string,YBC 01455,,ready,cdli_json,
144077,NEEDS_QID,"SAT 2, 0877",tablet,finding_spot,P224,P695,wikibase-item,Q389833,Umma (mod. Tell Jokha),ready,provenience_lookup,
349572,NEEDS_QID,"AOAT 275, 390, BM 054283",tablet,cdli_id,P223,P692,external-id,P349572,,ready,cdli_json,
349572,NEEDS_QID,"AOAT 275, 390, BM 054283",tablet,instance_of,P2,P2,wikibase-item,Q512006,Clay tablet,ready,CDLI_Object,
349572,NEEDS_QID,"AOAT 275, 390, BM 054283",tablet,period,P245,P853,wikibase-item,Q512161,Neo-Babylonian Period,ready,CDLI_Period,
349572,NEEDS_QID,"AOAT 275, 390, BM 054283",tablet,type_of_work,P126,P121,wikibase-item,Q246098,Literary,ready,CDLI_Genre,
349572,NEEDS_QID,"AOAT 275, 390, BM 054283",tablet,material,P391,P401,wikibase-item,Q471153,Clay,ready,CDLI_Material,
349572,NEEDS_QID,"AOAT 275, 390, BM 054283",tablet,present_holding,P203,P329,wikibase-item,Q102010,British Museum Collection,ready,museum_FG,
349572,NEEDS_QID,"AOAT 275, 390, BM 054283",tablet,inventory_number,P10,P10,string,BM 054283,,ready,cdli_json,
382476,NEEDS_QID,"TCBI 1, 224",tablet,cdli_id,P223,P692,external-id,P382476,,ready,cdli_json,
382476,NEEDS_QID,"TCBI 1, 224",tablet,instance_of,P2,P2,wikibase-item,Q512006,Clay tablet,ready,CDLI_Object,
382476,NEEDS_QID,"TCBI 1, 224",tablet,period,P245,P853,wikibase-item,Q512144,Old Akkadian Period,ready,CDLI_Period,
382476,NEEDS_QID,"TCBI 1, 224",tablet,type_of_work,P126,P121,wikibase-item,Q394396,Administrative,ready,CDLI_Genre,
382476,NEEDS_QID,"TCBI 1, 224",tablet,material,P391,P401,wikibase-item,Q471153,Clay,ready,CDLI_Material,
382476,NEEDS_QID,"TCBI 1, 224",tablet,inventory_number,P10,P10,string,"BdI 1, 202",,ready,cdli_json,
382476,NEEDS_QID,"TCBI 1, 224",tablet,finding_spot,P224,P695,wikibase-item,Q389603,Adab (mod. Bismaya),ready,provenience_lookup,
139547,NEEDS_QID,Umma 038,tablet,cdli_id,P223,P692,external-id,P139547,,ready,cdli_json,
139547,NEEDS_QID,Umma 038,tablet,instance_of,P2,P2,wikibase-item,Q512006,Clay tablet,ready,CDLI_Object,
139547,NEEDS_QID,Umma 038,tablet,period,P245,P853,wikibase-item,Q512148,Ur III Period,ready,CDLI_Period,
139547,NEEDS_QID,Umma 038,tablet,language,P18,P18,wikibase-item,Q471149,Sumerian,ready,CDLI_Lang,
139547,NEEDS_QID,Umma 038,tablet,type_of_work,P126,P121,wikibase-item,Q394396,Administrative,ready,CDLI_Genre,
139547,NEEDS_QID,Umma 038,tablet,material,P391,P401,wikibase-item,Q471153,Clay,ready,CDLI_Material,
139547,NEEDS_QID,Umma 038,tablet,inventory_number,P10,P10,string,Contenau — ?,,ready,cdli_json,
139547,NEEDS_QID,Umma 038,tablet,finding_spot,P224,P695,wikibase-item,Q389833,Umma (mod. Tell Jokha),ready,provenience_lookup,
334042,NEEDS_QID,ABL 0093,tablet,cdli_id,P223,P692,external-id,P334042,,ready,cdli_json,
334042,NEEDS_QID,ABL 0093,tablet,instance_of,P2,P2,wikibase-item,Q512006,Clay tablet,ready,CDLI_Object,
334042,NEEDS_QID,ABL 0093,tablet,period,P245,P853,wikibase-item,Q512158,Neo-Assyrian Period,ready,CDLI_Period,
334042,NEEDS_QID,ABL 0093,tablet,language,P18,P18,wikibase-item,Q471146,Akkadian,ready,CDLI_Lang,
334042,NEEDS_QID,ABL 0093,tablet,type_of_work,P126,P121,wikibase-item,Q10510,Letter,ready,CDLI_Genre,
334042,NEEDS_QID,ABL 0093,tablet,material,P391,P401,wikibase-item,Q471153,Clay,ready,CDLI_Material,
334042,NEEDS_QID,ABL 0093,tablet,present_holding,P203,P329,wikibase-item,Q102010,British Museum Collection,ready,museum_FG,
334042,NEEDS_QID,ABL 0093,tablet,inventory_number,P10,P10,string,BM —,,ready,cdli_json,
334042,NEEDS_QID,ABL 0093,tablet,finding_spot,P224,P695,wikibase-item,Q390025,Nīnūa,ready,provenience_lookup,
231122,NEEDS_QID,N 4781,tablet,cdli_id,P223,P692,external-id,P231122,,ready,cdli_json,
231122,NEEDS_QID,N 4781,tablet,instance_of,P2,P2,wikibase-item,Q512006,Clay tablet,ready,CDLI_Object,
231122,NEEDS_QID,N 4781,tablet,period,P245,P853,wikibase-item,Q512152,Old Babylonian Period,ready,CDLI_Period,
231122,NEEDS_QID,N 4781,tablet,language,P18,P18,wikibase-item,Q471149,Sumerian,ready,CDLI_Lang,
231122,NEEDS_QID,N 4781,tablet,type_of_work,P126,P121,wikibase-item,Q537054,Lexical,ready,CDLI_Genre,
231122,NEEDS_QID,N 4781,tablet,material,P391,P401,wikibase-item,Q471153,Clay,ready,CDLI_Material,
231122,NEEDS_QID,N 4781,tablet,present_holding,P203,P329,wikibase-item,Q511892,"Penn Museum, Philadelphia, Pennsylvania, USA",ready,museum_FG|factgrid_upload_table,
231122,NEEDS_QID,N 4781,tablet,inventory_number,P10,P10,string,N 4781,,ready,cdli_json,
231122,NEEDS_QID,N 4781,tablet,finding_spot,P224,P695,wikibase-item,Q390017,Nippur (mod. Nuffar),ready,provenience_lookup,
526875,NEEDS_QID,"KAL 11, 184",tablet,cdli_id,P223,P692,external-id,P526875,,ready,cdli_json,
526875,NEEDS_QID,"KAL 11, 184",tablet,instance_of,P2,P2,wikibase-item,Q512006,Clay tablet,ready,CDLI_Object,
526875,NEEDS_QID,"KAL 11, 184",tablet,period,P245,P853,wikibase-item,Q512158,Neo-Assyrian Period,ready,CDLI_Period,
526875,NEEDS_QID,"KAL 11, 184",tablet,type_of_work,P126,P121,wikibase-item,Q537054,Lexical,ready,CDLI_Genre,
526875,NEEDS_QID,"KAL 11, 184",tablet,material,P391,P401,wikibase-item,Q471153,Clay,ready,CDLI_Material,
526875,NEEDS_QID,"KAL 11, 184",tablet,present_holding,P203,P329,wikibase-item,Q510658,Vorderasiatisches Museum,ready,museum_FG,
526875,NEEDS_QID,"KAL 11, 184",tablet,inventory_number,P10,P10,string,VAT 12927,,ready,cdli_json,
526875,NEEDS_QID,"KAL 11, 184",tablet,finding_spot,P224,P695,wikibase-item,Q390001,Assur,ready,provenience_lookup,
20404,NEEDS_QID,"VS 27, 091",tablet,cdli_id,P223,P692,external-id,P020404,,ready,cdli_json,
20404,NEEDS_QID,"VS 27, 091",tablet,instance_of,P2,P2,wikibase-item,Q512006,Clay tablet,ready,CDLI_Object,
20404,NEEDS_QID,"VS 27, 091",tablet,period,P245,P853,wikibase-item,Q512142,ED IIIb,ready,CDLI_Period,
20404,NEEDS_QID,"VS 27, 091",tablet,language,P18,P18,wikibase-item,Q471149,Sumerian,ready,CDLI_Lang,
20404,NEEDS_QID,"VS 27, 091",tablet,type_of_work,P126,P121,wikibase-item,Q394396,Administrative,ready,CDLI_Genre,
20404,NEEDS_QID,"VS 27, 091",tablet,material,P391,P401,wikibase-item,Q471153,Clay,ready,CDLI_Material,
20404,NEEDS_QID,"VS 27, 091",tablet,present_holding,P203,P329,wikibase-item,Q510658,Vorderasiatisches Museum,ready,museum_FG,
20404,NEEDS_QID,"VS 27, 091",tablet,inventory_number,P10,P10,string,VAT 04891,,ready,cdli_json,
20404,NEEDS_QID,"VS 27, 091",tablet,finding_spot,P224,P695,wikibase-item,Q389832,Girsu (mod. Tello),ready,provenience_lookup,
127559,NEEDS_QID,"RA 009, 054 SA 215",tablet,cdli_id,P223,P692,external-id,P127559,,ready,cdli_json,
127559,NEEDS_QID,"RA 009, 054 SA 215",tablet,instance_of,P2,P2,wikibase-item,Q512006,Clay tablet,ready,CDLI_Object,
127559,NEEDS_QID,"RA 009, 054 SA 215",tablet,period,P245,P853,wikibase-item,Q512148,Ur III Period,ready,CDLI_Period,
127559,NEEDS_QID,"RA 009, 054 SA 215",tablet,language,P18,P18,wikibase-item,Q471149,Sumerian,ready,CDLI_Lang,
127559,NEEDS_QID,"RA 009, 054 SA 215",tablet,type_of_work,P126,P121,wikibase-item,Q394396,Administrative,ready,CDLI_Genre,
127559,NEEDS_QID,"RA 009, 054 SA 215",tablet,material,P391,P401,wikibase-item,Q471153,Clay,ready,CDLI_Material,
127559,NEEDS_QID,"RA 009, 054 SA 215",tablet,inventory_number,P10,P10,string,SA 215,,ready,cdli_json,
127559,NEEDS_QID,"RA 009, 054 SA 215",tablet,finding_spot,P224,P695,wikibase-item,Q389903,Puzriš-Dagan (mod. Drehem),ready,provenience_lookup,
332895,NEEDS_QID,"MHET 3 1/2, 054",tablet,cdli_id,P223,P692,external-id,P332895,,ready,cdli_json,
332895,NEEDS_QID,"MHET 3 1/2, 054",tablet,instance_of,P2,P2,wikibase-item,Q512006,Clay tablet,ready,CDLI_Object,
332895,NEEDS_QID,"MHET 3 1/2, 054",tablet,period,P245,P853,wikibase-item,Q512152,Old Babylonian Period,ready,CDLI_Period,
332895,NEEDS_QID,"MHET 3 1/2, 054",tablet,type_of_work,P126,P121,wikibase-item,Q537054,Lexical,ready,CDLI_Genre,
332895,NEEDS_QID,"MHET 3 1/2, 054",tablet,material,P391,P401,wikibase-item,Q471153,Clay,ready,CDLI_Material,
332895,NEEDS_QID,"MHET 3 1/2, 054",tablet,present_holding,P203,P329,wikibase-item,Q511874,Iraq Museum,ready,museum_FG,
332895,NEEDS_QID,"MHET 3 1/2, 054",tablet,inventory_number,P10,P10,string,IM 080036,,ready,cdli_json,
332895,NEEDS_QID,"MHET 3 1/2, 054",tablet,finding_spot,P224,P695,wikibase-item,Q389858,Sippar-Amnanum (mod. Tell ed-Der),ready,provenience_lookup,
113905,NEEDS_QID,"MVN 03, 345",tablet,cdli_id,P223,P692,external-id,P113905,,ready,cdli_json,
113905,NEEDS_QID,"MVN 03, 345",tablet,instance_of,P2,P2,wikibase-item,Q512006,Clay tablet,ready,CDLI_Object,
113905,NEEDS_QID,"MVN 03, 345",tablet,period,P245,P853,wikibase-item,Q512148,Ur III Period,ready,CDLI_Period,
113905,NEEDS_QID,"MVN 03, 345",tablet,language,P18,P18,wikibase-item,Q471149,Sumerian,ready,CDLI_Lang,
113905,NEEDS_QID,"MVN 03, 345",tablet,type_of_work,P126,P121,wikibase-item,Q10510,Letter,ready,CDLI_Genre,
113905,NEEDS_QID,"MVN 03, 345",tablet,material,P391,P401,wikibase-item,Q471153,Clay,ready,CDLI_Material,
113905,NEEDS_QID,"MVN 03, 345",tablet,present_holding,P203,P329,wikibase-item,Q511893,Free Library of Philadelphia Collection,ready,museum_FG,
113905,NEEDS_QID,"MVN 03, 345",tablet,inventory_number,P10,P10,string,FLP 1311,,ready,cdli_json,
113905,NEEDS_QID,"MVN 03, 345",tablet,finding_spot,P224,P695,wikibase-item,Q389833,Umma (mod. Tell Jokha),ready,provenience_lookup,
330001,NEEDS_QID,CUNES 48-06-393,tablet,cdli_id,P223,P692,external-id,P330001,,ready,cdli_json,
330001,NEEDS_QID,CUNES 48-06-393,tablet,instance_of,P2,P2,wikibase-item,Q512006,Clay tablet,ready,CDLI_Object,
330001,NEEDS_QID,CUNES 48-06-393,tablet,period,P245,P853,wikibase-item,Q512152,Old Babylonian Period,ready,CDLI_Period,
330001,NEEDS_QID,CUNES 48-06-393,tablet,type_of_work,P126,P121,wikibase-item,Q537054,Lexical,ready,CDLI_Genre,
330001,NEEDS_QID,CUNES 48-06-393,tablet,material,P391,P401,wikibase-item,Q471153,Clay,ready,CDLI_Material,
330001,NEEDS_QID,CUNES 48-06-393,tablet,inventory_number,P10,P10,string,CUNES 48-06-393,,ready,cdli_json,
386435,NEEDS_QID,"MCS 2, 15 3",tablet,cdli_id,P223,P692,external-id,P386435,,ready,cdli_json,
386435,NEEDS_QID,"MCS 2, 15 3",tablet,instance_of,P2,P2,wikibase-item,Q512006,Clay tablet,ready,CDLI_Object,
386435,NEEDS_QID,"MCS 2, 15 3",tablet,period,P245,P853,wikibase-item,Q512142,ED IIIb,ready,CDLI_Period,
386435,NEEDS_QID,"MCS 2, 15 3",tablet,language,P18,P18,wikibase-item,Q471149,Sumerian,ready,CDLI_Lang,
386435,NEEDS_QID,"MCS 2, 15 3",tablet,type_of_work,P126,P121,wikibase-item,Q394396,Administrative,ready,CDLI_Genre,
386435,NEEDS_QID,"MCS 2, 15 3",tablet,material,P391,P401,wikibase-item,Q471153,Clay,ready,CDLI_Material,
386435,NEEDS_QID,"MCS 2, 15 3",tablet,present_holding,P203,P329,wikibase-item,Q511941,Manchester Museum,ready,museum_FG,
386435,NEEDS_QID,"MCS 2, 15 3",tablet,inventory_number,P10,P10,string,MMUM A55,,ready,cdli_json,
230699,NEEDS_QID,N 6267,tablet,cdli_id,P223,P692,external-id,P230699,,ready,cdli_json,
230699,NEEDS_QID,N 6267,tablet,instance_of,P2,P2,wikibase-item,Q512006,Clay tablet,ready,CDLI_Object,
230699,NEEDS_QID,N 6267,tablet,language,P18,P18,wikibase-item,Q471149,Sumerian,ready,CDLI_Lang,
230699,NEEDS_QID,N 6267,tablet,type_of_work,P126,P121,wikibase-item,Q537054,Business / Contracts,ready,CDLI_Genre|factgrid_upload_table,
230699,NEEDS_QID,N 6267,tablet,material,P391,P401,wikibase-item,Q471153,Clay,ready,CDLI_Material,
230699,NEEDS_QID,N 6267,tablet,present_holding,P203,P329,wikibase-item,Q511892,"Penn Museum, Philadelphia, Pennsylvania, USA",ready,museum_FG|factgrid_upload_table,
230699,NEEDS_QID,N 6267,tablet,inventory_number,P10,P10,string,N 6267,,ready,cdli_json,
230699,NEEDS_QID,N 6267,tablet,finding_spot,P224,P695,wikibase-item,Q390017,Nippur (mod. Nuffar),ready,provenience_lookup,
470024,NEEDS_QID,BM 043116,tablet,cdli_id,P223,P692,external-id,P470024,,ready,cdli_json,
470024,NEEDS_QID,BM 043116,tablet,instance_of,P2,P2,wikibase-item,Q512006,Clay tablet,ready,CDLI_Object,
470024,NEEDS_QID,BM 043116,tablet,period,P245,P853,wikibase-item,Q512158,Neo-Assyrian Period,ready,CDLI_Period,
470024,NEEDS_QID,BM 043116,tablet,language,P18,P18,wikibase-item,Q471146,Akkadian,ready,CDLI_Lang,
470024,NEEDS_QID,BM 043116,tablet,type_of_work,P126,P121,wikibase-item,Q246098,Commentary,ready,CDLI_Genre|factgrid_upload_table,
470024,NEEDS_QID,BM 043116,tablet,material,P391,P401,wikibase-item,Q471153,Clay,ready,CDLI_Material,
470024,NEEDS_QID,BM 043116,tablet,present_holding,P203,P329,wikibase-item,Q102010,British Museum Collection,ready,museum_FG,
470024,NEEDS_QID,BM 043116,tablet,inventory_number,P10,P10,string,BM 043116,,ready,cdli_json,
142009,NEEDS_QID,"ViOr 8/1, 067",tablet,cdli_id,P223,P692,external-id,P142009,,ready,cdli_json,
142009,NEEDS_QID,"ViOr 8/1, 067",tablet,instance_of,P2,P2,wikibase-item,Q512006,Clay tablet,ready,CDLI_Object,
142009,NEEDS_QID,"ViOr 8/1, 067",tablet,period,P245,P853,wikibase-item,Q512148,Ur III Period,ready,CDLI_Period,
142009,NEEDS_QID,"ViOr 8/1, 067",tablet,language,P18,P18,wikibase-item,Q471149,Sumerian,ready,CDLI_Lang,
142009,NEEDS_QID,"ViOr 8/1, 067",tablet,type_of_work,P126,P121,wikibase-item,Q394396,Administrative,ready,CDLI_Genre,
142009,NEEDS_QID,"ViOr 8/1, 067",tablet,material,P391,P401,wikibase-item,Q471153,Clay,ready,CDLI_Material,
142009,NEEDS_QID,"ViOr 8/1, 067",tablet,present_holding,P203,P329,wikibase-item,Q511908,Salesian Pontifical University Collection,ready,museum_FG,
142009,NEEDS_QID,"ViOr 8/1, 067",tablet,inventory_number,P10,P10,string,UPS —,,ready,cdli_json,
142009,NEEDS_QID,"ViOr 8/1, 067",tablet,finding_spot,P224,P695,wikibase-item,Q389833,Umma (mod. Tell Jokha),ready,provenience_lookup,
421181,NEEDS_QID,SMUI 1913.14.1238,tablet,cdli_id,P223,P692,external-id,P421181,,ready,cdli_json,
421181,NEEDS_QID,SMUI 1913.14.1238,tablet,instance_of,P2,P2,wikibase-item,Q512006,Clay tablet,ready,CDLI_Object,
421181,NEEDS_QID,SMUI 1913.14.1238,tablet,period,P245,P853,wikibase-item,Q512148,Ur III Period,ready,CDLI_Period,
421181,NEEDS_QID,SMUI 1913.14.1238,tablet,language,P18,P18,wikibase-item,Q471149,Sumerian,ready,CDLI_Lang,
421181,NEEDS_QID,SMUI 1913.14.1238,tablet,type_of_work,P126,P121,wikibase-item,Q394396,Administrative,ready,CDLI_Genre,
421181,NEEDS_QID,SMUI 1913.14.1238,tablet,material,P391,P401,wikibase-item,Q471153,Clay,ready,CDLI_Material,
421181,NEEDS_QID,SMUI 1913.14.1238,tablet,present_holding,P203,P329,wikibase-item,Q511894,Spurlock Museum of World Cultures Collection,ready,museum_FG,
421181,NEEDS_QID,SMUI 1913.14.1238,tablet,inventory_number,P10,P10,string,SMUI 1913.14.1238,,ready,cdli_json,
421181,NEEDS_QID,SMUI 1913.14.1238,tablet,finding_spot,P224,P695,wikibase-item,Q389833,Umma (mod. Tell Jokha),ready,provenience_lookup,
363199,NEEDS_QID,ACT 0173,tablet,cdli_id,P223,P692,external-id,P363199,,ready,cdli_json,
363199,NEEDS_QID,ACT 0173,tablet,instance_of,P2,P2,wikibase-item,Q512006,Clay tablet,ready,CDLI_Object,
363199,NEEDS_QID,ACT 0173,tablet,period,P245,P853,wikibase-item,Q512164,Hellenistic Period,ready,CDLI_Period,
363199,NEEDS_QID,ACT 0173,tablet,type_of_work,P126,P121,wikibase-item,Q390194,Astral sciences,ready,CDLI_Genre|factgrid_upload_table,
363199,NEEDS_QID,ACT 0173,tablet,material,P391,P401,wikibase-item,Q471153,Clay,ready,CDLI_Material,
363199,NEEDS_QID,ACT 0173,tablet,present_holding,P203,P329,wikibase-item,Q511898,Istanbul Archaeology Museum,ready,museum_FG,
363199,NEEDS_QID,ACT 0173,tablet,inventory_number,P10,P10,string,"Ist Uruk 0110 + Ist Uruk 0170 + Ist Uruk 0180,19?",,ready,cdli_json,
363199,NEEDS_QID,ACT 0173,tablet,finding_spot,P224,P695,wikibase-item,Q390030,Uruk (mod. Warka),ready,provenience_lookup,
521719,NEEDS_QID,"Kaskal 15, 90",tablet,cdli_id,P223,P692,external-id,P521719,,ready,cdli_json,
521719,NEEDS_QID,"Kaskal 15, 90",tablet,instance_of,P2,P2,wikibase-item,Q512006,Clay tablet,ready,CDLI_Object,
521719,NEEDS_QID,"Kaskal 15, 90",tablet,period,P245,P853,wikibase-item,Q512146,Lagash II Period,ready,CDLI_Period,
521719,NEEDS_QID,"Kaskal 15, 90",tablet,language,P18,P18,wikibase-item,Q471149,Sumerian,ready,CDLI_Lang,
521719,NEEDS_QID,"Kaskal 15, 90",tablet,type_of_work,P126,P121,wikibase-item,Q394396,Administrative,ready,CDLI_Genre,
521719,NEEDS_QID,"Kaskal 15, 90",tablet,material,P391,P401,wikibase-item,Q471153,Clay,ready,CDLI_Material,
521719,NEEDS_QID,"Kaskal 15, 90",tablet,present_holding,P203,P329,wikibase-item,Q102010,British Museum Collection,ready,museum_FG,
521719,NEEDS_QID,"Kaskal 15, 90",tablet,inventory_number,P10,P10,string,BM 096501,,ready,cdli_json,
521719,NEEDS_QID,"Kaskal 15, 90",tablet,finding_spot,P224,P695,wikibase-item,Q389832,Girsu (mod. Tello),ready,provenience_lookup,
140034,NEEDS_QID,"UTI 3, 2015",tablet,cdli_id,P223,P692,external-id,P140034,,ready,cdli_json,
140034,NEEDS_QID,"UTI 3, 2015",tablet,instance_of,P2,P2,wikibase-item,Q512006,Clay tablet,ready,CDLI_Object,
140034,NEEDS_QID,"UTI 3, 2015",tablet,period,P245,P853,wikibase-item,Q512148,Ur III Period,ready,CDLI_Period,
140034,NEEDS_QID,"UTI 3, 2015",tablet,language,P18,P18,wikibase-item,Q471149,Sumerian,ready,CDLI_Lang,
140034,NEEDS_QID,"UTI 3, 2015",tablet,type_of_work,P126,P121,wikibase-item,Q394396,Administrative,ready,CDLI_Genre,
140034,NEEDS_QID,"UTI 3, 2015",tablet,material,P391,P401,wikibase-item,Q471153,Clay,ready,CDLI_Material,
140034,NEEDS_QID,"UTI 3, 2015",tablet,present_holding,P203,P329,wikibase-item,Q511898,Istanbul Archaeology Museum,ready,museum_FG,
140034,NEEDS_QID,"UTI 3, 2015",tablet,inventory_number,P10,P10,string,Ist Um 2015,,ready,cdli_json,
140034,NEEDS_QID,"UTI 3, 2015",tablet,finding_spot,P224,P695,wikibase-item,Q389833,Umma (mod. Tell Jokha),ready,provenience_lookup,
109958,NEEDS_QID,HLC 080 (pl. 034),tablet,cdli_id,P223,P692,external-id,P109958,,ready,cdli_json,
109958,NEEDS_QID,HLC 080 (pl. 034),tablet,instance_of,P2,P2,wikibase-item,Q512006,Clay tablet,ready,CDLI_Object,
109958,NEEDS_QID,HLC 080 (pl. 034),tablet,period,P245,P853,wikibase-item,Q512148,Ur III Period,ready,CDLI_Period,
109958,NEEDS_QID,HLC 080 (pl. 034),tablet,language,P18,P18,wikibase-item,Q471149,Sumerian,ready,CDLI_Lang,
109958,NEEDS_QID,HLC 080 (pl. 034),tablet,type_of_work,P126,P121,wikibase-item,Q394396,Administrative,ready,CDLI_Genre,
109958,NEEDS_QID,HLC 080 (pl. 034),tablet,material,P391,P401,wikibase-item,Q471153,Clay,ready,CDLI_Material,
109958,NEEDS_QID,HLC 080 (pl. 034),tablet,present_holding,P203,P329,wikibase-item,Q511904,"Institute for the Study of Ancient Cultures West Asia & North Africa Museum, Chicago, Illinois, USA",ready,museum_FG|factgrid_upload_table,
109958,NEEDS_QID,HLC 080 (pl. 034),tablet,inventory_number,P10,P10,string,OIM A31749,,ready,cdli_json,
109958,NEEDS_QID,HLC 080 (pl. 034),tablet,finding_spot,P224,P695,wikibase-item,Q389832,Girsu (mod. Tello),ready,provenience_lookup,
202212,NEEDS_QID,"PPAC 5, 0134",tablet,cdli_id,P223,P692,external-id,P202212,,ready,cdli_json,
202212,NEEDS_QID,"PPAC 5, 0134",tablet,instance_of,P2,P2,wikibase-item,Q512006,Clay tablet,ready,CDLI_Object,
202212,NEEDS_QID,"PPAC 5, 0134",tablet,period,P245,P853,wikibase-item,Q512148,Ur III Period,ready,CDLI_Period,
202212,NEEDS_QID,"PPAC 5, 0134",tablet,language,P18,P18,wikibase-item,Q471149,Sumerian,ready,CDLI_Lang,
202212,NEEDS_QID,"PPAC 5, 0134",tablet,type_of_work,P126,P121,wikibase-item,Q394396,Administrative,ready,CDLI_Genre,
202212,NEEDS_QID,"PPAC 5, 0134",tablet,material,P391,P401,wikibase-item,Q471153,Clay,ready,CDLI_Material,
202212,NEEDS_QID,"PPAC 5, 0134",tablet,present_holding,P203,P329,wikibase-item,Q102010,British Museum Collection,ready,museum_FG,
202212,NEEDS_QID,"PPAC 5, 0134",tablet,inventory_number,P10,P10,string,BM 013423,,ready,cdli_json,
202212,NEEDS_QID,"PPAC 5, 0134",tablet,finding_spot,P224,P695,wikibase-item,Q389832,Girsu (mod. Tello),ready,provenience_lookup,
117946,NEEDS_QID,"MVN 14, 0266",tablet,cdli_id,P223,P692,external-id,P117946,,ready,cdli_json,
117946,NEEDS_QID,"MVN 14, 0266",tablet,instance_of,P2,P2,wikibase-item,Q512006,Clay tablet,ready,CDLI_Object,
117946,NEEDS_QID,"MVN 14, 0266",tablet,period,P245,P853,wikibase-item,Q512148,Ur III Period,ready,CDLI_Period,
117946,NEEDS_QID,"MVN 14, 0266",tablet,language,P18,P18,wikibase-item,Q471149,Sumerian,ready,CDLI_Lang,
117946,NEEDS_QID,"MVN 14, 0266",tablet,type_of_work,P126,P121,wikibase-item,Q394396,Administrative,ready,CDLI_Genre,
117946,NEEDS_QID,"MVN 14, 0266",tablet,material,P391,P401,wikibase-item,Q471153,Clay,ready,CDLI_Material,
117946,NEEDS_QID,"MVN 14, 0266",tablet,present_holding,P203,P329,wikibase-item,Q511898,Istanbul Archaeology Museum,ready,museum_FG,
117946,NEEDS_QID,"MVN 14, 0266",tablet,inventory_number,P10,P10,string,Ist Um 0266,,ready,cdli_json,
117946,NEEDS_QID,"MVN 14, 0266",tablet,finding_spot,P224,P695,wikibase-item,Q389833,Umma (mod. Tell Jokha),ready,provenience_lookup,
229142,NEEDS_QID,"MSL 09, 051 S18",tablet,cdli_id,P223,P692,external-id,P229142,,ready,cdli_json,
229142,NEEDS_QID,"MSL 09, 051 S18",tablet,instance_of,P2,P2,wikibase-item,Q512006,Clay tablet,ready,CDLI_Object,
229142,NEEDS_QID,"MSL 09, 051 S18",tablet,period,P245,P853,wikibase-item,Q512152,Old Babylonian Period,ready,CDLI_Period,
229142,NEEDS_QID,"MSL 09, 051 S18",tablet,language,P18,P18,wikibase-item,Q471149,Sumerian,ready,CDLI_Lang,
229142,NEEDS_QID,"MSL 09, 051 S18",tablet,type_of_work,P126,P121,wikibase-item,Q537054,Lexical,ready,CDLI_Genre,
229142,NEEDS_QID,"MSL 09, 051 S18",tablet,material,P391,P401,wikibase-item,Q471153,Clay,ready,CDLI_Material,
229142,NEEDS_QID,"MSL 09, 051 S18",tablet,present_holding,P203,P329,wikibase-item,Q511892,"Penn Museum, Philadelphia, Pennsylvania, USA",ready,museum_FG|factgrid_upload_table,
229142,NEEDS_QID,"MSL 09, 051 S18",tablet,inventory_number,P10,P10,string,N 6187,,ready,cdli_json,
229142,NEEDS_QID,"MSL 09, 051 S18",tablet,finding_spot,P224,P695,wikibase-item,Q390017,Nippur (mod. Nuffar),ready,provenience_lookup,
513392,NEEDS_QID,STTI 2 p. 069 Ist L 09345,tablet,cdli_id,P223,P692,external-id,P513392,,ready,cdli_json,
513392,NEEDS_QID,STTI 2 p. 069 Ist L 09345,tablet,instance_of,P2,P2,wikibase-item,Q512006,Clay tablet,ready,CDLI_Object,
513392,NEEDS_QID,STTI 2 p. 069 Ist L 09345,tablet,period,P245,P853,wikibase-item,Q512144,Old Akkadian Period,ready,CDLI_Period,
513392,NEEDS_QID,STTI 2 p. 069 Ist L 09345,tablet,material,P391,P401,wikibase-item,Q471153,Clay,ready,CDLI_Material,
513392,NEEDS_QID,STTI 2 p. 069 Ist L 09345,tablet,present_holding,P203,P329,wikibase-item,Q511898,Istanbul Archaeology Museum,ready,museum_FG,
513392,NEEDS_QID,STTI 2 p. 069 Ist L 09345,tablet,inventory_number,P10,P10,string,Ist L 09345,,ready,cdli_json,
513392,NEEDS_QID,STTI 2 p. 069 Ist L 09345,tablet,finding_spot,P224,P695,wikibase-item,Q389832,Girsu (mod. Tello),ready,provenience_lookup,
121527,NEEDS_QID,NATN 830,tablet,cdli_id,P223,P692,external-id,P121527,,ready,cdli_json,
121527,NEEDS_QID,NATN 830,tablet,instance_of,P2,P2,wikibase-item,Q512006,Clay tablet,ready,CDLI_Object,
121527,NEEDS_QID,NATN 830,tablet,period,P245,P853,wikibase-item,Q512148,Ur III Period,ready,CDLI_Period,
121527,NEEDS_QID,NATN 830,tablet,language,P18,P18,wikibase-item,Q471149,Sumerian,ready,CDLI_Lang,
121527,NEEDS_QID,NATN 830,tablet,type_of_work,P126,P121,wikibase-item,Q394396,Administrative,ready,CDLI_Genre,
121527,NEEDS_QID,NATN 830,tablet,material,P391,P401,wikibase-item,Q471153,Clay,ready,CDLI_Material,
121527,NEEDS_QID,NATN 830,tablet,present_holding,P203,P329,wikibase-item,Q511904,"Institute for the Study of Ancient Cultures West Asia & North Africa Museum, Chicago, Illinois, USA",ready,museum_FG|factgrid_upload_table,
121527,NEEDS_QID,NATN 830,tablet,inventory_number,P10,P10,string,OIM A30027,,ready,cdli_json,
121527,NEEDS_QID,NATN 830,tablet,finding_spot,P224,P695,wikibase-item,Q390017,Nippur (mod. Nuffar),ready,provenience_lookup,
290683,NEEDS_QID,"BPOA 07, 2180",tablet,cdli_id,P223,P692,external-id,P290683,,ready,cdli_json,
290683,NEEDS_QID,"BPOA 07, 2180",tablet,instance_of,P2,P2,wikibase-item,Q512006,Clay tablet,ready,CDLI_Object,
290683,NEEDS_QID,"BPOA 07, 2180",tablet,period,P245,P853,wikibase-item,Q512148,Ur III Period,ready,CDLI_Period,
290683,NEEDS_QID,"BPOA 07, 2180",tablet,language,P18,P18,wikibase-item,Q471149,Sumerian,ready,CDLI_Lang,
290683,NEEDS_QID,"BPOA 07, 2180",tablet,type_of_work,P126,P121,wikibase-item,Q394396,Administrative,ready,CDLI_Genre,
290683,NEEDS_QID,"BPOA 07, 2180",tablet,material,P391,P401,wikibase-item,Q471153,Clay,ready,CDLI_Material,
290683,NEEDS_QID,"BPOA 07, 2180",tablet,present_holding,P203,P329,wikibase-item,Q511899,"Nies Babylonian Collection, Yale Babylonian Collection",ready,museum_FG,
290683,NEEDS_QID,"BPOA 07, 2180",tablet,inventory_number,P10,P10,string,NBC 03354,,ready,cdli_json,
290683,NEEDS_QID,"BPOA 07, 2180",tablet,finding_spot,P224,P695,wikibase-item,Q389833,Umma (mod. Tell Jokha),ready,provenience_lookup,
217913,NEEDS_QID,"ITT 4, 08026",tablet,cdli_id,P223,P692,external-id,P217913,,ready,cdli_json,
217913,NEEDS_QID,"ITT 4, 08026",tablet,instance_of,P2,P2,wikibase-item,Q512006,Clay tablet,ready,CDLI_Object,
217913,NEEDS_QID,"ITT 4, 08026",tablet,period,P245,P853,wikibase-item,Q512146,Lagash II Period,ready,CDLI_Period,
217913,NEEDS_QID,"ITT 4, 08026",tablet,type_of_work,P126,P121,wikibase-item,Q394396,Administrative,ready,CDLI_Genre,
217913,NEEDS_QID,"ITT 4, 08026",tablet,material,P391,P401,wikibase-item,Q471153,Clay,ready,CDLI_Material,
217913,NEEDS_QID,"ITT 4, 08026",tablet,present_holding,P203,P329,wikibase-item,Q511898,Istanbul Archaeology Museum,ready,museum_FG,
217913,NEEDS_QID,"ITT 4, 08026",tablet,inventory_number,P10,P10,string,Ist L 08026,,ready,cdli_json,
217913,NEEDS_QID,"ITT 4, 08026",tablet,finding_spot,P224,P695,wikibase-item,Q389832,Girsu (mod. Tello),ready,provenience_lookup,
102247,NEEDS_QID,"ASJ 08, 209 BM 013113",tablet,cdli_id,P223,P692,external-id,P102247,,ready,cdli_json,
102247,NEEDS_QID,"ASJ 08, 209 BM 013113",tablet,instance_of,P2,P2,wikibase-item,Q512006,Clay tablet,ready,CDLI_Object,
102247,NEEDS_QID,"ASJ 08, 209 BM 013113",tablet,period,P245,P853,wikibase-item,Q512148,Ur III Period,ready,CDLI_Period,
102247,NEEDS_QID,"ASJ 08, 209 BM 013113",tablet,language,P18,P18,wikibase-item,Q471149,Sumerian,ready,CDLI_Lang,
102247,NEEDS_QID,"ASJ 08, 209 BM 013113",tablet,type_of_work,P126,P121,wikibase-item,Q394396,Administrative,ready,CDLI_Genre,
102247,NEEDS_QID,"ASJ 08, 209 BM 013113",tablet,material,P391,P401,wikibase-item,Q471153,Clay,ready,CDLI_Material,
102247,NEEDS_QID,"ASJ 08, 209 BM 013113",tablet,present_holding,P203,P329,wikibase-item,Q102010,British Museum Collection,ready,museum_FG,
102247,NEEDS_QID,"ASJ 08, 209 BM 013113",tablet,inventory_number,P10,P10,string,BM 013113,,ready,cdli_json,
102247,NEEDS_QID,"ASJ 08, 209 BM 013113",tablet,finding_spot,P224,P695,wikibase-item,Q389832,Girsu (mod. Tello),ready,provenience_lookup,
129117,NEEDS_QID,"SACT 2, 160",tablet,cdli_id,P223,P692,external-id,P129117,,ready,cdli_json,
129117,NEEDS_QID,"SACT 2, 160",tablet,instance_of,P2,P2,wikibase-item,Q512006,Clay tablet,ready,CDLI_Object,
129117,NEEDS_QID,"SACT 2, 160",tablet,period,P245,P853,wikibase-item,Q512148,Ur III Period,ready,CDLI_Period,
129117,NEEDS_QID,"SACT 2, 160",tablet,language,P18,P18,wikibase-item,Q471149,Sumerian,ready,CDLI_Lang,
129117,NEEDS_QID,"SACT 2, 160",tablet,type_of_work,P126,P121,wikibase-item,Q394396,Administrative,ready,CDLI_Genre,
129117,NEEDS_QID,"SACT 2, 160",tablet,material,P391,P401,wikibase-item,Q471153,Clay,ready,CDLI_Material,
129117,NEEDS_QID,"SACT 2, 160",tablet,present_holding,P203,P329,wikibase-item,Q511894,Spurlock Museum of World Cultures Collection,ready,museum_FG,
129117,NEEDS_QID,"SACT 2, 160",tablet,inventory_number,P10,P10,string,SMUI 1913.14.1154,,ready,cdli_json,
129117,NEEDS_QID,"SACT 2, 160",tablet,finding_spot,P224,P695,wikibase-item,Q389833,Umma (mod. Tell Jokha),ready,provenience_lookup,
359122,NEEDS_QID,"Prag 513 & ICK 2, 221",tablet & envelope,cdli_id,P223,P692,external-id,P359122,,ready,cdli_json,
359122,NEEDS_QID,"Prag 513 & ICK 2, 221",tablet & envelope,period,P245,P853,wikibase-item,Q512151,Old Assyrian Period,ready,CDLI_Period,
359122,NEEDS_QID,"Prag 513 & ICK 2, 221",tablet & envelope,language,P18,P18,wikibase-item,Q471146,Akkadian,ready,CDLI_Lang,
359122,NEEDS_QID,"Prag 513 & ICK 2, 221",tablet & envelope,type_of_work,P126,P121,wikibase-item,Q388465,Legal,ready,CDLI_Genre,
359122,NEEDS_QID,"Prag 513 & ICK 2, 221",tablet & envelope,material,P391,P401,wikibase-item,Q471153,Clay,ready,CDLI_Material,
359122,NEEDS_QID,"Prag 513 & ICK 2, 221",tablet & envelope,inventory_number,P10,P10,string,Prague I 513 & Ist Ka 0623 (+ Ist Ka 0705 ?),,ready,cdli_json,
359122,NEEDS_QID,"Prag 513 & ICK 2, 221",tablet & envelope,finding_spot,P224,P695,wikibase-item,Q390036,Kanesh (mod. Kültepe),ready,provenience_lookup,
297146,NEEDS_QID,"BIN 02, 088",tablet,cdli_id,P223,P692,external-id,P297146,,ready,cdli_json,
297146,NEEDS_QID,"BIN 02, 088",tablet,instance_of,P2,P2,wikibase-item,Q512006,Clay tablet,ready,CDLI_Object,
297146,NEEDS_QID,"BIN 02, 088",tablet,period,P245,P853,wikibase-item,Q512152,Old Babylonian Period,ready,CDLI_Period,
297146,NEEDS_QID,"BIN 02, 088",tablet,language,P18,P18,wikibase-item,Q471149,Sumerian,ready,CDLI_Lang,
297146,NEEDS_QID,"BIN 02, 088",tablet,type_of_work,P126,P121,wikibase-item,Q394396,Administrative,ready,CDLI_Genre,
297146,NEEDS_QID,"BIN 02, 088",tablet,material,P391,P401,wikibase-item,Q471153,Clay,ready,CDLI_Material,
297146,NEEDS_QID,"BIN 02, 088",tablet,present_holding,P203,P329,wikibase-item,Q511899,"Nies Babylonian Collection, Yale Babylonian Collection",ready,museum_FG,
297146,NEEDS_QID,"BIN 02, 088",tablet,inventory_number,P10,P10,string,NBC 01239,,ready,cdli_json,
297146,NEEDS_QID,"BIN 02, 088",tablet,finding_spot,P224,P695,wikibase-item,Q389840,Sippar-Yahrurum (mod. Tell Abu Habbah),ready,provenience_lookup,
324412,NEEDS_QID,"CUSAS 03, 0295",tablet,cdli_id,P223,P692,external-id,P324412,,ready,cdli_json,
324412,NEEDS_QID,"CUSAS 03, 0295",tablet,instance_of,P2,P2,wikibase-item,Q512006,Clay tablet,ready,CDLI_Object,
324412,NEEDS_QID,"CUSAS 03, 0295",tablet,period,P245,P853,wikibase-item,Q512148,Ur III Period,ready,CDLI_Period,
324412,NEEDS_QID,"CUSAS 03, 0295",tablet,language,P18,P18,wikibase-item,Q471149,Sumerian,ready,CDLI_Lang,
324412,NEEDS_QID,"CUSAS 03, 0295",tablet,type_of_work,P126,P121,wikibase-item,Q394396,Administrative,ready,CDLI_Genre,
324412,NEEDS_QID,"CUSAS 03, 0295",tablet,material,P391,P401,wikibase-item,Q471153,Clay,ready,CDLI_Material,
324412,NEEDS_QID,"CUSAS 03, 0295",tablet,inventory_number,P10,P10,string,CUNES 49-15-406,,ready,cdli_json,
324412,NEEDS_QID,"CUSAS 03, 0295",tablet,finding_spot,P224,P695,wikibase-item,Q389888,Garšana (mod. uncertain),ready,provenience_lookup,
105582,NEEDS_QID,"BE 03/1, 029",tablet,cdli_id,P223,P692,external-id,P105582,,ready,cdli_json,
105582,NEEDS_QID,"BE 03/1, 029",tablet,instance_of,P2,P2,wikibase-item,Q512006,Clay tablet,ready,CDLI_Object,
105582,NEEDS_QID,"BE 03/1, 029",tablet,period,P245,P853,wikibase-item,Q512148,Ur III Period,ready,CDLI_Period,
105582,NEEDS_QID,"BE 03/1, 029",tablet,language,P18,P18,wikibase-item,Q471149,Sumerian,ready,CDLI_Lang,
105582,NEEDS_QID,"BE 03/1, 029",tablet,type_of_work,P126,P121,wikibase-item,Q394396,Administrative,ready,CDLI_Genre,
105582,NEEDS_QID,"BE 03/1, 029",tablet,material,P391,P401,wikibase-item,Q471153,Clay,ready,CDLI_Material,
105582,NEEDS_QID,"BE 03/1, 029",tablet,present_holding,P203,P329,wikibase-item,Q511892,"Penn Museum, Philadelphia, Pennsylvania, USA",ready,museum_FG|factgrid_upload_table,
105582,NEEDS_QID,"BE 03/1, 029",tablet,inventory_number,P10,P10,string,CBS 10240,,ready,cdli_json,
105582,NEEDS_QID,"BE 03/1, 029",tablet,finding_spot,P224,P695,wikibase-item,Q390017,Nippur (mod. Nuffar),ready,provenience_lookup,
507781,NEEDS_QID,"Iraq 79, 108-109 01",tablet,cdli_id,P223,P692,external-id,P507781,,ready,cdli_json,
507781,NEEDS_QID,"Iraq 79, 108-109 01",tablet,instance_of,P2,P2,wikibase-item,Q512006,Clay tablet,ready,CDLI_Object,
507781,NEEDS_QID,"Iraq 79, 108-109 01",tablet,period,P245,P853,wikibase-item,Q512148,Ur III Period,ready,CDLI_Period,
507781,NEEDS_QID,"Iraq 79, 108-109 01",tablet,language,P18,P18,wikibase-item,Q471149,Sumerian,ready,CDLI_Lang,
507781,NEEDS_QID,"Iraq 79, 108-109 01",tablet,type_of_work,P126,P121,wikibase-item,Q394396,Administrative,ready,CDLI_Genre,
507781,NEEDS_QID,"Iraq 79, 108-109 01",tablet,material,P391,P401,wikibase-item,Q471153,Clay,ready,CDLI_Material,
507781,NEEDS_QID,"Iraq 79, 108-109 01",tablet,inventory_number,P10,P10,string,MdG —,,ready,cdli_json,
507781,NEEDS_QID,"Iraq 79, 108-109 01",tablet,finding_spot,P224,P695,wikibase-item,Q389903,Puzriš-Dagan (mod. Drehem),ready,provenience_lookup,
135134,NEEDS_QID,TRU 370,tablet,cdli_id,P223,P692,external-id,P135134,,ready,cdli_json,
135134,NEEDS_QID,TRU 370,tablet,instance_of,P2,P2,wikibase-item,Q512006,Clay tablet,ready,CDLI_Object,
135134,NEEDS_QID,TRU 370,tablet,period,P245,P853,wikibase-item,Q512148,Ur III Period,ready,CDLI_Period,
135134,NEEDS_QID,TRU 370,tablet,language,P18,P18,wikibase-item,Q471149,Sumerian,ready,CDLI_Lang,
135134,NEEDS_QID,TRU 370,tablet,type_of_work,P126,P121,wikibase-item,Q394396,Administrative,ready,CDLI_Genre,
135134,NEEDS_QID,TRU 370,tablet,material,P391,P401,wikibase-item,Q471153,Clay,ready,CDLI_Material,
135134,NEEDS_QID,TRU 370,tablet,inventory_number,P10,P10,string,ICP 0370,,ready,cdli_json,
135134,NEEDS_QID,TRU 370,tablet,finding_spot,P224,P695,wikibase-item,Q389903,Puzriš-Dagan (mod. Drehem),ready,provenience_lookup,
454081,NEEDS_QID,"Nisaba 15, 0853",tablet,cdli_id,P223,P692,external-id,P454081,,ready,cdli_json,
454081,NEEDS_QID,"Nisaba 15, 0853",tablet,instance_of,P2,P2,wikibase-item,Q512006,Clay tablet,ready,CDLI_Object,
454081,NEEDS_QID,"Nisaba 15, 0853",tablet,period,P245,P853,wikibase-item,Q512148,Ur III Period,ready,CDLI_Period,
454081,NEEDS_QID,"Nisaba 15, 0853",tablet,language,P18,P18,wikibase-item,Q471149,Sumerian,ready,CDLI_Lang,
454081,NEEDS_QID,"Nisaba 15, 0853",tablet,type_of_work,P126,P121,wikibase-item,Q394396,Administrative,ready,CDLI_Genre,
454081,NEEDS_QID,"Nisaba 15, 0853",tablet,material,P391,P401,wikibase-item,Q471153,Clay,ready,CDLI_Material,
454081,NEEDS_QID,"Nisaba 15, 0853",tablet,inventory_number,P10,P10,string,Anonymous 454081,,ready,cdli_json,
454081,NEEDS_QID,"Nisaba 15, 0853",tablet,finding_spot,P224,P695,wikibase-item,Q390161,Irisagrig,ready,provenience_lookup,
407119,NEEDS_QID,"HSS 68, 221",tablet,cdli_id,P223,P692,external-id,P407119,,ready,cdli_json,
407119,NEEDS_QID,"HSS 68, 221",tablet,instance_of,P2,P2,wikibase-item,Q512006,Clay tablet,ready,CDLI_Object,
407119,NEEDS_QID,"HSS 68, 221",tablet,period,P245,P853,wikibase-item,Q512148,Ur III Period,ready,CDLI_Period,
407119,NEEDS_QID,"HSS 68, 221",tablet,language,P18,P18,wikibase-item,Q471149,Sumerian,ready,CDLI_Lang,
407119,NEEDS_QID,"HSS 68, 221",tablet,type_of_work,P126,P121,wikibase-item,Q394396,Administrative,ready,CDLI_Genre,
407119,NEEDS_QID,"HSS 68, 221",tablet,material,P391,P401,wikibase-item,Q471153,Clay,ready,CDLI_Material,
407119,NEEDS_QID,"HSS 68, 221",tablet,inventory_number,P10,P10,string,SM 1911.10.079,,ready,cdli_json,
407119,NEEDS_QID,"HSS 68, 221",tablet,finding_spot,P224,P695,wikibase-item,Q389903,Puzriš-Dagan (mod. Drehem),ready,provenience_lookup,
453744,NEEDS_QID,"Nisaba 15, 0287",tablet,cdli_id,P223,P692,external-id,P453744,,ready,cdli_json,
453744,NEEDS_QID,"Nisaba 15, 0287",tablet,instance_of,P2,P2,wikibase-item,Q512006,Clay tablet,ready,CDLI_Object,
453744,NEEDS_QID,"Nisaba 15, 0287",tablet,period,P245,P853,wikibase-item,Q512148,Ur III Period,ready,CDLI_Period,
453744,NEEDS_QID,"Nisaba 15, 0287",tablet,language,P18,P18,wikibase-item,Q471149,Sumerian,ready,CDLI_Lang,
453744,NEEDS_QID,"Nisaba 15, 0287",tablet,type_of_work,P126,P121,wikibase-item,Q394396,Administrative,ready,CDLI_Genre,
453744,NEEDS_QID,"Nisaba 15, 0287",tablet,material,P391,P401,wikibase-item,Q471153,Clay,ready,CDLI_Material,
453744,NEEDS_QID,"Nisaba 15, 0287",tablet,inventory_number,P10,P10,string,Anonymous 453744,,ready,cdli_json,
453744,NEEDS_QID,"Nisaba 15, 0287",tablet,finding_spot,P224,P695,wikibase-item,Q390161,Irisagrig,ready,provenience_lookup,
338431,NEEDS_QID,"STT 1, 109",tablet,cdli_id,P223,P692,external-id,P338431,,ready,cdli_json,
338431,NEEDS_QID,"STT 1, 109",tablet,instance_of,P2,P2,wikibase-item,Q512006,Clay tablet,ready,CDLI_Object,
338431,NEEDS_QID,"STT 1, 109",tablet,period,P245,P853,wikibase-item,Q512158,Neo-Assyrian Period,ready,CDLI_Period,
338431,NEEDS_QID,"STT 1, 109",tablet,language,P18,P18,wikibase-item,Q471146,Akkadian,ready,CDLI_Lang,
338431,NEEDS_QID,"STT 1, 109",tablet,material,P391,P401,wikibase-item,Q471153,Clay,ready,CDLI_Material,
338431,NEEDS_QID,"STT 1, 109",tablet,inventory_number,P10,P10,string,AMM —,,ready,cdli_json,
338431,NEEDS_QID,"STT 1, 109",tablet,finding_spot,P224,P695,wikibase-item,Q390056,Huzirina (mod. Sultantepe),ready,provenience_lookup,
291991,NEEDS_QID,"BPOA 06, 1004",tablet,cdli_id,P223,P692,external-id,P291991,,ready,cdli_json,
291991,NEEDS_QID,"BPOA 06, 1004",tablet,instance_of,P2,P2,wikibase-item,Q512006,Clay tablet,ready,CDLI_Object,
291991,NEEDS_QID,"BPOA 06, 1004",tablet,period,P245,P853,wikibase-item,Q512148,Ur III Period,ready,CDLI_Period,
291991,NEEDS_QID,"BPOA 06, 1004",tablet,language,P18,P18,wikibase-item,Q471149,Sumerian,ready,CDLI_Lang,
291991,NEEDS_QID,"BPOA 06, 1004",tablet,type_of_work,P126,P121,wikibase-item,Q394396,Administrative,ready,CDLI_Genre,
291991,NEEDS_QID,"BPOA 06, 1004",tablet,material,P391,P401,wikibase-item,Q471153,Clay,ready,CDLI_Material,
291991,NEEDS_QID,"BPOA 06, 1004",tablet,present_holding,P203,P329,wikibase-item,Q511899,"Nies Babylonian Collection, Yale Babylonian Collection",ready,museum_FG,
291991,NEEDS_QID,"BPOA 06, 1004",tablet,inventory_number,P10,P10,string,NBC 00324,,ready,cdli_json,
291991,NEEDS_QID,"BPOA 06, 1004",tablet,finding_spot,P224,P695,wikibase-item,Q389833,Umma (mod. Tell Jokha),ready,provenience_lookup,
498640,NEEDS_QID,"ArAn 10/1, 024",tablet,cdli_id,P223,P692,external-id,P498640,,ready,cdli_json,
498640,NEEDS_QID,"ArAn 10/1, 024",tablet,instance_of,P2,P2,wikibase-item,Q512006,Clay tablet,ready,CDLI_Object,
498640,NEEDS_QID,"ArAn 10/1, 024",tablet,period,P245,P853,wikibase-item,Q512151,Old Assyrian Period,ready,CDLI_Period,
498640,NEEDS_QID,"ArAn 10/1, 024",tablet,language,P18,P18,wikibase-item,Q471146,Akkadian,ready,CDLI_Lang,
498640,NEEDS_QID,"ArAn 10/1, 024",tablet,material,P391,P401,wikibase-item,Q471153,Clay,ready,CDLI_Material,
498640,NEEDS_QID,"ArAn 10/1, 024",tablet,inventory_number,P10,P10,string,AMM —,,ready,cdli_json,
498640,NEEDS_QID,"ArAn 10/1, 024",tablet,finding_spot,P224,P695,wikibase-item,Q390036,Kanesh (mod. Kültepe),ready,provenience_lookup,
405124,NEEDS_QID,"BagM 23, 150 185",tablet,cdli_id,P223,P692,external-id,P405124,,ready,cdli_json,
405124,NEEDS_QID,"BagM 23, 150 185",tablet,instance_of,P2,P2,wikibase-item,Q512006,Clay tablet,ready,CDLI_Object,
405124,NEEDS_QID,"BagM 23, 150 185",tablet,period,P245,P853,wikibase-item,Q512152,Old Babylonian Period,ready,CDLI_Period,
405124,NEEDS_QID,"BagM 23, 150 185",tablet,type_of_work,P126,P121,wikibase-item,Q394396,Administrative,ready,CDLI_Genre,
405124,NEEDS_QID,"BagM 23, 150 185",tablet,material,P391,P401,wikibase-item,Q471153,Clay,ready,CDLI_Material,
405124,NEEDS_QID,"BagM 23, 150 185",tablet,present_holding,P203,P329,wikibase-item,Q897717,Heidelberger Orientalisches Seminar,ready,museum_FG,
405124,NEEDS_QID,"BagM 23, 150 185",tablet,inventory_number,P10,P10,string,"HD: W 20052,022",,ready,cdli_json,
405124,NEEDS_QID,"BagM 23, 150 185",tablet,finding_spot,P224,P695,wikibase-item,Q390030,Uruk (mod. Warka),ready,provenience_lookup,
345101,NEEDS_QID,"CDLI Literary 000744, ex. 001",tablet,cdli_id,P223,P692,external-id,P345101,,ready,cdli_json,
345101,NEEDS_QID,"CDLI Literary 000744, ex. 001",tablet,instance_of,P2,P2,wikibase-item,Q512006,Clay tablet,ready,CDLI_Object,
345101,NEEDS_QID,"CDLI Literary 000744, ex. 001",tablet,period,P245,P853,wikibase-item,Q512152,Old Babylonian Period,ready,CDLI_Period,
345101,NEEDS_QID,"CDLI Literary 000744, ex. 001",tablet,language,P18,P18,wikibase-item,Q471149,Sumerian,ready,CDLI_Lang,
345101,NEEDS_QID,"CDLI Literary 000744, ex. 001",tablet,type_of_work,P126,P121,wikibase-item,Q245823,Literary,ready,CDLI_Genre,
345101,NEEDS_QID,"CDLI Literary 000744, ex. 001",tablet,material,P391,P401,wikibase-item,Q471153,Clay,ready,CDLI_Material,
345101,NEEDS_QID,"CDLI Literary 000744, ex. 001",tablet,present_holding,P203,P329,wikibase-item,Q511898,Istanbul Archaeology Museum,ready,museum_FG,
345101,NEEDS_QID,"CDLI Literary 000744, ex. 001",tablet,inventory_number,P10,P10,string,Ist Ni 00044,,ready,cdli_json,
345101,NEEDS_QID,"CDLI Literary 000744, ex. 001",tablet,finding_spot,P224,P695,wikibase-item,Q390017,Nippur (mod. Nuffar),ready,provenience_lookup,
313761,NEEDS_QID,"CT 53, 346",tablet,cdli_id,P223,P692,external-id,P313761,,ready,cdli_json,
313761,NEEDS_QID,"CT 53, 346",tablet,instance_of,P2,P2,wikibase-item,Q512006,Clay tablet,ready,CDLI_Object,
313761,NEEDS_QID,"CT 53, 346",tablet,period,P245,P853,wikibase-item,Q512158,Neo-Assyrian Period,ready,CDLI_Period,
313761,NEEDS_QID,"CT 53, 346",tablet,language,P18,P18,wikibase-item,Q471146,Akkadian,ready,CDLI_Lang,
313761,NEEDS_QID,"CT 53, 346",tablet,type_of_work,P126,P121,wikibase-item,Q10510,Letter,ready,CDLI_Genre,
313761,NEEDS_QID,"CT 53, 346",tablet,material,P391,P401,wikibase-item,Q471153,Clay,ready,CDLI_Material,
313761,NEEDS_QID,"CT 53, 346",tablet,present_holding,P203,P329,wikibase-item,Q102010,British Museum Collection,ready,museum_FG,
313761,NEEDS_QID,"CT 53, 346",tablet,inventory_number,P10,P10,string,BM —,,ready,cdli_json,
313761,NEEDS_QID,"CT 53, 346",tablet,finding_spot,P224,P695,wikibase-item,Q390025,Nīnūa,ready,provenience_lookup,
137109,NEEDS_QID,"UET 3, 0785",tablet,cdli_id,P223,P692,external-id,P137109,,ready,cdli_json,
137109,NEEDS_QID,"UET 3, 0785",tablet,instance_of,P2,P2,wikibase-item,Q512006,Clay tablet,ready,CDLI_Object,
137109,NEEDS_QID,"UET 3, 0785",tablet,period,P245,P853,wikibase-item,Q512148,Ur III Period,ready,CDLI_Period,
137109,NEEDS_QID,"UET 3, 0785",tablet,language,P18,P18,wikibase-item,Q471149,Sumerian,ready,CDLI_Lang,
137109,NEEDS_QID,"UET 3, 0785",tablet,type_of_work,P126,P121,wikibase-item,Q394396,Administrative,ready,CDLI_Genre,
137109,NEEDS_QID,"UET 3, 0785",tablet,material,P391,P401,wikibase-item,Q471153,Clay,ready,CDLI_Material,
137109,NEEDS_QID,"UET 3, 0785",tablet,present_holding,P203,P329,wikibase-item,Q511874,Iraq Museum,ready,museum_FG,
137109,NEEDS_QID,"UET 3, 0785",tablet,inventory_number,P10,P10,string,IM —,,ready,cdli_json,
137109,NEEDS_QID,"UET 3, 0785",tablet,finding_spot,P224,P695,wikibase-item,Q389877,Ur (mod. Tell Muqayyar),ready,provenience_lookup,
101892,NEEDS_QID,"ArOr 62, 244 I 874",tablet,cdli_id,P223,P692,external-id,P101892,,ready,cdli_json,
101892,NEEDS_QID,"ArOr 62, 244 I 874",tablet,instance_of,P2,P2,wikibase-item,Q512006,Clay tablet,ready,CDLI_Object,
101892,NEEDS_QID,"ArOr 62, 244 I 874",tablet,period,P245,P853,wikibase-item,Q512148,Ur III Period,ready,CDLI_Period,
101892,NEEDS_QID,"ArOr 62, 244 I 874",tablet,language,P18,P18,wikibase-item,Q471149,Sumerian,ready,CDLI_Lang,
101892,NEEDS_QID,"ArOr 62, 244 I 874",tablet,type_of_work,P126,P121,wikibase-item,Q394396,Administrative,ready,CDLI_Genre,
101892,NEEDS_QID,"ArOr 62, 244 I 874",tablet,material,P391,P401,wikibase-item,Q471153,Clay,ready,CDLI_Material,
101892,NEEDS_QID,"ArOr 62, 244 I 874",tablet,inventory_number,P10,P10,string,Prague I 874,,ready,cdli_json,
101892,NEEDS_QID,"ArOr 62, 244 I 874",tablet,finding_spot,P224,P695,wikibase-item,Q389833,Umma (mod. Tell Jokha),ready,provenience_lookup,
213403,NEEDS_QID,"HSS 10, 138",tablet,cdli_id,P223,P692,external-id,P213403,,ready,cdli_json,
213403,NEEDS_QID,"HSS 10, 138",tablet,instance_of,P2,P2,wikibase-item,Q512006,Clay tablet,ready,CDLI_Object,
213403,NEEDS_QID,"HSS 10, 138",tablet,period,P245,P853,wikibase-item,Q512144,Old Akkadian Period,ready,CDLI_Period,
213403,NEEDS_QID,"HSS 10, 138",tablet,type_of_work,P126,P121,wikibase-item,Q394396,Administrative,ready,CDLI_Genre,
213403,NEEDS_QID,"HSS 10, 138",tablet,material,P391,P401,wikibase-item,Q471153,Clay,ready,CDLI_Material,
213403,NEEDS_QID,"HSS 10, 138",tablet,present_holding,P203,P329,wikibase-item,Q511874,Iraq Museum,ready,museum_FG,
213403,NEEDS_QID,"HSS 10, 138",tablet,inventory_number,P10,P10,string,IM 050632,,ready,cdli_json,
213403,NEEDS_QID,"HSS 10, 138",tablet,finding_spot,P224,P695,wikibase-item,Q2100040,Yorgan Tepe,ready,provenience_lookup,
107045,NEEDS_QID,BM Messenger 166,tablet,cdli_id,P223,P692,external-id,P107045,,ready,cdli_json,
107045,NEEDS_QID,BM Messenger 166,tablet,instance_of,P2,P2,wikibase-item,Q512006,Clay tablet,ready,CDLI_Object,
107045,NEEDS_QID,BM Messenger 166,tablet,period,P245,P853,wikibase-item,Q512148,Ur III Period,ready,CDLI_Period,
107045,NEEDS_QID,BM Messenger 166,tablet,language,P18,P18,wikibase-item,Q471149,Sumerian,ready,CDLI_Lang,
107045,NEEDS_QID,BM Messenger 166,tablet,type_of_work,P126,P121,wikibase-item,Q394396,Administrative,ready,CDLI_Genre,
107045,NEEDS_QID,BM Messenger 166,tablet,material,P391,P401,wikibase-item,Q471153,Clay,ready,CDLI_Material,
107045,NEEDS_QID,BM Messenger 166,tablet,present_holding,P203,P329,wikibase-item,Q102010,British Museum Collection,ready,museum_FG,
107045,NEEDS_QID,BM Messenger 166,tablet,inventory_number,P10,P10,string,BM 020227,,ready,cdli_json,
107045,NEEDS_QID,BM Messenger 166,tablet,finding_spot,P224,P695,wikibase-item,Q389832,Girsu (mod. Tello),ready,provenience_lookup,
430790,NEEDS_QID,"VFMOS 2/3, 87",tablet,cdli_id,P223,P692,external-id,P430790,,ready,cdli_json,
430790,NEEDS_QID,"VFMOS 2/3, 87",tablet,instance_of,P2,P2,wikibase-item,Q512006,Clay tablet,ready,CDLI_Object,
430790,NEEDS_QID,"VFMOS 2/3, 87",tablet,period,P245,P853,wikibase-item,Q512155,Middle Assyrian Period,ready,CDLI_Period,
430790,NEEDS_QID,"VFMOS 2/3, 87",tablet,material,P391,P401,wikibase-item,Q471153,Clay,ready,CDLI_Material,
430790,NEEDS_QID,"VFMOS 2/3, 87",tablet,inventory_number,P10,P10,string,unknown,,ready,cdli_json,
430790,NEEDS_QID,"VFMOS 2/3, 87",tablet,finding_spot,P224,P695,wikibase-item,Q389862,Ḫarbe (mod. Tell Chuera),ready,provenience_lookup,
238753,NEEDS_QID,ABL 0969,tablet,cdli_id,P223,P692,external-id,P238753,,ready,cdli_json,
238753,NEEDS_QID,ABL 0969,tablet,instance_of,P2,P2,wikibase-item,Q512006,Clay tablet,ready,CDLI_Object,
238753,NEEDS_QID,ABL 0969,tablet,period,P245,P853,wikibase-item,Q512158,Neo-Assyrian Period,ready,CDLI_Period,
238753,NEEDS_QID,ABL 0969,tablet,language,P18,P18,wikibase-item,Q471146,Akkadian,ready,CDLI_Lang,
238753,NEEDS_QID,ABL 0969,tablet,type_of_work,P126,P121,wikibase-item,Q10510,Letter,ready,CDLI_Genre,
238753,NEEDS_QID,ABL 0969,tablet,material,P391,P401,wikibase-item,Q471153,Clay,ready,CDLI_Material,
238753,NEEDS_QID,ABL 0969,tablet,present_holding,P203,P329,wikibase-item,Q102010,British Museum Collection,ready,museum_FG,
238753,NEEDS_QID,ABL 0969,tablet,inventory_number,P10,P10,string,BM —,,ready,cdli_json,
238753,NEEDS_QID,ABL 0969,tablet,finding_spot,P224,P695,wikibase-item,Q390025,Nīnūa,ready,provenience_lookup,
290379,NEEDS_QID,"BPOA 07, 1558",tablet,cdli_id,P223,P692,external-id,P290379,,ready,cdli_json,
290379,NEEDS_QID,"BPOA 07, 1558",tablet,instance_of,P2,P2,wikibase-item,Q512006,Clay tablet,ready,CDLI_Object,
290379,NEEDS_QID,"BPOA 07, 1558",tablet,period,P245,P853,wikibase-item,Q512148,Ur III Period,ready,CDLI_Period,
290379,NEEDS_QID,"BPOA 07, 1558",tablet,language,P18,P18,wikibase-item,Q471149,Sumerian,ready,CDLI_Lang,
290379,NEEDS_QID,"BPOA 07, 1558",tablet,type_of_work,P126,P121,wikibase-item,Q394396,Administrative,ready,CDLI_Genre,
290379,NEEDS_QID,"BPOA 07, 1558",tablet,material,P391,P401,wikibase-item,Q471153,Clay,ready,CDLI_Material,
290379,NEEDS_QID,"BPOA 07, 1558",tablet,present_holding,P203,P329,wikibase-item,Q511899,"Nies Babylonian Collection, Yale Babylonian Collection",ready,museum_FG,
290379,NEEDS_QID,"BPOA 07, 1558",tablet,inventory_number,P10,P10,string,NBC 01515,,ready,cdli_json,
290379,NEEDS_QID,"BPOA 07, 1558",tablet,finding_spot,P224,P695,wikibase-item,Q389833,Umma (mod. Tell Jokha),ready,provenience_lookup,
377070,NEEDS_QID,"Nisaba 31/2, 146",tablet,cdli_id,P223,P692,external-id,P377070,,ready,cdli_json,
377070,NEEDS_QID,"Nisaba 31/2, 146",tablet,instance_of,P2,P2,wikibase-item,Q512006,Clay tablet,ready,CDLI_Object,
377070,NEEDS_QID,"Nisaba 31/2, 146",tablet,period,P245,P853,wikibase-item,Q512148,Ur III Period,ready,CDLI_Period,
377070,NEEDS_QID,"Nisaba 31/2, 146",tablet,language,P18,P18,wikibase-item,Q471149,Sumerian,ready,CDLI_Lang,
377070,NEEDS_QID,"Nisaba 31/2, 146",tablet,type_of_work,P126,P121,wikibase-item,Q394396,Administrative,ready,CDLI_Genre,
377070,NEEDS_QID,"Nisaba 31/2, 146",tablet,material,P391,P401,wikibase-item,Q471153,Clay,ready,CDLI_Material,
377070,NEEDS_QID,"Nisaba 31/2, 146",tablet,present_holding,P203,P329,wikibase-item,Q102010,British Museum Collection,ready,museum_FG,
377070,NEEDS_QID,"Nisaba 31/2, 146",tablet,inventory_number,P10,P10,string,BM 111294,,ready,cdli_json,
377070,NEEDS_QID,"Nisaba 31/2, 146",tablet,finding_spot,P224,P695,wikibase-item,Q389833,Umma (mod. Tell Jokha),ready,provenience_lookup,
100780,NEEDS_QID,Aleppo 448,tablet,cdli_id,P223,P692,external-id,P100780,,ready,cdli_json,
100780,NEEDS_QID,Aleppo 448,tablet,instance_of,P2,P2,wikibase-item,Q512006,Clay tablet,ready,CDLI_Object,
100780,NEEDS_QID,Aleppo 448,tablet,period,P245,P853,wikibase-item,Q512148,Ur III Period,ready,CDLI_Period,
100780,NEEDS_QID,Aleppo 448,tablet,language,P18,P18,wikibase-item,Q471149,Sumerian,ready,CDLI_Lang,
100780,NEEDS_QID,Aleppo 448,tablet,type_of_work,P126,P121,wikibase-item,Q394396,Administrative,ready,CDLI_Genre,
100780,NEEDS_QID,Aleppo 448,tablet,material,P391,P401,wikibase-item,Q471153,Clay,ready,CDLI_Material,
100780,NEEDS_QID,Aleppo 448,tablet,present_holding,P203,P329,wikibase-item,Q511885,Aleppo National Museum,ready,museum_FG,
100780,NEEDS_QID,Aleppo 448,tablet,inventory_number,P10,P10,string,NMSA 3807,,ready,cdli_json,
100780,NEEDS_QID,Aleppo 448,tablet,finding_spot,P224,P695,wikibase-item,Q389833,Umma (mod. Tell Jokha),ready,provenience_lookup,
292344,NEEDS_QID,"BPOA 06, 0964",tablet,cdli_id,P223,P692,external-id,P292344,,ready,cdli_json,
292344,NEEDS_QID,"BPOA 06, 0964",tablet,instance_of,P2,P2,wikibase-item,Q512006,Clay tablet,ready,CDLI_Object,
292344,NEEDS_QID,"BPOA 06, 0964",tablet,period,P245,P853,wikibase-item,Q512148,Ur III Period,ready,CDLI_Period,
292344,NEEDS_QID,"BPOA 06, 0964",tablet,language,P18,P18,wikibase-item,Q471149,Sumerian,ready,CDLI_Lang,
292344,NEEDS_QID,"BPOA 06, 0964",tablet,type_of_work,P126,P121,wikibase-item,Q394396,Administrative,ready,CDLI_Genre,
292344,NEEDS_QID,"BPOA 06, 0964",tablet,material,P391,P401,wikibase-item,Q471153,Clay,ready,CDLI_Material,
292344,NEEDS_QID,"BPOA 06, 0964",tablet,present_holding,P203,P329,wikibase-item,Q511899,"Nies Babylonian Collection, Yale Babylonian Collection",ready,museum_FG,
292344,NEEDS_QID,"BPOA 06, 0964",tablet,inventory_number,P10,P10,string,NBC 00270,,ready,cdli_json,
292344,NEEDS_QID,"BPOA 06, 0964",tablet,finding_spot,P224,P695,wikibase-item,Q389833,Umma (mod. Tell Jokha),ready,provenience_lookup,
118,NEEDS_QID,"CDLI Lexical Archaic Unidentified, ex. 022",tablet,cdli_id,P223,P692,external-id,P000118,,ready,cdli_json,
118,NEEDS_QID,"CDLI Lexical Archaic Unidentified, ex. 022",tablet,instance_of,P2,P2,wikibase-item,Q512006,Clay tablet,ready,CDLI_Object,
118,NEEDS_QID,"CDLI Lexical Archaic Unidentified, ex. 022",tablet,period,P245,P853,wikibase-item,Q512134,Uruk III Period,ready,CDLI_Period,
118,NEEDS_QID,"CDLI Lexical Archaic Unidentified, ex. 022",tablet,type_of_work,P126,P121,wikibase-item,Q537054,Lexical,ready,CDLI_Genre,
118,NEEDS_QID,"CDLI Lexical Archaic Unidentified, ex. 022",tablet,material,P391,P401,wikibase-item,Q471153,Clay,ready,CDLI_Material,
118,NEEDS_QID,"CDLI Lexical Archaic Unidentified, ex. 022",tablet,present_holding,P203,P329,wikibase-item,Q510658,Vorderasiatisches Museum,ready,museum_FG,
118,NEEDS_QID,"CDLI Lexical Archaic Unidentified, ex. 022",tablet,inventory_number,P10,P10,string,VAT 17660,,ready,cdli_json,
118,NEEDS_QID,"CDLI Lexical Archaic Unidentified, ex. 022",tablet,finding_spot,P224,P695,wikibase-item,Q390030,Uruk (mod. Warka),ready,provenience_lookup,
372788,NEEDS_QID,"VS 13, 035",tablet,cdli_id,P223,P692,external-id,P372788,,ready,cdli_json,
372788,NEEDS_QID,"VS 13, 035",tablet,instance_of,P2,P2,wikibase-item,Q512006,Clay tablet,ready,CDLI_Object,
372788,NEEDS_QID,"VS 13, 035",tablet,period,P245,P853,wikibase-item,Q512152,Old Babylonian Period,ready,CDLI_Period,
372788,NEEDS_QID,"VS 13, 035",tablet,language,P18,P18,wikibase-item,Q471146,Akkadian,ready,CDLI_Lang,
372788,NEEDS_QID,"VS 13, 035",tablet,type_of_work,P126,P121,wikibase-item,Q394396,Administrative,ready,CDLI_Genre,
372788,NEEDS_QID,"VS 13, 035",tablet,material,P391,P401,wikibase-item,Q471153,Clay,ready,CDLI_Material,
372788,NEEDS_QID,"VS 13, 035",tablet,present_holding,P203,P329,wikibase-item,Q510658,Vorderasiatisches Museum,ready,museum_FG,
372788,NEEDS_QID,"VS 13, 035",tablet,inventory_number,P10,P10,string,VAT 05139,,ready,cdli_json,
372788,NEEDS_QID,"VS 13, 035",tablet,finding_spot,P224,P695,wikibase-item,Q390030,Uruk (mod. Warka),ready,provenience_lookup,
221088,NEEDS_QID,DP 438,tablet,cdli_id,P223,P692,external-id,P221088,,ready,cdli_json,
221088,NEEDS_QID,DP 438,tablet,instance_of,P2,P2,wikibase-item,Q512006,Clay tablet,ready,CDLI_Object,
221088,NEEDS_QID,DP 438,tablet,period,P245,P853,wikibase-item,Q512142,ED IIIb,ready,CDLI_Period,
221088,NEEDS_QID,DP 438,tablet,language,P18,P18,wikibase-item,Q471149,Sumerian,ready,CDLI_Lang,
221088,NEEDS_QID,DP 438,tablet,type_of_work,P126,P121,wikibase-item,Q394396,Administrative,ready,CDLI_Genre,
221088,NEEDS_QID,DP 438,tablet,material,P391,P401,wikibase-item,Q471153,Clay,ready,CDLI_Material,
221088,NEEDS_QID,DP 438,tablet,present_holding,P203,P329,wikibase-item,Q511925,Louvre Collection,ready,museum_FG,
221088,NEEDS_QID,DP 438,tablet,inventory_number,P10,P10,string,AO 13644,,ready,cdli_json,
221088,NEEDS_QID,DP 438,tablet,finding_spot,P224,P695,wikibase-item,Q389832,Girsu (mod. Tello),ready,provenience_lookup,
329220,NEEDS_QID,"CUSAS 13, 108",tablet,cdli_id,P223,P692,external-id,P329220,,ready,cdli_json,
329220,NEEDS_QID,"CUSAS 13, 108",tablet,instance_of,P2,P2,wikibase-item,Q512006,Clay tablet,ready,CDLI_Object,
329220,NEEDS_QID,"CUSAS 13, 108",tablet,period,P245,P853,wikibase-item,Q512144,Old Akkadian Period,ready,CDLI_Period,
329220,NEEDS_QID,"CUSAS 13, 108",tablet,type_of_work,P126,P121,wikibase-item,Q394396,Administrative,ready,CDLI_Genre,
329220,NEEDS_QID,"CUSAS 13, 108",tablet,material,P391,P401,wikibase-item,Q471153,Clay,ready,CDLI_Material,
329220,NEEDS_QID,"CUSAS 13, 108",tablet,inventory_number,P10,P10,string,CUNES 48-12-062,,ready,cdli_json,
329220,NEEDS_QID,"CUSAS 13, 108",tablet,finding_spot,P224,P695,wikibase-item,Q389603,Adab (mod. Bismaya),ready,provenience_lookup,
126718,NEEDS_QID,"Princeton 1, 029",tablet,cdli_id,P223,P692,external-id,P126718,,ready,cdli_json,
126718,NEEDS_QID,"Princeton 1, 029",tablet,instance_of,P2,P2,wikibase-item,Q512006,Clay tablet,ready,CDLI_Object,
126718,NEEDS_QID,"Princeton 1, 029",tablet,period,P245,P853,wikibase-item,Q512148,Ur III Period,ready,CDLI_Period,
126718,NEEDS_QID,"Princeton 1, 029",tablet,language,P18,P18,wikibase-item,Q471149,Sumerian,ready,CDLI_Lang,
126718,NEEDS_QID,"Princeton 1, 029",tablet,type_of_work,P126,P121,wikibase-item,Q394396,Administrative,ready,CDLI_Genre,
126718,NEEDS_QID,"Princeton 1, 029",tablet,material,P391,P401,wikibase-item,Q471153,Clay,ready,CDLI_Material,
126718,NEEDS_QID,"Princeton 1, 029",tablet,present_holding,P203,P329,wikibase-item,Q511896,Princeton Theological Seminary Collection,ready,museum_FG,
126718,NEEDS_QID,"Princeton 1, 029",tablet,inventory_number,P10,P10,string,PTS 0310,,ready,cdli_json,
126718,NEEDS_QID,"Princeton 1, 029",tablet,finding_spot,P224,P695,wikibase-item,Q389903,Puzriš-Dagan (mod. Drehem),ready,provenience_lookup,
349821,NEEDS_QID,"AOAT 275, 664, BM 082933",tablet,cdli_id,P223,P692,external-id,P349821,,ready,cdli_json,
349821,NEEDS_QID,"AOAT 275, 664, BM 082933",tablet,instance_of,P2,P2,wikibase-item,Q512006,Clay tablet,ready,CDLI_Object,
349821,NEEDS_QID,"AOAT 275, 664, BM 082933",tablet,period,P245,P853,wikibase-item,Q512161,Neo-Babylonian Period,ready,CDLI_Period,
349821,NEEDS_QID,"AOAT 275, 664, BM 082933",tablet,material,P391,P401,wikibase-item,Q471153,Clay,ready,CDLI_Material,
349821,NEEDS_QID,"AOAT 275, 664, BM 082933",tablet,present_holding,P203,P329,wikibase-item,Q102010,British Museum Collection,ready,museum_FG,
349821,NEEDS_QID,"AOAT 275, 664, BM 082933",tablet,inventory_number,P10,P10,string,BM 082933,,ready,cdli_json,
124725,NEEDS_QID,"Orient 16, 076 111",tablet,cdli_id,P223,P692,external-id,P124725,,ready,cdli_json,
124725,NEEDS_QID,"Orient 16, 076 111",tablet,instance_of,P2,P2,wikibase-item,Q512006,Clay tablet,ready,CDLI_Object,
124725,NEEDS_QID,"Orient 16, 076 111",tablet,period,P245,P853,wikibase-item,Q512148,Ur III Period,ready,CDLI_Period,
124725,NEEDS_QID,"Orient 16, 076 111",tablet,language,P18,P18,wikibase-item,Q471149,Sumerian,ready,CDLI_Lang,
124725,NEEDS_QID,"Orient 16, 076 111",tablet,type_of_work,P126,P121,wikibase-item,Q394396,Administrative,ready,CDLI_Genre,
124725,NEEDS_QID,"Orient 16, 076 111",tablet,material,P391,P401,wikibase-item,Q471153,Clay,ready,CDLI_Material,
124725,NEEDS_QID,"Orient 16, 076 111",tablet,present_holding,P203,P329,wikibase-item,Q511940,"World Museum, Liverpool Collection",ready,museum_FG,
124725,NEEDS_QID,"Orient 16, 076 111",tablet,inventory_number,P10,P10,string,WML 56.22.285,,ready,cdli_json,
124725,NEEDS_QID,"Orient 16, 076 111",tablet,finding_spot,P224,P695,wikibase-item,Q389833,Umma (mod. Tell Jokha),ready,provenience_lookup,
298749,NEEDS_QID,NBC 07146,tablet,cdli_id,P223,P692,external-id,P298749,,ready,cdli_json,
298749,NEEDS_QID,NBC 07146,tablet,instance_of,P2,P2,wikibase-item,Q512006,Clay tablet,ready,CDLI_Object,
298749,NEEDS_QID,NBC 07146,tablet,period,P245,P853,wikibase-item,Q512148,Ur III Period,ready,CDLI_Period,
298749,NEEDS_QID,NBC 07146,tablet,language,P18,P18,wikibase-item,Q471149,Sumerian,ready,CDLI_Lang,
298749,NEEDS_QID,NBC 07146,tablet,type_of_work,P126,P121,wikibase-item,Q394396,Administrative,ready,CDLI_Genre,
298749,NEEDS_QID,NBC 07146,tablet,material,P391,P401,wikibase-item,Q471153,Clay,ready,CDLI_Material,
298749,NEEDS_QID,NBC 07146,tablet,present_holding,P203,P329,wikibase-item,Q511899,"Nies Babylonian Collection, Yale Babylonian Collection",ready,museum_FG,
298749,NEEDS_QID,NBC 07146,tablet,inventory_number,P10,P10,string,NBC 07146,,ready,cdli_json,
348733,NEEDS_QID,"SpTU 4, 139",tablet,cdli_id,P223,P692,external-id,P348733,,ready,cdli_json,
348733,NEEDS_QID,"SpTU 4, 139",tablet,instance_of,P2,P2,wikibase-item,Q512006,Clay tablet,ready,CDLI_Object,
348733,NEEDS_QID,"SpTU 4, 139",tablet,period,P245,P853,wikibase-item,Q512164,Hellenistic Period,ready,CDLI_Period,
348733,NEEDS_QID,"SpTU 4, 139",tablet,material,P391,P401,wikibase-item,Q471153,Clay,ready,CDLI_Material,
348733,NEEDS_QID,"SpTU 4, 139",tablet,present_holding,P203,P329,wikibase-item,Q511874,Iraq Museum,ready,museum_FG,
348733,NEEDS_QID,"SpTU 4, 139",tablet,inventory_number,P10,P10,string,IM —,,ready,cdli_json,
348733,NEEDS_QID,"SpTU 4, 139",tablet,finding_spot,P224,P695,wikibase-item,Q390030,Uruk (mod. Warka),ready,provenience_lookup,
230363,NEEDS_QID,"PBS 11/2, 043",tablet,cdli_id,P223,P692,external-id,P230363,,ready,cdli_json,
230363,NEEDS_QID,"PBS 11/2, 043",tablet,instance_of,P2,P2,wikibase-item,Q512006,Clay tablet,ready,CDLI_Object,
230363,NEEDS_QID,"PBS 11/2, 043",tablet,type_of_work,P126,P121,wikibase-item,Q537054,Lexical,ready,CDLI_Genre,
230363,NEEDS_QID,"PBS 11/2, 043",tablet,material,P391,P401,wikibase-item,Q471153,Clay,ready,CDLI_Material,
230363,NEEDS_QID,"PBS 11/2, 043",tablet,present_holding,P203,P329,wikibase-item,Q511892,"Penn Museum, Philadelphia, Pennsylvania, USA",ready,museum_FG|factgrid_upload_table,
230363,NEEDS_QID,"PBS 11/2, 043",tablet,inventory_number,P10,P10,string,CBS 05890,,ready,cdli_json,
266503,NEEDS_QID,"RIME 4.01.05.add10, ex. 04",tablet,cdli_id,P223,P692,external-id,P266503,,ready,cdli_json,
266503,NEEDS_QID,"RIME 4.01.05.add10, ex. 04",tablet,instance_of,P2,P2,wikibase-item,Q512006,Clay tablet,ready,CDLI_Object,
266503,NEEDS_QID,"RIME 4.01.05.add10, ex. 04",tablet,period,P245,P853,wikibase-item,Q512150,Early Old Babylonian Period,ready,CDLI_Period,
266503,NEEDS_QID,"RIME 4.01.05.add10, ex. 04",tablet,language,P18,P18,wikibase-item,Q471149,Sumerian,ready,CDLI_Lang,
266503,NEEDS_QID,"RIME 4.01.05.add10, ex. 04",tablet,type_of_work,P126,P121,wikibase-item,Q537039,Official or display,ready,CDLI_Genre|factgrid_upload_table,
266503,NEEDS_QID,"RIME 4.01.05.add10, ex. 04",tablet,material,P391,P401,wikibase-item,Q471153,Clay,ready,CDLI_Material,
266503,NEEDS_QID,"RIME 4.01.05.add10, ex. 04",tablet,present_holding,P203,P329,wikibase-item,Q511892,"Penn Museum, Philadelphia, Pennsylvania, USA",ready,museum_FG|factgrid_upload_table,
266503,NEEDS_QID,"RIME 4.01.05.add10, ex. 04",tablet,inventory_number,P10,P10,string,CBS 11352,,ready,cdli_json,
266503,NEEDS_QID,"RIME 4.01.05.add10, ex. 04",tablet,finding_spot,P224,P695,wikibase-item,Q390017,Nippur (mod. Nuffar),ready,provenience_lookup,
335203,NEEDS_QID,ADD 0256,tablet,cdli_id,P223,P692,external-id,P335203,,ready,cdli_json,
335203,NEEDS_QID,ADD 0256,tablet,instance_of,P2,P2,wikibase-item,Q512006,Clay tablet,ready,CDLI_Object,
335203,NEEDS_QID,ADD 0256,tablet,period,P245,P853,wikibase-item,Q512158,Neo-Assyrian Period,ready,CDLI_Period,
335203,NEEDS_QID,ADD 0256,tablet,language,P18,P18,wikibase-item,Q471146,Akkadian,ready,CDLI_Lang,
335203,NEEDS_QID,ADD 0256,tablet,type_of_work,P126,P121,wikibase-item,Q388465,Legal,ready,CDLI_Genre,
335203,NEEDS_QID,ADD 0256,tablet,material,P391,P401,wikibase-item,Q471153,Clay,ready,CDLI_Material,
335203,NEEDS_QID,ADD 0256,tablet,present_holding,P203,P329,wikibase-item,Q102010,British Museum Collection,ready,museum_FG,
335203,NEEDS_QID,ADD 0256,tablet,inventory_number,P10,P10,string,BM —,,ready,cdli_json,
335203,NEEDS_QID,ADD 0256,tablet,finding_spot,P224,P695,wikibase-item,Q390025,Nīnūa,ready,provenience_lookup,
114393,NEEDS_QID,"MVN 05, 173",tablet,cdli_id,P223,P692,external-id,P114393,,ready,cdli_json,
114393,NEEDS_QID,"MVN 05, 173",tablet,instance_of,P2,P2,wikibase-item,Q512006,Clay tablet,ready,CDLI_Object,
114393,NEEDS_QID,"MVN 05, 173",tablet,period,P245,P853,wikibase-item,Q512148,Ur III Period,ready,CDLI_Period,
114393,NEEDS_QID,"MVN 05, 173",tablet,language,P18,P18,wikibase-item,Q471149,Sumerian,ready,CDLI_Lang,
114393,NEEDS_QID,"MVN 05, 173",tablet,type_of_work,P126,P121,wikibase-item,Q394396,Administrative,ready,CDLI_Genre,
114393,NEEDS_QID,"MVN 05, 173",tablet,material,P391,P401,wikibase-item,Q471153,Clay,ready,CDLI_Material,
114393,NEEDS_QID,"MVN 05, 173",tablet,inventory_number,P10,P10,string,Anonymous 114393,,ready,cdli_json,
114393,NEEDS_QID,"MVN 05, 173",tablet,finding_spot,P224,P695,wikibase-item,Q389832,Girsu (mod. Tello),ready,provenience_lookup,
113456,NEEDS_QID,"MVN 02, 157",tablet,cdli_id,P223,P692,external-id,P113456,,ready,cdli_json,
113456,NEEDS_QID,"MVN 02, 157",tablet,instance_of,P2,P2,wikibase-item,Q512006,Clay tablet,ready,CDLI_Object,
113456,NEEDS_QID,"MVN 02, 157",tablet,period,P245,P853,wikibase-item,Q512148,Ur III Period,ready,CDLI_Period,
113456,NEEDS_QID,"MVN 02, 157",tablet,language,P18,P18,wikibase-item,Q471149,Sumerian,ready,CDLI_Lang,
113456,NEEDS_QID,"MVN 02, 157",tablet,type_of_work,P126,P121,wikibase-item,Q394396,Administrative,ready,CDLI_Genre,
113456,NEEDS_QID,"MVN 02, 157",tablet,material,P391,P401,wikibase-item,Q471153,Clay,ready,CDLI_Material,
113456,NEEDS_QID,"MVN 02, 157",tablet,inventory_number,P10,P10,string,MAH 16566,,ready,cdli_json,
113456,NEEDS_QID,"MVN 02, 157",tablet,finding_spot,P224,P695,wikibase-item,Q389903,Puzriš-Dagan (mod. Drehem),ready,provenience_lookup,
363463,NEEDS_QID,"CTN 4, 048",tablet,cdli_id,P223,P692,external-id,P363463,,ready,cdli_json,
363463,NEEDS_QID,"CTN 4, 048",tablet,instance_of,P2,P2,wikibase-item,Q512006,Clay tablet,ready,CDLI_Object,
363463,NEEDS_QID,"CTN 4, 048",tablet,period,P245,P853,wikibase-item,Q512158,Neo-Assyrian Period,ready,CDLI_Period,
363463,NEEDS_QID,"CTN 4, 048",tablet,language,P18,P18,wikibase-item,Q471146,Akkadian,ready,CDLI_Lang,
363463,NEEDS_QID,"CTN 4, 048",tablet,type_of_work,P126,P121,wikibase-item,Q246074,Divination,ready,CDLI_Genre|factgrid_upload_table,
363463,NEEDS_QID,"CTN 4, 048",tablet,material,P391,P401,wikibase-item,Q471153,Clay,ready,CDLI_Material,
363463,NEEDS_QID,"CTN 4, 048",tablet,present_holding,P203,P329,wikibase-item,Q102010,British Museum Collection,ready,museum_FG,
363463,NEEDS_QID,"CTN 4, 048",tablet,inventory_number,P10,P10,string,BM —,,ready,cdli_json,
363463,NEEDS_QID,"CTN 4, 048",tablet,finding_spot,P224,P695,wikibase-item,Q390020,Nimrud,ready,provenience_lookup,
138706,NEEDS_QID,"UET 9, 0575",tablet,cdli_id,P223,P692,external-id,P138706,,ready,cdli_json,
138706,NEEDS_QID,"UET 9, 0575",tablet,instance_of,P2,P2,wikibase-item,Q512006,Clay tablet,ready,CDLI_Object,
138706,NEEDS_QID,"UET 9, 0575",tablet,period,P245,P853,wikibase-item,Q512148,Ur III Period,ready,CDLI_Period,
138706,NEEDS_QID,"UET 9, 0575",tablet,language,P18,P18,wikibase-item,Q471149,Sumerian,ready,CDLI_Lang,
138706,NEEDS_QID,"UET 9, 0575",tablet,type_of_work,P126,P121,wikibase-item,Q394396,Administrative,ready,CDLI_Genre,
138706,NEEDS_QID,"UET 9, 0575",tablet,material,P391,P401,wikibase-item,Q471153,Clay,ready,CDLI_Material,
138706,NEEDS_QID,"UET 9, 0575",tablet,present_holding,P203,P329,wikibase-item,Q511874,Iraq Museum,ready,museum_FG,
138706,NEEDS_QID,"UET 9, 0575",tablet,inventory_number,P10,P10,string,IM — ?,,ready,cdli_json,
138706,NEEDS_QID,"UET 9, 0575",tablet,finding_spot,P224,P695,wikibase-item,Q389877,Ur (mod. Tell Muqayyar),ready,provenience_lookup,
355802,NEEDS_QID,"CT 04, pl. 26, Bu 1891-05-09, 1154",tablet,cdli_id,P223,P692,external-id,P355802,,ready,cdli_json,
355802,NEEDS_QID,"CT 04, pl. 26, Bu 1891-05-09, 1154",tablet,instance_of,P2,P2,wikibase-item,Q512006,Clay tablet,ready,CDLI_Object,
355802,NEEDS_QID,"CT 04, pl. 26, Bu 1891-05-09, 1154",tablet,period,P245,P853,wikibase-item,Q512152,Old Babylonian Period,ready,CDLI_Period,
355802,NEEDS_QID,"CT 04, pl. 26, Bu 1891-05-09, 1154",tablet,language,P18,P18,wikibase-item,Q471146,Akkadian,ready,CDLI_Lang,
355802,NEEDS_QID,"CT 04, pl. 26, Bu 1891-05-09, 1154",tablet,type_of_work,P126,P121,wikibase-item,Q10510,Letter,ready,CDLI_Genre,
355802,NEEDS_QID,"CT 04, pl. 26, Bu 1891-05-09, 1154",tablet,material,P391,P401,wikibase-item,Q471153,Clay,ready,CDLI_Material,
355802,NEEDS_QID,"CT 04, pl. 26, Bu 1891-05-09, 1154",tablet,present_holding,P203,P329,wikibase-item,Q102010,British Museum Collection,ready,museum_FG,
355802,NEEDS_QID,"CT 04, pl. 26, Bu 1891-05-09, 1154",tablet,inventory_number,P10,P10,string,BM 081016,,ready,cdli_json,
355802,NEEDS_QID,"CT 04, pl. 26, Bu 1891-05-09, 1154",tablet,finding_spot,P224,P695,wikibase-item,Q389840,Sippar-Yahrurum (mod. Tell Abu Habbah),ready,provenience_lookup,
424383,NEEDS_QID,"Orient 55, 170 no. 18",tablet,cdli_id,P223,P692,external-id,P424383,,ready,cdli_json,
424383,NEEDS_QID,"Orient 55, 170 no. 18",tablet,instance_of,P2,P2,wikibase-item,Q512006,Clay tablet,ready,CDLI_Object,
424383,NEEDS_QID,"Orient 55, 170 no. 18",tablet,period,P245,P853,wikibase-item,Q512148,Ur III Period,ready,CDLI_Period,
424383,NEEDS_QID,"Orient 55, 170 no. 18",tablet,language,P18,P18,wikibase-item,Q471149,Sumerian,ready,CDLI_Lang,
424383,NEEDS_QID,"Orient 55, 170 no. 18",tablet,type_of_work,P126,P121,wikibase-item,Q394396,Administrative,ready,CDLI_Genre,
424383,NEEDS_QID,"Orient 55, 170 no. 18",tablet,material,P391,P401,wikibase-item,Q471153,Clay,ready,CDLI_Material,
424383,NEEDS_QID,"Orient 55, 170 no. 18",tablet,inventory_number,P10,P10,string,WCMA 20.1.16,,ready,cdli_json,
424383,NEEDS_QID,"Orient 55, 170 no. 18",tablet,finding_spot,P224,P695,wikibase-item,Q390017,Nippur (mod. Nuffar),ready,provenience_lookup,
145236,NEEDS_QID,"SAT 3, 2036",tablet,cdli_id,P223,P692,external-id,P145236,,ready,cdli_json,
145236,NEEDS_QID,"SAT 3, 2036",tablet,instance_of,P2,P2,wikibase-item,Q512006,Clay tablet,ready,CDLI_Object,
145236,NEEDS_QID,"SAT 3, 2036",tablet,period,P245,P853,wikibase-item,Q512148,Ur III Period,ready,CDLI_Period,
145236,NEEDS_QID,"SAT 3, 2036",tablet,language,P18,P18,wikibase-item,Q471149,Sumerian,ready,CDLI_Lang,
145236,NEEDS_QID,"SAT 3, 2036",tablet,type_of_work,P126,P121,wikibase-item,Q394396,Administrative,ready,CDLI_Genre,
145236,NEEDS_QID,"SAT 3, 2036",tablet,material,P391,P401,wikibase-item,Q471153,Clay,ready,CDLI_Material,
145236,NEEDS_QID,"SAT 3, 2036",tablet,present_holding,P203,P329,wikibase-item,Q511899,"Nies Babylonian Collection, Yale Babylonian Collection",ready,museum_FG,
145236,NEEDS_QID,"SAT 3, 2036",tablet,inventory_number,P10,P10,string,NBC 11704,,ready,cdli_json,
145236,NEEDS_QID,"SAT 3, 2036",tablet,finding_spot,P224,P695,wikibase-item,Q389903,Puzriš-Dagan (mod. Drehem),ready,provenience_lookup,
229512,NEEDS_QID,"MSL 12, 029 E2",tablet,cdli_id,P223,P692,external-id,P229512,,ready,cdli_json,
229512,NEEDS_QID,"MSL 12, 029 E2",tablet,instance_of,P2,P2,wikibase-item,Q512006,Clay tablet,ready,CDLI_Object,
229512,NEEDS_QID,"MSL 12, 029 E2",tablet,period,P245,P853,wikibase-item,Q512152,Old Babylonian Period,ready,CDLI_Period,
229512,NEEDS_QID,"MSL 12, 029 E2",tablet,language,P18,P18,wikibase-item,Q471149,Sumerian,ready,CDLI_Lang,
229512,NEEDS_QID,"MSL 12, 029 E2",tablet,type_of_work,P126,P121,wikibase-item,Q537054,Lexical,ready,CDLI_Genre,
229512,NEEDS_QID,"MSL 12, 029 E2",tablet,material,P391,P401,wikibase-item,Q471153,Clay,ready,CDLI_Material,
229512,NEEDS_QID,"MSL 12, 029 E2",tablet,present_holding,P203,P329,wikibase-item,Q511898,Istanbul Archaeology Museum,ready,museum_FG,
229512,NEEDS_QID,"MSL 12, 029 E2",tablet,inventory_number,P10,P10,string,Ist Ni 03782,,ready,cdli_json,
229512,NEEDS_QID,"MSL 12, 029 E2",tablet,finding_spot,P224,P695,wikibase-item,Q390017,Nippur (mod. Nuffar),ready,provenience_lookup,
202642,NEEDS_QID,BM 024642,tablet,cdli_id,P223,P692,external-id,P202642,,ready,cdli_json,
202642,NEEDS_QID,BM 024642,tablet,instance_of,P2,P2,wikibase-item,Q512006,Clay tablet,ready,CDLI_Object,
202642,NEEDS_QID,BM 024642,tablet,period,P245,P853,wikibase-item,Q512148,Ur III Period,ready,CDLI_Period,
202642,NEEDS_QID,BM 024642,tablet,language,P18,P18,wikibase-item,Q471149,Sumerian,ready,CDLI_Lang,
202642,NEEDS_QID,BM 024642,tablet,type_of_work,P126,P121,wikibase-item,Q394396,Administrative,ready,CDLI_Genre,
202642,NEEDS_QID,BM 024642,tablet,material,P391,P401,wikibase-item,Q471153,Clay,ready,CDLI_Material,
202642,NEEDS_QID,BM 024642,tablet,present_holding,P203,P329,wikibase-item,Q102010,British Museum Collection,ready,museum_FG,
202642,NEEDS_QID,BM 024642,tablet,inventory_number,P10,P10,string,BM 024642,,ready,cdli_json,
202642,NEEDS_QID,BM 024642,tablet,finding_spot,P224,P695,wikibase-item,Q389832,Girsu (mod. Tello),ready,provenience_lookup,
491932,NEEDS_QID,AO 03411 unpublished unassigned ?,tablet,cdli_id,P223,P692,external-id,P491932,,ready,cdli_json,
491932,NEEDS_QID,AO 03411 unpublished unassigned ?,tablet,instance_of,P2,P2,wikibase-item,Q512006,Clay tablet,ready,CDLI_Object,
491932,NEEDS_QID,AO 03411 unpublished unassigned ?,tablet,period,P245,P853,wikibase-item,Q512144,Old Akkadian Period,ready,CDLI_Period,
491932,NEEDS_QID,AO 03411 unpublished unassigned ?,tablet,material,P391,P401,wikibase-item,Q471153,Clay,ready,CDLI_Material,
491932,NEEDS_QID,AO 03411 unpublished unassigned ?,tablet,present_holding,P203,P329,wikibase-item,Q511925,Louvre Collection,ready,museum_FG,
491932,NEEDS_QID,AO 03411 unpublished unassigned ?,tablet,inventory_number,P10,P10,string,AO 03411,,ready,cdli_json,
356687,NEEDS_QID,"CDLI Literary 000623, ex. 079",tablet,cdli_id,P223,P692,external-id,P356687,,ready,cdli_json,
356687,NEEDS_QID,"CDLI Literary 000623, ex. 079",tablet,instance_of,P2,P2,wikibase-item,Q512006,Clay tablet,ready,CDLI_Object,
356687,NEEDS_QID,"CDLI Literary 000623, ex. 079",tablet,period,P245,P853,wikibase-item,Q512152,Old Babylonian Period,ready,CDLI_Period,
356687,NEEDS_QID,"CDLI Literary 000623, ex. 079",tablet,language,P18,P18,wikibase-item,Q471149,Sumerian,ready,CDLI_Lang,
356687,NEEDS_QID,"CDLI Literary 000623, ex. 079",tablet,type_of_work,P126,P121,wikibase-item,Q245823,Literary,ready,CDLI_Genre,
356687,NEEDS_QID,"CDLI Literary 000623, ex. 079",tablet,material,P391,P401,wikibase-item,Q471153,Clay,ready,CDLI_Material,
356687,NEEDS_QID,"CDLI Literary 000623, ex. 079",tablet,present_holding,P203,P329,wikibase-item,Q511874,Iraq Museum,ready,museum_FG,
356687,NEEDS_QID,"CDLI Literary 000623, ex. 079",tablet,inventory_number,P10,P10,string,IM 058452,,ready,cdli_json,
356687,NEEDS_QID,"CDLI Literary 000623, ex. 079",tablet,finding_spot,P224,P695,wikibase-item,Q390017,Nippur (mod. Nuffar),ready,provenience_lookup,
121177,NEEDS_QID,NATN 479,tablet,cdli_id,P223,P692,external-id,P121177,,ready,cdli_json,
121177,NEEDS_QID,NATN 479,tablet,instance_of,P2,P2,wikibase-item,Q512006,Clay tablet,ready,CDLI_Object,
121177,NEEDS_QID,NATN 479,tablet,period,P245,P853,wikibase-item,Q512148,Ur III Period,ready,CDLI_Period,
121177,NEEDS_QID,NATN 479,tablet,language,P18,P18,wikibase-item,Q471149,Sumerian,ready,CDLI_Lang,
121177,NEEDS_QID,NATN 479,tablet,type_of_work,P126,P121,wikibase-item,Q394396,Administrative,ready,CDLI_Genre,
121177,NEEDS_QID,NATN 479,tablet,material,P391,P401,wikibase-item,Q471153,Clay,ready,CDLI_Material,
121177,NEEDS_QID,NATN 479,tablet,present_holding,P203,P329,wikibase-item,Q511892,"Penn Museum, Philadelphia, Pennsylvania, USA",ready,museum_FG|factgrid_upload_table,
121177,NEEDS_QID,NATN 479,tablet,inventory_number,P10,P10,string,CBS 13753,,ready,cdli_json,
121177,NEEDS_QID,NATN 479,tablet,finding_spot,P224,P695,wikibase-item,Q390017,Nippur (mod. Nuffar),ready,provenience_lookup,
248001,NEEDS_QID,HMA 9-01909,tablet,cdli_id,P223,P692,external-id,P248001,,ready,cdli_json,
248001,NEEDS_QID,HMA 9-01909,tablet,instance_of,P2,P2,wikibase-item,Q512006,Clay tablet,ready,CDLI_Object,
248001,NEEDS_QID,HMA 9-01909,tablet,period,P245,P853,wikibase-item,Q512152,Old Babylonian Period,ready,CDLI_Period,
248001,NEEDS_QID,HMA 9-01909,tablet,language,P18,P18,wikibase-item,Q471149,Sumerian,ready,CDLI_Lang,
248001,NEEDS_QID,HMA 9-01909,tablet,type_of_work,P126,P121,wikibase-item,Q10510,Letter,ready,CDLI_Genre,
248001,NEEDS_QID,HMA 9-01909,tablet,material,P391,P401,wikibase-item,Q471153,Clay,ready,CDLI_Material,
248001,NEEDS_QID,HMA 9-01909,tablet,present_holding,P203,P329,wikibase-item,Q511888,Hearst Museum,ready,museum_FG,
248001,NEEDS_QID,HMA 9-01909,tablet,inventory_number,P10,P10,string,HMA 9-01909,,ready,cdli_json,
330451,NEEDS_QID,"AAICAB 1/4, Bod S 383",tablet,cdli_id,P223,P692,external-id,P330451,,ready,cdli_json,
330451,NEEDS_QID,"AAICAB 1/4, Bod S 383",tablet,instance_of,P2,P2,wikibase-item,Q512006,Clay tablet,ready,CDLI_Object,
330451,NEEDS_QID,"AAICAB 1/4, Bod S 383",tablet,period,P245,P853,wikibase-item,Q512148,Ur III Period,ready,CDLI_Period,
330451,NEEDS_QID,"AAICAB 1/4, Bod S 383",tablet,language,P18,P18,wikibase-item,Q471149,Sumerian,ready,CDLI_Lang,
330451,NEEDS_QID,"AAICAB 1/4, Bod S 383",tablet,type_of_work,P126,P121,wikibase-item,Q394396,Administrative,ready,CDLI_Genre,
330451,NEEDS_QID,"AAICAB 1/4, Bod S 383",tablet,material,P391,P401,wikibase-item,Q471153,Clay,ready,CDLI_Material,
330451,NEEDS_QID,"AAICAB 1/4, Bod S 383",tablet,present_holding,P203,P329,wikibase-item,Q511934,Ashmolean Museum,ready,museum_FG,
330451,NEEDS_QID,"AAICAB 1/4, Bod S 383",tablet,inventory_number,P10,P10,string,Bod S 383,,ready,cdli_json,
330451,NEEDS_QID,"AAICAB 1/4, Bod S 383",tablet,finding_spot,P224,P695,wikibase-item,Q389833,Umma (mod. Tell Jokha),ready,provenience_lookup,
235531,NEEDS_QID,USC 6721,tablet,cdli_id,P223,P692,external-id,P235531,,ready,cdli_json,
235531,NEEDS_QID,USC 6721,tablet,instance_of,P2,P2,wikibase-item,Q512006,Clay tablet,ready,CDLI_Object,
235531,NEEDS_QID,USC 6721,tablet,period,P245,P853,wikibase-item,Q512148,Ur III Period,ready,CDLI_Period,
235531,NEEDS_QID,USC 6721,tablet,language,P18,P18,wikibase-item,Q471149,Sumerian,ready,CDLI_Lang,
235531,NEEDS_QID,USC 6721,tablet,type_of_work,P126,P121,wikibase-item,Q394396,Administrative,ready,CDLI_Genre,
235531,NEEDS_QID,USC 6721,tablet,material,P391,P401,wikibase-item,Q471153,Clay,ready,CDLI_Material,
235531,NEEDS_QID,USC 6721,tablet,present_holding,P203,P329,wikibase-item,Q511879,"Archaeological Research Collection, University of Southern California Collection",ready,museum_FG,
235531,NEEDS_QID,USC 6721,tablet,inventory_number,P10,P10,string,USC 6721,,ready,cdli_json,
235531,NEEDS_QID,USC 6721,tablet,finding_spot,P224,P695,wikibase-item,Q389833,Umma (mod. Tell Jokha),ready,provenience_lookup,
114239,NEEDS_QID,"MVN 05, 019",tablet,cdli_id,P223,P692,external-id,P114239,,ready,cdli_json,
114239,NEEDS_QID,"MVN 05, 019",tablet,instance_of,P2,P2,wikibase-item,Q512006,Clay tablet,ready,CDLI_Object,
114239,NEEDS_QID,"MVN 05, 019",tablet,period,P245,P853,wikibase-item,Q512148,Ur III Period,ready,CDLI_Period,
114239,NEEDS_QID,"MVN 05, 019",tablet,language,P18,P18,wikibase-item,Q471149,Sumerian,ready,CDLI_Lang,
114239,NEEDS_QID,"MVN 05, 019",tablet,type_of_work,P126,P121,wikibase-item,Q394396,Administrative,ready,CDLI_Genre,
114239,NEEDS_QID,"MVN 05, 019",tablet,material,P391,P401,wikibase-item,Q471153,Clay,ready,CDLI_Material,
114239,NEEDS_QID,"MVN 05, 019",tablet,inventory_number,P10,P10,string,Schrijver 20-075,,ready,cdli_json,
114239,NEEDS_QID,"MVN 05, 019",tablet,finding_spot,P224,P695,wikibase-item,Q389833,Umma (mod. Tell Jokha),ready,provenience_lookup,
357995,NEEDS_QID,"RA 081, 003-096 102",tablet,cdli_id,P223,P692,external-id,P357995,,ready,cdli_json,
357995,NEEDS_QID,"RA 081, 003-096 102",tablet,instance_of,P2,P2,wikibase-item,Q512006,Clay tablet,ready,CDLI_Object,
357995,NEEDS_QID,"RA 081, 003-096 102",tablet,period,P245,P853,wikibase-item,Q512151,Old Assyrian Period,ready,CDLI_Period,
357995,NEEDS_QID,"RA 081, 003-096 102",tablet,language,P18,P18,wikibase-item,Q471146,Akkadian,ready,CDLI_Lang,
357995,NEEDS_QID,"RA 081, 003-096 102",tablet,material,P391,P401,wikibase-item,Q471153,Clay,ready,CDLI_Material,
357995,NEEDS_QID,"RA 081, 003-096 102",tablet,present_holding,P203,P329,wikibase-item,Q511925,Louvre Collection,ready,museum_FG,
357995,NEEDS_QID,"RA 081, 003-096 102",tablet,inventory_number,P10,P10,string,AO 29260,,ready,cdli_json,
357995,NEEDS_QID,"RA 081, 003-096 102",tablet,finding_spot,P224,P695,wikibase-item,Q390036,Kanesh (mod. Kültepe),ready,provenience_lookup,
348699,NEEDS_QID,"SpTU 3, 095",tablet,cdli_id,P223,P692,external-id,P348699,,ready,cdli_json,
348699,NEEDS_QID,"SpTU 3, 095",tablet,instance_of,P2,P2,wikibase-item,Q512006,Clay tablet,ready,CDLI_Object,
348699,NEEDS_QID,"SpTU 3, 095",tablet,period,P245,P853,wikibase-item,Q512164,Hellenistic Period,ready,CDLI_Period,
348699,NEEDS_QID,"SpTU 3, 095",tablet,material,P391,P401,wikibase-item,Q471153,Clay,ready,CDLI_Material,
348699,NEEDS_QID,"SpTU 3, 095",tablet,present_holding,P203,P329,wikibase-item,Q511874,Iraq Museum,ready,museum_FG,
348699,NEEDS_QID,"SpTU 3, 095",tablet,inventory_number,P10,P10,string,IM —,,ready,cdli_json,
348699,NEEDS_QID,"SpTU 3, 095",tablet,finding_spot,P224,P695,wikibase-item,Q390030,Uruk (mod. Warka),ready,provenience_lookup,
142459,NEEDS_QID,"YOS 18, 065",tablet,cdli_id,P223,P692,external-id,P142459,,ready,cdli_json,
142459,NEEDS_QID,"YOS 18, 065",tablet,instance_of,P2,P2,wikibase-item,Q512006,Clay tablet,ready,CDLI_Object,
142459,NEEDS_QID,"YOS 18, 065",tablet,period,P245,P853,wikibase-item,Q512148,Ur III Period,ready,CDLI_Period,
142459,NEEDS_QID,"YOS 18, 065",tablet,language,P18,P18,wikibase-item,Q471149,Sumerian,ready,CDLI_Lang,
142459,NEEDS_QID,"YOS 18, 065",tablet,type_of_work,P126,P121,wikibase-item,Q394396,Administrative,ready,CDLI_Genre,
142459,NEEDS_QID,"YOS 18, 065",tablet,material,P391,P401,wikibase-item,Q471153,Clay,ready,CDLI_Material,
142459,NEEDS_QID,"YOS 18, 065",tablet,inventory_number,P10,P10,string,ColgUL 04,,ready,cdli_json,
142459,NEEDS_QID,"YOS 18, 065",tablet,finding_spot,P224,P695,wikibase-item,Q389833,Umma (mod. Tell Jokha),ready,provenience_lookup,
116204,NEEDS_QID,"MVN 11, 191",tablet,cdli_id,P223,P692,external-id,P116204,,ready,cdli_json,
116204,NEEDS_QID,"MVN 11, 191",tablet,instance_of,P2,P2,wikibase-item,Q512006,Clay tablet,ready,CDLI_Object,
116204,NEEDS_QID,"MVN 11, 191",tablet,period,P245,P853,wikibase-item,Q512148,Ur III Period,ready,CDLI_Period,
116204,NEEDS_QID,"MVN 11, 191",tablet,language,P18,P18,wikibase-item,Q471149,Sumerian,ready,CDLI_Lang,
116204,NEEDS_QID,"MVN 11, 191",tablet,type_of_work,P126,P121,wikibase-item,Q394396,Administrative,ready,CDLI_Genre,
116204,NEEDS_QID,"MVN 11, 191",tablet,material,P391,P401,wikibase-item,Q471153,Clay,ready,CDLI_Material,
116204,NEEDS_QID,"MVN 11, 191",tablet,inventory_number,P10,P10,string,SM 1911.10.214,,ready,cdli_json,
116204,NEEDS_QID,"MVN 11, 191",tablet,finding_spot,P224,P695,wikibase-item,Q389903,Puzriš-Dagan (mod. Drehem),ready,provenience_lookup,
203950,NEEDS_QID,BM 021478,tablet,cdli_id,P223,P692,external-id,P203950,,ready,cdli_json,
203950,NEEDS_QID,BM 021478,tablet,instance_of,P2,P2,wikibase-item,Q512006,Clay tablet,ready,CDLI_Object,
203950,NEEDS_QID,BM 021478,tablet,period,P245,P853,wikibase-item,Q512148,Ur III Period,ready,CDLI_Period,
203950,NEEDS_QID,BM 021478,tablet,language,P18,P18,wikibase-item,Q471149,Sumerian,ready,CDLI_Lang,
203950,NEEDS_QID,BM 021478,tablet,type_of_work,P126,P121,wikibase-item,Q394396,Administrative,ready,CDLI_Genre,
203950,NEEDS_QID,BM 021478,tablet,material,P391,P401,wikibase-item,Q471153,Clay,ready,CDLI_Material,
203950,NEEDS_QID,BM 021478,tablet,present_holding,P203,P329,wikibase-item,Q102010,British Museum Collection,ready,museum_FG,
203950,NEEDS_QID,BM 021478,tablet,inventory_number,P10,P10,string,BM 021478,,ready,cdli_json,
203950,NEEDS_QID,BM 021478,tablet,finding_spot,P224,P695,wikibase-item,Q389832,Girsu (mod. Tello),ready,provenience_lookup,
472449,NEEDS_QID,Lippmann Coll 149,tablet,cdli_id,P223,P692,external-id,P472449,,ready,cdli_json,
472449,NEEDS_QID,Lippmann Coll 149,tablet,instance_of,P2,P2,wikibase-item,Q512006,Clay tablet,ready,CDLI_Object,
472449,NEEDS_QID,Lippmann Coll 149,tablet,period,P245,P853,wikibase-item,Q512144,Old Akkadian Period,ready,CDLI_Period,
472449,NEEDS_QID,Lippmann Coll 149,tablet,language,P18,P18,wikibase-item,Q471149,Sumerian,ready,CDLI_Lang,
472449,NEEDS_QID,Lippmann Coll 149,tablet,type_of_work,P126,P121,wikibase-item,Q394396,Administrative,ready,CDLI_Genre,
472449,NEEDS_QID,Lippmann Coll 149,tablet,material,P391,P401,wikibase-item,Q471153,Clay,ready,CDLI_Material,
472449,NEEDS_QID,Lippmann Coll 149,tablet,inventory_number,P10,P10,string,CL 321,,ready,cdli_json,
472449,NEEDS_QID,Lippmann Coll 149,tablet,finding_spot,P224,P695,wikibase-item,Q389603,Adab (mod. Bismaya),ready,provenience_lookup,
342294,NEEDS_QID,"HANE/M 8, 325-326",tablet,cdli_id,P223,P692,external-id,P342294,,ready,cdli_json,
342294,NEEDS_QID,"HANE/M 8, 325-326",tablet,instance_of,P2,P2,wikibase-item,Q512006,Clay tablet,ready,CDLI_Object,
342294,NEEDS_QID,"HANE/M 8, 325-326",tablet,period,P245,P853,wikibase-item,Q512164,Hellenistic Period,ready,CDLI_Period,
342294,NEEDS_QID,"HANE/M 8, 325-326",tablet,language,P18,P18,wikibase-item,Q471146,Akkadian,ready,CDLI_Lang,
342294,NEEDS_QID,"HANE/M 8, 325-326",tablet,type_of_work,P126,P121,wikibase-item,Q388465,Legal,ready,CDLI_Genre,
342294,NEEDS_QID,"HANE/M 8, 325-326",tablet,material,P391,P401,wikibase-item,Q471153,Clay,ready,CDLI_Material,
342294,NEEDS_QID,"HANE/M 8, 325-326",tablet,present_holding,P203,P329,wikibase-item,Q102010,British Museum Collection,ready,museum_FG,
342294,NEEDS_QID,"HANE/M 8, 325-326",tablet,inventory_number,P10,P10,string,BM 109960,,ready,cdli_json,
342294,NEEDS_QID,"HANE/M 8, 325-326",tablet,finding_spot,P224,P695,wikibase-item,Q390030,Uruk (mod. Warka),ready,provenience_lookup,
536875,NEEDS_QID,"AKT 11a, 141 & 142",tablet & envelope,cdli_id,P223,P692,external-id,P536875,,ready,cdli_json,
536875,NEEDS_QID,"AKT 11a, 141 & 142",tablet & envelope,period,P245,P853,wikibase-item,Q512151,Old Assyrian Period,ready,CDLI_Period,
536875,NEEDS_QID,"AKT 11a, 141 & 142",tablet & envelope,language,P18,P18,wikibase-item,Q471146,Akkadian,ready,CDLI_Lang,
536875,NEEDS_QID,"AKT 11a, 141 & 142",tablet & envelope,type_of_work,P126,P121,wikibase-item,Q388465,Legal,ready,CDLI_Genre,
536875,NEEDS_QID,"AKT 11a, 141 & 142",tablet & envelope,material,P391,P401,wikibase-item,Q471153,Clay,ready,CDLI_Material,
536875,NEEDS_QID,"AKT 11a, 141 & 142",tablet & envelope,inventory_number,P10,P10,string,AMM 001-497-92/B&A,,ready,cdli_json,
536875,NEEDS_QID,"AKT 11a, 141 & 142",tablet & envelope,finding_spot,P224,P695,wikibase-item,Q390036,Kanesh (mod. Kültepe),ready,provenience_lookup,
135564,NEEDS_QID,TCNU 716,tablet,cdli_id,P223,P692,external-id,P135564,,ready,cdli_json,
135564,NEEDS_QID,TCNU 716,tablet,instance_of,P2,P2,wikibase-item,Q512006,Clay tablet,ready,CDLI_Object,
135564,NEEDS_QID,TCNU 716,tablet,period,P245,P853,wikibase-item,Q512148,Ur III Period,ready,CDLI_Period,
135564,NEEDS_QID,TCNU 716,tablet,language,P18,P18,wikibase-item,Q471149,Sumerian,ready,CDLI_Lang,
135564,NEEDS_QID,TCNU 716,tablet,type_of_work,P126,P121,wikibase-item,Q394396,Administrative,ready,CDLI_Genre,
135564,NEEDS_QID,TCNU 716,tablet,material,P391,P401,wikibase-item,Q471153,Clay,ready,CDLI_Material,
135564,NEEDS_QID,TCNU 716,tablet,present_holding,P203,P329,wikibase-item,Q511916,"Museo di Antichità, Turin Collection",ready,museum_FG,
135564,NEEDS_QID,TCNU 716,tablet,inventory_number,P10,P10,string,MAT 716,,ready,cdli_json,
135564,NEEDS_QID,TCNU 716,tablet,finding_spot,P224,P695,wikibase-item,Q389833,Umma (mod. Tell Jokha),ready,provenience_lookup,
101938,NEEDS_QID,"ASJ 02, 014 35",tablet,cdli_id,P223,P692,external-id,P101938,,ready,cdli_json,
101938,NEEDS_QID,"ASJ 02, 014 35",tablet,instance_of,P2,P2,wikibase-item,Q512006,Clay tablet,ready,CDLI_Object,
101938,NEEDS_QID,"ASJ 02, 014 35",tablet,period,P245,P853,wikibase-item,Q512148,Ur III Period,ready,CDLI_Period,
101938,NEEDS_QID,"ASJ 02, 014 35",tablet,language,P18,P18,wikibase-item,Q471149,Sumerian,ready,CDLI_Lang,
101938,NEEDS_QID,"ASJ 02, 014 35",tablet,type_of_work,P126,P121,wikibase-item,Q394396,Administrative,ready,CDLI_Genre,
101938,NEEDS_QID,"ASJ 02, 014 35",tablet,material,P391,P401,wikibase-item,Q471153,Clay,ready,CDLI_Material,
101938,NEEDS_QID,"ASJ 02, 014 35",tablet,present_holding,P203,P329,wikibase-item,Q102010,British Museum Collection,ready,museum_FG,
101938,NEEDS_QID,"ASJ 02, 014 35",tablet,inventory_number,P10,P10,string,BM 013817,,ready,cdli_json,
101938,NEEDS_QID,"ASJ 02, 014 35",tablet,finding_spot,P224,P695,wikibase-item,Q389832,Girsu (mod. Tello),ready,provenience_lookup,
211594,NEEDS_QID,"SANTAG 6, 129",tablet,cdli_id,P223,P692,external-id,P211594,,ready,cdli_json,
211594,NEEDS_QID,"SANTAG 6, 129",tablet,instance_of,P2,P2,wikibase-item,Q512006,Clay tablet,ready,CDLI_Object,
211594,NEEDS_QID,"SANTAG 6, 129",tablet,period,P245,P853,wikibase-item,Q512148,Ur III Period,ready,CDLI_Period,
211594,NEEDS_QID,"SANTAG 6, 129",tablet,language,P18,P18,wikibase-item,Q471149,Sumerian,ready,CDLI_Lang,
211594,NEEDS_QID,"SANTAG 6, 129",tablet,type_of_work,P126,P121,wikibase-item,Q394396,Administrative,ready,CDLI_Genre,
211594,NEEDS_QID,"SANTAG 6, 129",tablet,material,P391,P401,wikibase-item,Q471153,Clay,ready,CDLI_Material,
211594,NEEDS_QID,"SANTAG 6, 129",tablet,present_holding,P203,P329,wikibase-item,Q511946,State Hermitage Museum,ready,museum_FG,
211594,NEEDS_QID,"SANTAG 6, 129",tablet,inventory_number,P10,P10,string,Erm 07752,,ready,cdli_json,
211594,NEEDS_QID,"SANTAG 6, 129",tablet,finding_spot,P224,P695,wikibase-item,Q389833,Umma (mod. Tell Jokha),ready,provenience_lookup,
407549,NEEDS_QID,"HSS 68, 579",tablet,cdli_id,P223,P692,external-id,P407549,,ready,cdli_json,
407549,NEEDS_QID,"HSS 68, 579",tablet,instance_of,P2,P2,wikibase-item,Q512006,Clay tablet,ready,CDLI_Object,
407549,NEEDS_QID,"HSS 68, 579",tablet,period,P245,P853,wikibase-item,Q512148,Ur III Period,ready,CDLI_Period,
407549,NEEDS_QID,"HSS 68, 579",tablet,language,P18,P18,wikibase-item,Q471149,Sumerian,ready,CDLI_Lang,
407549,NEEDS_QID,"HSS 68, 579",tablet,type_of_work,P126,P121,wikibase-item,Q394396,Administrative,ready,CDLI_Genre,
407549,NEEDS_QID,"HSS 68, 579",tablet,material,P391,P401,wikibase-item,Q471153,Clay,ready,CDLI_Material,
407549,NEEDS_QID,"HSS 68, 579",tablet,inventory_number,P10,P10,string,SM 1911.10.558,,ready,cdli_json,
407549,NEEDS_QID,"HSS 68, 579",tablet,finding_spot,P224,P695,wikibase-item,Q389903,Puzriš-Dagan (mod. Drehem),ready,provenience_lookup,
289508,NEEDS_QID,NBC 10899,tablet,cdli_id,P223,P692,external-id,P289508,,ready,cdli_json,
289508,NEEDS_QID,NBC 10899,tablet,instance_of,P2,P2,wikibase-item,Q512006,Clay tablet,ready,CDLI_Object,
289508,NEEDS_QID,NBC 10899,tablet,period,P245,P853,wikibase-item,Q512148,Ur III Period,ready,CDLI_Period,
289508,NEEDS_QID,NBC 10899,tablet,language,P18,P18,wikibase-item,Q471149,Sumerian,ready,CDLI_Lang,
289508,NEEDS_QID,NBC 10899,tablet,type_of_work,P126,P121,wikibase-item,Q394396,Administrative,ready,CDLI_Genre,
289508,NEEDS_QID,NBC 10899,tablet,material,P391,P401,wikibase-item,Q471153,Clay,ready,CDLI_Material,
289508,NEEDS_QID,NBC 10899,tablet,present_holding,P203,P329,wikibase-item,Q511899,"Nies Babylonian Collection, Yale Babylonian Collection",ready,museum_FG,
289508,NEEDS_QID,NBC 10899,tablet,inventory_number,P10,P10,string,NBC 10899,,ready,cdli_json,
289508,NEEDS_QID,NBC 10899,tablet,finding_spot,P224,P695,wikibase-item,Q389833,Umma (mod. Tell Jokha),ready,provenience_lookup,
451329,NEEDS_QID,Ashm 1924-2107 unpublished unassigned ?,artifact,cdli_id,P223,P692,external-id,P451329,,ready,cdli_json,
451329,NEEDS_QID,Ashm 1924-2107 unpublished unassigned ?,artifact,material,P391,P401,wikibase-item,Q471153,Clay,ready,CDLI_Material,
451329,NEEDS_QID,Ashm 1924-2107 unpublished unassigned ?,artifact,present_holding,P203,P329,wikibase-item,Q511934,Ashmolean Museum,ready,museum_FG,
451329,NEEDS_QID,Ashm 1924-2107 unpublished unassigned ?,artifact,inventory_number,P10,P10,string,Ashm 1924-2107,,ready,cdli_json,
322895,NEEDS_QID,"CUSAS 20, 010",tablet,cdli_id,P223,P692,external-id,P322895,,ready,cdli_json,
322895,NEEDS_QID,"CUSAS 20, 010",tablet,instance_of,P2,P2,wikibase-item,Q512006,Clay tablet,ready,CDLI_Object,
322895,NEEDS_QID,"CUSAS 20, 010",tablet,period,P245,P853,wikibase-item,Q512144,Old Akkadian Period,ready,CDLI_Period,
322895,NEEDS_QID,"CUSAS 20, 010",tablet,language,P18,P18,wikibase-item,Q471149,Sumerian,ready,CDLI_Lang,
322895,NEEDS_QID,"CUSAS 20, 010",tablet,type_of_work,P126,P121,wikibase-item,Q394396,Administrative,ready,CDLI_Genre,
322895,NEEDS_QID,"CUSAS 20, 010",tablet,material,P391,P401,wikibase-item,Q471153,Clay,ready,CDLI_Material,
322895,NEEDS_QID,"CUSAS 20, 010",tablet,inventory_number,P10,P10,string,CUNES 48-08-167,,ready,cdli_json,
322895,NEEDS_QID,"CUSAS 20, 010",tablet,finding_spot,P224,P695,wikibase-item,Q389603,Adab (mod. Bismaya),ready,provenience_lookup,
216251,NEEDS_QID,"OSP 2, 097",tablet,cdli_id,P223,P692,external-id,P216251,,ready,cdli_json,
216251,NEEDS_QID,"OSP 2, 097",tablet,instance_of,P2,P2,wikibase-item,Q512006,Clay tablet,ready,CDLI_Object,
216251,NEEDS_QID,"OSP 2, 097",tablet,period,P245,P853,wikibase-item,Q512144,Old Akkadian Period,ready,CDLI_Period,
216251,NEEDS_QID,"OSP 2, 097",tablet,language,P18,P18,wikibase-item,Q471146,Akkadian,ready,CDLI_Lang,
216251,NEEDS_QID,"OSP 2, 097",tablet,type_of_work,P126,P121,wikibase-item,Q394396,Administrative,ready,CDLI_Genre,
216251,NEEDS_QID,"OSP 2, 097",tablet,material,P391,P401,wikibase-item,Q471153,Clay,ready,CDLI_Material,
216251,NEEDS_QID,"OSP 2, 097",tablet,present_holding,P203,P329,wikibase-item,Q511892,"Penn Museum, Philadelphia, Pennsylvania, USA",ready,museum_FG|factgrid_upload_table,
216251,NEEDS_QID,"OSP 2, 097",tablet,inventory_number,P10,P10,string,N 0562,,ready,cdli_json,
216251,NEEDS_QID,"OSP 2, 097",tablet,finding_spot,P224,P695,wikibase-item,Q390017,Nippur (mod. Nuffar),ready,provenience_lookup,
103905,NEEDS_QID,"AUCT 2, 087",tablet,cdli_id,P223,P692,external-id,P103905,,ready,cdli_json,
103905,NEEDS_QID,"AUCT 2, 087",tablet,instance_of,P2,P2,wikibase-item,Q512006,Clay tablet,ready,CDLI_Object,
103905,NEEDS_QID,"AUCT 2, 087",tablet,period,P245,P853,wikibase-item,Q512148,Ur III Period,ready,CDLI_Period,
103905,NEEDS_QID,"AUCT 2, 087",tablet,language,P18,P18,wikibase-item,Q471149,Sumerian,ready,CDLI_Lang,
103905,NEEDS_QID,"AUCT 2, 087",tablet,type_of_work,P126,P121,wikibase-item,Q394396,Administrative,ready,CDLI_Genre,
103905,NEEDS_QID,"AUCT 2, 087",tablet,material,P391,P401,wikibase-item,Q471153,Clay,ready,CDLI_Material,
103905,NEEDS_QID,"AUCT 2, 087",tablet,inventory_number,P10,P10,string,AUAM 73.2193,,ready,cdli_json,
103905,NEEDS_QID,"AUCT 2, 087",tablet,finding_spot,P224,P695,wikibase-item,Q389903,Puzriš-Dagan (mod. Drehem),ready,provenience_lookup,
313331,NEEDS_QID,"CT 43, 041",tablet,cdli_id,P223,P692,external-id,P313331,,ready,cdli_json,
313331,NEEDS_QID,"CT 43, 041",tablet,instance_of,P2,P2,wikibase-item,Q512006,Clay tablet,ready,CDLI_Object,
313331,NEEDS_QID,"CT 43, 041",tablet,period,P245,P853,wikibase-item,Q512152,Old Babylonian Period,ready,CDLI_Period,
313331,NEEDS_QID,"CT 43, 041",tablet,language,P18,P18,wikibase-item,Q471146,Akkadian,ready,CDLI_Lang,
313331,NEEDS_QID,"CT 43, 041",tablet,type_of_work,P126,P121,wikibase-item,Q10510,Letter,ready,CDLI_Genre,
313331,NEEDS_QID,"CT 43, 041",tablet,material,P391,P401,wikibase-item,Q471153,Clay,ready,CDLI_Material,
313331,NEEDS_QID,"CT 43, 041",tablet,present_holding,P203,P329,wikibase-item,Q102010,British Museum Collection,ready,museum_FG,
313331,NEEDS_QID,"CT 43, 041",tablet,inventory_number,P10,P10,string,BM 108420,,ready,cdli_json,
453314,NEEDS_QID,"BE 06/2, 011",envelope,cdli_id,P223,P692,external-id,P453314,,ready,cdli_json,
453314,NEEDS_QID,"BE 06/2, 011",envelope,instance_of,P2,P2,wikibase-item,Q512006,Clay envelope,ready,CDLI_Object,
453314,NEEDS_QID,"BE 06/2, 011",envelope,period,P245,P853,wikibase-item,Q512152,Old Babylonian Period,ready,CDLI_Period,
453314,NEEDS_QID,"BE 06/2, 011",envelope,type_of_work,P126,P121,wikibase-item,Q388465,Business / Contracts,ready,CDLI_Genre|factgrid_upload_table,
453314,NEEDS_QID,"BE 06/2, 011",envelope,material,P391,P401,wikibase-item,Q471153,Clay,ready,CDLI_Material,
453314,NEEDS_QID,"BE 06/2, 011",envelope,present_holding,P203,P329,wikibase-item,Q511898,Istanbul Archaeology Museum,ready,museum_FG,
453314,NEEDS_QID,"BE 06/2, 011",envelope,present_holding,P203,P329,wikibase-item,Q511898,"Hilprecht Collection, University of Jena, Jena, Germany",ready,museum_FG|factgrid_upload_table,
453314,NEEDS_QID,"BE 06/2, 011",envelope,inventory_number,P10,P10,string,Ist Ni 01916 & HS 2130,,ready,cdli_json,
453314,NEEDS_QID,"BE 06/2, 011",envelope,finding_spot,P224,P695,wikibase-item,Q390017,Nippur (mod. Nuffar),ready,provenience_lookup,
129547,NEEDS_QID,SET 137,tablet,cdli_id,P223,P692,external-id,P129547,,ready,cdli_json,
129547,NEEDS_QID,SET 137,tablet,instance_of,P2,P2,wikibase-item,Q512006,Clay tablet,ready,CDLI_Object,
129547,NEEDS_QID,SET 137,tablet,period,P245,P853,wikibase-item,Q512148,Ur III Period,ready,CDLI_Period,
129547,NEEDS_QID,SET 137,tablet,language,P18,P18,wikibase-item,Q471149,Sumerian,ready,CDLI_Lang,
129547,NEEDS_QID,SET 137,tablet,type_of_work,P126,P121,wikibase-item,Q394396,Administrative,ready,CDLI_Genre,
129547,NEEDS_QID,SET 137,tablet,material,P391,P401,wikibase-item,Q471153,Clay,ready,CDLI_Material,
129547,NEEDS_QID,SET 137,tablet,present_holding,P203,P329,wikibase-item,Q511887,Rosicrucian Egyptian Museum,ready,museum_FG,
129547,NEEDS_QID,SET 137,tablet,inventory_number,P10,P10,string,RC 2731,,ready,cdli_json,
129547,NEEDS_QID,SET 137,tablet,finding_spot,P224,P695,wikibase-item,Q389833,Umma (mod. Tell Jokha),ready,provenience_lookup,
323787,NEEDS_QID,"CUSAS 03, 0306",tablet,cdli_id,P223,P692,external-id,P323787,,ready,cdli_json,
323787,NEEDS_QID,"CUSAS 03, 0306",tablet,instance_of,P2,P2,wikibase-item,Q512006,Clay tablet,ready,CDLI_Object,
323787,NEEDS_QID,"CUSAS 03, 0306",tablet,period,P245,P853,wikibase-item,Q512148,Ur III Period,ready,CDLI_Period,
323787,NEEDS_QID,"CUSAS 03, 0306",tablet,language,P18,P18,wikibase-item,Q471149,Sumerian,ready,CDLI_Lang,
323787,NEEDS_QID,"CUSAS 03, 0306",tablet,type_of_work,P126,P121,wikibase-item,Q394396,Administrative,ready,CDLI_Genre,
323787,NEEDS_QID,"CUSAS 03, 0306",tablet,material,P391,P401,wikibase-item,Q471153,Clay,ready,CDLI_Material,
323787,NEEDS_QID,"CUSAS 03, 0306",tablet,inventory_number,P10,P10,string,CUNES 49-12-032,,ready,cdli_json,
323787,NEEDS_QID,"CUSAS 03, 0306",tablet,finding_spot,P224,P695,wikibase-item,Q389888,Garšana (mod. uncertain),ready,provenience_lookup,
534848,NEEDS_QID,"AKT 6b, 368",tablet,cdli_id,P223,P692,external-id,P534848,,ready,cdli_json,
534848,NEEDS_QID,"AKT 6b, 368",tablet,instance_of,P2,P2,wikibase-item,Q512006,Clay tablet,ready,CDLI_Object,
534848,NEEDS_QID,"AKT 6b, 368",tablet,period,P245,P853,wikibase-item,Q512151,Old Assyrian Period,ready,CDLI_Period,
534848,NEEDS_QID,"AKT 6b, 368",tablet,language,P18,P18,wikibase-item,Q471146,Akkadian,ready,CDLI_Lang,
534848,NEEDS_QID,"AKT 6b, 368",tablet,type_of_work,P126,P121,wikibase-item,Q10510,Letter,ready,CDLI_Genre,
534848,NEEDS_QID,"AKT 6b, 368",tablet,material,P391,P401,wikibase-item,Q471153,Clay,ready,CDLI_Material,
534848,NEEDS_QID,"AKT 6b, 368",tablet,inventory_number,P10,P10,string,AMM —,,ready,cdli_json,
534848,NEEDS_QID,"AKT 6b, 368",tablet,finding_spot,P224,P695,wikibase-item,Q390036,Kanesh (mod. Kültepe),ready,provenience_lookup,
137559,NEEDS_QID,"UET 3, 1234",tablet,cdli_id,P223,P692,external-id,P137559,,ready,cdli_json,
137559,NEEDS_QID,"UET 3, 1234",tablet,instance_of,P2,P2,wikibase-item,Q512006,Clay tablet,ready,CDLI_Object,
137559,NEEDS_QID,"UET 3, 1234",tablet,period,P245,P853,wikibase-item,Q512148,Ur III Period,ready,CDLI_Period,
137559,NEEDS_QID,"UET 3, 1234",tablet,language,P18,P18,wikibase-item,Q471149,Sumerian,ready,CDLI_Lang,
137559,NEEDS_QID,"UET 3, 1234",tablet,type_of_work,P126,P121,wikibase-item,Q394396,Administrative,ready,CDLI_Genre,
137559,NEEDS_QID,"UET 3, 1234",tablet,material,P391,P401,wikibase-item,Q471153,Clay,ready,CDLI_Material,
137559,NEEDS_QID,"UET 3, 1234",tablet,present_holding,P203,P329,wikibase-item,Q102010,British Museum Collection,ready,museum_FG,
137559,NEEDS_QID,"UET 3, 1234",tablet,inventory_number,P10,P10,string,BM 130394,,ready,cdli_json,
137559,NEEDS_QID,"UET 3, 1234",tablet,finding_spot,P224,P695,wikibase-item,Q389877,Ur (mod. Tell Muqayyar),ready,provenience_lookup,
102617,NEEDS_QID,"ASJ 17, 221 112",tablet,cdli_id,P223,P692,external-id,P102617,,ready,cdli_json,
102617,NEEDS_QID,"ASJ 17, 221 112",tablet,instance_of,P2,P2,wikibase-item,Q512006,Clay tablet,ready,CDLI_Object,
102617,NEEDS_QID,"ASJ 17, 221 112",tablet,period,P245,P853,wikibase-item,Q512148,Ur III Period,ready,CDLI_Period,
102617,NEEDS_QID,"ASJ 17, 221 112",tablet,language,P18,P18,wikibase-item,Q471149,Sumerian,ready,CDLI_Lang,
102617,NEEDS_QID,"ASJ 17, 221 112",tablet,type_of_work,P126,P121,wikibase-item,Q394396,Administrative,ready,CDLI_Genre,
102617,NEEDS_QID,"ASJ 17, 221 112",tablet,material,P391,P401,wikibase-item,Q471153,Clay,ready,CDLI_Material,
102617,NEEDS_QID,"ASJ 17, 221 112",tablet,present_holding,P203,P329,wikibase-item,Q102010,British Museum Collection,ready,museum_FG,
102617,NEEDS_QID,"ASJ 17, 221 112",tablet,inventory_number,P10,P10,string,BM 027748,,ready,cdli_json,
102617,NEEDS_QID,"ASJ 17, 221 112",tablet,finding_spot,P224,P695,wikibase-item,Q389832,Girsu (mod. Tello),ready,provenience_lookup,
221122,NEEDS_QID,DP 472,tablet,cdli_id,P223,P692,external-id,P221122,,ready,cdli_json,
221122,NEEDS_QID,DP 472,tablet,instance_of,P2,P2,wikibase-item,Q512006,Clay tablet,ready,CDLI_Object,
221122,NEEDS_QID,DP 472,tablet,period,P245,P853,wikibase-item,Q512142,ED IIIb,ready,CDLI_Period,
221122,NEEDS_QID,DP 472,tablet,language,P18,P18,wikibase-item,Q471149,Sumerian,ready,CDLI_Lang,
221122,NEEDS_QID,DP 472,tablet,type_of_work,P126,P121,wikibase-item,Q394396,Administrative,ready,CDLI_Genre,
221122,NEEDS_QID,DP 472,tablet,material,P391,P401,wikibase-item,Q471153,Clay,ready,CDLI_Material,
221122,NEEDS_QID,DP 472,tablet,present_holding,P203,P329,wikibase-item,Q511925,Louvre Collection,ready,museum_FG,
221122,NEEDS_QID,DP 472,tablet,inventory_number,P10,P10,string,AO 13678,,ready,cdli_json,
221122,NEEDS_QID,DP 472,tablet,finding_spot,P224,P695,wikibase-item,Q389832,Girsu (mod. Tello),ready,provenience_lookup,
359572,NEEDS_QID,"ICK 1, 175",tablet,cdli_id,P223,P692,external-id,P359572,,ready,cdli_json,
359572,NEEDS_QID,"ICK 1, 175",tablet,instance_of,P2,P2,wikibase-item,Q512006,Clay tablet,ready,CDLI_Object,
359572,NEEDS_QID,"ICK 1, 175",tablet,period,P245,P853,wikibase-item,Q512151,Old Assyrian Period,ready,CDLI_Period,
359572,NEEDS_QID,"ICK 1, 175",tablet,language,P18,P18,wikibase-item,Q471146,Akkadian,ready,CDLI_Lang,
359572,NEEDS_QID,"ICK 1, 175",tablet,material,P391,P401,wikibase-item,Q471153,Clay,ready,CDLI_Material,
359572,NEEDS_QID,"ICK 1, 175",tablet,present_holding,P203,P329,wikibase-item,Q511898,Istanbul Archaeology Museum,ready,museum_FG,
359572,NEEDS_QID,"ICK 1, 175",tablet,inventory_number,P10,P10,string,Ist Ka 0218,,ready,cdli_json,
359572,NEEDS_QID,"ICK 1, 175",tablet,finding_spot,P224,P695,wikibase-item,Q390036,Kanesh (mod. Kültepe),ready,provenience_lookup,
107415,NEEDS_QID,"Buffalo SNS.11-2, 146 13",tablet,cdli_id,P223,P692,external-id,P107415,,ready,cdli_json,
107415,NEEDS_QID,"Buffalo SNS.11-2, 146 13",tablet,instance_of,P2,P2,wikibase-item,Q512006,Clay tablet,ready,CDLI_Object,
107415,NEEDS_QID,"Buffalo SNS.11-2, 146 13",tablet,period,P245,P853,wikibase-item,Q512148,Ur III Period,ready,CDLI_Period,
107415,NEEDS_QID,"Buffalo SNS.11-2, 146 13",tablet,language,P18,P18,wikibase-item,Q471149,Sumerian,ready,CDLI_Lang,
107415,NEEDS_QID,"Buffalo SNS.11-2, 146 13",tablet,type_of_work,P126,P121,wikibase-item,Q394396,Administrative,ready,CDLI_Genre,
107415,NEEDS_QID,"Buffalo SNS.11-2, 146 13",tablet,material,P391,P401,wikibase-item,Q471153,Clay,ready,CDLI_Material,
107415,NEEDS_QID,"Buffalo SNS.11-2, 146 13",tablet,inventory_number,P10,P10,string,BSNS C05174,,ready,cdli_json,
107415,NEEDS_QID,"Buffalo SNS.11-2, 146 13",tablet,finding_spot,P224,P695,wikibase-item,Q389833,Umma (mod. Tell Jokha),ready,provenience_lookup,
290729,NEEDS_QID,"BPOA 07, 2226",tablet,cdli_id,P223,P692,external-id,P290729,,ready,cdli_json,
290729,NEEDS_QID,"BPOA 07, 2226",tablet,instance_of,P2,P2,wikibase-item,Q512006,Clay tablet,ready,CDLI_Object,
290729,NEEDS_QID,"BPOA 07, 2226",tablet,period,P245,P853,wikibase-item,Q512148,Ur III Period,ready,CDLI_Period,
290729,NEEDS_QID,"BPOA 07, 2226",tablet,language,P18,P18,wikibase-item,Q471149,Sumerian,ready,CDLI_Lang,
290729,NEEDS_QID,"BPOA 07, 2226",tablet,type_of_work,P126,P121,wikibase-item,Q394396,Administrative,ready,CDLI_Genre,
290729,NEEDS_QID,"BPOA 07, 2226",tablet,material,P391,P401,wikibase-item,Q471153,Clay,ready,CDLI_Material,
290729,NEEDS_QID,"BPOA 07, 2226",tablet,present_holding,P203,P329,wikibase-item,Q511899,"Nies Babylonian Collection, Yale Babylonian Collection",ready,museum_FG,
290729,NEEDS_QID,"BPOA 07, 2226",tablet,inventory_number,P10,P10,string,NBC 03428,,ready,cdli_json,
290729,NEEDS_QID,"BPOA 07, 2226",tablet,finding_spot,P224,P695,wikibase-item,Q389833,Umma (mod. Tell Jokha),ready,provenience_lookup,
461265,NEEDS_QID,BM 059237,tablet,cdli_id,P223,P692,external-id,P461265,,ready,cdli_json,
461265,NEEDS_QID,BM 059237,tablet,instance_of,P2,P2,wikibase-item,Q512006,Clay tablet,ready,CDLI_Object,
461265,NEEDS_QID,BM 059237,tablet,language,P18,P18,wikibase-item,Q471146,Akkadian,ready,CDLI_Lang,
461265,NEEDS_QID,BM 059237,tablet,type_of_work,P126,P121,wikibase-item,Q245823,Commentary,ready,CDLI_Genre|factgrid_upload_table,
461265,NEEDS_QID,BM 059237,tablet,material,P391,P401,wikibase-item,Q471153,Clay,ready,CDLI_Material,
461265,NEEDS_QID,BM 059237,tablet,present_holding,P203,P329,wikibase-item,Q102010,British Museum Collection,ready,museum_FG,
461265,NEEDS_QID,BM 059237,tablet,inventory_number,P10,P10,string,BM 059237,,ready,cdli_json,
461265,NEEDS_QID,BM 059237,tablet,finding_spot,P224,P695,wikibase-item,Q389840,Sippar-Yahrurum (mod. Tell Abu Habbah),ready,provenience_lookup,
133849,NEEDS_QID,TCND 040,tablet,cdli_id,P223,P692,external-id,P133849,,ready,cdli_json,
133849,NEEDS_QID,TCND 040,tablet,instance_of,P2,P2,wikibase-item,Q512006,Clay tablet,ready,CDLI_Object,
133849,NEEDS_QID,TCND 040,tablet,period,P245,P853,wikibase-item,Q512148,Ur III Period,ready,CDLI_Period,
133849,NEEDS_QID,TCND 040,tablet,language,P18,P18,wikibase-item,Q471149,Sumerian,ready,CDLI_Lang,
133849,NEEDS_QID,TCND 040,tablet,type_of_work,P126,P121,wikibase-item,Q394396,Administrative,ready,CDLI_Genre,
133849,NEEDS_QID,TCND 040,tablet,material,P391,P401,wikibase-item,Q471153,Clay,ready,CDLI_Material,
133849,NEEDS_QID,TCND 040,tablet,present_holding,P203,P329,wikibase-item,Q511916,"Museo di Antichità, Turin Collection",ready,museum_FG,
133849,NEEDS_QID,TCND 040,tablet,inventory_number,P10,P10,string,MAT 040,,ready,cdli_json,
133849,NEEDS_QID,TCND 040,tablet,finding_spot,P224,P695,wikibase-item,Q389903,Puzriš-Dagan (mod. Drehem),ready,provenience_lookup,
131874,NEEDS_QID,Tavolette 089,tablet,cdli_id,P223,P692,external-id,P131874,,ready,cdli_json,
131874,NEEDS_QID,Tavolette 089,tablet,instance_of,P2,P2,wikibase-item,Q512006,Clay tablet,ready,CDLI_Object,
131874,NEEDS_QID,Tavolette 089,tablet,period,P245,P853,wikibase-item,Q512148,Ur III Period,ready,CDLI_Period,
131874,NEEDS_QID,Tavolette 089,tablet,language,P18,P18,wikibase-item,Q471149,Sumerian,ready,CDLI_Lang,
131874,NEEDS_QID,Tavolette 089,tablet,type_of_work,P126,P121,wikibase-item,Q394396,Administrative,ready,CDLI_Genre,
131874,NEEDS_QID,Tavolette 089,tablet,material,P391,P401,wikibase-item,Q471153,Clay,ready,CDLI_Material,
131874,NEEDS_QID,Tavolette 089,tablet,present_holding,P203,P329,wikibase-item,Q511916,"Museo di Antichità, Turin Collection",ready,museum_FG,
131874,NEEDS_QID,Tavolette 089,tablet,inventory_number,P10,P10,string,MAT 547,,ready,cdli_json,
131874,NEEDS_QID,Tavolette 089,tablet,finding_spot,P224,P695,wikibase-item,Q389833,Umma (mod. Tell Jokha),ready,provenience_lookup,
272540,NEEDS_QID,LoC 012,tablet,cdli_id,P223,P692,external-id,P272540,,ready,cdli_json,
272540,NEEDS_QID,LoC 012,tablet,instance_of,P2,P2,wikibase-item,Q512006,Clay tablet,ready,CDLI_Object,
272540,NEEDS_QID,LoC 012,tablet,period,P245,P853,wikibase-item,Q512148,Ur III Period,ready,CDLI_Period,
272540,NEEDS_QID,LoC 012,tablet,language,P18,P18,wikibase-item,Q471149,Sumerian,ready,CDLI_Lang,
272540,NEEDS_QID,LoC 012,tablet,type_of_work,P126,P121,wikibase-item,Q394396,Administrative,ready,CDLI_Genre,
272540,NEEDS_QID,LoC 012,tablet,material,P391,P401,wikibase-item,Q471153,Clay,ready,CDLI_Material,
272540,NEEDS_QID,LoC 012,tablet,inventory_number,P10,P10,string,LoC 012,,ready,cdli_json,
272540,NEEDS_QID,LoC 012,tablet,finding_spot,P224,P695,wikibase-item,Q389833,Umma (mod. Tell Jokha),ready,provenience_lookup,
359088,NEEDS_QID,Prag 478,tablet,cdli_id,P223,P692,external-id,P359088,,ready,cdli_json,
359088,NEEDS_QID,Prag 478,tablet,instance_of,P2,P2,wikibase-item,Q512006,Clay tablet,ready,CDLI_Object,
359088,NEEDS_QID,Prag 478,tablet,period,P245,P853,wikibase-item,Q512151,Old Assyrian Period,ready,CDLI_Period,
359088,NEEDS_QID,Prag 478,tablet,language,P18,P18,wikibase-item,Q471146,Akkadian,ready,CDLI_Lang,
359088,NEEDS_QID,Prag 478,tablet,type_of_work,P126,P121,wikibase-item,Q388465,Legal,ready,CDLI_Genre,
359088,NEEDS_QID,Prag 478,tablet,material,P391,P401,wikibase-item,Q471153,Clay,ready,CDLI_Material,
359088,NEEDS_QID,Prag 478,tablet,inventory_number,P10,P10,string,Prague I 478,,ready,cdli_json,
359088,NEEDS_QID,Prag 478,tablet,finding_spot,P224,P695,wikibase-item,Q390036,Kanesh (mod. Kültepe),ready,provenience_lookup,
105428,NEEDS_QID,"BCT 2, 187",tablet,cdli_id,P223,P692,external-id,P105428,,ready,cdli_json,
105428,NEEDS_QID,"BCT 2, 187",tablet,instance_of,P2,P2,wikibase-item,Q512006,Clay tablet,ready,CDLI_Object,
105428,NEEDS_QID,"BCT 2, 187",tablet,period,P245,P853,wikibase-item,Q512148,Ur III Period,ready,CDLI_Period,
105428,NEEDS_QID,"BCT 2, 187",tablet,language,P18,P18,wikibase-item,Q471149,Sumerian,ready,CDLI_Lang,
105428,NEEDS_QID,"BCT 2, 187",tablet,type_of_work,P126,P121,wikibase-item,Q394396,Administrative,ready,CDLI_Genre,
105428,NEEDS_QID,"BCT 2, 187",tablet,material,P391,P401,wikibase-item,Q471153,Clay,ready,CDLI_Material,
105428,NEEDS_QID,"BCT 2, 187",tablet,inventory_number,P10,P10,string,A.1394_1982,,ready,cdli_json,
105428,NEEDS_QID,"BCT 2, 187",tablet,finding_spot,P224,P695,wikibase-item,Q389833,Umma (mod. Tell Jokha),ready,provenience_lookup,
548,NEEDS_QID,"CDLI Lexical Archaic Unidentified, ex. 092",tablet,cdli_id,P223,P692,external-id,P000548,,ready,cdli_json,
548,NEEDS_QID,"CDLI Lexical Archaic Unidentified, ex. 092",tablet,instance_of,P2,P2,wikibase-item,Q512006,Clay tablet,ready,CDLI_Object,
548,NEEDS_QID,"CDLI Lexical Archaic Unidentified, ex. 092",tablet,period,P245,P853,wikibase-item,Q512134,Uruk III Period,ready,CDLI_Period,
548,NEEDS_QID,"CDLI Lexical Archaic Unidentified, ex. 092",tablet,type_of_work,P126,P121,wikibase-item,Q537054,Lexical,ready,CDLI_Genre,
548,NEEDS_QID,"CDLI Lexical Archaic Unidentified, ex. 092",tablet,material,P391,P401,wikibase-item,Q471153,Clay,ready,CDLI_Material,
548,NEEDS_QID,"CDLI Lexical Archaic Unidentified, ex. 092",tablet,present_holding,P203,P329,wikibase-item,Q511874,Iraq Museum,ready,museum_FG,
548,NEEDS_QID,"CDLI Lexical Archaic Unidentified, ex. 092",tablet,inventory_number,P10,P10,string,IM 134808,,ready,cdli_json,
548,NEEDS_QID,"CDLI Lexical Archaic Unidentified, ex. 092",tablet,finding_spot,P224,P695,wikibase-item,Q390030,Uruk (mod. Warka),ready,provenience_lookup,
347096,NEEDS_QID,"UET 7, 0140 +",tablet,cdli_id,P223,P692,external-id,P347096,,ready,cdli_json,
347096,NEEDS_QID,"UET 7, 0140 +",tablet,instance_of,P2,P2,wikibase-item,Q512006,Clay tablet,ready,CDLI_Object,
347096,NEEDS_QID,"UET 7, 0140 +",tablet,period,P245,P853,wikibase-item,Q512161,Neo-Babylonian Period,ready,CDLI_Period,
347096,NEEDS_QID,"UET 7, 0140 +",tablet,material,P391,P401,wikibase-item,Q471153,Clay,ready,CDLI_Material,
347096,NEEDS_QID,"UET 7, 0140 +",tablet,present_holding,P203,P329,wikibase-item,Q102010,British Museum Collection,ready,museum_FG,
347096,NEEDS_QID,"UET 7, 0140 +",tablet,inventory_number,P10,P10,string,BM —,,ready,cdli_json,
347096,NEEDS_QID,"UET 7, 0140 +",tablet,finding_spot,P224,P695,wikibase-item,Q389877,Ur (mod. Tell Muqayyar),ready,provenience_lookup,
130766,NEEDS_QID,Syracuse 215,tablet,cdli_id,P223,P692,external-id,P130766,,ready,cdli_json,
130766,NEEDS_QID,Syracuse 215,tablet,instance_of,P2,P2,wikibase-item,Q512006,Clay tablet,ready,CDLI_Object,
130766,NEEDS_QID,Syracuse 215,tablet,period,P245,P853,wikibase-item,Q512148,Ur III Period,ready,CDLI_Period,
130766,NEEDS_QID,Syracuse 215,tablet,language,P18,P18,wikibase-item,Q471149,Sumerian,ready,CDLI_Lang,
130766,NEEDS_QID,Syracuse 215,tablet,type_of_work,P126,P121,wikibase-item,Q394396,Administrative,ready,CDLI_Genre,
130766,NEEDS_QID,Syracuse 215,tablet,material,P391,P401,wikibase-item,Q471153,Clay,ready,CDLI_Material,
130766,NEEDS_QID,Syracuse 215,tablet,inventory_number,P10,P10,string,SUL 129,,ready,cdli_json,
130766,NEEDS_QID,Syracuse 215,tablet,finding_spot,P224,P695,wikibase-item,Q389833,Umma (mod. Tell Jokha),ready,provenience_lookup,
214796,NEEDS_QID,"ITT 5, 09269",tablet,cdli_id,P223,P692,external-id,P214796,,ready,cdli_json,
214796,NEEDS_QID,"ITT 5, 09269",tablet,instance_of,P2,P2,wikibase-item,Q512006,Clay tablet,ready,CDLI_Object,
214796,NEEDS_QID,"ITT 5, 09269",tablet,period,P245,P853,wikibase-item,Q512144,Old Akkadian Period,ready,CDLI_Period,
214796,NEEDS_QID,"ITT 5, 09269",tablet,type_of_work,P126,P121,wikibase-item,Q394396,Administrative,ready,CDLI_Genre,
214796,NEEDS_QID,"ITT 5, 09269",tablet,material,P391,P401,wikibase-item,Q471153,Clay,ready,CDLI_Material,
214796,NEEDS_QID,"ITT 5, 09269",tablet,present_holding,P203,P329,wikibase-item,Q511898,Istanbul Archaeology Museum,ready,museum_FG,
214796,NEEDS_QID,"ITT 5, 09269",tablet,inventory_number,P10,P10,string,Ist L 09269,,ready,cdli_json,
214796,NEEDS_QID,"ITT 5, 09269",tablet,finding_spot,P224,P695,wikibase-item,Q389832,Girsu (mod. Tello),ready,provenience_lookup,
213053,NEEDS_QID,"CT 50, 147",tablet,cdli_id,P223,P692,external-id,P213053,,ready,cdli_json,
213053,NEEDS_QID,"CT 50, 147",tablet,instance_of,P2,P2,wikibase-item,Q512006,Clay tablet,ready,CDLI_Object,
213053,NEEDS_QID,"CT 50, 147",tablet,period,P245,P853,wikibase-item,Q512144,Old Akkadian Period,ready,CDLI_Period,
213053,NEEDS_QID,"CT 50, 147",tablet,type_of_work,P126,P121,wikibase-item,Q394396,Administrative,ready,CDLI_Genre,
213053,NEEDS_QID,"CT 50, 147",tablet,material,P391,P401,wikibase-item,Q471153,Clay,ready,CDLI_Material,
213053,NEEDS_QID,"CT 50, 147",tablet,present_holding,P203,P329,wikibase-item,Q102010,British Museum Collection,ready,museum_FG,
213053,NEEDS_QID,"CT 50, 147",tablet,inventory_number,P10,P10,string,BM 088797,,ready,cdli_json,
213053,NEEDS_QID,"CT 50, 147",tablet,finding_spot,P224,P695,wikibase-item,Q389832,Girsu (mod. Tello),ready,provenience_lookup,
230733,NEEDS_QID,CBS 06815,tablet,cdli_id,P223,P692,external-id,P230733,,ready,cdli_json,
230733,NEEDS_QID,CBS 06815,tablet,instance_of,P2,P2,wikibase-item,Q512006,Clay tablet,ready,CDLI_Object,
230733,NEEDS_QID,CBS 06815,tablet,language,P18,P18,wikibase-item,Q471149,Sumerian,ready,CDLI_Lang,
230733,NEEDS_QID,CBS 06815,tablet,type_of_work,P126,P121,wikibase-item,Q537054,Business / Contracts,ready,CDLI_Genre|factgrid_upload_table,
230733,NEEDS_QID,CBS 06815,tablet,material,P391,P401,wikibase-item,Q471153,Clay,ready,CDLI_Material,
230733,NEEDS_QID,CBS 06815,tablet,present_holding,P203,P329,wikibase-item,Q511892,"Penn Museum, Philadelphia, Pennsylvania, USA",ready,museum_FG|factgrid_upload_table,
230733,NEEDS_QID,CBS 06815,tablet,inventory_number,P10,P10,string,CBS 06815,,ready,cdli_json,
230733,NEEDS_QID,CBS 06815,tablet,finding_spot,P224,P695,wikibase-item,Q390017,Nippur (mod. Nuffar),ready,provenience_lookup,
363033,NEEDS_QID,"Nisaba 16, 119",tablet,cdli_id,P223,P692,external-id,P363033,,ready,cdli_json,
363033,NEEDS_QID,"Nisaba 16, 119",tablet,instance_of,P2,P2,wikibase-item,Q512006,Clay tablet,ready,CDLI_Object,
363033,NEEDS_QID,"Nisaba 16, 119",tablet,period,P245,P853,wikibase-item,Q512148,Ur III Period,ready,CDLI_Period,
363033,NEEDS_QID,"Nisaba 16, 119",tablet,language,P18,P18,wikibase-item,Q471149,Sumerian,ready,CDLI_Lang,
363033,NEEDS_QID,"Nisaba 16, 119",tablet,type_of_work,P126,P121,wikibase-item,Q394396,Administrative,ready,CDLI_Genre,
363033,NEEDS_QID,"Nisaba 16, 119",tablet,material,P391,P401,wikibase-item,Q471153,Clay,ready,CDLI_Material,
363033,NEEDS_QID,"Nisaba 16, 119",tablet,present_holding,P203,P329,wikibase-item,Q102010,British Museum Collection,ready,museum_FG,
363033,NEEDS_QID,"Nisaba 16, 119",tablet,inventory_number,P10,P10,string,BM 113751,,ready,cdli_json,
363033,NEEDS_QID,"Nisaba 16, 119",tablet,finding_spot,P224,P695,wikibase-item,Q389833,Umma (mod. Tell Jokha),ready,provenience_lookup,
335653,NEEDS_QID,ADD 0804,tablet,cdli_id,P223,P692,external-id,P335653,,ready,cdli_json,
335653,NEEDS_QID,ADD 0804,tablet,instance_of,P2,P2,wikibase-item,Q512006,Clay tablet,ready,CDLI_Object,
335653,NEEDS_QID,ADD 0804,tablet,period,P245,P853,wikibase-item,Q512158,Neo-Assyrian Period,ready,CDLI_Period,
335653,NEEDS_QID,ADD 0804,tablet,language,P18,P18,wikibase-item,Q471146,Akkadian,ready,CDLI_Lang,
335653,NEEDS_QID,ADD 0804,tablet,type_of_work,P126,P121,wikibase-item,Q388465,Legal,ready,CDLI_Genre,
335653,NEEDS_QID,ADD 0804,tablet,material,P391,P401,wikibase-item,Q471153,Clay,ready,CDLI_Material,
335653,NEEDS_QID,ADD 0804,tablet,present_holding,P203,P329,wikibase-item,Q102010,British Museum Collection,ready,museum_FG,
335653,NEEDS_QID,ADD 0804,tablet,inventory_number,P10,P10,string,BM —,,ready,cdli_json,
335653,NEEDS_QID,ADD 0804,tablet,finding_spot,P224,P695,wikibase-item,Q390025,Nīnūa,ready,provenience_lookup,
138356,NEEDS_QID,"UET 9, 0225",tablet,cdli_id,P223,P692,external-id,P138356,,ready,cdli_json,
138356,NEEDS_QID,"UET 9, 0225",tablet,instance_of,P2,P2,wikibase-item,Q512006,Clay tablet,ready,CDLI_Object,
138356,NEEDS_QID,"UET 9, 0225",tablet,period,P245,P853,wikibase-item,Q512148,Ur III Period,ready,CDLI_Period,
138356,NEEDS_QID,"UET 9, 0225",tablet,language,P18,P18,wikibase-item,Q471149,Sumerian,ready,CDLI_Lang,
138356,NEEDS_QID,"UET 9, 0225",tablet,type_of_work,P126,P121,wikibase-item,Q394396,Administrative,ready,CDLI_Genre,
138356,NEEDS_QID,"UET 9, 0225",tablet,material,P391,P401,wikibase-item,Q471153,Clay,ready,CDLI_Material,
138356,NEEDS_QID,"UET 9, 0225",tablet,present_holding,P203,P329,wikibase-item,Q511874,Iraq Museum,ready,museum_FG,
138356,NEEDS_QID,"UET 9, 0225",tablet,inventory_number,P10,P10,string,IM — ?,,ready,cdli_json,
138356,NEEDS_QID,"UET 9, 0225",tablet,finding_spot,P224,P695,wikibase-item,Q389877,Ur (mod. Tell Muqayyar),ready,provenience_lookup,
328962,NEEDS_QID,"CUSAS 11, 103",tablet,cdli_id,P223,P692,external-id,P328962,,ready,cdli_json,
328962,NEEDS_QID,"CUSAS 11, 103",tablet,instance_of,P2,P2,wikibase-item,Q512006,Clay tablet,ready,CDLI_Object,
328962,NEEDS_QID,"CUSAS 11, 103",tablet,period,P245,P853,wikibase-item,Q512144,Old Akkadian Period,ready,CDLI_Period,
328962,NEEDS_QID,"CUSAS 11, 103",tablet,language,P18,P18,wikibase-item,Q471146,Akkadian,ready,CDLI_Lang,
328962,NEEDS_QID,"CUSAS 11, 103",tablet,type_of_work,P126,P121,wikibase-item,Q394396,Administrative,ready,CDLI_Genre,
328962,NEEDS_QID,"CUSAS 11, 103",tablet,material,P391,P401,wikibase-item,Q471153,Clay,ready,CDLI_Material,
328962,NEEDS_QID,"CUSAS 11, 103",tablet,inventory_number,P10,P10,string,CUNES 47-12-020,,ready,cdli_json,
328962,NEEDS_QID,"CUSAS 11, 103",tablet,finding_spot,P224,P695,wikibase-item,Q389603,Adab (mod. Bismaya),ready,provenience_lookup,
113006,NEEDS_QID,MLVS 076,tablet,cdli_id,P223,P692,external-id,P113006,,ready,cdli_json,
113006,NEEDS_QID,MLVS 076,tablet,instance_of,P2,P2,wikibase-item,Q512006,Clay tablet,ready,CDLI_Object,
113006,NEEDS_QID,MLVS 076,tablet,period,P245,P853,wikibase-item,Q512148,Ur III Period,ready,CDLI_Period,
113006,NEEDS_QID,MLVS 076,tablet,language,P18,P18,wikibase-item,Q471149,Sumerian,ready,CDLI_Lang,
113006,NEEDS_QID,MLVS 076,tablet,type_of_work,P126,P121,wikibase-item,Q394396,Administrative,ready,CDLI_Genre,
113006,NEEDS_QID,MLVS 076,tablet,material,P391,P401,wikibase-item,Q471153,Clay,ready,CDLI_Material,
113006,NEEDS_QID,MLVS 076,tablet,inventory_number,P10,P10,string,LB 0076,,ready,cdli_json,
113006,NEEDS_QID,MLVS 076,tablet,finding_spot,P224,P695,wikibase-item,Q389832,Girsu (mod. Tello),ready,provenience_lookup,
145666,NEEDS_QID,"TCS 1, 086",tablet,cdli_id,P223,P692,external-id,P145666,,ready,cdli_json,
145666,NEEDS_QID,"TCS 1, 086",tablet,instance_of,P2,P2,wikibase-item,Q512006,Clay tablet,ready,CDLI_Object,
145666,NEEDS_QID,"TCS 1, 086",tablet,period,P245,P853,wikibase-item,Q512148,Ur III Period,ready,CDLI_Period,
145666,NEEDS_QID,"TCS 1, 086",tablet,language,P18,P18,wikibase-item,Q471149,Sumerian,ready,CDLI_Lang,
145666,NEEDS_QID,"TCS 1, 086",tablet,type_of_work,P126,P121,wikibase-item,Q10510,Letter,ready,CDLI_Genre,
145666,NEEDS_QID,"TCS 1, 086",tablet,material,P391,P401,wikibase-item,Q471153,Clay,ready,CDLI_Material,
145666,NEEDS_QID,"TCS 1, 086",tablet,present_holding,P203,P329,wikibase-item,Q102010,British Museum Collection,ready,museum_FG,
145666,NEEDS_QID,"TCS 1, 086",tablet,inventory_number,P10,P10,string,BM 027830,,ready,cdli_json,
145666,NEEDS_QID,"TCS 1, 086",tablet,finding_spot,P224,P695,wikibase-item,Q389832,Girsu (mod. Tello),ready,provenience_lookup,
468947,NEEDS_QID,"RINAP 5/3, Ashurbanipal 262, ex. 004",barrel,cdli_id,P223,P692,external-id,P468947,,ready,cdli_json,
468947,NEEDS_QID,"RINAP 5/3, Ashurbanipal 262, ex. 004",barrel,instance_of,P2,P2,wikibase-item,Q512006,Clay barrel,ready,CDLI_Object,
468947,NEEDS_QID,"RINAP 5/3, Ashurbanipal 262, ex. 004",barrel,period,P245,P853,wikibase-item,Q512158,Neo-Assyrian Period,ready,CDLI_Period,
468947,NEEDS_QID,"RINAP 5/3, Ashurbanipal 262, ex. 004",barrel,language,P18,P18,wikibase-item,Q471146,Akkadian,ready,CDLI_Lang,
468947,NEEDS_QID,"RINAP 5/3, Ashurbanipal 262, ex. 004",barrel,type_of_work,P126,P121,wikibase-item,Q537039,Official or display,ready,CDLI_Genre|factgrid_upload_table,
468947,NEEDS_QID,"RINAP 5/3, Ashurbanipal 262, ex. 004",barrel,material,P391,P401,wikibase-item,Q471153,Clay,ready,CDLI_Material,
468947,NEEDS_QID,"RINAP 5/3, Ashurbanipal 262, ex. 004",barrel,present_holding,P203,P329,wikibase-item,Q102010,British Museum Collection,ready,museum_FG,
468947,NEEDS_QID,"RINAP 5/3, Ashurbanipal 262, ex. 004",barrel,inventory_number,P10,P10,string,BM 056634,,ready,cdli_json,
468947,NEEDS_QID,"RINAP 5/3, Ashurbanipal 262, ex. 004",barrel,finding_spot,P224,P695,wikibase-item,Q389840,Sippar-Yahrurum (mod. Tell Abu Habbah),ready,provenience_lookup,
144974,NEEDS_QID,"SAT 3, 1774",tablet,cdli_id,P223,P692,external-id,P144974,,ready,cdli_json,
144974,NEEDS_QID,"SAT 3, 1774",tablet,instance_of,P2,P2,wikibase-item,Q512006,Clay tablet,ready,CDLI_Object,
144974,NEEDS_QID,"SAT 3, 1774",tablet,period,P245,P853,wikibase-item,Q512148,Ur III Period,ready,CDLI_Period,
144974,NEEDS_QID,"SAT 3, 1774",tablet,language,P18,P18,wikibase-item,Q471149,Sumerian,ready,CDLI_Lang,
144974,NEEDS_QID,"SAT 3, 1774",tablet,type_of_work,P126,P121,wikibase-item,Q394396,Administrative,ready,CDLI_Genre,
144974,NEEDS_QID,"SAT 3, 1774",tablet,material,P391,P401,wikibase-item,Q471153,Clay,ready,CDLI_Material,
144974,NEEDS_QID,"SAT 3, 1774",tablet,present_holding,P203,P329,wikibase-item,Q511899,Yale Babylonian Collection,ready,museum_FG,
144974,NEEDS_QID,"SAT 3, 1774",tablet,inventory_number,P10,P10,string,YBC 01467,,ready,cdli_json,
144974,NEEDS_QID,"SAT 3, 1774",tablet,finding_spot,P224,P695,wikibase-item,Q389833,Umma (mod. Tell Jokha),ready,provenience_lookup,
334941,NEEDS_QID,ADB 08,tablet,cdli_id,P223,P692,external-id,P334941,,ready,cdli_json,
334941,NEEDS_QID,ADB 08,tablet,instance_of,P2,P2,wikibase-item,Q512006,Clay tablet,ready,CDLI_Object,
334941,NEEDS_QID,ADB 08,tablet,period,P245,P853,wikibase-item,Q512158,Neo-Assyrian Period,ready,CDLI_Period,
334941,NEEDS_QID,ADB 08,tablet,language,P18,P18,wikibase-item,Q471146,Akkadian,ready,CDLI_Lang,
334941,NEEDS_QID,ADB 08,tablet,type_of_work,P126,P121,wikibase-item,Q394396,Administrative,ready,CDLI_Genre,
334941,NEEDS_QID,ADB 08,tablet,material,P391,P401,wikibase-item,Q471153,Clay,ready,CDLI_Material,
334941,NEEDS_QID,ADB 08,tablet,present_holding,P203,P329,wikibase-item,Q102010,British Museum Collection,ready,museum_FG,
334941,NEEDS_QID,ADB 08,tablet,inventory_number,P10,P10,string,BM —,,ready,cdli_json,
334941,NEEDS_QID,ADB 08,tablet,finding_spot,P224,P695,wikibase-item,Q390025,Nīnūa,ready,provenience_lookup,
124375,NEEDS_QID,"OMRO 66, 32 02",tablet,cdli_id,P223,P692,external-id,P124375,,ready,cdli_json,
124375,NEEDS_QID,"OMRO 66, 32 02",tablet,instance_of,P2,P2,wikibase-item,Q512006,Clay tablet,ready,CDLI_Object,
124375,NEEDS_QID,"OMRO 66, 32 02",tablet,period,P245,P853,wikibase-item,Q512148,Ur III Period,ready,CDLI_Period,
124375,NEEDS_QID,"OMRO 66, 32 02",tablet,language,P18,P18,wikibase-item,Q471149,Sumerian,ready,CDLI_Lang,
124375,NEEDS_QID,"OMRO 66, 32 02",tablet,type_of_work,P126,P121,wikibase-item,Q394396,Administrative,ready,CDLI_Genre,
124375,NEEDS_QID,"OMRO 66, 32 02",tablet,material,P391,P401,wikibase-item,Q471153,Clay,ready,CDLI_Material,
124375,NEEDS_QID,"OMRO 66, 32 02",tablet,inventory_number,P10,P10,string,NMA —,,ready,cdli_json,
124375,NEEDS_QID,"OMRO 66, 32 02",tablet,finding_spot,P224,P695,wikibase-item,Q389903,Puzriš-Dagan (mod. Drehem),ready,provenience_lookup,
274882,NEEDS_QID,Anonymous 274882 unpublished unassigned ?,tablet,cdli_id,P223,P692,external-id,P274882,,ready,cdli_json,
274882,NEEDS_QID,Anonymous 274882 unpublished unassigned ?,tablet,instance_of,P2,P2,wikibase-item,Q512006,Clay tablet,ready,CDLI_Object,
274882,NEEDS_QID,Anonymous 274882 unpublished unassigned ?,tablet,period,P245,P853,wikibase-item,Q512144,Old Akkadian Period,ready,CDLI_Period,
274882,NEEDS_QID,Anonymous 274882 unpublished unassigned ?,tablet,language,P18,P18,wikibase-item,Q471149,Sumerian,ready,CDLI_Lang,
274882,NEEDS_QID,Anonymous 274882 unpublished unassigned ?,tablet,type_of_work,P126,P121,wikibase-item,Q394396,Administrative,ready,CDLI_Genre,
274882,NEEDS_QID,Anonymous 274882 unpublished unassigned ?,tablet,material,P391,P401,wikibase-item,Q471153,Clay,ready,CDLI_Material,
274882,NEEDS_QID,Anonymous 274882 unpublished unassigned ?,tablet,inventory_number,P10,P10,string,Anonymous 274882,,ready,cdli_json,
225927,NEEDS_QID,"OIP 099, 049",tablet,cdli_id,P223,P692,external-id,P225927,,ready,cdli_json,
225927,NEEDS_QID,"OIP 099, 049",tablet,instance_of,P2,P2,wikibase-item,Q512006,Clay tablet,ready,CDLI_Object,
225927,NEEDS_QID,"OIP 099, 049",tablet,period,P245,P853,wikibase-item,Q512140,ED IIIa,ready,CDLI_Period,
225927,NEEDS_QID,"OIP 099, 049",tablet,type_of_work,P126,P121,wikibase-item,Q537054,Lexical,ready,CDLI_Genre,
225927,NEEDS_QID,"OIP 099, 049",tablet,material,P391,P401,wikibase-item,Q471153,Clay,ready,CDLI_Material,
225927,NEEDS_QID,"OIP 099, 049",tablet,present_holding,P203,P329,wikibase-item,Q511874,Iraq Museum,ready,museum_FG,
225927,NEEDS_QID,"OIP 099, 049",tablet,inventory_number,P10,P10,string,IM —,,ready,cdli_json,
225927,NEEDS_QID,"OIP 099, 049",tablet,finding_spot,P224,P695,wikibase-item,Q389843,Tell Abu Salabikh,ready,provenience_lookup,
437110,NEEDS_QID,"KBo 26, 047",tablet,cdli_id,P223,P692,external-id,P437110,,ready,cdli_json,
437110,NEEDS_QID,"KBo 26, 047",tablet,instance_of,P2,P2,wikibase-item,Q512006,Clay tablet,ready,CDLI_Object,
437110,NEEDS_QID,"KBo 26, 047",tablet,period,P245,P853,wikibase-item,Q512153,Middle Hittite Period,ready,CDLI_Period,
437110,NEEDS_QID,"KBo 26, 047",tablet,language,P18,P18,wikibase-item,Q500429,Hittite,ready,CDLI_Lang,
437110,NEEDS_QID,"KBo 26, 047",tablet,type_of_work,P126,P121,wikibase-item,Q537054,Lexical,ready,CDLI_Genre,
437110,NEEDS_QID,"KBo 26, 047",tablet,material,P391,P401,wikibase-item,Q471153,Clay,ready,CDLI_Material,
437110,NEEDS_QID,"KBo 26, 047",tablet,inventory_number,P10,P10,string,1986/u,,ready,cdli_json,
437110,NEEDS_QID,"KBo 26, 047",tablet,finding_spot,P224,P695,wikibase-item,Q389658,Ḫattusa (mod. Boğazkale),ready,provenience_lookup,
532070,NEEDS_QID,"Pots and Potteres of Assyria, 559",tablet,cdli_id,P223,P692,external-id,P532070,,ready,cdli_json,
532070,NEEDS_QID,"Pots and Potteres of Assyria, 559",tablet,instance_of,P2,P2,wikibase-item,Q512006,Clay tablet,ready,CDLI_Object,
532070,NEEDS_QID,"Pots and Potteres of Assyria, 559",tablet,period,P245,P853,wikibase-item,Q512155,Middle Assyrian Period,ready,CDLI_Period,
532070,NEEDS_QID,"Pots and Potteres of Assyria, 559",tablet,language,P18,P18,wikibase-item,Q471146,Middle Assyrian,ready,CDLI_Lang,
532070,NEEDS_QID,"Pots and Potteres of Assyria, 559",tablet,type_of_work,P126,P121,wikibase-item,Q394396,Administrative,ready,CDLI_Genre,
532070,NEEDS_QID,"Pots and Potteres of Assyria, 559",tablet,material,P391,P401,wikibase-item,Q471153,Clay,ready,CDLI_Material,
130273,NEEDS_QID,SNAT 513,tablet,cdli_id,P223,P692,external-id,P130273,,ready,cdli_json,
130273,NEEDS_QID,SNAT 513,tablet,instance_of,P2,P2,wikibase-item,Q512006,Clay tablet,ready,CDLI_Object,
130273,NEEDS_QID,SNAT 513,tablet,period,P245,P853,wikibase-item,Q512148,Ur III Period,ready,CDLI_Period,
130273,NEEDS_QID,SNAT 513,tablet,language,P18,P18,wikibase-item,Q471149,Sumerian,ready,CDLI_Lang,
130273,NEEDS_QID,SNAT 513,tablet,type_of_work,P126,P121,wikibase-item,Q394396,Administrative,ready,CDLI_Genre,
130273,NEEDS_QID,SNAT 513,tablet,material,P391,P401,wikibase-item,Q471153,Clay,ready,CDLI_Material,
130273,NEEDS_QID,SNAT 513,tablet,present_holding,P203,P329,wikibase-item,Q102010,British Museum Collection,ready,museum_FG,
130273,NEEDS_QID,SNAT 513,tablet,inventory_number,P10,P10,string,BM 106183,,ready,cdli_json,
130273,NEEDS_QID,SNAT 513,tablet,finding_spot,P224,P695,wikibase-item,Q389833,Umma (mod. Tell Jokha),ready,provenience_lookup,
259305,NEEDS_QID,"CDLI Literary 000557, ex. 001",tablet,cdli_id,P223,P692,external-id,P259305,,ready,cdli_json,
259305,NEEDS_QID,"CDLI Literary 000557, ex. 001",tablet,instance_of,P2,P2,wikibase-item,Q512006,Clay tablet,ready,CDLI_Object,
259305,NEEDS_QID,"CDLI Literary 000557, ex. 001",tablet,period,P245,P853,wikibase-item,Q512152,Old Babylonian Period,ready,CDLI_Period,
259305,NEEDS_QID,"CDLI Literary 000557, ex. 001",tablet,language,P18,P18,wikibase-item,Q471149,Sumerian,ready,CDLI_Lang,
259305,NEEDS_QID,"CDLI Literary 000557, ex. 001",tablet,type_of_work,P126,P121,wikibase-item,Q245823,Literary letter and letter-prayer,ready,CDLI_Genre|factgrid_upload_table,
259305,NEEDS_QID,"CDLI Literary 000557, ex. 001",tablet,material,P391,P401,wikibase-item,Q471153,Clay,ready,CDLI_Material,
259305,NEEDS_QID,"CDLI Literary 000557, ex. 001",tablet,present_holding,P203,P329,wikibase-item,Q511892,"Penn Museum, Philadelphia, Pennsylvania, USA",ready,museum_FG|factgrid_upload_table,
259305,NEEDS_QID,"CDLI Literary 000557, ex. 001",tablet,inventory_number,P10,P10,string,CBS 02272,,ready,cdli_json,
259305,NEEDS_QID,"CDLI Literary 000557, ex. 001",tablet,finding_spot,P224,P695,wikibase-item,Q390017,Nippur (mod. Nuffar),ready,provenience_lookup,
107100,NEEDS_QID,BM Messenger 221,tablet,cdli_id,P223,P692,external-id,P107100,,ready,cdli_json,
107100,NEEDS_QID,BM Messenger 221,tablet,instance_of,P2,P2,wikibase-item,Q512006,Clay tablet,ready,CDLI_Object,
107100,NEEDS_QID,BM Messenger 221,tablet,period,P245,P853,wikibase-item,Q512148,Ur III Period,ready,CDLI_Period,
107100,NEEDS_QID,BM Messenger 221,tablet,language,P18,P18,wikibase-item,Q471149,Sumerian,ready,CDLI_Lang,
107100,NEEDS_QID,BM Messenger 221,tablet,type_of_work,P126,P121,wikibase-item,Q394396,Administrative,ready,CDLI_Genre,
107100,NEEDS_QID,BM Messenger 221,tablet,material,P391,P401,wikibase-item,Q471153,Clay,ready,CDLI_Material,
107100,NEEDS_QID,BM Messenger 221,tablet,present_holding,P203,P329,wikibase-item,Q102010,British Museum Collection,ready,museum_FG,
107100,NEEDS_QID,BM Messenger 221,tablet,inventory_number,P10,P10,string,BM 020176,,ready,cdli_json,
107100,NEEDS_QID,BM Messenger 221,tablet,finding_spot,P224,P695,wikibase-item,Q389832,Girsu (mod. Tello),ready,provenience_lookup,
326090,NEEDS_QID,"CUSAS 11, 060",tablet,cdli_id,P223,P692,external-id,P326090,,ready,cdli_json,
326090,NEEDS_QID,"CUSAS 11, 060",tablet,instance_of,P2,P2,wikibase-item,Q512006,Clay tablet,ready,CDLI_Object,
326090,NEEDS_QID,"CUSAS 11, 060",tablet,period,P245,P853,wikibase-item,Q512142,ED IIIb,ready,CDLI_Period,
326090,NEEDS_QID,"CUSAS 11, 060",tablet,language,P18,P18,wikibase-item,Q471149,Sumerian,ready,CDLI_Lang,
326090,NEEDS_QID,"CUSAS 11, 060",tablet,type_of_work,P126,P121,wikibase-item,Q394396,Administrative,ready,CDLI_Genre,
326090,NEEDS_QID,"CUSAS 11, 060",tablet,material,P391,P401,wikibase-item,Q471153,Clay,ready,CDLI_Material,
326090,NEEDS_QID,"CUSAS 11, 060",tablet,inventory_number,P10,P10,string,CUNES 52-08-044,,ready,cdli_json,
326090,NEEDS_QID,"CUSAS 11, 060",tablet,finding_spot,P224,P695,wikibase-item,Q389603,Adab (mod. Bismaya),ready,provenience_lookup,
224635,NEEDS_QID,"CTN 2, 224",tablet,cdli_id,P223,P692,external-id,P224635,,ready,cdli_json,
224635,NEEDS_QID,"CTN 2, 224",tablet,instance_of,P2,P2,wikibase-item,Q512006,Clay tablet,ready,CDLI_Object,
224635,NEEDS_QID,"CTN 2, 224",tablet,period,P245,P853,wikibase-item,Q512158,Neo-Assyrian Period,ready,CDLI_Period,
224635,NEEDS_QID,"CTN 2, 224",tablet,language,P18,P18,wikibase-item,Q471146,Akkadian,ready,CDLI_Lang,
224635,NEEDS_QID,"CTN 2, 224",tablet,type_of_work,P126,P121,wikibase-item,Q394396,Administrative,ready,CDLI_Genre,
224635,NEEDS_QID,"CTN 2, 224",tablet,material,P391,P401,wikibase-item,Q471153,Clay,ready,CDLI_Material,
224635,NEEDS_QID,"CTN 2, 224",tablet,present_holding,P203,P329,wikibase-item,Q511874,Iraq Museum,ready,museum_FG,
224635,NEEDS_QID,"CTN 2, 224",tablet,inventory_number,P10,P10,string,IM lidars,,ready,cdli_json,
224635,NEEDS_QID,"CTN 2, 224",tablet,finding_spot,P224,P695,wikibase-item,Q390020,Nimrud,ready,provenience_lookup,
124660,NEEDS_QID,"Orient 16, 048 33",tablet,cdli_id,P223,P692,external-id,P124660,,ready,cdli_json,
124660,NEEDS_QID,"Orient 16, 048 33",tablet,instance_of,P2,P2,wikibase-item,Q512006,Clay tablet,ready,CDLI_Object,
124660,NEEDS_QID,"Orient 16, 048 33",tablet,period,P245,P853,wikibase-item,Q512148,Ur III Period,ready,CDLI_Period,
124660,NEEDS_QID,"Orient 16, 048 33",tablet,language,P18,P18,wikibase-item,Q471149,Sumerian,ready,CDLI_Lang,
124660,NEEDS_QID,"Orient 16, 048 33",tablet,type_of_work,P126,P121,wikibase-item,Q394396,Administrative,ready,CDLI_Genre,
124660,NEEDS_QID,"Orient 16, 048 33",tablet,material,P391,P401,wikibase-item,Q471153,Clay,ready,CDLI_Material,
124660,NEEDS_QID,"Orient 16, 048 33",tablet,present_holding,P203,P329,wikibase-item,Q511940,"World Museum, Liverpool Collection",ready,museum_FG,
124660,NEEDS_QID,"Orient 16, 048 33",tablet,inventory_number,P10,P10,string,WML 51.63.060,,ready,cdli_json,
124660,NEEDS_QID,"Orient 16, 048 33",tablet,finding_spot,P224,P695,wikibase-item,Q389903,Puzriš-Dagan (mod. Drehem),ready,provenience_lookup,
323768,NEEDS_QID,"CUSAS 13, 203",tablet,cdli_id,P223,P692,external-id,P323768,,ready,cdli_json,
323768,NEEDS_QID,"CUSAS 13, 203",tablet,instance_of,P2,P2,wikibase-item,Q512006,Clay tablet,ready,CDLI_Object,
323768,NEEDS_QID,"CUSAS 13, 203",tablet,period,P245,P853,wikibase-item,Q512144,Old Akkadian Period,ready,CDLI_Period,
323768,NEEDS_QID,"CUSAS 13, 203",tablet,type_of_work,P126,P121,wikibase-item,Q394396,Administrative,ready,CDLI_Genre,
323768,NEEDS_QID,"CUSAS 13, 203",tablet,material,P391,P401,wikibase-item,Q471153,Clay,ready,CDLI_Material,
323768,NEEDS_QID,"CUSAS 13, 203",tablet,inventory_number,P10,P10,string,CUNES 49-12-012,,ready,cdli_json,
356668,NEEDS_QID,"CDLI Literary 000751, ex. 046",tablet,cdli_id,P223,P692,external-id,P356668,,ready,cdli_json,
356668,NEEDS_QID,"CDLI Literary 000751, ex. 046",tablet,instance_of,P2,P2,wikibase-item,Q512006,Clay tablet,ready,CDLI_Object,
356668,NEEDS_QID,"CDLI Literary 000751, ex. 046",tablet,period,P245,P853,wikibase-item,Q512152,Old Babylonian Period,ready,CDLI_Period,
356668,NEEDS_QID,"CDLI Literary 000751, ex. 046",tablet,language,P18,P18,wikibase-item,Q471149,Sumerian,ready,CDLI_Lang,
356668,NEEDS_QID,"CDLI Literary 000751, ex. 046",tablet,type_of_work,P126,P121,wikibase-item,Q245823,Literary,ready,CDLI_Genre,
356668,NEEDS_QID,"CDLI Literary 000751, ex. 046",tablet,material,P391,P401,wikibase-item,Q471153,Clay,ready,CDLI_Material,
356668,NEEDS_QID,"CDLI Literary 000751, ex. 046",tablet,present_holding,P203,P329,wikibase-item,Q511874,Iraq Museum,ready,museum_FG,
356668,NEEDS_QID,"CDLI Literary 000751, ex. 046",tablet,inventory_number,P10,P10,string,IM 058457,,ready,cdli_json,
356668,NEEDS_QID,"CDLI Literary 000751, ex. 046",tablet,finding_spot,P224,P695,wikibase-item,Q390017,Nippur (mod. Nuffar),ready,provenience_lookup,
200690,NEEDS_QID,"JANES 18, 50 29",tablet,cdli_id,P223,P692,external-id,P200690,,ready,cdli_json,
200690,NEEDS_QID,"JANES 18, 50 29",tablet,instance_of,P2,P2,wikibase-item,Q512006,Clay tablet,ready,CDLI_Object,
200690,NEEDS_QID,"JANES 18, 50 29",tablet,period,P245,P853,wikibase-item,Q512150,Early Old Babylonian Period,ready,CDLI_Period,
200690,NEEDS_QID,"JANES 18, 50 29",tablet,language,P18,P18,wikibase-item,Q471149,Sumerian,ready,CDLI_Lang,
200690,NEEDS_QID,"JANES 18, 50 29",tablet,type_of_work,P126,P121,wikibase-item,Q394396,Administrative,ready,CDLI_Genre,
200690,NEEDS_QID,"JANES 18, 50 29",tablet,material,P391,P401,wikibase-item,Q471153,Clay,ready,CDLI_Material,
200690,NEEDS_QID,"JANES 18, 50 29",tablet,present_holding,P203,P329,wikibase-item,Q511904,"Institute for the Study of Ancient Cultures West Asia & North Africa Museum, Chicago, Illinois, USA",ready,museum_FG|factgrid_upload_table,
200690,NEEDS_QID,"JANES 18, 50 29",tablet,inventory_number,P10,P10,string,OIM A30001,,ready,cdli_json,
200690,NEEDS_QID,"JANES 18, 50 29",tablet,finding_spot,P224,P695,wikibase-item,Q390017,Nippur (mod. Nuffar),ready,provenience_lookup,
121198,NEEDS_QID,NATN 500,tablet,cdli_id,P223,P692,external-id,P121198,,ready,cdli_json,
121198,NEEDS_QID,NATN 500,tablet,instance_of,P2,P2,wikibase-item,Q512006,Clay tablet,ready,CDLI_Object,
121198,NEEDS_QID,NATN 500,tablet,period,P245,P853,wikibase-item,Q512148,Ur III Period,ready,CDLI_Period,
121198,NEEDS_QID,NATN 500,tablet,language,P18,P18,wikibase-item,Q471149,Sumerian,ready,CDLI_Lang,
121198,NEEDS_QID,NATN 500,tablet,type_of_work,P126,P121,wikibase-item,Q394396,Administrative,ready,CDLI_Genre,
121198,NEEDS_QID,NATN 500,tablet,material,P391,P401,wikibase-item,Q471153,Clay,ready,CDLI_Material,
121198,NEEDS_QID,NATN 500,tablet,present_holding,P203,P329,wikibase-item,Q511892,"Penn Museum, Philadelphia, Pennsylvania, USA",ready,museum_FG|factgrid_upload_table,
121198,NEEDS_QID,NATN 500,tablet,inventory_number,P10,P10,string,CBS 14405,,ready,cdli_json,
121198,NEEDS_QID,NATN 500,tablet,finding_spot,P224,P695,wikibase-item,Q390017,Nippur (mod. Nuffar),ready,provenience_lookup,
253708,NEEDS_QID,"CUSAS 03, 1518",tablet,cdli_id,P223,P692,external-id,P253708,,ready,cdli_json,
253708,NEEDS_QID,"CUSAS 03, 1518",tablet,instance_of,P2,P2,wikibase-item,Q512006,Clay tablet,ready,CDLI_Object,
253708,NEEDS_QID,"CUSAS 03, 1518",tablet,period,P245,P853,wikibase-item,Q512148,Ur III Period,ready,CDLI_Period,
253708,NEEDS_QID,"CUSAS 03, 1518",tablet,language,P18,P18,wikibase-item,Q471149,Sumerian,ready,CDLI_Lang,
253708,NEEDS_QID,"CUSAS 03, 1518",tablet,type_of_work,P126,P121,wikibase-item,Q394396,Receipt,ready,CDLI_Genre|factgrid_upload_table,
253708,NEEDS_QID,"CUSAS 03, 1518",tablet,material,P391,P401,wikibase-item,Q471153,Clay,ready,CDLI_Material,
253708,NEEDS_QID,"CUSAS 03, 1518",tablet,inventory_number,P10,P10,string,MS 4698,,ready,cdli_json,
253708,NEEDS_QID,"CUSAS 03, 1518",tablet,finding_spot,P224,P695,wikibase-item,Q389888,Garšana (mod. uncertain),ready,provenience_lookup,
375108,NEEDS_QID,"RSO 89, 066 no. 4",tablet,cdli_id,P223,P692,external-id,P375108,,ready,cdli_json,
375108,NEEDS_QID,"RSO 89, 066 no. 4",tablet,instance_of,P2,P2,wikibase-item,Q512006,Clay tablet,ready,CDLI_Object,
375108,NEEDS_QID,"RSO 89, 066 no. 4",tablet,period,P245,P853,wikibase-item,Q512148,Ur III Period,ready,CDLI_Period,
375108,NEEDS_QID,"RSO 89, 066 no. 4",tablet,language,P18,P18,wikibase-item,Q471149,Sumerian,ready,CDLI_Lang,
375108,NEEDS_QID,"RSO 89, 066 no. 4",tablet,type_of_work,P126,P121,wikibase-item,Q10510,Letter,ready,CDLI_Genre,
375108,NEEDS_QID,"RSO 89, 066 no. 4",tablet,material,P391,P401,wikibase-item,Q471153,Clay,ready,CDLI_Material,
375108,NEEDS_QID,"RSO 89, 066 no. 4",tablet,present_holding,P203,P329,wikibase-item,Q102010,British Museum Collection,ready,museum_FG,
375108,NEEDS_QID,"RSO 89, 066 no. 4",tablet,inventory_number,P10,P10,string,BM 094972,,ready,cdli_json,
375108,NEEDS_QID,"RSO 89, 066 no. 4",tablet,finding_spot,P224,P695,wikibase-item,Q389832,Girsu (mod. Tello),ready,provenience_lookup,
251735,NEEDS_QID,"CDLI Lexical 000014, ex. 006",tablet,cdli_id,P223,P692,external-id,P251735,,ready,cdli_json,
251735,NEEDS_QID,"CDLI Lexical 000014, ex. 006",tablet,instance_of,P2,P2,wikibase-item,Q512006,Clay tablet,ready,CDLI_Object,
251735,NEEDS_QID,"CDLI Lexical 000014, ex. 006",tablet,period,P245,P853,wikibase-item,Q512144,Old Akkadian Period,ready,CDLI_Period,
251735,NEEDS_QID,"CDLI Lexical 000014, ex. 006",tablet,language,P18,P18,wikibase-item,Q471149,Sumerian,ready,CDLI_Lang,
251735,NEEDS_QID,"CDLI Lexical 000014, ex. 006",tablet,type_of_work,P126,P121,wikibase-item,Q537054,Lexical,ready,CDLI_Genre,
251735,NEEDS_QID,"CDLI Lexical 000014, ex. 006",tablet,material,P391,P401,wikibase-item,Q471153,Clay,ready,CDLI_Material,
251735,NEEDS_QID,"CDLI Lexical 000014, ex. 006",tablet,inventory_number,P10,P10,string,MS 2722,,ready,cdli_json,
510802,NEEDS_QID,"AbB 13, 084",tablet,cdli_id,P223,P692,external-id,P510802,,ready,cdli_json,
510802,NEEDS_QID,"AbB 13, 084",tablet,instance_of,P2,P2,wikibase-item,Q512006,Clay tablet,ready,CDLI_Object,
510802,NEEDS_QID,"AbB 13, 084",tablet,period,P245,P853,wikibase-item,Q512152,Old Babylonian Period,ready,CDLI_Period,
510802,NEEDS_QID,"AbB 13, 084",tablet,language,P18,P18,wikibase-item,Q471146,Akkadian,ready,CDLI_Lang,
510802,NEEDS_QID,"AbB 13, 084",tablet,type_of_work,P126,P121,wikibase-item,Q10510,Letter,ready,CDLI_Genre,
510802,NEEDS_QID,"AbB 13, 084",tablet,material,P391,P401,wikibase-item,Q471153,Clay,ready,CDLI_Material,
510802,NEEDS_QID,"AbB 13, 084",tablet,present_holding,P203,P329,wikibase-item,Q102010,British Museum Collection,ready,museum_FG,
510802,NEEDS_QID,"AbB 13, 084",tablet,inventory_number,P10,P10,string,BM 079931,,ready,cdli_json,
510802,NEEDS_QID,"AbB 13, 084",tablet,finding_spot,P224,P695,wikibase-item,Q389858,Sippar-Amnanum (mod. Tell ed-Der),ready,provenience_lookup,
138643,NEEDS_QID,"UET 9, 0512",tablet,cdli_id,P223,P692,external-id,P138643,,ready,cdli_json,
138643,NEEDS_QID,"UET 9, 0512",tablet,instance_of,P2,P2,wikibase-item,Q512006,Clay tablet,ready,CDLI_Object,
138643,NEEDS_QID,"UET 9, 0512",tablet,period,P245,P853,wikibase-item,Q512148,Ur III Period,ready,CDLI_Period,
138643,NEEDS_QID,"UET 9, 0512",tablet,language,P18,P18,wikibase-item,Q471149,Sumerian,ready,CDLI_Lang,
138643,NEEDS_QID,"UET 9, 0512",tablet,type_of_work,P126,P121,wikibase-item,Q394396,Administrative,ready,CDLI_Genre,
138643,NEEDS_QID,"UET 9, 0512",tablet,material,P391,P401,wikibase-item,Q471153,Clay,ready,CDLI_Material,
138643,NEEDS_QID,"UET 9, 0512",tablet,present_holding,P203,P329,wikibase-item,Q511874,Iraq Museum,ready,museum_FG,
138643,NEEDS_QID,"UET 9, 0512",tablet,inventory_number,P10,P10,string,IM — ?,,ready,cdli_json,
138643,NEEDS_QID,"UET 9, 0512",tablet,finding_spot,P224,P695,wikibase-item,Q389877,Ur (mod. Tell Muqayyar),ready,provenience_lookup,
113513,NEEDS_QID,"MVN 02, 214",tablet,cdli_id,P223,P692,external-id,P113513,,ready,cdli_json,
113513,NEEDS_QID,"MVN 02, 214",tablet,instance_of,P2,P2,wikibase-item,Q512006,Clay tablet,ready,CDLI_Object,
113513,NEEDS_QID,"MVN 02, 214",tablet,period,P245,P853,wikibase-item,Q512148,Ur III Period,ready,CDLI_Period,
113513,NEEDS_QID,"MVN 02, 214",tablet,language,P18,P18,wikibase-item,Q471149,Sumerian,ready,CDLI_Lang,
113513,NEEDS_QID,"MVN 02, 214",tablet,type_of_work,P126,P121,wikibase-item,Q394396,Administrative,ready,CDLI_Genre,
113513,NEEDS_QID,"MVN 02, 214",tablet,material,P391,P401,wikibase-item,Q471153,Clay,ready,CDLI_Material,
113513,NEEDS_QID,"MVN 02, 214",tablet,inventory_number,P10,P10,string,MAH 16554,,ready,cdli_json,
113513,NEEDS_QID,"MVN 02, 214",tablet,finding_spot,P224,P695,wikibase-item,Q389832,Girsu (mod. Tello),ready,provenience_lookup,
332483,NEEDS_QID,"CUSAS 03, 1298",tablet,cdli_id,P223,P692,external-id,P332483,,ready,cdli_json,
332483,NEEDS_QID,"CUSAS 03, 1298",tablet,instance_of,P2,P2,wikibase-item,Q512006,Clay tablet,ready,CDLI_Object,
332483,NEEDS_QID,"CUSAS 03, 1298",tablet,period,P245,P853,wikibase-item,Q512148,Ur III Period,ready,CDLI_Period,
332483,NEEDS_QID,"CUSAS 03, 1298",tablet,language,P18,P18,wikibase-item,Q471149,Sumerian,ready,CDLI_Lang,
332483,NEEDS_QID,"CUSAS 03, 1298",tablet,type_of_work,P126,P121,wikibase-item,Q394396,Administrative,ready,CDLI_Genre,
332483,NEEDS_QID,"CUSAS 03, 1298",tablet,material,P391,P401,wikibase-item,Q471153,Clay,ready,CDLI_Material,
332483,NEEDS_QID,"CUSAS 03, 1298",tablet,inventory_number,P10,P10,string,Vanderroost-Tallon 2,,ready,cdli_json,
332483,NEEDS_QID,"CUSAS 03, 1298",tablet,finding_spot,P224,P695,wikibase-item,Q389833,Umma (mod. Tell Jokha),ready,provenience_lookup,
230226,NEEDS_QID,N 6133,tablet,cdli_id,P223,P692,external-id,P230226,,ready,cdli_json,
230226,NEEDS_QID,N 6133,tablet,instance_of,P2,P2,wikibase-item,Q512006,Clay tablet,ready,CDLI_Object,
230226,NEEDS_QID,N 6133,tablet,period,P245,P853,wikibase-item,Q512152,Old Babylonian Period,ready,CDLI_Period,
230226,NEEDS_QID,N 6133,tablet,type_of_work,P126,P121,wikibase-item,Q537054,Lexical,ready,CDLI_Genre,
230226,NEEDS_QID,N 6133,tablet,material,P391,P401,wikibase-item,Q471153,Clay,ready,CDLI_Material,
230226,NEEDS_QID,N 6133,tablet,present_holding,P203,P329,wikibase-item,Q511892,"Penn Museum, Philadelphia, Pennsylvania, USA",ready,museum_FG|factgrid_upload_table,
230226,NEEDS_QID,N 6133,tablet,inventory_number,P10,P10,string,N 6133,,ready,cdli_json,
230226,NEEDS_QID,N 6133,tablet,finding_spot,P224,P695,wikibase-item,Q390017,Nippur (mod. Nuffar),ready,provenience_lookup,
335346,NEEDS_QID,ADD 0403,tablet,cdli_id,P223,P692,external-id,P335346,,ready,cdli_json,
335346,NEEDS_QID,ADD 0403,tablet,instance_of,P2,P2,wikibase-item,Q512006,Clay tablet,ready,CDLI_Object,
335346,NEEDS_QID,ADD 0403,tablet,period,P245,P853,wikibase-item,Q512158,Neo-Assyrian Period,ready,CDLI_Period,
335346,NEEDS_QID,ADD 0403,tablet,language,P18,P18,wikibase-item,Q471146,Akkadian,ready,CDLI_Lang,
335346,NEEDS_QID,ADD 0403,tablet,material,P391,P401,wikibase-item,Q471153,Clay,ready,CDLI_Material,
335346,NEEDS_QID,ADD 0403,tablet,present_holding,P203,P329,wikibase-item,Q102010,British Museum Collection,ready,museum_FG,
335346,NEEDS_QID,ADD 0403,tablet,inventory_number,P10,P10,string,BM —,,ready,cdli_json,
335346,NEEDS_QID,ADD 0403,tablet,finding_spot,P224,P695,wikibase-item,Q390025,Nīnūa,ready,provenience_lookup,
363526,NEEDS_QID,"CTN 4, 112",tablet,cdli_id,P223,P692,external-id,P363526,,ready,cdli_json,
363526,NEEDS_QID,"CTN 4, 112",tablet,instance_of,P2,P2,wikibase-item,Q512006,Clay tablet,ready,CDLI_Object,
363526,NEEDS_QID,"CTN 4, 112",tablet,period,P245,P853,wikibase-item,Q512158,Neo-Assyrian Period,ready,CDLI_Period,
363526,NEEDS_QID,"CTN 4, 112",tablet,language,P18,P18,wikibase-item,Q471146,Akkadian,ready,CDLI_Lang,
363526,NEEDS_QID,"CTN 4, 112",tablet,type_of_work,P126,P121,wikibase-item,Q10315,Prayer,ready,CDLI_Genre,
363526,NEEDS_QID,"CTN 4, 112",tablet,material,P391,P401,wikibase-item,Q471153,Clay,ready,CDLI_Material,
363526,NEEDS_QID,"CTN 4, 112",tablet,present_holding,P203,P329,wikibase-item,Q511874,Iraq Museum,ready,museum_FG,
363526,NEEDS_QID,"CTN 4, 112",tablet,inventory_number,P10,P10,string,IM 067604,,ready,cdli_json,
363526,NEEDS_QID,"CTN 4, 112",tablet,finding_spot,P224,P695,wikibase-item,Q390020,Nimrud,ready,provenience_lookup,
348676,NEEDS_QID,"SpTU 3, 073",tablet,cdli_id,P223,P692,external-id,P348676,,ready,cdli_json,
348676,NEEDS_QID,"SpTU 3, 073",tablet,instance_of,P2,P2,wikibase-item,Q512006,Clay tablet,ready,CDLI_Object,
348676,NEEDS_QID,"SpTU 3, 073",tablet,period,P245,P853,wikibase-item,Q512164,Hellenistic Period,ready,CDLI_Period,
348676,NEEDS_QID,"SpTU 3, 073",tablet,material,P391,P401,wikibase-item,Q471153,Clay,ready,CDLI_Material,
348676,NEEDS_QID,"SpTU 3, 073",tablet,present_holding,P203,P329,wikibase-item,Q511874,Iraq Museum,ready,museum_FG,
348676,NEEDS_QID,"SpTU 3, 073",tablet,inventory_number,P10,P10,string,IM —,,ready,cdli_json,
348676,NEEDS_QID,"SpTU 3, 073",tablet,finding_spot,P224,P695,wikibase-item,Q390030,Uruk (mod. Warka),ready,provenience_lookup,
116711,NEEDS_QID,"MVN 12, 449",tablet,cdli_id,P223,P692,external-id,P116711,,ready,cdli_json,
116711,NEEDS_QID,"MVN 12, 449",tablet,instance_of,P2,P2,wikibase-item,Q512006,Clay tablet,ready,CDLI_Object,
116711,NEEDS_QID,"MVN 12, 449",tablet,period,P245,P853,wikibase-item,Q512148,Ur III Period,ready,CDLI_Period,
116711,NEEDS_QID,"MVN 12, 449",tablet,language,P18,P18,wikibase-item,Q471149,Sumerian,ready,CDLI_Lang,
116711,NEEDS_QID,"MVN 12, 449",tablet,type_of_work,P126,P121,wikibase-item,Q394396,Administrative,ready,CDLI_Genre,
116711,NEEDS_QID,"MVN 12, 449",tablet,material,P391,P401,wikibase-item,Q471153,Clay,ready,CDLI_Material,
116711,NEEDS_QID,"MVN 12, 449",tablet,present_holding,P203,P329,wikibase-item,Q102010,British Museum Collection,ready,museum_FG,
116711,NEEDS_QID,"MVN 12, 449",tablet,inventory_number,P10,P10,string,BM 016320,,ready,cdli_json,
116711,NEEDS_QID,"MVN 12, 449",tablet,finding_spot,P224,P695,wikibase-item,Q389832,Girsu (mod. Tello),ready,provenience_lookup,
140171,NEEDS_QID,"UTI 3, 2152",tablet,cdli_id,P223,P692,external-id,P140171,,ready,cdli_json,
140171,NEEDS_QID,"UTI 3, 2152",tablet,instance_of,P2,P2,wikibase-item,Q512006,Clay tablet,ready,CDLI_Object,
140171,NEEDS_QID,"UTI 3, 2152",tablet,period,P245,P853,wikibase-item,Q512148,Ur III Period,ready,CDLI_Period,
140171,NEEDS_QID,"UTI 3, 2152",tablet,language,P18,P18,wikibase-item,Q471149,Sumerian,ready,CDLI_Lang,
140171,NEEDS_QID,"UTI 3, 2152",tablet,type_of_work,P126,P121,wikibase-item,Q394396,Administrative,ready,CDLI_Genre,
140171,NEEDS_QID,"UTI 3, 2152",tablet,material,P391,P401,wikibase-item,Q471153,Clay,ready,CDLI_Material,
140171,NEEDS_QID,"UTI 3, 2152",tablet,present_holding,P203,P329,wikibase-item,Q511898,Istanbul Archaeology Museum,ready,museum_FG,
140171,NEEDS_QID,"UTI 3, 2152",tablet,inventory_number,P10,P10,string,Ist Um 2152,,ready,cdli_json,
140171,NEEDS_QID,"UTI 3, 2152",tablet,finding_spot,P224,P695,wikibase-item,Q389833,Umma (mod. Tell Jokha),ready,provenience_lookup,
145689,NEEDS_QID,"TCS 1, 154",tablet,cdli_id,P223,P692,external-id,P145689,,ready,cdli_json,
145689,NEEDS_QID,"TCS 1, 154",tablet,instance_of,P2,P2,wikibase-item,Q512006,Clay tablet,ready,CDLI_Object,
145689,NEEDS_QID,"TCS 1, 154",tablet,period,P245,P853,wikibase-item,Q512148,Ur III Period,ready,CDLI_Period,
145689,NEEDS_QID,"TCS 1, 154",tablet,language,P18,P18,wikibase-item,Q471149,Sumerian,ready,CDLI_Lang,
145689,NEEDS_QID,"TCS 1, 154",tablet,type_of_work,P126,P121,wikibase-item,Q10510,Letter,ready,CDLI_Genre,
145689,NEEDS_QID,"TCS 1, 154",tablet,material,P391,P401,wikibase-item,Q471153,Clay,ready,CDLI_Material,
145689,NEEDS_QID,"TCS 1, 154",tablet,inventory_number,P10,P10,string,Duroc-Danner 1,,ready,cdli_json,
332179,NEEDS_QID,"PPAC 4, 267",tablet,cdli_id,P223,P692,external-id,P332179,,ready,cdli_json,
332179,NEEDS_QID,"PPAC 4, 267",tablet,instance_of,P2,P2,wikibase-item,Q512006,Clay tablet,ready,CDLI_Object,
332179,NEEDS_QID,"PPAC 4, 267",tablet,period,P245,P853,wikibase-item,Q512148,Ur III Period,ready,CDLI_Period,
332179,NEEDS_QID,"PPAC 4, 267",tablet,language,P18,P18,wikibase-item,Q471149,Sumerian,ready,CDLI_Lang,
332179,NEEDS_QID,"PPAC 4, 267",tablet,type_of_work,P126,P121,wikibase-item,Q394396,Administrative,ready,CDLI_Genre,
332179,NEEDS_QID,"PPAC 4, 267",tablet,material,P391,P401,wikibase-item,Q471153,Clay,ready,CDLI_Material,
332179,NEEDS_QID,"PPAC 4, 267",tablet,inventory_number,P10,P10,string,SE 027,,ready,cdli_json,
332179,NEEDS_QID,"PPAC 4, 267",tablet,finding_spot,P224,P695,wikibase-item,Q389832,Girsu (mod. Tello),ready,provenience_lookup,
237019,NEEDS_QID,RMA 262d,tablet,cdli_id,P223,P692,external-id,P237019,,ready,cdli_json,
237019,NEEDS_QID,RMA 262d,tablet,instance_of,P2,P2,wikibase-item,Q512006,Clay tablet,ready,CDLI_Object,
237019,NEEDS_QID,RMA 262d,tablet,period,P245,P853,wikibase-item,Q512158,Neo-Assyrian Period,ready,CDLI_Period,
237019,NEEDS_QID,RMA 262d,tablet,language,P18,P18,wikibase-item,Q471146,Akkadian,ready,CDLI_Lang,
237019,NEEDS_QID,RMA 262d,tablet,type_of_work,P126,P121,wikibase-item,Q246074,Divination,ready,CDLI_Genre|factgrid_upload_table,
237019,NEEDS_QID,RMA 262d,tablet,material,P391,P401,wikibase-item,Q471153,Clay,ready,CDLI_Material,
237019,NEEDS_QID,RMA 262d,tablet,present_holding,P203,P329,wikibase-item,Q102010,British Museum Collection,ready,museum_FG,
237019,NEEDS_QID,RMA 262d,tablet,inventory_number,P10,P10,string,BM —,,ready,cdli_json,
237019,NEEDS_QID,RMA 262d,tablet,finding_spot,P224,P695,wikibase-item,Q390025,Nīnūa,ready,provenience_lookup,
379828,NEEDS_QID,"Kaskal 15, 62",tablet,cdli_id,P223,P692,external-id,P379828,,ready,cdli_json,
379828,NEEDS_QID,"Kaskal 15, 62",tablet,instance_of,P2,P2,wikibase-item,Q512006,Clay tablet,ready,CDLI_Object,
379828,NEEDS_QID,"Kaskal 15, 62",tablet,period,P245,P853,wikibase-item,Q512146,Lagash II Period,ready,CDLI_Period,
379828,NEEDS_QID,"Kaskal 15, 62",tablet,language,P18,P18,wikibase-item,Q471149,Sumerian,ready,CDLI_Lang,
379828,NEEDS_QID,"Kaskal 15, 62",tablet,type_of_work,P126,P121,wikibase-item,Q394396,Administrative,ready,CDLI_Genre,
379828,NEEDS_QID,"Kaskal 15, 62",tablet,material,P391,P401,wikibase-item,Q471153,Clay,ready,CDLI_Material,
379828,NEEDS_QID,"Kaskal 15, 62",tablet,present_holding,P203,P329,wikibase-item,Q102010,British Museum Collection,ready,museum_FG,
379828,NEEDS_QID,"Kaskal 15, 62",tablet,inventory_number,P10,P10,string,BM 088966,,ready,cdli_json,
379828,NEEDS_QID,"Kaskal 15, 62",tablet,finding_spot,P224,P695,wikibase-item,Q389832,Girsu (mod. Tello),ready,provenience_lookup,
235024,NEEDS_QID,KM 89275,tablet,cdli_id,P223,P692,external-id,P235024,,ready,cdli_json,
235024,NEEDS_QID,KM 89275,tablet,instance_of,P2,P2,wikibase-item,Q512006,Clay tablet,ready,CDLI_Object,
235024,NEEDS_QID,KM 89275,tablet,period,P245,P853,wikibase-item,Q512148,Ur III Period,ready,CDLI_Period,
235024,NEEDS_QID,KM 89275,tablet,language,P18,P18,wikibase-item,Q471149,Sumerian,ready,CDLI_Lang,
235024,NEEDS_QID,KM 89275,tablet,type_of_work,P126,P121,wikibase-item,Q394396,Administrative,ready,CDLI_Genre,
235024,NEEDS_QID,KM 89275,tablet,material,P391,P401,wikibase-item,Q471153,Clay,ready,CDLI_Material,
235024,NEEDS_QID,KM 89275,tablet,present_holding,P203,P329,wikibase-item,Q511909,Kelsey Museum of Archaeology Collection,ready,museum_FG,
235024,NEEDS_QID,KM 89275,tablet,inventory_number,P10,P10,string,KM 89275,,ready,cdli_json,
235024,NEEDS_QID,KM 89275,tablet,finding_spot,P224,P695,wikibase-item,Q389833,Umma (mod. Tell Jokha),ready,provenience_lookup,
229007,NEEDS_QID,"PBS 11/1, 057",tablet,cdli_id,P223,P692,external-id,P229007,,ready,cdli_json,
229007,NEEDS_QID,"PBS 11/1, 057",tablet,instance_of,P2,P2,wikibase-item,Q512006,Clay tablet,ready,CDLI_Object,
229007,NEEDS_QID,"PBS 11/1, 057",tablet,period,P245,P853,wikibase-item,Q512152,Old Babylonian Period,ready,CDLI_Period,
229007,NEEDS_QID,"PBS 11/1, 057",tablet,language,P18,P18,wikibase-item,Q471149,Sumerian,ready,CDLI_Lang,
229007,NEEDS_QID,"PBS 11/1, 057",tablet,type_of_work,P126,P121,wikibase-item,Q537054,Lexical,ready,CDLI_Genre,
229007,NEEDS_QID,"PBS 11/1, 057",tablet,material,P391,P401,wikibase-item,Q471153,Clay,ready,CDLI_Material,
229007,NEEDS_QID,"PBS 11/1, 057",tablet,present_holding,P203,P329,wikibase-item,Q511892,"Penn Museum, Philadelphia, Pennsylvania, USA",ready,museum_FG|factgrid_upload_table,
229007,NEEDS_QID,"PBS 11/1, 057",tablet,inventory_number,P10,P10,string,CBS 05964,,ready,cdli_json,
229007,NEEDS_QID,"PBS 11/1, 057",tablet,finding_spot,P224,P695,wikibase-item,Q390017,Nippur (mod. Nuffar),ready,provenience_lookup,
121462,NEEDS_QID,NATN 765,tablet,cdli_id,P223,P692,external-id,P121462,,ready,cdli_json,
121462,NEEDS_QID,NATN 765,tablet,instance_of,P2,P2,wikibase-item,Q512006,Clay tablet,ready,CDLI_Object,
121462,NEEDS_QID,NATN 765,tablet,period,P245,P853,wikibase-item,Q512148,Ur III Period,ready,CDLI_Period,
121462,NEEDS_QID,NATN 765,tablet,language,P18,P18,wikibase-item,Q471149,Sumerian,ready,CDLI_Lang,
121462,NEEDS_QID,NATN 765,tablet,type_of_work,P126,P121,wikibase-item,Q394396,Administrative,ready,CDLI_Genre,
121462,NEEDS_QID,NATN 765,tablet,material,P391,P401,wikibase-item,Q471153,Clay,ready,CDLI_Material,
121462,NEEDS_QID,NATN 765,tablet,present_holding,P203,P329,wikibase-item,Q511892,"Penn Museum, Philadelphia, Pennsylvania, USA",ready,museum_FG|factgrid_upload_table,
121462,NEEDS_QID,NATN 765,tablet,inventory_number,P10,P10,string,N 0739,,ready,cdli_json,
121462,NEEDS_QID,NATN 765,tablet,finding_spot,P224,P695,wikibase-item,Q390017,Nippur (mod. Nuffar),ready,provenience_lookup,
336993,NEEDS_QID,"StAT 2, 185",tablet,cdli_id,P223,P692,external-id,P336993,,ready,cdli_json,
336993,NEEDS_QID,"StAT 2, 185",tablet,instance_of,P2,P2,wikibase-item,Q512006,Clay tablet,ready,CDLI_Object,
336993,NEEDS_QID,"StAT 2, 185",tablet,period,P245,P853,wikibase-item,Q512158,Neo-Assyrian Period,ready,CDLI_Period,
336993,NEEDS_QID,"StAT 2, 185",tablet,language,P18,P18,wikibase-item,Q471146,Akkadian,ready,CDLI_Lang,
336993,NEEDS_QID,"StAT 2, 185",tablet,type_of_work,P126,P121,wikibase-item,Q388465,Legal,ready,CDLI_Genre,
336993,NEEDS_QID,"StAT 2, 185",tablet,material,P391,P401,wikibase-item,Q471153,Clay,ready,CDLI_Material,
336993,NEEDS_QID,"StAT 2, 185",tablet,present_holding,P203,P329,wikibase-item,Q511898,Istanbul Archaeology Museum,ready,museum_FG,
336993,NEEDS_QID,"StAT 2, 185",tablet,inventory_number,P10,P10,string,Ist A 02623,,ready,cdli_json,
336993,NEEDS_QID,"StAT 2, 185",tablet,finding_spot,P224,P695,wikibase-item,Q390001,Assur,ready,provenience_lookup,
117803,NEEDS_QID,"MVN 14, 0122",tablet,cdli_id,P223,P692,external-id,P117803,,ready,cdli_json,
117803,NEEDS_QID,"MVN 14, 0122",tablet,instance_of,P2,P2,wikibase-item,Q512006,Clay tablet,ready,CDLI_Object,
117803,NEEDS_QID,"MVN 14, 0122",tablet,period,P245,P853,wikibase-item,Q512148,Ur III Period,ready,CDLI_Period,
117803,NEEDS_QID,"MVN 14, 0122",tablet,language,P18,P18,wikibase-item,Q471149,Sumerian,ready,CDLI_Lang,
117803,NEEDS_QID,"MVN 14, 0122",tablet,type_of_work,P126,P121,wikibase-item,Q394396,Administrative,ready,CDLI_Genre,
117803,NEEDS_QID,"MVN 14, 0122",tablet,material,P391,P401,wikibase-item,Q471153,Clay,ready,CDLI_Material,
117803,NEEDS_QID,"MVN 14, 0122",tablet,present_holding,P203,P329,wikibase-item,Q511898,Istanbul Archaeology Museum,ready,museum_FG,
117803,NEEDS_QID,"MVN 14, 0122",tablet,inventory_number,P10,P10,string,Ist Um 0122,,ready,cdli_json,
117803,NEEDS_QID,"MVN 14, 0122",tablet,finding_spot,P224,P695,wikibase-item,Q389833,Umma (mod. Tell Jokha),ready,provenience_lookup,
324557,NEEDS_QID,"CUSAS 03, 0670",tablet,cdli_id,P223,P692,external-id,P324557,,ready,cdli_json,
324557,NEEDS_QID,"CUSAS 03, 0670",tablet,instance_of,P2,P2,wikibase-item,Q512006,Clay tablet,ready,CDLI_Object,
324557,NEEDS_QID,"CUSAS 03, 0670",tablet,period,P245,P853,wikibase-item,Q512148,Ur III Period,ready,CDLI_Period,
324557,NEEDS_QID,"CUSAS 03, 0670",tablet,language,P18,P18,wikibase-item,Q471149,Sumerian,ready,CDLI_Lang,
324557,NEEDS_QID,"CUSAS 03, 0670",tablet,type_of_work,P126,P121,wikibase-item,Q394396,Administrative,ready,CDLI_Genre,
324557,NEEDS_QID,"CUSAS 03, 0670",tablet,material,P391,P401,wikibase-item,Q471153,Clay,ready,CDLI_Material,
324557,NEEDS_QID,"CUSAS 03, 0670",tablet,inventory_number,P10,P10,string,CUNES 49-15-551,,ready,cdli_json,
324557,NEEDS_QID,"CUSAS 03, 0670",tablet,finding_spot,P224,P695,wikibase-item,Q389888,Garšana (mod. uncertain),ready,provenience_lookup,
343893,NEEDS_QID,PRAK B 076,tablet,cdli_id,P223,P692,external-id,P343893,,ready,cdli_json,
343893,NEEDS_QID,PRAK B 076,tablet,instance_of,P2,P2,wikibase-item,Q512006,Clay tablet,ready,CDLI_Object,
343893,NEEDS_QID,PRAK B 076,tablet,material,P391,P401,wikibase-item,Q471153,Clay,ready,CDLI_Material,
343893,NEEDS_QID,PRAK B 076,tablet,present_holding,P203,P329,wikibase-item,Q511898,Istanbul Archaeology Museum,ready,museum_FG,
343893,NEEDS_QID,PRAK B 076,tablet,inventory_number,P10,P10,string,Ist —,,ready,cdli_json,
343893,NEEDS_QID,PRAK B 076,tablet,finding_spot,P224,P695,wikibase-item,Q390014,Kish,ready,provenience_lookup,
221437,NEEDS_QID,RTC 040,tablet,cdli_id,P223,P692,external-id,P221437,,ready,cdli_json,
221437,NEEDS_QID,RTC 040,tablet,instance_of,P2,P2,wikibase-item,Q512006,Clay tablet,ready,CDLI_Object,
221437,NEEDS_QID,RTC 040,tablet,period,P245,P853,wikibase-item,Q512142,ED IIIb,ready,CDLI_Period,
221437,NEEDS_QID,RTC 040,tablet,language,P18,P18,wikibase-item,Q471149,Sumerian,ready,CDLI_Lang,
221437,NEEDS_QID,RTC 040,tablet,type_of_work,P126,P121,wikibase-item,Q394396,Administrative,ready,CDLI_Genre,
221437,NEEDS_QID,RTC 040,tablet,material,P391,P401,wikibase-item,Q471153,Clay,ready,CDLI_Material,
221437,NEEDS_QID,RTC 040,tablet,present_holding,P203,P329,wikibase-item,Q511925,Louvre Collection,ready,museum_FG,
221437,NEEDS_QID,RTC 040,tablet,inventory_number,P10,P10,string,AO 04003,,ready,cdli_json,
221437,NEEDS_QID,RTC 040,tablet,finding_spot,P224,P695,wikibase-item,Q389832,Girsu (mod. Tello),ready,provenience_lookup,
359067,NEEDS_QID,Prag 439,tablet,cdli_id,P223,P692,external-id,P359067,,ready,cdli_json,
359067,NEEDS_QID,Prag 439,tablet,instance_of,P2,P2,wikibase-item,Q512006,Clay tablet,ready,CDLI_Object,
359067,NEEDS_QID,Prag 439,tablet,period,P245,P853,wikibase-item,Q512151,Old Assyrian Period,ready,CDLI_Period,
359067,NEEDS_QID,Prag 439,tablet,language,P18,P18,wikibase-item,Q471146,Akkadian,ready,CDLI_Lang,
359067,NEEDS_QID,Prag 439,tablet,type_of_work,P126,P121,wikibase-item,Q388465,Legal,ready,CDLI_Genre,
359067,NEEDS_QID,Prag 439,tablet,material,P391,P401,wikibase-item,Q471153,Clay,ready,CDLI_Material,
359067,NEEDS_QID,Prag 439,tablet,inventory_number,P10,P10,string,Prague I 439,,ready,cdli_json,
359067,NEEDS_QID,Prag 439,tablet,finding_spot,P224,P695,wikibase-item,Q390036,Kanesh (mod. Kültepe),ready,provenience_lookup,
129052,NEEDS_QID,"SACT 2, 095",tablet,cdli_id,P223,P692,external-id,P129052,,ready,cdli_json,
129052,NEEDS_QID,"SACT 2, 095",tablet,instance_of,P2,P2,wikibase-item,Q512006,Clay tablet,ready,CDLI_Object,
129052,NEEDS_QID,"SACT 2, 095",tablet,period,P245,P853,wikibase-item,Q512148,Ur III Period,ready,CDLI_Period,
129052,NEEDS_QID,"SACT 2, 095",tablet,language,P18,P18,wikibase-item,Q471149,Sumerian,ready,CDLI_Lang,
129052,NEEDS_QID,"SACT 2, 095",tablet,type_of_work,P126,P121,wikibase-item,Q394396,Administrative,ready,CDLI_Genre,
129052,NEEDS_QID,"SACT 2, 095",tablet,material,P391,P401,wikibase-item,Q471153,Clay,ready,CDLI_Material,
129052,NEEDS_QID,"SACT 2, 095",tablet,present_holding,P203,P329,wikibase-item,Q511894,Spurlock Museum of World Cultures Collection,ready,museum_FG,
129052,NEEDS_QID,"SACT 2, 095",tablet,inventory_number,P10,P10,string,SMUI 1913.14.0918,,ready,cdli_json,
129052,NEEDS_QID,"SACT 2, 095",tablet,finding_spot,P224,P695,wikibase-item,Q389833,Umma (mod. Tell Jokha),ready,provenience_lookup,
499817,NEEDS_QID,"JCSSS 5, 097",tablet,cdli_id,P223,P692,external-id,P499817,,ready,cdli_json,
499817,NEEDS_QID,"JCSSS 5, 097",tablet,instance_of,P2,P2,wikibase-item,Q512006,Clay tablet,ready,CDLI_Object,
499817,NEEDS_QID,"JCSSS 5, 097",tablet,period,P245,P853,wikibase-item,Q512148,Ur III Period,ready,CDLI_Period,
499817,NEEDS_QID,"JCSSS 5, 097",tablet,language,P18,P18,wikibase-item,Q471149,Sumerian,ready,CDLI_Lang,
499817,NEEDS_QID,"JCSSS 5, 097",tablet,type_of_work,P126,P121,wikibase-item,Q394396,Administrative,ready,CDLI_Genre,
499817,NEEDS_QID,"JCSSS 5, 097",tablet,material,P391,P401,wikibase-item,Q471153,Clay,ready,CDLI_Material,
499817,NEEDS_QID,"JCSSS 5, 097",tablet,present_holding,P203,P329,wikibase-item,Q511874,Iraq Museum,ready,museum_FG,
499817,NEEDS_QID,"JCSSS 5, 097",tablet,inventory_number,P10,P10,string,IM —,,ready,cdli_json,
499817,NEEDS_QID,"JCSSS 5, 097",tablet,finding_spot,P224,P695,wikibase-item,Q2099931,Du-Enlila,ready,provenience_lookup,
217856,NEEDS_QID,"ITT 4, 07739",tablet,cdli_id,P223,P692,external-id,P217856,,ready,cdli_json,
217856,NEEDS_QID,"ITT 4, 07739",tablet,instance_of,P2,P2,wikibase-item,Q512006,Clay tablet,ready,CDLI_Object,
217856,NEEDS_QID,"ITT 4, 07739",tablet,period,P245,P853,wikibase-item,Q512146,Lagash II Period,ready,CDLI_Period,
217856,NEEDS_QID,"ITT 4, 07739",tablet,type_of_work,P126,P121,wikibase-item,Q394396,Administrative,ready,CDLI_Genre,
217856,NEEDS_QID,"ITT 4, 07739",tablet,material,P391,P401,wikibase-item,Q471153,Clay,ready,CDLI_Material,
217856,NEEDS_QID,"ITT 4, 07739",tablet,present_holding,P203,P329,wikibase-item,Q511898,Istanbul Archaeology Museum,ready,museum_FG,
217856,NEEDS_QID,"ITT 4, 07739",tablet,inventory_number,P10,P10,string,Ist L 07739,,ready,cdli_json,
217856,NEEDS_QID,"ITT 4, 07739",tablet,finding_spot,P224,P695,wikibase-item,Q389832,Girsu (mod. Tello),ready,provenience_lookup,
102302,NEEDS_QID,"ASJ 09, 249 26",tablet,cdli_id,P223,P692,external-id,P102302,,ready,cdli_json,
102302,NEEDS_QID,"ASJ 09, 249 26",tablet,instance_of,P2,P2,wikibase-item,Q512006,Clay tablet,ready,CDLI_Object,
102302,NEEDS_QID,"ASJ 09, 249 26",tablet,period,P245,P853,wikibase-item,Q512148,Ur III Period,ready,CDLI_Period,
102302,NEEDS_QID,"ASJ 09, 249 26",tablet,language,P18,P18,wikibase-item,Q471149,Sumerian,ready,CDLI_Lang,
102302,NEEDS_QID,"ASJ 09, 249 26",tablet,type_of_work,P126,P121,wikibase-item,Q394396,Administrative,ready,CDLI_Genre,
102302,NEEDS_QID,"ASJ 09, 249 26",tablet,material,P391,P401,wikibase-item,Q471153,Clay,ready,CDLI_Material,
102302,NEEDS_QID,"ASJ 09, 249 26",tablet,inventory_number,P10,P10,string,X.3.046,,ready,cdli_json,
102302,NEEDS_QID,"ASJ 09, 249 26",tablet,finding_spot,P224,P695,wikibase-item,Q389833,Umma (mod. Tell Jokha),ready,provenience_lookup,
323292,NEEDS_QID,"CUSAS 33, 281",tablet,cdli_id,P223,P692,external-id,P323292,,ready,cdli_json,
323292,NEEDS_QID,"CUSAS 33, 281",tablet,instance_of,P2,P2,wikibase-item,Q512006,Clay tablet,ready,CDLI_Object,
323292,NEEDS_QID,"CUSAS 33, 281",tablet,period,P245,P853,wikibase-item,Q512142,ED IIIb,ready,CDLI_Period,
323292,NEEDS_QID,"CUSAS 33, 281",tablet,language,P18,P18,wikibase-item,Q471149,Sumerian,ready,CDLI_Lang,
323292,NEEDS_QID,"CUSAS 33, 281",tablet,type_of_work,P126,P121,wikibase-item,Q394396,Administrative,ready,CDLI_Genre,
323292,NEEDS_QID,"CUSAS 33, 281",tablet,material,P391,P401,wikibase-item,Q471153,Clay,ready,CDLI_Material,
323292,NEEDS_QID,"CUSAS 33, 281",tablet,inventory_number,P10,P10,string,CUNES 49-02-127,,ready,cdli_json,
323292,NEEDS_QID,"CUSAS 33, 281",tablet,finding_spot,P224,P695,wikibase-item,Q389603,Adab (mod. Bismaya),ready,provenience_lookup,
498705,NEEDS_QID,"AKT 4, 42",tablet,cdli_id,P223,P692,external-id,P498705,,ready,cdli_json,
498705,NEEDS_QID,"AKT 4, 42",tablet,instance_of,P2,P2,wikibase-item,Q512006,Clay tablet,ready,CDLI_Object,
498705,NEEDS_QID,"AKT 4, 42",tablet,period,P245,P853,wikibase-item,Q512151,Old Assyrian Period,ready,CDLI_Period,
498705,NEEDS_QID,"AKT 4, 42",tablet,language,P18,P18,wikibase-item,Q471146,Akkadian,ready,CDLI_Lang,
498705,NEEDS_QID,"AKT 4, 42",tablet,type_of_work,P126,P121,wikibase-item,Q10510,Letter,ready,CDLI_Genre,
498705,NEEDS_QID,"AKT 4, 42",tablet,material,P391,P401,wikibase-item,Q471153,Clay,ready,CDLI_Material,
498705,NEEDS_QID,"AKT 4, 42",tablet,inventory_number,P10,P10,string,AMM 166-026-64,,ready,cdli_json,
498705,NEEDS_QID,"AKT 4, 42",tablet,finding_spot,P224,P695,wikibase-item,Q390036,Kanesh (mod. Kültepe),ready,provenience_lookup,
313624,NEEDS_QID,"CT 53, 209",tablet,cdli_id,P223,P692,external-id,P313624,,ready,cdli_json,
313624,NEEDS_QID,"CT 53, 209",tablet,instance_of,P2,P2,wikibase-item,Q512006,Clay tablet,ready,CDLI_Object,
313624,NEEDS_QID,"CT 53, 209",tablet,period,P245,P853,wikibase-item,Q512158,Neo-Assyrian Period,ready,CDLI_Period,
313624,NEEDS_QID,"CT 53, 209",tablet,language,P18,P18,wikibase-item,Q471146,Akkadian,ready,CDLI_Lang,
313624,NEEDS_QID,"CT 53, 209",tablet,type_of_work,P126,P121,wikibase-item,Q10510,Letter,ready,CDLI_Genre,
313624,NEEDS_QID,"CT 53, 209",tablet,material,P391,P401,wikibase-item,Q471153,Clay,ready,CDLI_Material,
313624,NEEDS_QID,"CT 53, 209",tablet,present_holding,P203,P329,wikibase-item,Q102010,British Museum Collection,ready,museum_FG,
313624,NEEDS_QID,"CT 53, 209",tablet,inventory_number,P10,P10,string,BM —,,ready,cdli_json,
313624,NEEDS_QID,"CT 53, 209",tablet,finding_spot,P224,P695,wikibase-item,Q390025,Nīnūa,ready,provenience_lookup,
453601,NEEDS_QID,"Nisaba 15, 0031",tablet,cdli_id,P223,P692,external-id,P453601,,ready,cdli_json,
453601,NEEDS_QID,"Nisaba 15, 0031",tablet,instance_of,P2,P2,wikibase-item,Q512006,Clay tablet,ready,CDLI_Object,
453601,NEEDS_QID,"Nisaba 15, 0031",tablet,period,P245,P853,wikibase-item,Q512148,Ur III Period,ready,CDLI_Period,
453601,NEEDS_QID,"Nisaba 15, 0031",tablet,language,P18,P18,wikibase-item,Q471149,Sumerian,ready,CDLI_Lang,
453601,NEEDS_QID,"Nisaba 15, 0031",tablet,type_of_work,P126,P121,wikibase-item,Q394396,Administrative,ready,CDLI_Genre,
453601,NEEDS_QID,"Nisaba 15, 0031",tablet,material,P391,P401,wikibase-item,Q471153,Clay,ready,CDLI_Material,
453601,NEEDS_QID,"Nisaba 15, 0031",tablet,inventory_number,P10,P10,string,Adra 083,,ready,cdli_json,
453601,NEEDS_QID,"Nisaba 15, 0031",tablet,finding_spot,P224,P695,wikibase-item,Q390161,Irisagrig,ready,provenience_lookup,
338574,NEEDS_QID,"STT 2, 255",tablet,cdli_id,P223,P692,external-id,P338574,,ready,cdli_json,
338574,NEEDS_QID,"STT 2, 255",tablet,instance_of,P2,P2,wikibase-item,Q512006,Clay tablet,ready,CDLI_Object,
338574,NEEDS_QID,"STT 2, 255",tablet,period,P245,P853,wikibase-item,Q512158,Neo-Assyrian Period,ready,CDLI_Period,
338574,NEEDS_QID,"STT 2, 255",tablet,language,P18,P18,wikibase-item,Q471146,Akkadian,ready,CDLI_Lang,
338574,NEEDS_QID,"STT 2, 255",tablet,material,P391,P401,wikibase-item,Q471153,Clay,ready,CDLI_Material,
338574,NEEDS_QID,"STT 2, 255",tablet,inventory_number,P10,P10,string,AMM —,,ready,cdli_json,
338574,NEEDS_QID,"STT 2, 255",tablet,finding_spot,P224,P695,wikibase-item,Q390056,Huzirina (mod. Sultantepe),ready,provenience_lookup,
135071,NEEDS_QID,TRU 307,tablet,cdli_id,P223,P692,external-id,P135071,,ready,cdli_json,
135071,NEEDS_QID,TRU 307,tablet,instance_of,P2,P2,wikibase-item,Q512006,Clay tablet,ready,CDLI_Object,
135071,NEEDS_QID,TRU 307,tablet,period,P245,P853,wikibase-item,Q512148,Ur III Period,ready,CDLI_Period,
135071,NEEDS_QID,TRU 307,tablet,language,P18,P18,wikibase-item,Q471149,Sumerian,ready,CDLI_Lang,
135071,NEEDS_QID,TRU 307,tablet,type_of_work,P126,P121,wikibase-item,Q394396,Administrative,ready,CDLI_Genre,
135071,NEEDS_QID,TRU 307,tablet,material,P391,P401,wikibase-item,Q471153,Clay,ready,CDLI_Material,
135071,NEEDS_QID,TRU 307,tablet,inventory_number,P10,P10,string,ICP 0307,,ready,cdli_json,
135071,NEEDS_QID,TRU 307,tablet,finding_spot,P224,P695,wikibase-item,Q389903,Puzriš-Dagan (mod. Drehem),ready,provenience_lookup,
209848,NEEDS_QID,"Ontario 2, 184",tablet,cdli_id,P223,P692,external-id,P209848,,ready,cdli_json,
209848,NEEDS_QID,"Ontario 2, 184",tablet,instance_of,P2,P2,wikibase-item,Q512006,Clay tablet,ready,CDLI_Object,
209848,NEEDS_QID,"Ontario 2, 184",tablet,period,P245,P853,wikibase-item,Q512148,Ur III Period,ready,CDLI_Period,
209848,NEEDS_QID,"Ontario 2, 184",tablet,language,P18,P18,wikibase-item,Q471149,Sumerian,ready,CDLI_Lang,
209848,NEEDS_QID,"Ontario 2, 184",tablet,type_of_work,P126,P121,wikibase-item,Q394396,Administrative,ready,CDLI_Genre,
209848,NEEDS_QID,"Ontario 2, 184",tablet,material,P391,P401,wikibase-item,Q471153,Clay,ready,CDLI_Material,
209848,NEEDS_QID,"Ontario 2, 184",tablet,present_holding,P203,P329,wikibase-item,Q511914,Royal Ontario Museum,ready,museum_FG,
209848,NEEDS_QID,"Ontario 2, 184",tablet,inventory_number,P10,P10,string,ROM 910x209.611,,ready,cdli_json,
209848,NEEDS_QID,"Ontario 2, 184",tablet,finding_spot,P224,P695,wikibase-item,Q389833,Umma (mod. Tell Jokha),ready,provenience_lookup,
130789,NEEDS_QID,Syracuse 238,tablet,cdli_id,P223,P692,external-id,P130789,,ready,cdli_json,
130789,NEEDS_QID,Syracuse 238,tablet,instance_of,P2,P2,wikibase-item,Q512006,Clay tablet,ready,CDLI_Object,
130789,NEEDS_QID,Syracuse 238,tablet,period,P245,P853,wikibase-item,Q512148,Ur III Period,ready,CDLI_Period,
130789,NEEDS_QID,Syracuse 238,tablet,language,P18,P18,wikibase-item,Q471149,Sumerian,ready,CDLI_Lang,
130789,NEEDS_QID,Syracuse 238,tablet,type_of_work,P126,P121,wikibase-item,Q394396,Administrative,ready,CDLI_Genre,
130789,NEEDS_QID,Syracuse 238,tablet,material,P391,P401,wikibase-item,Q471153,Clay,ready,CDLI_Material,
130789,NEEDS_QID,Syracuse 238,tablet,inventory_number,P10,P10,string,SUL 402,,ready,cdli_json,
130789,NEEDS_QID,Syracuse 238,tablet,finding_spot,P224,P695,wikibase-item,Q389833,Umma (mod. Tell Jokha),ready,provenience_lookup,
214779,NEEDS_QID,"ITT 5, 09252",tablet,cdli_id,P223,P692,external-id,P214779,,ready,cdli_json,
214779,NEEDS_QID,"ITT 5, 09252",tablet,instance_of,P2,P2,wikibase-item,Q512006,Clay tablet,ready,CDLI_Object,
214779,NEEDS_QID,"ITT 5, 09252",tablet,period,P245,P853,wikibase-item,Q512144,Old Akkadian Period,ready,CDLI_Period,
214779,NEEDS_QID,"ITT 5, 09252",tablet,type_of_work,P126,P121,wikibase-item,Q394396,Administrative,ready,CDLI_Genre,
214779,NEEDS_QID,"ITT 5, 09252",tablet,material,P391,P401,wikibase-item,Q471153,Clay,ready,CDLI_Material,
214779,NEEDS_QID,"ITT 5, 09252",tablet,present_holding,P203,P329,wikibase-item,Q511898,Istanbul Archaeology Museum,ready,museum_FG,
214779,NEEDS_QID,"ITT 5, 09252",tablet,inventory_number,P10,P10,string,Ist L 09252,,ready,cdli_json,
214779,NEEDS_QID,"ITT 5, 09252",tablet,finding_spot,P224,P695,wikibase-item,Q389832,Girsu (mod. Tello),ready,provenience_lookup,
481174,NEEDS_QID,"SAAB 17, 073 13",tablet,cdli_id,P223,P692,external-id,P481174,,ready,cdli_json,
481174,NEEDS_QID,"SAAB 17, 073 13",tablet,instance_of,P2,P2,wikibase-item,Q512006,Clay tablet,ready,CDLI_Object,
481174,NEEDS_QID,"SAAB 17, 073 13",tablet,period,P245,P853,wikibase-item,Q512158,Neo-Assyrian Period,ready,CDLI_Period,
481174,NEEDS_QID,"SAAB 17, 073 13",tablet,language,P18,P18,wikibase-item,Q471146,Akkadian,ready,CDLI_Lang,
481174,NEEDS_QID,"SAAB 17, 073 13",tablet,type_of_work,P126,P121,wikibase-item,Q394396,Administrative,ready,CDLI_Genre,
481174,NEEDS_QID,"SAAB 17, 073 13",tablet,material,P391,P401,wikibase-item,Q471153,Clay,ready,CDLI_Material,
481174,NEEDS_QID,"SAAB 17, 073 13",tablet,inventory_number,P10,P10,string,ZTT 13,,ready,cdli_json,
481174,NEEDS_QID,"SAAB 17, 073 13",tablet,finding_spot,P224,P695,wikibase-item,Q390073,Tushhan (mod. Ziyaret Tepe),ready,provenience_lookup,
131931,NEEDS_QID,Tavolette 145,tablet,cdli_id,P223,P692,external-id,P131931,,ready,cdli_json,
131931,NEEDS_QID,Tavolette 145,tablet,instance_of,P2,P2,wikibase-item,Q512006,Clay tablet,ready,CDLI_Object,
131931,NEEDS_QID,Tavolette 145,tablet,period,P245,P853,wikibase-item,Q512148,Ur III Period,ready,CDLI_Period,
131931,NEEDS_QID,Tavolette 145,tablet,language,P18,P18,wikibase-item,Q471149,Sumerian,ready,CDLI_Lang,
131931,NEEDS_QID,Tavolette 145,tablet,type_of_work,P126,P121,wikibase-item,Q394396,Administrative,ready,CDLI_Genre,
131931,NEEDS_QID,Tavolette 145,tablet,material,P391,P401,wikibase-item,Q471153,Clay,ready,CDLI_Material,
131931,NEEDS_QID,Tavolette 145,tablet,present_holding,P203,P329,wikibase-item,Q511916,"Museo di Antichità, Turin Collection",ready,museum_FG,
131931,NEEDS_QID,Tavolette 145,tablet,inventory_number,P10,P10,string,MAT 024,,ready,cdli_json,
131931,NEEDS_QID,Tavolette 145,tablet,finding_spot,P224,P695,wikibase-item,Q389903,Puzriš-Dagan (mod. Drehem),ready,provenience_lookup,
100295,NEEDS_QID,"AfO 25, pl. 5, Boellinger 6",tablet,cdli_id,P223,P692,external-id,P100295,,ready,cdli_json,
100295,NEEDS_QID,"AfO 25, pl. 5, Boellinger 6",tablet,instance_of,P2,P2,wikibase-item,Q512006,Clay tablet,ready,CDLI_Object,
100295,NEEDS_QID,"AfO 25, pl. 5, Boellinger 6",tablet,period,P245,P853,wikibase-item,Q512148,Ur III Period,ready,CDLI_Period,
100295,NEEDS_QID,"AfO 25, pl. 5, Boellinger 6",tablet,language,P18,P18,wikibase-item,Q471149,Sumerian,ready,CDLI_Lang,
100295,NEEDS_QID,"AfO 25, pl. 5, Boellinger 6",tablet,type_of_work,P126,P121,wikibase-item,Q394396,Administrative,ready,CDLI_Genre,
100295,NEEDS_QID,"AfO 25, pl. 5, Boellinger 6",tablet,material,P391,P401,wikibase-item,Q471153,Clay,ready,CDLI_Material,
100295,NEEDS_QID,"AfO 25, pl. 5, Boellinger 6",tablet,inventory_number,P10,P10,string,Böllinger 6,,ready,cdli_json,
461320,NEEDS_QID,"AfO 14, pl. 13",tablet,cdli_id,P223,P692,external-id,P461320,,ready,cdli_json,
461320,NEEDS_QID,"AfO 14, pl. 13",tablet,instance_of,P2,P2,wikibase-item,Q512006,Clay tablet,ready,CDLI_Object,
461320,NEEDS_QID,"AfO 14, pl. 13",tablet,language,P18,P18,wikibase-item,Q471146,Akkadian,ready,CDLI_Lang,
461320,NEEDS_QID,"AfO 14, pl. 13",tablet,type_of_work,P126,P121,wikibase-item,Q245823,Commentary,ready,CDLI_Genre|factgrid_upload_table,
461320,NEEDS_QID,"AfO 14, pl. 13",tablet,material,P391,P401,wikibase-item,Q471153,Clay,ready,CDLI_Material,
461320,NEEDS_QID,"AfO 14, pl. 13",tablet,present_holding,P203,P329,wikibase-item,Q510658,Vorderasiatisches Museum,ready,museum_FG,
461320,NEEDS_QID,"AfO 14, pl. 13",tablet,inventory_number,P10,P10,string,VAT 07813,,ready,cdli_json,
259755,NEEDS_QID,"PBS 08/1, 057",tablet,cdli_id,P223,P692,external-id,P259755,,ready,cdli_json,
259755,NEEDS_QID,"PBS 08/1, 057",tablet,instance_of,P2,P2,wikibase-item,Q512006,Clay tablet,ready,CDLI_Object,
259755,NEEDS_QID,"PBS 08/1, 057",tablet,period,P245,P853,wikibase-item,Q512152,Old Babylonian Period,ready,CDLI_Period,
259755,NEEDS_QID,"PBS 08/1, 057",tablet,language,P18,P18,wikibase-item,Q471149,Sumerian,ready,CDLI_Lang,
259755,NEEDS_QID,"PBS 08/1, 057",tablet,type_of_work,P126,P121,wikibase-item,Q394396,Administrative,ready,CDLI_Genre,
259755,NEEDS_QID,"PBS 08/1, 057",tablet,material,P391,P401,wikibase-item,Q471153,Clay,ready,CDLI_Material,
259755,NEEDS_QID,"PBS 08/1, 057",tablet,present_holding,P203,P329,wikibase-item,Q511892,"Penn Museum, Philadelphia, Pennsylvania, USA",ready,museum_FG|factgrid_upload_table,
259755,NEEDS_QID,"PBS 08/1, 057",tablet,inventory_number,P10,P10,string,CBS 03382,,ready,cdli_json,
259755,NEEDS_QID,"PBS 08/1, 057",tablet,finding_spot,P224,P695,wikibase-item,Q390017,Nippur (mod. Nuffar),ready,provenience_lookup,
292651,NEEDS_QID,"BPOA 07, 1785",tablet,cdli_id,P223,P692,external-id,P292651,,ready,cdli_json,
292651,NEEDS_QID,"BPOA 07, 1785",tablet,instance_of,P2,P2,wikibase-item,Q512006,Clay tablet,ready,CDLI_Object,
292651,NEEDS_QID,"BPOA 07, 1785",tablet,period,P245,P853,wikibase-item,Q512148,Ur III Period,ready,CDLI_Period,
292651,NEEDS_QID,"BPOA 07, 1785",tablet,language,P18,P18,wikibase-item,Q471149,Sumerian,ready,CDLI_Lang,
292651,NEEDS_QID,"BPOA 07, 1785",tablet,type_of_work,P126,P121,wikibase-item,Q394396,Administrative,ready,CDLI_Genre,
292651,NEEDS_QID,"BPOA 07, 1785",tablet,material,P391,P401,wikibase-item,Q471153,Clay,ready,CDLI_Material,
292651,NEEDS_QID,"BPOA 07, 1785",tablet,present_holding,P203,P329,wikibase-item,Q511899,"Nies Babylonian Collection, Yale Babylonian Collection",ready,museum_FG,
292651,NEEDS_QID,"BPOA 07, 1785",tablet,inventory_number,P10,P10,string,NBC 02801,,ready,cdli_json,
292651,NEEDS_QID,"BPOA 07, 1785",tablet,finding_spot,P224,P695,wikibase-item,Q389833,Umma (mod. Tell Jokha),ready,provenience_lookup,
450884,NEEDS_QID,Ashm 1924-1003 unpublished unassigned ?,artifact,cdli_id,P223,P692,external-id,P450884,,ready,cdli_json,
450884,NEEDS_QID,Ashm 1924-1003 unpublished unassigned ?,artifact,material,P391,P401,wikibase-item,Q471153,Clay,ready,CDLI_Material,
450884,NEEDS_QID,Ashm 1924-1003 unpublished unassigned ?,artifact,present_holding,P203,P329,wikibase-item,Q511934,Ashmolean Museum,ready,museum_FG,
450884,NEEDS_QID,Ashm 1924-1003 unpublished unassigned ?,artifact,inventory_number,P10,P10,string,Ashm 1924-1003,,ready,cdli_json,
341904,NEEDS_QID,NMSA 3524,tablet,cdli_id,P223,P692,external-id,P341904,,ready,cdli_json,
341904,NEEDS_QID,NMSA 3524,tablet,instance_of,P2,P2,wikibase-item,Q512006,Clay tablet,ready,CDLI_Object,
341904,NEEDS_QID,NMSA 3524,tablet,period,P245,P853,wikibase-item,Q512148,Ur III Period,ready,CDLI_Period,
341904,NEEDS_QID,NMSA 3524,tablet,language,P18,P18,wikibase-item,Q471149,Sumerian,ready,CDLI_Lang,
341904,NEEDS_QID,NMSA 3524,tablet,type_of_work,P126,P121,wikibase-item,Q394396,Administrative,ready,CDLI_Genre,
341904,NEEDS_QID,NMSA 3524,tablet,material,P391,P401,wikibase-item,Q471153,Clay,ready,CDLI_Material,
341904,NEEDS_QID,NMSA 3524,tablet,present_holding,P203,P329,wikibase-item,Q511885,Aleppo National Museum,ready,museum_FG,
341904,NEEDS_QID,NMSA 3524,tablet,inventory_number,P10,P10,string,NMSA 3524,,ready,cdli_json,
341904,NEEDS_QID,NMSA 3524,tablet,finding_spot,P224,P695,wikibase-item,Q389833,Umma (mod. Tell Jokha),ready,provenience_lookup,
107550,NEEDS_QID,CST (JRL) 038,tablet,cdli_id,P223,P692,external-id,P107550,,ready,cdli_json,
107550,NEEDS_QID,CST (JRL) 038,tablet,instance_of,P2,P2,wikibase-item,Q512006,Clay tablet,ready,CDLI_Object,
107550,NEEDS_QID,CST (JRL) 038,tablet,period,P245,P853,wikibase-item,Q512148,Ur III Period,ready,CDLI_Period,
107550,NEEDS_QID,CST (JRL) 038,tablet,language,P18,P18,wikibase-item,Q471149,Sumerian,ready,CDLI_Lang,
107550,NEEDS_QID,CST (JRL) 038,tablet,type_of_work,P126,P121,wikibase-item,Q388465,Legal,ready,CDLI_Genre,
107550,NEEDS_QID,CST (JRL) 038,tablet,material,P391,P401,wikibase-item,Q471153,Clay,ready,CDLI_Material,
107550,NEEDS_QID,CST (JRL) 038,tablet,present_holding,P203,P329,wikibase-item,Q511942,John Rylands Research Institute and Library,ready,museum_FG,
107550,NEEDS_QID,CST (JRL) 038,tablet,inventory_number,P10,P10,string,JRL 0038,,ready,cdli_json,
107550,NEEDS_QID,CST (JRL) 038,tablet,finding_spot,P224,P695,wikibase-item,Q390017,Nippur (mod. Nuffar),ready,provenience_lookup,
323338,NEEDS_QID,"CUSAS 23, 116",tablet,cdli_id,P223,P692,external-id,P323338,,ready,cdli_json,
323338,NEEDS_QID,"CUSAS 23, 116",tablet,instance_of,P2,P2,wikibase-item,Q512006,Clay tablet,ready,CDLI_Object,
323338,NEEDS_QID,"CUSAS 23, 116",tablet,period,P245,P853,wikibase-item,Q512144,Old Akkadian Period,ready,CDLI_Period,
323338,NEEDS_QID,"CUSAS 23, 116",tablet,language,P18,P18,wikibase-item,Q471149,Sumerian,ready,CDLI_Lang,
323338,NEEDS_QID,"CUSAS 23, 116",tablet,type_of_work,P126,P121,wikibase-item,Q394396,Administrative,ready,CDLI_Genre,
323338,NEEDS_QID,"CUSAS 23, 116",tablet,material,P391,P401,wikibase-item,Q471153,Clay,ready,CDLI_Material,
323338,NEEDS_QID,"CUSAS 23, 116",tablet,inventory_number,P10,P10,string,CUNES 49-03-011,,ready,cdli_json,
323338,NEEDS_QID,"CUSAS 23, 116",tablet,finding_spot,P224,P695,wikibase-item,Q389603,Adab (mod. Bismaya),ready,provenience_lookup,
213116,NEEDS_QID,DCS 029,tablet,cdli_id,P223,P692,external-id,P213116,,ready,cdli_json,
213116,NEEDS_QID,DCS 029,tablet,instance_of,P2,P2,wikibase-item,Q512006,Clay tablet,ready,CDLI_Object,
213116,NEEDS_QID,DCS 029,tablet,period,P245,P853,wikibase-item,Q512146,Lagash II Period,ready,CDLI_Period,
213116,NEEDS_QID,DCS 029,tablet,type_of_work,P126,P121,wikibase-item,Q394396,Administrative,ready,CDLI_Genre,
213116,NEEDS_QID,DCS 029,tablet,material,P391,P401,wikibase-item,Q471153,Clay,ready,CDLI_Material,
213116,NEEDS_QID,DCS 029,tablet,present_holding,P203,P329,wikibase-item,Q172028,Bibliothèque Nationale et Universitaire de Strasbourg Collection,ready,museum_FG,
213116,NEEDS_QID,DCS 029,tablet,inventory_number,P10,P10,string,BNUS 400,,ready,cdli_json,
213116,NEEDS_QID,DCS 029,tablet,finding_spot,P224,P695,wikibase-item,Q389832,Girsu (mod. Tello),ready,provenience_lookup,
145723,NEEDS_QID,"TCS 1, 215",tablet,cdli_id,P223,P692,external-id,P145723,,ready,cdli_json,
145723,NEEDS_QID,"TCS 1, 215",tablet,instance_of,P2,P2,wikibase-item,Q512006,Clay tablet,ready,CDLI_Object,
145723,NEEDS_QID,"TCS 1, 215",tablet,period,P245,P853,wikibase-item,Q512148,Ur III Period,ready,CDLI_Period,
145723,NEEDS_QID,"TCS 1, 215",tablet,language,P18,P18,wikibase-item,Q471149,Sumerian,ready,CDLI_Lang,
145723,NEEDS_QID,"TCS 1, 215",tablet,type_of_work,P126,P121,wikibase-item,Q10510,Letter,ready,CDLI_Genre,
145723,NEEDS_QID,"TCS 1, 215",tablet,material,P391,P401,wikibase-item,Q471153,Clay,ready,CDLI_Material,
145723,NEEDS_QID,"TCS 1, 215",tablet,inventory_number,P10,P10,string,MAH 16442,,ready,cdli_json,
145723,NEEDS_QID,"TCS 1, 215",tablet,finding_spot,P224,P695,wikibase-item,Q389832,Girsu (mod. Tello),ready,provenience_lookup,
130623,NEEDS_QID,Syracuse 072,tablet,cdli_id,P223,P692,external-id,P130623,,ready,cdli_json,
130623,NEEDS_QID,Syracuse 072,tablet,instance_of,P2,P2,wikibase-item,Q512006,Clay tablet,ready,CDLI_Object,
130623,NEEDS_QID,Syracuse 072,tablet,period,P245,P853,wikibase-item,Q512148,Ur III Period,ready,CDLI_Period,
130623,NEEDS_QID,Syracuse 072,tablet,language,P18,P18,wikibase-item,Q471149,Sumerian,ready,CDLI_Lang,
130623,NEEDS_QID,Syracuse 072,tablet,type_of_work,P126,P121,wikibase-item,Q394396,Administrative,ready,CDLI_Genre,
130623,NEEDS_QID,Syracuse 072,tablet,material,P391,P401,wikibase-item,Q471153,Clay,ready,CDLI_Material,
130623,NEEDS_QID,Syracuse 072,tablet,inventory_number,P10,P10,string,SUL 446,,ready,cdli_json,
130623,NEEDS_QID,Syracuse 072,tablet,finding_spot,P224,P695,wikibase-item,Q389833,Umma (mod. Tell Jokha),ready,provenience_lookup,
113143,NEEDS_QID,"MVN 01, 110",tablet,cdli_id,P223,P692,external-id,P113143,,ready,cdli_json,
113143,NEEDS_QID,"MVN 01, 110",tablet,instance_of,P2,P2,wikibase-item,Q512006,Clay tablet,ready,CDLI_Object,
113143,NEEDS_QID,"MVN 01, 110",tablet,period,P245,P853,wikibase-item,Q512148,Ur III Period,ready,CDLI_Period,
113143,NEEDS_QID,"MVN 01, 110",tablet,language,P18,P18,wikibase-item,Q471149,Sumerian,ready,CDLI_Lang,
113143,NEEDS_QID,"MVN 01, 110",tablet,type_of_work,P126,P121,wikibase-item,Q394396,Administrative,ready,CDLI_Genre,
113143,NEEDS_QID,"MVN 01, 110",tablet,material,P391,P401,wikibase-item,Q471153,Clay,ready,CDLI_Material,
113143,NEEDS_QID,"MVN 01, 110",tablet,present_holding,P203,P329,wikibase-item,Q511933,Museum Forum der Völker Collection,ready,museum_FG,
113143,NEEDS_QID,"MVN 01, 110",tablet,inventory_number,P10,P10,string,MW 117,,ready,cdli_json,
113143,NEEDS_QID,"MVN 01, 110",tablet,finding_spot,P224,P695,wikibase-item,Q389833,Umma (mod. Tell Jokha),ready,provenience_lookup,
138213,NEEDS_QID,"UET 9, 0082",tablet,cdli_id,P223,P692,external-id,P138213,,ready,cdli_json,
138213,NEEDS_QID,"UET 9, 0082",tablet,instance_of,P2,P2,wikibase-item,Q512006,Clay tablet,ready,CDLI_Object,
138213,NEEDS_QID,"UET 9, 0082",tablet,period,P245,P853,wikibase-item,Q512148,Ur III Period,ready,CDLI_Period,
138213,NEEDS_QID,"UET 9, 0082",tablet,language,P18,P18,wikibase-item,Q471149,Sumerian,ready,CDLI_Lang,
138213,NEEDS_QID,"UET 9, 0082",tablet,type_of_work,P126,P121,wikibase-item,Q394396,Administrative,ready,CDLI_Genre,
138213,NEEDS_QID,"UET 9, 0082",tablet,material,P391,P401,wikibase-item,Q471153,Clay,ready,CDLI_Material,
138213,NEEDS_QID,"UET 9, 0082",tablet,present_holding,P203,P329,wikibase-item,Q511874,Iraq Museum,ready,museum_FG,
138213,NEEDS_QID,"UET 9, 0082",tablet,inventory_number,P10,P10,string,IM — ?,,ready,cdli_json,
138213,NEEDS_QID,"UET 9, 0082",tablet,finding_spot,P224,P695,wikibase-item,Q389877,Ur (mod. Tell Muqayyar),ready,provenience_lookup,
379982,NEEDS_QID,"PPAC 5, 1444",tablet,cdli_id,P223,P692,external-id,P379982,,ready,cdli_json,
379982,NEEDS_QID,"PPAC 5, 1444",tablet,instance_of,P2,P2,wikibase-item,Q512006,Clay tablet,ready,CDLI_Object,
379982,NEEDS_QID,"PPAC 5, 1444",tablet,period,P245,P853,wikibase-item,Q512148,Ur III Period,ready,CDLI_Period,
379982,NEEDS_QID,"PPAC 5, 1444",tablet,language,P18,P18,wikibase-item,Q471149,Sumerian,ready,CDLI_Lang,
379982,NEEDS_QID,"PPAC 5, 1444",tablet,type_of_work,P126,P121,wikibase-item,Q394396,Administrative,ready,CDLI_Genre,
379982,NEEDS_QID,"PPAC 5, 1444",tablet,material,P391,P401,wikibase-item,Q471153,Clay,ready,CDLI_Material,
379982,NEEDS_QID,"PPAC 5, 1444",tablet,present_holding,P203,P329,wikibase-item,Q102010,British Museum Collection,ready,museum_FG,
379982,NEEDS_QID,"PPAC 5, 1444",tablet,inventory_number,P10,P10,string,BM 095635,,ready,cdli_json,
379982,NEEDS_QID,"PPAC 5, 1444",tablet,finding_spot,P224,P695,wikibase-item,Q389832,Girsu (mod. Tello),ready,provenience_lookup,
328827,NEEDS_QID,"CUSAS 27, 223",tablet,cdli_id,P223,P692,external-id,P328827,,ready,cdli_json,
328827,NEEDS_QID,"CUSAS 27, 223",tablet,instance_of,P2,P2,wikibase-item,Q512006,Clay tablet,ready,CDLI_Object,
328827,NEEDS_QID,"CUSAS 27, 223",tablet,period,P245,P853,wikibase-item,Q512144,Old Akkadian Period,ready,CDLI_Period,
328827,NEEDS_QID,"CUSAS 27, 223",tablet,type_of_work,P126,P121,wikibase-item,Q394396,Administrative,ready,CDLI_Genre,
328827,NEEDS_QID,"CUSAS 27, 223",tablet,material,P391,P401,wikibase-item,Q471153,Clay,ready,CDLI_Material,
328827,NEEDS_QID,"CUSAS 27, 223",tablet,inventory_number,P10,P10,string,CUNES 53-01-105,,ready,cdli_json,
335716,NEEDS_QID,ADD 0876,tablet,cdli_id,P223,P692,external-id,P335716,,ready,cdli_json,
335716,NEEDS_QID,ADD 0876,tablet,instance_of,P2,P2,wikibase-item,Q512006,Clay tablet,ready,CDLI_Object,
335716,NEEDS_QID,ADD 0876,tablet,period,P245,P853,wikibase-item,Q512158,Neo-Assyrian Period,ready,CDLI_Period,
335716,NEEDS_QID,ADD 0876,tablet,language,P18,P18,wikibase-item,Q471146,Akkadian,ready,CDLI_Lang,
335716,NEEDS_QID,ADD 0876,tablet,type_of_work,P126,P121,wikibase-item,Q394396,Administrative,ready,CDLI_Genre,
335716,NEEDS_QID,ADD 0876,tablet,material,P391,P401,wikibase-item,Q471153,Clay,ready,CDLI_Material,
335716,NEEDS_QID,ADD 0876,tablet,present_holding,P203,P329,wikibase-item,Q102010,British Museum Collection,ready,museum_FG,
335716,NEEDS_QID,ADD 0876,tablet,inventory_number,P10,P10,string,BM —,,ready,cdli_json,
335716,NEEDS_QID,ADD 0876,tablet,finding_spot,P224,P695,wikibase-item,Q390025,Nīnūa,ready,provenience_lookup,
115994,NEEDS_QID,"MVN 10, 227",tablet,cdli_id,P223,P692,external-id,P115994,,ready,cdli_json,
115994,NEEDS_QID,"MVN 10, 227",tablet,instance_of,P2,P2,wikibase-item,Q512006,Clay tablet,ready,CDLI_Object,
115994,NEEDS_QID,"MVN 10, 227",tablet,period,P245,P853,wikibase-item,Q512146,Lagash II Period,ready,CDLI_Period,
115994,NEEDS_QID,"MVN 10, 227",tablet,language,P18,P18,wikibase-item,Q471149,Sumerian,ready,CDLI_Lang,
115994,NEEDS_QID,"MVN 10, 227",tablet,type_of_work,P126,P121,wikibase-item,Q394396,Administrative,ready,CDLI_Genre,
115994,NEEDS_QID,"MVN 10, 227",tablet,material,P391,P401,wikibase-item,Q471153,Clay,ready,CDLI_Material,
115994,NEEDS_QID,"MVN 10, 227",tablet,inventory_number,P10,P10,string,CB 21,,ready,cdli_json,
115994,NEEDS_QID,"MVN 10, 227",tablet,finding_spot,P224,P695,wikibase-item,Q389832,Girsu (mod. Tello),ready,provenience_lookup,
334804,NEEDS_QID,ABL 1223,tablet,cdli_id,P223,P692,external-id,P334804,,ready,cdli_json,
334804,NEEDS_QID,ABL 1223,tablet,instance_of,P2,P2,wikibase-item,Q512006,Clay tablet,ready,CDLI_Object,
334804,NEEDS_QID,ABL 1223,tablet,period,P245,P853,wikibase-item,Q512158,Neo-Assyrian Period,ready,CDLI_Period,
334804,NEEDS_QID,ABL 1223,tablet,language,P18,P18,wikibase-item,Q471146,Akkadian,ready,CDLI_Lang,
334804,NEEDS_QID,ABL 1223,tablet,type_of_work,P126,P121,wikibase-item,Q10510,Letter,ready,CDLI_Genre,
334804,NEEDS_QID,ABL 1223,tablet,material,P391,P401,wikibase-item,Q471153,Clay,ready,CDLI_Material,
334804,NEEDS_QID,ABL 1223,tablet,present_holding,P203,P329,wikibase-item,Q102010,British Museum Collection,ready,museum_FG,
334804,NEEDS_QID,ABL 1223,tablet,inventory_number,P10,P10,string,BM —,,ready,cdli_json,
334804,NEEDS_QID,ABL 1223,tablet,finding_spot,P224,P695,wikibase-item,Q390025,Nīnūa,ready,provenience_lookup,
363176,NEEDS_QID,ACT 0140,tablet,cdli_id,P223,P692,external-id,P363176,,ready,cdli_json,
363176,NEEDS_QID,ACT 0140,tablet,instance_of,P2,P2,wikibase-item,Q512006,Clay tablet,ready,CDLI_Object,
363176,NEEDS_QID,ACT 0140,tablet,period,P245,P853,wikibase-item,Q512164,Hellenistic Period,ready,CDLI_Period,
363176,NEEDS_QID,ACT 0140,tablet,type_of_work,P126,P121,wikibase-item,Q390194,Astral sciences,ready,CDLI_Genre|factgrid_upload_table,
363176,NEEDS_QID,ACT 0140,tablet,material,P391,P401,wikibase-item,Q471153,Clay,ready,CDLI_Material,
363176,NEEDS_QID,ACT 0140,tablet,present_holding,P203,P329,wikibase-item,Q511898,Istanbul Archaeology Museum,ready,museum_FG,
363176,NEEDS_QID,ACT 0140,tablet,inventory_number,P10,P10,string,Ist Uruk 0121,,ready,cdli_json,
363176,NEEDS_QID,ACT 0140,tablet,finding_spot,P224,P695,wikibase-item,Q390030,Uruk (mod. Warka),ready,provenience_lookup,
124230,NEEDS_QID,"OIP 121, 500",tablet,cdli_id,P223,P692,external-id,P124230,,ready,cdli_json,
124230,NEEDS_QID,"OIP 121, 500",tablet,instance_of,P2,P2,wikibase-item,Q512006,Clay tablet,ready,CDLI_Object,
124230,NEEDS_QID,"OIP 121, 500",tablet,period,P245,P853,wikibase-item,Q512148,Ur III Period,ready,CDLI_Period,
124230,NEEDS_QID,"OIP 121, 500",tablet,language,P18,P18,wikibase-item,Q471149,Sumerian,ready,CDLI_Lang,
124230,NEEDS_QID,"OIP 121, 500",tablet,type_of_work,P126,P121,wikibase-item,Q394396,Administrative,ready,CDLI_Genre,
124230,NEEDS_QID,"OIP 121, 500",tablet,material,P391,P401,wikibase-item,Q471153,Clay,ready,CDLI_Material,
124230,NEEDS_QID,"OIP 121, 500",tablet,present_holding,P203,P329,wikibase-item,Q511904,"Institute for the Study of Ancient Cultures West Asia & North Africa Museum, Chicago, Illinois, USA",ready,museum_FG|factgrid_upload_table,
124230,NEEDS_QID,"OIP 121, 500",tablet,inventory_number,P10,P10,string,OIM A04480,,ready,cdli_json,
124230,NEEDS_QID,"OIP 121, 500",tablet,finding_spot,P224,P695,wikibase-item,Q389903,Puzriš-Dagan (mod. Drehem),ready,provenience_lookup,
230676,NEEDS_QID,N 4742,tablet,cdli_id,P223,P692,external-id,P230676,,ready,cdli_json,
230676,NEEDS_QID,N 4742,tablet,instance_of,P2,P2,wikibase-item,Q512006,Clay tablet,ready,CDLI_Object,
230676,NEEDS_QID,N 4742,tablet,period,P245,P853,wikibase-item,Q512152,Old Babylonian Period,ready,CDLI_Period,
230676,NEEDS_QID,N 4742,tablet,language,P18,P18,wikibase-item,Q471149,Sumerian,ready,CDLI_Lang,
230676,NEEDS_QID,N 4742,tablet,type_of_work,P126,P121,wikibase-item,Q537054,Business / Contracts,ready,CDLI_Genre|factgrid_upload_table,
230676,NEEDS_QID,N 4742,tablet,material,P391,P401,wikibase-item,Q471153,Clay,ready,CDLI_Material,
230676,NEEDS_QID,N 4742,tablet,present_holding,P203,P329,wikibase-item,Q511892,"Penn Museum, Philadelphia, Pennsylvania, USA",ready,museum_FG|factgrid_upload_table,
230676,NEEDS_QID,N 4742,tablet,inventory_number,P10,P10,string,N 4742,,ready,cdli_json,
230676,NEEDS_QID,N 4742,tablet,finding_spot,P224,P695,wikibase-item,Q390017,Nippur (mod. Nuffar),ready,provenience_lookup,
378690,NEEDS_QID,"PPAC 5, 1011",tablet,cdli_id,P223,P692,external-id,P378690,,ready,cdli_json,
378690,NEEDS_QID,"PPAC 5, 1011",tablet,instance_of,P2,P2,wikibase-item,Q512006,Clay tablet,ready,CDLI_Object,
378690,NEEDS_QID,"PPAC 5, 1011",tablet,period,P245,P853,wikibase-item,Q512148,Ur III Period,ready,CDLI_Period,
378690,NEEDS_QID,"PPAC 5, 1011",tablet,language,P18,P18,wikibase-item,Q471149,Sumerian,ready,CDLI_Lang,
378690,NEEDS_QID,"PPAC 5, 1011",tablet,type_of_work,P126,P121,wikibase-item,Q394396,Administrative,ready,CDLI_Genre,
378690,NEEDS_QID,"PPAC 5, 1011",tablet,material,P391,P401,wikibase-item,Q471153,Clay,ready,CDLI_Material,
378690,NEEDS_QID,"PPAC 5, 1011",tablet,present_holding,P203,P329,wikibase-item,Q102010,British Museum Collection,ready,museum_FG,
378690,NEEDS_QID,"PPAC 5, 1011",tablet,inventory_number,P10,P10,string,BM 087452,,ready,cdli_json,
378690,NEEDS_QID,"PPAC 5, 1011",tablet,finding_spot,P224,P695,wikibase-item,Q389832,Girsu (mod. Tello),ready,provenience_lookup,
205538,NEEDS_QID,"MVN 22, 083",tablet,cdli_id,P223,P692,external-id,P205538,,ready,cdli_json,
205538,NEEDS_QID,"MVN 22, 083",tablet,instance_of,P2,P2,wikibase-item,Q512006,Clay tablet,ready,CDLI_Object,
205538,NEEDS_QID,"MVN 22, 083",tablet,period,P245,P853,wikibase-item,Q512148,Ur III Period,ready,CDLI_Period,
205538,NEEDS_QID,"MVN 22, 083",tablet,language,P18,P18,wikibase-item,Q471149,Sumerian,ready,CDLI_Lang,
205538,NEEDS_QID,"MVN 22, 083",tablet,type_of_work,P126,P121,wikibase-item,Q394396,Administrative,ready,CDLI_Genre,
205538,NEEDS_QID,"MVN 22, 083",tablet,material,P391,P401,wikibase-item,Q471153,Clay,ready,CDLI_Material,
205538,NEEDS_QID,"MVN 22, 083",tablet,present_holding,P203,P329,wikibase-item,Q102010,British Museum Collection,ready,museum_FG,
205538,NEEDS_QID,"MVN 22, 083",tablet,inventory_number,P10,P10,string,BM 013750,,ready,cdli_json,
205538,NEEDS_QID,"MVN 22, 083",tablet,finding_spot,P224,P695,wikibase-item,Q389832,Girsu (mod. Tello),ready,provenience_lookup,
300458,NEEDS_QID,"YOS 13, 413",tablet,cdli_id,P223,P692,external-id,P300458,,ready,cdli_json,
300458,NEEDS_QID,"YOS 13, 413",tablet,instance_of,P2,P2,wikibase-item,Q512006,Clay tablet,ready,CDLI_Object,
300458,NEEDS_QID,"YOS 13, 413",tablet,period,P245,P853,wikibase-item,Q512152,Old Babylonian Period,ready,CDLI_Period,
300458,NEEDS_QID,"YOS 13, 413",tablet,language,P18,P18,wikibase-item,Q471146,Akkadian,ready,CDLI_Lang,
300458,NEEDS_QID,"YOS 13, 413",tablet,type_of_work,P126,P121,wikibase-item,Q10510,Letter,ready,CDLI_Genre,
300458,NEEDS_QID,"YOS 13, 413",tablet,material,P391,P401,wikibase-item,Q471153,Clay,ready,CDLI_Material,
300458,NEEDS_QID,"YOS 13, 413",tablet,present_holding,P203,P329,wikibase-item,Q511899,"Nies Babylonian Collection, Yale Babylonian Collection",ready,museum_FG,
300458,NEEDS_QID,"YOS 13, 413",tablet,inventory_number,P10,P10,string,NBC 09210,,ready,cdli_json,
253358,NEEDS_QID,"CUSAS 35, 286",tablet,cdli_id,P223,P692,external-id,P253358,,ready,cdli_json,
253358,NEEDS_QID,"CUSAS 35, 286",tablet,instance_of,P2,P2,wikibase-item,Q512006,Clay tablet,ready,CDLI_Object,
253358,NEEDS_QID,"CUSAS 35, 286",tablet,period,P245,P853,wikibase-item,Q512144,Old Akkadian Period,ready,CDLI_Period,
253358,NEEDS_QID,"CUSAS 35, 286",tablet,language,P18,P18,wikibase-item,Q471149,Sumerian,ready,CDLI_Lang,
253358,NEEDS_QID,"CUSAS 35, 286",tablet,type_of_work,P126,P121,wikibase-item,Q394396,Administrative,ready,CDLI_Genre,
253358,NEEDS_QID,"CUSAS 35, 286",tablet,material,P391,P401,wikibase-item,Q471153,Clay,ready,CDLI_Material,
253358,NEEDS_QID,"CUSAS 35, 286",tablet,inventory_number,P10,P10,string,MS 4277/4,,ready,cdli_json,
253358,NEEDS_QID,"CUSAS 35, 286",tablet,finding_spot,P224,P695,wikibase-item,Q389603,Adab (mod. Bismaya),ready,provenience_lookup,
516485,NEEDS_QID,"CUSAS 40, 1701",tablet,cdli_id,P223,P692,external-id,P516485,,ready,cdli_json,
516485,NEEDS_QID,"CUSAS 40, 1701",tablet,instance_of,P2,P2,wikibase-item,Q512006,Clay tablet,ready,CDLI_Object,
516485,NEEDS_QID,"CUSAS 40, 1701",tablet,period,P245,P853,wikibase-item,Q512148,Ur III Period,ready,CDLI_Period,
516485,NEEDS_QID,"CUSAS 40, 1701",tablet,language,P18,P18,wikibase-item,Q471149,Sumerian,ready,CDLI_Lang,
516485,NEEDS_QID,"CUSAS 40, 1701",tablet,type_of_work,P126,P121,wikibase-item,Q394396,Administrative,ready,CDLI_Genre,
516485,NEEDS_QID,"CUSAS 40, 1701",tablet,material,P391,P401,wikibase-item,Q471153,Clay,ready,CDLI_Material,
516485,NEEDS_QID,"CUSAS 40, 1701",tablet,inventory_number,P10,P10,string,IM —,,ready,cdli_json,
516485,NEEDS_QID,"CUSAS 40, 1701",tablet,finding_spot,P224,P695,wikibase-item,Q390161,Irisagrig,ready,provenience_lookup,
233959,NEEDS_QID,"RIME 3/1.01.07.041, ex. 033",canephor,cdli_id,P223,P692,external-id,P233959,,ready,cdli_json,
233959,NEEDS_QID,"RIME 3/1.01.07.041, ex. 033",canephor,instance_of,P2,P2,wikibase-item,Q512006,,ready,CDLI_Object|factgrid_upload_table,canephor
233959,NEEDS_QID,"RIME 3/1.01.07.041, ex. 033",canephor,period,P245,P853,wikibase-item,Q512146,Lagash II Period,ready,CDLI_Period,
233959,NEEDS_QID,"RIME 3/1.01.07.041, ex. 033",canephor,language,P18,P18,wikibase-item,Q471149,Sumerian,ready,CDLI_Lang,
233959,NEEDS_QID,"RIME 3/1.01.07.041, ex. 033",canephor,type_of_work,P126,P121,wikibase-item,Q537039,Official or display,ready,CDLI_Genre|factgrid_upload_table,
233959,NEEDS_QID,"RIME 3/1.01.07.041, ex. 033",canephor,material,P391,P401,wikibase-item,Q512050,bronze,ready,CDLI_Material|factgrid_upload_table,
233959,NEEDS_QID,"RIME 3/1.01.07.041, ex. 033",canephor,present_holding,P203,P329,wikibase-item,Q102010,British Museum Collection,ready,museum_FG,
233959,NEEDS_QID,"RIME 3/1.01.07.041, ex. 033",canephor,inventory_number,P10,P10,string,BM 091056,,ready,cdli_json,
336839,NEEDS_QID,"StAT 2, 031",tablet,cdli_id,P223,P692,external-id,P336839,,ready,cdli_json,
336839,NEEDS_QID,"StAT 2, 031",tablet,instance_of,P2,P2,wikibase-item,Q512006,Clay tablet,ready,CDLI_Object,
336839,NEEDS_QID,"StAT 2, 031",tablet,period,P245,P853,wikibase-item,Q512158,Neo-Assyrian Period,ready,CDLI_Period,
336839,NEEDS_QID,"StAT 2, 031",tablet,language,P18,P18,wikibase-item,Q471146,Akkadian,ready,CDLI_Lang,
336839,NEEDS_QID,"StAT 2, 031",tablet,type_of_work,P126,P121,wikibase-item,Q388465,Legal,ready,CDLI_Genre,
336839,NEEDS_QID,"StAT 2, 031",tablet,material,P391,P401,wikibase-item,Q471153,Clay,ready,CDLI_Material,
336839,NEEDS_QID,"StAT 2, 031",tablet,present_holding,P203,P329,wikibase-item,Q511898,Istanbul Archaeology Museum,ready,museum_FG,
336839,NEEDS_QID,"StAT 2, 031",tablet,inventory_number,P10,P10,string,Ist A 01921,,ready,cdli_json,
336839,NEEDS_QID,"StAT 2, 031",tablet,finding_spot,P224,P695,wikibase-item,Q390001,Assur,ready,provenience_lookup,
144831,NEEDS_QID,"SAT 3, 1631",tablet,cdli_id,P223,P692,external-id,P144831,,ready,cdli_json,
144831,NEEDS_QID,"SAT 3, 1631",tablet,instance_of,P2,P2,wikibase-item,Q512006,Clay tablet,ready,CDLI_Object,
144831,NEEDS_QID,"SAT 3, 1631",tablet,period,P245,P853,wikibase-item,Q512148,Ur III Period,ready,CDLI_Period,
144831,NEEDS_QID,"SAT 3, 1631",tablet,language,P18,P18,wikibase-item,Q471149,Sumerian,ready,CDLI_Lang,
144831,NEEDS_QID,"SAT 3, 1631",tablet,type_of_work,P126,P121,wikibase-item,Q394396,Administrative,ready,CDLI_Genre,
144831,NEEDS_QID,"SAT 3, 1631",tablet,material,P391,P401,wikibase-item,Q471153,Clay,ready,CDLI_Material,
144831,NEEDS_QID,"SAT 3, 1631",tablet,present_holding,P203,P329,wikibase-item,Q511899,Yale Babylonian Collection,ready,museum_FG,
144831,NEEDS_QID,"SAT 3, 1631",tablet,inventory_number,P10,P10,string,YBC 12842,,ready,cdli_json,
144831,NEEDS_QID,"SAT 3, 1631",tablet,finding_spot,P224,P695,wikibase-item,Q389833,Umma (mod. Tell Jokha),ready,provenience_lookup,
229457,NEEDS_QID,"MSL 14, 023 Fx",tablet,cdli_id,P223,P692,external-id,P229457,,ready,cdli_json,
229457,NEEDS_QID,"MSL 14, 023 Fx",tablet,instance_of,P2,P2,wikibase-item,Q512006,Clay tablet,ready,CDLI_Object,
229457,NEEDS_QID,"MSL 14, 023 Fx",tablet,period,P245,P853,wikibase-item,Q512152,Old Babylonian Period,ready,CDLI_Period,
229457,NEEDS_QID,"MSL 14, 023 Fx",tablet,language,P18,P18,wikibase-item,Q471149,Sumerian,ready,CDLI_Lang,
229457,NEEDS_QID,"MSL 14, 023 Fx",tablet,type_of_work,P126,P121,wikibase-item,Q537054,Lexical,ready,CDLI_Genre,
229457,NEEDS_QID,"MSL 14, 023 Fx",tablet,material,P391,P401,wikibase-item,Q471153,Clay,ready,CDLI_Material,
229457,NEEDS_QID,"MSL 14, 023 Fx",tablet,present_holding,P203,P329,wikibase-item,Q511892,"Penn Museum, Philadelphia, Pennsylvania, USA",ready,museum_FG|factgrid_upload_table,
229457,NEEDS_QID,"MSL 14, 023 Fx",tablet,inventory_number,P10,P10,string,N 4922,,ready,cdli_json,
229457,NEEDS_QID,"MSL 14, 023 Fx",tablet,finding_spot,P224,P695,wikibase-item,Q390017,Nippur (mod. Nuffar),ready,provenience_lookup,
514142,NEEDS_QID,"WVDOG 152, V 1 009",tablet,cdli_id,P223,P692,external-id,P514142,,ready,cdli_json,
514142,NEEDS_QID,"WVDOG 152, V 1 009",tablet,instance_of,P2,P2,wikibase-item,Q512006,Clay tablet,ready,CDLI_Object,
514142,NEEDS_QID,"WVDOG 152, V 1 009",tablet,period,P245,P853,wikibase-item,Q512158,Neo-Assyrian Period,ready,CDLI_Period,
514142,NEEDS_QID,"WVDOG 152, V 1 009",tablet,language,P18,P18,wikibase-item,Q471146,Akkadian,ready,CDLI_Lang,
514142,NEEDS_QID,"WVDOG 152, V 1 009",tablet,type_of_work,P126,P121,wikibase-item,Q388465,Legal,ready,CDLI_Genre,
514142,NEEDS_QID,"WVDOG 152, V 1 009",tablet,material,P391,P401,wikibase-item,Q471153,Clay,ready,CDLI_Material,
514142,NEEDS_QID,"WVDOG 152, V 1 009",tablet,present_holding,P203,P329,wikibase-item,Q511874,Iraq Museum,ready,museum_FG,
514142,NEEDS_QID,"WVDOG 152, V 1 009",tablet,inventory_number,P10,P10,string,IM 124721,,ready,cdli_json,
514142,NEEDS_QID,"WVDOG 152, V 1 009",tablet,finding_spot,P224,P695,wikibase-item,Q390001,Assur,ready,provenience_lookup,
203815,NEEDS_QID,"MVN 22, 039",tablet,cdli_id,P223,P692,external-id,P203815,,ready,cdli_json,
203815,NEEDS_QID,"MVN 22, 039",tablet,instance_of,P2,P2,wikibase-item,Q512006,Clay tablet,ready,CDLI_Object,
203815,NEEDS_QID,"MVN 22, 039",tablet,period,P245,P853,wikibase-item,Q512148,Ur III Period,ready,CDLI_Period,
203815,NEEDS_QID,"MVN 22, 039",tablet,language,P18,P18,wikibase-item,Q471149,Sumerian,ready,CDLI_Lang,
203815,NEEDS_QID,"MVN 22, 039",tablet,type_of_work,P126,P121,wikibase-item,Q394396,Administrative,ready,CDLI_Genre,
203815,NEEDS_QID,"MVN 22, 039",tablet,material,P391,P401,wikibase-item,Q471153,Clay,ready,CDLI_Material,
203815,NEEDS_QID,"MVN 22, 039",tablet,present_holding,P203,P329,wikibase-item,Q102010,British Museum Collection,ready,museum_FG,
203815,NEEDS_QID,"MVN 22, 039",tablet,inventory_number,P10,P10,string,BM 013684,,ready,cdli_json,
203815,NEEDS_QID,"MVN 22, 039",tablet,finding_spot,P224,P695,wikibase-item,Q389832,Girsu (mod. Tello),ready,provenience_lookup,
237449,NEEDS_QID,PRT 088,tablet,cdli_id,P223,P692,external-id,P237449,,ready,cdli_json,
237449,NEEDS_QID,PRT 088,tablet,instance_of,P2,P2,wikibase-item,Q512006,Clay tablet,ready,CDLI_Object,
237449,NEEDS_QID,PRT 088,tablet,period,P245,P853,wikibase-item,Q512158,Neo-Assyrian Period,ready,CDLI_Period,
237449,NEEDS_QID,PRT 088,tablet,language,P18,P18,wikibase-item,Q471146,Akkadian,ready,CDLI_Lang,
237449,NEEDS_QID,PRT 088,tablet,type_of_work,P126,P121,wikibase-item,Q246074,Divination,ready,CDLI_Genre|factgrid_upload_table,
237449,NEEDS_QID,PRT 088,tablet,material,P391,P401,wikibase-item,Q471153,Clay,ready,CDLI_Material,
237449,NEEDS_QID,PRT 088,tablet,present_holding,P203,P329,wikibase-item,Q102010,British Museum Collection,ready,museum_FG,
237449,NEEDS_QID,PRT 088,tablet,inventory_number,P10,P10,string,BM —,,ready,cdli_json,
237449,NEEDS_QID,PRT 088,tablet,finding_spot,P224,P695,wikibase-item,Q390025,Nīnūa,ready,provenience_lookup,
111484,NEEDS_QID,"ITT 5, 06774",tablet,cdli_id,P223,P692,external-id,P111484,,ready,cdli_json,
111484,NEEDS_QID,"ITT 5, 06774",tablet,instance_of,P2,P2,wikibase-item,Q512006,Clay tablet,ready,CDLI_Object,
111484,NEEDS_QID,"ITT 5, 06774",tablet,period,P245,P853,wikibase-item,Q512148,Ur III Period,ready,CDLI_Period,
111484,NEEDS_QID,"ITT 5, 06774",tablet,language,P18,P18,wikibase-item,Q471149,Sumerian,ready,CDLI_Lang,
111484,NEEDS_QID,"ITT 5, 06774",tablet,type_of_work,P126,P121,wikibase-item,Q394396,Administrative,ready,CDLI_Genre,
111484,NEEDS_QID,"ITT 5, 06774",tablet,material,P391,P401,wikibase-item,Q471153,Clay,ready,CDLI_Material,
111484,NEEDS_QID,"ITT 5, 06774",tablet,present_holding,P203,P329,wikibase-item,Q511898,Istanbul Archaeology Museum,ready,museum_FG,
111484,NEEDS_QID,"ITT 5, 06774",tablet,inventory_number,P10,P10,string,Ist L 06774,,ready,cdli_json,
111484,NEEDS_QID,"ITT 5, 06774",tablet,finding_spot,P224,P695,wikibase-item,Q389832,Girsu (mod. Tello),ready,provenience_lookup,
235474,NEEDS_QID,USC 6663,tablet,cdli_id,P223,P692,external-id,P235474,,ready,cdli_json,
235474,NEEDS_QID,USC 6663,tablet,instance_of,P2,P2,wikibase-item,Q512006,Clay tablet,ready,CDLI_Object,
235474,NEEDS_QID,USC 6663,tablet,period,P245,P853,wikibase-item,Q512148,Ur III Period,ready,CDLI_Period,
235474,NEEDS_QID,USC 6663,tablet,language,P18,P18,wikibase-item,Q471149,Sumerian,ready,CDLI_Lang,
235474,NEEDS_QID,USC 6663,tablet,type_of_work,P126,P121,wikibase-item,Q394396,Administrative,ready,CDLI_Genre,
235474,NEEDS_QID,USC 6663,tablet,material,P391,P401,wikibase-item,Q471153,Clay,ready,CDLI_Material,
235474,NEEDS_QID,USC 6663,tablet,present_holding,P203,P329,wikibase-item,Q511879,"Archaeological Research Collection, University of Southern California Collection",ready,museum_FG,
235474,NEEDS_QID,USC 6663,tablet,inventory_number,P10,P10,string,USC 6663,,ready,cdli_json,
235474,NEEDS_QID,USC 6663,tablet,finding_spot,P224,P695,wikibase-item,Q389833,Umma (mod. Tell Jokha),ready,provenience_lookup,
201828,NEEDS_QID,"Nisaba 03/1, 197",tablet,cdli_id,P223,P692,external-id,P201828,,ready,cdli_json,
201828,NEEDS_QID,"Nisaba 03/1, 197",tablet,instance_of,P2,P2,wikibase-item,Q512006,Clay tablet,ready,CDLI_Object,
201828,NEEDS_QID,"Nisaba 03/1, 197",tablet,period,P245,P853,wikibase-item,Q512148,Ur III Period,ready,CDLI_Period,
201828,NEEDS_QID,"Nisaba 03/1, 197",tablet,language,P18,P18,wikibase-item,Q471149,Sumerian,ready,CDLI_Lang,
201828,NEEDS_QID,"Nisaba 03/1, 197",tablet,type_of_work,P126,P121,wikibase-item,Q394396,Administrative,ready,CDLI_Genre,
201828,NEEDS_QID,"Nisaba 03/1, 197",tablet,material,P391,P401,wikibase-item,Q471153,Clay,ready,CDLI_Material,
201828,NEEDS_QID,"Nisaba 03/1, 197",tablet,present_holding,P203,P329,wikibase-item,Q102010,British Museum Collection,ready,museum_FG,
201828,NEEDS_QID,"Nisaba 03/1, 197",tablet,inventory_number,P10,P10,string,BM 105903,,ready,cdli_json,
201828,NEEDS_QID,"Nisaba 03/1, 197",tablet,finding_spot,P224,P695,wikibase-item,Q389833,Umma (mod. Tell Jokha),ready,provenience_lookup,
405431,NEEDS_QID,"UF 10, 152 25",tablet,cdli_id,P223,P692,external-id,P405431,,ready,cdli_json,
405431,NEEDS_QID,"UF 10, 152 25",tablet,instance_of,P2,P2,wikibase-item,Q512006,Clay tablet,ready,CDLI_Object,
405431,NEEDS_QID,"UF 10, 152 25",tablet,period,P245,P853,wikibase-item,Q512152,Old Babylonian Period,ready,CDLI_Period,
405431,NEEDS_QID,"UF 10, 152 25",tablet,language,P18,P18,wikibase-item,Q471146,Akkadian,ready,CDLI_Lang,
405431,NEEDS_QID,"UF 10, 152 25",tablet,type_of_work,P126,P121,wikibase-item,Q394396,Administrative,ready,CDLI_Genre,
405431,NEEDS_QID,"UF 10, 152 25",tablet,material,P391,P401,wikibase-item,Q471153,Clay,ready,CDLI_Material,
405431,NEEDS_QID,"UF 10, 152 25",tablet,present_holding,P203,P329,wikibase-item,Q102010,British Museum Collection,ready,museum_FG,
405431,NEEDS_QID,"UF 10, 152 25",tablet,inventory_number,P10,P10,string,BM 014084,,ready,cdli_json,
405431,NEEDS_QID,"UF 10, 152 25",tablet,finding_spot,P224,P695,wikibase-item,Q390030,Uruk (mod. Warka),ready,provenience_lookup,
500551,NEEDS_QID,"RINAP 4 Esarhaddon add144, ex. 013",tablet,cdli_id,P223,P692,external-id,P500551,,ready,cdli_json,
500551,NEEDS_QID,"RINAP 4 Esarhaddon add144, ex. 013",tablet,instance_of,P2,P2,wikibase-item,Q512006,Clay tablet,ready,CDLI_Object,
500551,NEEDS_QID,"RINAP 4 Esarhaddon add144, ex. 013",tablet,period,P245,P853,wikibase-item,Q512158,Neo-Assyrian Period,ready,CDLI_Period,
500551,NEEDS_QID,"RINAP 4 Esarhaddon add144, ex. 013",tablet,language,P18,P18,wikibase-item,Q471146,Akkadian,ready,CDLI_Lang,
500551,NEEDS_QID,"RINAP 4 Esarhaddon add144, ex. 013",tablet,type_of_work,P126,P121,wikibase-item,Q537039,Official or display,ready,CDLI_Genre|factgrid_upload_table,
500551,NEEDS_QID,"RINAP 4 Esarhaddon add144, ex. 013",tablet,material,P391,P401,wikibase-item,Q471153,Clay,ready,CDLI_Material,
500551,NEEDS_QID,"RINAP 4 Esarhaddon add144, ex. 013",tablet,inventory_number,P10,P10,string,Ant —,,ready,cdli_json,
500551,NEEDS_QID,"RINAP 4 Esarhaddon add144, ex. 013",tablet,finding_spot,P224,P695,wikibase-item,Q389916,Unqi,ready,provenience_lookup,
103840,NEEDS_QID,"AUCT 2, 021",tablet,cdli_id,P223,P692,external-id,P103840,,ready,cdli_json,
103840,NEEDS_QID,"AUCT 2, 021",tablet,instance_of,P2,P2,wikibase-item,Q512006,Clay tablet,ready,CDLI_Object,
103840,NEEDS_QID,"AUCT 2, 021",tablet,period,P245,P853,wikibase-item,Q512148,Ur III Period,ready,CDLI_Period,
103840,NEEDS_QID,"AUCT 2, 021",tablet,language,P18,P18,wikibase-item,Q471149,Sumerian,ready,CDLI_Lang,
103840,NEEDS_QID,"AUCT 2, 021",tablet,type_of_work,P126,P121,wikibase-item,Q394396,Administrative,ready,CDLI_Genre,
103840,NEEDS_QID,"AUCT 2, 021",tablet,material,P391,P401,wikibase-item,Q471153,Clay,ready,CDLI_Material,
103840,NEEDS_QID,"AUCT 2, 021",tablet,inventory_number,P10,P10,string,AUAM 73.2608,,ready,cdli_json,
103840,NEEDS_QID,"AUCT 2, 021",tablet,finding_spot,P224,P695,wikibase-item,Q389903,Puzriš-Dagan (mod. Drehem),ready,provenience_lookup,
216314,NEEDS_QID,"OSP 2, 160",tablet,cdli_id,P223,P692,external-id,P216314,,ready,cdli_json,
216314,NEEDS_QID,"OSP 2, 160",tablet,instance_of,P2,P2,wikibase-item,Q512006,Clay tablet,ready,CDLI_Object,
216314,NEEDS_QID,"OSP 2, 160",tablet,period,P245,P853,wikibase-item,Q512144,Old Akkadian Period,ready,CDLI_Period,
216314,NEEDS_QID,"OSP 2, 160",tablet,type_of_work,P126,P121,wikibase-item,Q394396,Administrative,ready,CDLI_Genre,
216314,NEEDS_QID,"OSP 2, 160",tablet,material,P391,P401,wikibase-item,Q471153,Clay,ready,CDLI_Material,
216314,NEEDS_QID,"OSP 2, 160",tablet,present_holding,P203,P329,wikibase-item,Q511892,"Penn Museum, Philadelphia, Pennsylvania, USA",ready,museum_FG|factgrid_upload_table,
216314,NEEDS_QID,"OSP 2, 160",tablet,inventory_number,P10,P10,string,CBS 06245,,ready,cdli_json,
216314,NEEDS_QID,"OSP 2, 160",tablet,finding_spot,P224,P695,wikibase-item,Q390017,Nippur (mod. Nuffar),ready,provenience_lookup,
345414,NEEDS_QID,"CDLI Literary 000651, ex. 001",tablet,cdli_id,P223,P692,external-id,P345414,,ready,cdli_json,
345414,NEEDS_QID,"CDLI Literary 000651, ex. 001",tablet,instance_of,P2,P2,wikibase-item,Q512006,Clay tablet,ready,CDLI_Object,
345414,NEEDS_QID,"CDLI Literary 000651, ex. 001",tablet,period,P245,P853,wikibase-item,Q512152,Old Babylonian Period,ready,CDLI_Period,
345414,NEEDS_QID,"CDLI Literary 000651, ex. 001",tablet,language,P18,P18,wikibase-item,Q471149,Sumerian,ready,CDLI_Lang,
345414,NEEDS_QID,"CDLI Literary 000651, ex. 001",tablet,type_of_work,P126,P121,wikibase-item,Q245823,Literary,ready,CDLI_Genre,
345414,NEEDS_QID,"CDLI Literary 000651, ex. 001",tablet,material,P391,P401,wikibase-item,Q471153,Clay,ready,CDLI_Material,
345414,NEEDS_QID,"CDLI Literary 000651, ex. 001",tablet,present_holding,P203,P329,wikibase-item,Q511925,Louvre Collection,ready,museum_FG,
345414,NEEDS_QID,"CDLI Literary 000651, ex. 001",tablet,inventory_number,P10,P10,string,AO 06967,,ready,cdli_json,
536930,NEEDS_QID,AMM — unpublished unassigned ?,tablet,cdli_id,P223,P692,external-id,P536930,,ready,cdli_json,
536930,NEEDS_QID,AMM — unpublished unassigned ?,tablet,instance_of,P2,P2,wikibase-item,Q512006,Clay tablet,ready,CDLI_Object,
536930,NEEDS_QID,AMM — unpublished unassigned ?,tablet,period,P245,P853,wikibase-item,Q512151,Old Assyrian Period,ready,CDLI_Period,
536930,NEEDS_QID,AMM — unpublished unassigned ?,tablet,language,P18,P18,wikibase-item,Q471146,Akkadian,ready,CDLI_Lang,
536930,NEEDS_QID,AMM — unpublished unassigned ?,tablet,material,P391,P401,wikibase-item,Q471153,Clay,ready,CDLI_Material,
536930,NEEDS_QID,AMM — unpublished unassigned ?,tablet,inventory_number,P10,P10,string,AMM —,,ready,cdli_json,
536930,NEEDS_QID,AMM — unpublished unassigned ?,tablet,finding_spot,P224,P695,wikibase-item,Q390036,Kanesh (mod. Kültepe),ready,provenience_lookup,
369081,NEEDS_QID,KAR 100,tablet,cdli_id,P223,P692,external-id,P369081,,ready,cdli_json,
369081,NEEDS_QID,KAR 100,tablet,instance_of,P2,P2,wikibase-item,Q512006,Clay tablet,ready,CDLI_Object,
369081,NEEDS_QID,KAR 100,tablet,period,P245,P853,wikibase-item,Q512158,Neo-Assyrian Period,ready,CDLI_Period,
369081,NEEDS_QID,KAR 100,tablet,language,P18,P18,wikibase-item,Q471146,Akkadian,ready,CDLI_Lang,
369081,NEEDS_QID,KAR 100,tablet,type_of_work,P126,P121,wikibase-item,Q245823,Literary,ready,CDLI_Genre,
369081,NEEDS_QID,KAR 100,tablet,material,P391,P401,wikibase-item,Q471153,Clay,ready,CDLI_Material,
369081,NEEDS_QID,KAR 100,tablet,present_holding,P203,P329,wikibase-item,Q510658,Vorderasiatisches Museum,ready,museum_FG,
369081,NEEDS_QID,KAR 100,tablet,inventory_number,P10,P10,string,VAT 10380,,ready,cdli_json,
369081,NEEDS_QID,KAR 100,tablet,finding_spot,P224,P695,wikibase-item,Q390001,Assur,ready,provenience_lookup,
242549,NEEDS_QID,NMSI —,tablet,cdli_id,P223,P692,external-id,P242549,,ready,cdli_json,
242549,NEEDS_QID,NMSI —,tablet,instance_of,P2,P2,wikibase-item,Q512006,Clay tablet,ready,CDLI_Object,
242549,NEEDS_QID,NMSI —,tablet,period,P245,P853,wikibase-item,Q512143,Ebla Period,ready,CDLI_Period,
242549,NEEDS_QID,NMSI —,tablet,language,P18,P18,wikibase-item,Q471146,Eblaite,ready,CDLI_Lang,
242549,NEEDS_QID,NMSI —,tablet,type_of_work,P126,P121,wikibase-item,Q537054,Lexical,ready,CDLI_Genre,
242549,NEEDS_QID,NMSI —,tablet,material,P391,P401,wikibase-item,Q471153,Clay,ready,CDLI_Material,
242549,NEEDS_QID,NMSI —,tablet,inventory_number,P10,P10,string,NMSI —,,ready,cdli_json,
242549,NEEDS_QID,NMSI —,tablet,finding_spot,P224,P695,wikibase-item,Q389938,Ebla (mod. Tell Mardikh),ready,provenience_lookup,
392533,NEEDS_QID,"JAOS 098, 255 10",tablet,cdli_id,P223,P692,external-id,P392533,,ready,cdli_json,
392533,NEEDS_QID,"JAOS 098, 255 10",tablet,instance_of,P2,P2,wikibase-item,Q512006,Clay tablet,ready,CDLI_Object,
392533,NEEDS_QID,"JAOS 098, 255 10",tablet,period,P245,P853,wikibase-item,Q512150,Early Old Babylonian Period,ready,CDLI_Period,
392533,NEEDS_QID,"JAOS 098, 255 10",tablet,language,P18,P18,wikibase-item,Q471149,Sumerian,ready,CDLI_Lang,
392533,NEEDS_QID,"JAOS 098, 255 10",tablet,type_of_work,P126,P121,wikibase-item,Q394396,Administrative,ready,CDLI_Genre,
392533,NEEDS_QID,"JAOS 098, 255 10",tablet,material,P391,P401,wikibase-item,Q471153,Clay,ready,CDLI_Material,
392533,NEEDS_QID,"JAOS 098, 255 10",tablet,present_holding,P203,P329,wikibase-item,Q511904,"Institute for the Study of Ancient Cultures West Asia & North Africa Museum, Chicago, Illinois, USA",ready,museum_FG|factgrid_upload_table,
392533,NEEDS_QID,"JAOS 098, 255 10",tablet,inventory_number,P10,P10,string,OIM A35196,,ready,cdli_json,
392533,NEEDS_QID,"JAOS 098, 255 10",tablet,finding_spot,P224,P695,wikibase-item,Q389800,Isin (mod. Bahriyat),ready,provenience_lookup,
359437,NEEDS_QID,"ICK 1, 039a+b+c",tablet & envelope,cdli_id,P223,P692,external-id,P359437,,ready,cdli_json,
359437,NEEDS_QID,"ICK 1, 039a+b+c",tablet & envelope,period,P245,P853,wikibase-item,Q512151,Old Assyrian Period,ready,CDLI_Period,
359437,NEEDS_QID,"ICK 1, 039a+b+c",tablet & envelope,language,P18,P18,wikibase-item,Q471146,Akkadian,ready,CDLI_Lang,
359437,NEEDS_QID,"ICK 1, 039a+b+c",tablet & envelope,material,P391,P401,wikibase-item,Q471153,Clay,ready,CDLI_Material,
359437,NEEDS_QID,"ICK 1, 039a+b+c",tablet & envelope,present_holding,P203,P329,wikibase-item,Q511898,Istanbul Archaeology Museum,ready,museum_FG,
359437,NEEDS_QID,"ICK 1, 039a+b+c",tablet & envelope,inventory_number,P10,P10,string,Ist Ka 0942+0925,,ready,cdli_json,
359437,NEEDS_QID,"ICK 1, 039a+b+c",tablet & envelope,finding_spot,P224,P695,wikibase-item,Q390036,Kanesh (mod. Kültepe),ready,provenience_lookup,
464122,NEEDS_QID,"CDLI Literary 000751, ex. 002",tablet,cdli_id,P223,P692,external-id,P464122,,ready,cdli_json,
464122,NEEDS_QID,"CDLI Literary 000751, ex. 002",tablet,instance_of,P2,P2,wikibase-item,Q512006,Clay tablet,ready,CDLI_Object,
464122,NEEDS_QID,"CDLI Literary 000751, ex. 002",tablet,period,P245,P853,wikibase-item,Q512152,Old Babylonian Period,ready,CDLI_Period,
464122,NEEDS_QID,"CDLI Literary 000751, ex. 002",tablet,language,P18,P18,wikibase-item,Q471149,Sumerian,ready,CDLI_Lang,
464122,NEEDS_QID,"CDLI Literary 000751, ex. 002",tablet,type_of_work,P126,P121,wikibase-item,Q245823,Literary,ready,CDLI_Genre,
464122,NEEDS_QID,"CDLI Literary 000751, ex. 002",tablet,material,P391,P401,wikibase-item,Q471153,Clay,ready,CDLI_Material,
464122,NEEDS_QID,"CDLI Literary 000751, ex. 002",tablet,present_holding,P203,P329,wikibase-item,Q511898,Istanbul Archaeology Museum,ready,museum_FG,
464122,NEEDS_QID,"CDLI Literary 000751, ex. 002",tablet,inventory_number,P10,P10,string,Ist Ni 01992bis,,ready,cdli_json,
464122,NEEDS_QID,"CDLI Literary 000751, ex. 002",tablet,finding_spot,P224,P695,wikibase-item,Q390017,Nippur (mod. Nuffar),ready,provenience_lookup,
324107,NEEDS_QID,"CUSAS 03, 0959",tablet,cdli_id,P223,P692,external-id,P324107,,ready,cdli_json,
324107,NEEDS_QID,"CUSAS 03, 0959",tablet,instance_of,P2,P2,wikibase-item,Q512006,Clay tablet,ready,CDLI_Object,
324107,NEEDS_QID,"CUSAS 03, 0959",tablet,period,P245,P853,wikibase-item,Q512148,Ur III Period,ready,CDLI_Period,
324107,NEEDS_QID,"CUSAS 03, 0959",tablet,language,P18,P18,wikibase-item,Q471149,Sumerian,ready,CDLI_Lang,
324107,NEEDS_QID,"CUSAS 03, 0959",tablet,type_of_work,P126,P121,wikibase-item,Q394396,Administrative,ready,CDLI_Genre,
324107,NEEDS_QID,"CUSAS 03, 0959",tablet,material,P391,P401,wikibase-item,Q471153,Clay,ready,CDLI_Material,
324107,NEEDS_QID,"CUSAS 03, 0959",tablet,inventory_number,P10,P10,string,CUNES 49-15-101,,ready,cdli_json,
324107,NEEDS_QID,"CUSAS 03, 0959",tablet,finding_spot,P224,P695,wikibase-item,Q389888,Garšana (mod. uncertain),ready,provenience_lookup,
102752,NEEDS_QID,"ASJ 19, 222 66",tablet,cdli_id,P223,P692,external-id,P102752,,ready,cdli_json,
102752,NEEDS_QID,"ASJ 19, 222 66",tablet,instance_of,P2,P2,wikibase-item,Q512006,Clay tablet,ready,CDLI_Object,
102752,NEEDS_QID,"ASJ 19, 222 66",tablet,period,P245,P853,wikibase-item,Q512148,Ur III Period,ready,CDLI_Period,
102752,NEEDS_QID,"ASJ 19, 222 66",tablet,language,P18,P18,wikibase-item,Q471149,Sumerian,ready,CDLI_Lang,
102752,NEEDS_QID,"ASJ 19, 222 66",tablet,type_of_work,P126,P121,wikibase-item,Q394396,Administrative,ready,CDLI_Genre,
102752,NEEDS_QID,"ASJ 19, 222 66",tablet,material,P391,P401,wikibase-item,Q471153,Clay,ready,CDLI_Material,
102752,NEEDS_QID,"ASJ 19, 222 66",tablet,inventory_number,P10,P10,string,NHMU 3862,,ready,cdli_json,
102752,NEEDS_QID,"ASJ 19, 222 66",tablet,finding_spot,P224,P695,wikibase-item,Q389833,Umma (mod. Tell Jokha),ready,provenience_lookup,
221067,NEEDS_QID,DP 417,tablet,cdli_id,P223,P692,external-id,P221067,,ready,cdli_json,
221067,NEEDS_QID,DP 417,tablet,instance_of,P2,P2,wikibase-item,Q512006,Clay tablet,ready,CDLI_Object,
221067,NEEDS_QID,DP 417,tablet,period,P245,P853,wikibase-item,Q512142,ED IIIb,ready,CDLI_Period,
221067,NEEDS_QID,DP 417,tablet,language,P18,P18,wikibase-item,Q471149,Sumerian,ready,CDLI_Lang,
221067,NEEDS_QID,DP 417,tablet,type_of_work,P126,P121,wikibase-item,Q394396,Administrative,ready,CDLI_Genre,
221067,NEEDS_QID,DP 417,tablet,material,P391,P401,wikibase-item,Q471153,Clay,ready,CDLI_Material,
221067,NEEDS_QID,DP 417,tablet,present_holding,P203,P329,wikibase-item,Q511925,Louvre Collection,ready,museum_FG,
221067,NEEDS_QID,DP 417,tablet,inventory_number,P10,P10,string,AO 13623,,ready,cdli_json,
221067,NEEDS_QID,DP 417,tablet,finding_spot,P224,P695,wikibase-item,Q389832,Girsu (mod. Tello),ready,provenience_lookup,
290396,NEEDS_QID,"BPOA 07, 1571",tablet,cdli_id,P223,P692,external-id,P290396,,ready,cdli_json,
290396,NEEDS_QID,"BPOA 07, 1571",tablet,instance_of,P2,P2,wikibase-item,Q512006,Clay tablet,ready,CDLI_Object,
290396,NEEDS_QID,"BPOA 07, 1571",tablet,period,P245,P853,wikibase-item,Q512148,Ur III Period,ready,CDLI_Period,
290396,NEEDS_QID,"BPOA 07, 1571",tablet,language,P18,P18,wikibase-item,Q471149,Sumerian,ready,CDLI_Lang,
290396,NEEDS_QID,"BPOA 07, 1571",tablet,type_of_work,P126,P121,wikibase-item,Q394396,Administrative,ready,CDLI_Genre,
290396,NEEDS_QID,"BPOA 07, 1571",tablet,material,P391,P401,wikibase-item,Q471153,Clay,ready,CDLI_Material,
290396,NEEDS_QID,"BPOA 07, 1571",tablet,present_holding,P203,P329,wikibase-item,Q511899,"Nies Babylonian Collection, Yale Babylonian Collection",ready,museum_FG,
290396,NEEDS_QID,"BPOA 07, 1571",tablet,inventory_number,P10,P10,string,NBC 01536,,ready,cdli_json,
290396,NEEDS_QID,"BPOA 07, 1571",tablet,finding_spot,P224,P695,wikibase-item,Q389833,Umma (mod. Tell Jokha),ready,provenience_lookup,
346392,NEEDS_QID,"UET 6, 0345",tablet,cdli_id,P223,P692,external-id,P346392,,ready,cdli_json,
346392,NEEDS_QID,"UET 6, 0345",tablet,instance_of,P2,P2,wikibase-item,Q512006,Clay tablet,ready,CDLI_Object,
346392,NEEDS_QID,"UET 6, 0345",tablet,period,P245,P853,wikibase-item,Q512152,Old Babylonian Period,ready,CDLI_Period,
346392,NEEDS_QID,"UET 6, 0345",tablet,material,P391,P401,wikibase-item,Q471153,Clay,ready,CDLI_Material,
346392,NEEDS_QID,"UET 6, 0345",tablet,present_holding,P203,P329,wikibase-item,Q102010,British Museum Collection,ready,museum_FG,
346392,NEEDS_QID,"UET 6, 0345",tablet,inventory_number,P10,P10,string,BM —,,ready,cdli_json,
346392,NEEDS_QID,"UET 6, 0345",tablet,finding_spot,P224,P695,wikibase-item,Q389877,Ur (mod. Tell Muqayyar),ready,provenience_lookup,
131462,NEEDS_QID,"SAT 1, 357",tablet,cdli_id,P223,P692,external-id,P131462,,ready,cdli_json,
131462,NEEDS_QID,"SAT 1, 357",tablet,instance_of,P2,P2,wikibase-item,Q512006,Clay tablet,ready,CDLI_Object,
131462,NEEDS_QID,"SAT 1, 357",tablet,period,P245,P853,wikibase-item,Q512148,Ur III Period,ready,CDLI_Period,
131462,NEEDS_QID,"SAT 1, 357",tablet,language,P18,P18,wikibase-item,Q471149,Sumerian,ready,CDLI_Lang,
131462,NEEDS_QID,"SAT 1, 357",tablet,type_of_work,P126,P121,wikibase-item,Q394396,Administrative,ready,CDLI_Genre,
131462,NEEDS_QID,"SAT 1, 357",tablet,material,P391,P401,wikibase-item,Q471153,Clay,ready,CDLI_Material,
131462,NEEDS_QID,"SAT 1, 357",tablet,present_holding,P203,P329,wikibase-item,Q102010,British Museum Collection,ready,museum_FG,
131462,NEEDS_QID,"SAT 1, 357",tablet,inventory_number,P10,P10,string,BM 021173,,ready,cdli_json,
131462,NEEDS_QID,"SAT 1, 357",tablet,finding_spot,P224,P695,wikibase-item,Q389832,Girsu (mod. Tello),ready,provenience_lookup,
107803,NEEDS_QID,CST (JRL) 289,tablet,cdli_id,P223,P692,external-id,P107803,,ready,cdli_json,
107803,NEEDS_QID,CST (JRL) 289,tablet,instance_of,P2,P2,wikibase-item,Q512006,Clay tablet,ready,CDLI_Object,
107803,NEEDS_QID,CST (JRL) 289,tablet,period,P245,P853,wikibase-item,Q512148,Ur III Period,ready,CDLI_Period,
107803,NEEDS_QID,CST (JRL) 289,tablet,language,P18,P18,wikibase-item,Q471149,Sumerian,ready,CDLI_Lang,
107803,NEEDS_QID,CST (JRL) 289,tablet,type_of_work,P126,P121,wikibase-item,Q394396,Administrative,ready,CDLI_Genre,
107803,NEEDS_QID,CST (JRL) 289,tablet,material,P391,P401,wikibase-item,Q471153,Clay,ready,CDLI_Material,
107803,NEEDS_QID,CST (JRL) 289,tablet,present_holding,P203,P329,wikibase-item,Q511942,John Rylands Research Institute and Library,ready,museum_FG,
107803,NEEDS_QID,CST (JRL) 289,tablet,inventory_number,P10,P10,string,JRL 0289,,ready,cdli_json,
107803,NEEDS_QID,CST (JRL) 289,tablet,finding_spot,P224,P695,wikibase-item,Q389903,Puzriš-Dagan (mod. Drehem),ready,provenience_lookup,
215492,NEEDS_QID,"MC 4, 68",tablet,cdli_id,P223,P692,external-id,P215492,,ready,cdli_json,
215492,NEEDS_QID,"MC 4, 68",tablet,instance_of,P2,P2,wikibase-item,Q512006,Clay tablet,ready,CDLI_Object,
215492,NEEDS_QID,"MC 4, 68",tablet,period,P245,P853,wikibase-item,Q512144,Old Akkadian Period,ready,CDLI_Period,
215492,NEEDS_QID,"MC 4, 68",tablet,type_of_work,P126,P121,wikibase-item,Q394396,Administrative,ready,CDLI_Genre,
215492,NEEDS_QID,"MC 4, 68",tablet,material,P391,P401,wikibase-item,Q471153,Clay,ready,CDLI_Material,
215492,NEEDS_QID,"MC 4, 68",tablet,present_holding,P203,P329,wikibase-item,Q511874,Iraq Museum,ready,museum_FG,
215492,NEEDS_QID,"MC 4, 68",tablet,inventory_number,P10,P10,string,IM 044018,,ready,cdli_json,
212357,NEEDS_QID,DAS 289,tablet,cdli_id,P223,P692,external-id,P212357,,ready,cdli_json,
212357,NEEDS_QID,DAS 289,tablet,instance_of,P2,P2,wikibase-item,Q512006,Clay tablet,ready,CDLI_Object,
212357,NEEDS_QID,DAS 289,tablet,period,P245,P853,wikibase-item,Q512148,Ur III Period,ready,CDLI_Period,
212357,NEEDS_QID,DAS 289,tablet,language,P18,P18,wikibase-item,Q471149,Sumerian,ready,CDLI_Lang,
212357,NEEDS_QID,DAS 289,tablet,type_of_work,P126,P121,wikibase-item,Q394396,Administrative,ready,CDLI_Genre,
212357,NEEDS_QID,DAS 289,tablet,material,P391,P401,wikibase-item,Q471153,Clay,ready,CDLI_Material,
212357,NEEDS_QID,DAS 289,tablet,present_holding,P203,P329,wikibase-item,Q511925,Louvre Collection,ready,museum_FG,
212357,NEEDS_QID,DAS 289,tablet,inventory_number,P10,P10,string,AO 27492,,ready,cdli_json,
212357,NEEDS_QID,DAS 289,tablet,finding_spot,P224,P695,wikibase-item,Q389832,Girsu (mod. Tello),ready,provenience_lookup,
239007,NEEDS_QID,AGS 166,tablet,cdli_id,P223,P692,external-id,P239007,,ready,cdli_json,
239007,NEEDS_QID,AGS 166,tablet,instance_of,P2,P2,wikibase-item,Q512006,Clay tablet,ready,CDLI_Object,
239007,NEEDS_QID,AGS 166,tablet,period,P245,P853,wikibase-item,Q512158,Neo-Assyrian Period,ready,CDLI_Period,
239007,NEEDS_QID,AGS 166,tablet,language,P18,P18,wikibase-item,Q471146,Akkadian,ready,CDLI_Lang,
239007,NEEDS_QID,AGS 166,tablet,type_of_work,P126,P121,wikibase-item,Q246074,Divination,ready,CDLI_Genre|factgrid_upload_table,
239007,NEEDS_QID,AGS 166,tablet,material,P391,P401,wikibase-item,Q471153,Clay,ready,CDLI_Material,
239007,NEEDS_QID,AGS 166,tablet,present_holding,P203,P329,wikibase-item,Q102010,British Museum Collection,ready,museum_FG,
239007,NEEDS_QID,AGS 166,tablet,inventory_number,P10,P10,string,BM —,,ready,cdli_json,
239007,NEEDS_QID,AGS 166,tablet,finding_spot,P224,P695,wikibase-item,Q390025,Nīnūa,ready,provenience_lookup,
106711,NEEDS_QID,"BIN 05, 277",tablet,cdli_id,P223,P692,external-id,P106711,,ready,cdli_json,
106711,NEEDS_QID,"BIN 05, 277",tablet,instance_of,P2,P2,wikibase-item,Q512006,Clay tablet,ready,CDLI_Object,
106711,NEEDS_QID,"BIN 05, 277",tablet,period,P245,P853,wikibase-item,Q512148,Ur III Period,ready,CDLI_Period,
106711,NEEDS_QID,"BIN 05, 277",tablet,language,P18,P18,wikibase-item,Q471149,Sumerian,ready,CDLI_Lang,
106711,NEEDS_QID,"BIN 05, 277",tablet,type_of_work,P126,P121,wikibase-item,Q394396,Administrative,ready,CDLI_Genre,
106711,NEEDS_QID,"BIN 05, 277",tablet,material,P391,P401,wikibase-item,Q471153,Clay,ready,CDLI_Material,
106711,NEEDS_QID,"BIN 05, 277",tablet,present_holding,P203,P329,wikibase-item,Q511899,"Nies Babylonian Collection, Yale Babylonian Collection",ready,museum_FG,
106711,NEEDS_QID,"BIN 05, 277",tablet,inventory_number,P10,P10,string,NBC 03455,,ready,cdli_json,
106711,NEEDS_QID,"BIN 05, 277",tablet,finding_spot,P224,P695,wikibase-item,Q389833,Umma (mod. Tell Jokha),ready,provenience_lookup,
374719,NEEDS_QID,"Nisaba 18, 040",tablet,cdli_id,P223,P692,external-id,P374719,,ready,cdli_json,
374719,NEEDS_QID,"Nisaba 18, 040",tablet,instance_of,P2,P2,wikibase-item,Q512006,Clay tablet,ready,CDLI_Object,
374719,NEEDS_QID,"Nisaba 18, 040",tablet,period,P245,P853,wikibase-item,Q512148,Ur III Period,ready,CDLI_Period,
374719,NEEDS_QID,"Nisaba 18, 040",tablet,language,P18,P18,wikibase-item,Q471149,Sumerian,ready,CDLI_Lang,
374719,NEEDS_QID,"Nisaba 18, 040",tablet,type_of_work,P126,P121,wikibase-item,Q394396,Administrative,ready,CDLI_Genre,
374719,NEEDS_QID,"Nisaba 18, 040",tablet,material,P391,P401,wikibase-item,Q471153,Clay,ready,CDLI_Material,
374719,NEEDS_QID,"Nisaba 18, 040",tablet,present_holding,P203,P329,wikibase-item,Q102010,British Museum Collection,ready,museum_FG,
374719,NEEDS_QID,"Nisaba 18, 040",tablet,inventory_number,P10,P10,string,BM 094018,,ready,cdli_json,
374719,NEEDS_QID,"Nisaba 18, 040",tablet,finding_spot,P224,P695,wikibase-item,Q389832,Girsu (mod. Tello),ready,provenience_lookup,
225024,NEEDS_QID,"TIM 10, 047",tablet,cdli_id,P223,P692,external-id,P225024,,ready,cdli_json,
225024,NEEDS_QID,"TIM 10, 047",tablet,instance_of,P2,P2,wikibase-item,Q512006,Clay tablet,ready,CDLI_Object,
225024,NEEDS_QID,"TIM 10, 047",tablet,period,P245,P853,wikibase-item,Q512152,Old Babylonian Period,ready,CDLI_Period,
225024,NEEDS_QID,"TIM 10, 047",tablet,material,P391,P401,wikibase-item,Q471153,Clay,ready,CDLI_Material,
225024,NEEDS_QID,"TIM 10, 047",tablet,present_holding,P203,P329,wikibase-item,Q511874,Iraq Museum,ready,museum_FG,
225024,NEEDS_QID,"TIM 10, 047",tablet,inventory_number,P10,P10,string,IM 051896,,ready,cdli_json,
369828,NEEDS_QID,"MDP 27, 080",tablet,cdli_id,P223,P692,external-id,P369828,,ready,cdli_json,
369828,NEEDS_QID,"MDP 27, 080",tablet,instance_of,P2,P2,wikibase-item,Q512006,Clay tablet,ready,CDLI_Object,
369828,NEEDS_QID,"MDP 27, 080",tablet,period,P245,P853,wikibase-item,Q512152,Old Babylonian Period,ready,CDLI_Period,
369828,NEEDS_QID,"MDP 27, 080",tablet,material,P391,P401,wikibase-item,Q471153,Clay,ready,CDLI_Material,
369828,NEEDS_QID,"MDP 27, 080",tablet,inventory_number,P10,P10,string,NMI BK — ?,,ready,cdli_json,
369828,NEEDS_QID,"MDP 27, 080",tablet,finding_spot,P224,P695,wikibase-item,Q389723,Susa (mod. Shush),ready,provenience_lookup,
536199,NEEDS_QID,"AKT 8, 065",tablet,cdli_id,P223,P692,external-id,P536199,,ready,cdli_json,
536199,NEEDS_QID,"AKT 8, 065",tablet,instance_of,P2,P2,wikibase-item,Q512006,Clay tablet,ready,CDLI_Object,
536199,NEEDS_QID,"AKT 8, 065",tablet,period,P245,P853,wikibase-item,Q512151,Old Assyrian Period,ready,CDLI_Period,
536199,NEEDS_QID,"AKT 8, 065",tablet,language,P18,P18,wikibase-item,Q471146,Akkadian,ready,CDLI_Lang,
536199,NEEDS_QID,"AKT 8, 065",tablet,material,P391,P401,wikibase-item,Q471153,Clay,ready,CDLI_Material,
536199,NEEDS_QID,"AKT 8, 065",tablet,inventory_number,P10,P10,string,AMM 001-251-91,,ready,cdli_json,
536199,NEEDS_QID,"AKT 8, 065",tablet,finding_spot,P224,P695,wikibase-item,Q390036,Kanesh (mod. Kültepe),ready,provenience_lookup,
303624,NEEDS_QID,"BPOA 07, 2840",tablet,cdli_id,P223,P692,external-id,P303624,,ready,cdli_json,
303624,NEEDS_QID,"BPOA 07, 2840",tablet,instance_of,P2,P2,wikibase-item,Q512006,Clay tablet,ready,CDLI_Object,
303624,NEEDS_QID,"BPOA 07, 2840",tablet,period,P245,P853,wikibase-item,Q512148,Ur III Period,ready,CDLI_Period,
303624,NEEDS_QID,"BPOA 07, 2840",tablet,language,P18,P18,wikibase-item,Q471149,Sumerian,ready,CDLI_Lang,
303624,NEEDS_QID,"BPOA 07, 2840",tablet,type_of_work,P126,P121,wikibase-item,Q394396,Administrative,ready,CDLI_Genre,
303624,NEEDS_QID,"BPOA 07, 2840",tablet,material,P391,P401,wikibase-item,Q471153,Clay,ready,CDLI_Material,
303624,NEEDS_QID,"BPOA 07, 2840",tablet,present_holding,P203,P329,wikibase-item,Q511899,"Newell Collections of Babylonian Tablets, Yale Babylonian Collection",ready,museum_FG,
303624,NEEDS_QID,"BPOA 07, 2840",tablet,inventory_number,P10,P10,string,NCBT 01578,,ready,cdli_json,
303624,NEEDS_QID,"BPOA 07, 2840",tablet,finding_spot,P224,P695,wikibase-item,Q389903,Puzriš-Dagan (mod. Drehem),ready,provenience_lookup,
125071,NEEDS_QID,"OrSP 47-49, 182",tablet,cdli_id,P223,P692,external-id,P125071,,ready,cdli_json,
125071,NEEDS_QID,"OrSP 47-49, 182",tablet,instance_of,P2,P2,wikibase-item,Q512006,Clay tablet,ready,CDLI_Object,
125071,NEEDS_QID,"OrSP 47-49, 182",tablet,period,P245,P853,wikibase-item,Q512148,Ur III Period,ready,CDLI_Period,
125071,NEEDS_QID,"OrSP 47-49, 182",tablet,language,P18,P18,wikibase-item,Q471149,Sumerian,ready,CDLI_Lang,
125071,NEEDS_QID,"OrSP 47-49, 182",tablet,type_of_work,P126,P121,wikibase-item,Q394396,Administrative,ready,CDLI_Genre,
125071,NEEDS_QID,"OrSP 47-49, 182",tablet,material,P391,P401,wikibase-item,Q471153,Clay,ready,CDLI_Material,
125071,NEEDS_QID,"OrSP 47-49, 182",tablet,present_holding,P203,P329,wikibase-item,Q510658,Vorderasiatisches Museum,ready,museum_FG,
125071,NEEDS_QID,"OrSP 47-49, 182",tablet,inventory_number,P10,P10,string,VAT 07300,,ready,cdli_json,
125071,NEEDS_QID,"OrSP 47-49, 182",tablet,finding_spot,P224,P695,wikibase-item,Q389903,Puzriš-Dagan (mod. Drehem),ready,provenience_lookup,
201081,NEEDS_QID,"Princeton 2, 083",tablet,cdli_id,P223,P692,external-id,P201081,,ready,cdli_json,
201081,NEEDS_QID,"Princeton 2, 083",tablet,instance_of,P2,P2,wikibase-item,Q512006,Clay tablet,ready,CDLI_Object,
201081,NEEDS_QID,"Princeton 2, 083",tablet,period,P245,P853,wikibase-item,Q512148,Ur III Period,ready,CDLI_Period,
201081,NEEDS_QID,"Princeton 2, 083",tablet,language,P18,P18,wikibase-item,Q471149,Sumerian,ready,CDLI_Lang,
201081,NEEDS_QID,"Princeton 2, 083",tablet,type_of_work,P126,P121,wikibase-item,Q394396,Administrative,ready,CDLI_Genre,
201081,NEEDS_QID,"Princeton 2, 083",tablet,material,P391,P401,wikibase-item,Q471153,Clay,ready,CDLI_Material,
201081,NEEDS_QID,"Princeton 2, 083",tablet,present_holding,P203,P329,wikibase-item,Q511896,Princeton Theological Seminary Collection,ready,museum_FG,
201081,NEEDS_QID,"Princeton 2, 083",tablet,inventory_number,P10,P10,string,PTS 0770,,ready,cdli_json,
201081,NEEDS_QID,"Princeton 2, 083",tablet,finding_spot,P224,P695,wikibase-item,Q389903,Puzriš-Dagan (mod. Drehem),ready,provenience_lookup,
20111,NEEDS_QID,"VS 14, 096",tablet,cdli_id,P223,P692,external-id,P020111,,ready,cdli_json,
20111,NEEDS_QID,"VS 14, 096",tablet,instance_of,P2,P2,wikibase-item,Q512006,Clay tablet,ready,CDLI_Object,
20111,NEEDS_QID,"VS 14, 096",tablet,period,P245,P853,wikibase-item,Q512142,ED IIIb,ready,CDLI_Period,
20111,NEEDS_QID,"VS 14, 096",tablet,language,P18,P18,wikibase-item,Q471149,Sumerian,ready,CDLI_Lang,
20111,NEEDS_QID,"VS 14, 096",tablet,type_of_work,P126,P121,wikibase-item,Q394396,Administrative,ready,CDLI_Genre,
20111,NEEDS_QID,"VS 14, 096",tablet,material,P391,P401,wikibase-item,Q471153,Clay,ready,CDLI_Material,
20111,NEEDS_QID,"VS 14, 096",tablet,present_holding,P203,P329,wikibase-item,Q510658,Vorderasiatisches Museum,ready,museum_FG,
20111,NEEDS_QID,"VS 14, 096",tablet,inventory_number,P10,P10,string,VAT 04782,,ready,cdli_json,
20111,NEEDS_QID,"VS 14, 096",tablet,finding_spot,P224,P695,wikibase-item,Q389832,Girsu (mod. Tello),ready,provenience_lookup,
120789,NEEDS_QID,NATN 091,tablet,cdli_id,P223,P692,external-id,P120789,,ready,cdli_json,
120789,NEEDS_QID,NATN 091,tablet,instance_of,P2,P2,wikibase-item,Q512006,Clay tablet,ready,CDLI_Object,
120789,NEEDS_QID,NATN 091,tablet,period,P245,P853,wikibase-item,Q512148,Ur III Period,ready,CDLI_Period,
120789,NEEDS_QID,NATN 091,tablet,language,P18,P18,wikibase-item,Q471149,Sumerian,ready,CDLI_Lang,
120789,NEEDS_QID,NATN 091,tablet,type_of_work,P126,P121,wikibase-item,Q394396,Administrative,ready,CDLI_Genre,
120789,NEEDS_QID,NATN 091,tablet,material,P391,P401,wikibase-item,Q471153,Clay,ready,CDLI_Material,
120789,NEEDS_QID,NATN 091,tablet,present_holding,P203,P329,wikibase-item,Q511892,"Penn Museum, Philadelphia, Pennsylvania, USA",ready,museum_FG|factgrid_upload_table,
120789,NEEDS_QID,NATN 091,tablet,inventory_number,P10,P10,string,CBS 08254,,ready,cdli_json,
120789,NEEDS_QID,NATN 091,tablet,finding_spot,P224,P695,wikibase-item,Q390017,Nippur (mod. Nuffar),ready,provenience_lookup,
527272,NEEDS_QID,"BATSH 6, 147",tablet,cdli_id,P223,P692,external-id,P527272,,ready,cdli_json,
527272,NEEDS_QID,"BATSH 6, 147",tablet,instance_of,P2,P2,wikibase-item,Q512006,Clay tablet,ready,CDLI_Object,
527272,NEEDS_QID,"BATSH 6, 147",tablet,period,P245,P853,wikibase-item,Q512158,Neo-Assyrian Period,ready,CDLI_Period,
527272,NEEDS_QID,"BATSH 6, 147",tablet,language,P18,P18,wikibase-item,Q471146,Akkadian,ready,CDLI_Lang,
527272,NEEDS_QID,"BATSH 6, 147",tablet,type_of_work,P126,P121,wikibase-item,Q388465,Legal,ready,CDLI_Genre,
527272,NEEDS_QID,"BATSH 6, 147",tablet,material,P391,P401,wikibase-item,Q471153,Clay,ready,CDLI_Material,
527272,NEEDS_QID,"BATSH 6, 147",tablet,inventory_number,P10,P10,string,NMSDeZ 21058,,ready,cdli_json,
527272,NEEDS_QID,"BATSH 6, 147",tablet,finding_spot,P224,P695,wikibase-item,Q389863,Dur-Katlimmu (mod. Tall Shekh Hamad),ready,provenience_lookup,
334557,NEEDS_QID,ABL 0786,tablet,cdli_id,P223,P692,external-id,P334557,,ready,cdli_json,
334557,NEEDS_QID,ABL 0786,tablet,instance_of,P2,P2,wikibase-item,Q512006,Clay tablet,ready,CDLI_Object,
334557,NEEDS_QID,ABL 0786,tablet,period,P245,P853,wikibase-item,Q512158,Neo-Assyrian Period,ready,CDLI_Period,
334557,NEEDS_QID,ABL 0786,tablet,language,P18,P18,wikibase-item,Q471146,Akkadian,ready,CDLI_Lang,
334557,NEEDS_QID,ABL 0786,tablet,type_of_work,P126,P121,wikibase-item,Q10510,Letter,ready,CDLI_Genre,
334557,NEEDS_QID,ABL 0786,tablet,material,P391,P401,wikibase-item,Q471153,Clay,ready,CDLI_Material,
334557,NEEDS_QID,ABL 0786,tablet,present_holding,P203,P329,wikibase-item,Q102010,British Museum Collection,ready,museum_FG,
334557,NEEDS_QID,ABL 0786,tablet,inventory_number,P10,P10,string,BM —,,ready,cdli_json,
334557,NEEDS_QID,ABL 0786,tablet,finding_spot,P224,P695,wikibase-item,Q390025,Nīnūa,ready,provenience_lookup,
231437,NEEDS_QID,N 5659,tablet,cdli_id,P223,P692,external-id,P231437,,ready,cdli_json,
231437,NEEDS_QID,N 5659,tablet,instance_of,P2,P2,wikibase-item,Q512006,Clay tablet,ready,CDLI_Object,
231437,NEEDS_QID,N 5659,tablet,period,P245,P853,wikibase-item,Q512152,Old Babylonian Period,ready,CDLI_Period,
231437,NEEDS_QID,N 5659,tablet,language,P18,P18,wikibase-item,Q471149,Sumerian,ready,CDLI_Lang,
231437,NEEDS_QID,N 5659,tablet,type_of_work,P126,P121,wikibase-item,Q537054,Lexical,ready,CDLI_Genre,
231437,NEEDS_QID,N 5659,tablet,material,P391,P401,wikibase-item,Q471153,Clay,ready,CDLI_Material,
231437,NEEDS_QID,N 5659,tablet,present_holding,P203,P329,wikibase-item,Q511892,"Penn Museum, Philadelphia, Pennsylvania, USA",ready,museum_FG|factgrid_upload_table,
231437,NEEDS_QID,N 5659,tablet,inventory_number,P10,P10,string,N 5659,,ready,cdli_json,
231437,NEEDS_QID,N 5659,tablet,finding_spot,P224,P695,wikibase-item,Q390017,Nippur (mod. Nuffar),ready,provenience_lookup,
139052,NEEDS_QID,"UET 9, 0922",tablet,cdli_id,P223,P692,external-id,P139052,,ready,cdli_json,
139052,NEEDS_QID,"UET 9, 0922",tablet,instance_of,P2,P2,wikibase-item,Q512006,Clay tablet,ready,CDLI_Object,
139052,NEEDS_QID,"UET 9, 0922",tablet,period,P245,P853,wikibase-item,Q512148,Ur III Period,ready,CDLI_Period,
139052,NEEDS_QID,"UET 9, 0922",tablet,language,P18,P18,wikibase-item,Q471149,Sumerian,ready,CDLI_Lang,
139052,NEEDS_QID,"UET 9, 0922",tablet,type_of_work,P126,P121,wikibase-item,Q394396,Administrative,ready,CDLI_Genre,
139052,NEEDS_QID,"UET 9, 0922",tablet,material,P391,P401,wikibase-item,Q471153,Clay,ready,CDLI_Material,
139052,NEEDS_QID,"UET 9, 0922",tablet,present_holding,P203,P329,wikibase-item,Q511874,Iraq Museum,ready,museum_FG,
139052,NEEDS_QID,"UET 9, 0922",tablet,inventory_number,P10,P10,string,IM — ?,,ready,cdli_json,
139052,NEEDS_QID,"UET 9, 0922",tablet,finding_spot,P224,P695,wikibase-item,Q389877,Ur (mod. Tell Muqayyar),ready,provenience_lookup,
144562,NEEDS_QID,"SAT 3, 1362",tablet,cdli_id,P223,P692,external-id,P144562,,ready,cdli_json,
144562,NEEDS_QID,"SAT 3, 1362",tablet,instance_of,P2,P2,wikibase-item,Q512006,Clay tablet,ready,CDLI_Object,
144562,NEEDS_QID,"SAT 3, 1362",tablet,period,P245,P853,wikibase-item,Q512148,Ur III Period,ready,CDLI_Period,
144562,NEEDS_QID,"SAT 3, 1362",tablet,language,P18,P18,wikibase-item,Q471149,Sumerian,ready,CDLI_Lang,
144562,NEEDS_QID,"SAT 3, 1362",tablet,type_of_work,P126,P121,wikibase-item,Q394396,Administrative,ready,CDLI_Genre,
144562,NEEDS_QID,"SAT 3, 1362",tablet,material,P391,P401,wikibase-item,Q471153,Clay,ready,CDLI_Material,
144562,NEEDS_QID,"SAT 3, 1362",tablet,present_holding,P203,P329,wikibase-item,Q511899,Yale Babylonian Collection,ready,museum_FG,
144562,NEEDS_QID,"SAT 3, 1362",tablet,inventory_number,P10,P10,string,YBC 01348,,ready,cdli_json,
144562,NEEDS_QID,"SAT 3, 1362",tablet,finding_spot,P224,P695,wikibase-item,Q389833,Umma (mod. Tell Jokha),ready,provenience_lookup,
491524,NEEDS_QID,"TIMA 1, 012",tablet,cdli_id,P223,P692,external-id,P491524,,ready,cdli_json,
491524,NEEDS_QID,"TIMA 1, 012",tablet,instance_of,P2,P2,wikibase-item,Q512006,Clay tablet,ready,CDLI_Object,
491524,NEEDS_QID,"TIMA 1, 012",tablet,period,P245,P853,wikibase-item,Q512144,Old Akkadian Period,ready,CDLI_Period,
491524,NEEDS_QID,"TIMA 1, 012",tablet,language,P18,P18,wikibase-item,Q471149,Sumerian,ready,CDLI_Lang,
491524,NEEDS_QID,"TIMA 1, 012",tablet,type_of_work,P126,P121,wikibase-item,Q394396,Administrative,ready,CDLI_Genre,
491524,NEEDS_QID,"TIMA 1, 012",tablet,material,P391,P401,wikibase-item,Q471153,Clay,ready,CDLI_Material,
491524,NEEDS_QID,"TIMA 1, 012",tablet,present_holding,P203,P329,wikibase-item,Q511874,Iraq Museum,ready,museum_FG,
491524,NEEDS_QID,"TIMA 1, 012",tablet,inventory_number,P10,P10,string,IM 221873,,ready,cdli_json,
491524,NEEDS_QID,"TIMA 1, 012",tablet,finding_spot,P224,P695,wikibase-item,Q389833,Umma (mod. Tell Jokha),ready,provenience_lookup,
112302,NEEDS_QID,"JMEOS 12, 39 3480",tablet,cdli_id,P223,P692,external-id,P112302,,ready,cdli_json,
112302,NEEDS_QID,"JMEOS 12, 39 3480",tablet,instance_of,P2,P2,wikibase-item,Q512006,Clay tablet,ready,CDLI_Object,
112302,NEEDS_QID,"JMEOS 12, 39 3480",tablet,period,P245,P853,wikibase-item,Q512148,Ur III Period,ready,CDLI_Period,
112302,NEEDS_QID,"JMEOS 12, 39 3480",tablet,language,P18,P18,wikibase-item,Q471149,Sumerian,ready,CDLI_Lang,
112302,NEEDS_QID,"JMEOS 12, 39 3480",tablet,type_of_work,P126,P121,wikibase-item,Q394396,Administrative,ready,CDLI_Genre,
112302,NEEDS_QID,"JMEOS 12, 39 3480",tablet,material,P391,P401,wikibase-item,Q471153,Clay,ready,CDLI_Material,
112302,NEEDS_QID,"JMEOS 12, 39 3480",tablet,present_holding,P203,P329,wikibase-item,Q511941,Manchester Museum,ready,museum_FG,
112302,NEEDS_QID,"JMEOS 12, 39 3480",tablet,inventory_number,P10,P10,string,MMUM —,,ready,cdli_json,
112302,NEEDS_QID,"JMEOS 12, 39 3480",tablet,finding_spot,P224,P695,wikibase-item,Q389833,Umma (mod. Tell Jokha),ready,provenience_lookup,
282201,NEEDS_QID,KAJ 188,tablet,cdli_id,P223,P692,external-id,P282201,,ready,cdli_json,
282201,NEEDS_QID,KAJ 188,tablet,instance_of,P2,P2,wikibase-item,Q512006,Clay tablet,ready,CDLI_Object,
282201,NEEDS_QID,KAJ 188,tablet,period,P245,P853,wikibase-item,Q512155,Middle Assyrian Period,ready,CDLI_Period,
282201,NEEDS_QID,KAJ 188,tablet,material,P391,P401,wikibase-item,Q471153,Clay,ready,CDLI_Material,
282201,NEEDS_QID,KAJ 188,tablet,present_holding,P203,P329,wikibase-item,Q510658,Vorderasiatisches Museum,ready,museum_FG,
282201,NEEDS_QID,KAJ 188,tablet,inventory_number,P10,P10,string,VAT 09310,,ready,cdli_json,
282201,NEEDS_QID,KAJ 188,tablet,finding_spot,P224,P695,wikibase-item,Q390001,Assur,ready,provenience_lookup,
382499,NEEDS_QID,"TCBI 1, 247",tablet,cdli_id,P223,P692,external-id,P382499,,ready,cdli_json,
382499,NEEDS_QID,"TCBI 1, 247",tablet,instance_of,P2,P2,wikibase-item,Q512006,Clay tablet,ready,CDLI_Object,
382499,NEEDS_QID,"TCBI 1, 247",tablet,period,P245,P853,wikibase-item,Q512144,Old Akkadian Period,ready,CDLI_Period,
382499,NEEDS_QID,"TCBI 1, 247",tablet,type_of_work,P126,P121,wikibase-item,Q394396,Administrative,ready,CDLI_Genre,
382499,NEEDS_QID,"TCBI 1, 247",tablet,material,P391,P401,wikibase-item,Q471153,Clay,ready,CDLI_Material,
382499,NEEDS_QID,"TCBI 1, 247",tablet,inventory_number,P10,P10,string,"BdI 1, 186",,ready,cdli_json,
382499,NEEDS_QID,"TCBI 1, 247",tablet,finding_spot,P224,P695,wikibase-item,Q389603,Adab (mod. Bismaya),ready,provenience_lookup,
229904,NEEDS_QID,HS 1706,tablet,cdli_id,P223,P692,external-id,P229904,,ready,cdli_json,
229904,NEEDS_QID,HS 1706,tablet,instance_of,P2,P2,wikibase-item,Q512006,Clay tablet,ready,CDLI_Object,
229904,NEEDS_QID,HS 1706,tablet,language,P18,P18,wikibase-item,Q471149,Sumerian,ready,CDLI_Lang,
229904,NEEDS_QID,HS 1706,tablet,type_of_work,P126,P121,wikibase-item,Q537054,Lexical,ready,CDLI_Genre,
229904,NEEDS_QID,HS 1706,tablet,material,P391,P401,wikibase-item,Q471153,Clay,ready,CDLI_Material,
229904,NEEDS_QID,HS 1706,tablet,present_holding,P203,P329,wikibase-item,Q511931,"Hilprecht Collection, University of Jena, Jena, Germany",ready,museum_FG|factgrid_upload_table,
229904,NEEDS_QID,HS 1706,tablet,inventory_number,P10,P10,string,HS 1706,,ready,cdli_json,
229904,NEEDS_QID,HS 1706,tablet,finding_spot,P224,P695,wikibase-item,Q390017,Nippur (mod. Nuffar),ready,provenience_lookup,
