cdli_id,factgrid_qid,artifact_label,write_action,claims_written,claims_skipped,write_status,write_error,label_collision_qid
124169,Q1998319,"Cuneiform Tablet OIP 121, 439",update,2,10,written,,
200199,Q1981239,"Cuneiform Tablet Nisaba 01, 145",update,2,10,written,,
416144,Q1369974,"Cuneiform Tablet ICK 2, 161",update,3,7,written,,
278351,Q2024748,"Cuneiform Tablet CDLI Literary 000350, ex. 052 & 000351, ex. 166",update,2,10,written,,
298105,Q1974816,Cuneiform Tablet NBC 05186,update,2,10,written,,
387891,Q1986364,"Cuneiform Tablet Nisaba 15, 0883",update,2,9,written,,
205661,Q1969901,"Cuneiform Tablet MVN 22, 284",update,2,10,written,,
356161,Q2028464,"Cuneiform Tablet CDLI Literary 000619, ex. 032",update,2,10,written,,
333962,Q1972461,Cuneiform Tablet ABL 0010,update,2,10,written,,
236802,Q2002964,"Cuneiform Tablet BIN 10, 258",update,2,9,written,,
108006,Q2034710,Cuneiform Tablet CST (JRL) 490,update,2,10,written,,
143957,Q2032004,"Cuneiform Tablet SAT 2, 0757",update,2,10,written,,
329196,Q2046059,"Cuneiform Tablet CUSAS 13, 102",update,2,8,written,,
123356,Q1996613,"Cuneiform Tablet OIP 115, 054",update,2,10,written,,
124493,Q1998911,"Cuneiform Tablet Ontario 1, 080",update,2,10,written,,
516226,Q2053920,"Cuneiform Tablet CUSAS 40, 1442",update,2,9,written,,
200463,Q2040185,"Cuneiform Tablet Sumer 43, 198",update,2,10,written,,
378033,Q2005635,"Cuneiform Tablet PPAC 5, 0756",update,2,10,written,,
348485,Q2036875,"Cuneiform Tablet SpTU 1, 064",update,2,8,written,,
142645,Q1927929,"Cuneiform Tablet JEOL 34, 28, 2",update,2,10,written,,
283319,Q1934403,"Cuneiform Tablet MARV 9, 111",update,2,8,written,,
114025,Q1947315,"Cuneiform Tablet MVN 04, 073",update,2,10,written,,
145180,Q2034413,"Cuneiform Tablet SAT 3, 1980",update,2,10,written,,
135778,Q2050244,Cuneiform Tablet TUT 184,update,2,10,written,,
342088,Q1992928,Cuneiform Tablet NMSA 4039,update,2,10,written,,
393978,Q2021539,"Cuneiform Artifact RINBE 2, Nabonidus 32, ex. 02",update,2,10,written,,
347770,Q1938659,"Cuneiform Tablet MSL SS 1, 048",update,1,8,written,,
130080,Q2036543,Cuneiform Tablet SNAT 320,update,2,10,written,,
128849,Q2027004,"Cuneiform Tablet SACT 1, 094",update,2,10,written,,
137745,Q2054616,"Cuneiform Tablet UET 3, 1420",update,2,10,written,,
535546,Q1367501,"Cuneiform Tablet AKT 6e, 922",update,1,9,written,,
136857,Q2052860,"Cuneiform Tablet UET 3, 0535",update,2,10,written,,
370403,Q1932914,"Cuneiform Tablet LTBA 1, 83",update,2,8,written,,
346862,Q2056028,"Cuneiform Tablet UET 6, 0825",update,2,8,written,,
406847,Q2064618,"Cuneiform Tablet HSS 68, 081",update,2,9,written,,
100436,Q1983592,Cuneiform Tablet Aleppo 104,update,2,10,written,,
290866,Q2009378,"Cuneiform Tablet BPOA 06, 1170",update,2,10,written,,
118456,Q1966269,"Cuneiform Tablet MVN 15, 176",update,2,9,written,,
343733,Q2029778,"Cuneiform Tablet CDLI Literary 000754, ex. 029",update,2,10,written,,
312696,Q1934144,"Cuneiform Tablet MARV 5, 60",update,2,8,written,,
130829,Q2040910,Cuneiform Tablet Syracuse 278,update,2,9,written,,
368463,Q1371640,Cuneiform Tablet P368463,update,3,8,written,,
342821,Q2062383,"Cuneiform Tablet VS 02, 013",update,2,9,written,,
104475,Q1994040,"Cuneiform Tablet AUCT 3, 260",update,2,9,written,,
313984,Q2037876,"Cuneiform Tablet CT 53, 572",update,2,10,written,,
106448,Q2000398,"Cuneiform Tablet BIN 05, 014",update,2,10,written,,
271520,Q2058131,"Cuneiform Tablet Emar 6/1, p. 273, Msk 74107v",update,2,9,written,,
462205,Q2025888,"Cuneiform Tablet CDLI Literary 000371, ex. 014",update,1,10,written,,
125328,Q2001556,"Cuneiform Tablet OrSP 47-49, 438",update,2,10,written,,
279110,Q2032187,"Cuneiform Tablet CDLI Literary 000821, ex. 032",update,2,10,written,,
20248,Q2063511,"Cuneiform Tablet VS 25, 041",update,2,10,written,,
204420,Q2005394,Cuneiform Tablet BM 025279,update,2,10,written,,
127315,Q2010464,"Cuneiform Tablet RA 008, 194 16",update,2,9,written,,
380207,Q2007220,"Cuneiform Tablet PPAC 5, 1555",update,2,10,written,,
336633,Q2025930,"Cuneiform Tablet SAA 04, 347",update,2,9,written,,
360053,Q1369795,"Cuneiform Tablet KTS 1, 32c",update,3,8,written,,
110066,Q2063112,Cuneiform Tablet HLC 191 (pl. 106),update,2,10,written,,
117259,Q1959866,"Cuneiform Tablet MVN 13, 486",update,2,10,written,,
365251,Q2035994,"Cuneiform Tablet CT 12, pl. 10-11, BM 092691",update,1,7,written,,
282158,Q1928541,Cuneiform Tablet KAJ 145,update,2,8,written,,
200930,Q2028000,Cuneiform Tablet Sale Documents 088*,update,2,9,written,,
305850,Q2065475,"Cuneiform Tablet YOS 11, 24",update,1,10,written,,
115264,Q1952321,"Cuneiform Tablet MVN 07, 418",update,2,10,written,,
143404,Q2030926,"Cuneiform Tablet SAT 2, 0203",update,2,10,written,,
379272,Q2006593,"Cuneiform Tablet PPAC 5, 1224",update,2,10,written,,
109247,Q2055885,Cuneiform Tablet DoCu 290,update,2,9,written,,
250787,Q2050689,"Cuneiform Tablet CUSAS 39, 066",update,2,9,written,,
101677,Q1986886,"Cuneiform Tablet AnOr 07, 380-03",update,2,10,written,,
467007,Q2020570,"Cuneiform Artifact RINAP 3/2 Sennacherib 213, ex. 001",update,2,10,written,,
274722,Q1949390,"Cuneiform Tablet MVN 05, 295",update,2,9,written,,
327022,Q1990368,"Cuneiform Tablet Nisaba 32, 244",update,2,9,written,,
102958,Q1991006,"Cuneiform Tablet AUCT 1, 112",update,2,9,written,,
136504,Q2052178,"Cuneiform Tablet UET 3, 0187",update,2,10,written,,
535815,Q1364652,"Cuneiform Artifact AKT 6e, 1210",update,1,9,written,,
370950,Q1985416,"Cuneiform Tablet Nisaba 15, 0337",update,2,9,written,,
406514,Q1988136,"Cuneiform Tablet Nisaba 22, 145",update,2,9,written,,
346531,Q2025502,"Cuneiform Tablet CDLI Literary 000365, ex. 082",update,2,10,written,,
100965,Q1984723,"Cuneiform Tablet Ammann-Festgabe, p. 24 2",update,2,9,written,,
536690,Q1366692,"Cuneiform Tablet AKT 10, 16",update,2,8,written,,
358485,Q1359099,"Cuneiform Tablet CCT 1, 42, BM 113375",update,3,8,written,,
106018,Q1999568,"Cuneiform Tablet BIN 03, 212",update,2,10,written,,
291324,Q1973983,Cuneiform Tablet NBC 01766,update,2,10,written,,
531155,Q1996012,"Cuneiform Tablet BATSH 18, 40",update,2,9,written,,
133356,Q2045166,"Cuneiform Tablet TCTI 2, 04193",update,2,10,written,,
118006,Q1963166,"Cuneiform Tablet MVN 14, 0326",update,2,10,written,,
322670,Q2047231,"Cuneiform Tablet CUSAS 19, 140",update,2,9,written,,
315503,Q2004238,"Cuneiform Tablet PPAC 5, 0014",update,2,10,written,,
343363,Q2028659,"Cuneiform Tablet CDLI Literary 000623, ex. 031",update,2,10,written,,
265563,Q2023636,"Cuneiform Tablet CDLI Literary 000335, ex. 016",update,2,10,written,,
126857,Q2008212,"Cuneiform Tablet Princeton 1, 168",update,2,10,written,,
360403,Q1360538,"Cuneiform Tablet TPAK 1, 188",update,2,8,written,,
336263,Q1972112,Cuneiform Tablet NARGD 18,update,2,10,written,,
253902,Q2045631,"Cuneiform Tablet CUSAS 12, 3.3.3",update,1,9,written,,
201788,Q1981894,"Cuneiform Tablet Nisaba 03/1, 158",update,2,10,written,,
110436,Q2065164,"Cuneiform Tablet HUCA 29, 075 04",update,2,9,written,,
356862,Q2026869,"Cuneiform Tablet CDLI Literary 000395, ex. 062",update,2,10,written,,
204070,Q2004317,Cuneiform Tablet BM 021435,update,2,10,written,,
357770,Q1371135,"Cuneiform Tablet TCL 21, 204",update,3,8,written,,
120080,Q1967823,"Cuneiform Tablet MVN 18, 719",update,2,10,written,,
301110,Q1975397,Cuneiform Tablet NBC 10015,update,2,10,written,,
510608,Q1893749,"Cuneiform Tablet AbB 12, 084",update,1,10,written,,
138849,Q2057635,"Cuneiform Tablet UET 9, 0719",update,2,10,written,,
417755,Q1997073,"Cuneiform Tablet BATSH 9, 044",update,2,9,written,,
517437,Q1990817,"Cuneiform Tablet Nisaba 33, 257",update,2,9,written,,
201272,Q2009504,"Cuneiform Tablet Princeton 2, 274",update,2,10,written,,
114926,Q1950692,"Cuneiform Tablet MVN 06, 558",update,2,10,written,,
125282,Q2001468,"Cuneiform Tablet OrSP 47-49, 392",update,2,10,written,,
122547,Q1993329,Cuneiform Tablet NYPL 011,update,2,10,written,,
521856,Q1994946,Cuneiform Tablet BaAr 5 04b,update,2,10,written,,
328787,Q2048240,"Cuneiform Tablet CUSAS 23, 035",update,2,9,written,,
109617,Q2062327,Cuneiform Tablet Hirose 146,update,2,9,written,,
145883,Q1927283,"Cuneiform Tablet JCS 52, 052 89",update,2,9,written,,
336799,Q2026489,"Cuneiform Tablet SAAB 02, 040",update,2,10,written,,
117609,Q1961241,"Cuneiform Tablet MVN 13, 837",update,2,10,written,,
108905,Q2055146,Cuneiform Tablet DAS 145,update,2,10,written,,
236101,Q2001963,"Cuneiform Tablet BIN 09, 091",update,2,9,written,,
144791,Q2033649,"Cuneiform Tablet SAT 3, 1591",update,2,10,written,,
522779,Q1929263,"Cuneiform Tablet KAM 11, 119",update,3,7,written,,
427619,Q2048809,"Cuneiform Tablet CUSAS 26, 275",update,1,9,written,,
10754,Q2049363,Cuneiform Tablet TSŠ 0119,update,2,10,written,,
115634,Q1953926,"Cuneiform Tablet MVN 08, 244",update,2,10,written,,
143054,Q1968359,"Cuneiform Tablet MVN 20, 121",update,2,10,written,,
382390,Q2042500,"Cuneiform Tablet TCBI 1, 138",update,2,8,written,,
378930,Q2006306,"Cuneiform Tablet PPAC 5, 1100",update,2,10,written,,
134169,Q2046666,"Cuneiform Tablet TLB 03, 028",update,2,9,written,,
346161,Q2026736,"Cuneiform Tablet CDLI Literary 000389, ex. 002",update,2,10,written,,
343699,Q2031037,"Cuneiform Tablet CDLI Literary 000782, ex. 041",update,2,10,written,,
131691,Q2043222,"Cuneiform Tablet TCL 02, 5602",update,2,10,written,,
130983,Q2041207,Cuneiform Tablet Syracuse 432,update,2,9,written,,
274372,Q1925509,"Cuneiform Tablet ITT 5, 10021",update,2,10,written,,
101227,Q1986015,"Cuneiform Tablet AnOr 01, 236",update,2,10,written,,
120215,Q1968084,"Cuneiform Tablet MVN 19, 132",update,2,10,written,,
517358,Q1990659,"Cuneiform Tablet Nisaba 33, 178",update,2,9,written,,
515365,Q2052280,"Cuneiform Tablet CUSAS 40, 0581a",update,2,9,written,,
109178,Q2055742,"Cuneiform Tablet DecChaldée pl. 41, no. 7",update,2,9,written,,
360696,Q1360858,"Cuneiform Tablet AKT 3, 087",update,2,7,written,,
331733,Q1983392,"Cuneiform Tablet Nisaba 05/2, 068",update,3,9,written,,
491542,Q2046257,"Cuneiform Tablet TIMA 1, 030",update,2,10,written,,
262033,Q2003429,"Cuneiform Tablet PBS 11/2, p. 173, CBS 05968",update,2,9,written,,
117166,Q1959440,"Cuneiform Tablet MVN 13, 394",update,2,10,written,,
387307,Q1892806,"Cuneiform Tablet TCL 17, 011",update,2,10,written,,
118293,Q1965756,"Cuneiform Tablet MVN 15, 013",update,2,10,written,,
499172,Q2050514,"Cuneiform Tablet CUSAS 35, 484",update,1,9,written,,
129937,Q2036359,Cuneiform Tablet SNAT 177,update,2,10,written,,
282267,Q1928758,Cuneiform Tablet KAJ 255,update,2,8,written,,
359902,Q1369704,"Cuneiform Tablet ICK 2, 317",update,3,8,written,,
358610,Q1359226,"Cuneiform Tablet CCT 3, 40, BM 113615",update,3,9,written,,
135914,Q2050577,"Cuneiform Tablet UCP 09-02-1, 010",update,2,10,written,,
101548,Q1986637,"Cuneiform Tablet AnOr 07, 253",update,2,10,written,,
128625,Q2025508,Cuneiform Tablet SA 030,update,2,9,written,,
103575,Q1992237,"Cuneiform Tablet AUCT 1, 730",update,2,9,written,,
137929,Q2054978,"Cuneiform Tablet UET 3, 1603",update,2,10,written,,
293476,Q1974664,Cuneiform Tablet NBC 05019,update,2,10,written,,
106777,Q2001055,"Cuneiform Tablet BIN 05, 343",update,2,10,written,,
504574,Q1370620,Cuneiform Tablet NBC 06572,update,3,5,written,,
107865,Q2034442,Cuneiform Tablet CST (JRL) 350,update,2,10,written,,
499488,Q2054703,"Cuneiform Tablet CUSAS 40, 1881",update,2,9,written,,
131404,Q2030310,"Cuneiform Tablet SAT 1, 295",update,2,10,written,,
105858,Q1999246,"Cuneiform Tablet BIN 03, 052",update,2,10,written,,
144504,Q2033080,"Cuneiform Tablet SAT 3, 1304",update,2,10,written,,
139034,Q2058009,"Cuneiform Tablet UET 9, 0904",update,2,10,written,,
527214,Q1996756,"Cuneiform Tablet BATSH 6, 089",update,2,9,written,,
334531,Q1973770,Cuneiform Tablet ABL 0745,update,2,10,written,,
110359,Q2064231,"Cuneiform Tablet HSS 04, 086",update,2,9,written,,
20177,Q2063003,"Cuneiform Tablet VS 14, 166",update,2,10,written,,
109482,Q2062058,Cuneiform Tablet Hirose 011,update,2,9,written,,
125017,Q2000954,"Cuneiform Tablet OrSP 47-49, 128",update,2,10,written,,
117536,Q1960968,"Cuneiform Tablet MVN 13, 763",update,2,10,written,,
282637,Q1996099,"Cuneiform Tablet BATSH 4, 03",update,2,7,written,,
522446,Q2012807,"Cuneiform Tablet RA 097, 96–97, 136 (BM 54646)",update,2,10,written,,
387757,Q2011182,"Cuneiform Tablet RA 010, 223",update,1,9,written,,
331363,Q1982831,"Cuneiform Tablet Nisaba 05/1, 333",update,3,9,written,,
248821,Q1970681,"Cuneiform Tablet AAICAB 1/2, pl. 130, 1971-307",update,2,10,written,,
120645,Q1969347,"Cuneiform Tablet MVN 21, 408",update,2,10,written,,
121957,Q1980591,"Cuneiform Tablet Nik 2, 274",update,2,9,written,,
515735,Q2052985,"Cuneiform Tablet CUSAS 40, 0951",update,2,9,written,,
203170,Q2004378,Cuneiform Tablet BM 021475,update,2,10,written,,
306010,Q2065338,"Cuneiform Tablet YOS 05, 033",update,2,10,written,,
127180,Q2008838,"Cuneiform Tablet Princeton 1, 491",update,2,10,written,,
122678,Q1993589,Cuneiform Tablet NYPL 142,update,2,10,written,,
325770,Q2046583,"Cuneiform Tablet CUSAS 14, 167",update,1,9,written,,
109528,Q2062150,Cuneiform Tablet Hirose 057,update,2,9,written,,
536055,Q1367431,"Cuneiform Tablet AKT 7a, 232",update,2,8,written,,
273788,Q1925241,"Cuneiform Tablet ITT 5, 09220",update,2,9,written,,
101118,Q1985798,"Cuneiform Tablet AnOr 01, 127",update,2,10,written,,
6045,Q2020639,"Cuneiform Tablet CDLI Lexical 000002, ex. 181",update,2,8,written,,
103125,Q1991341,"Cuneiform Tablet AUCT 1, 280",update,2,9,written,,
467768,Q2048779,"Cuneiform Tablet CUSAS 26, 243",update,2,10,written,,
344263,Q2007752,Cuneiform Tablet PRAK B 447,update,2,7,written,,
324862,Q2047199,"Cuneiform Tablet CUSAS 19, 124",update,2,9,written,,
134256,Q2046821,"Cuneiform Tablet TLB 03, 115",update,2,9,written,,
136791,Q2052728,"Cuneiform Tablet UET 3, 0469",update,2,10,written,,
244101,Q1935496,"Cuneiform Tablet MEE 03, 066",update,2,9,written,,
131054,Q1970983,"Cuneiform Tablet AAICAB 1/3, pl. 195, Bod A 57",update,2,10,written,,
118339,Q1965908,"Cuneiform Tablet MVN 15, 059",update,2,10,written,,
406781,Q2064529,"Cuneiform Tablet HSS 68, 015",update,2,9,written,,
273272,Q1984995,Cuneiform Tablet P273272,update,2,9,written,,
137883,Q2054888,"Cuneiform Tablet UET 3, 1557",update,2,10,written,,
106327,Q2000160,"Cuneiform Tablet BIN 03, 520",update,2,10,written,,
526956,Q1938352,"Cuneiform Tablet MSL 14, 393 S6",update,3,9,written,,
142983,Q1968219,"Cuneiform Tablet MVN 20, 050",update,2,10,written,,
423836,Q2015075,"Cuneiform Tablet RIMA 3.0.102.006, ex. 09",update,1,9,written,,
113826,Q1946431,"Cuneiform Tablet MVN 03, 266",update,2,10,written,,
510537,Q1893690,"Cuneiform Tablet AbB 12, 012",update,2,10,written,,
139464,Q2058859,"Cuneiform Tablet UET 9, 1334",update,2,10,written,,
144154,Q2032393,"Cuneiform Tablet SAT 2, 0954",update,2,10,written,,
380568,Q2007521,"Cuneiform Tablet PPAC 5, 1710",update,2,10,written,,
143691,Q2031485,"Cuneiform Tablet SAT 2, 0491",update,2,10,written,,
334161,Q1972865,Cuneiform Tablet ABL 0220,update,2,10,written,,
331699,Q1983325,"Cuneiform Tablet Nisaba 05/2, 034",update,3,9,written,,
349451,Q1987217,"Cuneiform Tablet AOAT 275, 272, BM 036676",update,3,9,written,,
253294,Q2050538,"Cuneiform Tablet CUSAS 35, 496",update,1,9,written,,
108769,Q2041283,Cuneiform Tablet CTNMC 38,update,2,10,written,,
123439,Q1996877,"Cuneiform Tablet OIP 115, 194",update,2,10,written,,
117865,Q1962263,"Cuneiform Tablet MVN 14, 0184",update,2,10,written,,
262930,Q1995535,"Cuneiform Tablet OIP 016, 122",update,2,10,written,,
121404,Q1973353,Cuneiform Tablet NATN 706,update,2,10,written,,
516549,Q2054479,"Cuneiform Tablet CUSAS 40, 1765",update,2,9,written,,
413429,Q1975034,"Cuneiform Tablet AchHist 15, 048",update,2,10,written,,
115858,Q1954760,"Cuneiform Tablet MVN 09, 218",update,2,9,written,,
283476,Q1934334,"Cuneiform Tablet MARV 8, 51",update,2,10,written,,
263622,Q2018498,Cuneiform Tablet CBS 08801,update,2,10,written,,
116777,Q1957686,"Cuneiform Tablet MVN 13, 004",update,2,10,written,,
247687,Q2015978,"Cuneiform Artifact RIME 1.13.05.04, ex. 02",update,2,9,written,,
497496,Q2064324,"Cuneiform Tablet WVDOG 143, 119",update,2,10,written,,
361087,Q1370657,"Cuneiform Tablet RA 060, 106, no. 40",update,2,9,written,,
429492,Q2058325,"Cuneiform Tablet Emar 6/2, p. 488, Msk 74198r",update,2,9,written,,
314187,Q2038170,"Cuneiform Tablet CT 53, 777",update,2,10,written,,
135017,Q2048830,Cuneiform Tablet TRU 253,update,2,9,written,,
240142,Q2022736,Cuneiform Tablet RMA 162,update,2,10,written,,
498763,Q1362314,"Cuneiform Tablet AKT 5, 35",update,1,10,written,,
453667,Q1985108,"Cuneiform Tablet Nisaba 15, 0145",update,2,9,written,,
129034,Q2027366,"Cuneiform Tablet SACT 2, 077",update,2,10,written,,
102364,Q1989689,"Cuneiform Tablet ASJ 09, 274 88",update,2,9,written,,
390138,Q1931734,Cuneiform Tablet LB 3072,update,2,9,written,,
324531,Q2044513,"Cuneiform Tablet CUSAS 03, 1365",update,2,9,written,,
359001,Q1359619,"Cuneiform Tablet CCT 6, 40, BM 115073",update,3,8,written,,
450948,Q1988280,Cuneiform Artifact P450948,update,1,6,written,,
100359,Q1983431,Cuneiform Tablet Aleppo 027,update,2,10,written,,
259363,Q2024426,"Cuneiform Tablet CDLI Literary 000347, ex. 001",update,2,10,written,,
107166,Q2007712,Cuneiform Tablet BM Messenger 287,update,2,10,written,,
335320,Q1980283,Cuneiform Tablet ADD 0376,update,2,10,written,,
363540,Q2040492,"Cuneiform Tablet CTN 4, 126",update,2,10,written,,
348610,Q2037129,"Cuneiform Tablet SpTU 2, 005",update,2,8,written,,
138625,Q2057187,"Cuneiform Tablet UET 9, 0494",update,2,10,written,,
111548,Q1924976,"Cuneiform Tablet ITT 5, 06840",update,2,10,written,,
510864,Q1893686,"Cuneiform Tablet AbB 13, 146",update,1,10,written,,
145315,Q2034672,"Cuneiform Tablet SAT 3, 2115",update,2,10,written,,
250841,Q2049640,"Cuneiform Tablet CUSAS 35, 036",update,2,9,written,,
381729,Q1927554,"Cuneiform Tablet JCS 57, 116 3",update,2,9,written,,
364285,Q1931865,Cuneiform Tablet LBAT 1535 + 1536,update,3,9,written,,
414616,Q2055710,Cuneiform Tablet DCS 104,update,1,10,written,,
108293,Q2035257,Cuneiform Tablet CST (JRL) 786,update,2,10,written,,
349902,Q2066187,"Cuneiform Tablet Isin 3, 101, pl. 41",update,2,9,written,,
124606,Q2000141,"Cuneiform Tablet OrAnt 11, 273 4",update,1,9,written,,
305796,Q1893521,"Cuneiform Tablet YOS 02, 010",update,2,10,written,,
235412,Q2060385,Cuneiform Tablet USC 6600,update,2,10,written,,
330572,Q1971737,"Cuneiform Tablet AAICAB 1/4, Bod S 505",update,2,10,written,,
381683,Q2042906,"Cuneiform Tablet TCBI 2/2, 29",update,2,9,written,,
126791,Q2008084,"Cuneiform Tablet Princeton 1, 102",update,2,10,written,,
202761,Q2003747,Cuneiform Tablet BM 020106,update,2,10,written,,
108339,Q2035349,Cuneiform Tablet CST (JRL) 832,update,2,10,written,,
123069,Q2002525,Cuneiform Tablet OTR 134,update,2,9,written,,
516119,Q2053728,"Cuneiform Tablet CUSAS 40, 1335",update,2,9,written,,
121054,Q1972737,Cuneiform Tablet NATN 356,update,2,10,written,,
102734,Q1990457,"Cuneiform Tablet ASJ 19, 215 43",update,2,9,written,,
430719,Q2061984,"Cuneiform Tablet VFMOS 2/3, 16",update,2,8,written,,
535679,Q1363892,"Cuneiform Tablet AKT 6e, 1059",update,1,9,written,,
464144,Q2025211,"Cuneiform Tablet CDLI Literary 000364, ex. 010",update,1,10,written,,
297435,Q1370484,"Cuneiform Tablet BIN 06, 031",update,3,9,written,,
392555,Q1994793,Cuneiform Tablet OIM A35218,update,1,9,written,,
359451,Q1369271,"Cuneiform Tablet ICK 1, 053",update,3,8,written,,
191,Q2023090,"Cuneiform Tablet CDLI Lexical Archaic Unidentified, ex. 042",update,2,9,written,,
390568,Q1370698,"Cuneiform Tablet RA 059, 165 no. 27",update,2,9,written,,
324161,Q2044524,"Cuneiform Tablet CUSAS 03, 1370",update,2,9,written,,
100709,Q1984119,Cuneiform Tablet Aleppo 377,update,2,10,written,,
135447,Q2044200,Cuneiform Tablet TCNU 601,update,2,10,written,,
500537,Q2010287,Cuneiform Tablet PTS unn24,update,2,10,written,,
536956,Q1364848,Cuneiform Tablet Fs Günbattı 034-035 kt 88/k 340,update,2,8,written,,
103826,Q1992758,"Cuneiform Tablet AUCT 2, 007",update,2,9,written,,
130645,Q2040553,Cuneiform Tablet Syracuse 094,update,2,9,written,,
454008,Q1985985,"Cuneiform Tablet Nisaba 15, 0684",update,2,9,written,,
137180,Q2053485,"Cuneiform Tablet UET 3, 0856",update,2,10,written,,
291918,Q2009873,"Cuneiform Tablet BPOA 06, 1423",update,2,10,written,,
345188,Q2029002,"Cuneiform Tablet CDLI Literary 000652, ex. 001",update,2,10,written,,
132678,Q2044884,"Cuneiform Tablet TCTI 2, 03446",update,2,10,written,,
390092,Q1931660,Cuneiform Tablet LB 3024,update,2,9,written,,
341962,Q1992687,Cuneiform Tablet NMSA 3714,update,2,10,written,,
131957,Q2041822,Cuneiform Tablet Tavolette 171,update,2,10,written,,
469776,Q2019681,"Cuneiform Tablet RIME 4.04.01.03, ex. add303",update,1,9,written,,
144857,Q2033781,"Cuneiform Tablet SAT 3, 1657",update,2,10,written,,
123593,Q1997314,"Cuneiform Tablet OIP 115, 426",update,2,10,written,,
10892,Q2049595,Cuneiform Tablet TSŠ 0736,update,2,10,written,,
124256,Q1998490,"Cuneiform Tablet OIP 121, 526",update,2,10,written,,
334862,Q1974702,Cuneiform Tablet ABL 1354,update,2,10,written,,
363110,Q1987208,"Cuneiform Tablet Nisaba 16, 196",update,2,10,written,,
142080,Q2064742,"Cuneiform Tablet YOS 04, 016",update,2,10,written,,
335770,Q1981172,Cuneiform Tablet ADD 0936 +,update,2,10,written,,
145745,Q2044567,"Cuneiform Tablet TCS 1, 249",update,2,10,written,,
113125,Q1938992,"Cuneiform Tablet MVN 01, 092",update,2,9,written,,
468864,Q2015426,"Cuneiform Artifact RINAP 5/3, Ashurbanipal 241, ex. 009",update,2,10,written,,
111118,Q2045201,"Cuneiform Tablet TCTI 3, 05115",update,2,10,written,,
521790,Q1972431,"Cuneiform Tablet Abdul Reza diss, IM 204043",update,2,10,written,,
138275,Q2056483,"Cuneiform Tablet UET 9, 0144",update,2,10,written,,
421108,Q2036113,Cuneiform Tablet SMUI 1913.14.1088,update,2,10,written,,
377016,Q1989684,"Cuneiform Tablet Nisaba 31/2, 094",update,2,10,written,,
292322,Q2008941,"Cuneiform Tablet BPOA 06, 0943",update,2,10,written,,
259226,Q2023677,"Cuneiform Tablet CDLI Literary 000335, ex. 027",update,2,10,written,,
535696,Q1367873,"Cuneiform Tablet AKT 6e, 1076",update,1,9,written,,
534984,Q1365590,"Cuneiform Tablet AKT 6b, 515",update,1,9,written,,
466196,Q2014145,"Cuneiform Tablet RIMA 1.0.077.001, ex. 15",update,2,10,written,,
107023,Q2007468,Cuneiform Tablet BM Messenger 144,update,2,10,written,,
340365,Q2008155,"Cuneiform Tablet BPOA 01, 1710",update,2,10,written,,
137495,Q2054117,"Cuneiform Tablet UET 3, 1170",update,2,10,written,,
322959,Q2047477,"Cuneiform Tablet CUSAS 20, 048",update,2,9,written,,
269690,Q2028879,"Cuneiform Tablet CDLI Literary 000624, ex. 036",update,2,10,written,,
342358,Q1994454,"Cuneiform Tablet OECT 09, 21",update,2,10,written,,
113430,Q1944272,"Cuneiform Tablet MVN 02, 131",update,2,9,written,,
250904,Q2045725,"Cuneiform Tablet CUSAS 12, 8.5 10",update,1,9,written,,
145250,Q2034547,"Cuneiform Tablet SAT 3, 2050",update,2,10,written,,
138760,Q2057457,"Cuneiform Tablet UET 9, 0629",update,2,10,written,,
472585,Q1932478,Cuneiform Tablet Lippmann Coll 285,update,2,9,written,,
361438,Q1371805,Cuneiform Tablet P361438,update,3,8,written,,
348755,Q2037433,"Cuneiform Tablet SpTU 4, 162",update,2,8,written,,
335265,Q1980173,Cuneiform Tablet ADD 0320,update,2,10,written,,
357859,Q1371220,Cuneiform Tablet TTC 14,update,3,9,written,,
124743,Q2000397,"Cuneiform Tablet Orient 16, 093 136",update,2,10,written,,
349847,Q2006387,Cuneiform Tablet BM 032648,update,2,10,written,,
123086,Q2002558,Cuneiform Tablet OTR 151,update,2,9,written,,
522850,Q1983213,"Cuneiform Tablet Akkadica Supp. 13, ACP 01",update,2,10,written,,
262875,Q2025372,"Cuneiform Tablet CDLI Literary 000365, ex. 014",update,2,10,written,,
200249,Q1981339,"Cuneiform Tablet Nisaba 01, 195",update,2,10,written,,
378619,Q2006065,"Cuneiform Tablet PPAC 5, 0977",update,2,10,written,,
307314,Q2065409,"Cuneiform Tablet YOS 05, 252",update,1,11,written,,
117920,Q1962585,"Cuneiform Tablet MVN 14, 0239",update,2,10,written,,
470042,Q2006911,Cuneiform Tablet BM 048261,update,1,10,written,,
386453,Q1892797,"Cuneiform Tablet TCL 01, 017",update,1,10,written,,
338457,Q2039052,"Cuneiform Tablet STT 2, 137",update,2,8,written,,
313707,Q2037279,"Cuneiform Tablet CT 53, 292",update,2,10,written,,
498626,Q1361491,"Cuneiform Tablet AoF 35, 031",update,2,9,written,,
345167,Q2024432,"Cuneiform Tablet CDLI Literary 000347, ex. 004",update,2,10,written,,
405142,Q1995186,"Cuneiform Tablet BagM 27, 382 234",update,3,9,written,,
453722,Q1985254,"Cuneiform Tablet Nisaba 15, 0238",update,2,9,written,,
135152,Q2049098,Cuneiform Tablet TRU 388,update,2,9,written,,
359144,Q1359886,Cuneiform Tablet Prag 538,update,2,8,written,,
464451,Q2014884,"Cuneiform Tablet RIMA 2.0.101.038, ex. 06",update,2,10,written,,
484,Q2023227,"Cuneiform Tablet CDLI Lexical Archaic Unidentified, ex. 081",update,2,9,written,,
324474,Q2044185,"Cuneiform Tablet CUSAS 03, 1182",update,2,9,written,,
133985,Q2043927,Cuneiform Tablet TCND 402,update,2,10,written,,
499934,Q2059818,Cuneiform Tablet Fs Van Lerberghe 440 6,update,2,9,written,,
129171,Q2027629,"Cuneiform Tablet SACT 2, 214",update,2,10,written,,
238365,Q1974647,Cuneiform Tablet ABL 1313,update,2,10,written,,
500188,Q2045260,Cuneiform Tablet TCUR 01,update,2,9,written,,
453688,Q1985156,"Cuneiform Tablet Nisaba 15, 0177",update,2,9,written,,
130700,Q2040663,Cuneiform Tablet Syracuse 149,update,2,9,written,,
518941,Q2021201,"Cuneiform Artifact RINBE 2, Nabonidus 13, ex. 01",update,2,10,written,,
311690,Q1934129,"Cuneiform Tablet MARV 5, 50",update,2,8,written,,
314168,Q2038145,"Cuneiform Tablet CT 53, 758",update,2,10,written,,
461203,Q1938368,"Cuneiform Tablet MSL 14, pl. 03",update,2,10,written,,
481057,Q1931043,"Cuneiform Tablet LAOS 1, 14",update,2,9,written,,
131812,Q2041539,Cuneiform Tablet Tavolette 027,update,2,10,written,,
256583,Q2024073,"Cuneiform Tablet Robertson diss. p. 338, UM 29-15-946",update,2,9,written,,
124313,Q1998592,"Cuneiform Tablet OIP 121, 583",update,2,10,written,,
144912,Q2033892,"Cuneiform Tablet SAT 3, 1712",update,2,10,written,,
334927,Q1974900,"Cuneiform Tablet ABRT 1, 22 - 25",update,2,10,written,,
414303,Q2034967,Cuneiform Tablet SBH 37,update,2,9,written,,
108786,Q2041296,Cuneiform Tablet CTNMC 54,update,2,10,written,,
237090,Q2038975,"Cuneiform Tablet CT 54, 485",update,2,10,written,,
138330,Q2056583,"Cuneiform Tablet UET 9, 0199",update,2,10,written,,
145600,Q1994727,"Cuneiform Tablet AuOr 17-18, 223 19",update,2,10,written,,
459285,Q2027363,"Cuneiform Tablet CDLI Literary 000448, ex. 020",update,1,9,written,,
113060,Q1938855,"Cuneiform Tablet MVN 01, 027",update,2,10,written,,
361068,Q1372077,"Cuneiform Tablet RA 058, 126 Sch. 22",update,2,8,written,,
497479,Q2064290,"Cuneiform Tablet WVDOG 143, 091",update,2,10,written,,
335635,Q1980902,Cuneiform Tablet ADD 0775,update,2,10,written,,
116798,Q1957777,"Cuneiform Tablet MVN 13, 025",update,2,10,written,,
363055,Q1987098,"Cuneiform Tablet Nisaba 16, 141",update,2,10,written,,
116262,Q1956364,"Cuneiform Tablet MVN 11, Z",update,2,9,written,,
361592,Q1371831,Cuneiform Tablet Sadberk Hanim Museum 21,update,3,9,written,,
235557,Q2060666,Cuneiform Tablet USC 6747,update,2,10,written,,
330437,Q1971469,"Cuneiform Tablet AAICAB 1/4, Bod S 368",update,2,10,written,,
386003,Q1892854,"Cuneiform Tablet TCL 07, 010",update,2,10,written,,
378249,Q2005872,"Cuneiform Tablet PPAC 5, 0874",update,2,10,written,,
121111,Q1972811,Cuneiform Tablet NATN 413,update,2,10,written,,
305779,Q1893513,"Cuneiform Tablet YOS 02, 087",update,2,10,written,,
324024,Q2043536,"Cuneiform Tablet CUSAS 03, 0772",update,2,9,written,,
359514,Q1369336,"Cuneiform Tablet ICK 1, 117 &",update,3,7,written,,
102671,Q1990340,"Cuneiform Tablet ASJ 18, 223 HSM 6425",update,2,9,written,,
107189,Q2007757,Cuneiform Tablet BM Messenger 310,update,2,10,written,,
103963,Q1993032,"Cuneiform Tablet AUCT 2, 145",update,2,9,written,,
313357,Q1893838,"Cuneiform Tablet CT 43, 067",update,2,10,written,,
345537,Q2036330,"Cuneiform Tablet CT 44, 28",update,3,7,written,,
453372,Q1985288,Cuneiform Tablet P453372,update,1,9,written,,
135502,Q2044263,Cuneiform Tablet TCNU 656,update,2,10,written,,
106632,Q2000767,"Cuneiform Tablet BIN 05, 198",update,2,10,written,,
293533,Q1974638,Cuneiform Tablet NBC 04436,update,2,10,written,,
480216,Q2032439,"Cuneiform Tablet CDLI Literary 002718.02, ex. 005",update,2,10,written,,
131541,Q2030506,"Cuneiform Tablet SAT 1, 438",update,2,10,written,,
368619,Q2036162,"Cuneiform Tablet CT 25, pl. 15,, Bu 1889-04-26, 115",update,2,10,written,,
504431,Q2019823,"Cuneiform Tablet RIME 4.04.01.03, ex. add397",update,1,9,written,,
136284,Q2051589,Cuneiform Tablet UDT 150,update,2,10,written,,
107920,Q2034548,Cuneiform Tablet CST (JRL) 405,update,2,10,written,,
494605,Q1987067,Cuneiform Tablet P494605,update,1,10,written,,
334474,Q1973645,Cuneiform Tablet ABL 0676,update,2,10,written,,
143384,Q2030887,"Cuneiform Tablet SAT 2, 0183",update,2,10,written,,
349144,Q1994840,"Cuneiform Tablet AUWE 23, 141",update,2,9,written,,
382040,Q2042809,"Cuneiform Tablet TCBI 2/1, 33",update,1,8,written,,
527351,Q1982446,"Cuneiform Tablet AfO Beih 06, TH 015",update,1,10,written,,
139171,Q2058280,"Cuneiform Tablet UET 9, 1041",update,2,10,written,,
205948,Q1927606,"Cuneiform Tablet JCS 71, 032 16",update,2,10,written,,
144441,Q2032958,"Cuneiform Tablet SAT 3, 1241",update,2,10,written,,
123985,Q1997952,"Cuneiform Tablet OIP 121, 255",update,2,10,written,,
336449,Q2022503,Cuneiform Tablet RMA 136,update,2,10,written,,
360229,Q1360357,"Cuneiform Tablet TPAK 1, 017",update,2,8,written,,
122697,Q1993623,Cuneiform Tablet NYPL 159,update,2,10,written,,
303707,Q2014972,"Cuneiform Tablet BPOA 07, 2912",update,2,10,written,,
20032,Q2062706,"Cuneiform Tablet VS 14, 016",update,2,10,written,,
125152,Q2001216,"Cuneiform Tablet OrSP 47-49, 262",update,2,10,written,,
524984,Q1992471,Cuneiform Artifact NMI BK 00554,update,1,5,written,,
127495,Q2010758,"Cuneiform Tablet RA 009, 050 SA 159",update,2,9,written,,
255205,Q2030475,"Cuneiform Tablet CDLI Literary 000767, ex. 033",update,2,10,written,,
120350,Q1968767,"Cuneiform Tablet MVN 21, 113",update,2,10,written,,
235804,Q1994789,Cuneiform Tablet OIM A33324,update,2,9,written,,
203465,Q2006244,Cuneiform Tablet BM 029052,update,2,10,written,,
237839,Q1973031,Cuneiform Tablet ABL 0328,update,2,10,written,,
201458,Q2009848,"Cuneiform Tablet Princeton 2, 459",update,2,10,written,,
282322,Q1928865,Cuneiform Tablet KAJ 308,update,2,8,written,,
331676,Q1983285,"Cuneiform Tablet Nisaba 05/2, 010",update,3,9,written,,
117023,Q1958807,"Cuneiform Tablet MVN 13, 251",update,2,10,written,,
262176,Q2003072,"Cuneiform Tablet PBS 08/2, 155",update,2,9,written,,
359847,Q1369650,"Cuneiform Tablet ICK 2, 262",update,3,8,written,,
380587,Q2007539,"Cuneiform Tablet PPAC 5, 1719",update,2,10,written,,
134743,Q2048302,Cuneiform Tablet Trouvaille 70,update,2,10,written,,
129872,Q2036249,Cuneiform Tablet SNAT 111,update,2,10,written,,
479263,Q2012308,"Cuneiform Tablet RA 073, 077 AO 11139",update,2,10,written,,
128760,Q2026819,"Cuneiform Tablet SACT 1, 003",update,2,10,written,,
103430,Q1991949,"Cuneiform Tablet AUCT 1, 585",update,2,9,written,,
135851,Q2050390,Cuneiform Tablet TUT 257,update,2,10,written,,
536540,Q1367486,"Cuneiform Tablet AKT 9a, 034",update,2,8,written,,
393651,Q2026384,"Cuneiform Tablet SAA 19, 110",update,2,10,written,,
358755,Q1359371,"Cuneiform Tablet CCT 5, 14, BM 115051",update,3,8,written,,
296731,Q2015666,"Cuneiform Tablet BRM 2, 53",update,2,9,written,,
315779,Q2004452,"Cuneiform Tablet PPAC 5, 0135",update,2,10,written,,
343119,Q2027513,"Cuneiform Tablet CDLI Literary 000481, ex. 022",update,2,10,written,,
297989,Q1974668,Cuneiform Tablet NBC 05028,update,2,10,written,,
131111,Q2029807,"Cuneiform Tablet SAT 1, 001",update,2,10,written,,
106262,Q2000033,"Cuneiform Tablet BIN 03, 455",update,2,10,written,,
109197,Q2055815,Cuneiform Tablet DoCu 227,update,2,9,written,,
303357,Q2013808,"Cuneiform Tablet BPOA 07, 2605",update,2,10,written,,
237993,Q2038496,"Cuneiform Tablet CT 54, 011",update,2,10,written,,
257392,Q2028290,"Cuneiform Tablet CDLI Literary 000578, ex. 001",update,2,10,written,,
349514,Q1987285,"Cuneiform Tablet AOAT 275, 335, BM 050652",update,2,9,written,,
382410,Q2042540,"Cuneiform Tablet TCBI 1, 158",update,2,8,written,,
334024,Q1972584,Cuneiform Tablet ABL 0074,update,2,10,written,,
282288,Q1928797,Cuneiform Tablet KAJ 276,update,2,8,written,,
144011,Q2032120,"Cuneiform Tablet SAT 2, 0811",update,2,10,written,,
236681,Q2002723,"Cuneiform Tablet BIN 10, 137",update,2,9,written,,
117189,Q1959534,"Cuneiform Tablet MVN 13, 416",update,2,10,written,,
336019,Q1981666,Cuneiform Tablet ADD 1258,update,2,9,written,,
360679,Q1360841,"Cuneiform Tablet AKT 3, 070",update,2,9,written,,
331226,Q1982629,"Cuneiform Tablet Nisaba 05/1, 194",update,3,9,written,,
262526,Q2017908,Cuneiform Tablet CBS 07525,update,1,9,written,,
387612,Q2066343,Cuneiform Tablet YRL SC 1826-Bx3-5,update,1,9,written,,
282772,Q2065667,"Cuneiform Tablet Iraq 30, pl. 43 TR 2001",update,4,7,written,,
514962,Q2051521,"Cuneiform Tablet CUSAS 40, 0178",update,2,9,written,,
117473,Q1960764,"Cuneiform Tablet MVN 13, 700",update,2,10,written,,
203035,Q2006281,Cuneiform Tablet BM 029687,update,2,10,written,,
515670,Q2052859,"Cuneiform Tablet CUSAS 40, 0886",update,2,9,written,,
248964,Q1970921,"Cuneiform Tablet AAICAB 1/3, pl. 179, Bod A 02",update,2,10,written,,
301690,Q1975569,Cuneiform Tablet NBC 10929,update,2,10,written,,
257668,Q2020204,"Cuneiform Tablet RIME 4.04.06.04, ex. 01",update,1,10,written,,
252190,Q2022600,"Cuneiform Tablet CDLI Lexical 000031, ex. 016",update,1,9,written,,
20198,Q2063045,"Cuneiform Tablet VS 14, 187",update,2,10,written,,
201008,Q2009016,"Cuneiform Tablet Princeton 2, 010",update,2,10,written,,
522503,Q2057372,"Cuneiform Tablet Edubba 10, 14",update,2,10,written,,
119894,Q1967457,"Cuneiform Tablet MVN 18, 533",update,1,10,written,,
103060,Q1991210,"Cuneiform Tablet AUCT 1, 214",update,2,9,written,,
128330,Q2024400,Cuneiform Tablet Rochester 226,update,2,9,written,,
106798,Q2003134,"Cuneiform Tablet BJRL 64, 098 04",update,2,10,written,,
358305,Q1360289,"Cuneiform Tablet VS 26, 178",update,3,8,written,,
536110,Q1366940,"Cuneiform Tablet AKT 7a, 286",update,2,8,written,,
373055,Q1893424,"Cuneiform Tablet VS 16, 101",update,1,10,written,,
325635,Q2046536,"Cuneiform Tablet CUSAS 14, 144",update,1,9,written,,
276135,Q1969959,Cuneiform Tablet N 0987,update,2,9,written,,
134313,Q894114,"Cuneiform Tablet TMH NF 1-2, 001",update,4,8,written,,
428796,Q2039629,"Cuneiform Tablet CTN 2, 079",update,2,10,written,,
312546,Q2008372,"Cuneiform Tablet BPOA 06, 0104",update,2,10,written,,
205732,Q2004544,Cuneiform Tablet BM 023344,update,2,10,written,,
356032,Q1984855,"Cuneiform Tablet Nisaba 13, 117",update,2,10,written,,
298056,Q1974734,Cuneiform Tablet NBC 05129,update,2,10,written,,
278202,Q2026689,"Cuneiform Tablet CDLI Literary 000383, ex. 008",update,2,10,written,,
145529,Q1983097,"Cuneiform Tablet Akkadica 114-115, 103 36",update,2,10,written,,
138019,Q2055157,"Cuneiform Tablet UET 3, 1693",update,2,10,written,,
113349,Q1944005,"Cuneiform Tablet MVN 02, 050",update,2,9,written,,
235384,Q2060325,Cuneiform Tablet USC 6572,update,2,10,written,,
111374,Q1924057,"Cuneiform Tablet ITT 3, 06567",update,2,10,written,,
132414,Q2010311,"Cuneiform Tablet ITT 2, 03159",update,2,10,written,,
240284,Q2038888,"Cuneiform Tablet CT 54, 401",update,2,10,written,,
106848,Q2003230,"Cuneiform Tablet BJRL 64, 108 54",update,2,10,written,,
119744,Q1967157,"Cuneiform Tablet MVN 18, 383",update,2,10,written,,
130429,Q2039975,Cuneiform Tablet STU 03,update,2,10,written,,
454264,Q1986819,"Cuneiform Tablet Nisaba 15, 1158",update,2,9,written,,
104875,Q1995688,"Cuneiform Tablet BAOM 2, 24 12",update,2,10,written,,
247541,Q2019891,"Cuneiform Tablet CDLI Lexical 000001, ex. 074",update,1,9,written,,
428846,Q2039725,"Cuneiform Tablet CTN 2, 127",update,2,10,written,,
342421,Q2013664,Cuneiform Tablet RIAA 296,update,2,10,written,,
314241,Q2038233,"Cuneiform Tablet CT 53, 832",update,2,10,written,,
105767,Q1998834,Cuneiform Tablet Berens 056,update,2,9,written,,
290466,Q2013081,"Cuneiform Tablet BPOA 07, 2316",update,2,10,written,,
463117,Q2027093,"Cuneiform Tablet CDLI Literary 000399, ex. 001",update,1,10,written,,
134939,Q2048671,Cuneiform Tablet TRU 175,update,2,9,written,,
100565,Q1983839,Cuneiform Tablet Aleppo 233,update,2,10,written,,
406914,Q2064698,"Cuneiform Tablet HSS 68, 144",update,2,9,written,,
346931,Q2056098,"Cuneiform Tablet UET 6, 0894",update,2,9,written,,
102558,Q1990116,"Cuneiform Tablet ASJ 15, 079 6",update,2,9,written,,
136904,Q2052956,"Cuneiform Tablet UET 3, 0582",update,2,10,written,,
137616,Q2054360,"Cuneiform Tablet UET 3, 1291",update,2,10,written,,
237643,Q1974567,Cuneiform Tablet ABL 1251,update,2,10,written,,
363686,Q2043432,"Cuneiform Tablet TCL 06, 13",update,2,9,written,,
11016,Q2063976,Cuneiform Tablet WF 059,update,2,10,written,,
114176,Q1947976,"Cuneiform Tablet MVN 04, 224",update,2,9,written,,
121238,Q1973044,Cuneiform Tablet NATN 540,update,2,10,written,,
516375,Q2054202,"Cuneiform Tablet CUSAS 40, 1591",update,2,9,written,,
378160,Q2005770,"Cuneiform Tablet PPAC 5, 0823",update,2,10,written,,
200530,Q2058977,Cuneiform Tablet Fs Hallo 182,update,2,9,written,,
143804,Q2031709,"Cuneiform Tablet SAT 2, 0604",update,2,10,written,,
362994,Q1986976,"Cuneiform Tablet Nisaba 16, 080",update,2,10,written,,
141839,Q2060027,Cuneiform Tablet UNT 008,update,2,10,written,,
251495,Q2045562,"Cuneiform Tablet CUSAS 12, 3.1.02",update,1,9,written,,
236951,Q2038947,"Cuneiform Tablet CT 54, 461",update,2,10,written,,
332689,Q2041931,Cuneiform Tablet CUNES 48-07-127,update,1,8,written,,
123205,Q1995545,"Cuneiform Artifact OIP 043, 142 TA 1931 T320",update,2,10,written,,
138449,Q2056819,"Cuneiform Tablet UET 9, 0318",update,2,10,written,,
113719,Q1945962,"Cuneiform Tablet MVN 03, 159",update,2,10,written,,
108155,Q2034988,Cuneiform Tablet CST (JRL) 639,update,2,10,written,,
145179,Q2034411,"Cuneiform Tablet SAT 3, 1979",update,2,10,written,,
421734,Q1985195,Cuneiform Tablet Anonymous 421734 unpublished assigned,update,1,8,written,,
361711,Q1360094,"Cuneiform Tablet OAA 1, 076",update,2,9,written,,
337171,Q2066453,"Cuneiform Tablet ZA 073, 250 06",update,2,10,written,,
416447,Q2032967,Cuneiform Tablet CDLJ 2012/1 §4.36,update,2,10,written,,
111724,Q1925183,"Cuneiform Tablet ITT 5, 08225",update,2,10,written,,
110836,Q2067050,"Cuneiform Tablet ITT 2, 00966",update,2,10,written,,
121392,Q1973329,Cuneiform Tablet NATN 694,update,2,10,written,,
356462,Q2024556,"Cuneiform Tablet CDLI Literary 000347, ex. 066",update,2,10,written,,
141993,Q2062270,"Cuneiform Tablet ViOr 8/1, 051",update,2,10,written,,
411382,Q1990210,"Cuneiform Tablet Nisaba 32, 164",update,1,9,written,,
464282,Q1994801,"Cuneiform Tablet AuOr 31, 232 02",update,2,9,written,,
359797,Q1369606,"Cuneiform Tablet ICK 2, 212",update,3,7,written,,
134893,Q2048579,Cuneiform Tablet TRU 129,update,2,9,written,,
105337,Q1997851,"Cuneiform Tablet BCT 2, 096",update,2,9,written,,
257,Q2021829,"Cuneiform Tablet CDLI Lexical 000023, ex. 077",update,2,9,written,,
132044,Q2041998,Cuneiform Tablet Tavolette 259,update,2,10,written,,
347789,Q1938680,"Cuneiform Tablet MSL SS 1, 067",update,1,8,written,,
342071,Q1992894,Cuneiform Tablet NMSA 3948,update,2,10,written,,
135781,Q2050250,Cuneiform Tablet TUT 187,update,2,10,written,,
358885,Q499888,"Cuneiform Tablet CCT 5, 08, BM 120514",update,2,10,written,,
137246,Q2053617,"Cuneiform Tablet UET 3, 0922",update,2,10,written,,
130583,Q2040428,Cuneiform Tablet Syracuse 032,update,2,9,written,,
100135,Q1972226,Cuneiform Tablet AAS 155,update,2,10,written,,
323098,Q2048096,"Cuneiform Tablet CUSAS 20, 363",update,2,8,written,,
129258,Q2027803,"Cuneiform Tablet SACT 2, 301",update,2,10,written,,
102108,Q1989214,"Cuneiform Tablet ASJ 03, 178 184",update,2,10,written,,
387868,Q1986550,"Cuneiform Tablet Nisaba 15, 0994",update,2,9,written,,
124190,Q1998360,"Cuneiform Tablet OIP 121, 460",update,2,10,written,,
121668,Q1973812,Cuneiform Tablet NATN 971,update,2,10,written,,
356198,Q2024940,"Cuneiform Tablet CDLI Literary 000351, ex. 100",update,2,10,written,,
200160,Q1981161,"Cuneiform Tablet Nisaba 01, 106",update,2,10,written,,
414180,Q2032592,"Cuneiform Tablet CDLI Literary 002718.07, ex. 008",update,2,10,written,,
329495,Q2041837,Cuneiform Tablet CUNES 48-02-126,update,1,8,written,,
237213,Q1982728,Cuneiform Tablet AGS 031,update,2,10,written,,
108505,Q2035619,"Cuneiform Tablet CT 07, pl. 17, BM 012938",update,2,10,written,,
145483,Q1994657,"Cuneiform Tablet AuOr 16, 217, 41",update,2,10,written,,
122947,Q2002300,Cuneiform Tablet OTR 012,update,2,9,written,,
332373,Q1989443,"Cuneiform Tablet Nisaba 30, 54",update,2,9,written,,
472356,Q1932021,Cuneiform Tablet Lippmann Coll 056,update,2,9,written,,
114526,Q1949449,"Cuneiform Tablet MVN 06, 024",update,2,10,written,,
381816,Q1936741,"Cuneiform Tablet MSL 07, 072 H",update,2,9,written,,
127616,Q2011178,"Cuneiform Tablet RA 010, 210 BM 103432",update,2,10,written,,
301043,Q1975353,Cuneiform Tablet NBC 09939,update,2,10,written,,
357623,Q1370987,"Cuneiform Tablet TCL 19, 057",update,3,9,written,,
252743,Q2049835,"Cuneiform Tablet CUSAS 35, 134",update,2,9,written,,
527428,Q1982600,"Cuneiform Tablet AfO Beih 06, TH 111",update,1,8,written,,
299647,Q1975315,Cuneiform Tablet NBC 08225,update,2,10,written,,
110565,Q2066741,"Cuneiform Tablet ITT 2, 00696",update,2,10,written,,
124939,Q2000810,"Cuneiform Tablet OrSP 47-49, 051",update,2,10,written,,
511849,Q1985483,Cuneiform Tablet P511849,update,2,7,written,,
144338,Q2032752,"Cuneiform Tablet SAT 2, 1138",update,2,10,written,,
139608,Q2059758,Cuneiform Tablet Umma 099,update,2,9,written,,
126904,Q1926043,"Cuneiform Tablet JCS 02, 195 PTS 0553",update,2,10,written,,
360550,Q1360714,"Cuneiform Tablet AKT 2, 08",update,2,8,written,,
315450,Q2015905,"Cuneiform Artifact RIME 1.09.10.01, ex. 01",update,2,10,written,,
131238,Q2030025,"Cuneiform Tablet SAT 1, 129",update,2,10,written,,
388334,Q2022899,"Cuneiform Tablet CDLI Lexical 003902, ex. 017",update,1,8,written,,
372994,Q1893484,"Cuneiform Tablet VS 16, 140",update,1,10,written,,
133205,Q2045097,"Cuneiform Tablet TCTI 2, 04014",update,2,10,written,,
118155,Q1964381,"Cuneiform Tablet MVN 14, 0475",update,2,10,written,,
323831,Q2043856,"Cuneiform Tablet CUSAS 03, 0969",update,2,9,written,,
322723,Q2045313,"Cuneiform Tablet CUSAS 11, 255",update,2,9,written,,
531006,Q2013535,Cuneiform Tablet Rental 126,update,2,10,written,,
291277,Q2010186,"Cuneiform Tablet BPOA 07, 1580",update,2,10,written,,
103349,Q1991788,"Cuneiform Tablet AUCT 1, 504",update,2,9,written,,
104176,Q1993453,"Cuneiform Tablet AUCT 2, 358",update,2,9,written,,
274221,Q2028729,"Cuneiform Tablet CDLI Literary 000623, ex. 066",update,2,10,written,,
101374,Q1986300,"Cuneiform Tablet AnOr 07, 079",update,2,10,written,,
268202,Q2025248,"Cuneiform Tablet CDLI Literary 000364, ex. 029",update,2,10,written,,
528227,Q2026501,"Cuneiform Tablet SAAB 05, 004",update,2,10,written,,
136007,Q2050765,"Cuneiform Tablet UCP 09-02-2, 003",update,2,10,written,,
333132,Q2033237,Cuneiform Tablet Christie's London 19941207 231b,update,2,9,written,,
10607,Q2035772,Cuneiform Tablet SF 028,update,2,10,written,,
378863,Q2006243,"Cuneiform Tablet PPAC 5, 1068",update,2,10,written,,
143107,Q1968463,"Cuneiform Tablet MVN 20, 174",update,2,10,written,,
115767,Q1954365,"Cuneiform Tablet MVN 09, 124",update,2,10,written,,
236052,Q2001869,"Cuneiform Tablet BIN 09, 042",update,2,9,written,,
318262,Q2007857,Cuneiform Tablet Borrelli diss. 17,update,2,10,written,,
108856,Q2055048,Cuneiform Tablet DAS 075,update,2,10,written,,
116848,Q1958019,"Cuneiform Tablet MVN 13, 076",update,2,10,written,,
515559,Q2052654,"Cuneiform Tablet CUSAS 40, 0775",update,2,9,written,,
109744,Q2062595,Cuneiform Tablet Hirose 273,update,2,9,written,,
303584,Q2014564,"Cuneiform Tablet BPOA 07, 2804",update,2,10,written,,
120429,Q1968923,"Cuneiform Tablet MVN 21, 192",update,2,10,written,,
139258,Q2058458,"Cuneiform Tablet UET 9, 1128",update,2,10,written,,
382369,Q2042458,"Cuneiform Tablet TCBI 1, 117",update,2,8,written,,
522780,Q1929265,"Cuneiform Tablet KAM 11, 120",update,3,7,written,,
110135,Q2063246,Cuneiform Tablet HLC 261 (pl. 123),update,2,10,written,,
144768,Q2033604,"Cuneiform Tablet SAT 3, 1568",update,2,10,written,,
360100,Q1369844,"Cuneiform Tablet KTS 1, 50d",update,3,8,written,,
336760,Q2026210,"Cuneiform Tablet SAA 14, 416",update,2,9,written,,
127246,Q2008964,"Cuneiform Tablet Princeton 1, 557",update,2,10,written,,
357273,Q2025085,"Cuneiform Tablet CDLI Literary 000358, ex. 002",update,2,10,written,,
252313,Q2026061,"Cuneiform Tablet CDLI Literary 000375, ex. 032",update,1,9,written,,
120583,Q1969224,"Cuneiform Tablet MVN 21, 346",update,2,10,written,,
417256,Q2030929,"Cuneiform Tablet CDLI Literary 000778, ex. 078",update,1,10,written,,
291627,Q2010009,"Cuneiform Tablet BPOA 06, 1492",update,2,10,written,,
271473,Q2058107,"Cuneiform Tablet Emar 6/1, p. 261, Msk 74104h",update,2,9,written,,
449006,Q1988612,"Cuneiform Tablet Nisaba 25, 19",update,2,10,written,,
389876,Q1931476,Cuneiform Tablet LB 2255,update,2,9,written,,
104526,Q1994131,"Cuneiform Tablet AUCT 3, 314",update,2,9,written,,
247812,Q2024669,"Cuneiform Tablet RT 36, 186",update,2,8,written,,
358186,Q1360171,"Cuneiform Tablet VS 26, 002",update,3,8,written,,
519829,Q1979574,"Cuneiform Tablet New IM 3, 021",update,2,9,written,,
346198,Q2029478,"Cuneiform Tablet CDLI Literary 000750, ex. 016",update,2,10,written,,
131668,Q2043181,"Cuneiform Tablet TCL 02, 5579",update,2,10,written,,
134190,Q2046703,"Cuneiform Tablet TLB 03, 049",update,2,9,written,,
343660,Q2025825,"Cuneiform Tablet CDLI Literary 000370, ex. 017",update,2,10,written,,
290935,Q2010269,"Cuneiform Tablet BPOA 07, 1615",update,2,10,written,,
118505,Q1966615,"Cuneiform Tablet MVN 15, 240",update,2,9,written,,
100836,Q1984360,Cuneiform Tablet Aleppo 504,update,2,10,written,,
346462,Q2024379,"Cuneiform Tablet CDLI Literary 000343, ex. 038",update,2,10,written,,
268652,Q2029138,"Cuneiform Tablet CDLI Literary 000690, ex. 015",update,2,10,written,,
131392,Q2030294,"Cuneiform Tablet SAT 1, 283",update,2,10,written,,
535946,Q1365875,"Cuneiform Tablet AKT 7a, 128",update,2,8,written,,
136457,Q2052084,"Cuneiform Tablet UET 3, 0140",update,2,10,written,,
128449,Q2025204,Cuneiform Tablet RTC 296,update,2,10,written,,
322689,Q2045450,"Cuneiform Tablet CUSAS 11, 324",update,2,9,written,,
103719,Q1992544,"Cuneiform Tablet AUCT 1, 874",update,2,9,written,,
274671,Q1994583,"Cuneiform Tablet OECT 11, 027",update,1,9,written,,
536669,Q1368712,"Cuneiform Tablet AKT 9a, 166",update,2,8,written,,
269940,Q2021588,"Cuneiform Artifact RINBE 2, Nabonidus 32, ex. 14",update,2,9,written,,
101724,Q1987077,"Cuneiform Tablet AOAT 025, 052 W 2-10",update,2,9,written,,
515109,Q2051790,"Cuneiform Tablet CUSAS 40, 0325",update,2,9,written,,
122044,Q1980653,"Cuneiform Tablet Nik 2, 361",update,2,9,written,,
120079,Q1967821,"Cuneiform Tablet MVN 18, 718",update,1,10,written,,
357789,Q1371153,"Cuneiform Tablet TCL 21, 223",update,3,8,written,,
348885,Q2037733,"Cuneiform Tablet SpTU 5, 303",update,2,9,written,,
201771,Q1981859,"Cuneiform Tablet Nisaba 03/1, 141",update,2,10,written,,
115337,Q1952631,"Cuneiform Tablet MVN 07, 521",update,2,10,written,,
124893,Q2000718,"Cuneiform Tablet OrSP 47-49, 005",update,2,10,written,,
143557,Q2031225,"Cuneiform Tablet SAT 2, 0357",update,2,10,written,,
349797,Q1987502,"Cuneiform Tablet AOAT 275, 632, BM 076500",update,2,8,written,,
365302,Q2036106,"Cuneiform Tablet CT 13, pl. 35-38, 1882-05-22, 1048",update,2,10,written,,
280036,Q2027134,"Cuneiform Tablet CDLI Literary 000400, ex. 006",update,2,10,written,,
144292,Q2032662,"Cuneiform Tablet SAT 2, 1092",update,2,10,written,,
130995,Q2041231,Cuneiform Tablet Syracuse 444,update,2,9,written,,
498919,Q1362471,"Cuneiform Tablet AKT 6a, 116",update,1,10,written,,
313838,Q2037486,"Cuneiform Tablet CT 53, 425",update,2,10,written,,
101231,Q1986023,"Cuneiform Tablet AnOr 01, 240",update,2,10,written,,
274364,Q1925499,"Cuneiform Tablet ITT 5, 10014",update,2,10,written,,
131687,Q2043214,"Cuneiform Tablet TCL 02, 5598",update,2,10,written,,
528362,Q2026752,"Cuneiform Tablet SAAB 09, 139",update,2,10,written,,
108913,Q2055163,Cuneiform Tablet DAS 155,update,2,10,written,,
144787,Q2033641,"Cuneiform Tablet SAT 3, 1587",update,2,10,written,,
236117,Q2001995,"Cuneiform Tablet BIN 09, 107",update,2,9,written,,
10742,Q2049342,Cuneiform Tablet TSŠ 0093,update,2,10,written,,
382386,Q2042493,"Cuneiform Tablet TCBI 1, 134",update,2,8,written,,
379634,Q2006755,"Cuneiform Tablet PPAC 5, 1308",update,2,10,written,,
143042,Q1968336,"Cuneiform Tablet MVN 20, 109",update,2,10,written,,
517421,Q1990786,"Cuneiform Tablet Nisaba 33, 241",update,2,9,written,,
114930,Q1950708,"Cuneiform Tablet MVN 06, 562",update,2,10,written,,
125294,Q2001492,"Cuneiform Tablet OrSP 47-49, 404",update,2,10,written,,
109601,Q2062295,Cuneiform Tablet Hirose 130,update,2,9,written,,
122551,Q1993337,Cuneiform Tablet NYPL 015,update,2,10,written,,
120096,Q1967853,"Cuneiform Tablet MVN 18, 735",update,2,10,written,,
357766,Q1371131,"Cuneiform Tablet TCL 21, 200",update,3,8,written,,
204066,Q2004296,Cuneiform Tablet BM 021422,update,2,10,written,,
512623,Q894053,"Cuneiform Tablet TMH 10, 091",update,4,8,written,,
417743,Q1997049,"Cuneiform Tablet BATSH 9, 032",update,2,9,written,,
126841,Q2008184,"Cuneiform Tablet Princeton 1, 152",update,2,10,written,,
265575,Q2029073,"Cuneiform Tablet CDLI Literary 000676, ex. 001",update,2,10,written,,
360415,Q1360551,"Cuneiform Tablet TPAK 1, 200",update,2,8,written,,
336275,Q1972137,Cuneiform Tablet NARGD 34,update,2,10,written,,
334248,Q1973116,Cuneiform Tablet ABL 0372,update,2,10,written,,
253914,Q2045672,"Cuneiform Tablet CUSAS 12, 5.5",update,1,9,written,,
110420,Q2064339,"Cuneiform Tablet HSS 04, 147",update,2,9,written,,
323974,Q2046221,"Cuneiform Tablet CUSAS 13, 193",update,1,8,written,,
118010,Q1963185,"Cuneiform Tablet MVN 14, 0330",update,2,10,written,,
315515,Q2004261,"Cuneiform Tablet PPAC 5, 0025",update,2,10,written,,
343375,Q2028452,"Cuneiform Tablet CDLI Literary 000619, ex. 026",update,2,10,written,,
104033,Q1993169,"Cuneiform Tablet AUCT 2, 215",update,2,9,written,,
358493,Q1359107,"Cuneiform Tablet CCT 1, 48, BM 113341",update,3,8,written,,
536686,Q1363344,"Cuneiform Tablet AKT 10, 12A & 12B",update,2,7,written,,
393597,Q1936165,Cuneiform Tablet MFAB 1981.0381,update,2,9,written,,
531143,Q1995987,"Cuneiform Tablet BATSH 18, 28",update,2,9,written,,
374006,Q1995582,"Cuneiform Tablet OIP 043, 164 TA 1931 T329",update,3,9,written,,
136512,Q2052192,"Cuneiform Tablet UET 3, 0195",update,2,10,written,,
317482,Q2059740,"Cuneiform Tablet Fs Tamburello 1547-1557, 02",update,2,10,written,,
322666,Q2048317,"Cuneiform Tablet CUSAS 23, 074",update,2,9,written,,
535803,Q1362729,"Cuneiform Artifact AKT 6e, 1196",update,2,8,written,,
100973,Q1984740,Cuneiform Tablet Amorites 08,update,2,10,written,,
358539,Q499886,"Cuneiform Tablet CCT 2, 32, BM 113362",update,2,9,written,,
480580,Q2059078,Cuneiform Tablet Fs Krecher 354-355 22,update,2,10,written,,
104199,Q1993498,"Cuneiform Tablet AUCT 2, 381",update,2,9,written,,
101661,Q1986857,"Cuneiform Tablet AnOr 07, 366",update,2,10,written,,
512789,Q2066736,"Cuneiform Tablet ZA 107, 184 no. 26",update,2,10,written,,
379264,Q2006587,"Cuneiform Tablet PPAC 5, 1221",update,2,10,written,,
203609,Q2005125,Cuneiform Tablet BM 024796,update,2,10,written,,
122101,Q1980745,"Cuneiform Tablet Nik 2, 418",update,2,9,written,,
250791,Q2050864,"Cuneiform Tablet CUSAS 39, 176",update,2,9,written,,
236547,Q2002456,"Cuneiform Tablet BIN 10, 003",update,2,9,written,,
109251,Q2055893,Cuneiform Tablet DoCu 294,update,2,9,written,,
365247,Q2035985,"Cuneiform Tablet CT 12, pl. 01-03, BM 092693",update,3,7,written,,
115272,Q1952351,"Cuneiform Tablet MVN 07, 427",update,2,10,written,,
305846,Q2065510,"Cuneiform Tablet YOS 11, 70",update,1,10,written,,
143412,Q2030942,"Cuneiform Tablet SAT 2, 0211",update,2,10,written,,
200926,Q2059360,"Cuneiform Tablet Fs Owen 208-209, 05",update,2,10,written,,
329929,Q1989985,"Cuneiform Tablet Nisaba 32, 044",update,2,9,written,,
336625,Q2025883,"Cuneiform Tablet SAA 04, 247",update,2,9,written,,
110070,Q2063120,Cuneiform Tablet HLC 195 (pl. 106),update,2,10,written,,
115788,Q1954450,"Cuneiform Tablet MVN 09, 145",update,2,10,written,,
334618,Q1974046,Cuneiform Tablet ABL 0905,update,2,10,written,,
337937,Q1994743,Cuneiform Tablet OIM A05477,update,2,10,written,,
342837,Q2062413,"Cuneiform Tablet VS 02, 029",update,2,9,written,,
389933,Q1931567,Cuneiform Tablet LB 2342,update,2,9,written,,
313992,Q2037890,"Cuneiform Tablet CT 53, 580",update,2,10,written,,
104463,Q1994022,"Cuneiform Tablet AUCT 3, 244",update,2,9,written,,
291762,Q2011089,"Cuneiform Tablet BPOA 07, 1816",update,2,10,written,,
239348,Q2038819,"Cuneiform Tablet CT 54, 305",update,2,10,written,,
118440,Q1966203,"Cuneiform Tablet MVN 15, 160",update,2,9,written,,
290870,Q2009386,"Cuneiform Tablet BPOA 06, 1174",update,2,10,written,,
343725,Q2031143,"Cuneiform Tablet CDLI Literary 000784, ex. 007",update,2,10,written,,
503198,Q2028499,"Cuneiform Tablet SANTAG 09, 223",update,2,10,written,,
388621,Q1931157,Cuneiform Tablet LB 0059,update,2,9,written,,
450698,Q2024506,"Cuneiform Tablet RSO 82, 114 12",update,2,9,written,,
312680,Q2008617,"Cuneiform Tablet BPOA 06, 0450",update,2,10,written,,
368475,Q1971830,"Cuneiform Tablet AAICAB 1/4, Bod S 566",update,1,10,written,,
535550,Q1366131,"Cuneiform Tablet AKT 6e, 926",update,1,9,written,,
136841,Q2052828,"Cuneiform Tablet UET 3, 0519",update,2,10,written,,
326275,Q2045874,"Cuneiform Tablet CUSAS 13, 005",update,2,9,written,,
324248,Q2043425,"Cuneiform Tablet CUSAS 03, 0686",update,2,9,written,,
359778,Q1369590,"Cuneiform Tablet ICK 2, 193",update,3,8,written,,
390641,Q1370704,"Cuneiform Tablet RA 060, 115, no. 45",update,2,9,written,,
100420,Q1983559,Cuneiform Tablet Aleppo 088,update,2,10,written,,
347766,Q1938655,"Cuneiform Tablet MSL SS 1, 044",update,1,8,written,,
137753,Q2054632,"Cuneiform Tablet UET 3, 1428",update,2,10,written,,
348493,Q2036891,"Cuneiform Tablet SpTU 1, 072",update,2,9,written,,
142653,Q1969836,"Cuneiform Tablet AAICAB 1/1, pl. 018, 1911-140",update,2,10,written,,
114033,Q1947350,"Cuneiform Tablet MVN 04, 081",update,2,10,written,,
424023,Q1933627,Cuneiform Tablet MAH 16088,update,1,8,written,,
108010,Q2034718,Cuneiform Tablet CST (JRL) 494,update,2,10,written,,
329180,Q2047250,"Cuneiform Tablet CUSAS 19, 149",update,2,9,written,,
123340,Q1997144,"Cuneiform Tablet OIP 115, 339",update,2,10,written,,
333974,Q1972484,Cuneiform Tablet ABL 0022,update,2,10,written,,
236814,Q2002988,"Cuneiform Tablet BIN 10, 270",update,2,9,written,,
331949,Q1983754,"Cuneiform Tablet Nisaba 05/2, 288",update,3,9,written,,
305515,Q1926571,"Cuneiform Tablet JCS 25, 149-150",update,1,10,written,,
124485,Q1998895,"Cuneiform Tablet Ontario 1, 072",update,2,10,written,,
256215,Q2026496,"Cuneiform Tablet CDLI Literary 000380, ex. 034",update,2,10,written,,
200475,Q2040198,"Cuneiform Tablet Sumer 43, 210",update,2,10,written,,
378025,Q2005627,"Cuneiform Tablet PPAC 5, 0752",update,2,10,written,,
411697,Q2030672,"Cuneiform Tablet CDLI Literary 000771, ex. 030",update,1,9,written,,
126142,Q2003726,"Cuneiform Tablet PDT 2, 0767",update,2,10,written,,
278347,Q2030896,"Cuneiform Tablet CDLI Literary 000778, ex. 062",update,2,10,written,,
356177,Q2003808,Cuneiform Tablet Penn —,update,2,9,written,,
387887,Q1985518,"Cuneiform Tablet Nisaba 15, 0409",update,2,9,written,,
298113,Q1974832,Cuneiform Tablet NBC 05195,update,2,10,written,,
335459,Q1980552,Cuneiform Tablet ADD 0522,update,2,9,written,,
363239,Q1975550,Cuneiform Tablet ACT 0703,update,2,9,written,,
301805,Q1975619,Cuneiform Tablet NBC 11197,update,2,10,written,,
361204,Q1361011,Cuneiform Tablet AMMY 2000 pl. IV (no. 4),update,2,8,written,,
264364,Q2017717,Cuneiform Tablet CBS 06938,update,2,9,written,,
376938,Q1989529,"Cuneiform Tablet Nisaba 31/2, 016",update,2,10,written,,
104930,Q1995787,"Cuneiform Tablet BAOM 2, 31 67",update,2,10,written,,
314304,Q2038337,"Cuneiform Tablet CT 53, 895",update,2,10,written,,
135294,Q2044006,Cuneiform Tablet TCNU 448,update,2,10,written,,
271865,Q2058321,"Cuneiform Tablet Emar 6/2, p. 487, Msk 74198l",update,2,9,written,,
405284,Q1982231,"Cuneiform Tablet Nisaba 04/1, 39",update,2,9,written,,
323077,Q2045456,"Cuneiform Tablet CUSAS 11, 327",update,2,9,written,,
290523,Q2013309,"Cuneiform Tablet BPOA 07, 2369",update,2,10,written,,
105622,Q1998373,"Cuneiform Tablet BE 03/1, 070",update,2,10,written,,
359282,Q1360015,Cuneiform Tablet Prag 686,update,2,9,written,,
407313,Q2064975,"Cuneiform Tablet HSS 68, 377",update,2,9,written,,
269106,Q2029315,"Cuneiform Tablet CDLI Literary 000736, ex. 003",update,2,10,written,,
451573,Q1988816,Cuneiform Artifact P451573,update,1,8,written,,
275125,Q1892987,Cuneiform Tablet LIH 052,update,1,10,written,,
137303,Q2053731,"Cuneiform Tablet UET 3, 0978",update,2,10,written,,
290489,Q2013195,"Cuneiform Tablet BPOA 07, 2340",update,2,10,written,,
324618,Q1990132,"Cuneiform Tablet Nisaba 32, 113",update,2,9,written,,
390211,Q1931793,Cuneiform Tablet LB 3148,update,2,9,written,,
359328,Q1360060,Cuneiform Tablet Prag 750,update,2,9,written,,
105788,Q1998872,Cuneiform Tablet Berens 077,update,2,9,written,,
481391,Q2050543,Cuneiform Tablet UC CSC 1950,update,2,7,written,,
100070,Q1972111,Cuneiform Tablet AAS 083,update,2,10,written,,
123710,Q1997236,"Cuneiform Tablet OIP 115, 387",update,2,10,written,,
108440,Q2035479,"Cuneiform Tablet CT 03, pl. 14, BM 013892",update,2,10,written,,
516660,Q2054693,"Cuneiform Tablet CUSAS 40, 1876",update,2,9,written,,
142203,Q2064974,"Cuneiform Tablet YOS 04, 139",update,2,10,written,,
114463,Q1949152,"Cuneiform Tablet MVN 05, 243",update,2,9,written,,
281762,Q1929792,Cuneiform Tablet KAV 156,update,2,8,written,,
303992,Q2066178,"Cuneiform Tablet YOS 20, 059",update,2,10,written,,
521513,Q1974971,"Cuneiform Tablet AchHist 15, 016",update,2,10,written,,
335009,Q1979655,Cuneiform Tablet ADD 0057,update,2,9,written,,
332236,Q1927371,"Cuneiform Tablet JCS 54, 005, 31",update,2,10,written,,
363669,Q2040734,"Cuneiform Tablet CTN 4, 255",update,2,9,written,,
114199,Q1948082,"Cuneiform Tablet MVN 04, 247",update,2,9,written,,
348539,Q2036983,"Cuneiform Tablet SpTU 1, 118",update,2,8,written,,
111661,Q1925109,"Cuneiform Tablet ITT 5, 06951",update,2,10,written,,
337034,Q2038298,"Cuneiform Tablet StAT 2, 226",update,2,10,written,,
361654,Q1359719,Cuneiform Tablet KTBl 18,update,2,8,written,,
307482,Q2065553,"Cuneiform Tablet YOS 12, 081",update,2,10,written,,
360946,Q1371701,Cuneiform Tablet KTK 094,update,3,9,written,,
234983,Q2059552,"Cuneiform Tablet Fs Sigrist 031, no. 16",update,2,10,written,,
298543,Q1975189,Cuneiform Tablet NBC 06734,update,2,10,written,,
110973,Q1975877,"Cuneiform Tablet ITT 2, 03683",update,2,10,written,,
356527,Q2030142,"Cuneiform Tablet CDLI Literary 000761, ex. 023",update,2,10,written,,
513462,Q1983376,"Cuneiform Tablet al-Rafidan 35, 007-009",update,2,10,written,,
290173,Q2013456,"Cuneiform Tablet BPOA 07, 2406",update,2,10,written,,
323427,Q2045136,"Cuneiform Tablet CUSAS 11, 166",update,2,9,written,,
312,Q2022462,"Cuneiform Tablet CDLI Lexical 000030, ex. 038",update,2,9,written,,
105272,Q1997712,"Cuneiform Tablet BCT 2, 031",update,2,9,written,,
342134,Q1993019,Cuneiform Tablet NMSA 4186,update,2,10,written,,
313091,Q1994722,Cuneiform Tablet OIM A03214b,update,2,10,written,,
132101,Q2042107,Cuneiform Tablet Tavolette 317,update,2,10,written,,
316047,Q2004625,"Cuneiform Tablet PPAC 5, 0236",update,2,10,written,,
130612,Q2040485,Cuneiform Tablet Syracuse 061,update,2,9,written,,
258876,Q2002794,"Cuneiform Tablet PBS 01/2, 121",update,1,9,written,,
461311,Q2035862,Cuneiform Tablet Sippar Library y,update,2,9,written,,
131900,Q2041709,Cuneiform Tablet Tavolette 114,update,2,10,written,,
107561,Q2033866,Cuneiform Tablet CST (JRL) 049,update,2,10,written,,
341935,Q1992633,Cuneiform Tablet NMSA 3636,update,2,10,written,,
323309,Q2047769,"Cuneiform Tablet CUSAS 20, 197",update,2,9,written,,
334835,Q1974621,Cuneiform Tablet ABL 1294,update,2,10,written,,
102299,Q1989560,"Cuneiform Tablet ASJ 09, 246 23",update,2,9,written,,
356209,Q2030358,"Cuneiform Tablet CDLI Literary 000764, ex. 016",update,2,10,written,,
124201,Q1998382,"Cuneiform Tablet OIP 121, 471",update,2,10,written,,
278039,Q1970132,Cuneiform Tablet N 2973,update,2,10,written,,
300469,Q1975333,Cuneiform Tablet NBC 09221,update,2,10,written,,
144800,Q2033667,"Cuneiform Tablet SAT 3, 1600",update,2,10,written,,
469721,Q2059010,Cuneiform Tablet Fs Hruška 164 06,update,2,9,written,,
108694,Q2039216,"Cuneiform Tablet CTMMA 1, 010",update,2,10,written,,
514489,Q2037856,"Cuneiform Tablet StAT 1, 037",update,2,10,written,,
117998,Q1963132,"Cuneiform Tablet MVN 14, 0318",update,2,10,written,,
138222,Q2056380,"Cuneiform Tablet UET 9, 0091",update,2,10,written,,
336808,Q2026635,"Cuneiform Tablet SAAB 06, 015, 16 pl. 4",update,1,10,written,,
109986,Q2062960,Cuneiform Tablet HLC 109 (pl. 087),update,2,10,written,,
328816,Q2049157,"Cuneiform Tablet CUSAS 33, 101",update,2,9,written,,
145712,Q2044508,"Cuneiform Tablet TCS 1, 198",update,2,10,written,,
335727,Q1981087,Cuneiform Tablet ADD 0886,update,2,10,written,,
363147,Q1987282,"Cuneiform Tablet Nisaba 16, 233",update,2,10,written,,
203824,Q2003723,Cuneiform Tablet BM 020067,update,2,10,written,,
332518,Q1971967,"Cuneiform Tablet NABU 2002/026, 01",update,2,9,written,,
361480,Q1361241,"Cuneiform Tablet Anatolia 8, 148",update,2,8,written,,
113488,Q1944520,"Cuneiform Tablet MVN 02, 189",update,2,9,written,,
330525,Q1971645,"Cuneiform Tablet AAICAB 1/4, Bod S 457",update,2,10,written,,
201819,Q1981954,"Cuneiform Tablet Nisaba 03/1, 188",update,2,10,written,,
235445,Q2060450,Cuneiform Tablet USC 6634,update,2,10,written,,
121003,Q1972657,Cuneiform Tablet NATN 305,update,2,10,written,,
202736,Q2005379,"Cuneiform Tablet PPAC 5, 0623",update,2,10,written,,
514173,Q2064440,"Cuneiform Tablet WVDOG 152, V 1 040",update,2,10,written,,
359406,Q1369203,"Cuneiform Tablet ICK 1, 007",update,3,8,written,,
324136,Q2043489,"Cuneiform Tablet CUSAS 03, 0735",update,2,9,written,,
432773,Q2019211,"Cuneiform Tablet RIME 4.04.01.02, ex. add134",update,1,10,written,,
129433,Q2035304,Cuneiform Tablet SET 023,update,2,10,written,,
102763,Q1990503,"Cuneiform Tablet ASJ 19, 287 11",update,2,10,written,,
103871,Q1992850,"Cuneiform Tablet AUCT 2, 053",update,2,9,written,,
453260,Q2019337,"Cuneiform Artifact RIME 4.04.01.02, ex. add167",update,1,8,written,,
345425,Q2027944,"Cuneiform Tablet CDLI Literary 000532, ex. 001",update,1,10,written,,
274919,Q1985053,Cuneiform Tablet P274919,update,1,9,written,,
429095,Q2040213,"Cuneiform Tablet CTN 3, 127",update,2,8,written,,
242578,Q1907178,Cuneiform Tablet P242578,update,2,9,written,,
347418,Q1892871,"Cuneiform Tablet OECT 15, 075",update,2,10,written,,
268890,Q2030558,"Cuneiform Tablet CDLI Literary 000768, ex. 018",update,2,10,written,,
532041,Q2058898,"Cuneiform Tablet FS Charpin, 955‒959",update,2,9,written,,
535784,Q1366945,"Cuneiform Artifact AKT 6e, 1173",update,2,8,written,,
390495,Q2059566,"Cuneiform Tablet Fs Sigrist 101, 04",update,2,9,written,,
323759,Q2044835,"Cuneiform Tablet CUSAS 11, 014",update,2,9,written,,
129599,Q2035548,Cuneiform Tablet SET 189,update,2,10,written,,
137587,Q2054302,"Cuneiform Tablet UET 3, 1262",update,2,10,written,,
238627,Q2023335,Cuneiform Tablet RMA 246e,update,2,10,written,,
355976,Q1984768,"Cuneiform Tablet Nisaba 13, 061",update,2,10,written,,
113522,Q1944682,"Cuneiform Tablet MVN 02, 223",update,2,9,written,,
250816,Q2050478,"Cuneiform Tablet CUSAS 35, 464",update,2,9,written,,
145342,Q2034725,"Cuneiform Tablet SAT 3, 2142",update,2,10,written,,
472497,Q1932306,Cuneiform Tablet Lippmann Coll 197,update,2,9,written,,
138672,Q2057281,"Cuneiform Tablet UET 9, 0541",update,2,10,written,,
510833,Q1893261,"Cuneiform Tablet AbB 13, 115",update,1,10,written,,
125943,Q2003689,"Cuneiform Tablet PDT 1, 0527",update,2,10,written,,
348647,Q2037200,"Cuneiform Tablet SpTU 2, 042",update,2,8,written,,
363517,Q2040447,"Cuneiform Tablet CTN 4, 103",update,2,10,written,,
142487,Q2065998,"Cuneiform Tablet YOS 18, 093",update,2,10,written,,
349955,Q2040096,"Cuneiform Tablet Studies Hoffner, 350-351",update,2,8,written,,
124651,Q2000218,"Cuneiform Tablet Orient 16, 045 24",update,2,10,written,,
335377,Q1980398,Cuneiform Tablet ADD 0434,update,2,10,written,,
205159,Q2004610,Cuneiform Tablet BM 024069,update,2,10,written,,
253739,Q2050678,"Cuneiform Tablet CUSAS 39, 060",update,1,9,written,,
123194,Q1998662,"Cuneiform Tablet ÖLZ 1/1952, 5 1",update,2,9,written,,
121453,Q1973433,Cuneiform Tablet NATN 756,update,2,10,written,,
117832,Q1962125,"Cuneiform Tablet MVN 14, 0151",update,2,10,written,,
116720,Q1957344,"Cuneiform Tablet MVN 12, 458",update,2,10,written,,
332148,Q2004108,"Cuneiform Tablet PPAC 4, 229",update,2,9,written,,
468999,Q2015663,"Cuneiform Tablet RIMB 2.S.un.x1002.01, ex. 002",update,2,10,written,,
138388,Q2056696,"Cuneiform Tablet UET 9, 0257",update,2,10,written,,
235015,Q1930344,Cuneiform Tablet KM 89262,update,2,10,written,,
283421,Q1934304,"Cuneiform Tablet MARV 7, 054",update,2,10,written,,
498734,Q1362284,"Cuneiform Tablet AKT 4, 71",update,2,9,written,,
453630,Q1985008,"Cuneiform Tablet Nisaba 15, 0084",update,2,9,written,,
338545,Q2039199,"Cuneiform Tablet STT 2, 226",update,2,8,written,,
313615,Q2037120,"Cuneiform Tablet CT 53, 200",update,2,10,written,,
135040,Q2048874,Cuneiform Tablet TRU 276,update,2,9,written,,
132785,Q2044939,"Cuneiform Tablet TCTI 2, 03570",update,2,10,written,,
347048,Q2056124,"Cuneiform Tablet UET 7, 0085",update,2,9,written,,
359056,Q1359802,Cuneiform Tablet Prag 428,update,2,9,written,,
324566,Q2043335,"Cuneiform Tablet CUSAS 03, 0567",update,2,9,written,,
133897,Q2043753,Cuneiform Tablet TCND 179,update,2,10,written,,
277266,Q897267,"Cuneiform Tablet OB Contracts, pl. G7 no. 68",update,8,4,written,,
312907,Q2066148,"Cuneiform Tablet YOS 20, 044",update,2,10,written,,
102333,Q1989629,"Cuneiform Tablet ASJ 09, 261 57",update,2,9,written,,
499826,Q1927832,"Cuneiform Tablet JCSSS 5, 106",update,2,10,written,,
131003,Q2041245,Cuneiform Tablet Syracuse 452,update,2,9,written,,
288797,Q1934236,"Cuneiform Tablet MARV 6, 37",update,2,8,written,,
129063,Q2027422,"Cuneiform Tablet SACT 2, 106",update,2,10,written,,
244156,Q1907187,Cuneiform Tablet P244156,update,2,9,written,,
317656,Q2004733,"Cuneiform Tablet PPAC 5, 0286",update,2,10,written,,
239466,Q2038878,"Cuneiform Tablet CT 54, 391",update,2,10,written,,
106370,Q2000244,"Cuneiform Tablet BIN 03, 563",update,2,10,written,,
103488,Q1992066,"Cuneiform Tablet AUCT 1, 643",update,2,9,written,,
480754,Q1371995,Cuneiform Tablet DAM 0-—,update,2,7,written,,
320525,Q1984052,"Cuneiform Tablet Nisaba 08, 106",update,2,10,written,,
510560,Q1893782,"Cuneiform Tablet AbB 12, 036",update,2,10,written,,
109085,Q2055464,Cuneiform Tablet DAS 371,update,2,10,written,,
113871,Q1946643,"Cuneiform Tablet MVN 03, 311",update,2,10,written,,
250545,Q2050780,"Cuneiform Tablet CUSAS 39, 129",update,2,9,written,,
237881,Q2022062,Cuneiform Tablet RMA 063,update,2,10,written,,
515298,Q2052154,"Cuneiform Tablet CUSAS 40, 0514",update,2,9,written,,
125410,Q2003616,"Cuneiform Tablet PBS 13, 28",update,2,10,written,,
526901,Q1934463,"Cuneiform Tablet MC 25, 551",update,3,9,written,,
204318,Q2004241,Cuneiform Tablet BM 021361,update,2,10,written,,
382502,Q2042717,"Cuneiform Tablet TCBI 1, 250",update,2,8,written,,
334136,Q1972808,Cuneiform Tablet ABL 0191,update,2,10,written,,
365093,Q1893116,"Cuneiform Tablet CT 02, pl. 12, Bu 1888-05-12, 212",update,2,10,written,,
236793,Q2002949,"Cuneiform Tablet BIN 10, 249",update,2,9,written,,
144103,Q2032299,"Cuneiform Tablet SAT 2, 0903",update,2,10,written,,
139433,Q2058804,"Cuneiform Tablet UET 9, 1303",update,2,10,written,,
331334,Q1982795,"Cuneiform Tablet Nisaba 05/1, 304",update,3,9,written,,
282660,Q1996146,"Cuneiform Tablet BATSH 4, 26",update,2,7,written,,
514870,Q2051296,"Cuneiform Tablet CUSAS 40, 0086",update,2,9,written,,
117561,Q1961058,"Cuneiform Tablet MVN 13, 788",update,2,10,written,,
254855,Q2031414,"Cuneiform Tablet CDLI Literary 000795, ex. 051",update,2,11,written,,
112299,Q1927988,"Cuneiform Tablet JMEOS 12, 38 3477",update,2,10,written,,
236269,Q2002289,"Cuneiform Tablet BIN 09, 259",update,2,9,written,,
203127,Q2005116,"Cuneiform Tablet PPAC 5, 0487",update,2,10,written,,
515762,Q2053039,"Cuneiform Tablet CUSAS 40, 0978",update,2,9,written,,
301782,Q1998981,"Cuneiform Tablet BiMes 11, no. 129",update,2,10,written,,
248876,Q1970791,"Cuneiform Tablet AAICAB 1/2, pl. 144, 1971-363",update,2,10,written,,
128222,Q2024263,Cuneiform Tablet Rochester 117,update,2,9,written,,
103172,Q1991434,"Cuneiform Tablet AUCT 1, 327",update,2,9,written,,
120612,Q1969282,"Cuneiform Tablet MVN 21, 375",update,2,10,written,,
358217,Q1360202,"Cuneiform Tablet VS 26, 062",update,3,8,written,,
536002,Q1366336,"Cuneiform Tablet AKT 7a, 181",update,2,8,written,,
119986,Q1967639,"Cuneiform Tablet MVN 18, 625",update,2,10,written,,
324835,Q2045189,"Cuneiform Tablet CUSAS 11, 192",update,2,9,written,,
325727,Q2043983,"Cuneiform Tablet CUSAS 03, 1036",update,2,9,written,,
134201,Q2046721,"Cuneiform Tablet TLB 03, 060",update,2,9,written,,
315391,Q1985077,Cuneiform Tablet P315391,update,2,9,written,,
346209,Q2026458,"Cuneiform Tablet CDLI Literary 000380, ex. 015",update,2,10,written,,
312454,Q2065785,"Cuneiform Tablet YOS 15, 190",update,2,10,written,,
375990,Q1988555,"Cuneiform Tablet Nisaba 24, 29",update,2,10,written,,
326808,Q2046804,"Cuneiform Tablet CUSAS 14, 279",update,1,9,written,,
107998,Q2034696,Cuneiform Tablet CST (JRL) 483,update,2,10,written,,
106720,Q2000940,"Cuneiform Tablet BIN 05, 286",update,2,10,written,,
128388,Q2024661,"Cuneiform Tablet RT 22, 153 3",update,2,9,written,,
369819,Q1935288,"Cuneiform Tablet MDP 27, 071",update,2,7,written,,
107832,Q2034380,Cuneiform Tablet CST (JRL) 317,update,2,10,written,,
136396,Q2051967,"Cuneiform Tablet UET 3, 0079",update,2,10,written,,
334566,Q1973878,Cuneiform Tablet ABL 0812,update,2,10,written,,
143296,Q2030723,"Cuneiform Tablet SAT 2, 0097",update,2,10,written,,
527243,Q1996806,"Cuneiform Tablet BATSH 6, 118",update,2,9,written,,
139063,Q2058064,"Cuneiform Tablet UET 9, 0933",update,2,10,written,,
144553,Q2033178,"Cuneiform Tablet SAT 3, 1353",update,2,10,written,,
123897,Q1997785,"Cuneiform Tablet OIP 121, 167",update,2,10,written,,
122785,Q1993796,Cuneiform Tablet NYPL 247,update,2,10,written,,
303615,Q2014670,"Cuneiform Tablet BPOA 07, 2831",update,2,10,written,,
20120,Q2062881,"Cuneiform Tablet VS 14, 105",update,2,10,written,,
357048,Q2024461,"Cuneiform Tablet CDLI Literary 000347, ex. 019",update,2,10,written,,
125040,Q2000996,"Cuneiform Tablet OrSP 47-49, 151",update,2,10,written,,
515332,Q2052219,"Cuneiform Tablet CUSAS 40, 0548",update,2,9,written,,
127587,Q2011082,"Cuneiform Tablet RA 009, 158",update,2,9,written,,
203577,Q2003682,Cuneiform Tablet BM 020033,update,2,10,written,,
120242,Q1968553,"Cuneiform Tablet MVN 21, 005",update,2,10,written,,
282230,Q1928680,Cuneiform Tablet KAJ 217,update,2,8,written,,
491515,Q2046206,"Cuneiform Tablet TIMA 1, 003",update,2,10,written,,
331764,Q1983442,"Cuneiform Tablet Nisaba 05/2, 099",update,3,9,written,,
117131,Q1959292,"Cuneiform Tablet MVN 13, 359",update,2,10,written,,
236639,Q2002638,"Cuneiform Tablet BIN 10, 095",update,2,9,written,,
333759,Q1986434,"Cuneiform Tablet Nisaba 15, 0922",update,2,9,written,,
346659,Q2055853,"Cuneiform Tablet UET 6, 0622",update,2,9,written,,
129960,Q2036400,Cuneiform Tablet SNAT 199,update,2,10,written,,
128672,Q2025601,Cuneiform Tablet SA 077,update,2,9,written,,
103522,Q1992133,"Cuneiform Tablet AUCT 1, 677",update,2,9,written,,
433532,Q2018788,"Cuneiform Tablet RIME 4.04.01.02, ex. 019",update,2,10,written,,
135943,Q2050638,"Cuneiform Tablet UCP 09-02-1, 039",update,2,10,written,,
141244,Q2061582,"Cuneiform Tablet UTI 5, 3225",update,2,10,written,,
536452,Q1368285,"Cuneiform Tablet AKT 8, 321",update,1,9,written,,
117424,Q1960552,"Cuneiform Tablet MVN 13, 651",update,2,10,written,,
358647,Q1359264,"Cuneiform Tablet CCT 4, 14, BM 115147",update,3,8,written,,
514935,Q2051468,"Cuneiform Tablet CUSAS 40, 0151",update,2,9,written,,
123878,Q1997747,"Cuneiform Tablet OIP 121, 148",update,2,10,written,,
282725,Q1926197,"Cuneiform Tablet JCS 07, 148 - 176, 44",update,2,8,written,,
522554,Q1928189,"Cuneiform Tablet Kahramanmaraş'ta Bulunmuş Yeni Asurca Tabletler, 09",update,2,9,written,,
262571,Q2017990,Cuneiform Tablet CBS 07570,update,1,9,written,,
387645,Q2059173,"Cuneiform Tablet Fs Lenoble 165, no. 22",update,2,10,written,,
121845,Q1980533,"Cuneiform Tablet Nik 2, 162",update,2,9,written,,
331271,Q1982703,"Cuneiform Tablet Nisaba 05/1, 241",update,3,9,written,,
334589,Q1973938,Cuneiform Tablet ABL 0845,update,2,10,written,,
115419,Q1953012,"Cuneiform Tablet MVN 08, 028",update,2,10,written,,
267289,Q2028873,"Cuneiform Tablet CDLI Literary 000624, ex. 033",update,2,10,written,,
120757,Q1972267,Cuneiform Tablet NATN 059,update,2,10,written,,
283837,Q1983932,"Cuneiform Tablet Nisaba 07, 33",update,2,10,written,,
515627,Q2052779,"Cuneiform Tablet CUSAS 40, 0843",update,2,9,written,,
248933,Q1970905,"Cuneiform Tablet AAICAB 1/2, pl. 168, 1975-299",update,2,10,written,,
127092,Q2008662,"Cuneiform Tablet Princeton 1, 403",update,2,10,written,,
373002,Q1893453,"Cuneiform Tablet VS 16, 147",update,1,10,written,,
325662,Q2049029,"Cuneiform Tablet CUSAS 33, 036",update,2,9,written,,
536147,Q1364105,"Cuneiform Tablet AKT 8, 013",update,1,9,written,,
358352,Q1372298,Cuneiform Tablet ATHE 20,update,3,8,written,,
103037,Q1991164,"Cuneiform Tablet AUCT 1, 191",update,2,9,written,,
530990,Q1975722,Cuneiform Tablet Nbn. 234,update,2,10,written,,
136379,Q2051935,"Cuneiform Tablet UET 3, 0063",update,2,10,written,,
324970,Q2046978,"Cuneiform Tablet CUSAS 19, 013",update,2,9,written,,
503209,Q2028514,"Cuneiform Tablet SANTAG 09, 234",update,2,10,written,,
450509,Q2020679,"Cuneiform Artifact RINAP 4 Esarhaddon 113, ex. 001",update,2,10,written,,
131146,Q2029855,"Cuneiform Tablet SAT 1, 037",update,2,10,written,,
320460,Q2033491,"Cuneiform Tablet CM 26, 065",update,2,10,written,,
376200,Q1988320,"Cuneiform Tablet Nisaba 23, 067",update,2,10,written,,
104208,Q1993516,"Cuneiform Tablet AUCT 2, 390",update,1,9,written,,
467380,Q2014574,"Cuneiform Tablet RIMA 2.0.087.004, ex. 23",update,2,10,written,,
137991,Q2055100,"Cuneiform Tablet UET 3, 1665",update,2,10,written,,
106235,Q1999979,"Cuneiform Tablet BIN 03, 428",update,2,10,written,,
391791,Q2020043,"Cuneiform Tablet RIME 4.04.01.04, ex. add099",update,1,10,written,,
291109,Q2011443,"Cuneiform Tablet BPOA 07, 1903",update,2,10,written,,
412280,Q2041218,"Cuneiform Artifact CTN 6, 106",update,2,10,written,,
526844,Q1928957,"Cuneiform Tablet KAL 08, 022",update,2,9,written,,
299539,Q1975249,Cuneiform Tablet NBC 08096,update,2,10,written,,
20435,Q2047020,"Cuneiform Tablet TMH 05, 021",update,2,10,written,,
111909,Q1926359,"Cuneiform Tablet JCS 11, 077 34",update,2,9,written,,
417578,Q1934407,"Cuneiform Tablet MARV 9, 115",update,2,10,written,,
113934,Q1946933,"Cuneiform Tablet MVN 03, 374",update,2,10,written,,
127568,Q2011020,"Cuneiform Tablet RA 009, 055 AM 15",update,2,9,written,,
203598,Q2004663,Cuneiform Tablet BM 024121,update,2,10,written,,
139576,Q2059721,Cuneiform Tablet Umma 067,update,2,9,written,,
144046,Q2032188,"Cuneiform Tablet SAT 2, 0846",update,2,10,written,,
334073,Q1972680,Cuneiform Tablet ABL 0125,update,2,10,written,,
112626,Q1934680,"Cuneiform Tablet MCS 2, 70, BM 111794",update,2,10,written,,
143783,Q2031666,"Cuneiform Tablet SAT 2, 0583",update,2,10,written,,
382447,Q2042613,"Cuneiform Tablet TCBI 1, 195",update,2,8,written,,
10083,Q2022202,"Cuneiform Tablet CDLI Lexical 000027, ex. 005",update,2,10,written,,
349543,Q1987317,"Cuneiform Tablet AOAT 275, 360, BM 053178",update,3,9,written,,
140906,Q2061518,"Cuneiform Tablet UTI 4, 2887",update,2,10,written,,
120307,Q1968683,"Cuneiform Tablet MVN 21, 070",update,2,10,written,,
306552,Q2058747,Cuneiform Tablet Feuerherm diss. K084,update,1,10,written,,
515277,Q2052115,"Cuneiform Tablet CUSAS 40, 0493",update,2,9,written,,
203432,Q2004075,Cuneiform Tablet BM 020786,update,2,10,written,,
117074,Q1959034,"Cuneiform Tablet MVN 13, 302",update,2,10,written,,
331621,Q1983248,"Cuneiform Tablet Nisaba 05/1, 609",update,3,9,written,,
282375,Q1981915,"Cuneiform Tablet AfO 10, 39, 82",update,2,8,written,,
143629,Q2031362,"Cuneiform Tablet SAT 2, 0429",update,2,10,written,,
115049,Q1951247,"Cuneiform Tablet MVN 07, 146",update,2,10,written,,
499060,Q1362622,"Cuneiform Tablet AKT 6a, 253",update,1,10,written,,
448990,Q1988579,"Cuneiform Tablet Nisaba 25, 03",update,2,10,written,,
479234,Q2016186,"Cuneiform Tablet BTT pl. 16, BM 076297 +",update,2,9,written,,
118381,Q1966041,"Cuneiform Tablet MVN 15, 101",update,2,9,written,,
136729,Q2052604,"Cuneiform Tablet UET 3, 0407",update,2,10,written,,
359810,Q1369617,"Cuneiform Tablet ICK 2, 225",update,3,8,written,,
134714,Q2048254,Cuneiform Tablet Trouvaille 41,update,2,10,written,,
450159,Q2014857,"Cuneiform Artifact RIMA 2.0.101.030, ex. 01",update,2,9,written,,
296766,Q2066254,"Cuneiform Tablet YOS 20, 099",update,2,9,written,,
358702,Q1359318,"Cuneiform Tablet CCT 4, 38, BM 113432",update,3,9,written,,
393606,Q2026284,"Cuneiform Tablet SAA 19, 005",update,2,10,written,,
135806,Q2050300,Cuneiform Tablet TUT 212,update,2,10,written,,
536517,Q1366843,"Cuneiform Tablet AKT 9a, 011",update,2,8,written,,
103467,Q1992023,"Cuneiform Tablet AUCT 1, 622",update,2,9,written,,
345833,Q1994365,"Cuneiform Tablet OECT 05, 52",update,2,10,written,,
405816,Q1987999,"Cuneiform Tablet Nisaba 22, 076",update,2,9,written,,
128737,Q2025704,Cuneiform Tablet SA 123,update,2,9,written,,
104658,Q1994372,"Cuneiform Tablet AUCT 3, 449",update,2,9,written,,
106665,Q2000833,"Cuneiform Tablet BIN 05, 231",update,2,10,written,,
291559,Q2033430,"Cuneiform Tablet CM 26, 034",update,2,10,written,,
107977,Q2034656,Cuneiform Tablet CST (JRL) 462,update,2,10,written,,
317343,Q2007951,"Cuneiform Tablet BPOA 01, 0030",update,2,10,written,,
131516,Q2030455,"Cuneiform Tablet SAT 1, 412",update,2,10,written,,
236286,Q2002323,"Cuneiform Tablet BIN 09, 276",update,2,9,written,,
139126,Q2058190,"Cuneiform Tablet UET 9, 0996",update,2,10,written,,
144416,Q2032908,"Cuneiform Tablet SAT 3, 1216",update,2,10,written,,
382017,Q2042765,"Cuneiform Tablet TCBI 2/1, 12",update,1,9,written,,
349113,Q2027956,"Cuneiform Tablet CDLI Literary 000538, ex. 001",update,2,10,written,,
527306,Q1996927,"Cuneiform Tablet BATSH 6, 181",update,2,8,written,,
334423,Q1973546,Cuneiform Tablet ABL 0611,update,2,10,written,,
125105,Q2001114,"Cuneiform Tablet OrSP 47-49, 215",update,2,10,written,,
248899,Q1970838,"Cuneiform Tablet AAICAB 1/2, pl. 151, 1971-387",update,2,10,written,,
20065,Q2062774,"Cuneiform Tablet VS 14, 050",update,2,10,written,,
303750,Q2015134,"Cuneiform Tablet BPOA 07, 2953",update,2,10,written,,
109590,Q2062275,Cuneiform Tablet Hirose 119,update,2,9,written,,
127138,Q2008754,"Cuneiform Tablet Princeton 1, 449",update,2,10,written,,
235500,Q2060561,Cuneiform Tablet USC 6689,update,2,10,written,,
330460,Q1971516,"Cuneiform Tablet AAICAB 1/4, Bod S 392",update,2,10,written,,
335398,Q1980440,Cuneiform Tablet ADD 0457,update,2,9,written,,
114208,Q1948123,"Cuneiform Tablet MVN 04, 256",update,2,9,written,,
142468,Q2065962,"Cuneiform Tablet YOS 18, 074",update,2,9,written,,
381791,Q1906938,"Cuneiform Tablet FB 20/21, 260",update,2,10,written,,
127991,Q2012219,"Cuneiform Tablet RA 073, 026 01",update,2,9,written,,
116235,Q1956295,"Cuneiform Tablet MVN 11, BB",update,2,9,written,,
203961,Q2004999,Cuneiform Tablet BM 024663,update,2,10,written,,
472478,Q1932262,Cuneiform Tablet Lippmann Coll 178,update,2,9,written,,
416693,Q1934323,"Cuneiform Tablet MARV 8, 04",update,2,10,written,,
121146,Q1972872,Cuneiform Tablet NATN 448,update,2,10,written,,
102626,Q1990256,"Cuneiform Tablet ASJ 17, 326 1",update,2,9,written,,
359543,Q1183689,"Cuneiform Tablet ICK 1, 146 &",update,1,9,written,,
83,Q2020303,"Cuneiform Tablet CDLI Lexical 000002, ex. 099",update,2,9,written,,
135555,Q2044314,Cuneiform Tablet TCNU 707,update,2,10,written,,
451318,Q1988657,Cuneiform Artifact P451318,update,1,6,written,,
101909,Q1988907,"Cuneiform Tablet ASJ 02, 005 06",update,2,10,written,,
313300,Q1893898,"Cuneiform Tablet CT 43, 010",update,2,10,written,,
345560,Q1893119,"Cuneiform Tablet CT 44, 55",update,2,10,written,,
103934,Q1992974,"Cuneiform Tablet AUCT 2, 116",update,2,9,written,,
137568,Q2054264,"Cuneiform Tablet UET 3, 1243",update,2,10,written,,
407082,Q2064773,"Cuneiform Tablet HSS 68, 186",update,2,9,written,,
293837,Q1974383,Cuneiform Tablet NBC 04279,update,2,10,written,,
258933,Q2031230,"Cuneiform Tablet CDLI Literary 000785, ex. 002",update,1,10,written,,
130757,Q2040777,Cuneiform Tablet Syracuse 206,update,2,9,written,,
137092,Q2053315,"Cuneiform Tablet UET 3, 0768",update,2,10,written,,
390180,Q1931766,Cuneiform Tablet LB 3116,update,2,9,written,,
238332,Q2022942,Cuneiform Tablet RMA 199,update,2,10,written,,
535291,Q1365861,Cuneiform Tablet P535291,update,2,8,written,,
107424,Q2057334,Cuneiform Tablet Edinburgh 02,update,3,9,written,,
448139,Q2020188,"Cuneiform Tablet RIME 4.04.03.x2002, ex. 01",update,1,8,written,,
133878,Q2043711,Cuneiform Tablet TCND 128,update,2,10,written,,
290718,Q2012681,"Cuneiform Tablet BPOA 07, 2214",update,2,10,written,,
131845,Q2041605,Cuneiform Tablet Tavolette 060,update,2,10,written,,
461254,Q2038700,"Cuneiform Tablet STC 2, pl. 63",update,2,10,written,,
324589,Q2043610,"Cuneiform Tablet CUSAS 03, 0821",update,2,9,written,,
105419,Q1998003,"Cuneiform Tablet BCT 2, 178",update,1,9,written,,
579,Q2022410,"Cuneiform Tablet CDLI Lexical 000030, ex. 025",update,2,9,written,,
123481,Q1996632,"Cuneiform Tablet OIP 115, 063",update,2,10,written,,
144945,Q2033955,"Cuneiform Tablet SAT 3, 1745",update,2,10,written,,
334970,Q1979578,Cuneiform Tablet ADD 0018,update,2,10,written,,
10980,Q2063905,Cuneiform Tablet WF 023,update,2,10,written,,
298328,Q1975097,Cuneiform Tablet NBC 06406,update,2,10,written,,
286336,Q1975441,Cuneiform Tablet NBC 10155,update,2,10,written,,
363002,Q1986992,"Cuneiform Tablet Nisaba 16, 088",update,2,10,written,,
335662,Q1980956,Cuneiform Tablet ADD 0817,update,2,10,written,,
142192,Q2064952,"Cuneiform Tablet YOS 04, 128",update,1,10,written,,
113037,Q1938809,"Cuneiform Tablet MVN 01, 004",update,2,10,written,,
328953,Q2045269,"Cuneiform Tablet CUSAS 11, 232",update,2,9,written,,
145657,Q2044410,"Cuneiform Tablet TCS 1, 072",update,2,10,written,,
138367,Q2056656,"Cuneiform Tablet UET 9, 0236",update,2,10,written,,
521682,Q1906864,"Cuneiform Tablet CDLI Literary 000756, ex. 0xx",update,1,10,written,,
117977,Q1962887,"Cuneiform Tablet MVN 14, 0297",update,2,10,written,,
121516,Q1973529,Cuneiform Tablet NATN 819,update,2,10,written,,
386404,Q2036064,"Cuneiform Tablet CT 12, pl. 29, BM 038266",update,2,7,written,,
522807,Q2033664,"Cuneiform Tablet Congress of Hittology 3, 183 15",update,5,7,written,,
283564,Q1934034,"Cuneiform Tablet MARV 5, 01",update,2,8,written,,
470015,Q2006695,"Cuneiform Tablet MC 25, 634",update,1,10,written,,
142038,Q2062348,"Cuneiform Tablet ViOr 8/1, 096",update,2,10,written,,
361195,Q1369174,Cuneiform Tablet POAT 82,update,3,8,written,,
521728,Q1985515,Cuneiform Tablet Anonymous 521728 unpublished assigned ?,update,2,9,written,,
135105,Q2049006,Cuneiform Tablet TRU 341,update,2,9,written,,
314095,Q2038043,"Cuneiform Tablet CT 53, 684",update,2,10,written,,
109969,Q2062926,Cuneiform Tablet HLC 091 (pl. 031),update,2,10,written,,
247795,Q1971808,Cuneiform Tablet N 6334,update,2,9,written,,
429580,Q2066687,"Cuneiform Tablet ZA 101, 283-284",update,2,9,written,,
407128,Q2064853,"Cuneiform Tablet HSS 68, 230",update,2,9,written,,
313750,Q2037348,"Cuneiform Tablet CT 53, 335",update,2,10,written,,
453775,Q1985409,"Cuneiform Tablet Nisaba 15, 0334",update,2,9,written,,
338400,Q2038948,"Cuneiform Tablet STT 1, 083",update,2,9,written,,
137138,Q2053407,"Cuneiform Tablet UET 3, 0814",update,2,10,written,,
129126,Q2027549,"Cuneiform Tablet SACT 2, 169",update,2,10,written,,
102276,Q1989514,"Cuneiform Tablet ASJ 09, 128 58",update,2,10,written,,
324423,Q2042439,"Cuneiform Tablet CUSAS 03, 0078",update,2,9,written,,
359113,Q1359856,Cuneiform Tablet Prag 503,update,2,9,written,,
107074,Q2007570,Cuneiform Tablet BM Messenger 195,update,2,10,written,,
259271,Q2029828,"Cuneiform Tablet CDLI Literary 000754, ex. 055 & 000059, ex. 001",update,2,10,written,,
292375,Q2009405,"Cuneiform Tablet BPOA 06, 1183",update,2,10,written,,
377041,Q1989736,"Cuneiform Tablet Nisaba 31/2, 119",update,2,10,written,,
130307,Q2036703,Cuneiform Tablet South Dakota 06,update,2,9,written,,
289493,Q1975507,Cuneiform Tablet NBC 10883,update,2,10,written,,
129,Q2020147,"Cuneiform Tablet CDLI Lexical 000002, ex. 060",update,2,9,written,,
266532,Q2018731,Cuneiform Tablet CBS 11386,update,2,9,written,,
335232,Q1980107,Cuneiform Tablet ADD 0287,update,2,9,written,,
348702,Q2037307,"Cuneiform Tablet SpTU 3, 098",update,2,8,written,,
363452,Q2040321,"Cuneiform Tablet CTN 4, 037",update,2,10,written,,
145207,Q2034465,"Cuneiform Tablet SAT 3, 2007",update,2,10,written,,
138737,Q2057411,"Cuneiform Tablet UET 9, 0606",update,2,10,written,,
113467,Q1944435,"Cuneiform Tablet MVN 02, 168",update,2,9,written,,
251641,Q2049573,"Cuneiform Tablet CUSAS 35, 002",update,2,9,written,,
329211,Q2044963,"Cuneiform Tablet CUSAS 11, 077",update,2,9,written,,
108381,Q2035429,Cuneiform Tablet CST (JRL) 874,update,2,10,written,,
126729,Q2007962,"Cuneiform Tablet Princeton 1, 040",update,2,10,written,,
124714,Q2000345,"Cuneiform Tablet Orient 16, 071 98",update,2,10,written,,
499349,Q2041485,"Cuneiform Tablet CTPSM 1, 111",update,2,9,written,,
416739,Q1934340,"Cuneiform Tablet MARV 8, 72",update,2,10,written,,
136400,Q2051975,"Cuneiform Tablet UET 3, 0083",update,2,10,written,,
430871,Q2024662,"Cuneiform Tablet CDLI Literary 000349, ex. 029",update,1,10,written,,
535911,Q1363619,"Cuneiform Tablet AKT 7a, 093",update,2,8,written,,
450270,Q2020340,"Cuneiform Artifact RINAP 3/1 Sennacherib 001, ex. 006",update,2,10,written,,
372869,Q1893299,"Cuneiform Tablet VS 16, 012",update,2,10,written,,
346435,Q2055743,"Cuneiform Tablet UET 6, 0392",update,2,9,written,,
100861,Q1984416,Cuneiform Tablet Amherst 023,update,2,9,written,,
376083,Q1988212,"Cuneiform Tablet Nisaba 23, 018",update,2,10,written,,
518296,Q1992435,Cuneiform Tablet Sauren 001,update,2,9,written,,
257146,Q2031238,"Cuneiform Tablet CDLI Literary 000788, ex. 003",update,2,10,written,,
201726,Q1984664,"Cuneiform Tablet Nisaba 11, 20",update,2,10,written,,
517163,Q2041114,"Cuneiform Tablet CTN 6, 050",update,2,10,written,,
250683,Q2050423,"Cuneiform Tablet CUSAS 35, 437",update,2,9,written,,
109343,Q2059026,Cuneiform Tablet Fs Jones 039 4,update,2,10,written,,
122013,Q1980611,"Cuneiform Tablet Nik 2, 330",update,2,9,written,,
412003,Q2045511,"Cuneiform Tablet CUSAS 11, 360",update,2,9,written,,
110498,Q2066648,"Cuneiform Tablet ITT 2, 00629",update,2,10,written,,
331508,Q1983056,"Cuneiform Tablet Nisaba 05/1, 481",update,3,9,written,,
249158,Q1971251,"Cuneiform Tablet AAICAB 1/3, pl. 237, Bod S 251",update,2,10,written,,
262208,Q2003064,"Cuneiform Tablet PBS 08/2, 149",update,2,9,written,,
200834,Q2012294,"Cuneiform Tablet BPOA 07, 2117",update,2,10,written,,
143500,Q2031113,"Cuneiform Tablet SAT 2, 0300",update,2,10,written,,
380303,Q2007302,"Cuneiform Tablet PPAC 5, 1599",update,2,10,written,,
336737,Q2026164,"Cuneiform Tablet SAA 13, 178",update,1,9,written,,
115360,Q1952736,"Cuneiform Tablet MVN 07, 552",update,2,10,written,,
360157,Q1369900,"Cuneiform Tablet KTS 2, 15",update,3,8,written,,
110162,Q2063299,Cuneiform Tablet HLC 289 (pl. 127),update,2,10,written,,
335818,Q1981268,Cuneiform Tablet ADD 0996,update,2,10,written,,
517499,Q1990935,"Cuneiform Tablet Nisaba 33, 323",update,2,9,written,,
114988,Q1950973,"Cuneiform Tablet MVN 07, 057",update,2,10,written,,
279014,Q2024198,"Cuneiform Tablet CDLI Literary 000339, ex. 057",update,2,10,written,,
204524,Q2005767,Cuneiform Tablet BM 025926,update,2,10,written,,
357224,Q1972354,"Cuneiform Tablet CDLI Literary 000764, ex. 034",update,2,10,written,,
127211,Q2008899,"Cuneiform Tablet Princeton 1, 522",update,2,10,written,,
303479,Q2014183,"Cuneiform Tablet BPOA 07, 2707",update,2,10,written,,
101289,Q1986135,"Cuneiform Tablet AnOr 01, 298",update,2,10,written,,
342925,Q2062542,"Cuneiform Tablet VS 10, 117",update,1,9,written,,
104571,Q1994210,"Cuneiform Tablet AUCT 3, 360",update,2,9,written,,
247845,Q1988365,Cuneiform Tablet P247845,update,2,9,written,,
313880,Q2037550,"Cuneiform Tablet CT 53, 467",update,2,10,written,,
449051,Q1988703,"Cuneiform Tablet Nisaba 25, 64",update,2,10,written,,
291670,Q2009921,"Cuneiform Tablet BPOA 06, 1448",update,2,10,written,,
290962,Q2010375,"Cuneiform Tablet BPOA 07, 1642",update,2,10,written,,
118552,Q1966712,"Cuneiform Tablet MVN 15, 287",update,2,9,written,,
241092,Q1907138,Cuneiform Tablet P241092,update,2,9,written,,
130887,Q2041026,Cuneiform Tablet Syracuse 336,update,2,9,written,,
274276,Q2039200,"Cuneiform Tablet CT 58, 79",update,2,10,written,,
101323,Q1986200,"Cuneiform Tablet AnOr 07, 028",update,2,10,written,,
467553,Q2014739,"Cuneiform Tablet RIMA 2.0.099.002, ex. 03",update,2,10,written,,
136050,Q2050852,"Cuneiform Tablet UCP 09-02-2, 046",update,2,10,written,,
131795,Q2041505,Cuneiform Tablet Tavolette 010,update,2,10,written,,
503120,Q2028365,"Cuneiform Tablet SANTAG 09, 157",update,2,10,written,,
236005,Q1984885,Cuneiform Tablet P236005,update,2,9,written,,
262658,Q2018184,Cuneiform Tablet CBS 07657,update,1,9,written,,
333165,Q2007679,Cuneiform Tablet PRAK B 227,update,2,9,written,,
144695,Q2033457,"Cuneiform Tablet SAT 3, 1495",update,2,10,written,,
143150,Q1982410,"Cuneiform Tablet AfO 44-45, 129",update,2,9,written,,
115730,Q1954233,"Cuneiform Tablet MVN 09, 087",update,2,10,written,,
378834,Q2006233,"Cuneiform Tablet PPAC 5, 1062",update,2,10,written,,
382294,Q2042297,"Cuneiform Tablet TCBI 1, 042",update,2,8,written,,
10650,Q2020982,"Cuneiform Tablet CDLI Lexical 000008, ex. 001",update,2,10,written,,
527185,Q1996698,"Cuneiform Tablet BATSH 6, 060",update,2,10,written,,
517533,Q1990963,"Cuneiform Tablet Nisaba 33, 358",update,2,9,written,,
125386,Q2001658,"Cuneiform Tablet OrSP 47-49, 498",update,2,10,written,,
201376,Q2009688,"Cuneiform Tablet Princeton 2, 377",update,2,10,written,,
114822,Q1950385,"Cuneiform Tablet MVN 06, 416",update,2,10,written,,
204174,Q2003525,Cuneiform Tablet BM 018612,update,2,10,written,,
109713,Q2062533,Cuneiform Tablet Hirose 242,update,2,9,written,,
120184,Q1968026,"Cuneiform Tablet MVN 19, 070",update,2,10,written,,
252714,Q2050013,"Cuneiform Tablet CUSAS 35, 223",update,2,9,written,,
279444,Q2032013,"Cuneiform Tablet CDLI Literary 000803, ex. 003 & 000813, ex. 014",update,2,10,written,,
357674,Q1371038,"Cuneiform Tablet TCL 20, 108",update,3,9,written,,
381841,Q1936669,"Cuneiform Tablet MSL 05, 045 E",update,2,9,written,,
141497,Q2061698,"Cuneiform Tablet UTI 5, 3479",update,2,10,written,,
336367,Q2010235,Cuneiform Tablet PRT 139,update,2,10,written,,
360507,Q1360646,"Cuneiform Tablet AKT 1, 48",update,2,7,written,,
127641,Q2011287,"Cuneiform Tablet RA 012, 154 07",update,2,9,written,,
126953,Q2008385,"Cuneiform Tablet Princeton 1, 264",update,2,10,written,,
265467,Q2024101,"Cuneiform Tablet CDLI Literary 000339, ex. 008",update,2,10,written,,
110532,Q2066690,"Cuneiform Tablet ITT 2, 00663",update,2,10,written,,
118102,Q1963890,"Cuneiform Tablet MVN 14, 0422",update,2,10,written,,
376129,Q1988879,"Cuneiform Tablet Nisaba 26, 093",update,2,10,written,,
104121,Q1993344,"Cuneiform Tablet AUCT 2, 303",update,2,9,written,,
358581,Q1359196,"Cuneiform Tablet CCT 3, 22, BM 115048",update,3,8,written,,
291220,Q1974025,Cuneiform Tablet NBC 01816,update,2,10,written,,
374114,Q1995730,"Cuneiform Tablet OIP 043, 172 TA 1931 T475",update,3,8,written,,
531051,Q2013334,Cuneiform Tablet Rental 041,update,2,9,written,,
322774,Q2042517,"Cuneiform Tablet CUSAS 03, 0117",update,2,9,written,,
376980,Q1989612,"Cuneiform Tablet Nisaba 31/2, 058",update,2,10,written,,
313479,Q2036868,"Cuneiform Tablet CT 53, 064",update,2,10,written,,
345219,Q2029468,"Cuneiform Tablet CDLI Literary 000750, ex. 011",update,2,10,written,,
137211,Q2053548,"Cuneiform Tablet UET 3, 0887",update,2,10,written,,
123602,Q1997460,"Cuneiform Tablet OIP 115, 498",update,2,10,written,,
100162,Q1972272,Cuneiform Tablet AAS 182,update,2,9,written,,
378567,Q2006021,"Cuneiform Tablet PPAC 5, 0955",update,2,10,written,,
516772,Q2054863,"Cuneiform Tablet CUSAS 40, 1988",update,1,9,written,,
108552,Q2035713,"Cuneiform Tablet CT 07, pl. 40, BM 018434",update,2,10,written,,
200137,Q1981115,"Cuneiform Tablet Nisaba 01, 083",update,2,10,written,,
111289,Q1923736,"Cuneiform Tablet ITT 3, 06258",update,2,10,written,,
235279,Q1930029,Cuneiform Tablet KM 81.4.116,update,2,10,written,,
142311,Q2065186,"Cuneiform Tablet YOS 04, 247",update,2,10,written,,
363281,Q1995353,"Cuneiform Tablet BagM Beih. 02, 017",update,2,9,written,,
114571,Q1949663,"Cuneiform Tablet MVN 06, 101",update,2,10,written,,
332324,Q1987645,"Cuneiform Tablet AoF 29, 17, 2",update,2,9,written,,
472301,Q1931910,Cuneiform Tablet Lippmann Coll 001,update,2,9,written,,
237244,Q2038994,"Cuneiform Tablet CT 54, 506",update,2,10,written,,
122910,Q1994011,Cuneiform Tablet NYPL 373,update,2,10,written,,
111773,Q1925693,"Cuneiform Tablet JANES 09, 23 08",update,2,10,written,,
337126,Q2038470,"Cuneiform Tablet StAT 2, 318",update,2,10,written,,
251568,Q2054946,"Cuneiform Tablet CUSAS 43, 41",update,1,9,written,,
356435,Q2024554,"Cuneiform Tablet CDLI Literary 000347, ex. 065",update,2,10,written,,
516288,Q2054034,"Cuneiform Tablet CUSAS 40, 1504",update,2,9,written,,
205335,Q2004762,Cuneiform Tablet BM 024277,update,2,10,written,,
298451,Q1370548,"Cuneiform Tablet BIN 06, 127",update,3,9,written,,
416410,Q2032939,Cuneiform Tablet CDLJ 2012/1 §4.22,update,2,10,written,,
100498,Q1983715,Cuneiform Tablet Aleppo 166,update,2,10,written,,
105360,Q1997897,"Cuneiform Tablet BCT 2, 119",update,1,9,written,,
200,Q2022250,"Cuneiform Tablet CDLI Lexical 000028, ex. 04",update,2,8,written,,
342026,Q1992811,Cuneiform Tablet NMSA 3859,update,2,10,written,,
132013,Q2041934,Cuneiform Tablet Tavolette 227,update,2,10,written,,
136953,Q2053053,"Cuneiform Tablet UET 3, 0631",update,2,10,written,,
100532,Q1983777,Cuneiform Tablet Aleppo 200,update,2,10,written,,
407651,Q1989039,"Cuneiform Tablet Nisaba 27, 069",update,2,9,written,,
358978,Q1359596,"Cuneiform Tablet CCT 6, 33, BM 115243",update,3,8,written,,
338379,Q2038906,"Cuneiform Tablet STT 1, 061",update,2,8,written,,
137641,Q2054411,"Cuneiform Tablet UET 3, 1316",update,2,10,written,,
235629,Q2061133,Cuneiform Tablet USC 6818,update,2,10,written,,
330749,Q2066581,"Cuneiform Tablet ZA 101, 031 4N-T0205",update,2,10,written,,
348581,Q2037071,"Cuneiform Tablet SpTU 1, 162",update,2,8,written,,
526794,Q897179,"Cuneiform Tablet AfO 50, 43 no. 38",update,6,3,written,,
142741,Q1969964,"Cuneiform Tablet AAICAB 1/1, pl. 038-039, 1911-229",update,2,10,written,,
114121,Q1947733,"Cuneiform Tablet MVN 04, 169",update,2,10,written,,
11041,Q2064026,Cuneiform Tablet WF 084,update,2,10,written,,
145084,Q2034219,"Cuneiform Tablet SAT 3, 1884",update,2,10,written,,
261074,Q2030375,"Cuneiform Tablet CDLI Literary 000764, ex. 025",update,1,10,written,,
108102,Q2034882,Cuneiform Tablet CST (JRL) 586,update,2,10,written,,
123252,Q1996666,"Cuneiform Tablet OIP 115, 080",update,2,10,written,,
414587,Q1985832,"Cuneiform Tablet Nisaba 15, 0595",update,2,9,written,,
143853,Q2031805,"Cuneiform Tablet SAT 2, 0653",update,2,10,written,,
124597,Q2000123,"Cuneiform Tablet OrAnt 09, 003 1",update,2,10,written,,
200567,Q2026886,"Cuneiform Tablet SACT 1, 036",update,2,10,written,,
516322,Q2054102,"Cuneiform Tablet CUSAS 40, 1538",update,2,9,written,,
378137,Q2005739,"Cuneiform Tablet PPAC 5, 0808",update,2,10,written,,
278255,Q2025674,"Cuneiform Tablet CDLI Literary 000368, ex. 024",update,2,10,written,,
387995,Q1985744,"Cuneiform Tablet Nisaba 15, 0548",update,2,9,written,,
111323,Q1923867,"Cuneiform Tablet ITT 3, 06514",update,2,10,written,,
120887,Q1972507,Cuneiform Tablet NATN 189,update,2,10,written,,
361316,Q1361096,"Cuneiform Tablet CRRAI 34, 486 pl. 144",update,2,7,written,,
342476,Q2063103,"Cuneiform Tablet VS 15, 23",update,2,10,written,,
135386,Q2044161,Cuneiform Tablet TCNU 540,update,2,10,written,,
454233,Q1986728,"Cuneiform Tablet Nisaba 15, 1102",update,2,9,written,,
405396,Q1982455,"Cuneiform Tablet Nisaba 04/3, 01",update,2,9,written,,
338683,Q2039458,"Cuneiform Tablet STT 2, 368",update,2,8,written,,
119713,Q1967101,"Cuneiform Tablet MVN 17, 115",update,2,10,written,,
323165,Q2045327,"Cuneiform Tablet CUSAS 11, 262",update,2,9,written,,
290431,Q2012947,"Cuneiform Tablet BPOA 07, 2281",update,2,10,written,,
321158,Q2054630,"Cuneiform Tablet UET 3, 1427",update,2,10,written,,
428811,Q2039787,"Cuneiform Tablet CTN 2, 158",update,2,10,written,,
105730,Q1998775,Cuneiform Tablet Berens 019,update,2,9,written,,
650,Q2023359,"Cuneiform Tablet CDLI Lexical Archaic Unidentified, ex. 113",update,2,9,written,,
337063,Q2038352,"Cuneiform Tablet StAT 2, 255",update,2,10,written,,
200588,Q1987163,"Cuneiform Tablet AOAT 249, 073*, 085*",update,2,10,written,,
124578,Q1999082,"Cuneiform Tablet Ontario 1, 165",update,2,10,written,,
356570,Q2030360,"Cuneiform Tablet CDLI Literary 000764, ex. 017",update,2,10,written,,
121280,Q1973127,Cuneiform Tablet NATN 582,update,2,10,written,,
110924,Q2067100,"Cuneiform Tablet ITT 2, 02781",update,2,10,written,,
414568,Q2065807,"Cuneiform Tablet YOS 15, 205",update,2,9,written,,
112919,Q1934888,"Cuneiform Tablet MCS 8, 98 AO 19760",update,2,10,written,,
333889,Q1360117,"Cuneiform Tablet VS 26, 074",update,3,8,written,,
360911,Q1372426,Cuneiform Tablet KTK 059,update,2,8,written,,
141881,Q2060103,Cuneiform Tablet UNT 054,update,2,10,written,,
278740,Q2025632,"Cuneiform Tablet CDLI Literary 000367, ex. 056",update,2,10,written,,
519038,Q2021519,"Cuneiform Artifact RINBE 2, Nabonidus 28, ex. 52",update,2,10,written,,
359685,Q1369501,"Cuneiform Tablet ICK 2, 097",update,3,8,written,,
315811,Q2004471,"Cuneiform Tablet PPAC 5, 0145",update,2,10,written,,
134981,Q2048757,Cuneiform Tablet TRU 217,update,2,9,written,,
326388,Q2047493,"Cuneiform Tablet CUSAS 20, 056",update,2,9,written,,
105225,Q1997620,"Cuneiform Tablet BCT 1, 123",update,2,9,written,,
107218,Q2004268,Cuneiform Tablet BM 021403,update,2,10,written,,
345,Q2019947,"Cuneiform Tablet CDLI Lexical 000002, ex. 012",update,2,9,written,,
323470,Q2045151,"Cuneiform Tablet CUSAS 11, 173",update,2,9,written,,
338396,Q2038942,"Cuneiform Tablet STT 1, 079 + 081 + STT 2, 140",update,2,9,written,,
342163,Q1987629,"Cuneiform Tablet AoF 05, 24",update,2,10,written,,
135693,Q2050088,Cuneiform Tablet TUT 120,update,2,9,written,,
358997,Q1359615,"Cuneiform Tablet CCT 6, 39, BM 115295",update,3,8,written,,
405379,Q1982421,"Cuneiform Tablet Nisaba 04/2, 67",update,2,9,written,,
137354,Q2053843,"Cuneiform Tablet UET 3, 1029",update,2,10,written,,
135369,Q2044141,Cuneiform Tablet TCNU 523,update,2,10,written,,
465978,Q2014026,"Cuneiform Tablet RIMA 1.0.076.011, ex. 01",update,2,9,written,,
407344,Q2036009,Cuneiform Tablet SM 1911.10.337,update,2,9,written,,
342499,Q2063149,"Cuneiform Tablet VS 15, 46",update,2,10,written,,
269151,Q2030664,"Cuneiform Tablet CDLI Literary 000771, ex. 026",update,2,10,written,,
130491,Q2040164,"Cuneiform Tablet Sumer 32, 085 08",update,1,10,written,,
461192,Q2006736,Cuneiform Tablet BM 040749,update,2,9,written,,
535157,Q1369044,"Cuneiform Tablet AKT 6c, 705",update,1,9,written,,
100027,Q1972030,Cuneiform Tablet AAS 039,update,2,10,written,,
390246,Q1931821,Cuneiform Tablet LB 3185,update,2,9,written,,
200072,Q1980984,"Cuneiform Tablet Nisaba 01, 018",update,2,10,written,,
124082,Q1998145,"Cuneiform Tablet OIP 121, 352",update,2,10,written,,
414092,Q2028227,"Cuneiform Tablet CDLI Literary 000573, ex. 001",update,2,9,written,,
515918,Q2053349,"Cuneiform Tablet CUSAS 40, 1134",update,2,9,written,,
123747,Q1997493,"Cuneiform Tablet OIP 121, 016",update,2,10,written,,
145591,Q1994709,"Cuneiform Tablet AuOr 17-18, 220 10",update,2,10,written,,
332261,Q1927419,"Cuneiform Tablet JCS 54, 009, 57",update,1,10,written,,
237301,Q2022859,Cuneiform Tablet RMA 183b,update,2,10,written,,
261561,Q1998637,"Cuneiform Tablet BE 10, 085",update,2,9,written,,
122855,Q1993917,Cuneiform Tablet NYPL 317,update,2,10,written,,
424424,Q2058239,"Cuneiform Tablet Emar 6/1, p. 380, Msk 74148ab",update,2,9,written,,
521544,Q1975048,"Cuneiform Tablet AchHist 15, 055",update,2,10,written,,
281735,Q1929748,Cuneiform Tablet KAV 105,update,2,8,written,,
120868,Q1972476,Cuneiform Tablet NATN 170,update,2,10,written,,
142254,Q2065074,"Cuneiform Tablet YOS 04, 190",update,2,10,written,,
114434,Q1949020,"Cuneiform Tablet MVN 05, 214",update,2,9,written,,
205620,Q2005544,Cuneiform Tablet BM 025416,update,2,10,written,,
378588,Q2006041,"Cuneiform Tablet PPAC 5, 0966",update,1,10,written,,
124128,Q1998238,"Cuneiform Tablet OIP 121, 398",update,2,10,written,,
298144,Q2033414,"Cuneiform Tablet CM 26, 026",update,2,10,written,,
356120,Q2028388,"Cuneiform Tablet CDLI Literary 000604, ex. 001",update,2,10,written,,
416105,Q2045229,"Cuneiform Tablet TCTI 3, 06005",update,2,10,written,,
361253,Q1361058,"Cuneiform Tablet AfO 35, 049-050",update,2,7,written,,
119656,Q1967001,"Cuneiform Tablet MVN 17, 014",update,2,10,written,,
313496,Q2036901,"Cuneiform Tablet CT 53, 081",update,2,10,written,,
389437,Q2057550,"Cuneiform Tablet EEN 290, LB 0998",update,1,8,written,,
292549,Q2010719,"Cuneiform Tablet BPOA 07, 1716",update,2,10,written,,
104967,Q1995862,"Cuneiform Tablet BAOM 2, 38 105",update,2,10,written,,
429646,Q2066637,"Cuneiform Tablet ZA 101, 055 6N-T0938",update,2,10,written,,
519468,Q2024633,"Cuneiform Tablet RSO 92, 037-045 05",update,2,9,written,,
107648,Q2034040,Cuneiform Tablet CST (JRL) 136,update,2,10,written,,
105675,Q1998469,"Cuneiform Tablet BE 03/1, 123 + 171",update,2,10,written,,
290574,Q2012089,"Cuneiform Tablet BPOA 07, 2065",update,2,10,written,,
346823,Q2055961,"Cuneiform Tablet UET 6, 0786",update,2,9,written,,
323020,Q2049393,"Cuneiform Tablet CUSAS 33, 220",update,1,9,written,,
406806,Q2064563,"Cuneiform Tablet HSS 68, 040",update,2,9,written,,
100477,Q1983673,Cuneiform Tablet Aleppo 145,update,2,10,written,,
136816,Q2052778,"Cuneiform Tablet UET 3, 0494",update,2,10,written,,
390616,Q1361382,"Cuneiform Tablet AS 16, 164",update,2,8,written,,
128808,Q2026920,"Cuneiform Tablet SACT 1, 053",update,2,10,written,,
391904,Q2020024,"Cuneiform Tablet RIME 4.04.01.04, ex. add087",update,1,10,written,,
137704,Q2054534,"Cuneiform Tablet UET 3, 1379",update,2,10,written,,
480884,Q2007045,Cuneiform Tablet BM 068033,update,2,10,written,,
347731,Q1938604,"Cuneiform Tablet MSL SS 1, 008",update,1,8,written,,
451174,Q1988487,Cuneiform Artifact P451174,update,1,6,written,,
472614,Q1932534,Cuneiform Tablet Lippmann Coll 314,update,1,9,written,,
283358,Q1934373,"Cuneiform Tablet MARV 9, 055",update,1,8,written,,
142604,Q2066832,"Cuneiform Tablet Zinbun 18, 102 08",update,2,10,written,,
11104,Q2064152,Cuneiform Tablet WF 146,update,2,10,written,,
114064,Q1947478,"Cuneiform Tablet MVN 04, 112",update,2,10,written,,
516267,Q2053994,"Cuneiform Tablet CUSAS 40, 1483",update,1,9,written,,
378072,Q2005673,"Cuneiform Tablet PPAC 5, 0774",update,2,10,written,,
143916,Q2031924,"Cuneiform Tablet SAT 2, 0716",update,2,10,written,,
256242,Q2018197,"Cuneiform Tablet RIME 4.01.05.add10, ex. 13",update,2,10,written,,
123317,Q1996895,"Cuneiform Tablet OIP 115, 205",update,2,10,written,,
333923,Q1360149,"Cuneiform Tablet VS 26, 108",update,3,8,written,,
236843,Q2003048,"Cuneiform Tablet BIN 10, 299",update,2,9,written,,
251587,Q2050217,"Cuneiform Tablet CUSAS 35, 331",update,2,9,written,,
108047,Q2034774,Cuneiform Tablet CST (JRL) 531,update,2,10,written,,
522692,Q1929086,"Cuneiform Tablet KAM 11, 033",update,3,7,written,,
110027,Q2063036,Cuneiform Tablet HLC 152 (pl. 011 & 102),update,2,10,written,,
336672,Q2026005,"Cuneiform Tablet SAA 08, 233",update,2,9,written,,
360012,Q1369755,"Cuneiform Tablet KTS 1, 08a",update,3,8,written,,
380246,Q2007268,"Cuneiform Tablet PPAC 5, 1580",update,2,10,written,,
468649,Q2050537,"Cuneiform Tablet AoF 48, 266 (U 32332)",update,6,7,written,,
204461,Q2003979,Cuneiform Tablet BM 020568,update,2,10,written,,
201399,Q2009732,"Cuneiform Tablet Princeton 2, 400",update,2,10,written,,
125369,Q2001630,"Cuneiform Tablet OrSP 47-49, 480",update,2,10,written,,
357361,Q1370737,"Cuneiform Tablet TCL 04, 026",update,3,9,written,,
20209,Q2063440,"Cuneiform Tablet VS 25, 001",update,2,10,written,,
120491,Q1969044,"Cuneiform Tablet MVN 21, 254",update,2,10,written,,
279151,Q2027089,"Cuneiform Tablet CDLI Literary 000398, ex. 008",update,2,10,written,,
106409,Q2000324,"Cuneiform Tablet BIN 03, 602",update,2,10,written,,
291735,Q2009174,"Cuneiform Tablet BPOA 06, 1063",update,2,10,written,,
130868,Q2040989,Cuneiform Tablet Syracuse 317,update,2,9,written,,
342860,Q2062447,"Cuneiform Tablet VS 02, 052",update,1,9,written,,
247900,Q2063516,Cuneiform Tablet HMA 9-01803,update,2,9,written,,
104434,Q1993964,"Cuneiform Tablet AUCT 3, 214",update,2,9,written,,
536281,Q1367709,"Cuneiform Tablet AKT 8, 145",update,1,9,written,,
358094,Q894380,"Cuneiform Tablet TMH 01, 15e",update,5,6,written,,
134082,Q2046556,"Cuneiform Tablet TJA pl.58, IES 124",update,2,9,written,,
343772,Q2024884,"Cuneiform Tablet CDLI Literary 000351, ex. 072",update,2,10,written,,
133747,Q2045424,Cuneiform Tablet TÉL 232,update,2,10,written,,
118417,Q1966128,"Cuneiform Tablet MVN 15, 137",update,2,9,written,,
290827,Q2011952,"Cuneiform Tablet BPOA 07, 2031",update,2,10,written,,
343288,Q2026642,"Cuneiform Tablet CDLI Literary 000382, ex. 010",update,2,10,written,,
346570,Q2027587,"Cuneiform Tablet CDLI Literary 000481, ex. 060",update,2,10,written,,
102919,Q1990928,"Cuneiform Tablet AUCT 1, 073",update,2,9,written,,
535854,Q1366220,"Cuneiform Tablet AKT 7a, 037",update,2,8,written,,
136545,Q2052257,"Cuneiform Tablet UET 3, 0228",update,2,10,written,,
431626,Q2018265,"Cuneiform Artifact RIME 4.02.08.03, ex. 10",update,2,9,written,,
101636,Q1986808,"Cuneiform Tablet AnOr 07, 341",update,2,10,written,,
122156,Q1980831,"Cuneiform Tablet Nik 2, 473",update,2,9,written,,
412146,Q1985004,"Cuneiform Tablet Nisaba 15, 0082",update,2,9,written,,
109206,Q2055825,Cuneiform Tablet DoCu 236,update,2,9,written,,
348997,Q1994633,"Cuneiform Tablet OECT 11, 123",update,1,8,written,,
282119,Q1928459,Cuneiform Tablet KAJ 105,update,2,8,written,,
115225,Q1952128,"Cuneiform Tablet MVN 07, 358",update,2,10,written,,
124981,Q2000884,"Cuneiform Tablet OrSP 47-49, 092",update,2,10,written,,
305811,Q1893531,"Cuneiform Tablet YOS 02, 142",update,2,10,written,,
445834,Q1930696,"Cuneiform Tablet KUB 37, 094",update,2,8,written,,
143445,Q2031007,"Cuneiform Tablet SAT 2, 0245",update,2,10,written,,
117218,Q1959678,"Cuneiform Tablet MVN 13, 445",update,2,10,written,,
336388,Q2021968,Cuneiform Tablet RMA 043,update,2,10,written,,
280124,Q1971810,Cuneiform Tablet N 6360,update,2,7,written,,
236510,Q2002450,"Cuneiform Tablet BIN 09, 500",update,2,10,written,,
144380,Q2032836,"Cuneiform Tablet SAT 3, 1180",update,2,10,written,,
415729,Q2055487,"Cuneiform Tablet UET 5, 0870",update,2,9,written,,
510649,Q1893821,"Cuneiform Tablet AbB 12, 126",update,1,10,written,,
138808,Q2057553,"Cuneiform Tablet UET 9, 0678",update,2,10,written,,
127704,Q2011502,"Cuneiform Tablet RA 019, 042 088",update,2,9,written,,
379399,Q2006656,"Cuneiform Tablet PPAC 5, 1257",update,2,10,written,,
417714,Q1996990,"Cuneiform Tablet BATSH 9, 003",update,2,9,written,,
279501,Q2031751,"Cuneiform Tablet CDLI Literary 000796, ex. 140",update,2,10,written,,
301151,Q1975421,Cuneiform Tablet NBC 10063,update,2,10,written,,
336222,Q1928064,"Cuneiform Tablet JNES 42, 024",update,2,10,written,,
380616,Q2007567,"Cuneiform Tablet PPAC 5, 1734",update,2,10,written,,
126816,Q2008134,"Cuneiform Tablet Princeton 1, 127",update,2,10,written,,
372886,Q1893297,"Cuneiform Tablet VS 16, 031",update,2,10,written,,
118047,Q1963600,"Cuneiform Tablet MVN 14, 0367",update,2,10,written,,
133317,Q2045139,"Cuneiform Tablet TCTI 2, 04148",update,2,10,written,,
323923,Q2046248,"Cuneiform Tablet CUSAS 13, 211",update,1,8,written,,
106059,Q1999650,"Cuneiform Tablet BIN 03, 253",update,2,10,written,,
322631,Q2042311,"Cuneiform Tablet CUSAS 03, 0008",update,2,9,written,,
291365,Q2011322,"Cuneiform Tablet BPOA 07, 1877",update,2,10,written,,
531114,Q1995930,"Cuneiform Tablet BATSH 10, 091",update,2,9,written,,
293358,Q2001065,"Cuneiform Tablet BIN 07, 061",update,2,10,written,,
431276,Q1372703,Cuneiform Artifact MMUM 35424,update,3,8,written,,
104064,Q1993230,"Cuneiform Tablet AUCT 2, 246",update,2,9,written,,
101266,Q1986094,"Cuneiform Tablet AnOr 01, 275",update,2,10,written,,
134128,Q2046570,"Cuneiform Tablet TJA pl.60, IOS 35",update,2,9,written,,
503065,Q2028265,"Cuneiform Tablet SANTAG 09, 101",update,2,10,written,,
450765,Q1988063,Cuneiform Artifact P450765,update,1,8,written,,
528335,Q2026704,"Cuneiform Tablet SAAB 09, 112",update,2,10,written,,
346120,Q2030175,"Cuneiform Tablet CDLI Literary 000761, ex. 040",update,2,10,written,,
136115,Q2050981,"Cuneiform Tablet UCP 09-02-2, 111",update,2,10,written,,
317085,Q2004696,"Cuneiform Tablet PPAC 5, 0272",update,2,10,written,,
427658,Q2020211,"Cuneiform Tablet RIME 4.04.06.04, ex. 02",update,2,9,written,,
522738,Q1929177,"Cuneiform Tablet KAM 11, 079",update,3,7,written,,
143015,Q1968283,"Cuneiform Tablet MVN 20, 082",update,2,10,written,,
115675,Q1954082,"Cuneiform Tablet MVN 09, 032",update,2,10,written,,
10715,Q2049300,Cuneiform Tablet TSŠ 0044,update,2,10,written,,
117648,Q1961408,"Cuneiform Tablet MVN 13, 876",update,2,10,written,,
236140,Q2002042,"Cuneiform Tablet BIN 09, 130",update,2,9,written,,
108944,Q2055226,Cuneiform Tablet DAS 196,update,2,10,written,,
109656,Q2062418,Cuneiform Tablet Hirose 185,update,2,9,written,,
521817,Q1985545,Cuneiform Tablet P521817,update,2,9,written,,
122506,Q1993221,"Cuneiform Tablet NRVN 1, 288",update,2,10,written,,
303496,Q2014252,"Cuneiform Tablet BPOA 07, 2725",update,2,10,written,,
114967,Q1950862,"Cuneiform Tablet MVN 07, 035",update,2,10,written,,
517476,Q1990897,"Cuneiform Tablet Nisaba 33, 298",update,2,9,written,,
201233,Q2009437,"Cuneiform Tablet Princeton 2, 235",update,2,10,written,,
358329,Q1360314,Cuneiform Tablet FS Oelsner 307 3,update,3,8,written,,
325619,Q2046297,"Cuneiform Tablet CUSAS 14, 021",update,1,9,written,,
101071,Q1985704,"Cuneiform Tablet AnOr 01, 080",update,2,10,written,,
450572,Q2020872,"Cuneiform Artifact RINAP 4 Esarhaddon x1005, ex. 001",update,2,10,written,,
346337,Q2030177,"Cuneiform Tablet CDLI Literary 000761, ex. 041",update,2,10,written,,
136302,Q2051638,Cuneiform Tablet UDT 167,update,2,10,written,,
326936,Q2046755,"Cuneiform Tablet CUSAS 14, 254",update,1,9,written,,
256956,Q2030185,"Cuneiform Tablet CDLI Literary 000761, ex. 045",update,2,10,written,,
115462,Q1953184,"Cuneiform Tablet MVN 08, 071",update,2,9,written,,
143202,Q2030539,"Cuneiform Tablet SAT 2, 0003",update,2,10,written,,
10502,Q1993261,Cuneiform Tablet NTSŠ 0169,update,2,10,written,,
123803,Q1997603,"Cuneiform Tablet OIP 121, 073",update,2,10,written,,
493046,Q2012349,"Cuneiform Tablet RA 073, 130 56",update,1,10,written,,
203019,Q2004770,Cuneiform Tablet BM 024284,update,2,10,written,,
109441,Q2060353,Cuneiform Tablet Georgica 6.01,update,2,10,written,,
281871,Q2063314,"Cuneiform Tablet VS 19, 60",update,2,8,written,,
303681,Q2014888,"Cuneiform Tablet BPOA 07, 2886",update,2,10,written,,
122711,Q1993651,Cuneiform Tablet NYPL 173,update,2,10,written,,
201024,Q2009042,"Cuneiform Tablet Princeton 2, 026",update,2,10,written,,
304144,Q1989312,"Cuneiform Tablet Nisaba 27, 205",update,2,10,written,,
301346,Q1975467,Cuneiform Tablet NBC 10410,update,2,10,written,,
299542,Q1975253,Cuneiform Tablet NBC 08100,update,2,10,written,,
204226,Q2005848,Cuneiform Tablet BM 027430,update,2,10,written,,
357526,Q1370892,"Cuneiform Tablet TCL 14, 36",update,3,9,written,,
349538,Q1987311,"Cuneiform Tablet AOAT 275, 356, BM 053138",update,2,9,written,,
111972,Q1926475,"Cuneiform Tablet JCS 23, 112 14",update,2,9,written,,
115198,Q1952011,"Cuneiform Tablet MVN 07, 328",update,2,10,written,,
334008,Q1972553,Cuneiform Tablet ABL 0057,update,2,10,written,,
110660,Q2066847,"Cuneiform Tablet ITT 2, 00790",update,2,10,written,,
491581,Q2046336,"Cuneiform Tablet TIMA 1, 069",update,2,10,written,,
285561,Q1929718,Cuneiform Tablet KAV 085,update,2,9,written,,
336035,Q1981698,Cuneiform Tablet ADD 1278,update,2,9,written,,
360655,Q1360817,"Cuneiform Tablet AKT 3, 046",update,2,8,written,,
343135,Q2027530,"Cuneiform Tablet CDLI Literary 000481, ex. 031",update,2,10,written,,
315755,Q2004440,"Cuneiform Tablet PPAC 5, 0128",update,2,10,written,,
388031,Q1986281,"Cuneiform Tablet Nisaba 15, 0840",update,2,9,written,,
118250,Q1965115,"Cuneiform Tablet MVN 14, 0570",update,2,10,written,,
374246,Q1987480,"Cuneiform Tablet Nisaba 17, 118",update,2,10,written,,
322426,Q2043184,"Cuneiform Tablet CUSAS 03, 0486",update,2,9,written,,
291172,Q2011660,"Cuneiform Tablet BPOA 07, 1958",update,2,10,written,,
104273,Q1993644,"Cuneiform Tablet AUCT 3, 041",update,2,9,written,,
131097,Q2041459,Cuneiform Tablet TAD 55,update,2,10,written,,
137840,Q2054804,"Cuneiform Tablet UET 3, 1514",update,2,10,written,,
136752,Q2052651,"Cuneiform Tablet UET 3, 0430",update,2,10,written,,
358779,Q1359400,"Cuneiform Tablet CCT 5, 22, BM 120516",update,3,8,written,,
502930,Q2058906,"Cuneiform Artifact Fs Civil90, 250-261",update,2,8,written,,
101421,Q1986390,"Cuneiform Tablet AnOr 07, 126",update,2,10,written,,
203449,Q2003817,Cuneiform Tablet BM 020246,update,2,10,written,,
237815,Q1973332,Cuneiform Tablet ABL 0496,update,2,10,written,,
306529,Q1893542,"Cuneiform Tablet YOS 02, 002",update,2,10,written,,
109011,Q2055355,Cuneiform Tablet DAS 281,update,2,10,written,,
526995,Q2035095,"Cuneiform Tablet Scribe's workshop, 215",update,1,7,written,,
201474,Q2009880,"Cuneiform Tablet Princeton 2, 475",update,2,10,written,,
142940,Q1968131,"Cuneiform Tablet MVN 20, 007",update,2,10,written,,
517231,Q1990406,"Cuneiform Tablet Nisaba 33, 34",update,2,9,written,,
257214,Q2026498,"Cuneiform Tablet CDLI Literary 000380, ex. 035",update,2,9,written,,
125484,Q2003638,"Cuneiform Tablet PDT 1, 0068",update,2,10,written,,
143652,Q2031407,"Cuneiform Tablet SAT 2, 0452",update,2,10,written,,
115032,Q1951160,"Cuneiform Tablet MVN 07, 114",update,2,10,written,,
349492,Q1987263,"Cuneiform Tablet AOAT 275, 312, BM 037936",update,2,9,written,,
333667,Q1985325,"Cuneiform Tablet Nisaba 15, 0278",update,2,9,written,,
144197,Q2032476,"Cuneiform Tablet SAT 2, 0997",update,2,10,written,,
236707,Q2002775,"Cuneiform Tablet BIN 10, 163",update,2,9,written,,
334458,Q1973612,Cuneiform Tablet ABL 0658,update,2,10,written,,
267358,Q2003368,"Cuneiform Tablet PBS 11/2, 038",update,2,7,written,,
522485,Q1983364,"Cuneiform Tablet al-Rafidan 17, 30",update,2,10,written,,
205964,Q2005318,"Cuneiform Tablet PPAC 5, 0590",update,2,10,written,,
110230,Q2063419,Cuneiform Tablet HLC 360 (pl. 136),update,2,10,written,,
360205,Q1369949,"Cuneiform Tablet KTS 2, 63",update,3,8,written,,
380051,Q2007068,"Cuneiform Tablet PPAC 5, 1476",update,2,10,written,,
127143,Q2008764,"Cuneiform Tablet Princeton 1, 454",update,2,10,written,,
357176,Q2024990,"Cuneiform Tablet CDLI Literary 000351, ex. 129",update,1,10,written,,
120686,Q1971929,Cuneiform Tablet NABU 1992/060,update,2,9,written,,
301716,Q1975617,Cuneiform Tablet NBC 11105,update,2,10,written,,
119912,Q1967494,"Cuneiform Tablet MVN 18, 551",update,2,10,written,,
104623,Q1994311,"Cuneiform Tablet AUCT 3, 414",update,2,9,written,,
358283,Q1360267,"Cuneiform Tablet VS 26, 156",update,3,8,written,,
536096,Q1368451,"Cuneiform Tablet AKT 7a, 272",update,2,8,written,,
465796,Q2013756,"Cuneiform Artifact RIMA 1.0.039.002, ex. 05",update,2,10,written,,
134295,Q2046890,"Cuneiform Tablet TLB 03, 154",update,1,9,written,,
343565,Q2031775,"Cuneiform Tablet CDLI Literary 000796, ex. 152 ?",update,2,10,written,,
105931,Q1999393,"Cuneiform Tablet BIN 03, 125",update,2,10,written,,
133550,Q2045347,Cuneiform Tablet TÉL 043,update,2,10,written,,
118600,Q1966806,"Cuneiform Tablet MVN 15, 335",update,2,9,written,,
277708,Q2025711,"Cuneiform Tablet CDLI Literary 000368, ex. 042",update,2,10,written,,
105198,Q1997568,"Cuneiform Tablet BCT 1, 096",update,2,9,written,,
359538,Q1369363,"Cuneiform Tablet ICK 1, 141",update,3,8,written,,
324008,Q2047141,"Cuneiform Tablet CUSAS 19, 095",update,2,9,written,,
519385,Q2066793,"Cuneiform Tablet ZA 109, 138-139 14",update,2,10,written,,
100660,Q1984021,Cuneiform Tablet Aleppo 328,update,2,10,written,,
290299,Q1370077,"Cuneiform Tablet BIN 04, 064",update,3,9,written,,
466010,Q2013936,"Cuneiform Tablet RIMA 1.0.076.001, ex. 15",update,2,9,written,,
535710,Q1368341,"Cuneiform Tablet AKT 6e, 1094",update,1,9,written,,
137513,Q2054155,"Cuneiform Tablet UET 3, 1188",update,2,10,written,,
269716,Q2030191,"Cuneiform Tablet CDLI Literary 000761, ex. 048",update,1,10,written,,
472403,Q1932114,Cuneiform Tablet Lippmann Coll 103,update,2,9,written,,
281172,Q1971869,Cuneiform Tablet N 7440,update,2,7,written,,
407503,Q2065016,"Cuneiform Tablet HSS 68, 533",update,2,9,written,,
332426,Q2059522,Cuneiform Tablet Fs Scerrato 219,update,2,10,written,,
237546,Q2039072,"Cuneiform Tablet CT 54, 580",update,2,10,written,,
250882,Q2049723,"Cuneiform Tablet CUSAS 35, 077",update,2,9,written,,
142413,Q2065856,"Cuneiform Tablet YOS 18, 019",update,2,10,written,,
201927,Q2059879,"Cuneiform Tablet UMTBM 03, 62",update,2,10,written,,
363583,Q2040570,"Cuneiform Tablet CTN 4, 169",update,2,10,written,,
101972,Q1989020,"Cuneiform Tablet ASJ 02, 023 67",update,2,10,written,,
114273,Q1948412,"Cuneiform Tablet MVN 05, 053",update,2,9,written,,
516070,Q2053637,"Cuneiform Tablet CUSAS 40, 1286",update,2,9,written,,
378265,Q2005890,"Cuneiform Tablet PPAC 5, 0883",update,2,10,written,,
305755,Q1893496,"Cuneiform Tablet YOS 02, 040",update,2,10,written,,
285998,Q2036732,"Cuneiform Tablet CT 51, 136",update,2,9,written,,
123100,Q2002584,Cuneiform Tablet OTR 165,update,2,9,written,,
253257,Q2045611,"Cuneiform Tablet CUSAS 12, 3.2.07",update,1,9,written,,
205437,Q1969655,"Cuneiform Tablet MVN 22, 159",update,2,10,written,,
108250,Q2035176,Cuneiform Tablet CST (JRL) 733,update,2,10,written,,
356337,Q2031057,"Cuneiform Tablet CDLI Literary 000782, ex. 051",update,2,10,written,,
336936,Q2038120,"Cuneiform Tablet StAT 2, 128",update,2,10,written,,
328928,Q2047621,"Cuneiform Tablet CUSAS 20, 123",update,2,8,written,,
281488,Q1987572,"Cuneiform Tablet AOAT 362, pl.19 N 7764+",update,2,9,written,,
361044,Q1371594,"Cuneiform Tablet AnOr 06, 069-070 17",update,3,8,written,,
497455,Q2064244,"Cuneiform Tablet WVDOG 143, 049",update,2,10,written,,
363079,Q1987144,"Cuneiform Tablet Nisaba 16, 165",update,2,10,written,,
114789,Q1950240,"Cuneiform Tablet MVN 06, 361",update,2,10,written,,
335619,Q1980870,Cuneiform Tablet ADD 0755,update,2,10,written,,
235081,Q2059554,"Cuneiform Tablet Fs Sigrist 031, no. 17",update,2,10,written,,
238349,Q2038563,"Cuneiform Tablet CT 54, 067",update,2,10,written,,
111071,Q1923312,"Cuneiform Tablet ITT 3, 04968",update,2,10,written,,
291871,Q2009779,"Cuneiform Tablet BPOA 06, 1375",update,2,10,written,,
313681,Q2037239,"Cuneiform Tablet CT 53, 266",update,2,10,written,,
454161,Q1986556,"Cuneiform Tablet Nisaba 15, 0997",update,2,9,written,,
429451,Q2044754,"Cuneiform Tablet CUSAS 06, p. 233-334 1565",update,2,9,written,,
389620,Q1372220,Cuneiform Tablet LB 1239,update,2,9,written,,
502,Q2023255,"Cuneiform Tablet CDLI Lexical Archaic Unidentified, ex. 088",update,2,9,written,,
314144,Q2038115,"Cuneiform Tablet CT 53, 734",update,2,10,written,,
105462,Q1998085,"Cuneiform Tablet BCT 2, 221",update,2,9,written,,
323237,Q2042453,"Cuneiform Tablet CUSAS 03, 0085",update,2,9,written,,
290763,Q2010110,"Cuneiform Tablet BPOA 07, 1542",update,2,10,written,,
448142,Q2020223,"Cuneiform Tablet RIME 4.04.06.06, ex. 01",update,2,10,written,,
137143,Q2053417,"Cuneiform Tablet UET 3, 0819",update,2,10,written,,
130686,Q2040635,Cuneiform Tablet Syracuse 135,update,2,9,written,,
324458,Q2044260,"Cuneiform Tablet CUSAS 03, 1222",update,2,9,written,,
100230,Q1981736,"Cuneiform Tablet Aegyptus 19, 237 08",update,2,10,written,,
131994,Q2041897,Cuneiform Tablet Tavolette 208,update,2,10,written,,
461385,Q2059473,Cuneiform Tablet UM 33-58-116,update,2,7,written,,
499037,Q1362597,"Cuneiform Tablet AKT 6a, 230",update,3,8,written,,
143941,Q2031970,"Cuneiform Tablet SAT 2, 0741",update,4,8,written,,
390051,Q1931608,Cuneiform Tablet LB 2495,update,2,9,written,,
499918,Q2059836,Cuneiform Tablet Fs Vargyas 289 04,update,2,9,written,,
535340,Q1365566,Cuneiform Tablet P535340,update,2,8,written,,
124295,Q1998558,"Cuneiform Tablet OIP 121, 565",update,2,10,written,,
200265,Q1981372,"Cuneiform Tablet Nisaba 01, 211",update,2,10,written,,
115931,Q1955185,"Cuneiform Tablet MVN 10, 164",update,2,9,written,,
378635,Q2006079,"Cuneiform Tablet PPAC 5, 0984",update,2,10,written,,
10851,Q2049521,Cuneiform Tablet TSŠ 0548,update,2,10,written,,
414285,Q2034935,Cuneiform Tablet SBH 19,update,2,9,written,,
108600,Q2035811,"Cuneiform Tablet CT 09, pl. 46, BM 021348",update,2,10,written,,
144894,Q2033855,"Cuneiform Tablet SAT 3, 1694",update,2,10,written,,
123550,Q1997437,"Cuneiform Tablet OIP 115, 486",update,2,10,written,,
145786,Q2044668,"Cuneiform Tablet TCS 1, 360",update,2,9,written,,
332076,Q2003964,"Cuneiform Tablet PPAC 4, 157",update,2,9,written,,
109912,Q2062860,Cuneiform Tablet HLC 034 (pl. 069),update,2,10,written,,
521753,Q1925653,"Cuneiform Tablet JAFA 11/39, 190, 8",update,1,10,written,,
142043,Q2062355,"Cuneiform Tablet ViOr 8/1, 101",update,1,10,written,,
361414,Q1361194,Cuneiform Tablet Fs T. Özgüç 085-086,update,2,8,written,,
127840,Q2011774,"Cuneiform Tablet RA 049, 89 15",update,2,10,written,,
363429,Q2040275,"Cuneiform Tablet CTN 4, 014",update,2,10,written,,
335249,Q1980141,Cuneiform Tablet ADD 0304,update,2,9,written,,
348779,Q2037483,"Cuneiform Tablet SpTU 4, 187",update,2,9,written,,
357875,Q1371236,Cuneiform Tablet TTC 30,update,3,9,written,,
278557,Q2029688,"Cuneiform Tablet CDLI Literary 000751, ex. 080",update,2,10,written,,
253607,Q2050741,"Cuneiform Tablet CUSAS 39, 101",update,2,9,written,,
356767,Q2026146,"Cuneiform Tablet CDLI Literary 000375, ex. 075",update,2,11,written,,
126752,Q2008005,"Cuneiform Tablet Princeton 1, 063",update,2,10,written,,
392596,Q2048670,"Cuneiform Tablet CUSAS 26, 153",update,1,10,written,,
359492,Q1369309,"Cuneiform Tablet ICK 1, 095",update,3,8,written,,
323667,Q2042600,"Cuneiform Tablet CUSAS 03, 0159",update,2,9,written,,
152,Q2020307,"Cuneiform Tablet CDLI Lexical 000002, ex. 100",update,2,9,written,,
105032,Q1997266,"Cuneiform Tablet BBVO 11, 271, 6N-T190+",update,2,10,written,,
245229,Q1907225,Cuneiform Tablet P245229,update,2,9,written,,
119011,Q1966971,"Cuneiform Tablet MVN 16, 0963",update,2,10,written,,
322975,Q2046716,"Cuneiform Tablet CUSAS 14, 234",update,1,9,written,,
132341,Q2044730,"Cuneiform Tablet TCTI 2, 02738",update,2,10,written,,
429001,Q2041195,"Cuneiform Tablet CTN 6, 094a",update,2,10,written,,
536995,Q1366661,"Cuneiform Tablet ArAn 12/2, p. 53-75",update,2,8,written,,
135484,Q2044227,Cuneiform Tablet TCNU 638,update,2,10,written,,
342374,Q1994485,"Cuneiform Tablet OECT 09, 37",update,2,10,written,,
336873,Q2037997,"Cuneiform Tablet StAT 2, 065",update,2,10,written,,
253312,Q2050151,"Cuneiform Tablet CUSAS 35, 298",update,2,9,written,,
356272,Q2028849,"Cuneiform Tablet CDLI Literary 000624, ex. 021",update,2,10,written,,
121582,Q1973650,Cuneiform Tablet NATN 885,update,2,10,written,,
111134,Q1923418,"Cuneiform Tablet ITT 3, 05176",update,2,10,written,,
386490,Q1892835,"Cuneiform Tablet TCL 01, 054",update,2,10,written,,
145769,Q2044612,"Cuneiform Tablet TCS 1, 308",update,2,10,written,,
113109,Q1938960,"Cuneiform Tablet MVN 01, 076",update,2,10,written,,
332099,Q2004010,"Cuneiform Tablet PPAC 4, 180",update,2,9,written,,
138259,Q2056453,"Cuneiform Tablet UET 9, 0128",update,2,10,written,,
361101,Q1372540,"Cuneiform Tablet RA 060, 140 Bruce",update,2,9,written,,
497510,Q2064354,"Cuneiform Tablet WVDOG 143, 140",update,2,10,written,,
130669,Q2040601,Cuneiform Tablet Syracuse 118,update,2,9,written,,
264061,Q2003358,"Cuneiform Tablet PBS 11/2, 033",update,2,9,written,,
429514,Q2036029,"Cuneiform Tablet SMEA 46, 151 RS 86-2245",update,2,8,written,,
314001,Q2037903,"Cuneiform Tablet CT 53, 589",update,2,10,written,,
347199,Q2018677,"Cuneiform Tablet RIME 4.03.07.01, ex. 01",update,2,10,written,,
454024,Q1986044,"Cuneiform Tablet Nisaba 15, 0717",update,2,9,written,,
389765,Q1893927,"Cuneiform Tablet TLB 04, 004",update,1,9,written,,
135191,Q2049714,Cuneiform Tablet TSU 020,update,2,10,written,,
342661,Q2026697,"Cuneiform Tablet CDLI Literary 000383, ex. 012",update,1,8,written,,
291934,Q1973935,Cuneiform Tablet NBC 01251,update,2,10,written,,
338494,Q2039113,"Cuneiform Tablet STT 2, 175",update,2,8,written,,
405181,Q1995275,"Cuneiform Tablet BagM 31, 127 323",update,3,9,written,,
323372,Q1990039,"Cuneiform Tablet Nisaba 32, 072",update,2,9,written,,
448007,Q1937169,"Cuneiform Tablet MSL 10, 102",update,1,10,written,,
133946,Q2043851,Cuneiform Tablet TCND 296,update,2,10,written,,
290626,Q2012309,"Cuneiform Tablet BPOA 07, 2121",update,2,10,written,,
323688,Q2044896,"Cuneiform Tablet CUSAS 11, 044",update,2,9,written,,
129448,Q2035320,Cuneiform Tablet SET 038,update,2,9,written,,
430735,Q2062016,"Cuneiform Tablet VFMOS 2/3, 32",update,3,8,written,,
102718,Q1990429,"Cuneiform Tablet ASJ 19, 209 27",update,2,9,written,,
535655,Q1368673,"Cuneiform Tablet AKT 6e, 1035",update,1,9,written,,
392579,Q2020085,"Cuneiform Tablet RIME 4.04.01.04, ex. add145",update,1,10,written,,
100725,Q1984151,Cuneiform Tablet Aleppo 393,update,2,10,written,,
269653,Q2025450,"Cuneiform Tablet CDLI Literary 000365, ex. 053",update,2,10,written,,
130393,Q2038690,Cuneiform Tablet StBibFran 4 7,update,2,9,written,,
101837,Q1987784,"Cuneiform Tablet ARRIM 7, 26 17",update,2,9,written,,
534947,Q1366030,"Cuneiform Tablet AKT 6b, 478",update,1,9,written,,
137456,Q2054041,"Cuneiform Tablet UET 3, 1131",update,2,10,written,,
348796,Q2037525,"Cuneiform Tablet SpTU 4, 209",update,2,8,written,,
201862,Q1982037,"Cuneiform Tablet Nisaba 03/1, 230",update,2,10,written,,
114336,Q1948686,"Cuneiform Tablet MVN 05, 116",update,2,9,written,,
125892,Q2003675,"Cuneiform Tablet PDT 1, 0476",update,2,10,written,,
145293,Q2034633,"Cuneiform Tablet SAT 3, 2093",update,2,10,written,,
332563,Q2012846,"Cuneiform Tablet RA 098, 007, 08",update,2,10,written,,
472546,Q1932403,Cuneiform Tablet Lippmann Coll 246,update,2,9,written,,
123045,Q2002478,Cuneiform Tablet OTR 110,update,2,9,written,,
458904,Q1985306,Cuneiform Tablet P458904,update,2,9,written,,
108315,Q2035301,Cuneiform Tablet CST (JRL) 808,update,2,10,written,,
121078,Q1972779,Cuneiform Tablet NATN 380,update,2,10,written,,
124780,Q2000527,"Cuneiform Tablet OrNS 40, 388 02",update,2,10,written,,
378320,Q2005929,"Cuneiform Tablet PPAC 5, 0903",update,2,10,written,,
356788,Q2025438,"Cuneiform Tablet CDLI Literary 000365, ex. 047",update,2,10,written,,
200770,Q2066011,"Cuneiform Tablet Iraq 54, 111 10",update,2,9,written,,
516135,Q2053759,"Cuneiform Tablet CUSAS 40, 1351",update,2,9,written,,
423549,Q1360102,Cuneiform Tablet M.84.031.05,update,3,8,written,,
235594,Q2060825,Cuneiform Tablet USC 6784,update,2,10,written,,
252850,Q2050059,"Cuneiform Tablet CUSAS 35, 252",update,2,9,written,,
357930,Q1371292,"Cuneiform Tablet RA 081, 003-096 037",update,3,8,written,,
138609,Q2057154,"Cuneiform Tablet UET 9, 0478",update,2,10,written,,
510848,Q1893603,"Cuneiform Tablet AbB 13, 130",update,1,10,written,,
111564,Q1925002,"Cuneiform Tablet ITT 5, 06856",update,2,10,written,,
145339,Q2034719,"Cuneiform Tablet SAT 3, 2139",update,2,10,written,,
361551,Q1371869,Cuneiform Tablet Innaya 134,update,3,8,written,,
264431,Q2017197,Cuneiform Tablet CBS 06070,update,2,9,written,,
113559,Q1944848,"Cuneiform Tablet MVN 02, 260",update,2,9,written,,
381705,Q2042939,"Cuneiform Tablet TCBI 2/2, 51",update,2,9,written,,
126617,Q2003788,"Cuneiform Tablet PDT 2, 1293",update,2,10,written,,
205122,Q2007894,Cuneiform Tablet Borrelli diss. 38,update,2,10,written,,
253742,Q2050680,"Cuneiform Tablet CUSAS 39, 061",update,1,9,written,,
356622,Q2027569,"Cuneiform Tablet CDLI Literary 000481, ex. 051",update,2,10,written,,
290276,Q2013582,"Cuneiform Tablet BPOA 07, 2437",update,2,10,written,,
278412,Q2029496,"Cuneiform Tablet CDLI Literary 000750, ex. 025",update,2,10,written,,
323722,Q2044037,"Cuneiform Tablet CUSAS 03, 1081",update,2,9,written,,
105177,Q1997527,"Cuneiform Tablet BCT 1, 075",update,2,9,written,,
342231,Q1999043,"Cuneiform Tablet BiMes 24, 25",update,2,10,written,,
373995,Q1995572,"Cuneiform Tablet OIP 043, 163 TA 1930 T652",update,3,9,written,,
313394,Q1892981,"Cuneiform Tablet CT 43, 104",update,1,10,written,,
322830,Q2044861,"Cuneiform Tablet CUSAS 11, 026",update,2,9,written,,
407016,Q1988932,"Cuneiform Tablet Nisaba 27, 015",update,2,9,written,,
137006,Q2053155,"Cuneiform Tablet UET 3, 0684",update,2,10,written,,
129018,Q2027335,"Cuneiform Tablet SACT 2, 061",update,2,10,written,,
370340,Q1932803,"Cuneiform Tablet LTBA 1, 16 +",update,2,8,written,,
275220,Q2065319,Cuneiform Tablet ICP varia 23,update,2,9,written,,
102348,Q1989659,"Cuneiform Tablet ASJ 09, 267 72",update,2,9,written,,
390114,Q1931697,Cuneiform Tablet LB 3046,update,2,9,written,,
535205,Q1364217,Cuneiform Tablet P535205,update,2,8,written,,
450964,Q1988300,Cuneiform Artifact P450964,update,1,6,written,,
100375,Q1983463,Cuneiform Tablet Aleppo 043,update,2,10,written,,
123415,Q1997312,"Cuneiform Tablet OIP 115, 425",update,2,10,written,,
117849,Q1962196,"Cuneiform Tablet MVN 14, 0168",update,2,10,written,,
108745,Q2041268,Cuneiform Tablet CTNMC 14,update,2,10,written,,
516565,Q2054511,"Cuneiform Tablet CUSAS 40, 1781",update,2,9,written,,
10914,Q2049633,Cuneiform Tablet TSŠ 0832,update,2,10,written,,
115874,Q1954973,"Cuneiform Tablet MVN 10, 101",update,2,10,written,,
200320,Q1981480,"Cuneiform Tablet Nisaba 01, 266",update,2,10,written,,
142106,Q2064785,"Cuneiform Tablet YOS 04, 042",update,2,10,written,,
363096,Q1987180,"Cuneiform Tablet Nisaba 16, 182",update,2,10,written,,
114766,Q1950142,"Cuneiform Tablet MVN 06, 330",update,2,10,written,,
109857,Q2062771,Cuneiform Tablet Hirose 386,update,2,10,written,,
521616,Q1975262,"Cuneiform Tablet AchHist 15, 161",update,2,10,written,,
237053,Q2010004,Cuneiform Tablet PRT 022,update,2,10,written,,
332133,Q2004078,"Cuneiform Tablet PPAC 4, 214",update,2,9,written,,
357463,Q1370837,"Cuneiform Tablet TCL 04, 128",update,3,9,written,,
111837,Q1925973,"Cuneiform Tablet JCS 02, 189 NBC 2896",update,2,10,written,,
204363,Q2005381,"Cuneiform Tablet PPAC 5, 0624",update,2,10,written,,
120393,Q1968850,"Cuneiform Tablet MVN 21, 156",update,2,10,written,,
417446,Q2017315,"Cuneiform Artifact RIME 3/2.01.01.11, ex. add171",update,1,10,written,,
333688,Q1985729,"Cuneiform Tablet Nisaba 15, 0539",update,2,9,written,,
144178,Q2032440,"Cuneiform Tablet SAT 2, 0978",update,2,10,written,,
139448,Q2058827,"Cuneiform Tablet UET 9, 1318",update,2,10,written,,
360710,Q1360872,"Cuneiform Tablet AKT 3, 101",update,2,8,written,,
380544,Q2007498,"Cuneiform Tablet PPAC 5, 1699",update,2,10,written,,
278941,Q1936703,"Cuneiform Tablet MSL 06, 050",update,2,10,written,,
110725,Q2066927,"Cuneiform Tablet ITT 2, 00855",update,2,10,written,,
118315,Q1965823,"Cuneiform Tablet MVN 15, 035",update,2,10,written,,
131078,Q2041427,Cuneiform Tablet TAD 36,update,2,10,written,,
134780,Q2048365,Cuneiform Tablet TRU 016,update,2,9,written,,
343070,Q2063225,"Cuneiform Tablet VS 17, 51",update,1,9,written,,
359884,Q1369686,"Cuneiform Tablet ICK 2, 299",update,3,8,written,,
135892,Q2050471,Cuneiform Tablet TUT 298,update,2,10,written,,
536583,Q1364167,"Cuneiform Tablet AKT 9a, 079",update,2,8,written,,
358796,Q1359416,"Cuneiform Tablet CCT 5, 27, BM 113511",update,3,8,written,,
104336,Q1993768,"Cuneiform Tablet AUCT 3, 107",update,2,9,written,,
393692,Q2026469,"Cuneiform Tablet SAA 19, 214",update,2,10,written,,
531246,Q2064214,"Cuneiform Tablet WO 23, 26-31, B",update,2,9,written,,
322563,Q2042616,"Cuneiform Tablet CUSAS 03, 0167",update,2,9,written,,
536079,Q1363742,"Cuneiform Tablet AKT 7a, 256",update,2,8,written,,
101134,Q1985829,"Cuneiform Tablet AnOr 01, 143",update,2,10,written,,
128259,Q2024304,Cuneiform Tablet Rochester 154,update,2,10,written,,
103109,Q1991309,"Cuneiform Tablet AUCT 1, 264",update,2,9,written,,
467744,Q2048781,"Cuneiform Tablet CUSAS 26, 244",update,2,10,written,,
136247,Q2051514,Cuneiform Tablet UDT 113,update,2,10,written,,
346272,Q2024449,"Cuneiform Tablet CDLI Literary 000347, ex. 013",update,2,10,written,,
131582,Q2043024,"Cuneiform Tablet TCL 02, 5492",update,2,10,written,,
450437,Q2020592,"Cuneiform Tablet RINAP 4 Esarhaddon 057, ex. 006",update,2,10,written,,
406257,Q1988048,"Cuneiform Tablet Nisaba 22, 101",update,2,9,written,,
144482,Q2033036,"Cuneiform Tablet SAT 3, 1282",update,2,10,written,,
236212,Q2002177,"Cuneiform Tablet BIN 09, 202",update,2,9,written,,
10447,Q2065978,"Cuneiform Tablet Iraq 40, 518",update,2,10,written,,
123946,Q1997872,"Cuneiform Tablet OIP 121, 216",update,2,10,written,,
143347,Q2030818,"Cuneiform Tablet SAT 2, 0146",update,2,10,written,,
115527,Q1953429,"Cuneiform Tablet MVN 08, 136",update,2,9,written,,
413956,Q1932612,Cuneiform Tablet LKA 044,update,2,10,written,,
357199,Q2028032,"Cuneiform Tablet CDLI Literary 000541, ex. 006",update,1,10,written,,
527392,Q1982528,"Cuneiform Tablet AfO Beih 06, TH 059 + TH 79",update,1,10,written,,
120669,Q1971904,"Cuneiform Tablet NABU 1989/095, 04",update,2,9,written,,
304001,Q2066244,"Cuneiform Tablet YOS 20, 094",update,2,10,written,,
201161,Q2009302,"Cuneiform Tablet Princeton 2, 163",update,2,10,written,,
125191,Q2001295,"Cuneiform Tablet OrSP 47-49, 301",update,2,10,written,,
122654,Q1993541,Cuneiform Tablet NYPL 118,update,2,10,written,,
515719,Q2052951,"Cuneiform Tablet CUSAS 40, 0935",update,2,9,written,,
109504,Q2062101,Cuneiform Tablet Hirose 033,update,2,9,written,,
144528,Q2033128,"Cuneiform Tablet SAT 3, 1328",update,2,10,written,,
139018,Q2057976,"Cuneiform Tablet UET 9, 0888",update,2,10,written,,
380114,Q2007152,"Cuneiform Tablet PPAC 5, 1520",update,1,10,written,,
336520,Q2023105,Cuneiform Tablet RMA 219,update,2,10,written,,
527238,Q1996798,"Cuneiform Tablet BATSH 6, 113",update,2,10,written,,
205821,Q2006022,Cuneiform Tablet BM 027801,update,2,10,written,,
110375,Q2064259,"Cuneiform Tablet HSS 04, 102",update,2,9,written,,
357033,Q2026391,"Cuneiform Tablet CDLI Literary 000379, ex. 087",update,2,10,written,,
255696,Q1982204,"Cuneiform Tablet AfO 29/30, 031, UM 29-13-804",update,2,9,written,,
127006,Q2008489,"Cuneiform Tablet Princeton 1, 317",update,2,10,written,,
104766,Q1995032,"Cuneiform Tablet Babyloniaca 07, 076 08",update,2,9,written,,
119857,Q1967384,"Cuneiform Tablet MVN 18, 496",update,2,10,written,,
107849,Q2034412,Cuneiform Tablet CST (JRL) 334,update,2,10,written,,
312585,Q2008448,"Cuneiform Tablet BPOA 06, 0226",update,2,10,written,,
131428,Q2030339,"Cuneiform Tablet SAT 1, 320",update,2,10,written,,
343420,Q2024328,"Cuneiform Tablet CDLI Literary 000343, ex. 012",update,2,10,written,,
105874,Q1999278,"Cuneiform Tablet BIN 03, 068",update,2,10,written,,
136617,Q2052393,"Cuneiform Tablet UET 3, 0298",update,2,10,written,,
536429,Q1366112,"Cuneiform Tablet AKT 8, 298",update,1,9,written,,
433549,Q2018886,"Cuneiform Tablet RIME 4.04.01.02, ex. 042",update,1,9,written,,
135938,Q2050628,"Cuneiform Tablet UCP 09-02-1, 034",update,2,10,written,,
101564,Q1986669,"Cuneiform Tablet AnOr 07, 269",update,2,10,written,,
128609,Q2025443,Cuneiform Tablet SA 001a,update,2,9,written,,
103559,Q1992208,"Cuneiform Tablet AUCT 1, 714",update,2,9,written,,
294665,Q2060208,"Cuneiform Tablet GCCI 2, 406",update,2,10,written,,
137905,Q2054932,"Cuneiform Tablet UET 3, 1579",update,2,10,written,,
274431,Q1925593,"Cuneiform Tablet ITT 5, 10082",update,2,10,written,,
142805,Q1970080,"Cuneiform Tablet AAICAB 1/1, pl. 057, 1924-0516",update,2,10,written,,
120239,Q1968547,"Cuneiform Tablet MVN 21, 002",update,2,10,written,,
517374,Q1990691,"Cuneiform Tablet Nisaba 33, 194",update,2,9,written,,
379161,Q2006471,"Cuneiform Tablet PPAC 5, 1187",update,2,10,written,,
109154,Q2055670,Cuneiform Tablet DCS 069,update,2,10,written,,
303394,Q2013910,"Cuneiform Tablet BPOA 07, 2631",update,2,10,written,,
237950,Q2026032,"Cuneiform Tablet SAA 08, 459",update,2,10,written,,
122204,Q1980925,"Cuneiform Tablet Nik 2, 521",update,2,9,written,,
332830,Q1997358,"Cuneiform Tablet BBVOT 03, 01",update,2,9,written,,
236642,Q2002644,"Cuneiform Tablet BIN 10, 098",update,2,10,written,,
10017,Q2060173,Cuneiform Tablet FTP 101,update,2,10,written,,
115177,Q1951919,"Cuneiform Tablet MVN 07, 305",update,2,10,written,,
143717,Q2031536,"Cuneiform Tablet SAT 2, 0517",update,2,10,written,,
292162,Q2010876,"Cuneiform Tablet BPOA 07, 1760",update,2,10,written,,
289684,Q2013743,"Cuneiform Artifact RIMA 1.0.039.002, ex. 02",update,2,10,written,,
480955,Q2061923,Cuneiform Tablet VAT 14298,update,1,8,written,,
342118,Q1992987,Cuneiform Tablet NMSA 4131,update,1,10,written,,
348515,Q2036935,"Cuneiform Tablet SpTU 1, 094",update,2,8,written,,
335025,Q1979687,Cuneiform Tablet ADD 0073,update,2,10,written,,
138520,Q2056973,"Cuneiform Tablet UET 9, 0389",update,2,10,written,,
279829,Q1971445,Cuneiform Tablet N 5766,update,2,8,written,,
283289,Q1934322,"Cuneiform Tablet MARV 7, 095",update,2,10,written,,
145010,Q2034081,"Cuneiform Tablet SAT 3, 1810",update,2,10,written,,
237680,Q2039057,"Cuneiform Tablet CT 54, 565",update,2,10,written,,
113670,Q1945312,"Cuneiform Tablet MVN 02, 371",update,2,9,written,,
337018,Q2038269,"Cuneiform Tablet StAT 2, 210",update,2,10,written,,
361678,Q1372076,Cuneiform Tablet NABU 1987/096,update,2,8,written,,
236992,Q2022354,Cuneiform Tablet RMA 112b,update,2,10,written,,
112962,Q1936063,"Cuneiform Tablet Mes 08-09, 152 08",update,2,9,written,,
116188,Q1956080,"Cuneiform Tablet MVN 11, 175",update,1,9,written,,
108196,Q2035070,Cuneiform Tablet CST (JRL) 679,update,2,10,written,,
329006,Q2047071,"Cuneiform Tablet CUSAS 19, 059",update,2,9,written,,
124503,Q1998931,"Cuneiform Tablet Ontario 1, 090",update,2,10,written,,
362957,Q1986901,"Cuneiform Tablet Nisaba 16, 043",update,2,10,written,,
305493,Q2065482,"Cuneiform Tablet YOS 11, 42",update,1,10,written,,
514671,Q2021096,"Cuneiform Artifact RINAP 5/3 Sîn-šarru-iškun 10, ex. 002",update,2,10,written,,
307154,Q1934097,"Cuneiform Tablet MARV 5, 32",update,2,8,written,,
298095,Q1974801,Cuneiform Tablet NBC 05174,update,2,10,written,,
282861,Q2065837,"Cuneiform Tablet Iraq 30, pl. 65 TR 3029",update,4,7,written,,
283773,Q2036304,"Cuneiform Tablet CT 42, 26 BM 085204",update,1,10,written,,
248677,Q1970411,"Cuneiform Tablet AAICAB 1/2, pl. 105, 1937-066",update,2,10,written,,
366447,Q2039094,"Cuneiform Tablet CT 56, 132",update,6,6,written,,
120813,Q1972375,Cuneiform Tablet NATN 115,update,2,10,written,,
330227,Q2033251,Cuneiform Tablet Christie's London 20001207: Lot 674 Sale 9540 06,update,2,9,written,,
235347,Q2060249,Cuneiform Tablet USC 6534,update,1,10,written,,
361382,Q1361163,Cuneiform Tablet P361382,update,2,8,written,,
325926,Q1990262,"Cuneiform Tablet Nisaba 32, 190",update,1,9,written,,
135312,Q2044038,Cuneiform Tablet TCNU 466,update,2,10,written,,
247582,Q2017252,"Cuneiform Tablet RIME 3/1.01.x0.add1035, ex. 01",update,1,10,written,,
314282,Q2038295,"Cuneiform Tablet CT 53, 873",update,2,10,written,,
313547,Q2036996,"Cuneiform Tablet CT 53, 132",update,2,10,written,,
345327,Q2025646,"Cuneiform Tablet CDLI Literary 000368, ex. 005",update,2,10,written,,
500262,Q2041412,"Cuneiform Tablet CTPSM 1, 072",update,2,9,written,,
119787,Q1967243,"Cuneiform Tablet MVN 18, 426",update,2,10,written,,
405302,Q1982267,"Cuneiform Tablet Nisaba 04/1, 57",update,2,9,written,,
338617,Q2039338,"Cuneiform Tablet STT 2, 302",update,2,8,written,,
479920,Q1893604,"Cuneiform Tablet CT 29, pl. 36, BM 087395",update,1,10,written,,
275109,Q1893019,Cuneiform Tablet LIH 034,update,1,10,written,,
129331,Q2027919,Cuneiform Tablet SAKF 061,update,2,10,written,,
107799,Q2034316,Cuneiform Tablet CST (JRL) 285,update,2,10,written,,
370069,Q1935137,"Cuneiform Tablet MDP 18, 035",update,2,8,written,,
324634,Q2045354,"Cuneiform Tablet CUSAS 11, 276",update,2,9,written,,
359304,Q1360036,Cuneiform Tablet Prag 724,update,2,9,written,,
292498,Q2009615,"Cuneiform Tablet BPOA 06, 1291",update,2,10,written,,
407295,Q2064971,"Cuneiform Tablet HSS 68, 363",update,2,9,written,,
269080,Q2029244,"Cuneiform Tablet CDLI Literary 000711, ex. 001",update,2,10,written,,
314328,Q2038382,"Cuneiform Tablet CT 53, 919",update,2,10,written,,
106921,Q2007263,Cuneiform Tablet BM Messenger 042,update,2,10,written,,
137285,Q2053693,"Cuneiform Tablet UET 3, 0960",update,2,10,written,,
107633,Q2034010,Cuneiform Tablet CST (JRL) 121,update,2,10,written,,
292532,Q2008896,"Cuneiform Tablet BPOA 06, 0920",update,2,10,written,,
414143,Q1932681,Cuneiform Tablet LKU 001,update,2,9,written,,
329456,Q2043866,"Cuneiform Tablet CUSAS 03, 0974",update,2,9,written,,
124153,Q1998288,"Cuneiform Tablet OIP 121, 423",update,2,10,written,,
123696,Q1996825,"Cuneiform Tablet OIP 115, 162",update,2,10,written,,
335475,Q1980585,Cuneiform Tablet ADD 0543,update,2,9,written,,
363215,Q1975503,Cuneiform Tablet ACT 0202,update,2,9,written,,
303814,Q2015375,"Cuneiform Tablet BPOA 07, 3013",update,2,10,written,,
472395,Q1932098,Cuneiform Tablet Lippmann Coll 095,update,2,9,written,,
122984,Q2002350,Cuneiform Tablet OTR 049,update,2,9,written,,
521495,Q2067000,"Cuneiform Tablet Zwaid PhD diss., IM 203883*",update,1,10,written,,
138170,Q2056288,"Cuneiform Tablet UET 9, 0039",update,2,10,written,,
113220,Q1943527,"Cuneiform Tablet MVN 01, 187",update,2,9,written,,
361228,Q1361035,"Cuneiform Tablet AMM 1989, 47-48, pl. 2",update,2,8,written,,
443831,Q1930646,"Cuneiform Tablet KUB 03, 106",update,2,9,written,,
235717,Q1984877,Cuneiform Tablet P235717,update,1,9,written,,
330677,Q1971940,"Cuneiform Tablet AAICAB 1/4, TCICA 25",update,2,9,written,,
263177,Q2025619,"Cuneiform Tablet CDLI Literary 000367, ex. 049",update,2,10,written,,
264348,Q2017671,Cuneiform Tablet CBS 06919,update,2,9,written,,
283323,Q1933819,"Cuneiform Tablet MARV 10, 72",update,2,10,written,,
141950,Q2062183,"Cuneiform Tablet ViOr 8/1, 008",update,2,10,written,,
514221,Q2038490,"Cuneiform Tablet StAT 3, 001",update,2,10,written,,
236838,Q2003038,"Cuneiform Tablet BIN 10, 294",update,2,9,written,,
333958,Q1972453,Cuneiform Tablet ABL 0006,update,2,10,written,,
234805,Q1930058,Cuneiform Tablet KM 89012,update,2,10,written,,
121351,Q1973259,Cuneiform Tablet NATN 653,update,2,10,written,,
102431,Q1989952,"Cuneiform Tablet ASJ 11, 137 65",update,2,10,written,,
200459,Q2040180,"Cuneiform Tablet Sumer 43, 194",update,2,10,written,,
241905,Q1907159,Cuneiform Tablet P241905,update,2,9,written,,
404840,Q1975246,"Cuneiform Tablet AchHist 15, 153",update,2,10,written,,
378009,Q2005606,"Cuneiform Tablet PPAC 5, 0740",update,2,10,written,,
359754,Q1369572,"Cuneiform Tablet ICK 2, 168",update,3,7,written,,
134850,Q2048505,Cuneiform Tablet TRU 086,update,2,9,written,,
294,Q2021224,"Cuneiform Tablet CDLI Lexical 000013, ex. 011",update,2,9,written,,
346858,Q2056022,"Cuneiform Tablet UET 6, 0821",update,2,8,written,,
358846,Q1359465,"Cuneiform Tablet CCT 5, 42, BM 115072",update,3,8,written,,
128873,Q2027052,"Cuneiform Tablet SACT 1, 118",update,2,10,written,,
313117,Q1995791,"Cuneiform Tablet OIP 097, 42",update,2,8,written,,
132087,Q2042080,Cuneiform Tablet Tavolette 303,update,2,10,written,,
130813,Q2040878,Cuneiform Tablet Syracuse 262,update,2,9,written,,
106472,Q2000448,"Cuneiform Tablet BIN 05, 038",update,2,10,written,,
519940,Q2042180,Cuneiform Tablet CUNES 58-01-119,update,2,9,written,,
131701,Q2043242,"Cuneiform Tablet TCL 02, 5612",update,2,10,written,,
112061,Q1926691,"Cuneiform Tablet JCS 28, 219 38",update,2,9,written,,
368459,Q1371636,Cuneiform Tablet P368459,update,3,8,written,,
144601,Q2033272,"Cuneiform Tablet SAT 3, 1401",update,2,10,written,,
236091,Q2001945,"Cuneiform Tablet BIN 09, 081",update,2,9,written,,
108895,Q2055127,Cuneiform Tablet DAS 131,update,2,10,written,,
336609,Q2025810,"Cuneiform Tablet SAA 03, 052",update,2,9,written,,
360069,Q1369812,"Cuneiform Tablet KTS 1, 39a",update,3,8,written,,
117799,Q1961974,"Cuneiform Tablet MVN 14, 0118",update,2,10,written,,
139331,Q2058599,"Cuneiform Tablet UET 9, 1201",update,2,10,written,,
334634,Q1974098,Cuneiform Tablet ABL 0938,update,2,10,written,,
335926,Q1981485,Cuneiform Tablet ADD 1131,update,2,10,written,,
125312,Q2001522,"Cuneiform Tablet OrSP 47-49, 422",update,2,10,written,,
282498,Q1933655,"Cuneiform Tablet MAOG 13/2, 31-35",update,2,9,written,,
20272,Q2063562,"Cuneiform Tablet VS 25, 066",update,2,10,written,,
109787,Q2062677,Cuneiform Tablet Hirose 316,update,2,10,written,,
303547,Q2014440,"Cuneiform Tablet BPOA 07, 2772",update,2,10,written,,
252780,Q2049872,"Cuneiform Tablet CUSAS 35, 152",update,2,9,written,,
301080,Q1975379,Cuneiform Tablet NBC 09979,update,2,10,written,,
120110,Q1967882,"Cuneiform Tablet MVN 18, 749",update,2,10,written,,
379248,Q2006578,"Cuneiform Tablet PPAC 5, 1217",update,2,10,written,,
515060,Q2051695,"Cuneiform Tablet CUSAS 40, 0276",update,2,9,written,,
510798,Q1893163,"Cuneiform Tablet AbB 13, 080",update,2,10,written,,
360593,Q1360755,"Cuneiform Tablet AKT 2, 48",update,2,8,written,,
331436,Q1982963,"Cuneiform Tablet Nisaba 05/1, 408",update,3,9,written,,
202937,Q2004859,"Cuneiform Tablet PPAC 5, 0355",update,2,10,written,,
117263,Q1959884,"Cuneiform Tablet MVN 13, 490",update,2,10,written,,
249066,Q1971111,"Cuneiform Tablet AAICAB 1/3, pl. 219, Bod S 164",update,2,10,written,,
282162,Q1928550,Cuneiform Tablet KAJ 149,update,2,8,written,,
102962,Q1991014,"Cuneiform Tablet AUCT 1, 116",update,2,9,written,,
118196,Q1964737,"Cuneiform Tablet MVN 14, 0516",update,2,10,written,,
315493,Q2004224,"Cuneiform Tablet PPAC 5, 0007",update,2,10,written,,
372957,Q1893426,"Cuneiform Tablet VS 16, 103",update,2,10,written,,
358515,Q1359131,"Cuneiform Tablet CCT 2, 14, BM 113359",update,3,8,written,,
536700,Q1364075,"Cuneiform Tablet AKT 10, 27A & 27B",update,2,7,written,,
325025,Q2043878,"Cuneiform Tablet CUSAS 03, 0980",update,2,9,written,,
128520,Q2025345,Cuneiform Tablet RTC 367,update,2,10,written,,
103670,Q1992446,"Cuneiform Tablet AUCT 1, 825",update,2,9,written,,
106188,Q1999899,"Cuneiform Tablet BIN 03, 382",update,2,10,written,,
535985,Q1368181,"Cuneiform Tablet AKT 7a, 167",update,2,8,written,,
136494,Q2052158,"Cuneiform Tablet UET 3, 0177",update,2,10,written,,
374180,Q1987371,"Cuneiform Tablet Nisaba 17, 052",update,2,10,written,,
406484,Q1988162,"Cuneiform Tablet Nisaba 22, 158",update,2,9,written,,
131351,Q2030235,"Cuneiform Tablet SAT 1, 242",update,2,10,written,,
323958,Q2044985,"Cuneiform Tablet CUSAS 11, 088",update,2,9,written,,
343359,Q2024850,"Cuneiform Tablet CDLI Literary 000351, ex. 055",update,2,10,written,,
273177,Q2060510,"Cuneiform Tablet Gilgamesh II 089ff, a",update,2,11,written,,
106022,Q1999576,"Cuneiform Tablet BIN 03, 216",update,2,10,written,,
348846,Q2037627,"Cuneiform Tablet SpTU 5, 259",update,2,8,written,,
20622,Q897021,"Cuneiform Tablet TMH 05, 208",update,9,3,written,,
122087,Q1980719,"Cuneiform Tablet Nik 2, 404",update,2,9,written,,
206077,Q2004559,Cuneiform Artifact BM 023429,update,2,10,written,,
510632,Q1893790,"Cuneiform Tablet AbB 12, 109",update,1,10,written,,
138873,Q2057685,"Cuneiform Tablet UET 9, 0743",update,2,10,written,,
144251,Q2032582,"Cuneiform Tablet SAT 2, 1051",update,2,10,written,,
265559,Q2018600,Cuneiform Tablet CBS 10333,update,2,9,written,,
112431,Q1930756,Cuneiform Tablet Kyoto 26,update,2,9,written,,
334264,Q1973148,Cuneiform Tablet ABL 0388,update,2,10,written,,
143594,Q2031298,"Cuneiform Tablet SAT 2, 0394",update,2,10,written,,
382650,Q2035957,"Cuneiform Tablet CT 11, pl. 12, BM 040801",update,3,9,written,,
117633,Q1961337,"Cuneiform Tablet MVN 13, 861",update,2,10,written,,
522743,Q1929187,"Cuneiform Tablet KAM 11, 084",update,3,7,written,,
427623,Q2048591,"Cuneiform Tablet CUSAS 26, 045",update,1,9,written,,
387452,Q2033204,Cuneiform Tablet Christie's Erlenmeyer no. 57,update,2,9,written,,
331066,Q1982463,"Cuneiform Tablet Nisaba 05/1, 002",update,3,9,written,,
120540,Q1969137,"Cuneiform Tablet MVN 21, 303",update,2,10,written,,
379618,Q2006737,"Cuneiform Tablet PPAC 5, 1298",update,2,10,written,,
201248,Q2009461,"Cuneiform Tablet Princeton 2, 250",update,1,10,written,,
304328,Q2003826,"Cuneiform Tablet PhD thesis, app. p.55",update,2,10,written,,
515430,Q2052406,"Cuneiform Tablet CUSAS 40, 0646",update,2,9,written,,
116921,Q1958367,"Cuneiform Tablet MVN 13, 149",update,2,10,written,,
358145,Q1371561,"Cuneiform Tablet TMH 01, 28e",update,3,8,written,,
453831,Q1985534,"Cuneiform Tablet Nisaba 15, 0418",update,2,9,written,,
498935,Q1362488,"Cuneiform Tablet AKT 6a, 132",update,1,10,written,,
128170,Q2024197,Cuneiform Tablet Rochester 065,update,2,10,written,,
103220,Q1991530,"Cuneiform Tablet AUCT 1, 375",update,2,9,written,,
313814,Q2036954,"Cuneiform Tablet CT 53, 110 + 400",update,2,10,written,,
344166,Q2007714,Cuneiform Tablet PRAK B 350,update,2,7,written,,
134153,Q2046639,"Cuneiform Tablet TLB 03, 012",update,2,9,written,,
515125,Q2051821,"Cuneiform Tablet CUSAS 40, 0341",update,2,9,written,,
203760,Q1984626,"Cuneiform Tablet Nisaba 10, 084",update,2,10,written,,
122068,Q1980691,"Cuneiform Tablet Nik 2, 385",update,2,9,written,,
120055,Q1967773,"Cuneiform Tablet MVN 18, 694",update,2,10,written,,
412078,Q2042131,Cuneiform Tablet CUNES 58-01-086,update,1,9,written,,
417780,Q1997123,"Cuneiform Tablet BATSH 9, 069",update,2,9,written,,
109338,Q2058992,Cuneiform Tablet Fs Hilprecht 141 6,update,2,9,written,,
249123,Q1971180,"Cuneiform Tablet AAICAB 1/3, pl. 230, Bod S 215",update,2,10,written,,
282027,Q1928275,Cuneiform Tablet KAJ 012,update,2,8,written,,
126882,Q2008261,"Cuneiform Tablet Princeton 1, 193",update,2,10,written,,
331573,Q1983162,"Cuneiform Tablet Nisaba 05/1, 547",update,3,9,written,,
117326,Q1960156,"Cuneiform Tablet MVN 13, 553",update,2,10,written,,
277972,Q2026970,"Cuneiform Tablet CDLI Literary 000396, ex. 038",update,2,10,written,,
102827,Q1990684,"Cuneiform Tablet Atiqot 4, pl. 26 64",update,2,9,written,,
463992,Q2004271,"Cuneiform Tablet PPAC 5, 0030",update,2,10,written,,
128465,Q2025235,Cuneiform Tablet RTC 312,update,2,10,written,,
531180,Q1996062,"Cuneiform Tablet BATSH 18, 65",update,2,9,written,,
499332,Q2040268,"Cuneiform Tablet Sumer 55, 151 4",update,2,10,written,,
103735,Q1992576,"Cuneiform Tablet AUCT 1, 890",update,2,9,written,,
358450,Q1359064,"Cuneiform Tablet CCT 1, 28, BM 113455",update,3,8,written,,
536645,Q1363911,"Cuneiform Tablet AKT 9a, 142",update,2,8,written,,
273198,Q2060451,Cuneiform Tablet Gilgamesh II 030,update,2,9,written,,
106537,Q2000578,"Cuneiform Tablet BIN 05, 103",update,2,10,written,,
101708,Q1986945,"Cuneiform Tablet AnOr 45, 314 56",update,2,10,written,,
293636,Q1974482,Cuneiform Tablet NBC 04344,update,2,10,written,,
130956,Q2041153,Cuneiform Tablet Syracuse 405,update,2,9,written,,
376502,Q1988474,"Cuneiform Tablet Nisaba 23, 144",update,2,10,written,,
519805,Q1985504,Cuneiform Tablet P519805,update,1,7,written,,
131644,Q2043138,"Cuneiform Tablet TCL 02, 5555",update,2,10,written,,
292924,Q1893986,"Cuneiform Tablet BIN 07, 023",update,2,9,written,,
136181,Q2051053,Cuneiform Tablet UDT 049,update,2,10,written,,
290919,Q2010230,"Cuneiform Tablet BPOA 07, 1601",update,2,10,written,,
10781,Q2049400,Cuneiform Tablet TSŠ 0230,update,2,10,written,,
118529,Q1966665,"Cuneiform Tablet MVN 15, 264",update,2,9,written,,
334771,Q1974455,Cuneiform Tablet ABL 1175,update,2,10,written,,
143081,Q1968411,"Cuneiform Tablet MVN 20, 148",update,2,10,written,,
331089,Q1982488,"Cuneiform Tablet Nisaba 05/1, 027",update,3,9,written,,
110119,Q2063214,Cuneiform Tablet HLC 245 (pl. 115),update,2,10,written,,
382345,Q2042410,"Cuneiform Tablet TCBI 1, 093",update,2,8,written,,
139274,Q2058488,"Cuneiform Tablet UET 9, 1144",update,2,10,written,,
144744,Q2033555,"Cuneiform Tablet SAT 3, 1544",update,2,10,written,,
112124,Q1926790,"Cuneiform Tablet JCS 31, 242 16",update,2,8,written,,
380378,Q2007369,"Cuneiform Tablet PPAC 5, 1633",update,2,10,written,,
303402,Q2013940,"Cuneiform Tablet BPOA 07, 2638",update,2,10,written,,
122592,Q1993416,Cuneiform Tablet NYPL 056,update,2,10,written,,
145856,Q1927236,"Cuneiform Tablet JCS 52, 046 62",update,2,9,written,,
328752,Q1990380,"Cuneiform Tablet Nisaba 32, 250",update,2,9,written,,
125257,Q2001420,"Cuneiform Tablet OrSP 47-49, 367",update,2,10,written,,
20337,Q2063689,"Cuneiform Tablet VS 27, 021",update,2,10,written,,
335863,Q1981358,Cuneiform Tablet ADD 1045 +,update,2,10,written,,
262623,Q2023916,"Cuneiform Tablet Robertson diss. p. 116, CBS 7622",update,2,10,written,,
203330,Q2005873,Cuneiform Tablet BM 027451,update,2,10,written,,
117776,Q1961872,"Cuneiform Tablet MVN 14, 0095",update,2,10,written,,
116864,Q1958101,"Cuneiform Tablet MVN 13, 092",update,2,10,written,,
360086,Q1369829,"Cuneiform Tablet KTS 1, 45b",update,3,8,written,,
515575,Q2052687,"Cuneiform Tablet CUSAS 40, 0791",update,2,9,written,,
109768,Q2062643,Cuneiform Tablet Hirose 297,update,2,9,written,,
252295,Q2027741,"Cuneiform Tablet CDLI Literary 000482, ex. 052",update,1,9,written,,
120405,Q1968875,"Cuneiform Tablet MVN 21, 168",update,2,10,written,,
114859,Q1950473,"Cuneiform Tablet MVN 06, 466",update,2,10,written,,
313951,Q2037681,"Cuneiform Tablet CT 53, 539",update,2,10,written,,
103365,Q1991820,"Cuneiform Tablet AUCT 1, 520",update,2,9,written,,
128035,Q2012473,"Cuneiform Tablet RA 076, 008 04",update,1,10,written,,
536215,Q1364870,"Cuneiform Tablet AKT 8, 080",update,1,9,written,,
358000,Q1371361,"Cuneiform Tablet RA 081, 003-096 107",update,3,8,written,,
325530,Q2048984,"Cuneiform Tablet CUSAS 33, 013",update,2,9,written,,
101358,Q1986269,"Cuneiform Tablet AnOr 07, 063",update,2,10,written,,
118483,Q1966390,"Cuneiform Tablet MVN 15, 203",update,2,10,written,,
499762,Q1927699,"Cuneiform Tablet JCSSS 5, 042",update,2,10,written,,
312643,Q2008503,"Cuneiform Tablet BPOA 06, 0307",update,2,10,written,,
131214,Q2029982,"Cuneiform Tablet SAT 1, 105",update,2,10,written,,
504364,Q2033680,Cuneiform Tablet Contratti Ojeil 16,update,2,9,written,,
106167,Q1999857,"Cuneiform Tablet BIN 03, 361",update,2,10,written,,
238963,Q1982800,Cuneiform Tablet AGS 077,update,2,10,written,,
118179,Q1964578,"Cuneiform Tablet MVN 14, 0499",update,2,10,written,,
376152,Q1988273,"Cuneiform Tablet Nisaba 23, 044",update,2,10,written,,
510777,Q1893079,"Cuneiform Tablet AbB 13, 058",update,2,10,written,,
109292,Q2055952,Cuneiform Tablet DoCu 505,update,2,9,written,,
138936,Q2057813,"Cuneiform Tablet UET 9, 0806",update,2,10,written,,
250752,Q2050670,"Cuneiform Tablet CUSAS 39, 056",update,2,9,written,,
527404,Q1982552,"Cuneiform Tablet AfO Beih 06, TH 072",update,1,10,written,,
334321,Q1973279,Cuneiform Tablet ABL 0466,update,2,10,written,,
110549,Q2066720,"Cuneiform Tablet ITT 2, 00680",update,2,10,written,,
124915,Q2000762,"Cuneiform Tablet OrSP 47-49, 027",update,2,10,written,,
236584,Q2002528,"Cuneiform Tablet BIN 10, 040",update,2,9,written,,
144314,Q2032706,"Cuneiform Tablet SAT 2, 1114",update,2,10,written,,
126928,Q2008337,"Cuneiform Tablet Princeton 1, 239",update,2,10,written,,
416191,Q2046879,"Cuneiform Tablet CUSAS 16, 283",update,2,9,written,,
278384,Q1970181,Cuneiform Tablet N 3344,update,2,10,written,,
121644,Q1973765,Cuneiform Tablet NATN 947,update,2,10,written,,
516709,Q2054787,"Cuneiform Tablet CUSAS 40, 1925",update,2,9,written,,
381093,Q1988761,"Cuneiform Tablet Nisaba 26, 028",update,2,10,written,,
280919,Q2029387,"Cuneiform Tablet CDLI Literary 000736, ex. 039",update,2,10,written,,
515826,Q2053172,"Cuneiform Tablet CUSAS 40, 1042",update,2,9,written,,
108529,Q2035667,"Cuneiform Tablet CT 07, pl. 29, BM 018383",update,2,10,written,,
123679,Q1996709,"Cuneiform Tablet OIP 115, 101",update,2,10,written,,
140357,Q2061470,"Cuneiform Tablet UTI 4, 2338",update,2,10,written,,
116537,Q1956861,"Cuneiform Tablet MVN 12, 275",update,2,10,written,,
120956,Q1972603,Cuneiform Tablet NATN 258,update,2,10,written,,
283636,Q2046959,"Cuneiform Tablet TLB 05, 20",update,2,9,written,,
248732,Q1970517,"Cuneiform Tablet AAICAB 1/2, pl. 118, 1961-252",update,2,10,written,,
500327,Q2041638,"Cuneiform Tablet CTPSM 1, 189",update,2,9,written,,
405247,Q1982157,"Cuneiform Tablet Nisaba 04/1, 02",update,2,9,written,,
313402,Q1892915,"Cuneiform Tablet CT 43, 112",update,1,10,written,,
325863,Q2048498,"Cuneiform Tablet CUSAS 23, 169",update,1,9,written,,
135257,Q2049838,Cuneiform Tablet TSU 108,update,2,10,written,,
324771,Q2043121,"Cuneiform Tablet CUSAS 03, 0441",update,2,9,written,,
100119,Q1972195,Cuneiform Tablet AAS 137,update,2,10,written,,
129274,Q2027837,"Cuneiform Tablet SACT 2, 317",update,2,10,written,,
519106,Q2021647,"Cuneiform Artifact RINBE 2, Nabonidus x1010, ex. 01",update,2,10,written,,
406892,Q2064669,"Cuneiform Tablet HSS 68, 124",update,2,9,written,,
292027,Q1973887,Cuneiform Tablet NBC 00368,update,2,10,written,,
390682,Q1359745,Cuneiform Tablet KKT 06,update,2,9,written,,
535593,Q1366612,"Cuneiform Tablet AKT 6e, 969",update,1,9,written,,
107326,Q2015855,"Cuneiform Artifact BRM 3, 125",update,2,9,written,,
136882,Q2052910,"Cuneiform Tablet UET 3, 0560",update,2,10,written,,
137790,Q2054706,"Cuneiform Tablet UET 3, 1465",update,2,10,written,,
132068,Q2042042,Cuneiform Tablet Tavolette 283,update,2,10,written,,
130055,Q2036533,Cuneiform Tablet SNAT 295,update,2,10,written,,
113735,Q1946035,"Cuneiform Tablet MVN 03, 175",update,2,10,written,,
138465,Q2056852,"Cuneiform Tablet UET 9, 0334",update,2,10,written,,
145155,Q2034367,"Cuneiform Tablet SAT 3, 1955",update,2,10,written,,
348450,Q2036805,"Cuneiform Tablet SpTU 1, 029",update,2,8,written,,
423725,Q1926345,"Cuneiform Tablet JCS 11, 016 02",update,2,8,written,,
335160,Q1979961,Cuneiform Tablet ADD 0213,update,2,10,written,,
363700,Q2043461,"Cuneiform Tablet TCL 06, 28",update,2,10,written,,
142690,Q1969904,"Cuneiform Tablet AAICAB 1/1, pl. 022, 1911-178",update,2,10,written,,
124446,Q1998816,"Cuneiform Tablet Ontario 1, 033",update,2,10,written,,
143982,Q2032062,"Cuneiform Tablet SAT 2, 0782",update,2,10,written,,
329143,Q2047260,"Cuneiform Tablet CUSAS 19, 154",update,2,9,written,,
123383,Q1997172,"Cuneiform Tablet OIP 115, 353",update,2,10,written,,
361697,Q1372556,Cuneiform Tablet ARK 303,update,2,7,written,,
116167,Q1955986,"Cuneiform Tablet MVN 11, 154",update,2,9,written,,
263032,Q2018399,Cuneiform Tablet CBS 08126,update,2,10,written,,
331820,Q1983534,"Cuneiform Tablet Nisaba 05/2, 157",update,3,9,written,,
121214,Q1972999,Cuneiform Tablet NATN 516+,update,2,10,written,,
516359,Q2054170,"Cuneiform Tablet CUSAS 40, 1575",update,2,9,written,,
234940,Q1930213,Cuneiform Tablet KM 89155,update,2,10,written,,
143828,Q2031756,"Cuneiform Tablet SAT 2, 0628",update,2,10,written,,
360985,Q1371653,"Cuneiform Tablet AAA 1/3, 14",update,3,7,written,,
202521,Q1982101,"Cuneiform Tablet Nisaba 03/2, 31",update,2,10,written,,
134915,Q2048624,Cuneiform Tablet TRU 151,update,2,9,written,,
108179,Q2035036,Cuneiform Tablet CST (JRL) 662,update,2,10,written,,
315885,Q2003325,Cuneiform Tablet BM 014056,update,1,10,written,,
259089,Q2029672,"Cuneiform Tablet CDLI Literary 000751, ex. 071",update,2,10,written,,
406938,Q2035997,Cuneiform Tablet SM 1911.05.013,update,2,9,written,,
100549,Q1983808,Cuneiform Tablet Aleppo 217,update,2,10,written,,
102574,Q1990152,"Cuneiform Tablet ASJ 15, 143 28",update,2,10,written,,
129624,Q2035588,Cuneiform Tablet SET 214,update,2,10,written,,
136928,Q2053002,"Cuneiform Tablet UET 3, 0606",update,2,10,written,,
128936,Q2027178,"Cuneiform Tablet SACT 1, 181",update,2,10,written,,
498173,Q2049161,Cuneiform Tablet TS 016,update,2,9,written,,
358903,Q1359521,"Cuneiform Tablet CCT 6, 15, BM 115102",update,3,9,written,,
135607,Q2049926,Cuneiform Tablet TUT 036,update,2,10,written,,
238060,Q2023587,Cuneiform Tablet RMA 274f,update,2,10,written,,
119768,Q1967207,"Cuneiform Tablet MVN 18, 407",update,2,10,written,,
106864,Q2003259,"Cuneiform Tablet BJRL 64, 112 70",update,2,10,written,,
273931,Q2000475,"Cuneiform Tablet Orient 55, 152 09",update,2,9,written,,
454248,Q1986770,"Cuneiform Tablet Nisaba 15, 1131",update,2,9,written,,
104859,Q1995134,"Cuneiform Tablet BagM 23, 082, W 25046",update,2,10,written,,
429778,Q1985253,Cuneiform Tablet P429778,update,2,9,written,,
292477,Q2009582,"Cuneiform Tablet BPOA 06, 1273",update,2,10,written,,
107776,Q2034271,Cuneiform Tablet CST (JRL) 262,update,2,10,written,,
124016,Q1998013,"Cuneiform Tablet OIP 121, 286",update,2,10,written,,
108483,Q2035573,"Cuneiform Tablet CT 05, pl. 33-35, BM 017750",update,2,10,written,,
138035,Q2055186,"Cuneiform Tablet UET 3, 1709",update,2,10,written,,
113365,Q1944044,"Cuneiform Tablet MVN 02, 066",update,2,9,written,,
145505,Q1983049,"Cuneiform Tablet Akkadica 114-115, 097 12",update,2,10,written,,
335530,Q1980694,Cuneiform Tablet ADD 0613,update,2,9,written,,
363350,Q1995494,"Cuneiform Tablet BagM Beih. 02, 086",update,3,8,written,,
266230,Q2018685,Cuneiform Tablet CBS 11057 + N 4644,update,2,9,written,,
248698,Q1970454,"Cuneiform Tablet AAICAB 1/2, pl. 109, 1937-087",update,2,10,written,,
111358,Q1924020,"Cuneiform Tablet ITT 3, 06550",update,2,10,written,,
235486,Q2060535,Cuneiform Tablet USC 6675,update,2,10,written,,
417807,Q1997177,"Cuneiform Tablet BATSH 9, 096",update,2,9,written,,
111476,Q1924853,"Cuneiform Tablet ITT 5, 06766",update,2,10,written,,
357822,Q1371184,"Cuneiform Tablet TCL 21, 256",update,3,8,written,,
361443,Q1371807,Cuneiform Tablet P361443,update,3,8,written,,
126705,Q2007914,"Cuneiform Tablet Princeton 1, 016",update,2,10,written,,
356730,Q2026379,"Cuneiform Tablet CDLI Literary 000379, ex. 081",update,2,10,written,,
205030,Q2005716,Cuneiform Tablet BM 025871,update,2,10,written,,
107058,Q2007538,Cuneiform Tablet BM Messenger 179,update,2,10,written,,
290364,Q1973971,Cuneiform Tablet NBC 01497,update,2,10,written,,
448545,Q1995557,Cuneiform Artifact TA 1931 256,update,2,10,written,,
292359,Q2009005,"Cuneiform Tablet BPOA 06, 0975",update,2,10,written,,
105065,Q1997315,"Cuneiform Tablet BBVO 11, 288, 6N-T479",update,2,10,written,,
105,Q2020520,"Cuneiform Tablet CDLI Lexical 000002, ex. 153",update,2,9,written,,
372795,Q2062648,"Cuneiform Tablet VS 13, 042",update,2,10,written,,
342323,Q1975786,Cuneiform Tablet NCTU 20 + 24,update,2,10,written,,
369073,Q1929350,Cuneiform Tablet KAR 092,update,2,10,written,,
135129,Q2049054,Cuneiform Tablet TRU 365,update,2,9,written,,
347121,Q2063368,"Cuneiform Tablet VS 24, 001",update,2,9,written,,
407104,Q2064808,"Cuneiform Tablet HSS 68, 206",update,2,9,written,,
405139,Q1995180,"Cuneiform Tablet BagM 27, 380 231",update,3,9,written,,
137114,Q2053360,"Cuneiform Tablet UET 3, 0790",update,2,10,written,,
466417,Q2014363,"Cuneiform Tablet RIMA 1.0.078.011, ex. 07",update,2,10,written,,
450876,Q1994249,"Cuneiform Artifact OECT 04, 065",update,2,7,written,,
481186,Q2026787,"Cuneiform Tablet SAAB 17, 098 25",update,2,9,written,,
535317,Q1363440,Cuneiform Tablet P535317,update,2,8,written,,
365953,Q1893232,"Cuneiform Tablet CT 29, pl. 18, BM 080797",update,1,10,written,,
123507,Q1997126,"Cuneiform Tablet OIP 115, 328",update,2,10,written,,
108657,Q2035919,"Cuneiform Tablet CT 10, pl. 50, BM 012248",update,2,10,written,,
516477,Q2054341,"Cuneiform Tablet CUSAS 40, 1693",update,1,9,written,,
100267,Q1981806,"Cuneiform Tablet Aegyptus 29, 106, 34",update,2,10,written,,
378662,Q2006099,"Cuneiform Tablet PPAC 5, 0994",update,2,10,written,,
200232,Q1981305,"Cuneiform Tablet Nisaba 01, 178",update,2,10,written,,
115966,Q1955342,"Cuneiform Tablet MVN 10, 199",update,1,9,written,,
10806,Q2049436,Cuneiform Tablet TSŠ 0348,update,2,10,written,,
283548,Q2061905,Cuneiform Tablet VAT 10527,update,1,9,written,,
470039,Q2006901,Cuneiform Tablet BM 047948,update,1,10,written,,
142014,Q2062312,"Cuneiform Tablet ViOr 8/1, 072",update,2,10,written,,
363184,Q1975442,Cuneiform Tablet ACT 0151,update,2,10,written,,
521704,Q1929545,"Cuneiform Tablet Kaskal 15, 14",update,2,10,written,,
336961,Q2038165,"Cuneiform Tablet StAT 2, 153",update,2,10,written,,
144969,Q2034004,"Cuneiform Tablet SAT 3, 1769",update,2,10,written,,
126355,Q2003766,"Cuneiform Tablet PDT 2, 1013",update,2,10,written,,
124368,Q1998676,"Cuneiform Tablet OMRO 56, 06",update,1,9,written,,
356360,Q2026572,"Cuneiform Tablet CDLI Literary 000381, ex. 019",update,2,10,written,,
421036,Q2036105,Cuneiform Tablet SMUI 1913.14.0932,update,2,10,written,,
264173,Q2017358,Cuneiform Tablet CBS 06679,update,2,10,written,,
361013,Q1372497,Cuneiform Tablet KTH 23,update,2,8,written,,
135083,Q2048961,Cuneiform Tablet TRU 319,update,2,9,written,,
342773,Q2065227,"Cuneiform Tablet HUCA 49, 16 & 051 14",update,2,9,written,,
247613,Q1936409,Cuneiform Tablet MLVS 919,update,1,9,written,,
291826,Q1973963,Cuneiform Tablet NBC 01350,update,2,10,written,,
132746,Q2044903,"Cuneiform Tablet TCTI 2, 03522",update,2,10,written,,
338586,Q2039277,"Cuneiform Tablet STT 2, 268",update,2,8,written,,
107408,Q2016295,"Cuneiform Tablet Buffalo SNS.11-2, 135 06",update,2,9,written,,
133854,Q2043661,Cuneiform Tablet TCND 048,update,2,10,written,,
131869,Q2041653,Cuneiform Tablet Tavolette 084,update,2,10,written,,
461278,Q2007037,Cuneiform Tablet BM 066873,update,2,9,written,,
359095,Q1359838,Cuneiform Tablet Prag 485,update,2,9,written,,
105435,Q1998033,"Cuneiform Tablet BCT 2, 194",update,2,9,written,,
555,Q2020126,"Cuneiform Tablet CDLI Lexical 000002, ex. 056",update,2,9,written,,
535747,Q1364948,"Cuneiform Tablet AKT 6e, 1132",update,1,9,written,,
390456,Q1359676,"Cuneiform Tablet CCT 2, 49, BM 113616",update,3,8,written,,
100637,Q1983985,Cuneiform Tablet Aleppo 305,update,2,10,written,,
342289,Q2060607,"Cuneiform Tablet HANE/M 8, 273-275",update,2,10,written,,
536868,Q1362751,"Cuneiform Tablet AKT 11a, 133",update,2,9,written,,
407554,Q2065111,"Cuneiform Tablet HSS 68, 584",update,2,9,written,,
451334,Q1988673,Cuneiform Artifact P451334,update,1,6,written,,
101925,Q1988935,"Cuneiform Tablet ASJ 02, 010 22",update,2,10,written,,
405569,Q1982050,"Cuneiform Tablet AfO 24, 015-017 & pl. III no. 6",update,1,10,written,,
289515,Q1975547,Cuneiform Tablet NBC 10906,update,2,10,written,,
322888,Q2045378,"Cuneiform Tablet CUSAS 11, 288",update,2,9,written,,
137544,Q2054216,"Cuneiform Tablet UET 3, 1219",update,2,10,written,,
103918,Q1992943,"Cuneiform Tablet AUCT 2, 100",update,2,9,written,,
357988,Q1371349,"Cuneiform Tablet RA 081, 003-096 095",update,3,8,written,,
348684,Q2037276,"Cuneiform Tablet SpTU 3, 080",update,2,8,written,,
114224,Q1948180,"Cuneiform Tablet MVN 05, 004",update,2,9,written,,
142444,Q2065915,"Cuneiform Tablet YOS 18, 050",update,2,9,written,,
145381,Q2034797,"Cuneiform Tablet SAT 3, 2181",update,2,10,written,,
116219,Q1956231,"Cuneiform Tablet MVN 11, 206",update,2,9,written,,
332471,Q2060196,Cuneiform Tablet CUNES 48-08-009bis,update,2,9,written,,
472454,Q1932218,Cuneiform Tablet Lippmann Coll 154,update,2,9,written,,
414682,Q2055708,Cuneiform Tablet DCS 096,update,1,10,written,,
108207,Q2035092,Cuneiform Tablet CST (JRL) 690,update,2,10,written,,
200662,Q1995890,Cuneiform Tablet BASOR 122 (1951) 047,update,2,10,written,,
378232,Q2005855,"Cuneiform Tablet PPAC 5, 0866",update,2,10,written,,
124692,Q2000301,"Cuneiform Tablet Orient 16, 062 70",update,2,10,written,,
516027,Q2053553,"Cuneiform Tablet CUSAS 40, 1243",update,2,9,written,,
360252,Q1360380,"Cuneiform Tablet TPAK 1, 042",update,2,8,written,,
110267,Q2063502,Cuneiform Tablet HLC 399 (pl. 153),update,2,10,written,,
205933,Q2005013,Cuneiform Tablet BM 024672,update,2,10,written,,
336432,Q2022332,Cuneiform Tablet RMA 109,update,2,10,written,,
125129,Q2001161,"Cuneiform Tablet OrSP 47-49, 239",update,2,10,written,,
20049,Q2062744,"Cuneiform Tablet VS 14, 035",update,2,10,written,,
204621,Q2005564,Cuneiform Tablet BM 025444,update,2,10,written,,
127114,Q2008705,"Cuneiform Tablet Princeton 1, 425",update,2,10,written,,
518469,Q2021654,"Cuneiform Artifact RINBE 2, Neriglissar 01, ex. 02",update,2,10,written,,
104674,Q1994399,"Cuneiform Tablet AUCT 3, 466",update,2,9,written,,
106649,Q2000801,"Cuneiform Tablet BIN 05, 215",update,2,10,written,,
291575,Q2009210,"Cuneiform Tablet BPOA 06, 1081",update,2,10,written,,
118657,Q1966893,"Cuneiform Tablet MVN 16, 0609",update,2,10,written,,
119945,Q1967559,"Cuneiform Tablet MVN 18, 584",update,2,10,written,,
270833,Q2059682,Cuneiform Tablet Fs Sommerfeld & Krebernik 514-545 07,update,2,9,written,,
343532,Q2030119,"Cuneiform Tablet CDLI Literary 000761, ex. 011",update,2,10,written,,
105966,Q1999464,"Cuneiform Tablet BIN 03, 160",update,2,10,written,,
479218,Q2016142,"Cuneiform Tablet BTT pl. 09, BM 053824",update,2,9,written,,
136705,Q2052557,"Cuneiform Tablet UET 3, 0383",update,2,10,written,,
368398,Q2032807,Cuneiform Tablet CDLJ 2007/1 §3.47,update,2,8,written,,
450175,Q2058774,Cuneiform Tablet FLP 0214,update,2,10,written,,
347822,Q1938745,"Cuneiform Tablet MSL SS 1, 112",update,1,8,written,,
101476,Q1986495,"Cuneiform Tablet AnOr 07, 181",update,2,10,written,,
502967,Q2028147,"Cuneiform Tablet SANTAG 09, 001",update,2,10,written,,
137817,Q2054760,"Cuneiform Tablet UET 3, 1492",update,2,10,written,,
201423,Q2009778,"Cuneiform Tablet Princeton 2, 424",update,2,10,written,,
257243,Q2024501,"Cuneiform Tablet CDLI Literary 000347, ex. 039",update,2,10,written,,
517266,Q1990476,"Cuneiform Tablet Nisaba 33, 78",update,2,9,written,,
332922,Q1937145,"Cuneiform Tablet MSL 10, 062 VAT 12446",update,2,9,written,,
109046,Q2055420,Cuneiform Tablet DAS 328,update,2,10,written,,
117058,Q1958965,"Cuneiform Tablet MVN 13, 286",update,2,10,written,,
236750,Q2002861,"Cuneiform Tablet BIN 10, 206",update,2,9,written,,
282359,Q1981883,"Cuneiform Tablet AfO 10, 36, 66",update,2,8,written,,
471628,Q2039857,"Cuneiform Tablet CTN 2, 188",update,2,10,written,,
318560,Q2004817,"Cuneiform Tablet PPAC 5, 0334",update,2,10,written,,
143605,Q2031315,"Cuneiform Tablet SAT 2, 0405",update,2,10,written,,
526868,Q1929001,"Cuneiform Tablet KAL 11, 172",update,2,9,written,,
20419,Q2046985,"Cuneiform Tablet TMH 05, 005",update,2,10,written,,
357571,Q1370936,"Cuneiform Tablet TCL 19, 004",update,3,9,written,,
111925,Q1926389,"Cuneiform Tablet JCS 14, 110 13",update,2,10,written,,
120281,Q1968629,"Cuneiform Tablet MVN 21, 044",update,2,10,written,,
332888,Q1936255,"Cuneiform Tablet MHET 3 1/2, 047",update,2,9,written,,
115065,Q1951316,"Cuneiform Tablet MVN 07, 167",update,2,10,written,,
113918,Q1946858,"Cuneiform Tablet MVN 03, 358",update,2,10,written,,
127544,Q2010927,"Cuneiform Tablet RA 009, 051 SE 7",update,2,9,written,,
336062,Q1982783,Cuneiform Tablet AGS 067,update,2,10,written,,
360602,Q1360764,"Cuneiform Tablet AKT 2, 57",update,2,8,written,,
118207,Q1964797,"Cuneiform Tablet MVN 14, 0527",update,2,10,written,,
308833,Q2065427,"Cuneiform Tablet YOS 08, 018",update,2,11,written,,
368232,Q1994289,"Cuneiform Tablet OECT 04, 123",update,2,8,written,,
134692,Q2048211,Cuneiform Tablet Trouvaille 19,update,2,10,written,,
135980,Q2050712,"Cuneiform Tablet UCP 09-02-1, 076",update,2,10,written,,
393780,Q1973421,Cuneiform Tablet ABL 0543,update,2,10,written,,
104224,Q1993546,"Cuneiform Tablet AUCT 2, 405",update,2,9,written,,
358684,Q1359301,"Cuneiform Tablet CCT 4, 02, BM 115064",update,3,9,written,,
274489,Q2037341,"Cuneiform Tablet SpTU 3, 115",update,2,9,written,,
536491,Q1367235,"Cuneiform Artifact AKT 8, 359",update,2,8,written,,
106219,Q1999949,"Cuneiform Tablet BIN 03, 412",update,2,10,written,,
291125,Q2011511,"Cuneiform Tablet BPOA 07, 1920",update,2,10,written,,
374211,Q1987424,"Cuneiform Tablet Nisaba 17, 083",update,2,10,written,,
322471,Q2044613,"Cuneiform Tablet CUSAS 03, 1473",update,2,9,written,,
101026,Q1985613,"Cuneiform Tablet AnOr 01, 035",update,2,10,written,,
326961,Q2049490,"Cuneiform Tablet CUSAS 33, 269",update,2,9,written,,
346360,Q2031431,"Cuneiform Tablet CDLI Literary 000795, ex. 059",update,2,10,written,,
503225,Q2028546,"Cuneiform Tablet SANTAG 09, 250",update,2,10,written,,
131490,Q2030408,"Cuneiform Tablet SAT 1, 386",update,2,10,written,,
136355,Q2051895,"Cuneiform Tablet UET 3, 0039",update,2,10,written,,
406345,Q1927615,"Cuneiform Tablet JCS 71, 033 19",update,2,9,written,,
117408,Q1960466,"Cuneiform Tablet MVN 13, 635",update,2,10,written,,
336598,Q2020838,"Cuneiform Tablet RINAP 4 Esarhaddon add144, ex. 005 (copy for Humbareš of Naḫšimarta)",update,2,10,written,,
514919,Q2051426,"Cuneiform Tablet CUSAS 40, 0135",update,2,9,written,,
144590,Q2033250,"Cuneiform Tablet SAT 3, 1390",update,2,10,written,,
123854,Q1997701,"Cuneiform Tablet OIP 121, 124",update,2,10,written,,
236300,Q2002347,"Cuneiform Tablet BIN 09, 290",update,2,9,written,,
387669,Q2059216,"Cuneiform Tablet Fs Lenoble 170, no. 46",update,2,10,written,,
282709,Q1926163,"Cuneiform Tablet JCS 07, 148 - 176, 28",update,2,8,written,,
143255,Q2030651,"Cuneiform Tablet SAT 2, 0056",update,2,10,written,,
115435,Q1953073,"Cuneiform Tablet MVN 08, 044",update,2,9,written,,
10555,Q2024707,Cuneiform Tablet RTC 015,update,2,10,written,,
527280,Q1996874,"Cuneiform Tablet BATSH 6, 155",update,2,10,written,,
125083,Q2001074,"Cuneiform Tablet OrSP 47-49, 194",update,2,10,written,,
304113,Q1989253,"Cuneiform Tablet Nisaba 27, 175",update,2,10,written,,
201073,Q2009137,"Cuneiform Tablet Princeton 2, 075",update,2,10,written,,
122746,Q1993719,Cuneiform Tablet NYPL 208,update,2,10,written,,
109416,Q2060302,Cuneiform Tablet Georgica 3.11,update,2,10,written,,
131185,Q2029927,"Cuneiform Tablet SAT 1, 076",update,2,10,written,,
346675,Q2030681,"Cuneiform Tablet CDLI Literary 000771, ex. 035",update,2,10,written,,
136640,Q2052433,"Cuneiform Tablet UET 3, 0319",update,2,10,written,,
137952,Q2055024,"Cuneiform Tablet UET 3, 1626",update,2,10,written,,
332867,Q1936217,"Cuneiform Tablet MHET 3 1/2, 025",update,2,9,written,,
237907,Q1974030,Cuneiform Tablet ABL 0897,update,2,10,written,,
101533,Q1986608,"Cuneiform Tablet AnOr 07, 238",update,2,10,written,,
526887,Q1934433,"Cuneiform Tablet MC 25, 514",update,2,9,written,,
517323,Q1990588,"Cuneiform Tablet Nisaba 33, 143",update,2,9,written,,
262048,Q2017161,Cuneiform Tablet CBS 05993,update,2,10,written,,
142852,Q1970133,"Cuneiform Tablet AAICAB 1/1, pl. 069, 1924-1308",update,1,10,written,,
234628,Q2017204,"Cuneiform Tablet RIME 3/1.01.07.083, ex. 12",update,2,10,written,,
491539,Q2046251,"Cuneiform Tablet TIMA 1, 027",update,2,10,written,,
331748,Q1983420,"Cuneiform Tablet Nisaba 05/2, 083",update,3,9,written,,
143740,Q2031583,"Cuneiform Tablet SAT 2, 0540",update,2,10,written,,
10040,Q2036360,"Cuneiform Tablet CT 50, 003",update,2,10,written,,
115120,Q1951658,"Cuneiform Tablet MVN 07, 235",update,2,10,written,,
382484,Q2042686,"Cuneiform Tablet TCBI 1, 232",update,2,8,written,,
236615,Q2002589,"Cuneiform Tablet BIN 10, 071",update,2,9,written,,
333775,Q1986514,"Cuneiform Tablet Nisaba 15, 0969",update,2,9,written,,
144085,Q2032265,"Cuneiform Tablet SAT 2, 0885",update,2,10,written,,
522597,Q1974873,"Cuneiform Tablet Abr-Nahrain 34, T  06",update,2,10,written,,
110322,Q2064155,"Cuneiform Tablet HSS 04, 049",update,2,9,written,,
336577,Q2023598,Cuneiform Tablet RMA 274h,update,2,10,written,,
360317,Q1360450,"Cuneiform Tablet TPAK 1, 107",update,2,8,written,,
127051,Q2008579,"Cuneiform Tablet Princeton 1, 362",update,2,10,written,,
204764,Q2003910,Cuneiform Tablet BM 020489,update,2,10,written,,
120794,Q1972337,Cuneiform Tablet NATN 096,update,2,10,written,,
417041,Q2028931,"Cuneiform Tablet CDLI Literary 000629, ex. 004",update,1,10,written,,
119800,Q1967271,"Cuneiform Tablet MVN 18, 439",update,2,10,written,,
309234,Q2013017,"Cuneiform Tablet RA 111, 051 no. 16",update,1,10,written,,
374704,Q1987772,"Cuneiform Tablet Nisaba 18, 150",update,2,10,written,,
273659,Q2025767,Cuneiform Tablet SA 163,update,2,9,written,,
104731,Q1994596,"Cuneiform Tablet AuOr 10, 087 1",update,2,9,written,,
536184,Q1367320,"Cuneiform Tablet AKT 8, 050",update,1,9,written,,
464996,Q2015087,"Cuneiform Tablet RIMA 3.0.102.006, ex. 11 & RIMA 3.0.102.007, ex. 01",update,2,9,written,,
358391,Q1372360,Cuneiform Tablet ATHE 59,update,2,9,written,,
369835,Q2027997,"Cuneiform Tablet CDLI Literary 000540, ex. 001",update,2,9,written,,
105823,Q1999174,"Cuneiform Tablet BIN 03, 016",update,2,10,written,,
467713,Q2048680,"Cuneiform Tablet CUSAS 26, 159",update,1,10,written,,
101163,Q1985887,"Cuneiform Tablet AnOr 01, 172",update,2,10,written,,
324819,Q2045198,"Cuneiform Tablet CUSAS 11, 197",update,2,9,written,,
105989,Q1999510,"Cuneiform Tablet BIN 03, 183",update,2,10,written,,
243345,Q1987849,"Cuneiform Tablet ARET 12, 0163 + unp. frag.",update,2,9,written,,
326824,Q2049080,"Cuneiform Tablet CUSAS 33, 061",update,2,9,written,,
136210,Q2051110,Cuneiform Tablet UDT 076,update,2,10,written,,
110288,Q2064089,"Cuneiform Tablet HSS 04, 015",update,2,9,written,,
331318,Q1982771,"Cuneiform Tablet Nisaba 05/1, 288",update,3,9,written,,
516861,Q2054943,"Cuneiform Tablet CUSAS 40, 2077",update,1,9,written,,
115570,Q1953643,"Cuneiform Tablet MVN 08, 180",update,2,10,written,,
10410,Q1996039,"Cuneiform Tablet OIP 099, 481",update,2,10,written,,
285189,Q1995617,"Cuneiform Tablet BAM 1, 090",update,1,8,written,,
236245,Q2002242,"Cuneiform Tablet BIN 09, 235",update,2,9,written,,
123911,Q1997812,"Cuneiform Tablet OIP 121, 181",update,2,10,written,,
384803,Q2032831,Cuneiform Tablet CDLJ 2009/2 §2.7,update,2,9,written,,
122603,Q1993438,Cuneiform Tablet NYPL 067,update,2,10,written,,
281963,Q1933908,"Cuneiform Tablet MARV 3, 42",update,2,8,written,,
304056,Q1989346,"Cuneiform Tablet Nisaba 27, 222",update,2,10,written,,
109553,Q2062200,Cuneiform Tablet Hirose 082,update,2,9,written,,
303793,Q2015292,"Cuneiform Tablet BPOA 07, 2992",update,2,10,written,,
201136,Q2009261,"Cuneiform Tablet Princeton 2, 138",update,2,10,written,,
524910,Q1992525,Cuneiform Artifact NMI BK 00587,update,2,6,written,,
517289,Q1990520,"Cuneiform Tablet Nisaba 33, 109",update,2,9,written,,
512571,Q894381,"Cuneiform Tablet TMH 10, 024",update,4,8,written,,
111860,Q1926027,"Cuneiform Tablet JCS 02, 194 NBC 3208",update,2,10,written,,
110772,Q2066989,"Cuneiform Tablet ITT 2, 00902 + ITT 5, 06850",update,2,10,written,,
380513,Q2007475,"Cuneiform Tablet PPAC 5, 1686",update,2,10,written,,
360747,Q1360912,"Cuneiform Tablet OIP 027, 24",update,2,7,written,,
336127,Q1990546,"Cuneiform Tablet Assur 1/3, 021",update,2,10,written,,
343027,Q2063171,"Cuneiform Tablet VS 17, 06",update,1,9,written,,
315647,Q2004316,"Cuneiform Tablet PPAC 5, 0054",update,2,10,written,,
368377,Q2032773,Cuneiform Tablet CDLJ 2007/1 §3.24,update,2,9,written,,
118342,Q1965917,"Cuneiform Tablet MVN 15, 062",update,2,9,written,,
312182,Q2012998,"Cuneiform Tablet RA 111, 041 no. 09",update,1,10,written,,
133012,Q2045041,"Cuneiform Tablet TCTI 2, 03814",update,2,10,written,,
271234,Q1984968,Cuneiform Tablet P271234,update,2,9,written,,
322534,Q2043681,"Cuneiform Tablet CUSAS 03, 0879",update,2,9,written,,
531211,Q1933709,"Cuneiform Tablet MARV 10, 10",update,2,10,written,,
291060,Q1974170,Cuneiform Tablet NBC 02351,update,2,10,written,,
376369,Q1988360,"Cuneiform Tablet Nisaba 23, 087",update,2,10,written,,
320509,Q1984040,"Cuneiform Tablet Nisaba 08, 089",update,2,10,written,,
101499,Q1986541,"Cuneiform Tablet AnOr 07, 204",update,2,10,written,,
502988,Q2028187,"Cuneiform Tablet SANTAG 09, 022",update,2,10,written,,
480778,Q2000593,"Cuneiform Tablet OrNS 59, 482",update,1,7,written,,
498718,Q1362268,"Cuneiform Tablet AKT 4, 55",update,2,9,written,,
338569,Q2039245,"Cuneiform Tablet STT 2, 250",update,2,8,written,,
104361,Q1993819,"Cuneiform Tablet AUCT 3, 135",update,2,9,written,,
345059,Q2007848,Cuneiform Tablet PRAK D 045,update,2,8,written,,
313639,Q2037166,"Cuneiform Tablet CT 53, 224",update,2,10,written,,
240139,Q2022642,Cuneiform Tablet RMA 146,update,2,10,written,,
137051,Q2053234,"Cuneiform Tablet UET 3, 0727",update,2,10,written,,
407041,Q1988978,"Cuneiform Tablet Nisaba 27, 038",update,2,9,written,,
451621,Q1988858,Cuneiform Artifact P451621,update,1,8,written,,
130794,Q2040840,Cuneiform Tablet Syracuse 243,update,2,9,written,,
461297,Q2066471,"Cuneiform Tablet ZA 082, 122 (BM 077806)",update,2,9,written,,
131886,Q2041684,Cuneiform Tablet Tavolette 100,update,2,10,written,,
100322,Q1983007,"Cuneiform Tablet Akkadica 007, pl. 1 1",update,2,9,written,,
450933,Q1994219,"Cuneiform Artifact OECT 04, 008",update,2,8,written,,
390143,Q1931741,Cuneiform Tablet LB 3078,update,1,9,written,,
535252,Q1364197,Cuneiform Tablet P535252,update,2,8,written,,
275277,Q2065431,Cuneiform Tablet ICP varia 80,update,2,9,written,,
200377,Q1994827,"Cuneiform Tablet AUWE 23, 013",update,2,10,written,,
115823,Q1954583,"Cuneiform Tablet MVN 09, 180",update,2,10,written,,
10943,Q2049675,Cuneiform Tablet TSŠ 0929,update,2,10,written,,
516532,Q2054448,"Cuneiform Tablet CUSAS 40, 1748",update,2,9,written,,
124387,Q1998705,"Cuneiform Tablet OMRO 66, 48 14",update,2,9,written,,
108712,Q2039240,"Cuneiform Tablet CTMMA 1, 027",update,2,10,written,,
144986,Q2034037,"Cuneiform Tablet SAT 3, 1786",update,2,10,written,,
145694,Q2044476,"Cuneiform Tablet TCS 1, 170",update,2,10,written,,
123442,Q1997030,"Cuneiform Tablet OIP 115, 275",update,2,10,written,,
332164,Q2004136,"Cuneiform Tablet PPAC 4, 252",update,2,9,written,,
521641,Q1975316,"Cuneiform Tablet AchHist 15, 189",update,2,10,written,,
328990,Q2045890,"Cuneiform Tablet CUSAS 13, 013",update,2,8,written,,
330159,Q2033626,"Cuneiform Tablet CM 26, 144",update,2,9,written,,
235039,Q1930391,Cuneiform Tablet KM 89291,update,2,10,written,,
114731,Q1949995,"Cuneiform Tablet MVN 06, 287",update,2,10,written,,
381752,Q1937815,"Cuneiform Tablet MSL 13, 173 A",update,2,9,written,,
142151,Q2064870,"Cuneiform Tablet YOS 04, 087",update,2,10,written,,
361506,Q1361266,"Cuneiform Tablet Belleten 55, 301 C",update,2,8,written,,
357967,Q1371329,"Cuneiform Tablet RA 081, 003-096 074",update,3,8,written,,
111533,Q1924950,"Cuneiform Tablet ITT 5, 06825",update,2,10,written,,
252807,Q2050351,"Cuneiform Tablet CUSAS 35, 400",update,2,9,written,,
356675,Q2024706,"Cuneiform Tablet CDLI Literary 000350, ex. 023",update,2,10,written,,
253715,Q2050964,"Cuneiform Tablet CUSAS 39, 224b",update,1,9,written,,
121185,Q1972946,Cuneiform Tablet NATN 487,update,2,10,written,,
251728,Q2027283,"Cuneiform Tablet CDLI Literary 000441, ex. 003",update,1,9,written,,
329378,Q2042675,"Cuneiform Tablet CUSAS 03, 0197",update,2,9,written,,
359580,Q1369412,"Cuneiform Tablet ICK 1, 183",update,3,8,written,,
105120,Q1997415,"Cuneiform Tablet BCT 1, 018",update,2,9,written,,
40,Q2022970,"Cuneiform Tablet CDLI Lexical Archaic Unidentified, ex. 011",update,2,9,written,,
375115,Q1987740,"Cuneiform Tablet Nisaba 18, 132",update,2,10,written,,
323775,Q2043795,"Cuneiform Tablet CUSAS 03, 0939",update,2,9,written,,
322867,Q2044979,"Cuneiform Tablet CUSAS 11, 085",update,2,9,written,,
342266,Q2033353,"Cuneiform Tablet CM 12, 06",update,2,9,written,,
135596,Q2049904,Cuneiform Tablet TUT 025,update,2,10,written,,
268916,Q2027046,"Cuneiform Tablet CDLI Literary 000397, ex. 003",update,2,10,written,,
100772,Q1984231,Cuneiform Tablet Aleppo 440,update,2,10,written,,
326127,Q1990294,"Cuneiform Tablet Nisaba 32, 207",update,1,9,written,,
519297,Q1985491,Cuneiform Tablet P519297,update,2,9,written,,
377082,Q1989856,"Cuneiform Tablet Nisaba 31/2, 158",update,2,10,written,,
535602,Q1363398,"Cuneiform Tablet AKT 6e, 978",update,1,8,written,,
430762,Q2062070,"Cuneiform Tablet VFMOS 2/3, 59",update,2,8,written,,
345409,Q2027493,"Cuneiform Tablet CDLI Literary 000481, ex. 010",update,1,10,written,,
137401,Q2053933,"Cuneiform Tablet UET 3, 1076",update,2,10,written,,
101860,Q1987913,"Cuneiform Tablet ArOr 25, 557 04",update,2,9,written,,
276908,Q2025476,"Cuneiform Tablet CDLI Literary 000365, ex. 069",update,2,10,written,,
203808,Q2005866,Cuneiform Tablet BM 027446,update,2,10,written,,
472511,Q1932329,Cuneiform Tablet Lippmann Coll 211,update,2,9,written,,
237454,Q2022623,Cuneiform Tablet RMA 144a,update,2,10,written,,
330509,Q1971614,"Cuneiform Tablet AAICAB 1/4, Bod S 441",update,2,10,written,,
111499,Q1924893,"Cuneiform Tablet ITT 5, 06789",update,2,10,written,,
235469,Q2060499,Cuneiform Tablet USC 6658,update,2,10,written,,
142501,Q2066024,"Cuneiform Tablet YOS 18, 107",update,2,10,written,,
201835,Q1981983,"Cuneiform Tablet Nisaba 03/1, 204",update,2,10,written,,
114361,Q1948796,"Cuneiform Tablet MVN 05, 141",update,2,9,written,,
363491,Q2040395,"Cuneiform Tablet CTN 4, 076",update,2,10,written,,
516162,Q2053799,"Cuneiform Tablet CUSAS 40, 1378",update,1,9,written,,
256147,Q2024497,"Cuneiform Tablet CDLI Literary 000347, ex. 037",update,2,10,written,,
200727,Q1982979,Cuneiform Tablet AION 58 145 2,update,2,9,written,,
251682,Q2021362,"Cuneiform Tablet CDLI Lexical 000018, ex. 003",update,1,9,written,,
123012,Q2002406,Cuneiform Tablet OTR 077,update,2,9,written,,
516498,Q2054383,"Cuneiform Tablet CUSAS 40, 1714",update,2,9,written,,
108342,Q2035355,Cuneiform Tablet CST (JRL) 835,update,2,10,written,,
115989,Q1955441,"Cuneiform Tablet MVN 10, 222",update,2,9,written,,
298241,Q1975033,Cuneiform Tablet NBC 05755,update,2,10,written,,
356225,Q2031047,"Cuneiform Tablet CDLI Literary 000782, ex. 046",update,2,10,written,,
253345,Q2050534,"Cuneiform Tablet CUSAS 35, 494",update,1,9,written,,
334819,Q1974575,Cuneiform Tablet ABL 1257,update,2,10,written,,
416200,Q2046896,"Cuneiform Tablet CUSAS 16, 292",update,2,9,written,,
329728,Q2041943,Cuneiform Tablet CUNES 48-08-031,update,1,8,written,,
278015,Q1971992,Cuneiform Tablet NABU 2007/005,update,2,10,written,,
336824,Q2037924,"Cuneiform Tablet StAT 2, 016",update,2,10,written,,
361156,Q1369135,Cuneiform Tablet POAT 43,update,3,9,written,,
264036,Q2003483,"Cuneiform Tablet PBS 11/3, 034",update,2,10,written,,
111163,Q1923493,"Cuneiform Tablet ITT 3, 05280",update,2,10,written,,
132603,Q2044840,"Cuneiform Tablet TCTI 2, 03363",update,2,10,written,,
314056,Q2037992,"Cuneiform Tablet CT 53, 644",update,2,10,written,,
247756,Q1982676,Cuneiform Tablet AGGT 542,update,2,10,written,,
450899,Q1988235,Cuneiform Artifact P450899,update,1,6,written,,
100288,Q1982066,"Cuneiform Tablet AfO 24, pl. 19 Truro 02",update,2,9,written,,
481169,Q2026767,"Cuneiform Tablet SAAB 17, 055 08",update,2,9,written,,
105570,Q1998285,"Cuneiform Tablet BE 03/1, 017",update,2,10,written,,
410,Q2023153,"Cuneiform Tablet CDLI Lexical Archaic Unidentified, ex. 057",update,2,9,written,,
341919,Q1992601,Cuneiform Tablet NMSA 3569,update,1,10,written,,
290671,Q2012492,"Cuneiform Tablet BPOA 07, 2167",update,2,10,written,,
133911,Q2043782,Cuneiform Tablet TCND 209,update,2,10,written,,
323325,Q1990023,"Cuneiform Artifact Nisaba 32, 064",update,1,9,written,,
522714,Q1929133,"Cuneiform Tablet KAM 11, 055",update,3,7,written,,
143039,Q1968330,"Cuneiform Tablet MVN 20, 106",update,2,10,written,,
115659,Q1954025,"Cuneiform Tablet MVN 09, 016",update,2,10,written,,
10739,Q2049336,Cuneiform Tablet TSŠ 0089,update,2,10,written,,
360194,Q1369937,"Cuneiform Tablet KTS 2, 52",update,3,8,written,,
117664,Q1961433,"Cuneiform Tablet MVN 13, 894",update,2,10,written,,
108968,Q2055274,Cuneiform Tablet DAS 230,update,2,10,written,,
255442,Q2059127,Cuneiform Tablet UM 29-13-492,update,2,9,written,,
116976,Q1958613,"Cuneiform Tablet MVN 13, 204",update,2,10,written,,
203222,Q2033560,"Cuneiform Tablet CM 26, 109",update,2,10,written,,
515467,Q2052478,"Cuneiform Tablet CUSAS 40, 0683",update,2,9,written,,
120517,Q1969095,"Cuneiform Tablet MVN 21, 280",update,2,10,written,,
449092,Q2059999,Cuneiform Tablet Unpublished texts in IM 24,update,2,10,written,,
103277,Q1991646,"Cuneiform Tablet AUCT 1, 432",update,2,9,written,,
128127,Q2024127,Cuneiform Tablet Rochester 022,update,2,10,written,,
498962,Q1362516,"Cuneiform Tablet AKT 6a, 159",update,1,10,written,,
453866,Q1985610,"Cuneiform Tablet Nisaba 15, 0475",update,2,9,written,,
358112,Q1371527,"Cuneiform Tablet TMH 01, 20c & 21a",update,3,7,written,,
536307,Q1368242,"Cuneiform Tablet AKT 8, 174",update,1,9,written,,
134104,Q2046499,"Cuneiform Tablet TJA pl.50, IOS 10",update,2,9,written,,
325422,Q1990212,"Cuneiform Tablet Nisaba 32, 165",update,1,9,written,,
450749,Q2065574,"Cuneiform Tablet Iraq 06, 175-176, 76",update,2,8,written,,
118591,Q1966788,"Cuneiform Tablet MVN 15, 326",update,2,9,written,,
131306,Q2030153,"Cuneiform Tablet SAT 1, 197",update,2,10,written,,
531138,Q1995977,"Cuneiform Tablet BATSH 18, 23",update,2,9,written,,
106075,Q1999682,"Cuneiform Tablet BIN 03, 269",update,2,10,written,,
376040,Q1988769,"Cuneiform Tablet Nisaba 26, 032",update,2,10,written,,
104048,Q1993198,"Cuneiform Tablet AUCT 2, 230",update,2,9,written,,
250640,Q2050770,"Cuneiform Tablet CUSAS 39, 123",update,2,9,written,,
138824,Q2057585,"Cuneiform Tablet UET 9, 0694",update,2,10,written,,
510665,Q1892973,"Cuneiform Tablet AbB 12, 142",update,1,10,written,,
109380,Q2059976,"Cuneiform Tablet FT 2, pl. 51 AO 12995",update,2,10,written,,
206020,Q1969767,"Cuneiform Tablet MVN 22, 216",update,2,10,written,,
348811,Q2037557,"Cuneiform Tablet SpTU 5, 224",update,2,8,written,,
417738,Q1997039,"Cuneiform Tablet BATSH 9, 027",update,2,9,written,,
349703,Q1987427,"Cuneiform Tablet AOAT 275, 560, BM 068449",update,2,8,written,,
334233,Q1973087,Cuneiform Tablet ABL 0357,update,2,10,written,,
236496,Q2002447,"Cuneiform Tablet BIN 09, 486",update,1,10,written,,
144206,Q2032493,"Cuneiform Tablet SAT 2, 1006",update,2,10,written,,
112466,Q1930932,Cuneiform Tablet L'uomo 47,update,2,9,written,,
515037,Q2051647,"Cuneiform Tablet CUSAS 40, 0253",update,2,9,written,,
127682,Q2011410,"Cuneiform Tablet RA 019, 040 020",update,2,9,written,,
120147,Q1967951,"Cuneiform Tablet MVN 19, 021",update,2,10,written,,
282135,Q1928489,Cuneiform Tablet KAJ 122,update,2,8,written,,
491610,Q2046395,"Cuneiform Tablet TIMA 1, 098",update,2,10,written,,
249031,Q1971038,"Cuneiform Tablet AAICAB 1/3, pl. 204, Bod B 11 (118)",update,1,10,written,,
334399,Q1973490,Cuneiform Tablet ABL 0580,update,2,10,written,,
331461,Q1982992,"Cuneiform Tablet Nisaba 05/1, 434",update,3,9,written,,
115209,Q1952060,"Cuneiform Tablet MVN 07, 339",update,2,10,written,,
143469,Q2031052,"Cuneiform Tablet SAT 2, 0269",update,2,10,written,,
10369,Q1995972,"Cuneiform Tablet OIP 099, 440",update,2,10,written,,
117234,Q1959742,"Cuneiform Tablet MVN 13, 461",update,2,10,written,,
126990,Q2008457,"Cuneiform Tablet Princeton 1, 301",update,2,10,written,,
307800,Q2065530,"Cuneiform Tablet YOS 11, 82",update,1,10,written,,
372900,Q1893351,"Cuneiform Tablet VS 16, 045",update,1,10,written,,
100908,Q1984631,Cuneiform Tablet Amherst 070,update,2,9,written,,
102935,Q1990960,"Cuneiform Tablet AUCT 1, 089",update,2,9,written,,
136569,Q2052305,"Cuneiform Tablet UET 3, 0252",update,2,10,written,,
535878,Q1364657,"Cuneiform Tablet AKT 7a, 060b",update,2,8,written,,
531092,Q1987633,"Cuneiform Tablet AoF 11, 110-114",update,1,9,written,,
103627,Q1992346,"Cuneiform Tablet AUCT 1, 782",update,2,9,written,,
358542,Q1359157,"Cuneiform Tablet CCT 2, 35, BM 113266",update,3,8,written,,
106425,Q2000354,"Cuneiform Tablet BIN 03, 618",update,2,10,written,,
291719,Q2009142,"Cuneiform Tablet BPOA 06, 1047",update,2,10,written,,
293724,Q1370219,"Cuneiform Tablet BIN 04, 225",update,3,9,written,,
130844,Q2040940,Cuneiform Tablet Syracuse 293,update,2,9,written,,
325588,Q2046683,"Cuneiform Tablet CUSAS 14, 217",update,1,9,written,,
131756,Q2043350,"Cuneiform Tablet TCL 05, 6042",update,2,10,written,,
104418,Q1993932,"Cuneiform Tablet AUCT 3, 196",update,2,9,written,,
292836,Q1893967,"Cuneiform Tablet BIN 07, 058",update,1,10,written,,
136093,Q2050938,"Cuneiform Tablet UCP 09-02-2, 089",update,2,10,written,,
317103,Q2004715,"Cuneiform Tablet PPAC 5, 0277",update,2,10,written,,
334663,Q1974173,Cuneiform Tablet ABL 0987,update,2,10,written,,
527146,Q1996622,"Cuneiform Tablet BATSH 6, 021",update,2,9,written,,
267163,Q2003545,"Cuneiform Tablet PBS 11/3, p. 277, CBS 12524",update,2,7,written,,
10693,Q2037757,Cuneiform Tablet SRU 006,update,2,9,written,,
382257,Q2042220,"Cuneiform Tablet TCBI 1, 004",update,2,9,written,,
112036,Q1926666,"Cuneiform Tablet JCS 28, 212 13",update,2,9,written,,
144656,Q2033379,"Cuneiform Tablet SAT 3, 1456",update,2,10,written,,
139366,Q2058669,"Cuneiform Tablet UET 9, 1236",update,2,10,written,,
469977,Q2006399,Cuneiform Tablet BM 034475,update,1,10,written,,
303510,Q2014295,"Cuneiform Tablet BPOA 07, 2737",update,2,10,written,,
335971,Q1981572,Cuneiform Tablet ADD 1191,update,2,10,written,,
125345,Q2001590,"Cuneiform Tablet OrSP 47-49, 455",update,2,10,written,,
20225,Q2063468,"Cuneiform Tablet VS 25, 018",update,2,10,written,,
497394,Q2032549,"Cuneiform Tablet CDLI Literary 002718.05, ex. 012",update,1,10,written,,
116075,Q1955559,"Cuneiform Tablet MVN 11, 061",update,2,9,written,,
330620,Q1971817,"Cuneiform Tablet AAICAB 1/4, Bod S 554",update,2,10,written,,
114048,Q1947414,"Cuneiform Tablet MVN 04, 096",update,2,10,written,,
142628,Q2032729,Cuneiform Tablet CDLJ 2003/1 no. 2,update,2,9,written,,
331932,Q1983722,"Cuneiform Tablet Nisaba 05/2, 271",update,3,9,written,,
121306,Q1973180,Cuneiform Tablet NATN 608,update,2,10,written,,
298492,Q1975140,Cuneiform Tablet NBC 06639,update,2,10,written,,
360897,Q1372416,Cuneiform Tablet KTK 045,update,2,8,written,,
134807,Q2048421,Cuneiform Tablet TRU 043,update,2,9,written,,
315997,Q2004584,"Cuneiform Tablet PPAC 5, 0207",update,2,10,written,,
359703,Q1369523,"Cuneiform Tablet ICK 2, 115",update,3,8,written,,
129736,Q2035730,Cuneiform Tablet SET 329,update,1,9,written,,
102466,Q1989972,"Cuneiform Tablet ASJ 11, 330 01",update,2,10,written,,
128824,Q2026953,"Cuneiform Tablet SACT 1, 069",update,2,10,written,,
500665,Q1934763,"Cuneiform Tablet MCS 5, 120 06",update,2,9,written,,
137728,Q2054582,"Cuneiform Tablet UET 3, 1403",update,2,10,written,,
135715,Q2050132,Cuneiform Tablet TUT 142,update,2,10,written,,
358811,Q1359430,"Cuneiform Tablet CCT 5, 31, BM 119407",update,3,8,written,,
451158,Q1988469,Cuneiform Artifact P451158,update,1,7,written,,
376943,Q1989539,"Cuneiform Tablet Nisaba 31/2, 021",update,2,10,written,,
106976,Q2007374,Cuneiform Tablet BM Messenger 097,update,2,10,written,,
130517,Q2040330,Cuneiform Tablet SumRecDreh 20,update,2,9,written,,
273823,Q2020781,"Cuneiform Tablet CDLI Lexical 000003, ex. 028",update,1,9,written,,
105659,Q1998441,"Cuneiform Tablet BE 03/1, 107",update,2,10,written,,
107664,Q2034072,Cuneiform Tablet CST (JRL) 152,update,2,10,written,,
428978,Q2041003,"Cuneiform Tablet CTN 5, pl. 58, ND 2359 (+) ND 2777",update,2,10,written,,
290558,Q2012026,"Cuneiform Tablet BPOA 07, 2048",update,2,10,written,,
118968,Q1966944,"Cuneiform Tablet MVN 16, 0920",update,2,10,written,,
256794,Q2026855,"Cuneiform Tablet CDLI Literary 000395, ex. 055 & 000481, ex. 066",update,2,10,written,,
298168,Q1974928,Cuneiform Tablet NBC 05253,update,2,10,written,,
124104,Q1998189,"Cuneiform Tablet OIP 121, 374",update,2,10,written,,
329401,Q2042375,"Cuneiform Tablet CUSAS 03, 0041",update,2,9,written,,
108591,Q2035793,"Cuneiform Tablet CT 09, pl. 37, BM 013134",update,2,10,written,,
138127,Q2055352,"Cuneiform Tablet UET 3, 1801",update,2,10,written,,
113277,Q1943755,"Cuneiform Tablet MVN 01, 244",update,2,10,written,,
145417,Q2034861,"Cuneiform Tablet SAT 3, 2217",update,2,10,written,,
237287,Q2022962,Cuneiform Tablet RMA 202,update,2,10,written,,
408137,Q2020072,"Cuneiform Tablet RIME 4.04.01.04, ex. add138",update,2,9,written,,
335422,Q1980480,Cuneiform Tablet ADD 0483,update,2,9,written,,
282836,Q2065790,"Cuneiform Tablet Iraq 30, pl. 58 TR 3005",update,4,7,written,,
363242,Q1975556,Cuneiform Tablet ACT 0708,update,2,9,written,,
387956,Q1986334,"Cuneiform Tablet Nisaba 15, 0867",update,2,9,written,,
202063,Q1982082,"Cuneiform Tablet Nisaba 03/2, 22",update,2,10,written,,
514626,Q2021052,"Cuneiform Artifact RINAP 5/1 Ashurbanipal 060, ex. 007",update,2,10,written,,
515934,Q2053374,"Cuneiform Tablet CUSAS 40, 1150",update,2,9,written,,
521568,Q1975100,"Cuneiform Tablet AchHist 15, 081",update,2,10,written,,
122879,Q1993966,Cuneiform Tablet NYPL 341,update,2,10,written,,
120844,Q1972432,Cuneiform Tablet NATN 146,update,2,10,written,,
248620,Q1970299,"Cuneiform Tablet AAICAB 1/2, pl. 094, 1935-545",update,2,10,written,,
335588,Q1980810,Cuneiform Tablet ADD 0715,update,2,10,written,,
142278,Q2065120,"Cuneiform Tablet YOS 04, 214",update,2,10,written,,
500235,Q2041384,"Cuneiform Tablet CTPSM 1, 051",update,2,9,written,,
405355,Q1982373,"Cuneiform Tablet Nisaba 04/2, 43",update,2,9,written,,
313510,Q2036928,"Cuneiform Tablet CT 53, 095",update,2,10,written,,
137378,Q2053888,"Cuneiform Tablet UET 3, 1053",update,2,10,written,,
345370,Q2029197,"Cuneiform Tablet CDLI Literary 000694, ex. 001",update,1,10,written,,
325971,Q2049447,"Cuneiform Tablet CUSAS 33, 247",update,2,9,written,,
135345,Q2044095,Cuneiform Tablet TCNU 499,update,2,10,written,,
693,Q2020406,"Cuneiform Tablet CDLI Lexical 000002, ex. 125",update,2,9,written,,
129366,Q2027961,Cuneiform Tablet SAKF 096,update,2,10,written,,
102036,Q1989131,"Cuneiform Tablet ASJ 03, 154 112",update,2,10,written,,
519014,Q2021422,"Cuneiform Artifact RINBE 2, Nabonidus 28, ex. 27",update,2,10,written,,
277499,Q1970092,Cuneiform Tablet N 2408,update,2,9,written,,
369,Q2022478,"Cuneiform Tablet CDLI Lexical 000030, ex. 042",update,2,9,written,,
105209,Q1997590,"Cuneiform Tablet BCT 1, 107",update,2,9,written,,
466381,Q2014256,"Cuneiform Tablet RIMA 1.0.078.001, ex. 07",update,2,9,written,,
136990,Q2053126,"Cuneiform Tablet UET 3, 0668",update,2,10,written,,
137682,Q2054490,"Cuneiform Tablet UET 3, 1357",update,2,10,written,,
407692,Q1989118,"Cuneiform Tablet Nisaba 27, 108",update,2,9,written,,
145047,Q2034151,"Cuneiform Tablet SAT 3, 1847",update,2,10,written,,
138577,Q2057089,"Cuneiform Tablet UET 9, 0446",update,2,10,written,,
423637,Q2016104,"Cuneiform Tablet BTT pl. 01, DT 286",update,2,11,written,,
113627,Q1945142,"Cuneiform Tablet MVN 02, 328",update,2,9,written,,
348542,Q2036989,"Cuneiform Tablet SpTU 1, 121",update,2,8,written,,
142782,Q1970042,"Cuneiform Tablet AAICAB 1/1, pl. 052, 1912-1160",update,2,10,written,,
11082,Q2064106,Cuneiform Tablet WF 124,update,2,10,written,,
335072,Q1979780,Cuneiform Tablet ADD 0121,update,2,10,written,,
363612,Q2040626,"Cuneiform Tablet CTN 4, 198",update,2,10,written,,
143890,Q2031874,"Cuneiform Tablet SAT 2, 0690",update,2,10,written,,
124554,Q1999034,"Cuneiform Tablet Ontario 1, 141",update,2,10,written,,
513419,Q2039944,Cuneiform Tablet STTI 2 p. 085 Ist L 09429,update,2,8,written,,
329051,Q2047135,"Cuneiform Tablet CUSAS 19, 092",update,2,9,written,,
331898,Q1983656,"Cuneiform Tablet Nisaba 05/2, 235",update,3,9,written,,
110908,Q2067088,"Cuneiform Tablet ITT 2, 02595",update,2,10,written,,
414544,Q2065758,"Cuneiform Tablet YOS 15, 172",update,2,9,written,,
123291,Q1997115,"Cuneiform Tablet OIP 115, 323",update,2,10,written,,
112935,Q1935173,"Cuneiform Tablet MDP 22, 144",update,2,10,written,,
202599,Q2004725,"Cuneiform Tablet PPAC 5, 0282",update,2,10,written,,
269192,Q2025870,"Cuneiform Tablet CDLI Literary 000371, ex. 004",update,2,11,written,,
130452,Q2040019,Cuneiform Tablet STU 26,update,2,10,written,,
316207,Q2003359,Cuneiform Tablet BM 014931,update,2,10,written,,
137397,Q2053925,"Cuneiform Tablet UET 3, 1072",update,2,10,written,,
238037,Q2023678,Cuneiform Tablet RMA 277e,update,2,10,written,,
245507,Q1907239,Cuneiform Tablet P245507,update,2,9,written,,
106833,Q2003198,"Cuneiform Tablet BJRL 64, 105 39",update,2,10,written,,
390285,Q1931851,Cuneiform Tablet LB 3226,update,2,9,written,,
535194,Q1366290,Cuneiform Tablet P535194,update,2,8,written,,
107721,Q2034174,Cuneiform Tablet CST (JRL) 209,update,2,10,written,,
323149,Q1990003,"Cuneiform Tablet Nisaba 32, 053",update,2,9,written,,
129389,Q2027988,Cuneiform Tablet SAKF 121,update,2,10,written,,
292420,Q2009478,"Cuneiform Tablet BPOA 06, 1221",update,2,10,written,,
461151,Q2006480,Cuneiform Tablet BM 037240,update,1,9,written,,
123784,Q1997567,"Cuneiform Tablet OIP 121, 054",update,2,10,written,,
124041,Q1998064,"Cuneiform Tablet OIP 121, 311",update,2,10,written,,
335567,Q1980768,Cuneiform Tablet ADD 0685,update,2,10,written,,
363307,Q1995406,"Cuneiform Tablet BagM Beih. 02, 043",update,3,7,written,,
142297,Q2065159,"Cuneiform Tablet YOS 04, 233",update,2,10,written,,
113332,Q1943956,"Cuneiform Tablet MVN 02, 033",update,2,9,written,,
122896,Q1993987,Cuneiform Tablet NYPL 358,update,2,10,written,,
138062,Q2055241,"Cuneiform Tablet UET 3, 1736",update,2,10,written,,
521587,Q1975139,"Cuneiform Tablet AchHist 15, 100",update,2,10,written,,
235605,Q2060874,Cuneiform Tablet USC 6794,update,1,10,written,,
237638,Q1974439,Cuneiform Tablet ABL 1165,update,2,10,written,,
116130,Q1955815,"Cuneiform Tablet MVN 11, 116",update,2,9,written,,
138598,Q2057132,"Cuneiform Tablet UET 9, 0467",update,2,10,written,,
141842,Q2060033,Cuneiform Tablet UNT 011,update,2,10,written,,
202576,Q1929616,"Cuneiform Tablet Kaskal 15, 70",update,2,10,written,,
514333,Q2038676,"Cuneiform Tablet StAT 3, 115",update,2,10,written,,
121243,Q1973054,Cuneiform Tablet NATN 545,update,2,10,written,,
102523,Q1990054,"Cuneiform Tablet ASJ 14, 100 2",update,3,9,written,,
359646,Q1369465,"Cuneiform Tablet ICK 2, 058 &",update,3,6,written,,
386,Q2021748,"Cuneiform Tablet CDLI Lexical 000023, ex. 055",update,2,9,written,,
134942,Q2048677,Cuneiform Tablet TRU 178,update,2,9,written,,
135650,Q2050002,Cuneiform Tablet TUT 079,update,2,10,written,,
358954,Q1359571,"Cuneiform Tablet CCT 6, 29, BM 115223",update,3,8,written,,
128961,Q2027220,"Cuneiform Tablet SACT 2, 004",update,2,10,written,,
338355,Q2032617,"Cuneiform Tablet CDLI Literary 002727, ex. 001",update,2,9,written,,
102489,Q1990004,"Cuneiform Tablet ASJ 11, 347 24",update,2,10,written,,
461501,Q2055751,Cuneiform Tablet DIA 19.024.07,update,2,9,written,,
323519,Q2047305,"Cuneiform Tablet CUSAS 19, 177",update,2,9,written,,
292070,Q2009696,"Cuneiform Tablet BPOA 06, 1333",update,2,10,written,,
480847,Q2006784,"Cuneiform Tablet Fs Lambert 204, text 48 A",update,3,8,written,,
130002,Q2036469,Cuneiform Tablet SNAT 241,update,2,10,written,,
335137,Q1979913,Cuneiform Tablet ADD 0187,update,2,10,written,,
138432,Q2056784,"Cuneiform Tablet UET 9, 0301",update,2,10,written,,
145102,Q2034253,"Cuneiform Tablet SAT 3, 1902",update,2,10,written,,
113762,Q1946160,"Cuneiform Tablet MVN 03, 202",update,2,10,written,,
236880,Q2022790,Cuneiform Tablet RMA 172,update,2,10,written,,
108084,Q2034846,Cuneiform Tablet CST (JRL) 568,update,2,10,written,,
514299,Q2038615,"Cuneiform Tablet StAT 3, 081",update,2,10,written,,
360878,Q1371688,Cuneiform Tablet KTK 026,update,3,9,written,,
124411,Q1998752,"Cuneiform Tablet OMRO 68, 25 20",update,1,9,written,,
278629,Q2029692,"Cuneiform Tablet CDLI Literary 000751, ex. 082",update,2,10,written,,
356419,Q2031161,"Cuneiform Tablet CDLI Literary 000784, ex. 016",update,2,10,written,,
298187,Q1974964,Cuneiform Tablet NBC 05274,update,2,10,written,,
282973,Q1934058,"Cuneiform Tablet MARV 5, 13",update,2,8,written,,
121613,Q1973710,Cuneiform Tablet NATN 916,update,2,10,written,,
248765,Q1970575,"Cuneiform Tablet AAICAB 1/2, pl. 123, 1971-250",update,2,10,written,,
301891,Q1975623,Cuneiform Tablet NBC 11286,update,2,10,written,,
235255,Q1930507,Cuneiform Tablet KM 89533,update,1,10,written,,
140300,Q2061455,"Cuneiform Tablet UTI 3, 2281",update,2,10,written,,
255854,Q2025209,"Cuneiform Tablet CDLI Literary 000364, ex. 009",update,2,10,written,,
361290,Q1361086,"Cuneiform Tablet Kültepe 1948, 201 fig. 368",update,2,8,written,,
332308,Q1984779,"Cuneiform Tablet Anadolu Arastirmalari 15, 262 04",update,2,10,written,,
515871,Q2053255,"Cuneiform Tablet CUSAS 40, 1087",update,2,9,written,,
465811,Q2013820,"Cuneiform Tablet RIMA 1.0.039.004, ex. 01 & RIMA 1.0.039.005, ex. 01",update,2,10,written,,
113298,Q1943834,"Cuneiform Tablet MVN 01, 265",update,1,10,written,,
135200,Q2049732,Cuneiform Tablet TSU 029,update,1,10,written,,
237268,Q1974110,Cuneiform Tablet ABL 0949,update,2,10,written,,
313455,Q2036820,"Cuneiform Tablet CT 53, 040",update,2,10,written,,
405210,Q2028035,"Cuneiform Tablet SANER 02, 12",update,2,10,written,,
338705,Q2039493,"Cuneiform Tablet STT 2, 391",update,2,8,written,,
119695,Q1967065,"Cuneiform Tablet MVN 17, 078",update,2,10,written,,
500370,Q2041724,"Cuneiform Tablet CTPSM 1, 232",update,2,9,written,,
118987,Q1966954,"Cuneiform Tablet MVN 16, 0939",update,2,10,written,,
106999,Q2007420,Cuneiform Tablet BM Messenger 120,update,2,10,written,,
129223,Q2027734,"Cuneiform Tablet SACT 2, 266",update,2,10,written,,
102173,Q1989327,"Cuneiform Tablet ASJ 06, 095",update,2,10,written,,
324726,Q2044469,"Cuneiform Tablet CUSAS 03, 1342",update,2,9,written,,
537003,Q1362952,Cuneiform Tablet Fs Postgate 672-673,update,2,8,written,,
297272,Q1370347,"Cuneiform Tablet BIN 06, 266",update,3,9,written,,
535897,Q1365017,"Cuneiform Tablet AKT 7a, 077",update,2,8,written,,
131243,Q2030035,"Cuneiform Tablet SAT 1, 134",update,2,10,written,,
518310,Q1992445,"Cuneiform Tablet Nisaba 33, 1139",update,2,9,written,,
376105,Q1988849,"Cuneiform Tablet Nisaba 26, 078",update,2,10,written,,
106130,Q1999790,"Cuneiform Tablet BIN 03, 324",update,2,10,written,,
322758,Q2042487,"Cuneiform Tablet CUSAS 03, 0102",update,2,9,written,,
374138,Q1987315,"Cuneiform Tablet Nisaba 17, 009",update,2,10,written,,
128598,Q2025479,Cuneiform Tablet SA 015,update,2,9,written,,
301038,Q1975347,Cuneiform Tablet NBC 09934,update,2,10,written,,
252738,Q2049999,"Cuneiform Tablet CUSAS 35, 216",update,2,9,written,,
206165,Q1969398,"Cuneiform Tablet MVN 22, 022",update,2,10,written,,
250705,Q2050427,"Cuneiform Tablet CUSAS 35, 439",update,2,9,written,,
357658,Q1371022,"Cuneiform Tablet TCL 20, 092",update,3,9,written,,
510720,Q1893141,"Cuneiform Tablet AbB 12, 198",update,1,10,written,,
138961,Q2057863,"Cuneiform Tablet UET 9, 0831",update,2,10,written,,
122195,Q1980907,"Cuneiform Tablet Nik 2, 512",update,2,9,written,,
112523,Q1931902,Cuneiform Tablet Letters 181,update,2,10,written,,
334376,Q1973438,Cuneiform Tablet ABL 0551,update,2,10,written,,
143486,Q2031087,"Cuneiform Tablet SAT 2, 0286",update,2,10,written,,
124942,Q2000814,"Cuneiform Tablet OrSP 47-49, 054",update,2,10,written,,
144343,Q2032762,"Cuneiform Tablet SAT 2, 1143",update,2,10,written,,
117721,Q1961631,"Cuneiform Tablet MVN 14, 0040",update,2,10,written,,
139389,Q2058716,"Cuneiform Tablet UET 9, 1259",update,2,10,written,,
333149,Q1937071,"Cuneiform Tablet MSL 09, 124-137",update,1,8,written,,
469998,Q2006651,Cuneiform Tablet BM 039002,update,1,10,written,,
236029,Q2001825,"Cuneiform Tablet BIN 09, 019",update,2,9,written,,
282420,Q1982020,"Cuneiform Tablet AfO 18, pl. 17-20",update,2,9,written,,
491305,Q2041049,"Cuneiform Artifact CTN 6, 023",update,2,10,written,,
262674,Q2018208,Cuneiform Tablet CBS 07673,update,1,9,written,,
522651,Q2045551,"Cuneiform Tablet Tell Shiukh Fawqani 2, 38",update,2,10,written,,
120452,Q1968969,"Cuneiform Tablet MVN 21, 215",update,2,10,written,,
417387,Q2024454,Cuneiform Tablet ROM 925.062.436,update,2,10,written,,
515522,Q2052585,"Cuneiform Tablet CUSAS 40, 0738",update,2,9,written,,
127397,Q2010585,"Cuneiform Tablet RA 009, 046 SA 72 (pl.3)",update,2,9,written,,
116833,Q1957953,"Cuneiform Tablet MVN 13, 061",update,2,10,written,,
325567,Q2048995,"Cuneiform Tablet CUSAS 33, 019",update,2,9,written,,
358057,Q1371472,"Cuneiform Tablet TMH 01, 04a",update,3,8,written,,
453923,Q1985777,"Cuneiform Tablet Nisaba 15, 0565",update,2,9,written,,
312614,Q2008466,"Cuneiform Tablet BPOA 06, 0251",update,2,10,written,,
133784,Q2045449,Cuneiform Tablet TÉL 266,update,2,10,written,,
103332,Q1991756,"Cuneiform Tablet AUCT 1, 487",update,1,9,written,,
499735,Q1927650,"Cuneiform Tablet JCSSS 5, 015",update,2,10,written,,
130901,Q2041054,Cuneiform Tablet Syracuse 350,update,2,9,written,,
273435,Q1984999,Cuneiform Tablet P273435,update,2,9,written,,
293661,Q1974538,Cuneiform Tablet NBC 04370,update,2,10,written,,
247869,Q2051011,"Cuneiform Tablet UCP 09-03, 275-277, pl 1",update,2,9,written,,
106560,Q2000624,"Cuneiform Tablet BIN 05, 126",update,2,10,written,,
103298,Q1991688,"Cuneiform Tablet AUCT 1, 453",update,2,9,written,,
244746,Q1907196,Cuneiform Tablet P244746,update,2,9,written,,
239276,Q2026042,"Cuneiform Tablet SAA 08, 557",update,2,10,written,,
453889,Q1985673,"Cuneiform Tablet Nisaba 15, 0507",update,2,9,written,,
131613,Q2043083,"Cuneiform Tablet TCL 02, 5524",update,2,10,written,,
519852,Q1979620,"Cuneiform Tablet New IM 3, 044",update,2,9,written,,
236183,Q2002123,"Cuneiform Tablet BIN 09, 173",update,2,9,written,,
144713,Q2033494,"Cuneiform Tablet SAT 3, 1513",update,2,10,written,,
112173,Q1926920,"Cuneiform Tablet JCS 35, 214 7",update,1,9,written,,
108987,Q2055312,Cuneiform Tablet DAS 255,update,2,10,written,,
527003,Q2035111,"Cuneiform Tablet Scribe's workshop, 226",update,1,7,written,,
382312,Q2042332,"Cuneiform Tablet TCBI 1, 060",update,2,8,written,,
334726,Q1974320,Cuneiform Tablet ABL 1084,update,2,10,written,,
139223,Q2058385,"Cuneiform Tablet UET 9, 1093",update,2,10,written,,
125200,Q2001310,"Cuneiform Tablet OrSP 47-49, 310",update,2,10,written,,
335834,Q1981300,Cuneiform Tablet ADD 1013,update,2,10,written,,
20360,Q2063735,"Cuneiform Tablet VS 27, 044",update,2,10,written,,
468720,Q2015347,"Cuneiform Tablet RIMB 2.02.08.08, ex. 001",update,2,11,written,,
250355,Q2051811,"Cuneiform Tablet UET 2, supp 44",update,2,10,written,,
145801,Q1927131,"Cuneiform Tablet JCS 52, 035 07",update,2,9,written,,
109695,Q2062496,Cuneiform Tablet Hirose 224,update,2,9,written,,
116999,Q1958701,"Cuneiform Tablet MVN 13, 227",update,2,10,written,,
120002,Q1967671,"Cuneiform Tablet MVN 18, 641",update,2,10,written,,
252692,Q2049795,"Cuneiform Tablet CUSAS 35, 114",update,2,9,written,,
203737,Q2004976,Cuneiform Tablet BM 024639,update,2,10,written,,
515172,Q2051914,"Cuneiform Tablet CUSAS 40, 0388",update,2,9,written,,
141511,Q2061718,"Cuneiform Tablet UTI 5, 3494",update,2,10,written,,
117371,Q1960340,"Cuneiform Tablet MVN 13, 598",update,2,10,written,,
202825,Q2003995,Cuneiform Tablet BM 020594,update,2,10,written,,
260219,Q2024097,"Cuneiform Tablet CDLI Literary 000339, ex. 006",update,2,10,written,,
511998,Q1932954,Cuneiform Tablet MA. Thesis 01,update,1,8,written,,
112489,Q1931009,Cuneiform Tablet L'uomo 70,update,1,9,written,,
282070,Q1928362,Cuneiform Tablet KAJ 055,update,2,8,written,,
249174,Q1971284,"Cuneiform Tablet AAICAB 1/3, pl. 240, Bod S 269",update,2,10,written,,
200818,Q2010564,"Cuneiform Tablet BPOA 07, 1676",update,2,10,written,,
118084,Q1963800,"Cuneiform Tablet MVN 14, 0404",update,2,10,written,,
499365,Q2041516,"Cuneiform Tablet CTPSM 1, 127",update,2,9,written,,
370878,Q2039443,"Cuneiform Tablet CTN 1, pl. 39, unnumbered01",update,2,10,written,,
102870,Q1990828,"Cuneiform Tablet AUCT 1, 024",update,2,9,written,,
358407,Q1372376,Cuneiform Tablet ATHE 75,update,2,8,written,,
325137,Q2049276,"Cuneiform Tablet CUSAS 33, 160",update,2,9,written,,
536612,Q1365567,"Cuneiform Tablet AKT 9a, 108",update,2,8,written,,
103762,Q1992630,"Cuneiform Tablet AUCT 1, 917",update,2,9,written,,
374092,Q1995687,"Cuneiform Tablet OIP 043, 171 TA 1931 T495",update,2,8,written,,
379435,Q2006660,"Cuneiform Tablet PPAC 5, 1259",update,2,10,written,,
248909,Q1970858,"Cuneiform Tablet AAICAB 1/2, pl. 156, 1971-397",update,2,10,written,,
128432,Q2025168,Cuneiform Tablet RTC 278,update,2,10,written,,
304105,Q1989243,"Cuneiform Tablet Nisaba 27, 170",update,2,10,written,,
125095,Q2001094,"Cuneiform Tablet OrSP 47-49, 205",update,2,10,written,,
201065,Q2009123,"Cuneiform Tablet Princeton 2, 067",update,2,10,written,,
122750,Q1993725,Cuneiform Tablet NYPL 212,update,2,10,written,,
109400,Q2060269,Cuneiform Tablet Georgica 2.07,update,2,10,written,,
280722,Q2023603,"Cuneiform Tablet CDLI Literary 000335, ex. 006",update,2,10,written,,
123842,Q1997677,"Cuneiform Tablet OIP 121, 112",update,2,10,written,,
144586,Q2033242,"Cuneiform Tablet SAT 3, 1386",update,2,10,written,,
115423,Q1953028,"Cuneiform Tablet MVN 08, 032",update,2,10,written,,
527296,Q1996906,"Cuneiform Tablet BATSH 6, 171",update,2,9,written,,
413852,Q2007465,"Cuneiform Tablet PPAC 5, 1681",update,2,10,written,,
143243,Q2030629,"Cuneiform Tablet SAT 2, 0044",update,2,10,written,,
326977,Q2046712,"Cuneiform Tablet CUSAS 14, 232",update,1,9,written,,
131486,Q2030400,"Cuneiform Tablet SAT 1, 382",update,2,10,written,,
136343,Q2051875,"Cuneiform Tablet UET 3, 0027",update,2,10,written,,
346376,Q2055645,"Cuneiform Tablet UET 6, 0327",update,2,9,written,,
325658,Q2046722,"Cuneiform Tablet CUSAS 14, 237",update,1,9,written,,
358368,Q1372317,Cuneiform Tablet ATHE 36,update,3,9,written,,
373038,Q1893471,"Cuneiform Tablet VS 16, 183",update,1,10,written,,
101030,Q1985621,"Cuneiform Tablet AnOr 01, 039",update,2,10,written,,
135996,Q2050744,"Cuneiform Tablet UCP 09-02-1, 092",update,2,10,written,,
104232,Q1993562,"Cuneiform Tablet AUCT 2, 413",update,2,9,written,,
536487,Q1365133,"Cuneiform Tablet AKT 8, 355",update,1,9,written,,
358692,Q1359308,"Cuneiform Tablet CCT 4, 33, BM 113350",update,3,8,written,,
322467,Q2044344,"Cuneiform Tablet CUSAS 03, 1272",update,2,9,written,,
291133,Q2011527,"Cuneiform Tablet BPOA 07, 1924",update,2,10,written,,
448800,Q1987832,"Cuneiform Tablet Nisaba 19, 091",update,2,10,written,,
118211,Q1964819,"Cuneiform Tablet MVN 14, 0531",update,2,10,written,,
343174,Q2025037,"Cuneiform Tablet CDLI Literary 000352, ex. 003",update,2,10,written,,
336074,Q1982826,Cuneiform Tablet AGS 091,update,2,10,written,,
134684,Q2048199,Cuneiform Tablet Trouvaille 11,update,2,10,written,,
315714,Q2004375,"Cuneiform Tablet PPAC 5, 0099",update,2,10,written,,
360614,Q1360776,"Cuneiform Tablet AKT 3, 005",update,2,8,written,,
285520,Q1929682,Cuneiform Tablet KAV 044,update,2,7,written,,
334049,Q1972636,Cuneiform Tablet ABL 0100,update,2,10,written,,
349579,Q1987345,"Cuneiform Tablet AOAT 275, 401, BM 054628",update,1,8,written,,
204267,Q1987997,"Cuneiform Tablet Nisaba 22, 075",update,2,10,written,,
111933,Q1926401,"Cuneiform Tablet JCS 14, 113 21",update,2,9,written,,
120297,Q1968663,"Cuneiform Tablet MVN 21, 060",update,2,10,written,,
127552,Q2010955,"Cuneiform Tablet RA 009, 053 SA 211 (pl. 6)",update,2,9,written,,
236746,Q2002854,"Cuneiform Tablet BIN 10, 202",update,2,9,written,,
280372,Q2027593,"Cuneiform Tablet CDLI Literary 000481, ex. 063",update,2,10,written,,
115073,Q1951470,"Cuneiform Tablet MVN 07, 176",update,2,10,written,,
143613,Q2031330,"Cuneiform Tablet SAT 2, 0413",update,2,10,written,,
111899,Q1926329,"Cuneiform Tablet JCS 10, 028 05",update,2,9,written,,
512588,Q897304,"Cuneiform Tablet TMH 10, 050",update,9,2,written,,
201435,Q2009801,"Cuneiform Tablet Princeton 2, 436",update,2,10,written,,
142901,Q2059642,Cuneiform Tablet Fs Sjöberg  138,update,1,10,written,,
257255,Q2030483,"Cuneiform Tablet CDLI Literary 000767, ex. 037",update,2,10,written,,
517270,Q1990484,"Cuneiform Tablet Nisaba 33, 82",update,2,9,written,,
203408,Q2005901,Cuneiform Tablet BM 027468,update,2,10,written,,
109050,Q2055428,Cuneiform Tablet DAS 335,update,2,10,written,,
332934,Q2041333,"Cuneiform Tablet Syria 12, pl. 46-47, 03 + pl. 47, 04",update,2,11,written,,
237854,Q2022471,Cuneiform Tablet RMA 130,update,2,10,written,,
358738,Q1359354,"Cuneiform Tablet CCT 4, 07, BM 115103",update,3,8,written,,
104398,Q1993892,"Cuneiform Tablet AUCT 3, 175",update,2,9,written,,
276508,Q2028581,"Cuneiform Tablet CDLI Literary 000621, ex. 007",update,2,10,written,,
325208,Q2047813,"Cuneiform Tablet CUSAS 20, 220",update,2,9,written,,
376390,Q1988368,"Cuneiform Tablet Nisaba 23, 091",update,2,10,written,,
480781,Q1987173,"Cuneiform Tablet AOAT 258, pls. 1-2",update,2,7,written,,
101460,Q1986465,"Cuneiform Tablet AnOr 07, 165",update,2,10,written,,
502971,Q2028155,"Cuneiform Tablet SANTAG 09, 005",update,2,10,written,,
291099,Q2009933,"Cuneiform Tablet BPOA 06, 1454",update,2,10,written,,
345809,Q2028095,"Cuneiform Tablet CDLI Literary 000557, ex. 004",update,1,10,written,,
137801,Q2054728,"Cuneiform Tablet UET 3, 1476",update,2,10,written,,
136713,Q2052572,"Cuneiform Tablet UET 3, 0391",update,2,10,written,,
270825,Q1984921,Cuneiform Tablet P270825,update,2,9,written,,
105970,Q1999472,"Cuneiform Tablet BIN 03, 164",update,2,10,written,,
104662,Q1994378,"Cuneiform Tablet AUCT 3, 454",update,2,9,written,,
291563,Q2011257,"Cuneiform Tablet BPOA 07, 1861",update,2,10,written,,
119953,Q1967576,"Cuneiform Tablet MVN 18, 592",update,2,10,written,,
417112,Q2019056,"Cuneiform Tablet RIME 4.04.01.02, ex. add093",update,1,10,written,,
127102,Q2008682,"Cuneiform Tablet Princeton 1, 413",update,2,10,written,,
380010,Q2007030,"Cuneiform Tablet PPAC 5, 1455",update,2,10,written,,
336424,Q2022280,Cuneiform Tablet RMA 096c,update,2,10,written,,
360244,Q1360372,"Cuneiform Tablet TPAK 1, 034",update,2,8,written,,
115589,Q1953724,"Cuneiform Tablet MVN 08, 199",update,2,10,written,,
334419,Q1973538,Cuneiform Tablet ABL 0606,update,2,10,written,,
205925,Q2005460,Cuneiform Tablet BM 025328,update,2,10,written,,
110271,Q2063510,Cuneiform Tablet HLC 403 (pl. 100),update,2,10,written,,
108211,Q2035100,Cuneiform Tablet CST (JRL) 694,update,2,10,written,,
329381,Q2042995,"Cuneiform Tablet CUSAS 03, 0367",update,2,9,written,,
491939,Q1982648,Cuneiform Tablet AGGT 366,update,2,10,written,,
123141,Q2002660,Cuneiform Tablet OTR 206,update,2,9,written,,
200674,Q1925725,"Cuneiform Tablet JANES 18, 45 09",update,2,10,written,,
124684,Q2000285,"Cuneiform Tablet Orient 16, 059 62",update,2,10,written,,
516031,Q2053561,"Cuneiform Tablet CUSAS 40, 1247",update,2,9,written,,
378224,Q2005845,"Cuneiform Tablet PPAC 5, 0861",update,2,10,written,,
348692,Q2037290,"Cuneiform Tablet SpTU 3, 088",update,2,8,written,,
145397,Q2034825,"Cuneiform Tablet SAT 3, 2197",update,2,10,written,,
114232,Q1948216,"Cuneiform Tablet MVN 05, 012",update,2,9,written,,
332467,Q2042380,"Cuneiform Tablet CUSAS 03, 0044",update,2,9,written,,
407542,Q2065089,"Cuneiform Tablet HSS 68, 571",update,2,9,written,,
472442,Q1932193,Cuneiform Tablet Lippmann Coll 142,update,2,9,written,,
424222,Q1990552,"Cuneiform Tablet Assur 2/4, 07, pl. 2 MAH 16467",update,2,9,written,,
289503,Q1975523,Cuneiform Tablet NBC 10894,update,2,10,written,,
101933,Q1988951,"Cuneiform Tablet ASJ 02, 012 30",update,2,10,written,,
137552,Q2054232,"Cuneiform Tablet UET 3, 1227",update,2,10,written,,
535751,Q1365830,"Cuneiform Tablet AKT 6e, 1136",update,1,9,written,,
324049,Q2044062,"Cuneiform Tablet CUSAS 03, 1100",update,2,9,written,,
326074,Q2049370,"Cuneiform Tablet CUSAS 33, 208",update,2,9,written,,
100621,Q1983951,Cuneiform Tablet Aleppo 289,update,2,10,written,,
133842,Q2043637,Cuneiform Tablet TCND 018,update,2,10,written,,
323276,Q2044883,"Cuneiform Tablet CUSAS 11, 037",update,2,9,written,,
290722,Q2012692,"Cuneiform Tablet BPOA 07, 2218",update,2,10,written,,
359083,Q1359827,Cuneiform Tablet Prag 473,update,2,9,written,,
105423,Q1998011,"Cuneiform Tablet BCT 2, 182",update,2,9,written,,
135095,Q2048985,Cuneiform Tablet TRU 331,update,2,9,written,,
543,Q2021090,"Cuneiform Tablet CDLI Lexical 000011, ex. 006",update,2,9,written,,
343877,Q2007661,Cuneiform Tablet PRAK B 060,update,2,7,written,,
389661,Q1372260,Cuneiform Tablet LB 1282,update,2,9,written,,
429410,Q1372347,"Cuneiform Tablet AAA 1/3, 22",update,3,8,written,,
247605,Q1936382,Cuneiform Tablet MLVS 008,update,1,9,written,,
454120,Q1986432,"Cuneiform Tablet Nisaba 15, 0921",update,2,9,written,,
338590,Q2039285,"Cuneiform Tablet STT 2, 272",update,2,8,written,,
291830,Q2009908,"Cuneiform Tablet BPOA 06, 1441",update,2,10,written,,
363038,Q1987062,"Cuneiform Tablet Nisaba 16, 124",update,2,10,written,,
335658,Q1980948,Cuneiform Tablet ADD 0813,update,2,10,written,,
328969,Q2044891,"Cuneiform Tablet CUSAS 11, 041",update,2,9,written,,
264165,Q2003503,"Cuneiform Tablet PBS 11/3, 046",update,2,9,written,,
497414,Q2032471,"Cuneiform Tablet CDLI Literary 002718.02, ex. 023",update,1,10,written,,
336977,Q2038191,"Cuneiform Tablet StAT 2, 169",update,2,10,written,,
140195,Q2061435,"Cuneiform Tablet UTI 3, 2176",update,2,10,written,,
361005,Q1372488,Cuneiform Tablet KTH 15,update,2,8,written,,
253216,Q2054979,"Cuneiform Tablet CUSAS 43, 60",update,1,9,written,,
121486,Q1973477,Cuneiform Tablet NATN 789,update,2,10,written,,
356376,Q2024542,"Cuneiform Tablet CDLI Literary 000347, ex. 059",update,2,10,written,,
142002,Q2062288,"Cuneiform Tablet ViOr 8/1, 060",update,2,10,written,,
363192,Q1975458,Cuneiform Tablet ACT 0164,update,2,9,written,,
379966,Q2006992,"Cuneiform Tablet PPAC 5, 1435",update,2,10,written,,
521712,Q1929606,"Cuneiform Tablet Kaskal 15, 60",update,2,10,written,,
332037,Q2003895,"Cuneiform Tablet PPAC 4, 116",update,2,9,written,,
123511,Q1997357,"Cuneiform Tablet OIP 115, 448",update,2,10,written,,
365945,Q1893685,"Cuneiform Tablet CT 29, pl. 10, BM 096629",update,1,10,written,,
108641,Q2035887,"Cuneiform Tablet CT 10, pl. 46, BM 018964",update,2,10,written,,
513399,Q2039904,Cuneiform Tablet STTI 2 p. 073 Ist L 09368,update,2,8,written,,
378674,Q2006113,"Cuneiform Tablet PPAC 5, 1002",update,2,10,written,,
516461,Q2054323,"Cuneiform Tablet CUSAS 40, 1677",update,1,9,written,,
115970,Q1955358,"Cuneiform Tablet MVN 10, 203",update,2,9,written,,
200224,Q1981288,"Cuneiform Tablet Nisaba 01, 170",update,2,10,written,,
290688,Q2012566,"Cuneiform Tablet BPOA 07, 2185",update,2,10,written,,
10810,Q2049444,Cuneiform Tablet TSŠ 0369,update,2,10,written,,
535301,Q1365688,Cuneiform Tablet P535301,update,2,8,written,,
324419,Q2042826,"Cuneiform Tablet CUSAS 03, 0287",update,2,9,written,,
105589,Q1998314,"Cuneiform Tablet BE 03/1, 037",update,2,10,written,,
277319,Q1970081,Cuneiform Tablet N 2217,update,2,11,written,,
450860,Q1988171,Cuneiform Artifact P450860,update,1,6,written,,
5311,Q1994375,"Cuneiform Tablet OECT 07, 013",update,2,10,written,,
100271,Q1981814,"Cuneiform Tablet Aegyptus 29, 108, 38",update,2,10,written,,
481190,Q1893931,"Cuneiform Tablet AbB 03, 112",update,1,9,written,,
347137,Q2063402,"Cuneiform Tablet VS 24, 018",update,2,9,written,,
407112,Q2064824,"Cuneiform Tablet HSS 68, 214",update,2,9,written,,
137102,Q2053336,"Cuneiform Tablet UET 3, 0778",update,2,10,written,,
101899,Q1988047,"Cuneiform Tablet AS 17, 28",update,2,10,written,,
342335,Q1975809,Cuneiform Tablet NCTU 26g,update,2,10,written,,
429040,Q2041025,"Cuneiform Artifact CTN 6, 011",update,2,10,written,,
238758,Q2038721,"Cuneiform Tablet CT 54, 212",update,2,10,written,,
316568,Q2004660,"Cuneiform Tablet PPAC 5, 0254",update,2,10,written,,
290372,Q2010130,"Cuneiform Tablet BPOA 07, 1552",update,2,10,written,,
322934,Q2048019,"Cuneiform Tablet CUSAS 20, 325",update,2,8,written,,
113,Q2021646,"Cuneiform Tablet CDLI Lexical 000023, ex. 033",update,2,9,written,,
105073,Q1997324,"Cuneiform Tablet BBVO 11, 291, 6N-T572",update,2,10,written,,
126713,Q2007930,"Cuneiform Tablet Princeton 1, 024",update,2,10,written,,
356726,Q2030071,"Cuneiform Tablet CDLI Literary 000760, ex. 052",update,2,10,written,,
205026,Q2005752,Cuneiform Tablet BM 025911,update,2,10,written,,
298742,Q1927514,"Cuneiform Tablet JCS 54, 043 14",update,2,10,written,,
114398,Q1948926,"Cuneiform Tablet MVN 05, 178",update,2,9,written,,
335208,Q1980057,Cuneiform Tablet ADD 0261,update,2,10,written,,
369024,Q1929325,Cuneiform Tablet KAR 042 + LAK074,update,4,9,written,,
348738,Q2037398,"Cuneiform Tablet SpTU 4, 145",update,2,8,written,,
363468,Q2040353,"Cuneiform Tablet CTN 4, 053",update,2,10,written,,
417811,Q1997185,"Cuneiform Tablet BATSH 9, 100",update,2,9,written,,
111460,Q1924805,"Cuneiform Tablet ITT 5, 06742",update,2,10,written,,
357834,Q1371196,"Cuneiform Tablet TCL 21, 268",update,3,8,written,,
424388,Q2000485,"Cuneiform Tablet Orient 55, 157 no. 2",update,2,9,written,,
235490,Q2060543,Cuneiform Tablet USC 6679,update,2,10,written,,
361455,Q1361216,Cuneiform Tablet OACTA p. 212 n. 483,update,2,8,written,,
105566,Q1998281,"Cuneiform Tablet BE 03/1, 012",update,2,10,written,,
290667,Q2012476,"Cuneiform Tablet BPOA 07, 2163",update,2,10,written,,
406,Q2021153,"Cuneiform Tablet CDLI Lexical 000011, ex. 021",update,2,9,written,,
133907,Q2043773,Cuneiform Tablet TCND 200,update,2,10,written,,
313785,Q2037408,"Cuneiform Tablet CT 53, 371",update,2,10,written,,
454065,Q1986246,"Cuneiform Tablet Nisaba 15, 0821",update,2,9,written,,
130628,Q2040519,Cuneiform Tablet Syracuse 077,update,2,9,written,,
314040,Q2037963,"Cuneiform Tablet CT 53, 628",update,2,10,written,,
429555,Q2066068,"Cuneiform Tablet Iraq 71, 034",update,2,9,written,,
145728,Q2044537,"Cuneiform Tablet TCS 1, 225",update,2,9,written,,
247740,Q1929557,"Cuneiform Tablet Kaskal 15, 27",update,2,10,written,,
138218,Q2056372,"Cuneiform Tablet UET 9, 0087",update,2,10,written,,
113148,Q1939038,"Cuneiform Tablet MVN 01, 115",update,2,10,written,,
361140,Q1369118,Cuneiform Tablet POAT 27,update,3,9,written,,
421165,Q2036115,Cuneiform Tablet SMUI 1913.14.1203,update,2,10,written,,
356233,Q2035878,"Cuneiform Tablet SLFN 60, 3N-T904,170",update,2,9,written,,
253353,Q2050143,"Cuneiform Tablet CUSAS 35, 294",update,2,9,written,,
298257,Q1975057,Cuneiform Tablet NBC 05773,update,2,10,written,,
416216,Q2046928,"Cuneiform Tablet CUSAS 16, 308",update,1,9,written,,
205533,Q1969457,"Cuneiform Tablet MVN 22, 058",update,2,10,written,,
336832,Q2037934,"Cuneiform Tablet StAT 2, 024",update,2,10,written,,
121039,Q1972715,Cuneiform Tablet NATN 341,update,2,10,written,,
256151,Q2027009,"Cuneiform Tablet CDLI Literary 000396, ex. 057",update,2,10,written,,
516174,Q2053823,"Cuneiform Tablet CUSAS 40, 1390",update,2,9,written,,
200731,Q1979702,"Cuneiform Tablet NG 2, 138",update,2,10,written,,
123004,Q2002390,Cuneiform Tablet OTR 069,update,2,9,written,,
108354,Q2035379,Cuneiform Tablet CST (JRL) 847,update,2,10,written,,
472507,Q1932325,Cuneiform Tablet Lippmann Coll 207,update,2,9,written,,
332522,Q1971975,"Cuneiform Tablet NABU 2002/026, 05",update,2,9,written,,
142517,Q2066051,"Cuneiform Tablet YOS 18, 123",update,2,10,written,,
201823,Q1981962,"Cuneiform Tablet Nisaba 03/1, 192",update,2,10,written,,
114377,Q1948850,"Cuneiform Tablet MVN 05, 157",update,2,9,written,,
363487,Q2040388,"Cuneiform Tablet CTN 4, 072",update,2,10,written,,
274923,Q1985055,Cuneiform Tablet Anonymous 274923 unpublished assigned,update,2,8,written,,
137417,Q2053963,"Cuneiform Tablet UET 3, 1092",update,2,10,written,,
101876,Q1987945,"Cuneiform Tablet ArOr 25, 561 21",update,2,9,written,,
464129,Q2031112,"Cuneiform Tablet CDLI Literary 000782, ex. 079",update,1,10,written,,
392538,Q1925855,"Cuneiform Tablet JAOS 098, 256 14",update,2,10,written,,
129409,Q2066268,"Cuneiform Tablet Nisaba 34, 0238",update,2,9,written,,
377094,Q1989870,"Cuneiform Tablet Nisaba 31/2, 170",update,2,10,written,,
326131,Q2049068,"Cuneiform Tablet CUSAS 33, 055",update,1,9,written,,
102759,Q1990497,"Cuneiform Tablet ASJ 19, 225 76",update,2,9,written,,
430774,Q2062094,"Cuneiform Tablet VFMOS 2/3, 71",update,2,8,written,,
535614,Q1368610,"Cuneiform Tablet AKT 6e, 990",update,1,9,written,,
274889,Q1985043,Cuneiform Tablet P274889,update,1,9,written,,
322871,Q2045142,"Cuneiform Tablet CUSAS 11, 169",update,2,9,written,,
135580,Q2049873,Cuneiform Tablet TUT 009,update,2,10,written,,
342270,Q2033361,"Cuneiform Tablet CM 12, 10",update,2,9,written,,
429105,Q2040099,"Cuneiform Tablet CTN 3, 042",update,2,8,written,,
359596,Q1369429,"Cuneiform Tablet ICK 2, 004",update,3,8,written,,
56,Q2021875,"Cuneiform Tablet CDLI Lexical 000023, ex. 086",update,2,9,written,,
323763,Q2047156,"Cuneiform Tablet CUSAS 19, 102",update,2,9,written,,
356663,Q2024898,"Cuneiform Tablet CDLI Literary 000351, ex. 079",update,2,10,written,,
298607,Q2065605,"Cuneiform Tablet YOS 14, 107",update,2,10,written,,
253703,Q2050768,"Cuneiform Tablet CUSAS 39, 121",update,1,9,written,,
113518,Q1944665,"Cuneiform Tablet MVN 02, 219",update,2,9,written,,
145378,Q2034791,"Cuneiform Tablet SAT 3, 2178",update,2,10,written,,
138648,Q2057234,"Cuneiform Tablet UET 9, 0517",update,2,10,written,,
510809,Q1893174,"Cuneiform Tablet AbB 13, 091",update,2,10,written,,
381744,Q2009293,"Cuneiform Tablet Princeton 2, 157",update,2,10,written,,
127944,Q2012008,"Cuneiform Tablet RA 058, 109, 124",update,2,10,written,,
125979,Q2003714,"Cuneiform Tablet PDT 1, 0563",update,2,10,written,,
111525,Q1924931,"Cuneiform Tablet ITT 5, 06815",update,2,10,written,,
252811,Q2050368,"Cuneiform Tablet CUSAS 35, 408",update,2,9,written,,
357971,Q1371333,"Cuneiform Tablet RA 081, 003-096 078",update,3,8,written,,
332172,Q2004151,"Cuneiform Tablet PPAC 4, 260",update,2,9,written,,
145682,Q2044453,"Cuneiform Tablet TCS 1, 134",update,2,10,written,,
521657,Q1975348,"Cuneiform Tablet AchHist 15, 206",update,2,10,written,,
328986,Q2046146,"Cuneiform Tablet CUSAS 13, 148",update,2,8,written,,
379823,Q2006914,"Cuneiform Tablet PPAC 5, 1392",update,2,10,written,,
142147,Q2064862,"Cuneiform Tablet YOS 04, 083",update,2,10,written,,
114727,Q1949979,"Cuneiform Tablet MVN 06, 280",update,2,10,written,,
356399,Q2030095,"Cuneiform Tablet CDLI Literary 000760, ex. 064 & 000778, ex. 087",update,2,10,written,,
205499,Q2005801,Cuneiform Tablet BM 026580,update,2,10,written,,
200361,Q1981563,"Cuneiform Tablet Nisaba 01, 307",update,2,10,written,,
10955,Q2061850,"Cuneiform Tablet UVB 10, pl. 26b",update,2,9,written,,
124391,Q1998713,"Cuneiform Tablet OMRO 66, 53 18",update,2,9,written,,
336998,Q2038232,"Cuneiform Tablet StAT 2, 190",update,2,10,written,,
516524,Q2054434,"Cuneiform Tablet CUSAS 40, 1740",update,2,9,written,,
117808,Q1962009,"Cuneiform Tablet MVN 14, 0127",update,2,10,written,,
123454,Q1997072,"Cuneiform Tablet OIP 115, 299",update,2,10,written,,
108704,Q2039230,"Cuneiform Tablet CTMMA 1, 020",update,2,10,written,,
260960,Q2002956,"Cuneiform Tablet PBS 08/1, 061",update,2,10,written,,
144990,Q2034045,"Cuneiform Tablet SAT 3, 1790",update,2,10,written,,
131890,Q2041692,Cuneiform Tablet Tavolette 104,update,2,10,written,,
100334,Q1983383,Cuneiform Tablet Aleppo 002,update,2,10,written,,
450925,Q1988256,Cuneiform Artifact P450925,update,1,7,written,,
461281,Q2007041,Cuneiform Tablet BM 067179,update,2,9,written,,
323299,Q2046140,"Cuneiform Tablet CUSAS 13, 144",update,2,9,written,,
102309,Q1989580,"Cuneiform Tablet ASJ 09, 253 33",update,2,9,written,,
129059,Q2027414,"Cuneiform Tablet SACT 2, 102",update,2,10,written,,
535244,Q1363397,Cuneiform Tablet P535244,update,2,8,written,,
275261,Q2065400,Cuneiform Tablet ICP varia 64,update,2,9,written,,
137047,Q2053225,"Cuneiform Tablet UET 3, 0723",update,2,10,written,,
451637,Q1988884,Cuneiform Artifact P451637,update,1,6,written,,
407057,Q2064730,"Cuneiform Tablet HSS 68, 161",update,2,9,written,,
130782,Q2040816,Cuneiform Tablet Syracuse 231,update,2,9,written,,
322522,Q2043934,"Cuneiform Tablet CUSAS 03, 1010",update,2,9,written,,
240986,Q2021353,"Cuneiform Tablet CDLI Lexical 000018, ex. 001",update,2,10,written,,
271222,Q1984946,Cuneiform Tablet P271222,update,2,9,written,,
531207,Q1933696,"Cuneiform Tablet MARV 10, 03",update,2,10,written,,
131039,Q2041314,Cuneiform Tablet Syracuse 488,update,2,9,written,,
104377,Q1993850,"Cuneiform Tablet AUCT 3, 151",update,2,9,written,,
315651,Q2004322,"Cuneiform Tablet PPAC 5, 0057",update,2,10,written,,
343031,Q2063177,"Cuneiform Tablet VS 17, 11",update,1,9,written,,
118354,Q1965959,"Cuneiform Tablet MVN 15, 074",update,2,9,written,,
112759,Q1934714,"Cuneiform Tablet MCS 4, 014 05",update,1,10,written,,
139409,Q2058756,"Cuneiform Tablet UET 9, 1279",update,2,10,written,,
144139,Q2032363,"Cuneiform Tablet SAT 2, 0939",update,2,10,written,,
360751,Q1360916,"Cuneiform Tablet OIP 027, 28",update,2,7,written,,
524906,Q1992479,Cuneiform Artifact NMI BK 00558,update,2,6,written,,
204322,Q2004703,Cuneiform Tablet BM 024181,update,2,10,written,,
111876,Q1926059,"Cuneiform Tablet JCS 02, 197 YBC 00065",update,2,10,written,,
515758,Q2053031,"Cuneiform Tablet CUSAS 40, 0974",update,2,9,written,,
384815,Q2032855,Cuneiform Tablet CDLJ 2009/2 §4.7,update,2,9,written,,
109545,Q2062184,Cuneiform Tablet Hirose 074,update,2,9,written,,
122615,Q1993464,Cuneiform Tablet NYPL 079,update,2,10,written,,
303785,Q2015263,"Cuneiform Tablet BPOA 07, 2984",update,2,10,written,,
281975,Q1933914,"Cuneiform Tablet MARV 3, 46",update,2,8,written,,
120628,Q1969314,"Cuneiform Tablet MVN 21, 391",update,2,10,written,,
283948,Q2040130,"Cuneiform Tablet Subartu 14, 12",update,2,7,written,,
379570,Q2006694,"Cuneiform Tablet PPAC 5, 1277",update,2,10,written,,
201120,Q2009231,"Cuneiform Tablet Princeton 2, 122",update,2,10,written,,
115566,Q1953621,"Cuneiform Tablet MVN 08, 175",update,2,10,written,,
143306,Q2030743,"Cuneiform Tablet SAT 2, 0107",update,2,10,written,,
10406,Q1996031,"Cuneiform Tablet OIP 099, 477",update,2,10,written,,
236253,Q2002257,"Cuneiform Tablet BIN 09, 243",update,2,9,written,,
123907,Q1997804,"Cuneiform Tablet OIP 121, 177",update,2,10,written,,
346233,Q2055515,"Cuneiform Tablet UET 6, 0148",update,2,9,written,,
326832,Q2046624,"Cuneiform Tablet CUSAS 14, 188",update,1,9,written,,
136206,Q2051104,Cuneiform Tablet UDT 073,update,2,10,written,,
377997,Q2005593,"Cuneiform Tablet PPAC 5, 0733",update,2,10,written,,
103148,Q1991388,"Cuneiform Tablet AUCT 1, 303",update,2,9,written,,
467705,Q2048635,"Cuneiform Tablet CUSAS 26, 119",update,1,10,written,,
536038,Q1368872,"Cuneiform Tablet AKT 7a, 215b",update,2,8,written,,
131469,Q2030372,"Cuneiform Tablet SAT 1, 365",update,2,10,written,,
101175,Q1985911,"Cuneiform Tablet AnOr 01, 184",update,2,10,written,,
346399,Q2055681,"Cuneiform Tablet UET 6, 0352",update,2,8,written,,
105835,Q1999198,"Cuneiform Tablet BIN 03, 028",update,2,10,written,,
343461,Q2029512,"Cuneiform Tablet CDLI Literary 000750, ex. 033",update,2,10,written,,
107808,Q2034334,Cuneiform Tablet CST (JRL) 294,update,2,10,written,,
326998,Q1990344,"Cuneiform Tablet Nisaba 32, 232",update,2,9,written,,
119816,Q1967303,"Cuneiform Tablet MVN 18, 455",update,2,10,written,,
358387,Q1372357,Cuneiform Tablet ATHE 55,update,2,8,written,,
536192,Q1368882,"Cuneiform Tablet AKT 8, 058",update,1,9,written,,
104727,Q1994576,"Cuneiform Tablet AuOr 08, 084 12",update,2,9,written,,
127047,Q2008571,"Cuneiform Tablet Princeton 1, 358",update,2,10,written,,
120782,Q1972316,Cuneiform Tablet NATN 084,update,2,10,written,,
527279,Q1996872,"Cuneiform Tablet BATSH 6, 154",update,2,9,written,,
121890,Q1980551,"Cuneiform Tablet Nik 2, 207",update,2,9,written,,
110334,Q2064181,"Cuneiform Tablet HSS 04, 061",update,2,9,written,,
139059,Q2058057,"Cuneiform Tablet UET 9, 0929",update,2,10,written,,
144569,Q2033208,"Cuneiform Tablet SAT 3, 1369",update,2,10,written,,
336561,Q2023462,Cuneiform Tablet RMA 261,update,2,10,written,,
112309,Q1928009,"Cuneiform Tablet JMEOS 12, 41 3487",update,2,10,written,,
10056,Q2055975,Cuneiform Tablet DP 001,update,1,10,written,,
143756,Q2031615,"Cuneiform Tablet SAT 2, 0556",update,2,10,written,,
115136,Q1951719,"Cuneiform Tablet MVN 07, 254",update,2,10,written,,
236603,Q2002565,"Cuneiform Tablet BIN 10, 059",update,2,9,written,,
333763,Q1985214,"Cuneiform Tablet Nisaba 15, 0211",update,2,9,written,,
515308,Q2052173,"Cuneiform Tablet CUSAS 40, 0524",update,2,9,written,,
144093,Q2032279,"Cuneiform Tablet SAT 2, 0893",update,2,10,written,,
237911,Q1974034,Cuneiform Tablet ABL 0899,update,2,10,written,,
332871,Q1936223,"Cuneiform Tablet MHET 3 1/2, 029",update,2,9,written,,
109115,Q2055494,Cuneiform Tablet DAS 404,update,2,10,written,,
357588,Q1370953,"Cuneiform Tablet TCL 19, 021",update,3,9,written,,
120278,Q1968624,"Cuneiform Tablet MVN 21, 041",update,2,10,written,,
517335,Q1990612,"Cuneiform Tablet Nisaba 33, 155",update,2,9,written,,
526891,Q1934441,"Cuneiform Tablet MC 25, 532 - 536",update,3,9,written,,
142844,Q1970167,"Cuneiform Tablet AAICAB 1/1, pl. 075, 1924-0694",update,2,10,written,,
271388,Q2058010,"Cuneiform Tablet Emar 6/1, p. 166, Msk 731086",update,2,9,written,,
128648,Q2025740,Cuneiform Tablet SA 142,update,2,9,written,,
103518,Q1992125,"Cuneiform Tablet AUCT 1, 673",update,2,9,written,,
137944,Q2055008,"Cuneiform Tablet UET 3, 1618",update,2,10,written,,
322488,Q1989907,"Cuneiform Tablet Nisaba 32, 007",update,2,9,written,,
467355,Q2014492,"Cuneiform Tablet RIMA 2.0.087.003, ex. 07",update,1,9,written,,
135979,Q2050710,"Cuneiform Tablet UCP 09-02-1, 075",update,2,10,written,,
536468,Q1364262,"Cuneiform Tablet AKT 8, 336",update,1,9,written,,
131193,Q2029941,"Cuneiform Tablet SAT 1, 084",update,2,10,written,,
101525,Q1986592,"Cuneiform Tablet AnOr 07, 230",update,2,10,written,,
295936,Q1936367,Cuneiform Tablet MLC 01163,update,2,9,written,,
143886,Q2031866,"Cuneiform Tablet SAT 2, 0686",update,2,10,written,,
136656,Q2052463,"Cuneiform Tablet UET 3, 0335",update,2,10,written,,
124542,Q1999010,"Cuneiform Tablet Ontario 1, 129",update,2,10,written,,
329047,Q2047035,"Cuneiform Tablet CUSAS 19, 042",update,2,9,written,,
414552,Q2065774,"Cuneiform Tablet YOS 15, 182",update,2,9,written,,
123287,Q1996884,"Cuneiform Tablet OIP 115, 199",update,2,10,written,,
251417,Q2045605,"Cuneiform Tablet CUSAS 12, 3.2.04",update,1,9,written,,
112923,Q1934890,"Cuneiform Tablet MCS 8, 98, BM 113129",update,2,10,written,,
113631,Q1945159,"Cuneiform Tablet MVN 02, 332",update,2,9,written,,
145051,Q2034159,"Cuneiform Tablet SAT 3, 1851",update,2,10,written,,
138561,Q2057057,"Cuneiform Tablet UET 9, 0430",update,2,10,written,,
361639,Q1360325,"Cuneiform Tablet KBo 9, 20",update,3,7,written,,
337059,Q2038344,"Cuneiform Tablet StAT 2, 251",update,2,10,written,,
348554,Q2037017,"Cuneiform Tablet SpTU 1, 135",update,2,8,written,,
335064,Q1979765,Cuneiform Tablet ADD 0113,update,2,10,written,,
11094,Q2064130,Cuneiform Tablet WF 136,update,2,10,written,,
142794,Q1970060,"Cuneiform Tablet AAICAB 1/1, pl. 055, 1923-426",update,2,10,written,,
363604,Q2040610,"Cuneiform Tablet CTN 4, 190",update,2,10,written,,
137694,Q2054514,"Cuneiform Tablet UET 3, 1369",update,2,10,written,,
391894,Q2019009,"Cuneiform Tablet RIME 4.04.01.02, ex. add080",update,1,10,written,,
128998,Q2027294,"Cuneiform Tablet SACT 2, 041",update,2,10,written,,
407684,Q1989105,"Cuneiform Tablet Nisaba 27, 101",update,2,9,written,,
130151,Q2036597,Cuneiform Tablet SNAT 391,update,2,10,written,,
342159,Q1987621,"Cuneiform Tablet AoF 05, 20",update,2,10,written,,
519002,Q2021372,"Cuneiform Artifact RINBE 2, Nabonidus 28, ex. 15",update,2,10,written,,
107222,Q2007798,"Cuneiform Tablet BMC Roma 8, 10 3",update,2,9,written,,
392241,Q2020905,"Cuneiform Artifact RINAP 5/1 Ashurbanipal 009, ex. 035",update,2,10,written,,
466397,Q2014307,"Cuneiform Tablet RIMA 1.0.078.002, ex. 01",update,2,10,written,,
136986,Q2053118,"Cuneiform Tablet UET 3, 0664",update,2,10,written,,
324675,Q2047669,"Cuneiform Tablet CUSAS 20, 146",update,2,8,written,,
685,Q2020097,"Cuneiform Tablet CDLI Lexical 000002, ex. 050",update,2,9,written,,
102020,Q1989100,"Cuneiform Tablet ASJ 03, 091 1",update,2,9,written,,
129370,Q2027964,Cuneiform Tablet SAKF 100,update,2,10,written,,
275148,Q1893059,Cuneiform Tablet LIH 075,update,2,10,written,,
500223,Q2067014,Cuneiform Tablet Zwischen Orient und Okzident 262 1,update,2,9,written,,
345366,Q2027425,"Cuneiform Tablet CDLI Literary 000458, ex. 001",update,1,10,written,,
338656,Q2039406,"Cuneiform Tablet STT 2, 341",update,2,8,written,,
405343,Q1982349,"Cuneiform Tablet Nisaba 04/2, 31",update,2,9,written,,
135353,Q2044109,Cuneiform Tablet TCNU 507,update,2,10,written,,
325967,Q2046453,"Cuneiform Tablet CUSAS 14, 102",update,1,9,written,,
313506,Q2036920,"Cuneiform Tablet CT 53, 091",update,2,10,written,,
515922,Q2053357,"Cuneiform Tablet CUSAS 40, 1138",update,2,9,written,,
120852,Q1972448,Cuneiform Tablet NATN 154,update,2,10,written,,
248636,Q1970329,"Cuneiform Tablet AAICAB 1/2, pl. 097, 1935-561",update,2,10,written,,
282820,Q2065761,"Cuneiform Tablet Iraq 30, pl. 54 TR 2905",update,4,7,written,,
387940,Q1984906,"Cuneiform Tablet Nisaba 15, 0025",update,2,9,written,,
121740,Q1979524,Cuneiform Tablet Nebraska 55,update,2,9,written,,
202075,Q1982043,"Cuneiform Tablet Nisaba 03/2, 02",update,2,10,written,,
514630,Q1907262,"Cuneiform Artifact RINAP 5/1 Ashurbanipal 060, ex. 013",update,2,9,written,,
138131,Q2056214,"Cuneiform Tablet UET 8, 0014",update,2,9,written,,
237291,Q2023109,Cuneiform Tablet RMA 220,update,2,10,written,,
113261,Q1943698,"Cuneiform Tablet MVN 01, 228",update,2,10,written,,
145401,Q2034829,"Cuneiform Tablet SAT 3, 2201",update,2,10,written,,
459084,Q1983131,Cuneiform Tablet Akkadica 134/1 §2.5,update,2,9,written,,
497678,Q2041376,"Cuneiform Tablet Syria Supplément 2, p. 380 10",update,2,10,written,,
116599,Q1957002,"Cuneiform Tablet MVN 12, 337",update,2,10,written,,
515888,Q2053290,"Cuneiform Tablet CUSAS 40, 1104",update,2,9,written,,
266334,Q1998565,"Cuneiform Tablet BE 06/2, 028",update,2,10,written,,
361269,Q1361066,"Cuneiform Artifact KKBullae 240, 346 kt 94/k 648",update,1,9,written,,
335434,Q1980502,Cuneiform Tablet ADD 0496,update,2,9,written,,
363254,Q1975576,Cuneiform Tablet ACT 1009,update,2,9,written,,
283698,Q2055489,"Cuneiform Tablet UET 5, 0883",update,2,8,written,,
124112,Q1998206,"Cuneiform Tablet OIP 121, 382",update,2,10,written,,
329417,Q2043952,"Cuneiform Tablet CUSAS 03, 1019",update,2,9,written,,
108587,Q2035785,"Cuneiform Tablet CT 09, pl. 33, BM 021245",update,2,10,written,,
292573,Q2010827,"Cuneiform Tablet BPOA 07, 1741",update,2,10,written,,
519452,Q1983195,"Cuneiform Tablet Akkadica 140, 073-098 05",update,2,9,written,,
107672,Q2034088,Cuneiform Tablet CST (JRL) 160,update,2,10,written,,
340534,Q2008224,"Cuneiform Tablet BPOA 02, 1881",update,2,10,written,,
106960,Q2007342,Cuneiform Tablet BM Messenger 081,update,2,10,written,,
453489,Q893855,"Cuneiform Tablet AOAT 222, 09",update,6,6,written,,
500389,Q2041762,"Cuneiform Tablet CTPSM 1, 251",update,2,9,written,,
376955,Q1989563,"Cuneiform Tablet Nisaba 31/2, 033",update,2,10,written,,
130501,Q2040298,Cuneiform Tablet SumRecDreh 04,update,2,9,written,,
314369,Q2038451,"Cuneiform Tablet CT 53, 960",update,2,10,written,,
345736,Q2004526,Cuneiform Tablet BM 023104,update,1,9,written,,
128832,Q2026969,"Cuneiform Tablet SACT 1, 077",update,2,10,written,,
135703,Q2050108,Cuneiform Tablet TUT 130,update,2,10,written,,
358807,Q1359426,"Cuneiform Tablet CCT 5, 30, BM 115165",update,3,8,written,,
134811,Q2048429,Cuneiform Tablet TRU 047,update,2,9,written,,
315981,Q2004576,"Cuneiform Tablet PPAC 5, 0201",update,2,10,written,,
359715,Q1369537,"Cuneiform Tablet ICK 2, 127",update,3,8,written,,
292089,Q2011001,"Cuneiform Tablet BPOA 07, 1793",update,2,10,written,,
448695,Q2019309,"Cuneiform Tablet RIME 4.04.01.02, ex. add159",update,1,10,written,,
102470,Q1989978,"Cuneiform Tablet ASJ 11, 333 05",update,2,10,written,,
298484,Q1370580,"Cuneiform Tablet BIN 06, 070",update,3,9,written,,
234844,Q1930110,Cuneiform Tablet KM 89051,update,2,10,written,,
121310,Q1973188,Cuneiform Tablet NATN 612,update,2,10,written,,
253580,Q2050566,"Cuneiform Tablet CUSAS 35, 509",update,1,9,written,,
378048,Q2005651,"Cuneiform Tablet PPAC 5, 0764",update,2,10,written,,
331924,Q1983706,"Cuneiform Tablet Nisaba 05/2, 263",update,3,9,written,,
514260,Q2038557,"Cuneiform Tablet StAT 3, 041",update,2,10,written,,
141911,Q2060145,Cuneiform Tablet UNT 091,update,2,10,written,,
360881,Q1372402,Cuneiform Tablet KTK 029,update,2,8,written,,
497382,Q2032535,"Cuneiform Tablet CDLI Literary 002718.04, ex. 024",update,1,10,written,,
333919,Q1360145,"Cuneiform Tablet VS 26, 133",update,3,8,written,,
263136,Q2018158,"Cuneiform Tablet RIME 4.01.05.add10, ex. 03",update,2,10,written,,
330636,Q1971852,"Cuneiform Tablet AAICAB 1/4, Bod S 577",update,2,10,written,,
303506,Q2014283,"Cuneiform Tablet BPOA 07, 2734",update,2,10,written,,
122496,Q1993209,"Cuneiform Tablet NRVN 1, 279",update,2,10,written,,
125353,Q2001602,"Cuneiform Tablet OrSP 47-49, 463",update,2,10,written,,
335967,Q1981564,Cuneiform Tablet ADD 1187,update,2,9,written,,
20233,Q2063481,"Cuneiform Tablet VS 25, 026",update,2,10,written,,
334675,Q1974204,Cuneiform Tablet ABL 1014,update,2,10,written,,
382241,Q1906799,"Cuneiform Tablet AOTU 2/1, 70-72",update,2,11,written,,
527150,Q1996629,"Cuneiform Tablet BATSH 6, 025",update,2,9,written,,
10685,Q2035856,Cuneiform Tablet Shuruppak 0768,update,2,9,written,,
144640,Q2033348,"Cuneiform Tablet SAT 3, 1440",update,2,10,written,,
112020,Q1926650,"Cuneiform Tablet JCS 28, 167 3",update,1,9,written,,
139370,Q2058678,"Cuneiform Tablet UET 9, 1240",update,2,10,written,,
360028,Q1369771,"Cuneiform Tablet KTS 1, 18",update,3,8,written,,
336648,Q2025961,"Cuneiform Tablet SAA 07, 180",update,2,10,written,,
131740,Q2043318,"Cuneiform Tablet TCL 05, 5669",update,2,10,written,,
136085,Q2050922,"Cuneiform Tablet UCP 09-02-2, 081",update,2,10,written,,
106433,Q2000370,"Cuneiform Tablet BIN 03, 626",update,2,10,written,,
376406,Q1988397,"Cuneiform Tablet Nisaba 23, 105",update,2,10,written,,
130852,Q2040956,Cuneiform Tablet Syracuse 301,update,2,9,written,,
531084,Q2013346,Cuneiform Tablet Rental 045,update,2,10,written,,
128561,Q2025422,Cuneiform Tablet RTC 408,update,2,10,written,,
103631,Q1992354,"Cuneiform Tablet AUCT 1, 786",update,2,9,written,,
276764,Q1970036,Cuneiform Tablet N 1640,update,2,8,written,,
358554,Q1359169,"Cuneiform Tablet CCT 2, 45, BM 113582",update,3,8,written,,
372916,Q1894022,"Cuneiform Tablet VS 16, 061",update,1,10,written,,
282123,Q1928469,Cuneiform Tablet KAJ 110,update,2,8,written,,
102923,Q1990936,"Cuneiform Tablet AUCT 1, 077",update,2,9,written,,
249027,Q1971029,"Cuneiform Tablet AAICAB 1/3, pl. 203, Bod B 07 (114)",update,2,10,written,,
491606,Q2046385,"Cuneiform Tablet TIMA 1, 094",update,2,10,written,,
117222,Q1959696,"Cuneiform Tablet MVN 13, 449",update,2,10,written,,
367217,Q2039120,"Cuneiform Tablet CT 57, 0076",update,2,10,written,,
126986,Q2008449,"Cuneiform Tablet Princeton 1, 297",update,2,10,written,,
331477,Q1983014,"Cuneiform Tablet Nisaba 05/1, 450",update,3,9,written,,
306704,Q2065514,"Cuneiform Tablet YOS 11, 72",update,1,10,written,,
203664,Q1984613,"Cuneiform Tablet Nisaba 10, 077",update,2,10,written,,
127694,Q2011462,"Cuneiform Tablet RA 019, 041 056",update,2,9,written,,
120151,Q1967959,"Cuneiform Tablet MVN 19, 025",update,2,10,written,,
138998,Q2057936,"Cuneiform Tablet UET 9, 0868",update,2,10,written,,
257039,Q2059438,Cuneiform Tablet UM 29-16-596,update,2,10,written,,
349715,Q1987435,"Cuneiform Tablet AOAT 275, 568, BM 070036",update,2,8,written,,
334225,Q1973069,Cuneiform Tablet ABL 0347,update,2,10,written,,
356819,Q2025155,"Cuneiform Tablet CDLI Literary 000362, ex. 018",update,2,11,written,,
282089,Q1928396,Cuneiform Tablet KAJ 075,update,2,8,written,,
144210,Q2032501,"Cuneiform Tablet SAT 2, 1010",update,2,10,written,,
365380,Q2036152,"Cuneiform Tablet CT 16, pl. 40, BM 052456",update,2,10,written,,
336218,Q1906970,"Cuneiform Tablet JCS 39, 188",update,2,10,written,,
447999,Q2006996,Cuneiform Tablet BM 054749,update,1,9,written,,
112470,Q1930940,Cuneiform Tablet L'uomo 51,update,2,9,written,,
138832,Q2057601,"Cuneiform Tablet UET 9, 0702",update,2,10,written,,
117388,Q1960407,"Cuneiform Tablet MVN 13, 615",update,1,10,written,,
510673,Q1892991,"Cuneiform Tablet AbB 12, 150",update,1,10,written,,
109396,Q2060261,Cuneiform Tablet Georgica 2.03,update,2,10,written,,
206036,Q2005485,Cuneiform Tablet BM 025359,update,2,10,written,,
355736,Q2066477,"Cuneiform Tablet ZA 083, pl. 4-5",update,3,9,written,,
348807,Q2037547,"Cuneiform Tablet SpTU 4, 220",update,2,8,written,,
106063,Q1999658,"Cuneiform Tablet BIN 03, 257",update,2,10,written,,
376056,Q1988797,"Cuneiform Tablet Nisaba 26, 047",update,2,10,written,,
343318,Q2026934,"Cuneiform Tablet CDLI Literary 000396, ex. 021",update,2,10,written,,
315578,Q2004285,"Cuneiform Tablet PPAC 5, 0038",update,2,10,written,,
368048,Q2039136,"Cuneiform Tablet CT 57, 0909",update,2,10,written,,
102889,Q1990867,"Cuneiform Tablet AUCT 1, 043",update,2,9,written,,
323919,Q2049496,"Cuneiform Tablet CUSAS 33, 279",update,2,9,written,,
118587,Q1966780,"Cuneiform Tablet MVN 15, 322",update,2,9,written,,
313855,Q2037512,"Cuneiform Tablet CT 53, 442",update,2,10,written,,
128131,Q2024129,Cuneiform Tablet Rochester 026,update,2,10,written,,
103261,Q1991614,"Cuneiform Tablet AUCT 1, 416",update,2,9,written,,
453870,Q1985618,"Cuneiform Tablet Nisaba 15, 0479",update,2,9,written,,
449084,Q2059984,Cuneiform Tablet Unpublished texts in IM 16,update,2,10,written,,
498974,Q1362526,"Cuneiform Tablet AKT 6a, 169",update,1,10,written,,
536311,Q1366293,"Cuneiform Tablet AKT 8, 178",update,1,9,written,,
358104,Q1371519,"Cuneiform Tablet TMH 01, 18b",update,3,8,written,,
247890,Q2051013,"Cuneiform Tablet UCP 09-09, 398-399, pl 09-10",update,1,9,written,,
276334,Q1994092,"Cuneiform Artifact OB Contracts, pl. C4 no. 18",update,2,10,written,,
325434,Q2047520,"Cuneiform Tablet CUSAS 20, 070",update,2,9,written,,
106599,Q2000701,"Cuneiform Tablet BIN 05, 165",update,2,10,written,,
293698,Q1974594,Cuneiform Tablet NBC 04409,update,2,10,written,,
306354,Q2058727,Cuneiform Tablet Feuerherm diss. K070,update,1,10,written,,
515471,Q2052486,"Cuneiform Tablet CUSAS 40, 0687",update,2,9,written,,
116960,Q1958546,"Cuneiform Tablet MVN 13, 188",update,2,10,written,,
255454,Q2032224,"Cuneiform Tablet CDLI Literary 002338, ex. 002",update,2,10,written,,
203234,Q2005216,Cuneiform Tablet BM 024862,update,2,10,written,,
120501,Q1969065,"Cuneiform Tablet MVN 21, 264",update,2,10,written,,
20399,Q2063819,"Cuneiform Tablet VS 27, 086",update,2,10,written,,
201209,Q2009394,"Cuneiform Tablet Princeton 2, 211",update,2,10,written,,
522702,Q1929106,"Cuneiform Tablet KAM 11, 043",update,3,7,written,,
360182,Q1369925,"Cuneiform Tablet KTS 2, 40",update,3,8,written,,
282573,Q2040144,"Cuneiform Tablet Sumer 15, 016 pl. 1",update,1,8,written,,
358411,Q1359024,"Cuneiform Tablet CCT 1, 11, BM 113574a",update,3,8,written,,
325121,Q2049321,"Cuneiform Tablet CUSAS 33, 184",update,2,9,written,,
536604,Q1365355,"Cuneiform Tablet AKT 9a, 100",update,2,8,written,,
373741,Q2062674,"Cuneiform Tablet VS 13, 055",update,2,10,written,,
128424,Q2025152,Cuneiform Tablet RTC 270,update,2,10,written,,
103774,Q1992654,"Cuneiform Tablet AUCT 1, 929",update,2,9,written,,
101749,Q1987131,"Cuneiform Tablet AOAT 025, 442 BM 15839",update,2,10,written,,
431759,Q2018416,"Cuneiform Tablet RIME 4.02.13.22, ex. 09",update,1,8,written,,
374084,Q1995671,"Cuneiform Tablet OIP 043, 171 TA 1931 T473",update,3,8,written,,
499373,Q2041532,"Cuneiform Tablet CTPSM 1, 135",update,2,9,written,,
118092,Q1963838,"Cuneiform Tablet MVN 14, 0412",update,2,10,written,,
102866,Q1990820,"Cuneiform Tablet AUCT 1, 020",update,2,9,written,,
141507,Q2061714,"Cuneiform Tablet UTI 5, 3490",update,2,10,written,,
360497,Q1360628,"Cuneiform Tablet AKT 1, 38",update,2,7,written,,
117367,Q1960323,"Cuneiform Tablet MVN 13, 594",update,2,10,written,,
202833,Q2005231,Cuneiform Tablet BM 024890,update,2,10,written,,
262232,Q2003080,"Cuneiform Tablet PBS 08/2, 176",update,2,9,written,,
331532,Q1983079,"Cuneiform Tablet Nisaba 05/1, 506",update,3,9,written,,
282066,Q1928354,Cuneiform Tablet KAJ 051,update,2,8,written,,
249162,Q1971261,"Cuneiform Tablet AAICAB 1/3, pl. 238, Bod S 257",update,2,10,written,,
252684,Q2049592,"Cuneiform Tablet CUSAS 35, 012",update,2,9,written,,
120014,Q1967695,"Cuneiform Tablet MVN 18, 653",update,2,10,written,,
517159,Q2041193,"Cuneiform Tablet CTN 6, 093",update,2,10,written,,
203721,Q2004958,Cuneiform Tablet BM 024600,update,2,10,written,,
515164,Q2051898,"Cuneiform Tablet CUSAS 40, 0380",update,2,9,written,,
306641,Q2065403,"Cuneiform Tablet YOS 05, 247",update,2,11,written,,
109379,Q2059974,"Cuneiform Tablet FT 2, pl. 51 AO 12992",update,2,10,written,,
125216,Q2001343,"Cuneiform Tablet OrSP 47-49, 326",update,2,10,written,,
20376,Q2063767,"Cuneiform Tablet VS 27, 060",update,2,10,written,,
335822,Q1981276,Cuneiform Tablet ADD 1000,update,2,10,written,,
109683,Q2062472,Cuneiform Tablet Hirose 212,update,2,9,written,,
145817,Q1927164,"Cuneiform Tablet JCS 52, 037 23",update,2,9,written,,
303443,Q2014077,"Cuneiform Tablet BPOA 07, 2676",update,2,10,written,,
250343,Q2051763,"Cuneiform Tablet UET 2, supp 20",update,2,10,written,,
236195,Q2002143,"Cuneiform Tablet BIN 09, 185",update,2,9,written,,
144705,Q2033477,"Cuneiform Tablet SAT 3, 1505",update,2,10,written,,
108991,Q2055320,Cuneiform Tablet DAS 259,update,2,10,written,,
139235,Q2058410,"Cuneiform Tablet UET 9, 1105",update,2,10,written,,
382304,Q2042316,"Cuneiform Tablet TCBI 1, 052",update,2,8,written,,
527015,Q2035135,"Cuneiform Tablet Scribe's workshop, 242",update,1,7,written,,
334730,Q1974332,Cuneiform Tablet ABL 1092,update,2,10,written,,
110158,Q2063291,Cuneiform Tablet HLC 285 (pl. 050),update,2,10,written,,
317050,Q2004680,"Cuneiform Tablet PPAC 5, 0264",update,2,10,written,,
118568,Q1966741,"Cuneiform Tablet MVN 15, 303",update,2,9,written,,
290958,Q2010352,"Cuneiform Tablet BPOA 07, 1638",update,2,10,written,,
131605,Q2043068,"Cuneiform Tablet TCL 02, 5516",update,2,10,written,,
519844,Q1979604,"Cuneiform Tablet New IM 3, 036",update,2,9,written,,
376543,Q1988499,"Cuneiform Tablet Nisaba 23, 156",update,2,10,written,,
506748,Q2066272,"Cuneiform Tablet Nisaba 34, 0536",update,2,9,written,,
130917,Q2041078,Cuneiform Tablet Syracuse 366,update,2,9,written,,
293677,Q1974560,Cuneiform Tablet NBC 04386,update,2,10,written,,
106576,Q2000655,"Cuneiform Tablet BIN 05, 142",update,2,10,written,,
499723,Q1927630,"Cuneiform Tablet JCSSS 5, 003",update,2,10,written,,
325571,Q2049119,"Cuneiform Tablet CUSAS 33, 082",update,2,9,written,,
101319,Q1986192,"Cuneiform Tablet AnOr 07, 024",update,2,10,written,,
273589,Q1371721,"Cuneiform Tablet CTMMA 1, 084",update,3,8,written,,
103324,Q1991740,"Cuneiform Tablet AUCT 1, 479",update,2,9,written,,
453935,Q1985808,"Cuneiform Tablet Nisaba 15, 0582",update,2,9,written,,
313910,Q2037602,"Cuneiform Tablet CT 53, 497",update,2,10,written,,
120444,Q1968952,"Cuneiform Tablet MVN 21, 207",update,2,10,written,,
335988,Q1981606,Cuneiform Tablet ADD 1208,update,2,9,written,,
412469,Q2007104,Cuneiform Tablet BM 085269,update,2,9,written,,
114818,Q1950366,"Cuneiform Tablet MVN 06, 410",update,2,10,written,,
515534,Q2052609,"Cuneiform Tablet CUSAS 40, 0750",update,2,9,written,,
127381,Q2010570,"Cuneiform Tablet RA 009, 046 SA 55 (pl.2)",update,2,9,written,,
116825,Q1957915,"Cuneiform Tablet MVN 13, 053",update,2,10,written,,
109729,Q2062565,Cuneiform Tablet Hirose 258,update,2,9,written,,
117737,Q1961702,"Cuneiform Tablet MVN 14, 0056",update,2,10,written,,
491313,Q2041080,"Cuneiform Artifact CTN 6, 034",update,2,10,written,,
262662,Q2023938,"Cuneiform Tablet Robertson diss. p. 119, CBS 7661",update,2,10,written,,
522647,Q2045544,"Cuneiform Tablet Tell Shiukh Fawqani 2, 34",update,2,10,written,,
144355,Q2032786,"Cuneiform Tablet SAT 2, 1155",update,2,10,written,,
112535,Q2007868,Cuneiform Tablet Prima del’alfabeto 30,update,2,9,written,,
126969,Q2008415,"Cuneiform Tablet Princeton 1, 280",update,2,10,written,,
143490,Q2031095,"Cuneiform Tablet SAT 2, 0290",update,2,10,written,,
334360,Q1973391,Cuneiform Tablet ABL 0528,update,2,10,written,,
10390,Q1996002,"Cuneiform Tablet OIP 099, 461",update,2,10,written,,
124954,Q2000832,"Cuneiform Tablet OrSP 47-49, 066",update,2,10,written,,
349650,Q1987386,"Cuneiform Tablet AOAT 275, 497, BM 065660",update,2,8,written,,
331498,Q1983040,"Cuneiform Tablet Nisaba 05/1, 471",update,3,9,written,,
110508,Q2066660,"Cuneiform Tablet ITT 2, 00639",update,2,10,written,,
206173,Q1969439,"Cuneiform Tablet MVN 22, 046",update,2,10,written,,
250713,Q2049628,"Cuneiform Tablet CUSAS 35, 030",update,2,9,written,,
355673,Q2029444,"Cuneiform Tablet CDLI Literary 000746, ex. 001 & 000747, ex. 001",update,1,10,written,,
138977,Q2057896,"Cuneiform Tablet UET 9, 0847",update,2,10,written,,
122183,Q1980882,"Cuneiform Tablet Nik 2, 500",update,2,9,written,,
510736,Q1893636,"Cuneiform Tablet AbB 13, 016",update,2,10,written,,
376113,Q1988859,"Cuneiform Tablet Nisaba 26, 083",update,2,10,written,,
106126,Q1999782,"Cuneiform Tablet BIN 03, 320",update,2,10,written,,
535881,Q1367736,"Cuneiform Tablet AKT 7a, 063a",update,2,8,written,,
136590,Q2052346,"Cuneiform Tablet UET 3, 0273",update,2,10,written,,
118138,Q1964113,"Cuneiform Tablet MVN 14, 0458",update,2,10,written,,
131255,Q2030059,"Cuneiform Tablet SAT 1, 146",update,2,10,written,,
277899,Q2024278,"Cuneiform Tablet CDLI Literary 000340, ex. 010",update,2,10,written,,
388359,Q2027749,"Cuneiform Tablet CDLI Literary 000482, ex. 056",update,1,9,written,,
129235,Q2027758,"Cuneiform Tablet SACT 2, 278",update,2,10,written,,
102165,Q1989288,"Cuneiform Tablet ASJ 04, 140 02",update,2,10,written,,
324730,Q2044495,"Cuneiform Tablet CUSAS 03, 1356",update,2,9,written,,
537015,Q1369017,"Cuneiform Tablet ArAn 14/2, 229-230",update,2,8,written,,
359200,Q1359937,Cuneiform Tablet Prag 598,update,2,9,written,,
297264,Q2010831,"Cuneiform Tablet BPOA 07, 1743",update,2,10,written,,
100158,Q1972264,Cuneiform Tablet AAS 178,update,2,9,written,,
465807,Q2013800,"Cuneiform Artifact RIMA 1.0.039.002, ex. 16",update,2,10,written,,
314386,Q2038477,"Cuneiform Tablet CT 53, 977",update,2,10,written,,
135216,Q2049763,Cuneiform Tablet TSU 053,update,2,10,written,,
313443,Q2036796,"Cuneiform Tablet CT 53, 028",update,2,10,written,,
500366,Q2041716,"Cuneiform Tablet CTPSM 1, 228",update,2,9,written,,
119683,Q1967042,"Cuneiform Tablet MVN 17, 063",update,2,10,written,,
453466,Q1928169,Cuneiform Tablet KADP 42,update,2,9,written,,
405206,Q2028027,"Cuneiform Tablet SANER 02, 08",update,2,10,written,,
338713,Q2039510,"Cuneiform Tablet STT 2, 399",update,2,8,written,,
283677,Q2055391,"Cuneiform Tablet UET 5, 191",update,2,9,written,,
248773,Q1970589,"Cuneiform Tablet AAICAB 1/2, pl. 124, 1971-258",update,2,10,written,,
120917,Q1972538,Cuneiform Tablet NATN 219,update,2,10,written,,
361286,Q1361083,"Cuneiform Artifact KKBullae 246, 350 kt 94/k 1665",update,1,9,written,,
515867,Q2053247,"Cuneiform Tablet CUSAS 40, 1083",update,1,9,written,,
116576,Q1956943,"Cuneiform Tablet MVN 12, 314",update,2,10,written,,
123638,Q1996785,"Cuneiform Tablet OIP 115, 139",update,2,10,written,,
108568,Q2035745,"Cuneiform Tablet CT 07, pl. 49, BM 019775",update,2,10,written,,
121605,Q1973694,Cuneiform Tablet NATN 908,update,2,10,written,,
387805,Q539128,Cuneiform Tablet RIAA 234,update,2,9,written,,
516748,Q2054829,"Cuneiform Tablet CUSAS 40, 1964",update,1,9,written,,
329102,Q2047321,"Cuneiform Tablet CUSAS 19, 185",update,2,9,written,,
108092,Q2034862,Cuneiform Tablet CST (JRL) 576,update,2,10,written,,
251552,Q2045762,"Cuneiform Tablet CUSAS 12, 8.5 28",update,1,9,written,,
124407,Q1998744,"Cuneiform Tablet OMRO 68, 23 16",update,2,9,written,,
335121,Q1979880,Cuneiform Tablet ADD 0171,update,2,9,written,,
286475,Q1975425,Cuneiform Tablet NBC 10094,update,2,10,written,,
111749,Q1925481,"Cuneiform Tablet ITT 5, 10002",update,2,10,written,,
145114,Q2034289,"Cuneiform Tablet SAT 3, 1914",update,2,10,written,,
138424,Q2056768,"Cuneiform Tablet UET 9, 0293",update,2,10,written,,
113774,Q1946214,"Cuneiform Tablet MVN 03, 214",update,2,10,written,,
480851,Q2006803,"Cuneiform Tablet Fs Lambert 203-206, text 48 C",update,3,9,written,,
130014,Q2036489,Cuneiform Tablet SNAT 253,update,2,10,written,,
132029,Q2041967,Cuneiform Tablet Tavolette 244,update,2,10,written,,
292066,Q2009687,"Cuneiform Tablet BPOA 06, 1329",update,2,10,written,,
135646,Q2049994,Cuneiform Tablet TUT 075,update,2,10,written,,
393846,Q1973458,Cuneiform Tablet ABL 0561,update,2,10,written,,
358942,Q1359559,"Cuneiform Tablet CCT 6, 25, BM 115246",update,3,8,written,,
128977,Q2027252,"Cuneiform Tablet SACT 2, 020",update,2,10,written,,
338343,Q2038846,"Cuneiform Tablet STT 1, 026",update,2,8,written,,
102535,Q1990076,"Cuneiform Tablet ASJ 14, 236 85",update,2,10,written,,
345673,Q2026705,"Cuneiform Tablet CDLI Literary 000386, ex. 002",update,2,10,written,,
129665,Q2035648,Cuneiform Tablet SET 255,update,2,10,written,,
359650,Q1369469,"Cuneiform Tablet ICK 2, 062",update,3,7,written,,
136969,Q2053084,"Cuneiform Tablet UET 3, 0647",update,2,10,written,,
324360,Q2043505,"Cuneiform Tablet CUSAS 03, 0750",update,2,9,written,,
134954,Q2048703,Cuneiform Tablet TRU 190,update,2,9,written,,
390,Q2022638,"Cuneiform Tablet CDLI Lexical 000034, ex. 009",update,2,9,written,,
100508,Q1983735,Cuneiform Tablet Aleppo 176,update,2,10,written,,
141854,Q2060057,Cuneiform Tablet UNT 023,update,2,10,written,,
406979,Q1988914,"Cuneiform Tablet Nisaba 27, 006",update,2,9,written,,
514325,Q2038666,"Cuneiform Tablet StAT 3, 107",update,2,10,written,,
108138,Q2034954,Cuneiform Tablet CST (JRL) 622,update,2,10,written,,
123268,Q1997221,"Cuneiform Tablet OIP 115, 380",update,2,10,written,,
331861,Q1983593,"Cuneiform Tablet Nisaba 05/2, 198",update,3,9,written,,
121255,Q1973076,Cuneiform Tablet NATN 557,update,2,10,written,,
234901,Q1930161,Cuneiform Tablet KM 89113,update,2,10,written,,
143869,Q2031834,"Cuneiform Tablet SAT 2, 0669",update,2,10,written,,
516318,Q2054094,"Cuneiform Tablet CUSAS 40, 1534",update,2,9,written,,
235613,Q2060943,Cuneiform Tablet USC 6802,update,2,10,written,,
279887,Q1971534,Cuneiform Tablet N 5886,update,2,9,written,,
381482,Q2007119,Cuneiform Tablet BM 085749,update,2,10,written,,
116126,Q1955797,"Cuneiform Tablet MVN 11, 112",update,2,9,written,,
335571,Q1980776,Cuneiform Tablet ADD 0689,update,2,10,written,,
142281,Q2065126,"Cuneiform Tablet YOS 04, 217",update,2,10,written,,
363311,Q1995414,"Cuneiform Tablet BagM Beih. 02, 047",update,2,8,written,,
145544,Q1971939,Cuneiform Tablet NABU 1995/092,update,2,9,written,,
111319,Q1923855,"Cuneiform Tablet ITT 3, 06510",update,2,10,written,,
113324,Q1943925,"Cuneiform Tablet MVN 02, 025",update,2,9,written,,
521591,Q1975147,"Cuneiform Tablet AchHist 15, 104",update,2,10,written,,
138074,Q2055265,"Cuneiform Tablet UET 3, 1748",update,2,10,written,,
421309,Q2019305,"Cuneiform Tablet RIME 4.04.01.02, ex. add158",update,1,10,written,,
122880,Q1993968,Cuneiform Tablet NYPL 342,update,2,10,written,,
123792,Q1997583,"Cuneiform Tablet OIP 121, 062",update,2,10,written,,
329552,Q1989932,"Cuneiform Tablet Nisaba 32, 015",update,2,9,written,,
124057,Q1998096,"Cuneiform Tablet OIP 121, 327",update,2,10,written,,
535182,Q1364434,Cuneiform Tablet P535182,update,2,8,written,,
107737,Q2034201,Cuneiform Tablet CST (JRL) 223,update,2,10,written,,
461147,Q2006470,Cuneiform Tablet BM 036963,update,1,9,written,,
292436,Q2009508,"Cuneiform Tablet BPOA 06, 1236",update,2,10,written,,
389548,Q1372149,Cuneiform Tablet LB 1167,update,2,8,written,,
130444,Q2040005,Cuneiform Tablet STU 18,update,2,10,written,,
454209,Q1986670,"Cuneiform Tablet Nisaba 15, 1067",update,2,9,written,,
137381,Q2053894,"Cuneiform Tablet UET 3, 1056",update,2,10,written,,
106825,Q2003186,"Cuneiform Tablet BJRL 64, 103 31",update,2,10,written,,
238021,Q1972975,Cuneiform Tablet ABL 0297,update,2,10,written,,
119729,Q1967130,"Cuneiform Tablet MVN 17, 135",update,2,10,written,,
345389,Q1906914,"Cuneiform Tablet CDLI Literary needed, ex. nn ?",update,1,10,written,,
132357,Q2044734,"Cuneiform Tablet TCTI 2, 02756",update,2,10,written,,
429017,Q2041126,"Cuneiform Tablet CTN 6, 056",update,2,10,written,,
322963,Q2047530,"Cuneiform Tablet CUSAS 20, 075",update,2,9,written,,
536983,Q1372708,"Cuneiform Tablet ArAn 08/1, p. 61-62, 72-74",update,2,8,written,,
342362,Q1994461,"Cuneiform Tablet OECT 09, 25",update,2,10,written,,
135492,Q2044243,Cuneiform Tablet TCNU 646,update,2,10,written,,
359484,Q1369301,"Cuneiform Tablet ICK 1, 087",update,3,8,written,,
392580,Q2019548,"Cuneiform Tablet RIME 4.04.01.03, ex. 109",update,1,10,written,,
144,Q2023046,"Cuneiform Tablet CDLI Lexical Archaic Unidentified, ex. 031",update,2,9,written,,
105024,Q1997254,"Cuneiform Tablet BBVO 11, 270, 6N-T064",update,2,10,written,,
107019,Q2007460,Cuneiform Tablet BM Messenger 140,update,2,10,written,,
323671,Q2042419,"Cuneiform Tablet CUSAS 03, 0068",update,2,9,written,,
290325,Q1370102,"Cuneiform Tablet BIN 04, 071",update,3,9,written,,
124779,Q2000525,"Cuneiform Tablet OrNS 40, 387 01",update,2,10,written,,
200789,Q2049856,Cuneiform Tablet Turner diss. MLC 1919,update,2,9,written,,
278541,Q2029008,"Cuneiform Tablet CDLI Literary 000654, ex. 003",update,2,10,written,,
205071,Q2005158,"Cuneiform Tablet PPAC 5, 0509",update,2,10,written,,
253611,Q2029964,"Cuneiform Tablet CDLI Literary 000758, ex. 002",update,2,9,written,,
356771,Q2024509,"Cuneiform Tablet CDLI Literary 000347, ex. 042",update,2,10,written,,
121081,Q1972785,Cuneiform Tablet NATN 383,update,2,10,written,,
126744,Q2007992,"Cuneiform Tablet Princeton 1, 055",update,2,10,written,,
381656,Q2042855,"Cuneiform Tablet TCBI 2/2, 02",update,2,9,written,,
361402,Q1361182,"Cuneiform Tablet Fs Güterbock 1, 039 n. 34",update,2,8,written,,
140592,Q2061488,"Cuneiform Tablet UTI 4, 2573",update,2,10,written,,
357863,Q1371224,Cuneiform Tablet TTC 18,update,3,9,written,,
111437,Q1924767,"Cuneiform Tablet ITT 5, 06715",update,2,10,written,,
261760,Q2024648,"Cuneiform Tablet CDLI Literary 000349, ex. 022",update,2,10,written,,
145790,Q2044676,"Cuneiform Tablet TCS 1, 366",update,2,10,written,,
109904,Q2062845,Cuneiform Tablet HLC 026 (pl. 022),update,2,10,written,,
332060,Q2003932,"Cuneiform Tablet PPAC 4, 140",update,2,9,written,,
521745,Q2059910,"Cuneiform Tablet Fs. Freydank 211, SIL 120",update,2,9,written,,
386469,Q1892783,"Cuneiform Tablet TCL 01, 033",update,1,10,written,,
379931,Q2006976,"Cuneiform Tablet PPAC 5, 1426",update,2,10,written,,
142055,Q1984828,Cuneiform Tablet P142055,update,2,9,written,,
124283,Q1998536,"Cuneiform Tablet OIP 121, 553",update,2,10,written,,
10847,Q2049513,Cuneiform Tablet TSŠ 0525,update,2,10,written,,
200273,Q1981386,"Cuneiform Tablet Nisaba 01, 219",update,2,10,written,,
108616,Q2035837,"Cuneiform Tablet CT 10, pl. 24-25, BM 014313",update,2,10,written,,
414293,Q2034949,Cuneiform Tablet SBH 26,update,2,9,written,,
144882,Q2033831,"Cuneiform Tablet SAT 3, 1682",update,2,10,written,,
100226,Q1981728,"Cuneiform Tablet Aegyptus 19, 236 04",update,2,10,written,,
131982,Q2041872,Cuneiform Tablet Tavolette 196,update,2,10,written,,
123546,Q1996176,"Cuneiform Tablet OIP 115, 014",update,2,10,written,,
450837,Q1988135,Cuneiform Artifact P450837,update,1,6,written,,
535356,Q1367302,"Cuneiform Tablet ArAn 13/2, 101-122 no. 5",update,2,8,written,,
405178,Q1995266,"Cuneiform Tablet BagM 31, 115-116 308",update,3,9,written,,
453718,Q1985240,"Cuneiform Tablet Nisaba 15, 0230",update,2,9,written,,
137155,Q2053440,"Cuneiform Tablet UET 3, 0831",update,2,10,written,,
135168,Q2049130,Cuneiform Tablet TRU 404,update,2,9,written,,
130690,Q2040643,Cuneiform Tablet Syracuse 139,update,2,9,written,,
131828,Q2041571,Cuneiform Tablet Tavolette 043,update,2,10,written,,
461239,Q2006905,Cuneiform Tablet BM 048042,update,1,9,written,,
514,Q2021705,"Cuneiform Tablet CDLI Lexical 000023, ex. 044",update,2,9,written,,
105474,Q1998105,"Cuneiform Tablet BCT 2, 234",update,2,9,written,,
323221,Q2044690,"Cuneiform Tablet CUSAS 03, 1505",update,2,9,written,,
313697,Q2037261,"Cuneiform Tablet CT 53, 282",update,2,10,written,,
240197,Q1974775,Cuneiform Tablet ABL 1411,update,2,10,written,,
454177,Q1986605,"Cuneiform Tablet Nisaba 15, 1023",update,2,9,written,,
429447,Q2044745,"Cuneiform Tablet CUSAS 06, p. 233-334 1556",update,2,9,written,,
389636,Q1372236,Cuneiform Tablet LB 1255,update,2,8,written,,
361052,Q1371602,"Cuneiform Tablet JCS 14, 014, 10",update,3,8,written,,
111067,Q1923308,"Cuneiform Tablet ITT 3, 04964",update,2,10,written,,
124329,Q1998618,"Cuneiform Tablet OIP 121, 599",update,2,10,written,,
253241,Q2045858,"Cuneiform Tablet CUSAS 12, 8.6 10",update,1,9,written,,
414339,Q2035031,Cuneiform Tablet SBH 78,update,2,9,written,,
144928,Q2033921,"Cuneiform Tablet SAT 3, 1728",update,2,10,written,,
336920,Q2038086,"Cuneiform Tablet StAT 2, 112",update,2,10,written,,
305743,Q1893488,"Cuneiform Tablet YOS 02, 080",update,2,10,written,,
516066,Q2053629,"Cuneiform Tablet CUSAS 40, 1282",update,1,9,written,,
123116,Q2002615,Cuneiform Tablet OTR 181,update,2,9,written,,
116258,Q1956354,"Cuneiform Tablet MVN 11, V",update,2,9,written,,
108246,Q2035168,Cuneiform Tablet CST (JRL) 729,update,2,10,written,,
472415,Q1932134,Cuneiform Tablet Lippmann Coll 115,update,2,9,written,,
237550,Q2025832,"Cuneiform Tablet SAA 04, 126",update,2,9,written,,
332430,Q1935424,"Cuneiform Tablet MDP 54, 015",update,2,10,written,,
142405,Q2065840,"Cuneiform Tablet YOS 18, 011",update,2,10,written,,
201931,Q2059886,"Cuneiform Tablet UMTBM 03, 66",update,2,10,written,,
114265,Q1948375,"Cuneiform Tablet MVN 05, 045",update,2,9,written,,
363595,Q2040594,"Cuneiform Tablet CTN 4, 181",update,2,10,written,,
103959,Q1993024,"Cuneiform Tablet AUCT 2, 141",update,2,9,written,,
500448,Q2006961,"Cuneiform Tablet CUSAS 25, p. 100",update,2,9,written,,
137505,Q2054137,"Cuneiform Tablet UET 3, 1180",update,2,10,written,,
405528,Q1371657,"Cuneiform Tablet Orient 33, 080 2",update,3,8,written,,
316495,Q2007843,Cuneiform Tablet Borrelli diss. 07,update,2,10,written,,
101964,Q1989008,"Cuneiform Tablet ASJ 02, 021 59",update,2,10,written,,
269700,Q2023608,"Cuneiform Tablet CDLI Literary 000335, ex. 008 & 000751, ex. 075",update,2,10,written,,
100676,Q1984051,Cuneiform Tablet Aleppo 344,update,2,10,written,,
407515,Q2065037,"Cuneiform Tablet HSS 68, 545",update,2,9,written,,
326023,Q2048550,"Cuneiform Tablet CUSAS 23, 191",update,1,9,written,,
466006,Q2013922,"Cuneiform Tablet RIMA 1.0.076.001, ex. 11",update,2,10,written,,
535706,Q1363900,"Cuneiform Tablet AKT 6e, 1089",update,1,9,written,,
464892,Q1984364,Cuneiform Tablet P464892,update,1,9,written,,
134283,Q2046872,"Cuneiform Tablet TLB 03, 142",update,2,9,written,,
105927,Q1999385,"Cuneiform Tablet BIN 03, 121",update,2,10,written,,
133546,Q2045342,Cuneiform Tablet TÉL 039,update,2,10,written,,
106608,Q2000720,"Cuneiform Tablet BIN 05, 174",update,2,10,written,,
291534,Q2009250,"Cuneiform Tablet BPOA 06, 1101",update,2,10,written,,
119904,Q1967478,"Cuneiform Tablet MVN 18, 543",update,2,10,written,,
429914,Q2020185,"Cuneiform Tablet RIME 4.04.03.x2001, ex. 01",update,2,9,written,,
536080,Q1364922,"Cuneiform Tablet AKT 7a, 257",update,2,8,written,,
465780,Q2066185,Cuneiform Tablet ISHS  MS481-05 (cast ?),update,2,9,written,,
104635,Q1994333,"Cuneiform Tablet AUCT 3, 426",update,2,9,written,,
358295,Q1360279,"Cuneiform Tablet VS 26, 168",update,3,7,written,,
201198,Q2009373,"Cuneiform Tablet Princeton 2, 200",update,2,10,written,,
20008,Q2062820,"Cuneiform Tablet VS 14, 073",update,2,10,written,,
127155,Q2008788,"Cuneiform Tablet Princeton 1, 466",update,2,10,written,,
125168,Q2001249,"Cuneiform Tablet OrSP 47-49, 278",update,2,10,written,,
252000,Q2043302,"Cuneiform Tablet CUSAS 03, 0550",update,2,9,written,,
512025,Q1933012,Cuneiform Tablet MA. Thesis 28,update,1,8,written,,
301700,Q1975590,Cuneiform Tablet NBC 10939,update,2,10,written,,
522493,Q2057352,"Cuneiform Tablet Edubba 10, 04",update,2,10,written,,
110226,Q2063413,Cuneiform Tablet HLC 356 (pl. 134),update,2,10,written,,
360213,Q1369957,"Cuneiform Tablet KTS 2, 71",update,3,8,written,,
336473,Q2022708,Cuneiform Tablet RMA 157d,update,2,10,written,,
411992,Q1985046,"Cuneiform Tablet Nisaba 15, 0106",update,2,9,written,,
282318,Q1928857,Cuneiform Tablet KAJ 305,update,2,9,written,,
115024,Q1951124,"Cuneiform Tablet MVN 07, 104",update,2,10,written,,
143644,Q2031391,"Cuneiform Tablet SAT 2, 0444",update,2,10,written,,
117019,Q1958790,"Cuneiform Tablet MVN 13, 247",update,2,10,written,,
336189,Q2065916,"Cuneiform Tablet Iraq 32, 134 03",update,2,10,written,,
333671,Q1985960,"Cuneiform Tablet Nisaba 15, 0669",update,2,9,written,,
122357,Q1993125,"Cuneiform Tablet NRVN 1, 141",update,2,10,written,,
236711,Q2002783,"Cuneiform Tablet BIN 10, 167",update,2,9,written,,
109007,Q2055347,Cuneiform Tablet DAS 277,update,2,10,written,,
526983,Q2035071,"Cuneiform Tablet Scribe's workshop, 067-068",update,1,8,written,,
257202,Q2038785,"Cuneiform Tablet StMes 03, 003-011",update,2,10,written,,
517227,Q1990398,"Cuneiform Tablet Nisaba 33, 28",update,2,9,written,,
201462,Q2009856,"Cuneiform Tablet Princeton 2, 463",update,2,10,written,,
142956,Q1968165,"Cuneiform Tablet MVN 20, 023",update,2,10,written,,
137856,Q2054836,"Cuneiform Tablet UET 3, 1530",update,2,10,written,,
274562,Q2037351,"Cuneiform Tablet SpTU 3, 119b + SpTU 4, 191",update,2,10,written,,
431427,Q1906813,"Cuneiform Tablet AuOr 33, 215-220",update,2,9,written,,
289807,Q2015001,"Cuneiform Tablet RIMA 2.0.101.070, ex. 01",update,1,10,written,,
101437,Q1986420,"Cuneiform Tablet AnOr 07, 142",update,2,10,written,,
134779,Q2048363,Cuneiform Tablet TRU 015,update,2,9,written,,
343089,Q2023649,"Cuneiform Tablet CDLI Literary 000335, ex. 019",update,2,10,written,,
131081,Q2041429,Cuneiform Tablet TAD 39,update,2,10,written,,
129848,Q2036223,Cuneiform Tablet SNAT 087,update,2,10,written,,
136744,Q2052634,"Cuneiform Tablet UET 3, 0422",update,2,10,written,,
271330,Q2057990,"Cuneiform Tablet Emar 6/1, p. 134, Msk 731058",update,2,9,written,,
374250,Q1987489,"Cuneiform Tablet Nisaba 17, 122",update,2,10,written,,
322430,Q2043676,"Cuneiform Tablet CUSAS 03, 0875",update,2,9,written,,
106258,Q2000026,"Cuneiform Tablet BIN 03, 451",update,2,10,written,,
291164,Q2011631,"Cuneiform Tablet BPOA 07, 1950",update,2,10,written,,
104265,Q1993628,"Cuneiform Tablet AUCT 3, 032",update,2,9,written,,
388027,Q1984931,"Cuneiform Tablet Nisaba 15, 0040",update,2,9,written,,
343123,Q2027521,"Cuneiform Tablet CDLI Literary 000481, ex. 026",update,2,10,written,,
315743,Q2004428,"Cuneiform Tablet PPAC 5, 0121",update,2,10,written,,
118246,Q1965096,"Cuneiform Tablet MVN 14, 0566",update,2,10,written,,
448857,Q1987842,"Cuneiform Tablet Nisaba 19, 161",update,2,10,written,,
368273,Q2035069,"Cuneiform Tablet SCIAMVS 05, 061-062 no. 41",update,2,8,written,,
491597,Q2046367,"Cuneiform Tablet TIMA 1, 085",update,2,10,written,,
285577,Q1929767,Cuneiform Tablet KAV 117,update,2,10,written,,
380417,Q2007402,"Cuneiform Tablet PPAC 5, 1650",update,2,10,written,,
360643,Q1360805,"Cuneiform Tablet AKT 3, 034",update,2,8,written,,
336023,Q1981674,Cuneiform Tablet ADD 1263,update,2,9,written,,
113959,Q1947027,"Cuneiform Tablet MVN 04, 007",update,2,10,written,,
306495,Q2058745,Cuneiform Tablet Feuerherm diss. K083,update,1,11,written,,
127505,Q2010793,"Cuneiform Tablet RA 009, 050 SA 169",update,2,9,written,,
526829,Q2033333,Cuneiform Tablet Civil Notebook BM 047673,update,1,9,written,,
379198,Q2006491,"Cuneiform Tablet PPAC 5, 1197",update,2,10,written,,
357530,Q1370896,"Cuneiform Tablet TCL 14, 40",update,3,9,written,,
204230,Q2005993,Cuneiform Tablet BM 027630,update,2,10,written,,
111964,Q1926458,"Cuneiform Tablet JCS 23, 111 06",update,2,9,written,,
303697,Q2014947,"Cuneiform Tablet BPOA 07, 2902",update,2,10,written,,
109457,Q2060389,Cuneiform Tablet Georgica 8.1.1,update,2,10,written,,
281867,Q2063280,"Cuneiform Tablet VS 19, 33",update,2,8,written,,
122707,Q1993643,Cuneiform Tablet NYPL 169,update,2,10,written,,
201032,Q2009058,"Cuneiform Tablet Princeton 2, 034",update,2,10,written,,
387628,Q2059138,"Cuneiform Tablet Fs Lenoble 161, no. 05",update,2,10,written,,
282748,Q1926241,"Cuneiform Tablet JCS 07, 148 - 176, 67",update,2,8,written,,
10514,Q1993283,Cuneiform Tablet NTSŠ 0255,update,2,10,written,,
522539,Q2057448,"Cuneiform Tablet Edubba 10, 53",update,2,10,written,,
117449,Q1960652,"Cuneiform Tablet MVN 13, 676",update,2,10,written,,
514958,Q2051513,"Cuneiform Tablet CUSAS 40, 0174",update,2,9,written,,
115474,Q1953220,"Cuneiform Tablet MVN 08, 083",update,2,9,written,,
143214,Q2030561,"Cuneiform Tablet SAT 2, 0015",update,2,10,written,,
236341,Q2002423,"Cuneiform Tablet BIN 09, 331",update,2,9,written,,
346321,Q2055565,"Cuneiform Tablet UET 6, 0243",update,2,9,written,,
326920,Q2049093,"Cuneiform Tablet CUSAS 33, 068",update,2,9,written,,
136314,Q2051658,Cuneiform Tablet UDT 178,update,2,10,written,,
467617,Q2000618,"Cuneiform Tablet OrNS 81, 288 09",update,2,9,written,,
101067,Q1985696,"Cuneiform Tablet AnOr 01, 076",update,2,10,written,,
333734,Q1985779,"Cuneiform Tablet Nisaba 15, 0566",update,2,9,written,,
236654,Q2002668,"Cuneiform Tablet BIN 10, 110",update,2,9,written,,
331709,Q1983345,"Cuneiform Tablet Nisaba 05/2, 044",update,3,9,written,,
110699,Q2066908,"Cuneiform Tablet ITT 2, 00829",update,2,10,written,,
491578,Q2046330,"Cuneiform Tablet TIMA 1, 066",update,2,10,written,,
249359,Q1994526,"Cuneiform Tablet AUCT 5, 211",update,1,7,written,,
142813,Q1970097,"Cuneiform Tablet AAICAB 1/1, pl. 059, 1924-0555",update,2,10,written,,
115161,Q1951847,"Cuneiform Tablet MVN 07, 282",update,2,10,written,,
143701,Q2031505,"Cuneiform Tablet SAT 2, 0501",update,2,10,written,,
257347,Q2029753,"Cuneiform Tablet SAOC 44, 74",update,2,10,written,,
412202,Q2039321,"Cuneiform Tablet CTMMA 2, 029",update,2,9,written,,
517362,Q1990667,"Cuneiform Tablet Nisaba 33, 182",update,2,9,written,,
237946,Q1973916,Cuneiform Tablet ABL 0832,update,2,10,written,,
480693,Q2020248,"Cuneiform Tablet RIME 4.05.19.add03, ex. 01",update,1,10,written,,
122212,Q1980941,"Cuneiform Tablet Nik 2, 529",update,2,9,written,,
332826,Q2065267,Cuneiform Tablet IB 1546 + IB 1622a,update,2,9,written,,
250482,Q2050759,"Cuneiform Tablet CUSAS 39, 112",update,2,9,written,,
101572,Q1986681,"Cuneiform Tablet AnOr 07, 277",update,2,10,written,,
137913,Q2054949,"Cuneiform Tablet UET 3, 1587",update,2,10,written,,
136601,Q2052367,"Cuneiform Tablet UET 3, 0284",update,2,10,written,,
268404,Q2025360,"Cuneiform Tablet CDLI Literary 000365, ex. 008",update,2,10,written,,
346634,Q2029514,"Cuneiform Tablet CDLI Literary 000750, ex. 034",update,2,10,written,,
375857,Q2007647,"Cuneiform Tablet PPAC 5, 1780",update,2,10,written,,
312593,Q2008456,"Cuneiform Tablet BPOA 06, 0239",update,2,10,written,,
343436,Q2030988,"Cuneiform Tablet CDLI Literary 000782, ex. 017",update,2,10,written,,
105862,Q1999254,"Cuneiform Tablet BIN 03, 056",update,2,10,written,,
273618,Q2021317,"Cuneiform Tablet CDLI Lexical 000014, ex. 011",update,2,9,written,,
101088,Q1985739,"Cuneiform Tablet AnOr 01, 097",update,2,10,written,,
104770,Q1995040,"Cuneiform Tablet Babyloniaca 07, 078 12",update,2,9,written,,
369874,Q1935313,"Cuneiform Tablet MDP 27, 126",update,2,7,written,,
119841,Q1967351,"Cuneiform Tablet MVN 18, 480",update,2,10,written,,
357025,Q2026417,"Cuneiform Tablet CDLI Literary 000379, ex. 100",update,2,10,written,,
281888,Q2063268,"Cuneiform Tablet VS 19, 21",update,2,8,written,,
303678,Q2014874,"Cuneiform Tablet BPOA 07, 2883",update,2,10,written,,
127010,Q2008496,"Cuneiform Tablet Princeton 1, 321",update,2,10,written,,
380102,Q2007134,"Cuneiform Tablet PPAC 5, 1511",update,2,10,written,,
336536,Q2023257,Cuneiform Tablet RMA 238,update,2,10,written,,
360356,Q1360490,"Cuneiform Tablet TPAK 1, 144",update,2,8,written,,
110363,Q2064239,"Cuneiform Tablet HSS 04, 090",update,2,9,written,,
201177,Q2009333,"Cuneiform Tablet Princeton 2, 179",update,2,10,written,,
125187,Q2001287,"Cuneiform Tablet OrSP 47-49, 297",update,2,10,written,,
304017,Q1989316,"Cuneiform Tablet Nisaba 27, 207",update,2,10,written,,
122642,Q1993517,Cuneiform Tablet NYPL 106,update,2,10,written,,
281922,Q2063334,"Cuneiform Tablet VS 21, 02",update,2,8,written,,
109512,Q2062117,Cuneiform Tablet Hirose 041,update,2,9,written,,
144494,Q2033060,"Cuneiform Tablet SAT 3, 1294",update,2,10,written,,
236204,Q2002161,"Cuneiform Tablet BIN 09, 194",update,2,9,written,,
123950,Q1997880,"Cuneiform Tablet OIP 121, 220",update,2,10,written,,
143351,Q2030826,"Cuneiform Tablet SAT 2, 0150",update,2,10,written,,
256805,Q2029018,"Cuneiform Tablet CDLI Literary 000656, ex. 002",update,2,10,written,,
527384,Q1982512,"Cuneiform Tablet AfO Beih 06, TH 051",update,1,10,written,,
115531,Q1953447,"Cuneiform Tablet MVN 08, 140",update,2,9,written,,
312439,Q1925907,"Cuneiform Tablet JCS 02, 167 YBC 12525",update,2,10,written,,
136251,Q2051524,Cuneiform Tablet UDT 117,update,2,10,written,,
324858,Q2048027,"Cuneiform Tablet CUSAS 20, 329",update,2,9,written,,
131594,Q2043046,"Cuneiform Tablet TCL 02, 5504",update,2,10,written,,
346264,Q2028156,"Cuneiform Tablet CDLI Literary 000561, ex. 006",update,2,10,written,,
310404,Q1938623,"Cuneiform Tablet MSL SS 1, 017-027",update,1,10,written,,
101122,Q1985806,"Cuneiform Tablet AnOr 01, 131",update,2,10,written,,
467752,Q2048761,"Cuneiform Tablet CUSAS 26, 234",update,2,10,written,,
273248,Q2060496,Cuneiform Tablet Gilgamesh II 066-067,update,2,10,written,,
376328,Q1988332,"Cuneiform Tablet Nisaba 23, 073",update,2,10,written,,
135884,Q2050456,Cuneiform Tablet TUT 290,update,2,10,written,,
104320,Q1993738,"Cuneiform Tablet AUCT 3, 089",update,2,9,written,,
358780,Q1359401,"Cuneiform Tablet CCT 5, 22, BM 115166",update,3,8,written,,
536595,Q1368015,"Cuneiform Tablet AKT 9a, 091",update,2,8,written,,
393684,Q2026461,"Cuneiform Tablet SAA 19, 206",update,2,10,written,,
316929,Q2003385,Cuneiform Artifact BM 015584,update,2,10,written,,
291021,Q1974116,Cuneiform Tablet NBC 02310,update,2,10,written,,
322575,Q2042451,"Cuneiform Tablet CUSAS 03, 0084",update,2,9,written,,
368336,Q1372560,Cuneiform Tablet JLD 01,update,2,8,written,,
118303,Q1965784,"Cuneiform Tablet MVN 15, 023 = 043",update,2,9,written,,
359892,Q1369694,"Cuneiform Tablet ICK 2, 307",update,3,8,written,,
134796,Q2048399,Cuneiform Tablet TRU 032,update,2,9,written,,
360706,Q1360868,"Cuneiform Tablet AKT 3, 097",update,2,8,written,,
387297,Q1892823,"Cuneiform Tablet TCL 17, 001",update,1,10,written,,
380552,Q2007509,"Cuneiform Tablet PPAC 5, 1704",update,2,10,written,,
357475,Q1370849,"Cuneiform Tablet TCL 04, 140",update,3,9,written,,
120385,Q1968834,"Cuneiform Tablet MVN 21, 148",update,2,10,written,,
111821,Q1925939,"Cuneiform Tablet JCS 02, 185 NBC 5261",update,2,10,written,,
363080,Q1987146,"Cuneiform Tablet Nisaba 16, 166",update,2,10,written,,
142110,Q2064791,"Cuneiform Tablet YOS 04, 046",update,2,10,written,,
127440,Q2010610,"Cuneiform Tablet RA 009, 048 SA 110",update,2,9,written,,
111088,Q1923342,"Cuneiform Tablet ITT 3, 05033",update,2,10,written,,
114770,Q1950158,"Cuneiform Tablet MVN 06, 337",update,2,10,written,,
109841,Q2062761,Cuneiform Tablet Hirose 370,update,2,10,written,,
521600,Q1975165,"Cuneiform Tablet AchHIst 15, 113",update,2,10,written,,
237045,Q1974348,Cuneiform Tablet ABL 1100,update,2,10,written,,
332125,Q2004062,"Cuneiform Tablet PPAC 4, 206",update,2,9,written,,
516573,Q2054525,"Cuneiform Tablet CUSAS 40, 1789",update,2,9,written,,
10902,Q2049615,Cuneiform Tablet TSŠ 0765,update,2,10,written,,
256556,Q1926922,"Cuneiform Tablet JCS 36, 169, UM 29-15-879",update,2,10,written,,
115862,Q1954919,"Cuneiform Tablet MVN 10, 089",update,2,10,written,,
200336,Q1981513,"Cuneiform Tablet Nisaba 01, 282",update,2,10,written,,
275236,Q2065349,Cuneiform Tablet ICP varia 39,update,2,9,written,,
370356,Q1932833,"Cuneiform Tablet LTBA 1, 33",update,3,8,written,,
450972,Q1988313,Cuneiform Artifact P450972,update,1,6,written,,
390102,Q1931681,Cuneiform Tablet LB 3034,update,2,9,written,,
100363,Q1983439,Cuneiform Tablet Aleppo 031,update,2,10,written,,
481082,Q1931090,"Cuneiform Tablet LAOS 1, 39",update,2,9,written,,
518994,Q2021322,"Cuneiform Artifact RINBE 2, Nabonidus 28, ex. 03",update,2,10,written,,
345018,Q2007842,Cuneiform Tablet PRAK D 002,update,2,8,written,,
313678,Q2037233,"Cuneiform Tablet CT 53, 263",update,2,10,written,,
291888,Q2009815,"Cuneiform Tablet BPOA 06, 1393",update,2,10,written,,
498759,Q1362310,"Cuneiform Tablet AKT 5, 31",update,1,10,written,,
137010,Q2053159,"Cuneiform Tablet UET 3, 0688",update,2,10,written,,
454198,Q1986638,"Cuneiform Tablet Nisaba 15, 1046",update,2,9,written,,
342227,Q1999035,"Cuneiform Tablet BiMes 24, 21",update,2,10,written,,
132212,Q2044684,"Cuneiform Tablet TCTI 2, 02599",update,2,10,written,,
313382,Q1892959,"Cuneiform Tablet CT 43, 092",update,1,10,written,,
462803,Q2025880,"Cuneiform Tablet CDLI Literary 000371, ex. 010",update,2,10,written,,
290260,Q2013555,"Cuneiform Tablet BPOA 07, 2430",update,2,10,written,,
105161,Q1997494,"Cuneiform Tablet BCT 1, 059",update,2,9,written,,
100699,Q1984099,Cuneiform Tablet Aleppo 367,update,2,10,written,,
1,Q1906825,"Cuneiform Tablet CDLI Lexical 000002, ex. 065",update,2,9,written,,
349938,Q1938544,"Cuneiform Tablet MSL 17 pl. 7, Ashm 1924-1565",update,2,8,written,,
516089,Q2053670,"Cuneiform Tablet CUSAS 40, 1305",update,2,9,written,,
356634,Q2031276,"Cuneiform Tablet CDLI Literary 000792, ex. 002",update,2,10,written,,
298650,Q2065215,"Cuneiform Tablet HUCA 49, 015 & 057 24",update,2,10,written,,
205134,Q1969686,"Cuneiform Tablet MVN 22, 175",update,2,10,written,,
235582,Q2060768,Cuneiform Tablet USC 6772,update,1,10,written,,
252846,Q2050393,"Cuneiform Tablet CUSAS 35, 421",update,2,9,written,,
111572,Q1925016,"Cuneiform Tablet ITT 5, 06864",update,2,10,written,,
357926,Q1371288,"Cuneiform Tablet RA 081, 003-096 033",update,3,9,written,,
361547,Q1371865,Cuneiform Tablet Innaya 262,update,3,8,written,,
127913,Q2011937,"Cuneiform Tablet RA 058, 105, 093",update,2,10,written,,
381713,Q2042956,"Cuneiform Tablet TCBI 2/2, 59",update,2,9,written,,
108303,Q2035277,Cuneiform Tablet CST (JRL) 796,update,2,10,written,,
123053,Q2002494,Cuneiform Tablet OTR 118,update,2,9,written,,
124796,Q2000632,"Cuneiform Tablet OrSP 02, 58 Wengler 40",update,2,9,written,,
200766,Q2059734,Cuneiform Tablet Fs Szarzynska 105 B-G 3,update,2,9,written,,
516123,Q2053734,"Cuneiform Tablet CUSAS 40, 1339",update,2,9,written,,
349892,Q2065525,"Cuneiform Tablet IrAnt 31, 79 281",update,2,7,written,,
235428,Q2060418,Cuneiform Tablet USC 6616,update,2,10,written,,
348780,Q2037485,"Cuneiform Tablet SpTU 4, 188",update,2,9,written,,
114320,Q1948628,"Cuneiform Tablet MVN 05, 100",update,2,9,written,,
330548,Q1971690,"Cuneiform Tablet AAICAB 1/4, Bod S 480",update,2,10,written,,
201874,Q2059778,"Cuneiform Tablet UMTBM 03, 12",update,2,10,written,,
142540,Q2066385,"Cuneiform Tablet ZA 053, 055 04",update,2,10,written,,
203849,Q2005938,Cuneiform Tablet BM 027496,update,2,10,written,,
332575,Q2036063,Cuneiform Tablet Smithsonian 03,update,2,9,written,,
237415,Q2039031,"Cuneiform Tablet CT 54, 541",update,2,10,written,,
145285,Q2034617,"Cuneiform Tablet SAT 3, 2085",update,2,10,written,,
472550,Q1932411,Cuneiform Tablet Lippmann Coll 250,update,2,9,written,,
407450,Q2065000,"Cuneiform Tablet HSS 68, 487",update,2,9,written,,
130385,Q2037807,Cuneiform Tablet STA 35,update,3,9,written,,
451230,Q1988576,Cuneiform Artifact P451230,update,1,7,written,,
345448,Q2036128,"Cuneiform Tablet CT 15, pl. 11-12, BM 029644",update,1,9,written,,
137440,Q2054009,"Cuneiform Tablet UET 3, 1115",update,2,10,written,,
534951,Q1368336,"Cuneiform Tablet AKT 6b, 482",update,1,9,written,,
430723,Q2061992,"Cuneiform Tablet VFMOS 2/3, 20",update,2,8,written,,
535643,Q1367633,"Cuneiform Tablet AKT 6e, 1019",update,1,9,written,,
326166,Q2049297,"Cuneiform Tablet CUSAS 33, 172",update,2,9,written,,
100733,Q1984167,Cuneiform Tablet Aleppo 401,update,2,10,written,,
341958,Q1992679,Cuneiform Tablet NMSA 3702,update,2,10,written,,
133950,Q2043859,Cuneiform Tablet TCND 311,update,2,10,written,,
323364,Q2043774,"Cuneiform Tablet CUSAS 03, 0928",update,2,9,written,,
290630,Q2033386,"Cuneiform Tablet CM 26, 012",update,2,10,written,,
451,Q2020092,"Cuneiform Tablet CDLI Lexical 000002, ex. 049",update,2,8,written,,
429502,Q2024476,"Cuneiform Tablet RSO 05/1, p. 313 fig. 41b, RS 25.415",update,2,9,written,,
105531,Q1998209,"Cuneiform Tablet BCT 2, 291",update,2,9,written,,
135187,Q2049710,Cuneiform Tablet TSU 016,update,2,10,written,,
291922,Q2009879,"Cuneiform Tablet BPOA 06, 1426",update,2,10,written,,
338482,Q2039085,"Cuneiform Tablet STT 2, 162",update,2,8,written,,
386486,Q1892798,"Cuneiform Tablet TCL 01, 050",update,1,10,written,,
111122,Q1923399,"Cuneiform Tablet ITT 3, 05133",update,2,10,written,,
405197,Q1995307,"Cuneiform Tablet BagM 31, 143-144 356",update,3,9,written,,
361117,Q1369093,Cuneiform Tablet POAT 04,update,3,8,written,,
497506,Q2064346,"Cuneiform Tablet WVDOG 143, 135",update,2,10,written,,
278054,Q2027265,"Cuneiform Tablet CDLI Literary 000434, ex. 002",update,2,10,written,,
334858,Q1974695,Cuneiform Tablet ABL 1349,update,2,10,written,,
522885,Q1983275,"Cuneiform Tablet Akkadica Supp. 13, ACP 36",update,2,10,written,,
205564,Q2005477,Cuneiform Tablet BM 025348,update,2,10,written,,
253304,Q2050162,"Cuneiform Tablet CUSAS 35, 303",update,2,9,written,,
356264,Q2029810,"Cuneiform Tablet CDLI Literary 000754, ex. 045",update,2,10,written,,
136178,Q2051047,Cuneiform Tablet UDT 046,update,2,10,written,,
453827,Q1985520,"Cuneiform Tablet Nisaba 15, 0410",update,2,9,written,,
128166,Q2024191,Cuneiform Tablet Rochester 061,update,2,10,written,,
103236,Q1991563,"Cuneiform Tablet AUCT 1, 391",update,2,9,written,,
313802,Q2037426,"Cuneiform Tablet CT 53, 388",update,2,10,written,,
120556,Q1969170,"Cuneiform Tablet MVN 21, 319",update,2,10,written,,
515426,Q2052398,"Cuneiform Tablet CUSAS 40, 0642",update,2,9,written,,
203263,Q1984616,"Cuneiform Tablet Nisaba 10, 078",update,2,10,written,,
116937,Q1958432,"Cuneiform Tablet MVN 13, 165",update,2,10,written,,
117625,Q1961310,"Cuneiform Tablet MVN 13, 853",update,2,10,written,,
127293,Q2010361,"Cuneiform Tablet RA 008, 156, AO 5649",update,2,10,written,,
522755,Q1929215,"Cuneiform Tablet KAM 11, 096",update,3,7,written,,
108929,Q2055195,Cuneiform Tablet DAS 177,update,2,10,written,,
427635,Q2048605,"Cuneiform Tablet CUSAS 26, 054",update,1,9,written,,
331070,Q1982469,"Cuneiform Tablet Nisaba 05/1, 007",update,3,9,written,,
282524,Q2010256,"Cuneiform Tablet PRU 4, pl. 90 RS 19.0122",update,3,8,written,,
10778,Q2049394,Cuneiform Tablet TSŠ 0210,update,2,10,written,,
334788,Q1974495,Cuneiform Tablet ABL 1199,update,2,10,written,,
115618,Q1953861,"Cuneiform Tablet MVN 08, 228",update,2,10,written,,
143078,Q1968405,"Cuneiform Tablet MVN 20, 145",update,2,10,written,,
112427,Q1930748,Cuneiform Tablet Kyoto 22,update,2,9,written,,
409767,Q1906863,"Cuneiform Tablet CDLI Literary 000563, ex. add",update,1,8,written,,
144247,Q2032574,"Cuneiform Tablet SAT 2, 1047",update,2,10,written,,
143582,Q2031273,"Cuneiform Tablet SAT 2, 0382",update,2,10,written,,
334272,Q1973164,Cuneiform Tablet ABL 0397,update,2,10,written,,
348850,Q2037633,"Cuneiform Tablet SpTU 5, 263",update,2,8,written,,
412081,Q1985888,"Cuneiform Tablet Nisaba 15, 0631",update,2,9,written,,
349742,Q1987461,"Cuneiform Tablet AOAT 275, 583, BM 071930",update,2,8,written,,
417779,Q1997122,"Cuneiform Tablet BATSH 9, 068",update,2,9,written,,
206061,Q2005441,Cuneiform Tablet BM 025315,update,2,10,written,,
122091,Q1980727,"Cuneiform Tablet Nik 2, 408",update,2,9,written,,
512619,Q894238,"Cuneiform Tablet TMH 10, 087",update,4,8,written,,
510624,Q1893774,"Cuneiform Tablet AbB 12, 101",update,1,10,written,,
138865,Q2057669,"Cuneiform Tablet UET 9, 0735",update,2,10,written,,
273161,Q2060419,Cuneiform Tablet Gilgamesh II 014ff,update,1,10,written,,
376001,Q1988182,"Cuneiform Tablet Nisaba 23, 004",update,2,10,written,,
325199,Q2046268,"Cuneiform Tablet CUSAS 14, 006",update,1,9,written,,
104009,Q1993124,"Cuneiform Tablet AUCT 2, 191",update,2,9,written,,
276699,Q2026966,"Cuneiform Tablet CDLI Literary 000396, ex. 036",update,2,10,written,,
106034,Q1999600,"Cuneiform Tablet BIN 03, 228",update,2,10,written,,
291308,Q2009295,"Cuneiform Tablet BPOA 06, 1124",update,2,10,written,,
531179,Q1996060,"Cuneiform Tablet BATSH 18, 64",update,2,9,written,,
535993,Q1366044,"Cuneiform Tablet AKT 7a, 174",update,2,8,written,,
136482,Q2052134,"Cuneiform Tablet UET 3, 0165",update,2,10,written,,
131347,Q2030229,"Cuneiform Tablet SAT 1, 238",update,2,10,written,,
406492,Q1988098,"Cuneiform Tablet Nisaba 22, 125",update,2,9,written,,
536716,Q1363960,"Cuneiform Tablet AKT 10, 45A & 45B",update,2,7,written,,
358503,Q1359118,"Cuneiform Tablet CCT 1, 07, BM 113470",update,3,8,written,,
465016,Q2015064,"Cuneiform Tablet RIMA 3.0.102.006, ex. 05",update,2,10,written,,
325033,Q2042443,"Cuneiform Tablet CUSAS 03, 0080",update,2,9,written,,
374196,Q1987405,"Cuneiform Tablet Nisaba 17, 068",update,2,10,written,,
128536,Q2025377,Cuneiform Tablet RTC 383,update,2,10,written,,
103666,Q1992438,"Cuneiform Tablet AUCT 1, 821",update,2,9,written,,
118180,Q1964586,"Cuneiform Tablet MVN 14, 0500",update,2,10,written,,
102974,Q1991038,"Cuneiform Tablet AUCT 1, 128",update,2,9,written,,
430959,Q2029584,"Cuneiform Tablet CDLI Literary 000751, ex. 020",update,2,9,written,,
136528,Q2052224,"Cuneiform Tablet UET 3, 0211",update,2,10,written,,
535839,Q1363395,"Cuneiform Tablet AKT 7a, 022",update,2,8,written,,
372941,Q1893414,"Cuneiform Tablet VS 16, 086",update,1,10,written,,
117275,Q1959937,"Cuneiform Tablet MVN 13, 502",update,2,10,written,,
360585,Q1360747,"Cuneiform Tablet AKT 2, 41",update,2,8,written,,
331420,Q1982937,"Cuneiform Tablet Nisaba 05/1, 390",update,3,9,written,,
282174,Q1928574,Cuneiform Tablet KAJ 161,update,2,8,written,,
120106,Q1967874,"Cuneiform Tablet MVN 18, 745",update,2,10,written,,
143428,Q2030972,"Cuneiform Tablet SAT 2, 0227",update,2,10,written,,
115248,Q1952251,"Cuneiform Tablet MVN 07, 391",update,2,10,written,,
515076,Q2051727,"Cuneiform Tablet CUSAS 40, 0292",update,2,9,written,,
20264,Q2063544,"Cuneiform Tablet VS 25, 057",update,2,10,written,,
335930,Q1981492,Cuneiform Tablet ADD 1136,update,2,10,written,,
125304,Q2001508,"Cuneiform Tablet OrSP 47-49, 414",update,2,10,written,,
299368,Q2030364,"Cuneiform Tablet CDLI Literary 000764, ex. 019",update,1,10,written,,
303551,Q2014459,"Cuneiform Tablet BPOA 07, 2776",update,2,10,written,,
109791,Q2062685,Cuneiform Tablet Hirose 320,update,2,10,written,,
145905,Q2059629,Cuneiform Tablet UMinn 18,update,1,9,written,,
127339,Q2010516,"Cuneiform Tablet RA 009, 042 SA 17 (pl.1)",update,2,9,written,,
144617,Q2033305,"Cuneiform Tablet SAT 3, 1417",update,2,10,written,,
236087,Q2001939,"Cuneiform Tablet BIN 09, 077",update,2,9,written,,
139327,Q2058591,"Cuneiform Tablet UET 9, 1197",update,2,10,written,,
108883,Q2055103,Cuneiform Tablet DAS 116,update,2,10,written,,
334622,Q1974058,Cuneiform Tablet ABL 0911,update,2,10,written,,
131717,Q2043274,"Cuneiform Tablet TCL 02, 5628",update,2,10,written,,
519956,Q2042227,Cuneiform Tablet CUNES 58-01-146,update,2,9,written,,
130805,Q2040862,Cuneiform Tablet Syracuse 254,update,2,9,written,,
389909,Q1931530,Cuneiform Tablet LB 2306,update,2,9,written,,
104459,Q1994014,"Cuneiform Tablet AUCT 3, 240",update,2,9,written,,
245950,Q1987851,"Cuneiform Tablet ARET 12, 0337 + unp. frag.",update,2,9,written,,
106464,Q2000432,"Cuneiform Tablet BIN 05, 030",update,2,10,written,,
291758,Q2011078,"Cuneiform Tablet BPOA 07, 1813",update,2,10,written,,
135754,Q2050196,Cuneiform Tablet TUT 164-18,update,2,10,written,,
358850,Q1359469,"Cuneiform Tablet CCT 5, 44 BM 077810",update,3,8,written,,
289738,Q1975700,Cuneiform Tablet NBC 11669,update,2,10,written,,
132091,Q2042088,Cuneiform Tablet Tavolette 307,update,2,10,written,,
128865,Q2027037,"Cuneiform Tablet SACT 1, 110",update,2,10,written,,
137769,Q2054664,"Cuneiform Tablet UET 3, 1444",update,2,10,written,,
404856,Q1975226,"Cuneiform Tablet AchHist 15, 143",update,2,10,written,,
359742,Q1369563,"Cuneiform Tablet ICK 2, 155",update,3,8,written,,
134846,Q2048496,Cuneiform Tablet TRU 082,update,2,9,written,,
372412,Q1893363,"Cuneiform Tablet VS 07, 192",update,2,10,written,,
282,Q2021791,"Cuneiform Tablet CDLI Lexical 000023, ex. 066",update,2,9,written,,
141946,Q2062175,"Cuneiform Tablet ViOr 8/1, 004",update,2,10,written,,
331973,Q1983801,"Cuneiform Tablet Nisaba 05/2, 312",update,3,9,written,,
514237,Q2038517,"Cuneiform Tablet StAT 3, 017",update,2,10,written,,
416492,Q2064168,Cuneiform Tablet Whitman 2,update,2,9,written,,
235701,Q2059387,"Cuneiform Tablet Fs Pettinato 044, 6",update,2,9,written,,
121347,Q1973251,Cuneiform Tablet NATN 649,update,2,10,written,,
330661,Q1971909,"Cuneiform Tablet AAICAB 1/4, TCICA 09",update,2,9,written,,
263161,Q2029034,"Cuneiform Tablet CDLI Literary 000663, ex. 003",update,2,10,written,,
279995,Q1971659,Cuneiform Tablet N 6092,update,2,9,written,,
142669,Q1969868,"Cuneiform Tablet AAICAB 1/1, pl. 019, 1911-156",update,2,10,written,,
335199,Q1980039,Cuneiform Tablet ADD 0252,update,2,9,written,,
114009,Q1947232,"Cuneiform Tablet MVN 04, 057",update,2,10,written,,
335463,Q1980560,Cuneiform Tablet ADD 0526,update,2,9,written,,
142393,Q2065695,"Cuneiform Tablet YOS 15, 101",update,2,10,written,,
303802,Q2015327,"Cuneiform Tablet BPOA 07, 3001",update,2,10,written,,
145456,Q1994677,"Cuneiform Tablet AuOr 16, 253, 3",update,2,9,written,,
363203,Q1975480,Cuneiform Tablet ACT 0181,update,2,9,written,,
122992,Q2002366,Cuneiform Tablet OTR 057,update,2,9,written,,
472383,Q1932071,Cuneiform Tablet Lippmann Coll 083,update,2,9,written,,
138166,Q2056280,"Cuneiform Tablet UET 9, 0035",update,2,10,written,,
113236,Q1943588,"Cuneiform Tablet MVN 01, 203",update,2,9,written,,
329440,Q2042551,"Cuneiform Tablet CUSAS 03, 0134",update,2,9,written,,
521483,Q1990595,"Cuneiform Tablet Athar Al-Rafedain 5, 058 no. 20",update,2,10,written,,
123680,Q1996602,"Cuneiform Tablet OIP 115, 048",update,2,10,written,,
202188,Q2005087,"Cuneiform Tablet PPAC 5, 0472",update,2,10,written,,
124145,Q1998272,"Cuneiform Tablet OIP 121, 415",update,2,10,written,,
416168,Q2046832,"Cuneiform Tablet CUSAS 16, 083",update,2,9,written,,
298129,Q1974860,Cuneiform Tablet NBC 05212,update,2,10,written,,
290519,Q2013298,"Cuneiform Tablet BPOA 07, 2366",update,2,10,written,,
107625,Q2033993,Cuneiform Tablet CST (JRL) 113,update,2,10,written,,
519405,Q2059665,Cuneiform Tablet Fs Sommerfeld & Krebernik 240-258 01,update,2,9,written,,
292524,Q2008881,"Cuneiform Tablet BPOA 06, 0913",update,2,10,written,,
324788,Q2042977,"Cuneiform Tablet CUSAS 03, 0356",update,2,9,written,,
105618,Q1998365,"Cuneiform Tablet BE 03/1, 066",update,2,10,written,,
130556,Q2040374,Cuneiform Tablet Syracuse 005,update,2,9,written,,
106937,Q2007297,Cuneiform Tablet BM Messenger 058,update,2,10,written,,
407283,Q2064951,"Cuneiform Tablet HSS 68, 351",update,2,9,written,,
137293,Q2053709,"Cuneiform Tablet UET 3, 0968",update,2,10,written,,
129327,Q2027909,Cuneiform Tablet SAKF 057,update,2,10,written,,
102077,Q1989186,"Cuneiform Tablet ASJ 03, 168 153",update,2,10,written,,
297376,Q1370433,"Cuneiform Tablet BIN 06, 171",update,3,9,written,,
324622,Q1990136,"Cuneiform Tablet Nisaba 32, 115",update,2,9,written,,
359312,Q1360044,Cuneiform Tablet Prag 733,update,2,9,written,,
314294,Q2038317,"Cuneiform Tablet CT 53, 885",update,2,10,written,,
247594,Q2010322,"Cuneiform Tablet RA 006, 139 Enz. 1",update,2,10,written,,
135304,Q2044022,Cuneiform Tablet TCNU 458,update,2,10,written,,
313551,Q2037004,"Cuneiform Tablet CT 53, 136",update,2,10,written,,
345331,Q2025278,"Cuneiform Tablet CDLI Literary 000364, ex. 044",update,2,10,written,,
500274,Q2041434,"Cuneiform Tablet CTPSM 1, 084",update,2,9,written,,
405314,Q1982291,"Cuneiform Tablet Nisaba 04/2, 02",update,2,9,written,,
238099,Q1973958,Cuneiform Tablet ABL 0856,update,2,10,written,,
498470,Q2028133,"Cuneiform Artifact SANER 3, 2.02.01.02 (C11/B), ex. 05",update,2,10,written,,
119791,Q1967251,"Cuneiform Tablet MVN 18, 430",update,2,10,written,,
338601,Q2039308,"Cuneiform Tablet STT 2, 283",update,2,8,written,,
137339,Q2053812,"Cuneiform Tablet UET 3, 1014",update,2,10,written,,
248661,Q1970379,"Cuneiform Tablet AAICAB 1/2, pl. 102, 1937-050",update,2,10,written,,
120805,Q1972359,Cuneiform Tablet NATN 107,update,2,10,written,,
330231,Q2033265,Cuneiform Tablet Christie's London 20001207: Lot 675 Sale 9540 06,update,2,9,written,,
235351,Q2060258,Cuneiform Tablet USC 6538,update,2,10,written,,
142239,Q2065044,"Cuneiform Tablet YOS 04, 175",update,2,10,written,,
114459,Q1949114,"Cuneiform Tablet MVN 05, 239",update,2,9,written,,
140204,Q2061439,"Cuneiform Tablet UTI 3, 2185",update,2,10,written,,
116464,Q1956740,"Cuneiform Tablet MVN 12, 202",update,2,10,written,,
361394,Q1361174,Cuneiform Tablet Fs Günbattı p. 53-55 text 4,update,2,8,written,,
515975,Q2053451,"Cuneiform Tablet CUSAS 40, 1191",update,2,9,written,,
424449,Q2014847,"Cuneiform Tablet RIMA 2.0.101.026, ex. 14",update,2,9,written,,
521529,Q1975010,"Cuneiform Tablet AchHist 15, 036",update,2,10,written,,
122838,Q1993883,Cuneiform Tablet NYPL 300,update,2,10,written,,
281758,Q1929755,Cuneiform Tablet KAV 108,update,2,8,written,,
387917,Q1986684,"Cuneiform Tablet Nisaba 15, 1075",update,2,9,written,,
298083,Q1974774,Cuneiform Tablet NBC 05160,update,2,10,written,,
282877,Q2065869,"Cuneiform Tablet Iraq 30, pl. 69 TR 0108",update,4,7,written,,
108180,Q2035038,Cuneiform Tablet CST (JRL) 663,update,2,10,written,,
329010,Q2047039,"Cuneiform Tablet CUSAS 19, 044",update,2,9,written,,
362941,Q1986868,"Cuneiform Tablet Nisaba 16, 027",update,2,10,written,,
124515,Q1998956,"Cuneiform Tablet Ontario 1, 102",update,2,10,written,,
335033,Q1979703,Cuneiform Tablet ADD 0081,update,2,9,written,,
348503,Q2036911,"Cuneiform Tablet SpTU 1, 082",update,2,8,written,,
237696,Q2007904,"Cuneiform Tablet BPO 4, 201 E, 1891-05-09, 0164",update,2,10,written,,
138536,Q2057007,"Cuneiform Tablet UET 9, 0405",update,2,10,written,,
145006,Q2034073,"Cuneiform Tablet SAT 3, 1806",update,2,10,written,,
113666,Q1945293,"Cuneiform Tablet MVN 02, 367",update,2,9,written,,
480943,Q1928899,"Cuneiform Tablet KAL 02, 032",update,2,10,written,,
292174,Q2010913,"Cuneiform Tablet BPOA 07, 1772",update,2,10,written,,
519055,Q2021576,"Cuneiform Artifact RINBE 2, Nabonidus 32, ex. 11",update,2,10,written,,
105248,Q1997662,"Cuneiform Tablet BCT 2, 007",update,2,9,written,,
138023,Q2055162,"Cuneiform Tablet UET 3, 1697",update,2,10,written,,
237383,Q2010036,Cuneiform Tablet PRT 038,update,2,10,written,,
328,Q2021256,"Cuneiform Tablet CDLI Lexical 000013, ex. 019",update,2,9,written,,
113373,Q1944055,"Cuneiform Tablet MVN 02, 074",update,2,9,written,,
363346,Q1995486,"Cuneiform Tablet BagM Beih. 02, 082",update,3,8,written,,
335526,Q1980687,Cuneiform Tablet ADD 0608,update,2,9,written,,
145513,Q1983066,"Cuneiform Tablet Akkadica 114-115, 099 20",update,2,10,written,,
124000,Q1997982,"Cuneiform Tablet OIP 121, 270",update,2,10,written,,
356008,Q1984808,"Cuneiform Tablet Nisaba 13, 093",update,2,10,written,,
256690,Q2025376,"Cuneiform Tablet CDLI Literary 000365, ex. 016",update,2,10,written,,
414010,Q1932655,Cuneiform Tablet LKA 100,update,2,10,written,,
108495,Q2035600,"Cuneiform Tablet CT 07, pl. 07, BM 012925",update,2,10,written,,
292461,Q2009558,"Cuneiform Tablet BPOA 06, 1261",update,2,10,written,,
297399,Q1370451,"Cuneiform Tablet BIN 06, 110",update,3,9,written,,
102098,Q1989212,"Cuneiform Tablet ASJ 03, 175 174",update,2,10,written,,
370090,Q1935149,"Cuneiform Tablet MDP 18, 056",update,2,8,written,,
323108,Q2048152,"Cuneiform Tablet CUSAS 20, 392",update,1,9,written,,
107760,Q2034248,Cuneiform Tablet CST (JRL) 246,update,2,10,written,,
106872,Q2003275,"Cuneiform Tablet BJRL 64, 114 78",update,1,10,written,,
273927,Q2000473,"Cuneiform Tablet Orient 55, 152 08",update,2,9,written,,
498165,Q2049150,Cuneiform Tablet TS 007,update,2,9,written,,
128920,Q2027147,"Cuneiform Tablet SACT 1, 165",update,2,10,written,,
358915,Q1359532,"Cuneiform Tablet CCT 6, 19, BM 115096",update,3,8,written,,
135611,Q2049934,Cuneiform Tablet TUT 040,update,2,10,written,,
134903,Q2048600,Cuneiform Tablet TRU 139,update,2,9,written,,
315893,Q2003341,Cuneiform Tablet BM 014167,update,1,10,written,,
359607,Q1369437,"Cuneiform Tablet ICK 2, 016",update,3,8,written,,
432572,Q2019395,"Cuneiform Tablet RIME 4.04.01.03, ex. 007",update,2,10,written,,
404913,Q2032266,"Cuneiform Tablet CDLI Literary 002701.01, ex. 011 & 002718.05, ex. 015",update,2,10,written,,
102562,Q1990126,"Cuneiform Tablet ASJ 15, 127 96",update,2,10,written,,
331836,Q1983556,"Cuneiform Tablet Nisaba 05/2, 173",update,3,9,written,,
121202,Q1972974,Cuneiform Tablet NATN 504,update,2,10,written,,
254357,Q1971650,Cuneiform Tablet N 6066 + Ist Ni 02305,update,2,10,written,,
360993,Q1372479,Cuneiform Tablet KTH 03,update,2,9,written,,
361681,Q1359018,"Cuneiform Tablet Or 36, 396A.2",update,3,8,written,,
202537,Q1983988,"Cuneiform Tablet Nisaba 08, 015",update,2,10,written,,
116171,Q1956005,"Cuneiform Tablet MVN 11, 158",update,2,9,written,,
237679,Q2039055,"Cuneiform Tablet CT 54, 564",update,2,10,written,,
113689,Q1945821,"Cuneiform Tablet MVN 03, 129",update,2,10,written,,
283270,Q1934260,"Cuneiform Tablet MARV 6, 52",update,2,8,written,,
143994,Q2032086,"Cuneiform Tablet SAT 2, 0794",update,2,10,written,,
124450,Q1998824,"Cuneiform Tablet Ontario 1, 037",update,2,10,written,,
527941,Q2045465,"Cuneiform Tablet Tell Halaf 3/2, 211 TH07A-0204",update,1,9,written,,
253538,Q2044717,"Cuneiform Tablet CUSAS 03, 1519",update,2,9,written,,
329155,Q2047639,"Cuneiform Tablet CUSAS 20, 132",update,2,8,written,,
112831,Q1934825,"Cuneiform Tablet MCS 7, 05 CBS 7287",update,2,10,written,,
123395,Q1997353,"Cuneiform Tablet OIP 115, 446",update,2,10,written,,
145143,Q2034343,"Cuneiform Tablet SAT 3, 1943",update,2,10,written,,
138473,Q2056867,"Cuneiform Tablet UET 9, 0342",update,2,10,written,,
113723,Q1945980,"Cuneiform Tablet MVN 03, 163",update,2,10,written,,
348446,Q2036797,"Cuneiform Tablet SpTU 1, 025",update,2,8,written,,
335176,Q1979993,Cuneiform Tablet ADD 0229,update,2,10,written,,
363716,Q2043494,"Cuneiform Tablet TCL 06, 44",update,2,9,written,,
137786,Q2054698,"Cuneiform Tablet UET 3, 1461",update,2,10,written,,
269583,Q2030560,"Cuneiform Tablet CDLI Literary 000768, ex. 019",update,1,10,written,,
480806,Q1987031,Cuneiform Tablet P480806,update,1,10,written,,
406884,Q2064659,"Cuneiform Tablet HSS 68, 116",update,2,9,written,,
292031,Q1973895,Cuneiform Tablet NBC 00372,update,2,10,written,,
535585,Q1365865,"Cuneiform Tablet AKT 6e, 961",update,1,9,written,,
136894,Q2052934,"Cuneiform Tablet UET 3, 0572",update,2,10,written,,
107330,Q2015871,"Cuneiform Artifact BRM 3, 129",update,2,9,written,,
297233,Q1370334,"Cuneiform Tablet BIN 06, 060 & BIN 06, pl. 083 060",update,3,8,written,,
359257,Q1359993,Cuneiform Tablet Prag 659,update,2,9,written,,
324767,Q2043874,"Cuneiform Tablet CUSAS 03, 0978",update,2,9,written,,
129262,Q2027811,"Cuneiform Tablet SACT 2, 305",update,2,10,written,,
102132,Q1989232,"Cuneiform Tablet ASJ 03, 192",update,2,9,written,,
500331,Q2041646,"Cuneiform Tablet CTPSM 1, 193",update,2,9,written,,
405251,Q1982165,"Cuneiform Tablet Nisaba 04/1, 06",update,2,9,written,,
498535,Q1372578,"Cuneiform Tablet JEOL 33, 134-136 17",update,2,8,written,,
313414,Q1893911,"Cuneiform Tablet CT 43, 124",update,1,10,written,,
325875,Q2042696,"Cuneiform Tablet CUSAS 03, 0207",update,2,9,written,,
269079,Q2030762,"Cuneiform Tablet CDLI Literary 000776, ex. 001",update,2,10,written,,
515830,Q2053180,"Cuneiform Tablet CUSAS 40, 1046",update,2,9,written,,
138189,Q2056326,"Cuneiform Tablet UET 9, 0058",update,2,10,written,,
120940,Q1972583,Cuneiform Tablet NATN 242,update,2,10,written,,
248724,Q1970501,"Cuneiform Tablet AAICAB 1/2, pl. 116, 1951-080",update,2,10,written,,
283620,Q2046933,"Cuneiform Tablet TLB 05, 06",update,2,9,written,,
416187,Q2046871,"Cuneiform Tablet CUSAS 16, 277",update,2,9,written,,
282932,Q2063247,"Cuneiform Tablet VS 19, 09 + MARV 3, 17",update,4,8,written,,
121652,Q1973779,Cuneiform Tablet NATN 955,update,2,10,written,,
202167,Q1984382,"Cuneiform Tablet Nisaba 09, 260",update,2,10,written,,
527412,Q1982568,"Cuneiform Tablet AfO Beih 06, TH 091 + TH 092 + TH 094",update,1,10,written,,
267437,Q2002830,"Cuneiform Tablet PBS 02/1, 084",update,2,9,written,,
144302,Q2032682,"Cuneiform Tablet SAT 2, 1102",update,2,10,written,,
124903,Q2000738,"Cuneiform Tablet OrSP 47-49, 015",update,2,10,written,,
334337,Q1973319,Cuneiform Tablet ABL 0490,update,2,10,written,,
493683,Q1987047,"Cuneiform Tablet Assur 3/1, 09",update,2,9,written,,
236592,Q2002544,"Cuneiform Tablet BIN 10, 048",update,2,9,written,,
510761,Q1893666,"Cuneiform Tablet AbB 13, 042",update,2,10,written,,
138920,Q2057780,"Cuneiform Tablet UET 9, 0790",update,2,10,written,,
250744,Q2050919,"Cuneiform Tablet CUSAS 39, 204",update,2,9,written,,
348915,Q1994573,"Cuneiform Tablet OECT 11, 022",update,1,9,written,,
357619,Q1370983,"Cuneiform Tablet TCL 19, 053",update,3,9,written,,
252779,Q2049778,"Cuneiform Tablet CUSAS 35, 105",update,2,9,written,,
238975,Q1982708,Cuneiform Tablet AGS 016,update,2,10,written,,
106171,Q1999865,"Cuneiform Tablet BIN 03, 365",update,2,10,written,,
103689,Q1992484,"Cuneiform Tablet AUCT 1, 844",update,2,9,written,,
322719,Q2045059,"Cuneiform Tablet CUSAS 11, 125",update,2,9,written,,
374179,Q1987369,"Cuneiform Tablet Nisaba 17, 051",update,2,10,written,,
293270,Q2065442,"Cuneiform Tablet YOS 08, 068",update,2,10,written,,
131202,Q2029959,"Cuneiform Tablet SAT 1, 093",update,2,10,written,,
504372,Q2033695,Cuneiform Tablet Contratti Ojeil 36,update,2,9,written,,
134000,Q2045642,"Cuneiform Tablet TIM 03, 148",update,2,10,written,,
499774,Q1927728,"Cuneiform Tablet JCSSS 5, 054",update,2,10,written,,
118495,Q1966440,"Cuneiform Tablet MVN 15, 230",update,2,9,written,,
312655,Q2008520,"Cuneiform Tablet BPOA 06, 0329",update,2,10,written,,
313947,Q2037675,"Cuneiform Tablet CT 53, 535",update,2,10,written,,
6213,Q2023403,"Cuneiform Tablet CDLI Lexical Archaic Unidentified, ex. 127",update,2,8,written,,
103373,Q1991836,"Cuneiform Tablet AUCT 1, 528",update,2,9,written,,
453962,Q1985863,"Cuneiform Tablet Nisaba 15, 0618",update,2,9,written,,
128023,Q2012415,"Cuneiform Tablet RA 075, 086 01",update,2,9,written,,
358016,Q1371377,"Cuneiform Tablet RA 081, 003-096 123",update,3,8,written,,
536203,Q1368955,"Cuneiform Tablet AKT 8, 068a",update,1,9,written,,
325526,Q2046280,"Cuneiform Tablet CUSAS 14, 012",update,1,9,written,,
418033,Q2015881,"Cuneiform Tablet RIME 1.09.05.05b, ex. 01",update,2,9,written,,
203326,Q2005422,"Cuneiform Tablet PPAC 5, 0645",update,2,10,written,,
116872,Q1958135,"Cuneiform Tablet MVN 13, 100",update,2,10,written,,
515563,Q2052663,"Cuneiform Tablet CUSAS 40, 0779",update,2,9,written,,
120413,Q1968891,"Cuneiform Tablet MVN 21, 176",update,2,10,written,,
252283,Q2023782,"Cuneiform Tablet CDLI Literary 000335, ex. 052",update,1,9,written,,
262635,Q2018148,Cuneiform Tablet CBS 07634,update,1,9,written,,
360090,Q1369834,"Cuneiform Tablet KTS 1, 47c",update,3,8,written,,
117760,Q1961783,"Cuneiform Tablet MVN 14, 0079",update,2,10,written,,
236068,Q2001899,"Cuneiform Tablet BIN 09, 058",update,2,9,written,,
303414,Q2013988,"Cuneiform Tablet BPOA 07, 2650",update,2,10,written,,
145840,Q1927204,"Cuneiform Tablet JCS 52, 043 46",update,2,9,written,,
122584,Q1993400,Cuneiform Tablet NYPL 048,update,2,10,written,,
20321,Q2063656,"Cuneiform Tablet VS 27, 004",update,2,10,written,,
335875,Q1981383,Cuneiform Tablet ADD 1060,update,2,10,written,,
125241,Q2001389,"Cuneiform Tablet OrSP 47-49, 351",update,2,10,written,,
279079,Q1970408,Cuneiform Tablet N 4216,update,2,9,written,,
204549,Q2003843,Cuneiform Tablet BM 020372,update,2,10,written,,
267067,Q2059645,Cuneiform Tablet Fs Sjöberg 204-205 source d,update,2,10,written,,
10797,Q2049422,Cuneiform Tablet TSŠ 0290,update,2,10,written,,
334767,Q1974441,Cuneiform Tablet ABL 1166,update,2,10,written,,
143097,Q1968442,"Cuneiform Tablet MVN 20, 164",update,2,10,written,,
139262,Q2058466,"Cuneiform Tablet UET 9, 1132",update,2,10,written,,
382353,Q2042426,"Cuneiform Tablet TCBI 1, 101",update,2,8,written,,
527042,Q1987530,"Cuneiform Tablet AOAT 275, 684 Katalog BM 037974",update,3,9,written,,
144752,Q2033571,"Cuneiform Tablet SAT 3, 1552",update,2,10,written,,
519813,Q1979542,"Cuneiform Tablet New IM 3, 005",update,2,9,written,,
112132,Q1926818,"Cuneiform Tablet JCS 32, 174 5",update,1,9,written,,
131652,Q2043150,"Cuneiform Tablet TCL 02, 5563",update,2,10,written,,
292932,Q1893990,"Cuneiform Tablet BIN 07, 028",update,2,10,written,,
268392,Q2018869,Cuneiform Tablet CBS 13312,update,2,10,written,,
136197,Q2051085,Cuneiform Tablet UDT 065,update,2,10,written,,
106521,Q2000546,"Cuneiform Tablet BIN 05, 087",update,2,10,written,,
128189,Q2024218,Cuneiform Tablet Rochester 084,update,2,9,written,,
391085,Q1361428,"Cuneiform Artifact KKBullae 218, kt 89/k 179",update,2,8,written,,
271449,Q2058089,"Cuneiform Tablet Emar 6/1, p. 244, Msk 74101d",update,2,9,written,,
293620,Q1974456,Cuneiform Tablet NBC 04328,update,2,10,written,,
130940,Q2041121,Cuneiform Tablet Syracuse 389,update,2,9,written,,
211788,Q2029011,"Cuneiform Tablet SANTAG 6, 223",update,0,12,written,,
293749,Q1370248,"Cuneiform Tablet BIN 04, 203",update,3,9,written,,
231294,Q1971043,Cuneiform Tablet N 5211,update,0,11,written,,
209212,Q1987298,"Cuneiform Tablet Nisaba 16, 241",update,0,12,written,,
222142,Q2060124,Cuneiform Tablet FTP 066,update,0,12,written,,
134539,Q893883,"Cuneiform Tablet TMH NF 1-2, 228",update,4,8,written,,
215231,Q1933342,"Cuneiform Tablet MAD 4, 069",update,0,10,written,,
224995,Q2045855,"Cuneiform Tablet TIM 10, 017",update,0,10,written,,
227710,Q2018834,Cuneiform Tablet CBS 12742,update,0,11,written,,
134493,Q894596,"Cuneiform Tablet TMH NF 1-2, 182",update,4,8,written,,
261873,Q1369087,Cuneiform Tablet KTP 14,update,3,9,written,,
215661,Q1935382,"Cuneiform Tablet MDP 28, 443",update,0,12,written,,
209642,Q1999781,"Cuneiform Tablet Ontario 2, 344",update,0,12,written,,
235941,Q894799,Cuneiform Tablet HS 2253,update,4,8,written,,
228670,Q2059299,Cuneiform Tablet UM 29-15-735,update,0,11,written,,
217133,Q2039687,"Cuneiform Tablet STTI 1, 088",update,0,11,written,,
134606,Q894845,"Cuneiform Tablet TMH NF 1-2, 296",update,4,8,written,,
536405,Q1363206,"Cuneiform Tablet AKT 8, 273",update,1,10,written,,
227585,Q1925224,"Cuneiform Tablet ITT 5, 09209",update,0,11,written,,
225042,Q2022854,"Cuneiform Tablet CDLI Lexical 003902, ex. 006",update,0,9,written,,
231451,Q2047488,"Cuneiform Tablet TMH 11, 11",update,0,12,written,,
228220,Q1937936,"Cuneiform Tablet MSL 14, 019 Cb",update,0,12,written,,
531790,Q892797,Cuneiform Tablet Elamica 11,update,3,8,written,,
217563,Q1975783,Cuneiform Tablet Adab 0890,update,0,11,written,,
221902,Q1979966,"Cuneiform Tablet Nik 1, 133",update,0,12,written,,
212761,Q2001471,"Cuneiform Tablet BIN 08, 217",update,0,10,written,,
217099,Q2039626,"Cuneiform Tablet STTI 1, 054",update,0,10,written,,
388158,Q894531,"Cuneiform Tablet TMH 08, 27",update,4,7,written,,
20527,Q894888,"Cuneiform Tablet TMH 05, 113",update,4,8,written,,
206372,Q2004244,Cuneiform Tablet BM 021365,update,0,12,written,,
231001,Q1971707,Cuneiform Tablet N 6139,update,0,11,written,,
229061,Q1936791,"Cuneiform Tablet MSL 07, 197 V02, 210 V11",update,0,12,written,,
232787,Q2016876,"Cuneiform Tablet RIME 3/1.01.07.037, ex. 0036",update,0,12,written,,
217830,Q1924482,"Cuneiform Tablet ITT 4, 07643",update,0,11,written,,
221451,Q2024785,Cuneiform Tablet RTC 054,update,0,12,written,,
532016,Q893093,Cuneiform Tablet Elamica 11,update,3,8,written,,
224653,Q2039449,"Cuneiform Tablet CTN 1, pl. 44, ND 06210",update,0,11,written,,
225941,Q2021008,"Cuneiform Tablet CDLI Lexical 000010, ex. 005",update,0,12,written,,
289581,Q1370042,"Cuneiform Tablet BIN 06, 232",update,3,9,written,,
230240,Q2057866,"Cuneiform Tablet EEN 322, 3N-T0922z",update,0,10,written,,
207133,Q2005405,"Cuneiform Tablet PPAC 5, 0636",update,0,12,written,,
229431,Q2002878,"Cuneiform Tablet PBS 05, 119",update,0,10,written,,
221001,Q2056616,Cuneiform Tablet DP 351,update,0,12,written,,
213170,Q2057253,Cuneiform Tablet DPA 28,update,0,11,written,,
535383,Q1363615,"Cuneiform Tablet AKT 6d, 779 & 780",update,2,8,written,,
230610,Q1970878,Cuneiform Tablet N 5038,update,0,11,written,,
461653,Q2152709,Cuneiform Tablet IM — (cast UPenn),update,0,11,written,,
390587,Q1361353,"Cuneiform Tablet Belleten 60, 627f. No. 11",update,2,9,written,,
227839,Q2002886,"Cuneiform Tablet PBS 05, 124",update,0,12,written,,
211458,Q2028840,"Cuneiform Tablet SANTAG 6, 138",update,0,12,written,,
230305,Q2003599,"Cuneiform Tablet PBS 12, 45",update,0,10,written,,
229124,Q1936984,"Cuneiform Tablet MSL 09, 041 V24",update,0,12,written,,
221514,Q2001769,"Cuneiform Tablet BIN 08, 383",update,0,11,written,,
215948,Q1995296,"Cuneiform Tablet OIP 014, 091",update,0,11,written,,
208679,Q1984684,"Cuneiform Tablet Nisaba 11, 30",update,0,12,written,,
213035,Q2036584,"Cuneiform Tablet CT 50, 129",update,0,11,written,,
293860,Q1370284,"Cuneiform Tablet BIN 04, 122",update,3,9,written,,
224346,Q2029677,"Cuneiform Tablet SAOC 44, 31",update,0,11,written,,
229574,Q1937535,"Cuneiform Tablet MSL 13, 014 Q1",update,0,12,written,,
221144,Q2056902,Cuneiform Tablet DP 494,update,0,12,written,,
227993,Q1995031,"Cuneiform Tablet OIP 011, 150",update,0,11,written,,
216237,Q2002082,"Cuneiform Tablet OSP 2, 083",update,0,12,written,,
536813,Q1365699,"Cuneiform Tablet AKT 11a, 078",update,2,9,written,,
209592,Q2000056,"Cuneiform Tablet Ontario 2, 489",update,0,12,written,,
225107,Q2046062,"Cuneiform Tablet TIM 10, 137",update,0,9,written,,
212274,Q2028969,"Cuneiform Tablet SANTAG 6, 202",update,0,12,written,,
231514,Q2031551,"Cuneiform Tablet CDLI Literary 000796, ex. 039",update,0,12,written,,
228735,Q2057626,"Cuneiform Tablet EEN 303, UM 29-16-294",update,0,12,written,,
229827,Q2066888,"Cuneiform Tablet ZSN, 12, Ni 03518",update,0,10,written,,
217076,Q2039579,"Cuneiform Tablet STTI 1, 031",update,0,11,written,,
212624,Q2001235,"Cuneiform Tablet BIN 08, 060",update,0,11,written,,
222292,Q2000569,"Cuneiform Tablet OrNS 44, 437 02",update,0,12,written,,
225557,Q2065503,Cuneiform Tablet IM 067695,update,0,12,written,,
206237,Q1969552,"Cuneiform Tablet MVN 22, 109",update,0,12,written,,
20462,Q894552,"Cuneiform Tablet TMH 05, 048",update,4,8,written,,
231144,Q1970700,Cuneiform Tablet N 4859,update,0,10,written,,
218229,Q2029536,"Cuneiform Tablet SANTAG 7, 154",update,0,12,written,,
360383,Q1360518,"Cuneiform Tablet TPAK 1, 169",update,2,8,written,,
228365,Q1937984,"Cuneiform Tablet MSL 14, 021 Dh",update,0,12,written,,
209438,Q1999735,"Cuneiform Tablet Ontario 2, 321",update,0,12,written,,
220755,Q2056125,Cuneiform Tablet DP 105,update,0,12,written,,
221847,Q1979862,"Cuneiform Tablet Nik 1, 078",update,0,12,written,,
217426,Q2061342,Cuneiform Tablet USP 70,update,0,11,written,,
531905,Q892964,Cuneiform Tablet Elamica 11,update,3,8,written,,
220885,Q2056385,Cuneiform Tablet DP 235,update,0,12,written,,
221797,Q1998944,"Cuneiform Tablet BiMes 03, 27",update,0,12,written,,
224595,Q2039527,"Cuneiform Tablet CTN 2, 027",update,0,12,written,,
535415,Q1364494,"Cuneiform Tablet AKT 6d, 795",update,1,10,written,,
289647,Q1370064,"Cuneiform Tablet BIN 06, 226",update,3,8,written,,
230186,Q2057767,"Cuneiform Tablet EEN 316, N 6148",update,0,11,written,,
360803,Q1360962,"Cuneiform Tablet ArAn 03, 165",update,2,9,written,,
211771,Q2029126,"Cuneiform Tablet SANTAG 6, 281",update,0,12,written,,
535045,Q1366630,"Cuneiform Tablet AKT 6c, 582 & 583",update,1,9,written,,
208550,Q1984154,"Cuneiform Tablet Nisaba 09, 072",update,0,12,written,,
210530,Q2008773,"Cuneiform Tablet BPOA 06, 0758",update,0,12,written,,
227643,Q2003477,"Cuneiform Tablet PBS 11/3, 031",update,0,11,written,,
209711,Q1999609,"Cuneiform Tablet Ontario 2, 253",update,0,12,written,,
536239,Q1368312,"Cuneiform Tablet AKT 8, 104",update,1,9,written,,
214820,Q1925386,"Cuneiform Tablet ITT 5, 09293",update,0,11,written,,
208803,Q1981767,"Cuneiform Tablet Nisaba 03/1, 095",update,0,12,written,,
230885,Q2032161,"Cuneiform Tablet CDLI Literary 000821, ex. 019",update,0,12,written,,
536393,Q1365666,"Cuneiform Tablet AKT 8, 260",update,1,10,written,,
215698,Q1945505,"Cuneiform Tablet MVN 03, 044",update,0,12,written,,
222011,Q1980176,"Cuneiform Tablet Nik 1, 242",update,0,12,written,,
214965,Q1930909,Cuneiform Tablet L'uomo 30,update,0,10,written,,
216958,Q2024977,Cuneiform Tablet RTC 182,update,0,11,written,,
209654,Q1999380,"Cuneiform Tablet Ontario 2, 137",update,0,12,written,,
215677,Q1945385,"Cuneiform Tablet MVN 03, 012",update,0,11,written,,
228109,Q1936729,"Cuneiform Tablet MSL 07, 005",update,0,13,written,,
231328,Q1971128,Cuneiform Tablet N 5348,update,0,11,written,,
212448,Q1971989,Cuneiform Tablet AAS 012,update,0,11,written,,
134485,Q893990,"Cuneiform Tablet TMH NF 1-2, 174",update,4,8,written,,
227706,Q2018819,Cuneiform Tablet CBS 12717,update,0,11,written,,
215227,Q1933333,"Cuneiform Tablet MAD 4, 065",update,0,11,written,,
224983,Q2045830,"Cuneiform Tablet TIM 10, 004",update,0,9,written,,
225691,Q2018331,"Cuneiform Tablet RIME 4.02.12.01, ex. 14",update,0,10,written,,
209204,Q1984660,"Cuneiform Tablet Nisaba 11, 18",update,0,12,written,,
222154,Q2060144,Cuneiform Tablet FTP 078,update,0,12,written,,
228559,Q2059101,Cuneiform Tablet UM 29-13-396,update,0,12,written,,
231282,Q1971020,Cuneiform Tablet N 5183,update,0,11,written,,
357336,Q1370713,"Cuneiform Tablet TCL 04, 001",update,3,9,written,,
212018,Q2061983,"Cuneiform Tablet Hermitage 3, 410",update,0,12,written,,
221328,Q2063993,"Cuneiform Tablet HSS 03, 19",update,0,11,written,,
229718,Q2031684,"Cuneiform Tablet CDLI Literary 000796, ex. 107",update,0,12,written,,
211264,Q2028123,"Cuneiform Tablet SANER 18, 329, YBC 15662",update,0,12,written,,
213259,Q2062040,Cuneiform Tablet Hirose 001,update,0,9,written,,
531840,Q892843,Cuneiform Tablet Elamica 11,update,3,8,written,,
535100,Q1364032,"Cuneiform Tablet AKT 6c, 645",update,1,10,written,,
229348,Q1982324,"Cuneiform Tablet AfO 29/30, 036, N 7691",update,0,11,written,,
230493,Q2066232,Cuneiform Tablet Ist Ni 00773,update,0,12,written,,
230169,Q2017810,Cuneiform Tablet CBS 06981,update,0,9,written,,
221282,Q2057170,Cuneiform Tablet DP 632,update,0,12,written,,
211634,Q2028692,"Cuneiform Tablet SANTAG 6, 064",update,0,12,written,,
213127,Q2055616,Cuneiform Tablet DCS 040,update,0,11,written,,
207534,Q2003508,Cuneiform Tablet BM 018493,update,0,12,written,,
233968,Q2017062,"Cuneiform Artifact RIME 3/1.01.07.041, ex. 042",update,0,12,written,,
286273,Q1370001,"Cuneiform Tablet Babyloniaca 06, 192, 10",update,3,9,written,,
229466,Q1938118,"Cuneiform Tablet MSL 14, 025 Hk",update,0,12,written,,
297462,Q1370501,"Cuneiform Tablet BIN 06, 176",update,3,9,written,,
221056,Q2056727,Cuneiform Tablet DP 406,update,0,12,written,,
216325,Q2002256,"Cuneiform Tablet OSP 2, 171",update,0,12,written,,
227881,Q1994976,"Cuneiform Tablet OIP 011, 118, CBS 2182",update,0,11,written,,
536901,Q1365395,"Cuneiform Artifact AKT 11a, 177",update,2,9,written,,
224604,Q2039641,"Cuneiform Tablet CTN 2, 085",update,0,12,written,,
534896,Q1363889,"Cuneiform Tablet AKT 6b, 423",update,1,10,written,,
225916,Q1995802,"Cuneiform Tablet OIP 099, 020",update,0,11,written,,
230217,Q2003571,"Cuneiform Tablet PBS 12, 15",update,0,12,written,,
214748,Q1924720,"Cuneiform Tablet ITT 5, 06677",update,0,11,written,,
221406,Q2049265,Cuneiform Tablet TSA 45,update,0,11,written,,
217867,Q1924543,"Cuneiform Tablet ITT 4, 07790",update,0,11,written,,
212736,Q2001433,"Cuneiform Tablet BIN 08, 192",update,0,10,written,,
227478,Q2017831,"Cuneiform Tablet RIME 3/2.01.03.2008, ex. 01",update,0,11,written,,
211819,Q2029222,"Cuneiform Tablet SANTAG 6, 323",update,0,12,written,,
206325,Q2003777,Cuneiform Tablet BM 020153,update,0,12,written,,
20570,Q894503,"Cuneiform Tablet TMH 05, 156",update,4,8,written,,
357418,Q1370793,"Cuneiform Tablet TCL 04, 083",update,3,9,written,,
231056,Q1982322,"Cuneiform Tablet AfO 29/30, 036, N 6260",update,0,11,written,,
360291,Q1360422,"Cuneiform Tablet TPAK 1, 081",update,2,8,written,,
228277,Q1970463,Cuneiform Tablet N 4569,update,0,12,written,,
220647,Q1996106,"Cuneiform Artifact OIP 104, 030b",update,0,12,written,,
221955,Q1980070,"Cuneiform Tablet Nik 1, 186",update,0,12,written,,
215509,Q1934910,"Cuneiform Tablet MCS 9, 238",update,0,11,written,,
217534,Q1975729,Cuneiform Tablet Adab 0806,update,0,11,written,,
209480,Q1999575,"Cuneiform Tablet Ontario 2, 236",update,0,12,written,,
225015,Q2045894,"Cuneiform Tablet TIM 10, 038",update,0,9,written,,
231406,Q1971252,Cuneiform Tablet N 5520,update,0,11,written,,
228627,Q2059217,Cuneiform Tablet UM 29-15-346,update,0,11,written,,
235916,Q894545,Cuneiform Tablet HS 2280,update,4,8,written,,
218291,Q2066551,"Cuneiform Tablet ZA 093, 171, 03",update,0,12,written,,
134651,Q894852,"Cuneiform Tablet TMH NF 1-2, 340",update,4,8,written,,
217164,Q2039750,"Cuneiform Tablet STTI 1, 119",update,0,11,written,,
499125,Q1362643,"Cuneiform Tablet AKT 6a, 274",update,1,10,written,,
228332,Q1970610,Cuneiform Tablet N 4731,update,0,12,written,,
220702,Q2056019,Cuneiform Tablet DP 052,update,0,12,written,,
531682,Q892652,Cuneiform Tablet Elamica 11,update,3,8,written,,
217471,Q1975612,Cuneiform Tablet Adab 0639,update,0,11,written,,
231113,Q1970647,Cuneiform Tablet N 4789,update,0,12,written,,
229870,Q2066976,"Cuneiform Tablet ZSN, 18, Ni 10006",update,0,10,written,,
228762,Q2059408,Cuneiform Tablet UM 29-16-536,update,0,12,written,,
360784,Q1360944,"Cuneiform Tablet OIP 027, 63",update,2,7,written,,
217021,Q2025110,Cuneiform Tablet RTC 249,update,0,11,written,,
225150,Q2040048,"Cuneiform Tablet CTN 3, 004",update,0,11,written,,
222695,Q2015735,"Cuneiform Tablet RIME 1.01.07.02, ex. 08",update,0,12,written,,
531728,Q892718,Cuneiform Tablet Elamica 11,update,3,8,written,,
212223,Q2061719,"Cuneiform Tablet Hermitage 3, 281",update,0,12,written,,
231543,Q2031602,"Cuneiform Tablet CDLI Literary 000796, ex. 065",update,0,12,written,,
228298,Q1970514,Cuneiform Tablet N 4627,update,0,12,written,,
229523,Q1994951,"Cuneiform Tablet OIP 011, 099",update,0,12,written,,
221113,Q2056840,Cuneiform Tablet DP 463,update,0,12,written,,
536844,Q1367275,"Cuneiform Tablet AKT 11a, 109",update,2,9,written,,
216260,Q2002126,"Cuneiform Tablet OSP 2, 106",update,0,11,written,,
534879,Q1367382,"Cuneiform Tablet AKT 6b, 405",update,1,10,written,,
213062,Q2036638,"Cuneiform Tablet CT 50, 156",update,0,11,written,,
217888,Q1924581,"Cuneiform Tablet ITT 4, 07913",update,0,11,written,,
230702,Q2035894,"Cuneiform Tablet SLFN 73, 3N-T902,063",update,0,12,written,,
229173,Q1995021,"Cuneiform Tablet OIP 011, 143",update,0,12,written,,
498671,Q1362221,"Cuneiform Tablet AKT 4, 07",update,2,9,written,,
217922,Q1924646,"Cuneiform Tablet ITT 4, 08045",update,0,11,written,,
221543,Q2001156,"Cuneiform Tablet BIN 08, 016",update,0,12,written,,
435059,Q1371958,"Cuneiform Tablet KBo 09, 036",update,2,8,written,,
290348,Q1370127,"Cuneiform Tablet BIN 04, 111",update,3,9,written,,
532104,Q892503,Cuneiform Tablet Elamica 11 KHT181,update,3,8,written,,
230352,Q2003511,"Cuneiform Tablet PBS 11/3, 050",update,0,11,written,,
213432,Q2064469,"Cuneiform Tablet HSS 10, 167",update,0,11,written,,
229489,Q1938182,"Cuneiform Tablet MSL 14, 027 Ji",update,0,12,written,,
215335,Q1933538,"Cuneiform Tablet MAD 5, 007",update,0,11,written,,
222046,Q1980245,"Cuneiform Tablet Nik 1, 277",update,0,12,written,,
231390,Q1971219,Cuneiform Tablet N 5465,update,0,12,written,,
230978,Q1971648,Cuneiform Tablet N 6062,update,0,11,written,,
206519,Q2006228,Cuneiform Tablet BM 028789,update,0,12,written,,
210137,Q2008352,"Cuneiform Tablet BPOA 06, 0067",update,0,12,written,,
209746,Q1999946,"Cuneiform Tablet Ontario 2, 432",update,0,12,written,,
217758,Q1924304,"Cuneiform Tablet ITT 4, 07351",update,0,11,written,,
208854,Q1981788,"Cuneiform Tablet Nisaba 03/1, 106",update,0,12,written,,
215765,Q1954639,"Cuneiform Tablet MVN 09, 194",update,0,12,written,,
512731,Q894110,"Cuneiform Tablet TMH 10, 203",update,4,8,written,,
134597,Q893910,"Cuneiform Tablet TMH NF 1-2, 287",update,4,8,written,,
225629,Q2018111,"Cuneiform Tablet RIME 4.01.05.05, ex. 11",update,0,11,written,,
536794,Q1366230,"Cuneiform Tablet AKT 11a, 059",update,2,9,written,,
220978,Q2056572,Cuneiform Tablet DP 328,update,0,12,written,,
216519,Q2016399,"Cuneiform Tablet RIME 2.01.02.20, ex. 32",update,0,11,written,,
535012,Q1366420,"Cuneiform Tablet AKT 6c, 545",update,1,10,written,,
230581,Q1970282,Cuneiform Tablet N 3934,update,2,9,written,,
360854,Q1372381,Cuneiform Tablet KTK 002,update,2,9,written,,
224468,Q2040931,"Cuneiform Tablet CTN 5, ND 2708",update,0,12,written,,
221390,Q2049234,Cuneiform Tablet TSA 29,update,0,12,written,,
211726,Q2028730,"Cuneiform Tablet SANTAG 6, 083",update,0,12,written,,
535442,Q1363017,"Cuneiform Tablet AKT 6d, 799",update,1,10,written,,
216149,Q2001950,"Cuneiform Tablet OSP 1, 143",update,0,12,written,,
345649,Q894620,"Cuneiform Tablet CDLI Literary 000355, ex. 001",update,4,8,written,,
389572,Q1372173,Cuneiform Tablet LB 1190,update,2,9,written,,
211376,Q2033746,"Cuneiform Tablet CRRAI 40, 172",update,0,12,written,,
531952,Q893031,Cuneiform Tablet Elamica 11,update,3,8,written,,
292119,Q1370172,"Cuneiform Tablet BIN 04, 029",update,3,9,written,,
211663,Q2061454,"Cuneiform Tablet Hermitage 3, 145",update,0,12,written,,
223712,Q1936559,"Cuneiform Tablet MSKH 1, IM 000617",update,0,9,written,,
531817,Q892130,Cuneiform Tablet Elamica 11,update,3,8,written,,
220997,Q2056608,Cuneiform Tablet DP 347,update,0,12,written,,
221685,Q2036452,"Cuneiform Tablet CT 50, 048",update,0,11,written,,
224487,Q2040969,"Cuneiform Tablet CTN 5, ND 2765",update,0,12,written,,
535507,Q1366781,"Cuneiform Tablet AKT 6e, 883",update,1,10,written,,
230094,Q2066984,"Cuneiform Tablet ZSN, p.40",update,0,10,written,,
531544,Q892364,Cuneiform Tablet Elamica 11,update,3,8,written,,
293708,Q1370200,"Cuneiform Tablet BIN 04, 171",update,3,9,written,,
214898,Q1926839,"Cuneiform Tablet JCS 35, 169, 04",update,0,10,written,,
210072,Q2008303,"Cuneiform Tablet BPOA 06, 0001",update,0,12,written,,
134578,Q894256,"Cuneiform Tablet TMH NF 1-2, 267",update,4,8,written,,
215270,Q1933424,"Cuneiform Tablet MAD 4, 108",update,0,10,written,,
222103,Q2060048,Cuneiform Tablet FTP 029,update,0,12,written,,
209253,Q1983822,"Cuneiform Tablet Nisaba 06, 09",update,0,12,written,,
512674,Q894754,"Cuneiform Tablet TMH 10, 145",update,4,8,written,,
357731,Q1371096,"Cuneiform Tablet TCL 20, 165",update,3,9,written,,
218012,Q2038736,Cuneiform Tablet StLouis 118,update,0,11,written,,
360442,Q1360578,"Cuneiform Tablet TPAK 1, 225",update,2,8,written,,
227751,Q1995076,"Cuneiform Tablet OIP 011, 179",update,0,12,written,,
209603,Q1999715,"Cuneiform Tablet Ontario 2, 311",update,0,12,written,,
214932,Q2016244,"Cuneiform Tablet BuB 2, 08",update,0,11,written,,
215620,Q1935093,"Cuneiform Tablet MDP 14, 062-126 62",update,0,11,written,,
208911,Q1981717,"Cuneiform Tablet Nisaba 03/1, 070",update,0,12,written,,
231685,Q2032173,"Cuneiform Tablet CDLI Literary 000821, ex. 025",update,0,12,written,,
230997,Q1971697,Cuneiform Tablet N 6132,update,0,11,written,,
209414,Q1999417,"Cuneiform Tablet Ontario 2, 156",update,0,12,written,,
220779,Q2056173,Cuneiform Tablet DP 129,update,0,12,written,,
225081,Q2046016,"Cuneiform Tablet TIM 10, 105",update,0,9,written,,
231492,Q2031402,"Cuneiform Tablet CDLI Literary 000795, ex. 045",update,0,12,written,,
228349,Q1970874,Cuneiform Tablet N 5036,update,0,12,written,,
231168,Q1970734,Cuneiform Tablet N 4892,update,0,10,written,,
210635,Q2008835,"Cuneiform Tablet BPOA 06, 0875",update,0,12,written,,
212608,Q2001175,"Cuneiform Tablet BIN 08, 029",update,0,12,written,,
211927,Q2061786,"Cuneiform Tablet Hermitage 3, 315",update,0,12,written,,
215067,Q1933140,"Cuneiform Tablet MAD 1, 145",update,0,11,written,,
209044,Q1981609,"Cuneiform Tablet Nisaba 03/1, 015",update,0,12,written,,
228719,Q2059355,Cuneiform Tablet UM 29-16-226 (+) N 0972,update,0,12,written,,
231538,Q2031592,"Cuneiform Tablet CDLI Literary 000796, ex. 060",update,0,12,written,,
531753,Q892742,Cuneiform Tablet Elamica 11,update,3,8,written,,
221168,Q2056941,Cuneiform Tablet DP 518,update,0,12,written,,
534802,Q1363005,"Cuneiform Tablet AKT 6b, 316",update,1,10,written,,
225982,Q1995901,"Cuneiform Tablet OIP 099, 108",update,0,11,written,,
214226,Q1962570,"Cuneiform Tablet ITT 2, 04404",update,0,11,written,,
230283,Q2016748,Cuneiform Tablet CBS 02162,update,0,10,written,,
229558,Q1937533,"Cuneiform Tablet MSL 13, 014 Q",update,0,11,written,,
230779,Q1970608,Cuneiform Tablet N 4726,update,0,12,written,,
213019,Q2036554,"Cuneiform Tablet CT 50, 113",update,0,12,written,,
221492,Q2001727,"Cuneiform Tablet BIN 08, 361",update,0,11,written,,
359168,Q1359909,Cuneiform Tablet Prag 562,update,2,9,written,,
221538,Q2001144,"Cuneiform Tablet BIN 08, 010",update,0,11,written,,
215964,Q1995328,"Cuneiform Tablet OIP 014, 107",update,0,11,written,,
217959,Q1924705,"Cuneiform Tablet ITT 4, 08179",update,0,11,written,,
229108,Q1936857,"Cuneiform Tablet MSL 08/1, 082 V30",update,0,12,written,,
230329,Q2003346,"Cuneiform Tablet PBS 11/2, 028",update,0,10,written,,
290333,Q1370110,"Cuneiform Tablet BIN 04, 117",update,3,9,written,,
227815,Q1938060,"Cuneiform Tablet MSL 14, 023 Fr",update,0,11,written,,
211474,Q2061753,"Cuneiform Tablet Hermitage 3, 297",update,0,12,written,,
214699,Q1923288,"Cuneiform Tablet ITT 2, 05898 + ITT 5, 09251",update,0,11,written,,
359187,Q1359927,Cuneiform Tablet Prag 584,update,2,9,written,,
390544,Q1370674,"Cuneiform Tablet RA 059, 022 no. 03",update,2,9,written,,
297419,Q1370469,"Cuneiform Tablet BIN 06, 222",update,3,9,written,,
221187,Q2056980,Cuneiform Tablet DP 537,update,0,12,written,,
211531,Q2028798,"Cuneiform Tablet SANTAG 6, 117",update,0,12,written,,
227950,Q1995159,"Cuneiform Tablet OIP 011, 235",update,0,11,written,,
209802,Q1907253,"Cuneiform Tablet Ontario 2, missing 3",update,0,12,written,,
215821,Q1980397,"Cuneiform Tablet Nik 2, 040",update,0,10,written,,
224385,Q2040753,"Cuneiform Tablet CTN 5, ND 2352",update,0,12,written,,
256540,Q2059323,Cuneiform Tablet UM 29-15-854,update,2,9,written,,
230796,Q2019016,Cuneiform Tablet CBS 14027,update,0,11,written,,
388174,Q894310,"Cuneiform Tablet TMH 08, 68",update,4,7,written,,
211862,Q2029120,"Cuneiform Tablet SANTAG 6, 278",update,0,12,written,,
209551,Q1999896,"Cuneiform Tablet Ontario 2, 402",update,0,12,written,,
360340,Q1360474,"Cuneiform Tablet TPAK 1, 128",update,2,8,written,,
220796,Q2056195,Cuneiform Tablet DP 146,update,0,12,written,,
531616,Q1090971,Cuneiform Tablet Elamica 11,update,3,8,written,,
221884,Q1979936,"Cuneiform Tablet Nik 1, 115",update,0,12,written,,
215122,Q1933184,"Cuneiform Tablet MAD 1, 293",update,0,11,written,,
209101,Q1981715,"Cuneiform Tablet Nisaba 03/1, 069",update,0,12,written,,
222251,Q1995253,"Cuneiform Tablet OIP 014, 064",update,0,12,written,,
231187,Q1970772,Cuneiform Tablet N 4937,update,0,10,written,,
212937,Q2033801,Cuneiform Tablet CST (JRL) 012,update,0,10,written,,
224556,Q2039753,"Cuneiform Tablet CTN 2, 141",update,0,12,written,,
211618,Q2028722,"Cuneiform Tablet SANTAG 6, 079",update,0,12,written,,
230145,Q1936132,"Cuneiform Tablet Mesop. Law, 297",update,0,11,written,,
229364,Q1937315,"Cuneiform Tablet MSL 11, 112 H1",update,0,12,written,,
220846,Q2056295,Cuneiform Tablet DP 196,update,0,12,written,,
297360,Q1370421,"Cuneiform Tablet BIN 06, 192",update,3,9,written,,
211248,Q2028127,"Cuneiform Tablet SANER 18, 330, YBC 15625",update,0,12,written,,
535086,Q1366576,"Cuneiform Tablet AKT 6c, 629 & 630",update,1,9,written,,
437623,Q1371982,"Cuneiform Tablet KBo 28, 174",update,2,8,written,,
207666,Q2004720,Cuneiform Tablet BM 024226,update,0,12,written,,
230515,Q2018799,Cuneiform Tablet CBS 12657,update,0,11,written,,
228826,Q1982358,"Cuneiform Tablet AfO 29/30, 039, UM 55-21-070",update,0,12,written,,
229734,Q2031814,"Cuneiform Tablet CDLI Literary 000797, ex. 016",update,0,12,written,,
221304,Q2057215,Cuneiform Tablet DP 654,update,0,12,written,,
216077,Q2000561,"Cuneiform Tablet OrNS 44, 011",update,0,10,written,,
210009,Q1931295,Cuneiform Tablet LB 0553,update,0,11,written,,
230846,Q2059069,Cuneiform Tablet UM 29-13-006 + UM 29-13-004,update,0,10,written,,
206427,Q2004492,Cuneiform Tablet BM 022374,update,0,12,written,,
228575,Q1938426,"Cuneiform Tablet MSL 15, 010 F1",update,0,12,written,,
134503,Q894133,"Cuneiform Tablet TMH NF 1-2, 192",update,4,8,written,,
226992,Q2017696,"Cuneiform Tablet RIME 3/2.01.02.032, ex. 10",update,0,12,written,,
227680,Q1994909,"Cuneiform Tablet OIP 011, 073",update,0,12,written,,
209228,Q1984650,"Cuneiform Tablet Nisaba 11, 12",update,0,12,written,,
209382,Q2000066,"Cuneiform Tablet Ontario 2, 495",update,0,12,written,,
360439,Q1360575,"Cuneiform Tablet TPAK 1, 222",update,2,8,written,,
231304,Q2066332,Cuneiform Tablet Ist Ni 04929,update,0,12,written,,
228125,Q1970067,Cuneiform Tablet N 2052,update,0,11,written,,
536350,Q1363756,"Cuneiform Tablet AKT 8, 217",update,1,10,written,,
214949,Q1930875,Cuneiform Tablet L'uomo 12,update,0,10,written,,
216974,Q2025014,Cuneiform Tablet RTC 201,update,0,11,written,,
209678,Q1999231,"Cuneiform Tablet Ontario 2, 062",update,0,12,written,,
228430,Q1938243,"Cuneiform Tablet MSL 14, 028 Ku",update,0,12,written,,
134446,Q894855,"Cuneiform Tablet TMH NF 1-2, 134",update,4,8,written,,
217373,Q2061195,Cuneiform Tablet USP 16,update,0,11,written,,
209697,Q1999974,"Cuneiform Tablet Ontario 2, 447",update,0,12,written,,
225202,Q2040127,"Cuneiform Tablet CTN 3, 057",update,0,11,written,,
208985,Q1984191,"Cuneiform Tablet Nisaba 09, 107",update,0,12,written,,
217689,Q1924174,"Cuneiform Tablet ITT 4, 07026",update,0,11,written,,
212171,Q2061948,"Cuneiform Tablet Hermitage 3, 390",update,0,12,written,,
231611,Q2031723,"Cuneiform Tablet CDLI Literary 000796, ex. 126",update,0,12,written,,
228060,Q1936771,"Cuneiform Tablet MSL 07, 178 V17",update,0,12,written,,
216831,Q2016625,"Cuneiform Tablet RIME 2.03.05.03, ex. 03",update,0,10,written,,
498870,Q1362422,"Cuneiform Tablet AKT 6a, 066",update,1,10,written,,
393104,Q1371818,Cuneiform Tablet CDLJ 2010/1 §6.09,update,3,9,written,,
217723,Q1924244,"Cuneiform Tablet ITT 4, 07105",update,0,11,written,,
224940,Q2045757,"Cuneiform Tablet TIM 07, 248",update,0,11,written,,
222197,Q2022571,"Cuneiform Tablet CDLI Lexical 000031, ex. 007",update,0,12,written,,
231241,Q1970884,Cuneiform Tablet N 5044,update,0,12,written,,
229221,Q2057618,"Cuneiform Tablet EEN 303, CBS 06587",update,0,12,written,,
531883,Q892937,Cuneiform Tablet Elamica 11 KHT408,update,3,8,written,,
220903,Q2056421,Cuneiform Tablet DP 253,update,0,12,written,,
359241,Q1360083,Cuneiform Tablet Prag 642,update,2,9,written,,
221611,Q2001872,"Cuneiform Tablet OSP 1, 103",update,0,12,written,,
297225,Q1370328,Cuneiform Tablet NBC 01652,update,3,9,written,,
535069,Q1363491,"Cuneiform Tablet AKT 6c, 610",update,1,10,written,,
224413,Q2040825,"Cuneiform Tablet CTN 5, ND 2433",update,0,12,written,,
212872,Q2001659,"Cuneiform Tablet BIN 08, 328",update,0,10,written,,
216098,Q2001732,"Cuneiform Tablet OSP 1, 033",update,0,12,written,,
230000,Q894636,Cuneiform Tablet HS 1857,update,0,10,written,,
228963,Q2003177,"Cuneiform Tablet PBS 11/1, 009",update,0,12,written,,
229671,Q1937807,"Cuneiform Tablet MSL 13, 095, N 7160",update,0,11,written,,
221241,Q2057088,Cuneiform Tablet DP 591,update,0,12,written,,
226584,Q2017926,"Cuneiform Tablet RIME 3/2.01.06.1012, ex. 01",update,0,12,written,,
535439,Q1368630,"Cuneiform Tablet AKT 6d, 807",update,1,10,written,,
345632,Q894154,"Cuneiform Tablet CDLI Literary 000756, ex. 004",update,4,8,written,,
216132,Q2001848,"Cuneiform Tablet OSP 1, 091",update,0,12,written,,
531929,Q893012,Cuneiform Tablet Elamica 11,update,3,8,written,,
532128,Q892950,Cuneiform Tablet Elamica 11,update,3,8,written,,
221095,Q2056804,Cuneiform Tablet DP 445,update,0,12,written,,
227842,Q2019836,"Cuneiform Tablet CDLI Lexical 000001, ex. 061",update,0,11,written,,
215933,Q1994684,"Cuneiform Tablet OIC 22, 125 & 137 03",update,0,10,written,,
230684,Q1971032,Cuneiform Tablet N 5198,update,0,12,written,,
208252,Q2005004,"Cuneiform Tablet PPAC 5, 0429",update,0,12,written,,
211589,Q2061499,"Cuneiform Tablet Hermitage 3, 168",update,0,12,written,,
534855,Q1364737,"Cuneiform Tablet AKT 6b, 376 & 377",update,1,9,written,,
531704,Q892674,Cuneiform Tablet Elamica 11,update,3,8,written,,
221996,Q1980146,"Cuneiform Tablet Nik 1, 227",update,0,12,written,,
215030,Q1933097,"Cuneiform Tablet MAD 1, 088",update,0,11,written,,
231095,Q2018453,Cuneiform Tablet CBS 08469,update,0,12,written,,
218252,Q2029575,"Cuneiform Tablet SANTAG 7, 177",update,0,12,written,,
211970,Q2061717,"Cuneiform Tablet Hermitage 3, 280",update,0,12,written,,
227511,Q2016268,"Cuneiform Tablet RIME 2.01.01.05, ex. 01 & RIME 2.01.03.02, ex. 03 & RIME 2.x00.00.1011, ex. 01 & RIME 2.x00.00.1012, ex. 01",update,0,12,written,,
209443,Q1999834,"Cuneiform Tablet Ontario 2, 371",update,0,12,written,,
134368,Q894212,"Cuneiform Tablet TMH NF 1-2, 056",update,4,8,written,,
215175,Q1933231,"Cuneiform Tablet MAD 4, 013",update,0,10,written,,
217148,Q2039718,"Cuneiform Tablet STTI 1, 103",update,0,11,written,,
222206,Q1945544,"Cuneiform Tablet MVN 03, 053",update,0,12,written,,
209156,Q1983830,"Cuneiform Tablet Nisaba 06, 14",update,0,12,written,,
229919,Q894337,"Cuneiform Tablet TMH 08, 14",update,0,12,written,,
531641,Q892487,Cuneiform Tablet Elamica 11 KHT174,update,3,8,written,,
227004,Q2017688,"Cuneiform Tablet RIME 3/2.01.02.030, ex. 17",update,0,12,written,,
225039,Q2045940,"Cuneiform Tablet TIM 10, 062",update,0,9,written,,
134387,Q894135,"Cuneiform Tablet TMH NF 1-2, 075",update,4,8,written,,
209506,Q1999954,"Cuneiform Tablet Ontario 2, 437",update,0,12,written,,
225193,Q2040109,"Cuneiform Tablet CTN 3, 048",update,0,11,written,,
221979,Q1980116,"Cuneiform Tablet Nik 1, 210",update,0,12,written,,
215525,Q1934972,"Cuneiform Tablet MCS 9, 254",update,0,11,written,,
217518,Q1975697,Cuneiform Tablet Adab 0749,update,0,11,written,,
231580,Q2031849,"Cuneiform Tablet CDLI Literary 000797, ex. 033",update,0,12,written,,
250569,Q1371770,"Cuneiform Tablet CUSAS 34, 024",update,2,8,written,,
206309,Q2003696,Cuneiform Tablet BM 020043,update,0,12,written,,
357434,Q1370808,"Cuneiform Tablet TCL 04, 099",update,3,9,written,,
211835,Q2029210,"Cuneiform Tablet SANTAG 6, 317",update,0,12,written,,
209855,Q1999785,"Cuneiform Tablet Ontario 2, 346",update,0,12,written,,
214764,Q1924739,"Cuneiform Tablet ITT 5, 06698",update,0,11,written,,
208747,Q2059080,Cuneiform Tablet Fs Krecher 399-421,update,0,12,written,,
223417,Q2045802,"Cuneiform Tablet TIM 09, 088",update,0,12,written,,
224628,Q2039697,"Cuneiform Tablet CTN 2, 113",update,0,12,written,,
227907,Q2003300,"Cuneiform Tablet PBS 11/2, 002",update,0,11,written,,
211566,Q2028752,"Cuneiform Tablet SANTAG 6, 094",update,0,12,written,,
536887,Q1364767,"Cuneiform Tablet AKT 11a, 158",update,2,9,written,,
216309,Q2002222,"Cuneiform Tablet OSP 2, 155",update,0,12,written,,
534910,Q1368528,"Cuneiform Tablet AKT 6b, 439",update,1,10,written,,
225890,Q2016028,"Cuneiform Tablet RIME 1.15.add033.01, ex. 01",update,0,12,written,,
230391,Q2017233,Cuneiform Tablet CBS 06439 + N 5238,update,0,12,written,,
207518,Q2008043,"Cuneiform Tablet BPOA 01, 0355",update,0,12,written,,
233944,Q2016956,"Cuneiform Tablet RIME 3/1.01.07.041, ex. 018",update,0,11,written,,
221580,Q2001709,"Cuneiform Tablet OSP 1, 021",update,0,12,written,,
228172,Q1970217,Cuneiform Tablet N 3594,update,0,13,written,,
217631,Q1979468,Cuneiform Tablet Adab 1100,update,0,11,written,,
222085,Q2060012,Cuneiform Tablet FTP 011,update,0,12,written,,
225740,Q2058474,Cuneiform Tablet Erm 14332,update,0,12,written,,
228488,Q1937322,"Cuneiform Tablet MSL 11, 112 T",update,0,11,written,,
512658,Q894416,"Cuneiform Tablet TMH 10, 129",update,4,8,written,,
231353,Q1971189,Cuneiform Tablet N 5419,update,0,12,written,,
218194,Q2029477,"Cuneiform Tablet SANTAG 7, 119",update,0,12,written,,
212599,Q1998755,Cuneiform Tablet Berens 009,update,0,10,written,,
536757,Q1365719,"Cuneiform Tablet AKT 11a, 022",update,2,9,written,,
209785,Q1999870,"Cuneiform Tablet Ontario 2, 389",update,0,12,written,,
531568,Q892389,Cuneiform Tablet Elamica 11,update,3,8,written,,
216889,Q2024887,Cuneiform Tablet RTC 110,update,0,11,written,,
212063,Q2060954,"Cuneiform Tablet Hermitage 3, 094",update,0,12,written,,
231703,Q2038816,"Cuneiform Tablet StPohl SM 12, 153",update,0,12,written,,
206470,Q2005127,Cuneiform Tablet BM 024797,update,0,12,written,,
230811,Q2057855,"Cuneiform Tablet EEN 322, 3N-T0909c",update,0,10,written,,
228871,Q2059483,Cuneiform Tablet UM 55-21-006,update,0,12,written,,
229763,Q894419,Cuneiform Tablet HS 1442,update,0,12,written,,
221353,Q2064042,"Cuneiform Tablet HSS 03, 44",update,0,11,written,,
216020,Q1995442,"Cuneiform Tablet OIP 014, 164",update,0,11,written,,
213222,Q2038714,Cuneiform Tablet StLouis 056,update,0,10,written,,
229299,Q1937186,"Cuneiform Tablet MSL 10, 120 O",update,0,12,written,,
230542,Q2059167,Cuneiform Tablet UM 29-13-770,update,0,10,written,,
531991,Q893069,Cuneiform Tablet Elamica 11,update,3,8,written,,
216470,Q2016314,"Cuneiform Tablet RIME 2.01.02.11, ex. 33",update,0,10,written,,
220811,Q2056225,Cuneiform Tablet DP 161,update,0,12,written,,
221703,Q2055555,Cuneiform Tablet DCS 009 + 010,update,0,12,written,,
224501,Q2040995,"Cuneiform Tablet CTN 5, ND 2800",update,0,12,written,,
535481,Q1367979,"Cuneiform Tablet AKT 6d, 733",update,1,10,written,,
212960,Q2036460,"Cuneiform Tablet CT 50, 054",update,0,11,written,,
213672,Q2066494,"Cuneiform Tablet ITT 1, 01225",update,0,11,written,,
230112,Q2066340,Cuneiform Tablet Ist Ni 05301,update,0,10,written,,
213367,Q2064411,"Cuneiform Tablet HSS 10, 101",update,0,11,written,,
208481,Q1969459,"Cuneiform Tablet MVN 22, 059",update,0,12,written,,
230407,Q2017350,Cuneiform Tablet CBS 06675,update,0,10,written,,
228934,Q2059607,Cuneiform Tablet UM 55-21-403,update,0,12,written,,
229626,Q1937686,"Cuneiform Tablet MSL 13, 065 Q1",update,0,12,written,,
221216,Q2057038,Cuneiform Tablet DP 566,update,0,12,written,,
216165,Q2001988,"Cuneiform Tablet OSP 2, 013",update,0,11,written,,
212825,Q2001567,"Cuneiform Tablet BIN 08, 281",update,0,10,written,,
224444,Q2040884,"Cuneiform Tablet CTN 5, ND 2642",update,0,12,written,,
230057,Q2057881,"Cuneiform Tablet EEN 324, CBS 12655",update,0,12,written,,
229276,Q2035892,"Cuneiform Tablet SLFN 72, 3N-T906,236",update,0,12,written,,
220954,Q2056524,Cuneiform Tablet DP 304,update,0,12,written,,
221646,Q2001966,"Cuneiform Tablet OSP 1, 151",update,0,12,written,,
359216,Q1359953,Cuneiform Tablet Prag 614,update,2,9,written,,
212576,Q1994590,"Cuneiform Tablet AuOr 09, 152 7",update,0,11,written,,
227638,Q1994979,"Cuneiform Tablet OIP 011, 121",update,0,11,written,,
231216,Q1970834,Cuneiform Tablet N 4999 + N 5006,update,0,10,written,,
536242,Q1364850,"Cuneiform Tablet AKT 8, 107",update,1,10,written,,
498827,Q1362382,"Cuneiform Tablet AKT 6a, 025",update,1,10,written,,
531587,Q892407,Cuneiform Tablet Elamica 11,update,3,8,written,,
216866,Q2024845,Cuneiform Tablet RTC 087,update,0,12,written,,
217774,Q1924337,"Cuneiform Tablet ITT 4, 07402",update,0,11,written,,
208878,Q1984141,"Cuneiform Tablet Nisaba 09, 062",update,0,12,written,,
215749,Q1945717,"Cuneiform Tablet MVN 03, 099",update,0,10,written,,
212126,Q2061595,"Cuneiform Tablet Hermitage 3, 218",update,0,12,written,,
231646,Q2032057,"Cuneiform Tablet CDLI Literary 000808, ex. 003",update,0,12,written,,
230954,Q1971571,Cuneiform Tablet N 5941,update,0,11,written,,
228467,Q1971207,Cuneiform Tablet N 5450,update,0,11,written,,
134411,Q894904,"Cuneiform Tablet TMH NF 1-2, 099",update,4,8,written,,
215319,Q1933523,"Cuneiform Tablet MAD 4, 159",update,0,11,written,,
227792,Q2019064,Cuneiform Tablet CBS 15056,update,0,9,written,,
228308,Q2057686,"Cuneiform Tablet EEN 309, N 4642",update,0,12,written,,
220738,Q2056091,Cuneiform Tablet DP 088,update,0,12,written,,
209455,Q1999683,"Cuneiform Tablet Ontario 2, 292",update,0,12,written,,
211966,Q2028858,"Cuneiform Tablet SANTAG 6, 147",update,0,12,written,,
212649,Q2001317,"Cuneiform Tablet BIN 08, 101",update,0,11,written,,
218244,Q2029559,"Cuneiform Tablet SANTAG 7, 169",update,0,12,written,,
231129,Q2031747,"Cuneiform Tablet CDLI Literary 000796, ex. 138",update,0,13,written,,
357567,Q1370932,"Cuneiform Tablet TCL 14, 77",update,3,9,written,,
228758,Q2059396,Cuneiform Tablet UM 29-16-512,update,0,11,written,,
225490,Q1926519,"Cuneiform Tablet JCS 24, 048 no. 11",update,0,11,written,,
209005,Q1983834,"Cuneiform Tablet Nisaba 06, 16",update,0,12,written,,
215026,Q1933094,"Cuneiform Tablet MAD 1, 084",update,0,11,written,,
212219,Q2029033,"Cuneiform Tablet SANTAG 6, 234",update,0,12,written,,
221980,Q1980118,"Cuneiform Tablet Nik 1, 211",update,0,12,written,,
220692,Q2055999,Cuneiform Tablet DP 042,update,0,12,written,,
531712,Q743508,Cuneiform Tablet Elamica 11,update,4,7,written,,
231579,Q2031847,"Cuneiform Tablet CDLI Literary 000797, ex. 032",update,0,12,written,,
229519,Q1994959,"Cuneiform Tablet OIP 011, 106",update,0,12,written,,
534843,Q1366053,"Cuneiform Tablet AKT 6b, 362",update,1,10,written,,
359579,Q1369411,"Cuneiform Tablet ICK 1, 182",update,3,9,written,,
221129,Q2056872,Cuneiform Tablet DP 479,update,0,12,written,,
532094,Q892425,Cuneiform Tablet Elamica 11 KHT118,update,3,8,written,,
226316,Q2017847,"Cuneiform Tablet RIME 3/2.01.04.01, ex. 05",update,0,12,written,,
213058,Q2036630,"Cuneiform Tablet CT 50, 152",update,0,11,written,,
230738,Q2017876,Cuneiform Tablet CBS 07297,update,0,11,written,,
230692,Q1971517,Cuneiform Tablet N 5864,update,0,12,written,,
229149,Q1994704,"Cuneiform Tablet OIC 23, 117, 12N-562",update,0,11,written,,
217918,Q1924638,"Cuneiform Tablet ITT 4, 08041",update,0,11,written,,
221579,Q2001708,"Cuneiform Tablet OSP 1, 020",update,0,12,written,,
359129,Q1359871,Cuneiform Tablet Prag 521,update,2,9,written,,
211435,Q2060799,"Cuneiform Tablet Hermitage 3, 035",update,0,12,written,,
213408,Q2064449,"Cuneiform Tablet HSS 10, 143",update,0,11,written,,
227854,Q2019127,Cuneiform Tablet CBS 19759,update,0,10,written,,
435063,Q1361441,"Cuneiform Tablet KBo 09, 040",update,2,8,written,,
221083,Q2056781,Cuneiform Tablet DP 433,update,0,12,written,,
230368,Q2017070,Cuneiform Tablet CBS 05897,update,0,9,written,,
221596,Q2001796,"Cuneiform Tablet OSP 1, 065",update,0,12,written,,
233952,Q2016995,"Cuneiform Artifact RIME 3/1.01.07.041, ex. 026",update,0,12,written,,
230387,Q2017207,Cuneiform Tablet CBS 06116,update,0,9,written,,
534906,Q1363536,"Cuneiform Tablet AKT 6b, 435",update,1,10,written,,
214322,Q1962912,"Cuneiform Tablet ITT 2, 04508",update,0,11,written,,
227911,Q1995067,"Cuneiform Tablet OIP 011, 174",update,0,11,written,,
214288,Q1962875,"Cuneiform Tablet ITT 2, 04471",update,0,11,written,,
211570,Q2029237,"Cuneiform Tablet SANTAG 6, 331",update,0,12,written,,
536891,Q1367612,"Cuneiform Tablet AKT 11a, 162",update,2,9,written,,
361510,Q1361270,"Cuneiform Tablet Belleten 60, 616 No. 4",update,2,9,written,,
215860,Q1980485,"Cuneiform Tablet Nik 2, 079",update,0,10,written,,
208751,Q2007163,Cuneiform Tablet BM 106105,update,0,12,written,,
209843,Q1999667,"Cuneiform Tablet Ontario 2, 284",update,0,12,written,,
214772,Q1924820,"Cuneiform Tablet ITT 5, 06749",update,0,11,written,,
227442,Q2017639,"Cuneiform Artifact RIME 3/2.01.02.022, ex. 01",update,0,12,written,,
357422,Q1370797,"Cuneiform Tablet TCL 04, 087",update,3,9,written,,
231596,Q2031947,"Cuneiform Tablet CDLI Literary 000799, ex. 032",update,0,12,written,,
215533,Q1934989,"Cuneiform Tablet MCS 9, 262",update,0,11,written,,
209510,Q1999793,"Cuneiform Tablet Ontario 2, 350",update,0,12,written,,
215499,Q2016484,"Cuneiform Tablet RIME 2.01.04.07, ex. 01",update,0,12,written,,
134391,Q894679,"Cuneiform Tablet TMH NF 1-2, 079",update,4,8,written,,
210361,Q2008733,"Cuneiform Tablet BPOA 06, 0581",update,0,12,written,,
531657,Q892584,Cuneiform Tablet Elamica 11 KHT,update,3,8,written,,
360301,Q1360432,"Cuneiform Tablet TPAK 1, 091",update,2,8,written,,
222210,Q1945728,"Cuneiform Tablet MVN 03, 105",update,0,11,written,,
209140,Q1981733,"Cuneiform Tablet Nisaba 03/1, 078",update,0,12,written,,
211989,Q2028830,"Cuneiform Tablet SANTAG 6, 133",update,0,12,written,,
230104,Q2066312,Cuneiform Tablet Ist Ni 03621,update,0,10,written,,
211659,Q2061772,"Cuneiform Tablet Hermitage 3, 308",update,0,12,written,,
224517,Q2039576,"Cuneiform Tablet CTN 2, 052",update,0,12,written,,
292123,Q1370176,"Cuneiform Tablet BIN 04, 012",update,3,9,written,,
535497,Q1363031,"Cuneiform Tablet AKT 6e, 873",update,1,10,written,,
208182,Q2005302,"Cuneiform Tablet PPAC 5, 0580",update,0,12,written,,
297321,Q1370388,Cuneiform Tablet NBC 03762,update,3,9,written,,
221715,Q1979722,"Cuneiform Tablet Nik 1, 008",update,0,12,written,,
208478,Q1969433,"Cuneiform Tablet MVN 22, 043",update,0,12,written,,
531987,Q1091001,Cuneiform Tablet Elamica 11,update,3,8,written,,
220807,Q2056217,Cuneiform Tablet DP 157,update,0,12,written,,
229325,Q1995151,"Cuneiform Tablet OIP 011, 228",update,0,12,written,,
230554,Q2059275,Cuneiform Tablet UM 29-15-628,update,0,11,written,,
207627,Q2005063,Cuneiform Tablet BM 024734,update,0,12,written,,
213234,Q2059608,Cuneiform Tablet Fs Sjöberg  003,update,0,10,written,,
216036,Q1995468,"Cuneiform Tablet OIP 014, 180",update,0,11,written,,
221345,Q2064027,"Cuneiform Tablet HSS 03, 36",update,0,11,written,,
208028,Q2004915,"Cuneiform Tablet PPAC 5, 0384",update,0,12,written,,
228867,Q2059579,Cuneiform Tablet UM 55-21-348,update,0,12,written,,
206466,Q2005101,Cuneiform Tablet BM 024769,update,0,12,written,,
231715,Q1937004,"Cuneiform Tablet MSL 09, 051 S06, CBS 06754",update,0,11,written,,
210048,Q1931612,Cuneiform Tablet LB 2504,update,0,11,written,,
208881,Q1984256,"Cuneiform Tablet Nisaba 09, 166",update,0,12,written,,
212075,Q2061532,"Cuneiform Tablet Hermitage 3, 185",update,0,12,written,,
209793,Q1999513,"Cuneiform Tablet Ontario 2, 204",update,0,12,written,,
293732,Q1370230,"Cuneiform Tablet BIN 04, 224",update,3,9,written,,
222139,Q2060118,Cuneiform Tablet FTP 063A,update,0,10,written,,
536741,Q1362981,"Cuneiform Tablet AKT 11a, 006",update,2,9,written,,
134542,Q894272,"Cuneiform Tablet TMH NF 1-2, 231",update,4,8,written,,
218182,Q2029461,"Cuneiform Tablet SANTAG 7, 107",update,0,12,written,,
228534,Q2059071,Cuneiform Tablet UM 29-13-077,update,0,12,written,,
231345,Q2031823,"Cuneiform Tablet CDLI Literary 000797, ex. 020",update,0,12,written,,
218028,Q2038758,Cuneiform Tablet StLouis 141,update,0,11,written,,
222093,Q2060028,Cuneiform Tablet FTP 019,update,0,12,written,,
225756,Q2058503,Cuneiform Tablet Erm 14349,update,0,12,written,,
212425,Q1933620,"Cuneiform Tablet MAD 5, 115",update,0,11,written,,
217627,Q1979462,Cuneiform Tablet Adab 1087,update,0,11,written,,
209639,Q1999709,"Cuneiform Tablet Ontario 2, 305",update,0,12,written,,
227784,Q1936758,"Cuneiform Tablet MSL 07, 177",update,0,12,written,,
134407,Q894902,"Cuneiform Tablet TMH NF 1-2, 095",update,4,8,written,,
228471,Q1937411,"Cuneiform Tablet MSL 12, 031 P''",update,0,11,written,,
230942,Q1971550,Cuneiform Tablet N 5905,update,0,11,written,,
206523,Q2006289,Cuneiform Tablet BM 029728,update,0,12,written,,
231650,Q2032077,"Cuneiform Tablet CDLI Literary 000811, ex. 002",update,0,12,written,,
212130,Q2061554,"Cuneiform Tablet Hermitage 3, 197",update,0,12,written,,
536254,Q1367387,"Cuneiform Tablet AKT 8, 119",update,1,9,written,,
498831,Q1362386,"Cuneiform Tablet AKT 6a, 029",update,1,10,written,,
531591,Q743512,Cuneiform Tablet Elamica 11,update,3,8,written,,
216870,Q2024853,Cuneiform Tablet RTC 091,update,0,11,written,,
228021,Q1994991,"Cuneiform Tablet OIP 011, 127",update,0,12,written,,
206489,Q2005493,Cuneiform Tablet BM 025372,update,0,12,written,,
231200,Q1970794,Cuneiform Tablet N 4957,update,0,10,written,,
534793,Q1368802,"Cuneiform Tablet AKT 6b, 306",update,1,10,written,,
217298,Q2050497,Cuneiform Tablet Tutub 42,update,0,11,written,,
535028,Q1365261,"Cuneiform Tablet AKT 6c, 563",update,1,10,written,,
221650,Q2001976,"Cuneiform Tablet OSP 1, 156",update,0,12,written,,
220942,Q2056500,Cuneiform Tablet DP 292,update,0,12,written,,
216523,Q2016407,"Cuneiform Tablet RIME 2.01.02.20, ex. 36",update,0,12,written,,
229260,Q1995037,"Cuneiform Tablet OIP 011, 153",update,0,12,written,,
230041,Q1998679,"Cuneiform Tablet BE 20/1, 030",update,2,8,written,,
228888,Q2059511,Cuneiform Tablet UM 55-21-053,update,0,12,written,,
212833,Q2001583,"Cuneiform Tablet BIN 08, 289",update,0,10,written,,
223397,Q2045798,"Cuneiform Tablet TIM 09, 086",update,0,10,written,,
224452,Q2040899,"Cuneiform Tablet CTN 5, ND 2663",update,0,12,written,,
535478,Q1363568,"Cuneiform Tablet AKT 6d, 741",update,1,10,written,,
212999,Q2036514,"Cuneiform Tablet CT 50, 093",update,0,11,written,,
221200,Q2057008,Cuneiform Tablet DP 550,update,0,12,written,,
230411,Q2017415,Cuneiform Tablet CBS 06708,update,0,9,written,,
531968,Q893047,Cuneiform Tablet Elamica 11,update,3,8,written,,
227803,Q2019093,Cuneiform Tablet CBS 15099,update,0,10,written,,
211462,Q2028618,"Cuneiform Tablet SANTAG 6, 026",update,0,12,written,,
435034,Q1371938,"Cuneiform Tablet KBo 09, 011",update,2,8,written,,
232302,Q2016694,"Cuneiform Artifact RIME 3/1.01.07, Cylfrag 01 witness",update,0,12,written,,
214660,Q1923248,"Cuneiform Tablet ITT 2, 05853",update,0,11,written,,
221484,Q2001711,"Cuneiform Tablet BIN 08, 353",update,0,11,written,,
211032,Q2008863,"Cuneiform Tablet BPOA 06, 0902",update,0,12,written,,
254584,Q894660,"Cuneiform Tablet MKT 1, 039, HS 0216",update,4,6,written,,
230295,Q2057927,"Cuneiform Tablet EEN 331, CBS 03944",update,0,12,written,,
534814,Q1364291,"Cuneiform Tablet AKT 6b, 331",update,1,10,written,,
536829,Q1367329,"Cuneiform Tablet AKT 11a, 094",update,2,9,written,,
289554,Q1370016,"Cuneiform Tablet BIN 06, 139",update,3,9,written,,
224686,Q2039431,"Cuneiform Tablet CTN 1, p. 125, ND  10065",update,0,11,written,,
531745,Q892735,Cuneiform Tablet Elamica 11,update,3,8,written,,
227550,Q2058592,"Cuneiform Tablet FAOS 15/2, 067",update,0,12,written,,
218213,Q2029505,"Cuneiform Tablet SANTAG 7, 138",update,0,12,written,,
20458,Q896996,"Cuneiform Tablet TMH 05, 044",update,4,8,written,,
231484,Q2031390,"Cuneiform Tablet CDLI Literary 000795, ex. 039",update,0,12,written,,
134329,Q894485,"Cuneiform Tablet TMH NF 1-2, 017",update,4,8,written,,
215421,Q1933605,"Cuneiform Tablet MAD 5, 099",update,0,11,written,,
209402,Q2000036,"Cuneiform Tablet Ontario 2, 479",update,0,12,written,,
225097,Q2046047,"Cuneiform Tablet TIM 10, 127",update,0,9,written,,
229958,Q2063761,Cuneiform Tablet HS 1791 + HS 1860,update,0,10,written,,
231191,Q1970776,Cuneiform Tablet N 4940,update,0,10,written,,
222247,Q1995245,"Cuneiform Tablet OIP 014, 060",update,0,12,written,,
359938,Q1359795,Cuneiform Tablet KKS 04a+b &,update,2,8,written,,
215134,Q1933203,"Cuneiform Tablet MAD 1, 306",update,0,11,written,,
221892,Q1979952,"Cuneiform Tablet Nik 1, 123",update,0,12,written,,
225078,Q2046010,"Cuneiform Tablet TIM 10, 102",update,0,9,written,,
220780,Q2056175,Cuneiform Tablet DP 130,update,0,12,written,,
531600,Q892420,Cuneiform Tablet Elamica 11 KHT38,update,3,8,written,,
217559,Q1975777,Cuneiform Tablet Adab 0885 + 1062,update,0,11,written,,
221938,Q1980036,"Cuneiform Tablet Nik 1, 169",update,0,12,written,,
209547,Q1999207,"Cuneiform Tablet Ontario 2, 050",update,0,12,written,,
211874,Q2028634,"Cuneiform Tablet SANTAG 6, 034",update,0,12,written,,
388162,Q894883,"Cuneiform Tablet TMH 08, 31",update,4,7,written,,
206348,Q2004069,Cuneiform Tablet BM 020769,update,0,12,written,,
230780,Q1970643,Cuneiform Tablet N 4783,update,0,11,written,,
208706,Q1984448,"Cuneiform Tablet Nisaba 09, 316",update,0,12,written,,
215837,Q1980429,"Cuneiform Tablet Nik 2, 056",update,0,10,written,,
224393,Q2040769,"Cuneiform Tablet CTN 5, ND 2369",update,0,12,written,,
214725,Q1924409,"Cuneiform Tablet ITT 4, 07453",update,0,11,written,,
227946,Q2003415,"Cuneiform Tablet PBS 11/2, p. 173, CBS 04601",update,0,11,written,,
221191,Q2056989,Cuneiform Tablet DP 541,update,0,12,written,,
207109,Q1982662,Cuneiform Tablet AGGT 439,update,0,12,written,,
216348,Q2003105,"Cuneiform Tablet PBS 09, 039",update,0,11,written,,
390552,Q1370682,"Cuneiform Tablet RA 059, 032 no. 11",update,2,9,written,,
359191,Q1369195,Cuneiform Tablet Prag 589 &,update,3,9,written,,
207559,Q2004956,Cuneiform Tablet BM 024592,update,0,12,written,,
212188,Q2061503,"Cuneiform Tablet Hermitage 3, 170",update,0,12,written,,
498923,Q1362475,"Cuneiform Tablet AKT 6a, 120",update,1,10,written,,
536346,Q1365629,"Cuneiform Tablet AKT 8, 213",update,1,10,written,,
216962,Q2024987,Cuneiform Tablet RTC 187,update,0,11,written,,
231312,Q1971088,Cuneiform Tablet N 5290,update,0,12,written,,
209394,Q2000008,"Cuneiform Tablet Ontario 2, 465",update,0,12,written,,
227696,Q1994949,"Cuneiform Tablet OIP 011, 097",update,0,12,written,,
226984,Q2017541,"Cuneiform Tablet RIME 3/2.01.02.009, ex. 02",update,0,11,written,,
217220,Q2039854,"Cuneiform Tablet STTI 1, 177",update,0,11,written,,
134515,Q894004,"Cuneiform Tablet TMH NF 1-2, 204",update,4,8,written,,
228563,Q1936996,"Cuneiform Tablet MSL 09, 042, UM 29-13-446",update,0,12,written,,
206431,Q2004569,Cuneiform Tablet BM 023601,update,0,12,written,,
228099,Q2057935,"Cuneiform Tablet EEN 331, N 1479",update,0,12,written,,
231742,Q2035890,"Cuneiform Tablet SLFN 72, 3N-T906,225",update,0,12,written,,
293765,Q1370264,"Cuneiform Tablet BIN 04, 192",update,3,9,written,,
531529,Q892305,Cuneiform Tablet Elamica 11,update,3,8,written,,
498889,Q1362441,"Cuneiform Tablet AKT 6a, 085",update,1,10,written,,
213799,Q2066560,"Cuneiform Tablet ITT 1, 01378",update,0,11,written,,
216061,Q1995765,"Cuneiform Tablet OIP 097, 08",update,0,11,written,,
221312,Q2063959,"Cuneiform Tablet HSS 03, 03",update,0,11,written,,
229722,Q2019156,Cuneiform Tablet CBS 19809,update,0,10,written,,
545392,Q1372017,Cuneiform Tablet Nabu 2001/056,update,3,9,written,,
228830,Q1982366,"Cuneiform Tablet AfO 29/30, 041, UM 55-21-250",update,0,12,written,,
207670,Q2005989,Cuneiform Tablet BM 027621,update,0,12,written,,
535090,Q1364290,"Cuneiform Tablet AKT 6c, 634",update,1,10,written,,
221742,Q1979776,"Cuneiform Tablet Nik 1, 035",update,0,12,written,,
220850,Q2056303,Cuneiform Tablet DP 200,update,0,12,written,,
229372,Q2003435,"Cuneiform Tablet PBS 11/2, p. 174, CBS 06676",update,0,11,written,,
229688,Q1938422,"Cuneiform Tablet MSL 15, 010 D1",update,0,12,written,,
230153,Q2057773,"Cuneiform Tablet EEN 317, N 4977",update,0,11,written,,
212921,Q2033127,Cuneiform Tablet CHEU 053,update,0,9,written,,
223285,Q2045681,"Cuneiform Tablet TIM 04, 22",update,0,11,written,,
290149,Q1370074,"Cuneiform Tablet BIN 04, 151",update,3,9,written,,
224540,Q2014845,"Cuneiform Tablet RIMA 2.0.101.026, ex. 13",update,0,12,written,,
223790,Q1936590,"Cuneiform Tablet MSKH 1, IM 055984",update,0,9,written,,
216124,Q2001810,"Cuneiform Tablet OSP 1, 073",update,0,12,written,,
221257,Q2057121,Cuneiform Tablet DP 607,update,0,12,written,,
229667,Q1937795,"Cuneiform Tablet MSL 13, 095 M2:",update,0,10,written,,
228975,Q2003201,"Cuneiform Tablet PBS 11/1, 023 +",update,0,12,written,,
360839,Q1360988,Cuneiform Tablet Fs N. Özgüç 137-138,update,2,8,written,,
230016,Q1998657,"Cuneiform Tablet BE 20/1, 017",update,0,12,written,,
213776,Q2066538,"Cuneiform Tablet ITT 1, 01349",update,0,11,written,,
224405,Q2040953,"Cuneiform Tablet CTN 5, ND 2734 +",update,0,12,written,,
212864,Q2001643,"Cuneiform Tablet BIN 08, 320",update,0,10,written,,
221607,Q2001846,"Cuneiform Tablet OSP 1, 090",update,0,12,written,,
220915,Q2056445,Cuneiform Tablet DP 265,update,0,12,written,,
214549,Q1935623,"Cuneiform Tablet ITT 2, 05730",update,0,11,written,,
229237,Q1971595,Cuneiform Tablet N 5976,update,0,12,written,,
231257,Q1970932,Cuneiform Tablet N 5089,update,0,11,written,,
225644,Q2018142,"Cuneiform Tablet RIME 4.01.05.05, ex. 20",update,0,11,written,,
227679,Q2003495,"Cuneiform Tablet PBS 11/3, 040",update,0,10,written,,
224956,Q2046153,"Cuneiform Tablet TIM 11, 14",update,0,12,written,,
215708,Q1945554,"Cuneiform Tablet MVN 03, 055",update,0,11,written,,
217735,Q1924261,"Cuneiform Tablet ITT 4, 07128",update,0,11,written,,
216827,Q2016606,"Cuneiform Tablet RIME 2.03.05.02, ex. 05",update,0,10,written,,
498866,Q1362418,"Cuneiform Tablet AKT 6a, 062",update,1,10,written,,
228076,Q1995093,"Cuneiform Tablet OIP 011, 192",update,0,12,written,,
206574,Q2008023,"Cuneiform Tablet BPOA 01, 0237",update,0,12,written,,
230915,Q2031115,"Cuneiform Tablet CDLI Literary 000782, ex. 080 ? & 000795, ex. 085 & 000826, ex. 002",update,0,12,written,,
231607,Q2031719,"Cuneiform Tablet CDLI Literary 000796, ex. 124",update,0,12,written,,
212167,Q2061654,"Cuneiform Tablet Hermitage 3, 248",update,0,12,written,,
209681,Q1999369,"Cuneiform Tablet Ontario 2, 132",update,0,12,written,,
225214,Q2040151,"Cuneiform Tablet CTN 3, 069",update,0,11,written,,
128473,Q2025251,Cuneiform Tablet RTC 320,update,2,10,written,,
531196,Q1996093,"Cuneiform Tablet BATSH 18, 81",update,2,9,written,,
325176,Q2042667,"Cuneiform Tablet CUSAS 03, 0193",update,2,9,written,,
103723,Q1992552,"Cuneiform Tablet AUCT 1, 878",update,2,9,written,,
536653,Q1368908,"Cuneiform Tablet AKT 9a, 150",update,2,8,written,,
358446,Q1359059,"Cuneiform Tablet CCT 1, 26, BM 113619",update,3,8,written,,
432821,Q2028496,"Cuneiform Tablet CDLI Literary 000619, ex. 048",update,1,10,written,,
134450,Q894451,"Cuneiform Tablet TMH NF 1-2, 139",update,4,8,written,,
215358,Q1933554,"Cuneiform Tablet MAD 5, 033",update,0,11,written,,
346458,Q2024287,"Cuneiform Tablet CDLI Literary 000340, ex. 015",update,2,10,written,,
372804,Q2062668,"Cuneiform Tablet VS 13, 052",update,2,10,written,,
217365,Q2061173,Cuneiform Tablet USP 08,update,0,11,written,,
499324,Q2040252,"Cuneiform Tablet Sumer 55, 117 1",update,2,10,written,,
463984,Q2028204,"Cuneiform Tablet CDLI Literary 000564, ex. 004",update,2,10,written,,
249135,Q1971204,"Cuneiform Tablet AAICAB 1/3, pl. 232, Bod S 227",update,2,10,written,,
282031,Q1928280,Cuneiform Tablet KAJ 016,update,2,8,written,,
331565,Q1983146,"Cuneiform Tablet Nisaba 05/1, 539",update,3,9,written,,
126894,Q2008285,"Cuneiform Tablet Princeton 1, 205",update,2,10,written,,
117330,Q1960174,"Cuneiform Tablet MVN 13, 557",update,2,10,written,,
260258,Q2016883,Cuneiform Tablet CBS 03915,update,2,9,written,,
228426,Q2057649,"Cuneiform Tablet EEN 305, N 5246",update,0,12,written,,
515133,Q2051837,"Cuneiform Tablet CUSAS 40, 0349",update,2,9,written,,
417796,Q1997155,"Cuneiform Tablet BATSH 9, 085",update,2,9,written,,
120043,Q1967747,"Cuneiform Tablet MVN 18, 682",update,2,10,written,,
224377,Q2029793,"Cuneiform Tablet SAOC 44, 93",update,0,11,written,,
481066,Q1931059,"Cuneiform Tablet LAOS 1, 23",update,2,9,written,,
100387,Q1983489,Cuneiform Tablet Aleppo 055,update,2,10,written,,
131823,Q2041561,Cuneiform Tablet Tavolette 038,update,2,10,written,,
450996,Q1994247,"Cuneiform Artifact OECT 04, 061",update,2,7,written,,
461232,Q2006883,Cuneiform Tablet BM 047624,update,1,9,written,,
213004,Q2036524,"Cuneiform Tablet CT 50, 098",update,0,11,written,,
107442,Q2033087,Cuneiform Tablet CHEU 009,update,2,9,written,,
238354,Q2038569,"Cuneiform Tablet CT 54, 070",update,2,10,written,,
293851,Q1370275,"Cuneiform Tablet BIN 04, 148",update,3,9,written,,
130731,Q2040725,Cuneiform Tablet Syracuse 180,update,2,9,written,,
247659,Q2015751,"Cuneiform Tablet RIME 1.08.03.01, ex. 01",update,2,10,written,,
145631,Q2044357,"Cuneiform Tablet TCS 1, 030",update,2,10,written,,
113051,Q1938837,"Cuneiform Tablet MVN 01, 018",update,2,10,written,,
314159,Q2038133,"Cuneiform Tablet CT 53, 749",update,2,10,written,,
328935,Q2046029,"Cuneiform Tablet CUSAS 13, 087",update,2,8,written,,
138301,Q2056527,"Cuneiform Tablet UET 9, 0170",update,2,10,written,,
497448,Q2064230,"Cuneiform Tablet WVDOG 143, 026",update,2,10,written,,
361059,Q1371609,"Cuneiform Tablet RHA 18 (66-67), 37ff.",update,3,8,written,,
379890,Q2006958,"Cuneiform Tablet PPAC 5, 1415",update,2,10,written,,
335604,Q1980842,Cuneiform Tablet ADD 0733,update,2,10,written,,
363064,Q1987116,"Cuneiform Tablet Nisaba 16, 150",update,2,10,written,,
230764,Q2018306,Cuneiform Tablet CBS 07919,update,0,11,written,,
114794,Q1950262,"Cuneiform Tablet MVN 06, 368",update,2,10,written,,
115886,Q1955025,"Cuneiform Tablet MVN 10, 113",update,2,9,written,,
334916,Q1974841,Cuneiform Tablet ABL 1453 +,update,2,10,written,,
516597,Q2054573,"Cuneiform Tablet CUSAS 40, 1813",update,2,9,written,,
144923,Q2033911,"Cuneiform Tablet SAT 3, 1723",update,2,10,written,,
414332,Q2035019,Cuneiform Tablet SBH 70,update,2,9,written,,
513795,Q2017084,"Cuneiform Tablet RIME 3/1.01.07.041, ex. add413",update,2,9,written,,
121120,Q1972828,Cuneiform Tablet NATN 422,update,2,10,written,,
378278,Q2005898,"Cuneiform Tablet PPAC 5, 0887",update,2,10,written,,
200628,Q1936357,Cuneiform Tablet MLC 01077,update,2,9,written,,
202615,Q2004144,Cuneiform Tablet BM 021091,update,2,10,written,,
229545,Q1937431,"Cuneiform Tablet MSL 12, 032 D3",update,0,12,written,,
203907,Q2005500,"Cuneiform Tablet PPAC 5, 0686",update,2,10,written,,
116253,Q1956346,"Cuneiform Tablet MVN 11, Q",update,2,9,written,,
235566,Q2060686,Cuneiform Tablet USC 6756,update,2,10,written,,
330406,Q1971406,"Cuneiform Tablet AAICAB 1/4, Bod S 336",update,1,10,written,,
345506,Q2036254,"Cuneiform Tablet CT 36, pl. 41-42, BM 096940",update,1,9,written,,
103952,Q1993010,"Cuneiform Tablet AUCT 2, 134",update,2,9,written,,
373967,Q2019252,Cuneiform Tablet CDLB 2007/002 3,update,2,9,written,,
216206,Q2002018,"Cuneiform Tablet OSP 2, 052",update,0,11,written,,
313366,Q1893910,"Cuneiform Tablet CT 43, 076",update,1,10,written,,
276807,Q2030195,"Cuneiform Tablet CDLI Literary 000761, ex. 050",update,2,10,written,,
536822,Q1364301,"Cuneiform Tablet AKT 11a, 087",update,2,9,written,,
359525,Q1369349,"Cuneiform Tablet ICK 1, 128",update,3,8,written,,
221175,Q2056956,Cuneiform Tablet DP 525,update,0,12,written,,
324015,Q2042979,"Cuneiform Tablet CUSAS 03, 0358",update,2,9,written,,
105185,Q1997542,"Cuneiform Tablet BCT 1, 083",update,2,9,written,,
129510,Q2035416,Cuneiform Tablet SET 100,update,2,9,written,,
102640,Q1990283,"Cuneiform Tablet ASJ 18, 079 11",update,2,9,written,,
290284,Q2013599,"Cuneiform Tablet BPOA 07, 2441",update,2,10,written,,
326028,Q2049289,"Cuneiform Tablet CUSAS 33, 167",update,2,9,written,,
213454,Q2064493,"Cuneiform Tablet HSS 10, 189",update,0,11,written,,
405489,Q1994908,Cuneiform Tablet B2010.1.58,update,2,9,written,,
274990,Q1906951,Cuneiform Tablet IM — ?; (CBS — [cast] ?),update,2,11,written,,
322968,Q2047976,"Cuneiform Tablet CUSAS 20, 302",update,2,9,written,,
130361,Q2037773,Cuneiform Tablet STA 11,update,3,9,written,,
227808,Q2019726,"Cuneiform Tablet CDLI Lexical 000001, ex. 032",update,0,12,written,,
135499,Q2044257,Cuneiform Tablet TCNU 653,update,2,10,written,,
211469,Q2028666,"Cuneiform Tablet SANTAG 6, 051",update,0,12,written,,
342369,Q1994475,"Cuneiform Tablet OECT 09, 32",update,2,10,written,,
377027,Q1989708,"Cuneiform Tablet Nisaba 31/2, 105",update,2,10,written,,
107012,Q2007446,Cuneiform Tablet BM Messenger 133,update,2,10,written,,
124772,Q2000453,"Cuneiform Tablet Orient 16, 108 177",update,1,10,written,,
138751,Q2057439,"Cuneiform Tablet UET 9, 0620",update,2,10,written,,
250935,Q2050255,"Cuneiform Tablet CUSAS 35, 350",update,2,9,written,,
113401,Q1944174,"Cuneiform Tablet MVN 02, 102",update,2,9,written,,
145261,Q2034569,"Cuneiform Tablet SAT 3, 2061",update,2,10,written,,
332591,Q2063846,Cuneiform Tablet Walla Walla College 3,update,2,9,written,,
361409,Q1361189,Cuneiform Tablet P361409,update,2,8,written,,
335254,Q1980151,Cuneiform Tablet ADD 0309,update,2,9,written,,
201890,Q2059807,"Cuneiform Tablet UMTBM 03, 27",update,2,10,written,,
363434,Q2040286,"Cuneiform Tablet CTN 4, 019",update,2,10,written,,
230334,Q2017011,Cuneiform Tablet CBS 05837,update,0,9,written,,
348764,Q2037451,"Cuneiform Tablet SpTU 4, 171",update,2,8,written,,
357868,Q1371229,Cuneiform Tablet TTC 23,update,3,9,written,,
140063,Q2061410,"Cuneiform Tablet UTI 3, 2044",update,2,10,written,,
264093,Q1982114,"Cuneiform Tablet AfO 29/30, 025, CBS 06538",update,2,10,written,,
386462,Q1892751,"Cuneiform Tablet TCL 01, 026",update,1,10,written,,
522861,Q1983236,"Cuneiform Tablet Akkadica Supp. 13, ACP 12",update,2,10,written,,
121570,Q1973628,Cuneiform Tablet NATN 873,update,2,10,written,,
356280,Q2024169,"Cuneiform Tablet CDLI Literary 000339, ex. 043 & 000395, ex. 065",update,2,10,written,,
124288,Q1998544,"Cuneiform Tablet OIP 121, 558",update,2,10,written,,
200278,Q1981397,"Cuneiform Tablet Nisaba 01, 224",update,2,10,written,,
336881,Q2038013,"Cuneiform Tablet StAT 2, 073",update,2,10,written,,
229115,Q2019640,"Cuneiform Tablet CDLI Lexical 000001, ex. 011",update,0,12,written,,
117911,Q1962522,"Cuneiform Tablet MVN 14, 0230",update,2,10,written,,
144889,Q2033845,"Cuneiform Tablet SAT 3, 1689",update,2,10,written,,
221525,Q2001233,"Cuneiform Tablet BIN 08, 059",update,0,11,written,,
414298,Q2034957,Cuneiform Tablet SBH 31,update,2,9,written,,
324445,Q2043192,"Cuneiform Tablet CUSAS 03, 0490",update,2,9,written,,
464460,Q2014919,"Cuneiform Tablet RIMA 2.0.101.038, ex. 15",update,2,10,written,,
359175,Q1359916,Cuneiform Tablet Prag 572,update,2,9,written,,
215979,Q1995358,"Cuneiform Tablet OIP 014, 123",update,0,11,written,,
461398,Q2030819,"Cuneiform Tablet CDLI Literary 000778, ex. 023",update,2,10,written,,
499905,Q2004174,Cuneiform Tablet BM 021246,update,2,10,written,,
131989,Q2041887,Cuneiform Tablet Tavolette 203,update,2,10,written,,
129140,Q2027576,"Cuneiform Tablet SACT 2, 183",update,2,10,written,,
217944,Q1924682,"Cuneiform Tablet ITT 4, 08120",update,0,11,written,,
313736,Q2037328,"Cuneiform Tablet CT 53, 321",update,2,10,written,,
345156,Q2030792,"Cuneiform Tablet CDLI Literary 000778, ex. 010",update,2,10,written,,
208648,Q1984137,"Cuneiform Tablet Nisaba 09, 060",update,0,12,written,,
216656,Q2016491,"Cuneiform Tablet RIME 2.01.04.08, ex. 02",update,0,9,written,,
338466,Q2039064,"Cuneiform Tablet STT 2, 146",update,2,8,written,,
135163,Q2049120,Cuneiform Tablet TRU 399,update,2,9,written,,
405173,Q1995256,"Cuneiform Tablet BagM 31, 107 295",update,3,9,written,,
498617,Q1361482,"Cuneiform Tablet AMMY 2003-2004, 274",update,2,8,written,,
106253,Q2000015,"Cuneiform Tablet BIN 03, 446",update,2,10,written,,
502887,Q1362700,Cuneiform Artifact KKBullae 328 kt o/k 202,update,2,9,written,,
101596,Q1986731,"Cuneiform Tablet AnOr 07, 301",update,2,10,written,,
131120,Q2029819,"Cuneiform Tablet SAT 1, 010",update,2,10,written,,
225566,Q2018226,"Cuneiform Tablet RIME 4.01.07.01, ex. 07",update,0,12,written,,
368278,Q894165,"Cuneiform Tablet Sumer 42, 083",update,4,7,written,,
409500,Q2041914,Cuneiform Artifact CUNES 48-06-509,update,1,4,written,,
212615,Q2001189,"Cuneiform Tablet BIN 08, 038",update,0,12,written,,
115185,Q1951949,"Cuneiform Tablet MVN 07, 314",update,2,10,written,,
334015,Q1972567,Cuneiform Tablet ABL 0064,update,2,10,written,,
231175,Q2032190,"Cuneiform Tablet CDLI Literary 000821, ex. 034",update,0,13,written,,
382421,Q2042562,"Cuneiform Tablet TCBI 1, 169",update,2,8,written,,
139510,Q2059631,Cuneiform Tablet Umma 001,update,2,9,written,,
112640,Q1934688,"Cuneiform Tablet MCS 3, 02 3 Fish —",update,1,9,written,,
360648,Q1360810,"Cuneiform Tablet AKT 3, 039",update,2,8,written,,
144020,Q2032138,"Cuneiform Tablet SAT 2, 0820",update,2,10,written,,
336028,Q1981685,Cuneiform Tablet ADD 1268,update,2,9,written,,
218218,Q2029515,"Cuneiform Tablet SANTAG 7, 143",update,0,12,written,,
113952,Q1947004,"Cuneiform Tablet MVN 03, 392",update,1,10,written,,
206206,Q1969597,"Cuneiform Tablet MVN 22, 134",update,0,12,written,,
303366,Q2013837,"Cuneiform Tablet BPOA 07, 2612",update,2,10,written,,
526822,Q2033319,Cuneiform Tablet Civil Notebook BM 037615,update,1,9,written,,
379193,Q1929596,"Cuneiform Tablet Kaskal 15, 55",update,2,10,written,,
20453,Q893887,"Cuneiform Tablet TMH 05, 039",update,5,7,written,,
517386,Q1990716,"Cuneiform Tablet Nisaba 33, 206",update,2,9,written,,
266807,Q2018763,Cuneiform Tablet CBS 11666,update,2,10,written,,
515641,Q2052803,"Cuneiform Tablet CUSAS 40, 0857",update,2,9,written,,
228354,Q1970898,Cuneiform Tablet N 5053 + N 5066,update,0,12,written,,
203004,Q2003608,Cuneiform Tablet BM 019392,update,2,10,written,,
283851,Q1983961,"Cuneiform Tablet Nisaba 07, 47",update,2,10,written,,
120731,Q1972220,Cuneiform Tablet NATN 035,update,2,10,written,,
201039,Q2009072,"Cuneiform Tablet Princeton 2, 041",update,2,10,written,,
282743,Q1926231,"Cuneiform Tablet JCS 07, 148 - 176, 62",update,2,8,written,,
522532,Q2057432,"Cuneiform Tablet Edubba 10, 45",update,2,10,written,,
331217,Q1982577,"Cuneiform Tablet Nisaba 05/1, 158",update,3,9,written,,
110387,Q2064283,"Cuneiform Tablet HSS 04, 114",update,2,9,written,,
117442,Q1960626,"Cuneiform Tablet MVN 13, 669",update,2,10,written,,
262517,Q2017900,Cuneiform Tablet CBS 07516,update,1,9,written,,
514953,Q2051502,"Cuneiform Tablet CUSAS 40, 0169",update,2,9,written,,
221876,Q1979920,"Cuneiform Tablet Nik 1, 107",update,0,12,written,,
134322,Q894515,"Cuneiform Tablet TMH NF 1-2, 010",update,4,8,written,,
324916,Q2044940,"Cuneiform Tablet CUSAS 11, 066",update,2,9,written,,
312577,Q2008436,"Cuneiform Tablet BPOA 06, 0209",update,2,10,written,,
217417,Q2061317,Cuneiform Tablet USP 61,update,0,11,written,,
105886,Q1999302,"Cuneiform Tablet BIN 03, 080",update,2,10,written,,
499456,Q2023850,"Cuneiform Tablet Robertson diss. p. 107, Ist Ni 1770",update,2,10,written,,
128301,Q2024362,Cuneiform Tablet Rochester 196,update,2,9,written,,
103051,Q1991192,"Cuneiform Tablet AUCT 1, 205",update,2,9,written,,
325604,Q2049007,"Cuneiform Tablet CUSAS 33, 025",update,2,9,written,,
104794,Q1999992,"Cuneiform Tablet Ontario 2, 457",update,2,10,written,,
209409,Q1999832,"Cuneiform Tablet Ontario 2, 370",update,0,12,written,,
220764,Q2056143,Cuneiform Tablet DP 114,update,0,12,written,,
536121,Q1366762,"Cuneiform Tablet AKT 7a, 296",update,2,8,written,,
215580,Q1935045,"Cuneiform Tablet MDP 14, 062-126 16 + 46 + 55",update,0,11,written,,
296350,Q2015418,"Cuneiform Tablet BRM 1, 043",update,2,9,written,,
134288,Q2046882,"Cuneiform Tablet TLB 03, 147",update,2,9,written,,
346280,Q2055545,"Cuneiform Tablet UET 6, 0195",update,2,9,written,,
107911,Q2034530,Cuneiform Tablet CST (JRL) 396,update,2,10,written,,
106603,Q2000708,"Cuneiform Tablet BIN 05, 169",update,2,10,written,,
225136,Q2046105,"Cuneiform Tablet TIM 10, 158",update,0,11,written,,
258406,Q2016663,Cuneiform Tablet CBS 00955,update,1,9,written,,
303736,Q2015085,"Cuneiform Tablet BPOA 07, 2940",update,2,10,written,,
125163,Q2001238,"Cuneiform Tablet OrSP 47-49, 273",update,2,10,written,,
20003,Q2062967,"Cuneiform Tablet VS 14, 148",update,2,10,written,,
527360,Q1982464,"Cuneiform Tablet AfO Beih 06, TH 024",update,1,10,written,,
267345,Q2018826,Cuneiform Tablet CBS 12733,update,2,10,written,,
231525,Q2031571,"Cuneiform Tablet CDLI Literary 000796, ex. 049",update,0,12,written,,
334445,Q1973596,Cuneiform Tablet ABL 0644,update,2,10,written,,
205979,Q2005254,"Cuneiform Tablet PPAC 5, 0556",update,2,10,written,,
522498,Q2057363,"Cuneiform Tablet Edubba 10, 09",update,2,10,written,,
144470,Q2033014,"Cuneiform Tablet SAT 3, 1270",update,2,10,written,,
112210,Q1926964,"Cuneiform Tablet JCS 38, 061 25",update,2,10,written,,
139140,Q2058218,"Cuneiform Tablet UET 9, 1010",update,2,10,written,,
411999,Q2045519,"Cuneiform Tablet CUSAS 11, 364",update,2,9,written,,
331647,Q1982586,"Cuneiform Tablet Nisaba 05/1, 165",update,3,9,written,,
360218,Q1360346,"Cuneiform Tablet TPAK 1, 005",update,2,8,written,,
336478,Q2022751,Cuneiform Tablet RMA 166,update,2,10,written,,
282313,Q1928847,Cuneiform Tablet KAJ 300,update,2,8,written,,
336182,Q2065663,"Cuneiform Artifact Iraq 27, 016c",update,2,10,written,,
265682,Q2066431,"Cuneiform Tablet ZA 071, 014",update,2,10,written,,
117012,Q1958758,"Cuneiform Tablet MVN 13, 240",update,1,10,written,,
306534,Q1893547,"Cuneiform Tablet YOS 02, 025",update,2,10,written,,
203454,Q2003925,Cuneiform Tablet BM 020501,update,2,10,written,,
515211,Q2051990,"Cuneiform Tablet CUSAS 40, 0427",update,2,9,written,,
228704,Q2060194,"Cuneiform Tablet FTS, p. 112 fig. 13",update,0,12,written,,
120361,Q1968789,"Cuneiform Tablet MVN 21, 124",update,2,10,written,,
237808,Q2010179,Cuneiform Tablet PRT 114,update,2,10,written,,
201469,Q2009870,"Cuneiform Tablet Princeton 2, 470",update,2,10,written,,
357491,Q1370857,"Cuneiform Tablet TCL 14, 01",update,3,9,written,,
526988,Q2035081,"Cuneiform Tablet Scribe's workshop, 207",update,1,7,written,,
128751,Q2025618,Cuneiform Tablet SA 087,update,2,9,written,,
322591,Q2042782,"Cuneiform Tablet CUSAS 03, 0265",update,2,9,written,,
209059,Q1984114,"Cuneiform Tablet Nisaba 09, 037",update,0,12,written,,
103401,Q1991891,"Cuneiform Tablet AUCT 1, 556",update,2,9,written,,
274569,Q2038765,Cuneiform Tablet StLouis 163,update,2,9,written,,
393660,Q2026400,"Cuneiform Tablet SAA 19, 132",update,2,10,written,,
296700,Q2066136,"Cuneiform Tablet YOS 20, 038",update,2,9,written,,
358764,Q1359382,"Cuneiform Tablet CCT 5, 18, BM 120510",update,3,7,written,,
536571,Q1363809,"Cuneiform Tablet AKT 9a, 067",update,2,8,written,,
211890,Q2028594,"Cuneiform Tablet SANTAG 6, 014",update,0,12,written,,
135860,Q2050408,Cuneiform Tablet TUT 266,update,2,10,written,,
134772,Q2048349,Cuneiform Tablet TRU 008,update,2,9,written,,
343082,Q2028641,"Cuneiform Tablet CDLI Literary 000623, ex. 022",update,2,10,written,,
499006,Q1362561,"Cuneiform Tablet AKT 6a, 199",update,1,10,written,,
129843,Q2036213,Cuneiform Tablet SNAT 082,update,2,10,written,,
359876,Q1369678,"Cuneiform Tablet ICK 2, 291",update,3,8,written,,
248810,Q1970668,"Cuneiform Tablet AAICAB 1/2, pl. 129, 1971-296",update,2,10,written,,
283914,Q2028131,"Cuneiform Artifact SANER 3, 2.02.01.01 (C11/A), ex. 07",update,2,9,written,,
120674,Q1971914,"Cuneiform Tablet NABU 1989/095, 09",update,2,9,written,,
204684,Q2006203,Cuneiform Tablet BM 028732,update,2,10,written,,
357184,Q2025733,"Cuneiform Tablet CDLI Literary 000368, ex. 054",update,1,10,written,,
203141,Q1927594,"Cuneiform Tablet JCS 71, 030 10",update,2,10,written,,
228211,Q1938152,"Cuneiform Tablet MSL 14, 026 Ij",update,0,12,written,,
515704,Q2052925,"Cuneiform Tablet CUSAS 40, 0920",update,2,9,written,,
122649,Q1993531,Cuneiform Tablet NYPL 113,update,2,10,written,,
109519,Q2062131,Cuneiform Tablet Hirose 048,update,2,9,written,,
514816,Q2051064,"Cuneiform Tablet CUSAS 40, 0032",update,2,9,written,,
336497,Q2022917,Cuneiform Tablet RMA 194a,update,2,10,written,,
117507,Q1960879,"Cuneiform Tablet MVN 13, 734",update,2,10,written,,
522477,Q1983350,"Cuneiform Tablet al-Rafidan 17, 22",update,2,10,written,,
499513,Q1985437,Cuneiform Tablet P499513,update,2,9,written,,
217552,Q1975763,Cuneiform Tablet Adab 0865,update,0,11,written,,
324853,Q2045933,"Cuneiform Tablet CUSAS 13, 038",update,2,8,written,,
134267,Q2046843,"Cuneiform Tablet TLB 03, 126",update,2,9,written,,
221933,Q1980028,"Cuneiform Tablet Nik 1, 164",update,0,12,written,,
358271,Q1360255,"Cuneiform Tablet VS 26, 135",update,3,8,written,,
536064,Q1367950,"Cuneiform Tablet AKT 7a, 241",update,2,8,written,,
101129,Q1985819,"Cuneiform Tablet AnOr 01, 138",update,2,10,written,,
128244,Q2024284,Cuneiform Tablet Rochester 139,update,2,9,written,,
467759,Q2048797,"Cuneiform Tablet CUSAS 26, 259",update,2,10,written,,
103114,Q1991319,"Cuneiform Tablet AUCT 1, 269",update,1,9,written,,
347887,Q2013095,"Cuneiform Tablet Ras Shamra-Ougarit 07, 049",update,2,9,written,,
273243,Q2060425,"Cuneiform Tablet Gilgamesh II 020, A 29934",update,2,10,written,,
212750,Q2001455,"Cuneiform Tablet BIN 08, 206",update,0,10,written,,
118308,Q1965799,"Cuneiform Tablet MVN 15, 028",update,1,9,written,,
215095,Q1933164,"Cuneiform Tablet MAD 1, 190",update,0,10,written,,
131065,Q1970985,"Cuneiform Tablet AAICAB 1/3, pl. 195, Bod A 58",update,2,10,written,,
388169,Q894249,"Cuneiform Tablet TMH 08, 63",update,4,7,written,,
359899,Q1369701,"Cuneiform Tablet ICK 2, 314",update,3,8,written,,
144165,Q2032414,"Cuneiform Tablet SAT 2, 0965",update,2,10,written,,
333695,Q1984910,"Cuneiform Tablet Nisaba 15, 0028",update,2,9,written,,
139455,Q2058841,"Cuneiform Tablet UET 9, 1325",update,2,10,written,,
231030,Q2066009,"Cuneiform Tablet Iraq 43, 079",update,0,13,written,,
334150,Q1972839,Cuneiform Tablet ABL 0206,update,2,10,written,,
201486,Q2009903,"Cuneiform Tablet Princeton 2, 487",update,2,10,written,,
110738,Q2066935,"Cuneiform Tablet ITT 2, 00868",update,2,10,written,,
20516,Q894757,"Cuneiform Tablet TMH 05, 102",update,4,8,written,,
332987,Q1995749,"Cuneiform Tablet OIP 079, 05",update,2,8,written,,
113817,Q1946396,"Cuneiform Tablet MVN 03, 257",update,2,10,written,,
206343,Q2003923,Cuneiform Tablet BM 020500,update,0,12,written,,
285593,Q1929784,Cuneiform Tablet KAV 149,update,2,7,written,,
117157,Q1959406,"Cuneiform Tablet MVN 13, 385",update,2,10,written,,
229953,Q894516,Cuneiform Tablet HS 1783,update,0,10,written,,
110692,Q2066898,"Cuneiform Tablet ITT 2, 00822",update,2,10,written,,
331702,Q1983331,"Cuneiform Tablet Nisaba 05/2, 037",update,3,9,written,,
282256,Q1928739,Cuneiform Tablet KAJ 244,update,2,8,written,,
509377,Q1883075,"Cuneiform Tablet AbB 01, 118",update,1,9,written,,
235970,Q894591,Cuneiform Tablet HS 2437,update,4,8,written,,
491573,Q2046320,"Cuneiform Tablet TIMA 1, 061",update,2,10,written,,
120224,Q1968096,"Cuneiform Tablet MVN 19, 143",update,2,10,written,,
517369,Q1990681,"Cuneiform Tablet Nisaba 33, 189",update,2,9,written,,
515354,Q2052260,"Cuneiform Tablet CUSAS 40, 0570",update,2,9,written,,
142818,Q1970105,"Cuneiform Tablet AAICAB 1/1, pl. 061, 1924-0651",update,2,10,written,,
228641,Q1937373,"Cuneiform Tablet MSL 12, 030 I'",update,0,12,written,,
303389,Q2013894,"Cuneiform Tablet BPOA 07, 2627",update,2,10,written,,
122219,Q1993043,"Cuneiform Tablet NRVN 1, 006",update,2,10,written,,
109149,Q2055659,Cuneiform Tablet DCS 064,update,1,10,written,,
250489,Q2050868,"Cuneiform Tablet CUSAS 39, 178",update,2,9,written,,
104281,Q1993660,"Cuneiform Tablet AUCT 3, 049",update,2,9,written,,
135925,Q2050602,"Cuneiform Tablet UCP 09-02-1, 021",update,2,10,written,,
536434,Q1363614,"Cuneiform Tablet AKT 8, 303",update,1,9,written,,
358621,Q1359237,"Cuneiform Tablet CCT 3, 46, BM 113497",update,3,8,written,,
433554,Q2018907,"Cuneiform Tablet RIME 4.04.01.02, ex. 047",update,1,9,written,,
101579,Q1986695,"Cuneiform Tablet AnOr 07, 284",update,2,10,written,,
225589,Q2018366,"Cuneiform Tablet RIME 4.02.13.14, ex. 01",update,0,11,written,,
291180,Q2011692,"Cuneiform Tablet BPOA 07, 1966",update,2,10,written,,
128614,Q2025519,Cuneiform Tablet SA 036,update,2,9,written,,
103544,Q1992178,"Cuneiform Tablet AUCT 1, 699",update,2,9,written,,
137918,Q2054959,"Cuneiform Tablet UET 3, 1592",update,2,10,written,,
217102,Q2039632,"Cuneiform Tablet STTI 1, 057",update,0,11,written,,
241762,Q1907151,Cuneiform Tablet P241762,update,2,9,written,,
129906,Q2036313,Cuneiform Tablet SNAT 145,update,2,10,written,,
499143,Q1362662,"Cuneiform Tablet AKT 6a, 292",update,2,9,written,,
359933,Q1369735,"Cuneiform Tablet ICK 2, 348a&b",update,3,7,written,,
134637,Q893844,"Cuneiform Tablet TMH NF 1-2, 326 + TMH 10, 196",update,4,8,written,,
239050,Q2010090,Cuneiform Tablet PRT 067,update,2,10,written,,
107854,Q2034422,Cuneiform Tablet CST (JRL) 339,update,2,10,written,,
272901,Q1372118,Cuneiform Tablet Fs Matous 127-128,update,2,8,written,,
131435,Q2030345,"Cuneiform Tablet SAT 1, 329",update,2,10,written,,
293447,Q2028428,"Cuneiform Tablet CDLI Literary 000619, ex. 014",update,1,10,written,,
105869,Q1999268,"Cuneiform Tablet BIN 03, 063",update,2,10,written,,
221899,Q1979960,"Cuneiform Tablet Nik 1, 130",update,0,12,written,,
225073,Q2046000,"Cuneiform Tablet TIM 10, 097",update,0,9,written,,
101083,Q1985728,"Cuneiform Tablet AnOr 01, 092",update,2,10,written,,
106746,Q2000993,"Cuneiform Tablet BIN 05, 312",update,2,10,written,,
20146,Q2062933,"Cuneiform Tablet VS 14, 131",update,2,10,written,,
125026,Q2000970,"Cuneiform Tablet OrSP 47-49, 137",update,2,10,written,,
303673,Q2014862,"Cuneiform Tablet BPOA 07, 2878",update,2,10,written,,
281883,Q2063253,"Cuneiform Tablet VS 19, 11",update,2,8,written,,
139005,Q2057950,"Cuneiform Tablet UET 9, 0875",update,2,10,written,,
112355,Q1928100,"Cuneiform Tablet JSOR 12, 37 10",update,2,9,written,,
144535,Q2033142,"Cuneiform Tablet SAT 3, 1335",update,2,10,written,,
380109,Q2007146,"Cuneiform Tablet PPAC 5, 1517",update,2,10,written,,
231460,Q2031327,"Cuneiform Tablet CDLI Literary 000795, ex. 007",update,0,12,written,,
334500,Q1973699,Cuneiform Tablet ABL 0707,update,2,10,written,,
115490,Q1953265,"Cuneiform Tablet MVN 08, 099",update,2,9,written,,
527225,Q1996778,"Cuneiform Tablet BATSH 6, 100",update,2,9,written,,
110368,Q2064247,"Cuneiform Tablet HSS 04, 095",update,2,9,written,,
229400,Q2003551,"Cuneiform Tablet PBS 12, 01",update,0,11,written,,
202750,Q2005958,Cuneiform Tablet BM 027561,update,2,10,written,,
108308,Q2035287,Cuneiform Tablet CST (JRL) 801,update,2,10,written,,
516128,Q2053744,"Cuneiform Tablet CUSAS 40, 1344",update,2,9,written,,
121065,Q1972753,Cuneiform Tablet NATN 367,update,2,10,written,,
123058,Q2002556,Cuneiform Tablet OTR 150,update,2,9,written,,
349899,Q2065532,"Cuneiform Tablet IrAnt 31, 82 288",update,2,7,written,,
235423,Q2060408,Cuneiform Tablet USC 6611,update,2,10,written,,
357887,Q1371248,"Cuneiform Tablet Chantre 104, 12",update,3,8,written,,
203842,Q2005443,Cuneiform Tablet BM 025317,update,2,10,written,,
330543,Q1971680,"Cuneiform Tablet AAICAB 1/4, Bod S 475",update,2,10,written,,
211486,Q2028993,"Cuneiform Tablet SANTAG 6, 214",update,0,12,written,,
216343,Q2003096,"Cuneiform Tablet PBS 09, 015 + 110",update,0,11,written,,
322987,Q2047721,"Cuneiform Tablet CUSAS 20, 173",update,2,9,written,,
342386,Q1994511,"Cuneiform Tablet OECT 09, 49",update,2,10,written,,
405466,Q1361434,Cuneiform Tablet P405466,update,2,8,written,,
500506,Q1985471,Cuneiform Tablet P500506,update,2,9,written,,
103817,Q1992740,"Cuneiform Tablet AUCT 1, 972",update,2,9,written,,
129455,Q2035330,Cuneiform Tablet SET 045,update,2,10,written,,
453206,Q1992539,Cuneiform Tablet NMS A.1907.690.53,update,3,9,written,,
323695,Q2045173,"Cuneiform Tablet CUSAS 11, 184",update,2,9,written,,
221030,Q2056675,Cuneiform Tablet DP 380,update,0,12,written,,
430728,Q2062002,"Cuneiform Tablet VFMOS 2/3, 25",update,2,8,written,,
324150,Q2042768,"Cuneiform Tablet CUSAS 03, 0258",update,2,9,written,,
390559,Q1370689,"Cuneiform Tablet RA 059, 044 18",update,2,9,written,,
297404,Q1370455,"Cuneiform Tablet BIN 06, 047 & BIN 06, 082 047",update,3,8,written,,
535648,Q1367156,"Cuneiform Artifact AKT 6e, 1028",update,1,9,written,,
359460,Q1369279,"Cuneiform Tablet ICK 1, 062",update,3,8,written,,
100738,Q1984178,Cuneiform Tablet Aleppo 406,update,2,10,written,,
341953,Q1992670,Cuneiform Tablet NMSA 3688,update,1,10,written,,
392564,Q1994802,Cuneiform Tablet OIM A35227,update,2,9,written,,
215996,Q1995393,"Cuneiform Tablet OIP 014, 140",update,0,11,written,,
131966,Q2041840,Cuneiform Tablet Tavolette 180,update,2,10,written,,
130674,Q2040611,Cuneiform Tablet Syracuse 123,update,2,9,written,,
481123,Q1930597,Cuneiform Tablet Kress 244,update,1,9,written,,
429509,Q2024472,"Cuneiform Tablet RSO 05/1, p. 275 fig. 33c, RS 20.137",update,2,9,written,,
454039,Q1986116,"Cuneiform Tablet Nisaba 15, 0752",update,2,9,written,,
316021,Q2004602,"Cuneiform Tablet PPAC 5, 0222",update,2,10,written,,
132649,Q2044856,"Cuneiform Tablet TCTI 2, 03416",update,2,10,written,,
291929,Q2009889,"Cuneiform Tablet BPOA 06, 1432",update,2,10,written,,
338489,Q2039103,"Cuneiform Tablet STT 2, 170",update,2,8,written,,
335741,Q1981114,Cuneiform Tablet ADD 0902,update,2,10,written,,
230621,Q2018568,Cuneiform Tablet CBS 10252,update,0,11,written,,
363121,Q1987229,"Cuneiform Tablet Nisaba 16, 207",update,2,10,written,,
111129,Q1923410,"Cuneiform Tablet ITT 3, 05160",update,2,10,written,,
145774,Q2044621,"Cuneiform Tablet TCS 1, 321",update,2,10,written,,
138244,Q2056422,"Cuneiform Tablet UET 9, 0113",update,2,10,written,,
332084,Q2003980,"Cuneiform Tablet PPAC 4, 165",update,2,9,written,,
113114,Q1938970,"Cuneiform Tablet MVN 01, 081",update,3,9,written,,
260896,Q2024088,"Cuneiform Tablet CDLI Literary 000339, ex. 002",update,2,10,written,,
144866,Q2033800,"Cuneiform Tablet SAT 3, 1666",update,2,10,written,,
207552,Q2005604,Cuneiform Tablet BM 025494,update,0,12,written,,
124267,Q1998512,"Cuneiform Tablet OIP 121, 537",update,2,10,written,,
200297,Q1981435,"Cuneiform Tablet Nisaba 01, 243",update,2,10,written,,
235073,Q1930443,Cuneiform Tablet KM 89327,update,2,10,written,,
334853,Q1974687,Cuneiform Tablet ABL 1343,update,2,10,written,,
116746,Q1957465,"Cuneiform Tablet MVN 12, 484",update,2,10,written,,
229050,Q1936763,"Cuneiform Tablet MSL 07, 178 V11",update,0,12,written,,
117854,Q1962214,"Cuneiform Tablet MVN 14, 0173",update,2,10,written,,
123408,Q1996979,"Cuneiform Tablet OIP 115, 248",update,2,10,written,,
121435,Q1973404,Cuneiform Tablet NATN 737,update,2,10,written,,
10909,Q2049625,Cuneiform Tablet TSŠ 0821,update,2,10,written,,
516578,Q2054535,"Cuneiform Tablet CUSAS 40, 1794",update,2,9,written,,
115869,Q1954951,"Cuneiform Tablet MVN 10, 096",update,2,10,written,,
217801,Q1924433,"Cuneiform Tablet ITT 4, 07522",update,0,11,written,,
102355,Q1989673,"Cuneiform Tablet ASJ 09, 271 79",update,2,9,written,,
129005,Q2027308,"Cuneiform Tablet SACT 2, 048",update,2,10,written,,
290791,Q2011818,"Cuneiform Tablet BPOA 07, 1997",update,2,10,written,,
499840,Q1927858,"Cuneiform Tablet JCSSS 5, 120",update,2,10,written,,
390109,Q1931691,Cuneiform Tablet LB 3041,update,2,9,written,,
535218,Q1368694,Cuneiform Tablet P535218,update,2,8,written,,
277200,Q1970072,Cuneiform Tablet N 2091,update,2,10,written,,
221460,Q2024803,Cuneiform Tablet RTC 063,update,0,12,written,,
359030,Q1359648,"Cuneiform Tablet CCT 6, 47, BM 113593",update,3,9,written,,
324500,Q2043881,"Cuneiform Tablet CUSAS 03, 0982",update,2,9,written,,
100368,Q1983449,Cuneiform Tablet Aleppo 036,update,2,10,written,,
224398,Q2040778,"Cuneiform Tablet CTN 5, ND 2388",update,0,12,written,,
105490,Q1998138,"Cuneiform Tablet BCT 2, 250",update,2,9,written,,
450979,Q1988321,Cuneiform Artifact P450979,update,1,6,written,,
338523,Q2039163,"Cuneiform Tablet STT 2, 204",update,2,8,written,,
135026,Q2048848,Cuneiform Tablet TRU 262,update,2,9,written,,
291883,Q2009806,"Cuneiform Tablet BPOA 06, 1388",update,2,10,written,,
500156,Q2059710,"Cuneiform Tablet Fs Součková-Siegelová 410, 04",update,2,10,written,,
453656,Q1985089,"Cuneiform Tablet Nisaba 15, 0133",update,2,9,written,,
313673,Q2037223,"Cuneiform Tablet CT 53, 258",update,2,10,written,,
498752,Q1362302,"Cuneiform Tablet AKT 5, 24",update,1,9,written,,
451391,Q1988738,Cuneiform Artifact P451391,update,1,6,written,,
101980,Q1989032,"Cuneiform Tablet ASJ 02, 025 75",update,2,10,written,,
373988,Q1995563,"Cuneiform Tablet OIP 043, 162 TA 1931 T332",update,3,9,written,,
225970,Q1995877,"Cuneiform Tablet OIP 099, 096",update,0,11,written,,
238641,Q2038677,"Cuneiform Tablet CT 54, 173",update,2,10,written,,
462808,Q2026209,"Cuneiform Tablet CDLI Literary 000375, ex. 107 & 00381, ex. 046",update,2,10,written,,
313389,Q1893894,"Cuneiform Tablet CT 43, 099",update,1,10,written,,
107157,Q2007695,Cuneiform Tablet BM Messenger 278,update,2,10,written,,
224662,Q2039372,"Cuneiform Tablet CTN 1, 13",update,0,11,written,,
100692,Q1984084,Cuneiform Tablet Aleppo 360,update,1,10,written,,
519377,Q2066781,"Cuneiform Tablet ZA 109, 133-134 06",update,2,10,written,,
207102,Q2005120,"Cuneiform Tablet PPAC 5, 0489",update,0,11,written,,
251762,Q2024600,"Cuneiform Tablet CDLI Literary 000347, ex. 088",update,1,8,written,,
124637,Q2000195,"Cuneiform Tablet Orient 16, 042 11",update,2,10,written,,
516082,Q2053655,"Cuneiform Tablet CUSAS 40, 1298",update,2,9,written,,
348621,Q2037151,"Cuneiform Tablet SpTU 2, 016",update,2,8,written,,
349933,Q1938533,"Cuneiform Tablet MSL 16, 347-348, BM 047954 + BM 048894",update,1,9,written,,
230271,Q1994781,Cuneiform Tablet OIM A30227,update,0,10,written,,
363571,Q2040552,"Cuneiform Tablet CTN 4, 157",update,2,10,written,,
335311,Q1980266,Cuneiform Tablet ADD 0367,update,2,9,written,,
235589,Q2060801,Cuneiform Tablet USC 6779,update,2,10,written,,
114281,Q1948444,"Cuneiform Tablet MVN 05, 061",update,2,9,written,,
250870,Q2049699,"Cuneiform Tablet CUSAS 35, 065",update,2,9,written,,
355910,Q1972360,"Cuneiform Tablet ABAW 143, 094",update,2,9,written,,
281180,Q2027025,"Cuneiform Tablet CDLI Literary 000396, ex. 065",update,2,10,written,,
138614,Q2057163,"Cuneiform Tablet UET 9, 0483",update,2,10,written,,
145324,Q2034691,"Cuneiform Tablet SAT 3, 2124",update,2,10,written,,
113544,Q1944789,"Cuneiform Tablet MVN 02, 245",update,2,9,written,,
381718,Q2042966,"Cuneiform Tablet TCBI 2/2, 64",update,2,9,written,,
510855,Q1893613,"Cuneiform Tablet AbB 13, 137",update,1,10,written,,
127918,Q2011954,"Cuneiform Tablet RA 058, 106, 098",update,2,10,written,,
325038,Q2042919,"Cuneiform Tablet CUSAS 03, 0333",update,2,9,written,,
358508,Q1359124,"Cuneiform Tablet CCT 1, 09, BM 113528",update,3,8,written,,
222165,Q2060160,Cuneiform Tablet FTP 089,update,0,12,written,,
101650,Q1986837,"Cuneiform Tablet AnOr 07, 355",update,2,10,written,,
106195,Q1999911,"Cuneiform Tablet BIN 03, 389",update,2,10,written,,
238991,Q1982704,Cuneiform Tablet AGS 013,update,2,10,written,,
274705,Q2021015,"Cuneiform Artifact RINAP 5/1 Ashurbanipal 060, ex. 001",update,2,10,written,,
136523,Q2052214,"Cuneiform Tablet UET 3, 0206",update,2,10,written,,
370977,Q1975388,Cuneiform Tablet P370977,update,2,9,written,,
504396,Q2047454,"Cuneiform Tablet TMH 10, 001b",update,2,10,written,,
535832,Q1367897,"Cuneiform Tablet AKT 7a, 015",update,2,8,written,,
346516,Q2024752,"Cuneiform Tablet CDLI Literary 000350, ex. 054 & 000351, ex. 167",update,2,10,written,,
215216,Q1933316,"Cuneiform Tablet MAD 4, 054",update,0,10,written,,
100942,Q1984699,Cuneiform Tablet Amherst 103,update,2,9,written,,
236576,Q2002512,"Cuneiform Tablet BIN 10, 032",update,2,9,written,,
115243,Q1952229,"Cuneiform Tablet MVN 07, 380",update,2,10,written,,
143423,Q2030962,"Cuneiform Tablet SAT 2, 0222",update,2,10,written,,
228568,Q2059117,Cuneiform Tablet UM 29-13-451,update,0,12,written,,
510785,Q1893150,"Cuneiform Tablet AbB 13, 067",update,2,10,written,,
122130,Q1980778,"Cuneiform Tablet Nik 2, 447",update,2,9,written,,
357307,Q2026397,"Cuneiform Tablet CDLI Literary 000379, ex. 090",update,1,10,written,,
204407,Q2003866,Cuneiform Tablet BM 020414,update,2,10,written,,
228092,Q2019842,"Cuneiform Tablet CDLI Lexical 000001, ex. 063",update,0,12,written,,
515587,Q2052709,"Cuneiform Tablet CUSAS 40, 0803",update,2,9,written,,
108888,Q2055113,Cuneiform Tablet DAS 122,update,2,10,written,,
116896,Q1958240,"Cuneiform Tablet MVN 13, 124",update,2,10,written,,
360074,Q1369817,"Cuneiform Tablet KTS 1, 41c",update,3,8,written,,
336614,Q2025840,"Cuneiform Tablet SAA 04, 143",update,2,9,written,,
117784,Q1961908,"Cuneiform Tablet MVN 14, 0103",update,2,10,written,,
380220,Q2007224,"Cuneiform Tablet PPAC 5, 1557",update,2,10,written,,
334629,Q1974090,Cuneiform Tablet ABL 0931,update,2,10,written,,
110041,Q2063064,Cuneiform Tablet HLC 166 (pl. 104),update,2,10,written,,
212029,Q2061693,"Cuneiform Tablet Hermitage 3, 268",update,0,12,written,,
290841,Q2009336,"Cuneiform Tablet BPOA 06, 1145",update,2,10,written,,
499790,Q1927759,"Cuneiform Tablet JCSSS 5, 070",update,2,10,written,,
118471,Q1966331,"Cuneiform Tablet MVN 15, 191",update,2,10,written,,
210014,Q1931307,Cuneiform Tablet LB 0608,update,0,11,written,,
104452,Q1994000,"Cuneiform Tablet AUCT 3, 233",update,2,9,written,,
389902,Q1931518,Cuneiform Tablet LB 2297,update,2,9,written,,
342806,Q1984743,"Cuneiform Tablet Nisaba 11, 60",update,2,9,written,,
291753,Q2009208,"Cuneiform Tablet BPOA 06, 1080",update,2,10,written,,
453986,Q1985934,"Cuneiform Tablet Nisaba 15, 0655",update,2,9,written,,
531522,Q2045579,"Cuneiform Tablet Textes scolaires, 139, 177",update,2,8,written,,
309157,Q2065599,"Cuneiform Tablet YOS 14, 100",update,1,10,written,,
498882,Q1362434,"Cuneiform Tablet AKT 6a, 078",update,1,10,written,,
136173,Q2051039,Cuneiform Tablet UDT 042,update,2,10,written,,
103397,Q1991883,"Cuneiform Tablet AUCT 1, 552",update,2,9,written,,
212183,Q2061757,"Cuneiform Tablet Hermitage 3, 299",update,0,12,written,,
215646,Q1935120,"Cuneiform Tablet MDP 14, 062-126 89",update,0,11,written,,
358158,Q1371574,"Cuneiform Tablet TMH 01, 17b & c",update,3,7,written,,
528353,Q2026737,"Cuneiform Tablet SAAB 09, 130",update,2,10,written,,
346146,Q2025081,"Cuneiform Tablet CDLI Literary 000357, ex. 003",update,2,9,written,,
311834,Q2066218,"Cuneiform Tablet YOS 20, 081",update,2,10,written,,
214954,Q1930883,Cuneiform Tablet L'uomo 17,update,0,10,written,,
101200,Q1985963,"Cuneiform Tablet AnOr 01, 209",update,2,10,written,,
313809,Q2037440,"Cuneiform Tablet CT 53, 395",update,2,10,written,,
216969,Q2025003,Cuneiform Tablet RTC 195,update,0,11,written,,
498928,Q1362480,"Cuneiform Tablet AKT 6a, 125",update,1,10,written,,
209665,Q1999868,"Cuneiform Tablet Ontario 2, 388",update,0,12,written,,
274355,Q1925467,"Cuneiform Tablet ITT 5, 09870",update,2,10,written,,
114901,Q1950587,"Cuneiform Tablet MVN 06, 523",update,2,10,written,,
201255,Q2009473,"Cuneiform Tablet Princeton 2, 257",update,2,10,written,,
335891,Q1981414,Cuneiform Tablet ADD 1078,update,2,10,written,,
517410,Q1990764,"Cuneiform Tablet Nisaba 33, 230",update,2,9,written,,
203268,Q2005461,"Cuneiform Tablet PPAC 5, 0665",update,2,10,written,,
127298,Q2010396,"Cuneiform Tablet RA 008, 157, AO 5654",update,2,10,written,,
228138,Q1970096,Cuneiform Tablet N 2429,update,0,12,written,,
109630,Q2062366,Cuneiform Tablet Hirose 159,update,2,9,written,,
521871,Q1994988,Cuneiform Tablet BaAr 5 19,update,2,10,written,,
122560,Q1993355,Cuneiform Tablet NYPL 024,update,2,10,written,,
236126,Q2002015,"Cuneiform Tablet BIN 09, 116",update,2,9,written,,
139286,Q2058512,"Cuneiform Tablet UET 9, 1156",update,2,10,written,,
143073,Q1968395,"Cuneiform Tablet MVN 20, 140",update,2,10,written,,
108922,Q2055181,Cuneiform Tablet DAS 168,update,2,10,written,,
251918,Q2027038,"Cuneiform Tablet CDLI Literary 000396, ex. 072",update,1,9,written,,
334783,Q1974487,Cuneiform Tablet ABL 1193,update,2,10,written,,
115613,Q1953843,"Cuneiform Tablet MVN 08, 223",update,1,10,written,,
218074,Q2063528,Cuneiform Tablet HMA 9-02976,update,0,12,written,,
265544,Q2029820,"Cuneiform Tablet CDLI Literary 000754, ex. 050",update,2,10,written,,
360424,Q1360560,"Cuneiform Tablet TPAK 1, 209",update,2,8,written,,
126870,Q2008237,"Cuneiform Tablet Princeton 1, 181",update,2,10,written,,
336244,Q1932644,Cuneiform Tablet LKA 073,update,2,10,written,,
349749,Q1987469,"Cuneiform Tablet AOAT 275, 586, BM 071977",update,3,9,written,,
202880,Q2003558,Cuneiform Tablet BM 018950,update,2,10,written,,
494008,Q1892868,"Cuneiform Tablet AbB 14, 219",update,1,10,written,,
231319,Q1971110,Cuneiform Tablet N 5320,update,0,11,written,,
143589,Q2031288,"Cuneiform Tablet SAT 2, 0389",update,2,10,written,,
110411,Q2064323,"Cuneiform Tablet HSS 04, 138",update,2,9,written,,
334279,Q1973185,Cuneiform Tablet ABL 0408,update,2,10,written,,
331581,Q1983176,"Cuneiform Tablet Nisaba 05/1, 556",update,3,9,written,,
253925,Q2045837,"Cuneiform Tablet CUSAS 12, 8.5 70",update,1,9,written,,
356845,Q2027573,"Cuneiform Tablet CDLI Literary 000481, ex. 053",update,2,10,written,,
417772,Q1997107,"Cuneiform Tablet BATSH 18, 16",update,2,9,written,,
357757,Q1371122,"Cuneiform Tablet TCL 20, 191",update,3,9,written,,
204057,Q2004272,Cuneiform Tablet BM 021409,update,2,10,written,,
104002,Q1993110,"Cuneiform Tablet AUCT 2, 184",update,2,9,written,,
227737,Q2018918,Cuneiform Tablet CBS 13594,update,0,11,written,,
322657,Q2044686,"Cuneiform Tablet CUSAS 03, 1503",update,2,9,written,,
291303,Q2009284,"Cuneiform Tablet BPOA 06, 1119",update,2,10,written,,
531172,Q1996046,"Cuneiform Tablet BATSH 18, 57",update,2,9,written,,
136489,Q2052149,"Cuneiform Tablet UET 3, 0172",update,2,10,written,,
128497,Q2025299,Cuneiform Tablet RTC 344,update,2,10,written,,
535998,Q1367745,"Cuneiform Tablet AKT 7a, 178b/t & 178b/z",update,2,7,written,,
217381,Q2061214,Cuneiform Tablet USP 24,update,0,11,written,,
226825,Q2017747,"Cuneiform Artifact RIME 3/2.01.02.042, ex. 05",update,0,11,written,,
406499,Q1988112,"Cuneiform Tablet Nisaba 22, 132",update,2,9,written,,
118021,Q1963279,"Cuneiform Tablet MVN 14, 0341",update,2,10,written,,
343344,Q2026287,"Cuneiform Tablet CDLI Literary 000379, ex. 035",update,2,10,written,,
390220,Q1931798,Cuneiform Tablet LB 3157,update,2,9,written,,
535131,Q1365634,"Cuneiform Tablet AKT 6c, 678 & 679",update,1,9,written,,
275114,Q1893026,Cuneiform Tablet LIH 039,update,1,10,written,,
107784,Q2034286,Cuneiform Tablet CST (JRL) 270,update,2,10,written,,
221749,Q1979789,"Cuneiform Tablet Nik 1, 042",update,0,12,written,,
359319,Q1360051,Cuneiform Tablet Prag 740,update,2,9,written,,
324629,Q2047451,"Cuneiform Tablet CUSAS 20, 034",update,2,9,written,,
100041,Q1972058,Cuneiform Tablet AAS 053,update,2,10,written,,
269137,Q2028411,"Cuneiform Tablet CDLI Literary 000619, ex. 004",update,2,10,written,,
292485,Q2009601,"Cuneiform Tablet BPOA 06, 1282",update,2,10,written,,
106896,Q2007213,Cuneiform Tablet BM Messenger 016,update,2,10,written,,
137332,Q2053798,"Cuneiform Tablet UET 3, 1007",update,2,10,written,,
238092,Q2010181,Cuneiform Tablet PRT 115,update,2,10,written,,
114452,Q1949083,"Cuneiform Tablet MVN 05, 232",update,2,9,written,,
142232,Q2065032,"Cuneiform Tablet YOS 04, 168",update,2,10,written,,
237367,Q1982758,Cuneiform Tablet AGS 053,update,2,10,written,,
113397,Q1944157,"Cuneiform Tablet MVN 02, 098",update,2,9,written,,
122833,Q1993873,Cuneiform Tablet NYPL 295,update,2,10,written,,
424442,Q2016542,Cuneiform Tablet CAB.G.3.138-3,update,2,10,written,,
281753,Q1929824,Cuneiform Tablet KAV 212,update,2,9,written,,
332207,Q1927319,"Cuneiform Tablet JCS 54, 002, 02",update,2,10,written,,
229379,Q1937849,"Cuneiform Tablet MSL 14, 017 Aa",update,0,12,written,,
521522,Q1974995,"Cuneiform Tablet AchHist 15, 028",update,2,10,written,,
108471,Q2035535,"Cuneiform Tablet CT 03, pl. 31-34, BM 019740",update,2,10,written,,
123721,Q1996961,"Cuneiform Tablet OIP 115, 239",update,2,10,written,,
298088,Q1974786,Cuneiform Tablet NBC 05166,update,2,10,written,,
516651,Q2054677,"Cuneiform Tablet CUSAS 40, 1867",update,2,9,written,,
360977,Q1371649,"Cuneiform Tablet AAA 1/3, 03",update,3,8,written,,
416533,Q2019613,"Cuneiform Tablet RIME 4.04.01.03, ex. add166",update,2,9,written,,
229683,Q1938410,"Cuneiform Tablet MSL 15, 009 S",update,0,12,written,,
356516,Q2030464,"Cuneiform Tablet CDLI Literary 000767, ex. 027",update,2,10,written,,
110942,Q1975838,"Cuneiform Tablet ITT 2, 03390",update,2,10,written,,
335038,Q1979713,Cuneiform Tablet ADD 0086,update,2,9,written,,
230158,Q2057818,"Cuneiform Tablet EEN 319, N 5836",update,0,12,written,,
348508,Q2036921,"Cuneiform Tablet SpTU 1, 087",update,2,8,written,,
228991,Q2003227,"Cuneiform Tablet PBS 11/1, 040",update,0,12,written,,
116195,Q1956126,"Cuneiform Tablet MVN 11, 182",update,2,9,written,,
337005,Q2038246,"Cuneiform Tablet StAT 2, 197",update,2,10,written,,
342105,Q1992960,Cuneiform Tablet NMSA 4101,update,2,10,written,,
211605,Q2028596,"Cuneiform Tablet SANTAG 6, 015",update,0,12,written,,
213638,Q2066472,"Cuneiform Tablet ITT 1, 01183",update,0,11,written,,
375276,Q1987770,"Cuneiform Tablet Nisaba 18, 148",update,2,10,written,,
323416,Q2047021,"Cuneiform Tablet CUSAS 19, 035",update,2,9,written,,
102586,Q1990173,"Cuneiform Tablet ASJ 16, 107 07",update,2,9,written,,
432596,Q2019505,"Cuneiform Tablet RIME 4.04.01.03, ex. 037",update,1,9,written,,
323,Q2022616,"Cuneiform Tablet CDLI Lexical 000034, ex. 003",update,2,9,written,,
105243,Q1997652,"Cuneiform Tablet BCT 2, 002",update,2,9,written,,
347757,Q1938640,"Cuneiform Tablet MSL SS 1, 034",update,1,9,written,,
137762,Q2054651,"Cuneiform Tablet UET 3, 1437",update,2,10,written,,
136870,Q2052886,"Cuneiform Tablet UET 3, 0548",update,2,10,written,,
212880,Q2001675,"Cuneiform Tablet BIN 08, 336",update,0,10,written,,
535561,Q1368906,"Cuneiform Tablet AKT 6e, 937",update,1,9,written,,
221319,Q2063975,"Cuneiform Tablet HSS 03, 10",update,0,11,written,,
289,Q2022054,"Cuneiform Tablet CDLI Lexical 000026, ex. 024",update,2,9,written,,
346845,Q2056002,"Cuneiform Tablet UET 6, 0808",update,2,8,written,,
372419,Q1893371,"Cuneiform Tablet VS 07, 199",update,2,10,written,,
324279,Q2043499,"Cuneiform Tablet CUSAS 03, 0745",update,2,9,written,,
100411,Q1983541,Cuneiform Tablet Aleppo 079,update,2,10,written,,
229729,Q2022746,"Cuneiform Tablet CDLI Lexical 000050, ex. nn & Literary 000796, ex. 162",update,0,12,written,,
333945,Q1360170,"Cuneiform Tablet VS 26, 137",update,3,8,written,,
236825,Q2003012,"Cuneiform Tablet BIN 10, 281",update,2,9,written,,
469194,Q2039592,"Cuneiform Tablet CTN 2, 060",update,2,10,written,,
123371,Q1997307,"Cuneiform Tablet OIP 115, 422",update,2,10,written,,
378014,Q2005611,"Cuneiform Tablet PPAC 5, 0744",update,2,10,written,,
516201,Q2053871,"Cuneiform Tablet CUSAS 40, 1417",update,2,9,written,,
331978,Q1973863,Cuneiform Tablet NATN p. 62 catalogue,update,2,10,written,,
108021,Q2034738,Cuneiform Tablet CST (JRL) 505,update,2,10,written,,
142662,Q1969854,"Cuneiform Tablet AAICAB 1/1, pl. 018, 1911-149",update,2,10,written,,
143970,Q2032038,"Cuneiform Tablet SAT 2, 0770",update,2,10,written,,
335192,Q1980025,Cuneiform Tablet ADD 0245,update,2,10,written,,
138497,Q2056925,"Cuneiform Tablet UET 9, 0366",update,2,10,written,,
114002,Q1947199,"Cuneiform Tablet MVN 04, 050",update,2,10,written,,
335468,Q1980570,Cuneiform Tablet ADD 0534,update,2,10,written,,
363208,Q1975490,Cuneiform Tablet ACT 0190,update,2,8,written,,
230508,Q2066213,Cuneiform Tablet Ist Ni 00292,update,0,11,written,,
111200,Q1923528,"Cuneiform Tablet ITT 3, 05495",update,2,10,written,,
204954,Q2004991,"Cuneiform Tablet PPAC 5, 0422",update,2,10,written,,
330390,Q1971374,"Cuneiform Tablet AAICAB 1/4, Bod S 320",update,2,10,written,,
472388,Q1932081,Cuneiform Tablet Lippmann Coll 088,update,2,9,written,,
303809,Q2015355,"Cuneiform Tablet BPOA 07, 3008",update,2,10,written,,
384799,Q2019987,"Cuneiform Tablet RIME 4.04.01.04, ex. add068",update,2,9,written,,
521488,Q2058554,"Cuneiform Tablet Expenses Texts, diss., IM 204928",update,2,10,written,,
122999,Q2002380,Cuneiform Tablet OTR 064,update,2,9,written,,
361235,Q1361042,"Cuneiform Tablet AMMY 1992, 58-59; Tf. IV",update,2,8,written,,
264355,Q2017687,Cuneiform Tablet CBS 06928,update,2,9,written,,
202183,Q2004935,"Cuneiform Tablet PPAC 5, 0394",update,2,10,written,,
356146,Q2025572,"Cuneiform Tablet CDLI Literary 000367, ex. 026",update,2,10,written,,
298122,Q1974846,Cuneiform Tablet NBC 05205,update,2,10,written,,
416163,Q2046822,"Cuneiform Tablet CUSAS 16, 007",update,2,9,written,,
290512,Q2013269,"Cuneiform Tablet BPOA 07, 2359",update,2,10,written,,
323046,Q2045251,"Cuneiform Tablet CUSAS 11, 223",update,2,9,written,,
324783,Q2044389,"Cuneiform Tablet CUSAS 03, 1295",update,2,9,written,,
407288,Q2064959,"Cuneiform Tablet HSS 68, 356",update,2,9,written,,
104901,Q1995735,"Cuneiform Tablet BAOM 2, 28 38",update,2,10,written,,
325891,Q2042720,"Cuneiform Tablet CUSAS 03, 0222",update,2,9,written,,
314335,Q2038393,"Cuneiform Tablet CT 53, 926",update,2,10,written,,
137298,Q2053719,"Cuneiform Tablet UET 3, 0973",update,2,10,written,,
298437,Q1975128,Cuneiform Tablet NBC 06556,update,2,10,written,,
531871,Q743777,Cuneiform Tablet Elamica 11 KHT399,update,3,8,written,,
205353,Q2006060,Cuneiform Tablet BM 027888,update,2,10,written,,
356453,Q2029874,"Cuneiform Tablet CDLI Literary 000756, ex. 012",update,2,10,written,,
110807,Q2067033,"Cuneiform Tablet ITT 2, 00937",update,2,10,written,,
331997,Q2019545,Cuneiform Tablet CDLB 2021/005 27,update,2,9,written,,
416476,Q2032990,Cuneiform Tablet CDLJ 2012/1 §4.48,update,2,10,written,,
360832,Q1360982,Cuneiform Tablet Fs Larsen 187,update,2,8,written,,
138478,Q2056877,"Cuneiform Tablet UET 9, 0347",update,2,10,written,,
113728,Q1946002,"Cuneiform Tablet MVN 03, 168",update,2,10,written,,
145148,Q2034353,"Cuneiform Tablet SAT 3, 1948",update,2,10,written,,
330685,Q1971956,"Cuneiform Tablet AAICAB 1/4, TCICA 33",update,2,9,written,,
111715,Q1925171,"Cuneiform Tablet ITT 5, 08216",update,2,10,written,,
132075,Q2042056,Cuneiform Tablet Tavolette 290,update,2,10,written,,
216085,Q2001692,"Cuneiform Tablet OSP 1, 008",update,0,12,written,,
128881,Q2027068,"Cuneiform Tablet SACT 1, 126",update,2,10,written,,
342040,Q1992839,Cuneiform Tablet NMSA 3883,update,1,9,written,,
211740,Q2029056,"Cuneiform Tablet SANTAG 6, 246",update,0,12,written,,
266,Q2021373,"Cuneiform Tablet CDLI Lexical 000019, ex. 003",update,2,9,written,,
105306,Q1997778,"Cuneiform Tablet BCT 2, 065",update,2,9,written,,
324296,Q2043546,"Cuneiform Tablet CUSAS 03, 0780",update,2,9,written,,
321094,Q1984531,"Cuneiform Tablet Nisaba 10, 008",update,2,10,written,,
297238,Q1370338,"Cuneiform Tablet BIN 06, 202",update,3,9,written,,
129269,Q2027827,"Cuneiform Tablet SACT 2, 312",update,2,10,written,,
100104,Q1972172,Cuneiform Tablet AAS 118,update,2,10,written,,
102139,Q1989246,"Cuneiform Tablet ASJ 04, 065 07",update,2,9,written,,
535074,Q1368962,"Cuneiform Tablet AKT 6c, 615",update,1,10,written,,
347242,Q2063438,"Cuneiform Tablet VS 24, 123",update,3,10,written,,
208561,Q1988521,"Cuneiform Tablet Nisaba 24, 12",update,0,12,written,,
213287,Q2064361,"Cuneiform Tablet HSS 10, 021",update,0,11,written,,
137277,Q2053677,"Cuneiform Tablet UET 3, 0952",update,2,10,written,,
214542,Q1939227,"Cuneiform Tablet ITT 2, 05723",update,0,11,written,,
472367,Q1932039,Cuneiform Tablet Lippmann Coll 067,update,2,9,written,,
451407,Q1988758,Cuneiform Artifact P451407,update,1,6,written,,
407267,Q2064931,"Cuneiform Tablet HSS 68, 337",update,2,9,written,,
521467,Q1990563,"Cuneiform Tablet Athar Al-Rafedain 5, 042 no. 04",update,2,10,written,,
138182,Q2056312,"Cuneiform Tablet UET 9, 0051",update,2,10,written,,
261442,Q1998645,"Cuneiform Tablet BE 10, 127",update,2,9,written,,
237222,Q2038567,"Cuneiform Tablet CT 54, 069",update,2,10,written,,
332342,Q1989384,"Cuneiform Tablet Nisaba 30, 03",update,2,9,written,,
122976,Q2002336,Cuneiform Tablet OTR 041,update,2,9,written,,
335487,Q1980608,Cuneiform Tablet ADD 0558,update,2,9,written,,
142377,Q2065312,"Cuneiform Tablet YOS 04, 313",update,2,10,written,,
114517,Q1949412,"Cuneiform Tablet MVN 06, 007",update,2,10,written,,
121659,Q1973794,Cuneiform Tablet NATN 962,update,2,10,written,,
516714,Q2054797,"Cuneiform Tablet CUSAS 40, 1930",update,1,9,written,,
378501,Q2005986,"Cuneiform Tablet PPAC 5, 0932",update,2,10,written,,
387859,Q1986448,"Cuneiform Tablet Nisaba 15, 0931",update,2,9,written,,
200151,Q1981143,"Cuneiform Tablet Nisaba 01, 097",update,2,10,written,,
411649,Q2042083,Cuneiform Tablet CUNES 52-08-067,update,1,9,written,,
123664,Q1997148,"Cuneiform Tablet OIP 115, 341",update,2,10,written,,
113378,Q1944066,"Cuneiform Tablet MVN 02, 079",update,2,9,written,,
138028,Q2055172,"Cuneiform Tablet UET 3, 1702",update,2,10,written,,
108534,Q2035678,"Cuneiform Tablet CT 07, pl. 31, BM 018391",update,2,10,written,,
145518,Q1983076,"Cuneiform Tablet Akkadica 114-115, 100 25",update,2,10,written,,
515991,Q2053482,"Cuneiform Tablet CUSAS 40, 1207",update,2,9,written,,
361370,Q1361151,Cuneiform Tablet P361370,update,2,8,written,,
204811,Q2005453,Cuneiform Tablet BM 025323a,update,2,10,written,,
248685,Q1970427,"Cuneiform Tablet AAICAB 1/2, pl. 106, 1937-074",update,2,10,written,,
278233,Q2029157,"Cuneiform Tablet CDLI Literary 000690, ex. 026",update,2,10,written,,
298067,Q1974756,Cuneiform Tablet NBC 05142,update,2,10,written,,
205703,Q2005091,"Cuneiform Tablet PPAC 5, 0474",update,2,10,written,,
282893,Q2065908,"Cuneiform Tablet Iraq 30, pl. 74 TR 0137",update,4,7,written,,
356003,Q1984800,"Cuneiform Tablet Nisaba 13, 088",update,2,10,written,,
229396,Q1937899,"Cuneiform Tablet MSL 14, 019 Be",update,0,12,written,,
105756,Q1998817,Cuneiform Tablet Berens 045,update,2,9,written,,
428877,Q2039945,"Cuneiform Artifact CTN 2, 233",update,2,10,written,,
636,Q2020017,"Cuneiform Tablet CDLI Lexical 000002, ex. 031",update,2,9,written,,
323103,Q2048107,"Cuneiform Tablet CUSAS 20, 369",update,2,9,written,,
290457,Q2013049,"Cuneiform Tablet BPOA 07, 2306",update,2,10,written,,
106879,Q2003289,"Cuneiform Tablet BJRL 64, 116 85",update,1,10,written,,
500290,Q2041566,"Cuneiform Tablet CTPSM 1, 153",update,2,9,written,,
271911,Q2058368,"Cuneiform Tablet Emar 6/2, p. 508-515 and Emar 6/2, p. 730, Msk 74209a",update,2,9,written,,
531934,Q893015,Cuneiform Tablet Elamica 11,update,3,8,written,,
119775,Q1967221,"Cuneiform Tablet MVN 18, 414",update,2,10,written,,
429765,Q1985237,Cuneiform Tablet P429765,update,2,9,written,,
247570,Q2017284,"Cuneiform Tablet RIME 3/1.01.x0.add1054, ex. 01",update,1,10,written,,
104844,Q1995088,"Cuneiform Tablet Babyloniaca 08, pl. 09, Pupil 35",update,2,9,written,,
342410,Q1994557,"Cuneiform Tablet OECT 09, 73",update,2,10,written,,
137627,Q2054382,"Cuneiform Tablet UET 3, 1302",update,2,10,written,,
407637,Q1989011,"Cuneiform Tablet Nisaba 27, 055",update,2,9,written,,
451057,Q1994296,"Cuneiform Artifact OECT 04, 126",update,2,7,written,,
464319,Q2017949,"Cuneiform Artifact RIME 3/2.07.add04.01, ex. 01",update,2,9,written,,
432579,Q2019428,"Cuneiform Tablet RIME 4.04.01.03, ex. 014",update,2,10,written,,
100554,Q1983817,Cuneiform Tablet Aleppo 222,update,2,10,written,,
315898,Q2003345,Cuneiform Tablet BM 014263,update,1,10,written,,
346900,Q2031961,"Cuneiform Tablet CDLI Literary 000799, ex. 039",update,2,10,written,,
134908,Q2048610,Cuneiform Tablet TRU 144,update,2,9,written,,
129639,Q2035610,Cuneiform Tablet SET 229,update,2,10,written,,
404918,Q2032274,"Cuneiform Tablet CDLI Literary 002701.01, ex. 015",update,2,10,written,,
535424,Q1367424,"Cuneiform Tablet AKT 6d, 821",update,1,8,written,,
136935,Q2053016,"Cuneiform Tablet UET 3, 0613",update,2,10,written,,
107291,Q2015712,"Cuneiform Artifact BRM 3, 089",update,2,9,written,,
106316,Q2000138,"Cuneiform Tablet BIN 03, 509",update,2,10,written,,
121209,Q1972989,Cuneiform Tablet NATN 511,update,2,10,written,,
143835,Q2031770,"Cuneiform Tablet SAT 2, 0635",update,2,10,written,,
516344,Q2054140,"Cuneiform Tablet CUSAS 40, 1560",update,2,9,written,,
514379,Q2033656,Cuneiform Tablet CMNH 30498-50,update,2,9,written,,
360998,Q1372483,Cuneiform Tablet KTH 08,update,2,8,written,,
108164,Q2035006,Cuneiform Tablet CST (JRL) 648,update,2,10,written,,
112990,Q1936148,Cuneiform Tablet Metal 284 11,update,2,10,written,,
123234,Q1997333,"Cuneiform Tablet OIP 115, 436",update,2,10,written,,
236960,Q2009974,Cuneiform Tablet PRT 004,update,2,10,written,,
237672,Q1973342,Cuneiform Tablet ABL 0501,update,2,10,written,,
113682,Q1945794,"Cuneiform Tablet MVN 03, 122",update,2,10,written,,
423692,Q1926347,"Cuneiform Tablet JCS 11, 018 05",update,2,8,written,,
11027,Q2063998,Cuneiform Tablet WF 070,update,2,10,written,,
114147,Q1947847,"Cuneiform Tablet MVN 04, 195",update,2,9,written,,
279072,Q2025201,"Cuneiform Tablet CDLI Literary 000364, ex. 006",update,2,10,written,,
527049,Q1936737,"Cuneiform Tablet MSL 07, 065 L3",update,2,9,written,,
382358,Q2042436,"Cuneiform Tablet TCBI 1, 106",update,2,8,written,,
331094,Q1982493,"Cuneiform Tablet Nisaba 05/1, 032",update,3,9,written,,
262794,Q2029977,"Cuneiform Tablet CDLI Literary 000760, ex. 005",update,2,10,written,,
112139,Q1926831,"Cuneiform Tablet JCS 35, 131 3",update,2,9,written,,
110104,Q2063184,Cuneiform Tablet HLC 230 (pl. 109),update,2,10,written,,
139269,Q2058480,"Cuneiform Tablet UET 9, 1139",update,2,10,written,,
144759,Q2033585,"Cuneiform Tablet SAT 3, 1559",update,2,10,written,,
336751,Q2026192,"Cuneiform Tablet SAA 14, 407",update,2,10,written,,
360131,Q1369874,"Cuneiform Tablet KTS 1, 58d",update,3,8,written,,
496520,Q2041160,"Cuneiform Tablet CTN 6, 072",update,2,10,written,,
131659,Q2043162,"Cuneiform Tablet TCL 02, 5570",update,2,10,written,,
343651,Q2024698,"Cuneiform Tablet CDLI Literary 000350, ex. 017",update,2,10,written,,
388755,Q1931235,Cuneiform Tablet LB 0221,update,2,9,written,,
519818,Q1979552,"Cuneiform Tablet New IM 3, 010",update,2,9,written,,
208998,Q2008278,"Cuneiform Tablet BPOA 02, 2547",update,0,12,written,,
118534,Q1966676,"Cuneiform Tablet MVN 15, 269",update,2,9,written,,
217694,Q1924184,"Cuneiform Tablet ITT 4, 07035",update,0,11,written,,
290904,Q2010197,"Cuneiform Tablet BPOA 07, 1585",update,2,10,written,,
449037,Q1988674,"Cuneiform Tablet Nisaba 25, 50",update,2,10,written,,
132976,Q2045017,"Cuneiform Tablet TCTI 2, 03774",update,2,10,written,,
216986,Q2025042,Cuneiform Tablet RTC 214,update,0,11,written,,
128182,Q2024212,Cuneiform Tablet Rochester 077,update,2,9,written,,
291616,Q2009985,"Cuneiform Tablet BPOA 06, 1480",update,2,10,written,,
247823,Q2032284,"Cuneiform Tablet CDLI Literary 002701.01, ex. 022 & 002718.01, ex. 030",update,2,10,written,,
276387,Q1994079,"Cuneiform Tablet OB Contracts, pl. B5-6 no. 12",update,2,10,written,,
389847,Q1931388,Cuneiform Tablet LB 2207,update,2,9,written,,
104517,Q1994121,"Cuneiform Tablet AUCT 3, 305",update,2,9,written,,
209370,Q1999553,"Cuneiform Tablet Ontario 2, 225",update,0,12,written,,
103728,Q1992562,"Cuneiform Tablet AUCT 1, 883",update,2,9,written,,
128478,Q2025261,Cuneiform Tablet RTC 325,update,2,10,written,,
536658,Q1363737,"Cuneiform Tablet AKT 9a, 155",update,2,8,written,,
222020,Q1980194,"Cuneiform Tablet Nik 1, 251",update,0,12,written,,
296429,Q2026893,"Cuneiform Tablet CDLI Literary 000395, ex. 077",update,1,8,written,,
273185,Q1906945,Cuneiform Tablet Gilgamesh II 024,update,2,9,written,,
101715,Q1986955,"Cuneiform Tablet AnOr 45, 410 72",update,2,10,written,,
406476,Q1988074,"Cuneiform Tablet Nisaba 22, 114",update,2,9,written,,
100807,Q1984303,Cuneiform Tablet Aleppo 475,update,2,10,written,,
136466,Q2052102,"Cuneiform Tablet UET 3, 0149",update,2,10,written,,
535977,Q1368144,"Cuneiform Tablet AKT 7a, 159",update,2,8,written,,
10266,Q1995921,"Cuneiform Tablet OIP 099, 330",update,2,10,written,,
115306,Q1952497,"Cuneiform Tablet MVN 07, 480",update,2,10,written,,
334296,Q1973228,Cuneiform Tablet ABL 0431,update,2,10,written,,
143566,Q2031241,"Cuneiform Tablet SAT 2, 0366",update,2,10,written,,
200852,Q2013441,"Cuneiform Tablet BPOA 07, 2402",update,2,10,written,,
515138,Q2051847,"Cuneiform Tablet CUSAS 40, 0354",update,2,9,written,,
138881,Q2057701,"Cuneiform Tablet UET 9, 0751",update,2,10,written,,
201740,Q1984716,"Cuneiform Tablet Nisaba 11, 46",update,2,10,written,,
120048,Q1967757,"Cuneiform Tablet MVN 18, 687",update,2,10,written,,
124908,Q2000748,"Cuneiform Tablet OrSP 47-49, 020",update,2,10,written,,
527419,Q1982583,"Cuneiform Tablet AfO Beih 06, TH 102",update,1,8,written,,
253860,Q2045621,"Cuneiform Tablet CUSAS 12, 3.2.12",update,1,9,written,,
282190,Q1928601,Cuneiform Tablet KAJ 177,update,2,8,written,,
110554,Q2066729,"Cuneiform Tablet ITT 2, 00685",update,2,10,written,,
356900,Q2026409,"Cuneiform Tablet CDLI Literary 000379, ex. 096",update,2,10,written,,
144309,Q2032697,"Cuneiform Tablet SAT 2, 1109",update,2,10,written,,
236599,Q2002557,"Cuneiform Tablet BIN 10, 055",update,2,9,written,,
112569,Q1934664,"Cuneiform Tablet MCS 1, 45, BM 103414",update,2,10,written,,
126935,Q2008351,"Cuneiform Tablet Princeton 1, 246",update,2,10,written,,
360561,Q1360724,"Cuneiform Tablet AKT 2, 18",update,2,8,written,,
117291,Q1960007,"Cuneiform Tablet MVN 13, 518",update,2,10,written,,
218131,Q2019648,"Cuneiform Tablet RIME 4.04.01.03, ex. add192",update,0,11,written,,
228587,Q1982200,"Cuneiform Tablet AfO 29/30, 031, UM 29-13-674",update,0,11,written,,
381827,Q1936735,"Cuneiform Tablet MSL 07, 063",update,2,10,written,,
357612,Q1370976,"Cuneiform Tablet TCL 19, 046",update,3,9,written,,
515092,Q2051760,"Cuneiform Tablet CUSAS 40, 0308",update,2,9,written,,
127627,Q2011240,"Cuneiform Tablet RA 012, 020 10",update,2,9,written,,
252772,Q2049953,"Cuneiform Tablet CUSAS 35, 193",update,2,9,written,,
531037,Q2013318,Cuneiform Tablet Rental 032,update,2,10,written,,
227672,Q1994816,"Cuneiform Tablet OIP 011, 004",update,0,12,written,,
104147,Q1993397,"Cuneiform Tablet AUCT 2, 329",update,2,9,written,,
103682,Q1992469,"Cuneiform Tablet AUCT 1, 837",update,2,9,written,,
322712,Q2045419,"Cuneiform Tablet CUSAS 11, 309",update,2,9,written,,
310399,Q2016608,Cuneiform Tablet CanLament 647-649,update,1,10,written,,
131209,Q2029974,"Cuneiform Tablet SAT 1, 100",update,2,10,written,,
388305,Q2033041,Cuneiform Tablet CDLJ 2014/2,update,1,8,written,,
504379,Q2033710,Cuneiform Tablet Contratti Ojeil 45,update,2,9,written,,
343201,Q2028109,"Cuneiform Tablet CDLI Literary 000559, ex. 003",update,2,10,written,,
323800,Q2044332,"Cuneiform Tablet CUSAS 03, 1262",update,2,9,written,,
102990,Q1991070,"Cuneiform Tablet AUCT 1, 144",update,2,9,written,,
499285,Q2041318,"Cuneiform Tablet CTPSM 1, 010",update,2,9,written,,
118164,Q1964465,"Cuneiform Tablet MVN 14, 0484",update,2,10,written,,
215703,Q1945527,"Cuneiform Tablet MVN 03, 049",update,0,10,written,,
268233,Q2018864,Cuneiform Tablet CBS 13150,update,2,11,written,,
503146,Q2028429,"Cuneiform Tablet SANTAG 09, 185",update,2,10,written,,
136036,Q2050824,"Cuneiform Tablet UCP 09-02-2, 032",update,2,10,written,,
128028,Q2012437,"Cuneiform Tablet RA 075, 087 08",update,2,9,written,,
453969,Q1985884,"Cuneiform Tablet Nisaba 15, 0629",update,2,9,written,,
103378,Q1991846,"Cuneiform Tablet AUCT 1, 533",update,2,9,written,,
106480,Q2000464,"Cuneiform Tablet BIN 05, 046",update,2,10,written,,
274210,Q2039158,"Cuneiform Tablet CT 58, 15",update,2,10,written,,
209720,Q1999261,"Cuneiform Tablet Ontario 2, 077",update,0,12,written,,
467535,Q2014717,"Cuneiform Tablet RIMA 2.0.098.001, ex. 03",update,2,10,written,,
393119,Q1985803,"Cuneiform Tablet Nisaba 15, 0580",update,2,9,written,,
536208,Q1368040,"Cuneiform Tablet AKT 8, 073",update,1,9,written,,
214811,Q1925368,"Cuneiform Tablet ITT 5, 09284",update,0,11,written,,
515568,Q2052673,"Cuneiform Tablet CUSAS 40, 0784",update,2,9,written,,
116879,Q1958166,"Cuneiform Tablet MVN 13, 107",update,2,10,written,,
109775,Q2062657,Cuneiform Tablet Hirose 304,update,2,9,written,,
120418,Q1968901,"Cuneiform Tablet MVN 21, 181",update,2,10,written,,
252288,Q2050587,"Cuneiform Tablet CUSAS 38, 07",update,1,9,written,,
379740,Q2006858,"Cuneiform Tablet PPAC 5, 1362",update,2,10,written,,
20280,Q2063577,"Cuneiform Tablet VS 25, 074",update,2,10,written,,
143136,Q1968521,"Cuneiform Tablet MVN 20, 203",update,2,10,written,,
201310,Q2009577,"Cuneiform Tablet Princeton 2, 311",update,2,10,written,,
385537,Q1994660,"Cuneiform Tablet OECT 13, 007",update,2,10,written,,
108867,Q2055071,Cuneiform Tablet DAS 096,update,2,10,written,,
236063,Q2001889,"Cuneiform Tablet BIN 09, 053",update,2,9,written,,
112093,Q1926745,"Cuneiform Tablet JCS 31, 047 BMC 11",update,2,9,written,,
141625,Q2061773,"Cuneiform Tablet UTI 6, 3628",update,2,10,written,,
117045,Q1958889,"Cuneiform Tablet MVN 13, 273",update,2,10,written,,
229841,Q2066907,"Cuneiform Tablet ZSN, 14 and pl. VIII",update,0,10,written,,
471635,Q2039884,"Cuneiform Tablet CTN 2, 201",update,2,10,written,,
249240,Q2058805,Cuneiform Tablet fourcornersmedia 02b,update,1,10,written,,
282344,Q1981852,"Cuneiform Tablet AfO 10, 34, 51",update,2,8,written,,
331610,Q1983224,"Cuneiform Tablet Nisaba 05/1, 596",update,3,9,written,,
143618,Q2031340,"Cuneiform Tablet SAT 2, 0418",update,2,10,written,,
115078,Q1951490,"Cuneiform Tablet MVN 07, 183",update,2,10,written,,
231088,Q1970545,Cuneiform Tablet N 4662,update,0,12,written,,
512583,Q893899,"Cuneiform Tablet TMH 10, 044",update,4,8,written,,
111892,Q1926100,"Cuneiform Tablet JCS 07, 048",update,2,9,written,,
515246,Q2052054,"Cuneiform Tablet CUSAS 40, 0462",update,2,9,written,,
120336,Q1968738,"Cuneiform Tablet MVN 21, 099",update,2,10,written,,
228753,Q1982244,"Cuneiform Tablet AfO 29/30, 033, UM 29-16-469",update,0,12,written,,
135837,Q2050361,Cuneiform Tablet TUT 243,update,2,10,written,,
325203,Q2046447,"Cuneiform Tablet CUSAS 14, 099",update,2,9,written,,
104393,Q1993882,"Cuneiform Tablet AUCT 3, 168",update,2,9,written,,
296757,Q2066112,"Cuneiform Tablet YOS 20, 027",update,2,9,written,,
536526,Q1364743,"Cuneiform Tablet AKT 9a, 020",update,2,8,written,,
358733,Q1359349,"Cuneiform Tablet CCT 4, 06, BM 115087",update,3,8,written,,
393637,Q2026360,"Cuneiform Tablet SAA 19, 085",update,2,10,written,,
291092,Q1974212,Cuneiform Tablet NBC 02415,update,2,10,written,,
345802,Q1994334,"Cuneiform Tablet OECT 05, 21",update,1,10,written,,
103456,Q1992001,"Cuneiform Tablet AUCT 1, 611",update,2,9,written,,
128706,Q2025589,Cuneiform Tablet SA 071,update,2,9,written,,
217010,Q2025090,Cuneiform Tablet RTC 238,update,0,11,written,,
479205,Q2016123,"Cuneiform Tablet BTT pl. 06, BM 034798",update,2,10,written,,
499051,Q1362614,"Cuneiform Tablet AKT 6a, 244",update,1,10,written,,
136718,Q2052582,"Cuneiform Tablet UET 3, 0396",update,2,10,written,,
368385,Q2032789,Cuneiform Tablet CDLJ 2007/1 §3.34,update,2,9,written,,
134725,Q2048272,Cuneiform Tablet Trouvaille 52,update,2,10,written,,
212212,Q2060779,"Cuneiform Tablet Hermitage 3, 031",update,0,12,written,,
131527,Q2030478,"Cuneiform Tablet SAT 1, 424",update,2,10,written,,
107946,Q2034599,Cuneiform Tablet CST (JRL) 431,update,2,10,written,,
518474,Q2021673,"Cuneiform Artifact RINBE 2, Neriglissar 03, ex. 03",update,2,10,written,,
101191,Q1985945,"Cuneiform Tablet AnOr 01, 200",update,2,10,written,,
220699,Q2056013,Cuneiform Tablet DP 049,update,0,12,written,,
106654,Q2000811,"Cuneiform Tablet BIN 05, 220",update,2,10,written,,
119958,Q1967586,"Cuneiform Tablet MVN 18, 597",update,2,10,written,,
531719,Q892710,Cuneiform Tablet Elamica 11 KHT330,update,3,8,written,,
20054,Q2062754,"Cuneiform Tablet VS 14, 040",update,2,10,written,,
125134,Q2001182,"Cuneiform Tablet OrSP 47-49, 244",update,2,10,written,,
303761,Q2015179,"Cuneiform Tablet BPOA 07, 2964",update,2,10,written,,
127109,Q2008695,"Cuneiform Tablet Princeton 1, 420",update,2,10,written,,
112247,Q1927052,"Cuneiform Tablet JCS 40, 113 4",update,2,9,written,,
139117,Q2058172,"Cuneiform Tablet UET 9, 0987",update,2,10,written,,
334412,Q1973522,Cuneiform Tablet ABL 0599,update,2,10,written,,
144427,Q2032930,"Cuneiform Tablet SAT 3, 1227",update,2,10,written,,
115582,Q1953693,"Cuneiform Tablet MVN 08, 192",update,2,10,written,,
231572,Q2031839,"Cuneiform Tablet CDLI Literary 000797, ex. 028",update,0,13,written,,
382026,Q2042781,"Cuneiform Tablet TCBI 2/1, 20",update,1,9,written,,
527337,Q1982418,"Cuneiform Tablet AfO Beih 06, TH 001",update,1,10,written,,
283806,Q1983870,"Cuneiform Tablet Nisaba 07, 02",update,2,10,written,,
204796,Q2004636,Cuneiform Tablet BM 024088,update,2,10,written,,
248902,Q1970844,"Cuneiform Tablet AAICAB 1/2, pl. 152, 1971-390",update,2,10,written,,
386966,Q2043543,"Cuneiform Tablet TCL 11, 151",update,2,9,written,,
120766,Q1972286,Cuneiform Tablet NATN 068,update,2,10,written,,
515616,Q2052756,"Cuneiform Tablet CUSAS 40, 0832",update,2,9,written,,
228303,Q2057797,"Cuneiform Tablet EEN 318, N 4634",update,0,12,written,,
514904,Q2051388,"Cuneiform Tablet CUSAS 40, 0120",update,2,9,written,,
117415,Q1960499,"Cuneiform Tablet MVN 13, 642",update,2,10,written,,
123849,Q1997691,"Cuneiform Tablet OIP 121, 119",update,2,10,written,,
262540,Q2023992,"Cuneiform Tablet Robertson diss. p. 240, CBS 7539",update,2,10,written,,
205884,Q2005366,Cuneiform Tablet BM 025235,update,2,10,written,,
331240,Q1982653,"Cuneiform Tablet Nisaba 05/1, 210",update,3,9,written,,
249610,Q1994492,"Cuneiform Tablet AUCT 4, 053",update,1,8,written,,
522565,Q1928204,"Cuneiform Tablet Kahramanmaraş'ta Bulunmuş Yeni Asurca Tabletler, 20",update,2,9,written,,
282714,Q1926172,"Cuneiform Tablet JCS 07, 148 - 176, 33",update,2,8,written,,
10548,Q2022195,"Cuneiform Tablet CDLI Lexical 000027, ex. 002",update,1,10,written,,
115428,Q1953048,"Cuneiform Tablet MVN 08, 037",update,2,10,written,,
143248,Q2030639,"Cuneiform Tablet SAT 2, 0049",update,2,10,written,,
324941,Q2047080,"Cuneiform Tablet CUSAS 19, 064",update,2,9,written,,
134375,Q894773,"Cuneiform Tablet TMH NF 1-2, 063",update,4,8,written,,
210385,Q2008745,"Cuneiform Tablet BPOA 06, 0607",update,0,12,written,,
343485,Q2024137,"Cuneiform Tablet CDLI Literary 000339, ex. 027",update,2,10,written,,
221821,Q1979809,"Cuneiform Tablet Nik 1, 052",update,0,12,written,,
450538,Q2020683,"Cuneiform Tablet RINAP 4 Esarhaddon 126, ex. 008",update,2,11,written,,
536176,Q1364106,"Cuneiform Tablet AKT 8, 042",update,1,10,written,,
220733,Q2056081,Cuneiform Tablet DP 083,update,0,12,written,,
358363,Q1372312,Cuneiform Tablet ATHE 31,update,3,9,written,,
373033,Q1893391,"Cuneiform Tablet VS 16, 178",update,1,10,written,,
128356,Q2024482,"Cuneiform Tablet RSO 09, 472 P368",update,2,9,written,,
325653,Q2046744,"Cuneiform Tablet CUSAS 14, 248",update,1,9,written,,
103006,Q1991102,"Cuneiform Tablet AUCT 1, 160",update,2,9,written,,
358699,Q1359315,"Cuneiform Tablet CCT 4, 36-37, BM 113390",update,3,9,written,,
213950,Q2067118,"Cuneiform Tablet ITT 2, 02897",update,0,11,written,,
104239,Q1993576,"Cuneiform Tablet AUCT 3, 006",update,2,9,written,,
274494,Q2037493,"Cuneiform Tablet SpTU 4, 193",update,2,9,written,,
106204,Q1999924,"Cuneiform Tablet BIN 03, 398",update,2,10,written,,
291138,Q2011539,"Cuneiform Tablet BPOA 07, 1927",update,2,10,written,,
212642,Q2001302,"Cuneiform Tablet BIN 08, 094",update,0,11,written,,
317722,Q2007985,"Cuneiform Tablet BPOA 01, 0049",update,2,10,written,,
131177,Q2029915,"Cuneiform Tablet SAT 1, 068",update,2,10,written,,
215187,Q1933253,"Cuneiform Tablet MAD 4, 025",update,0,10,written,,
333787,Q1985002,"Cuneiform Tablet Nisaba 15, 0080",update,2,9,written,,
144077,Q2032249,"Cuneiform Tablet SAT 2, 0877",update,2,10,written,,
349572,Q1987341,"Cuneiform Tablet AOAT 275, 390, BM 054283",update,1,9,written,,
382476,Q2042672,"Cuneiform Tablet TCBI 1, 224",update,2,8,written,,
139547,Q2059683,Cuneiform Tablet Umma 038,update,2,9,written,,
334042,Q1972620,Cuneiform Tablet ABL 0093,update,2,10,written,,
231122,Q1970641,Cuneiform Tablet N 4781,update,0,12,written,,
526875,Q1929019,"Cuneiform Tablet KAL 11, 184",update,2,9,written,,
20404,Q2063829,"Cuneiform Tablet VS 27, 091",update,2,10,written,,
127559,Q2010982,"Cuneiform Tablet RA 009, 054 SA 215",update,2,9,written,,
332895,Q1936264,"Cuneiform Tablet MHET 3 1/2, 054",update,2,9,written,,
113905,Q1946788,"Cuneiform Tablet MVN 03, 345",update,2,10,written,,
330001,Q2041876,Cuneiform Tablet CUNES 48-06-393,update,1,8,written,,
386435,Q1934675,"Cuneiform Tablet MCS 2, 15 3",update,1,10,written,,
230699,Q1971806,Cuneiform Tablet N 6267,update,0,11,written,,
470024,Q2006801,Cuneiform Tablet BM 043116,update,1,10,written,,
142009,Q2062302,"Cuneiform Tablet ViOr 8/1, 067",update,2,10,written,,
421181,Q2036119,Cuneiform Tablet SMUI 1913.14.1238,update,2,10,written,,
363199,Q1975472,Cuneiform Tablet ACT 0173,update,2,9,written,,
521719,Q1929657,"Cuneiform Tablet Kaskal 15, 90",update,2,10,written,,
140034,Q2061398,"Cuneiform Tablet UTI 3, 2015",update,2,10,written,,
109958,Q2062904,Cuneiform Tablet HLC 080 (pl. 034),update,2,10,written,,
202212,Q2004450,"Cuneiform Tablet PPAC 5, 0134",update,2,10,written,,
117946,Q1962720,"Cuneiform Tablet MVN 14, 0266",update,2,10,written,,
229142,Q1937029,"Cuneiform Tablet MSL 09, 051 S18",update,0,12,written,,
513392,Q2039890,Cuneiform Tablet STTI 2 p. 069 Ist L 09345,update,2,8,written,,
121527,Q1973551,Cuneiform Tablet NATN 830,update,2,10,written,,
290683,Q2012546,"Cuneiform Tablet BPOA 07, 2180",update,2,10,written,,
217913,Q1924630,"Cuneiform Tablet ITT 4, 08026",update,0,11,written,,
102247,Q1989456,"Cuneiform Tablet ASJ 08, 209 BM 013113",update,2,10,written,,
129117,Q2027531,"Cuneiform Tablet SACT 2, 160",update,2,10,written,,
359122,Q1359781,"Cuneiform Tablet Prag 513 & ICK 2, 221",update,2,8,written,,
297146,Q1999133,"Cuneiform Tablet BIN 02, 088",update,2,10,written,,
324412,Q2042842,"Cuneiform Tablet CUSAS 03, 0295",update,2,9,written,,
105582,Q1998303,"Cuneiform Tablet BE 03/1, 029",update,2,10,written,,
507781,Q2066097,"Cuneiform Tablet Iraq 79, 108-109 01",update,2,9,written,,
135134,Q2049061,Cuneiform Tablet TRU 370,update,2,9,written,,
454081,Q1986307,"Cuneiform Tablet Nisaba 15, 0853",update,2,9,written,,
407119,Q2064837,"Cuneiform Tablet HSS 68, 221",update,2,9,written,,
453744,Q1985333,"Cuneiform Tablet Nisaba 15, 0287",update,2,9,written,,
338431,Q2039000,"Cuneiform Tablet STT 1, 109",update,2,8,written,,
291991,Q2009059,"Cuneiform Tablet BPOA 06, 1004",update,2,10,written,,
498640,Q1361505,"Cuneiform Tablet ArAn 10/1, 024",update,2,8,written,,
405124,Q1995138,"Cuneiform Tablet BagM 23, 150 185",update,3,8,written,,
345101,Q2029440,"Cuneiform Tablet CDLI Literary 000744, ex. 001",update,2,10,written,,
313761,Q2037367,"Cuneiform Tablet CT 53, 346",update,2,10,written,,
137109,Q2053350,"Cuneiform Tablet UET 3, 0785",update,2,10,written,,
101892,Q1987983,"Cuneiform Tablet ArOr 62, 244 I 874",update,2,9,written,,
213403,Q2064442,"Cuneiform Tablet HSS 10, 138",update,0,11,written,,
107045,Q2007512,Cuneiform Tablet BM Messenger 166,update,2,10,written,,
430790,Q2062126,"Cuneiform Tablet VFMOS 2/3, 87",update,2,7,written,,
238753,Q1974145,Cuneiform Tablet ABL 0969,update,2,10,written,,
290379,Q2010142,"Cuneiform Tablet BPOA 07, 1558",update,2,10,written,,
377070,Q1989790,"Cuneiform Tablet Nisaba 31/2, 146",update,2,10,written,,
100780,Q1984247,Cuneiform Tablet Aleppo 448,update,2,10,written,,
292344,Q2008981,"Cuneiform Tablet BPOA 06, 0964",update,2,10,written,,
118,Q2023012,"Cuneiform Tablet CDLI Lexical Archaic Unidentified, ex. 022",update,2,9,written,,
372788,Q2062634,"Cuneiform Tablet VS 13, 035",update,2,10,written,,
221088,Q2056791,Cuneiform Tablet DP 438,update,0,12,written,,
329220,Q2046071,"Cuneiform Tablet CUSAS 13, 108",update,2,8,written,,
126718,Q2007940,"Cuneiform Tablet Princeton 1, 029",update,2,10,written,,
349821,Q1987528,"Cuneiform Tablet AOAT 275, 664, BM 082933",update,1,8,written,,
124725,Q2000367,"Cuneiform Tablet Orient 16, 076 111",update,2,10,written,,
298749,Q1975206,Cuneiform Tablet NBC 07146,update,1,10,written,,
348733,Q2037386,"Cuneiform Tablet SpTU 4, 139",update,2,8,written,,
230363,Q2003376,"Cuneiform Tablet PBS 11/2, 043",update,0,9,written,,
266503,Q2018161,"Cuneiform Tablet RIME 4.01.05.add10, ex. 04",update,2,10,written,,
335203,Q1980047,Cuneiform Tablet ADD 0256,update,2,10,written,,
114393,Q1948903,"Cuneiform Tablet MVN 05, 173",update,2,9,written,,
113456,Q1944387,"Cuneiform Tablet MVN 02, 157",update,2,9,written,,
363463,Q2040343,"Cuneiform Tablet CTN 4, 048",update,2,10,written,,
138706,Q2057349,"Cuneiform Tablet UET 9, 0575",update,2,10,written,,
355802,Q1893244,"Cuneiform Tablet CT 04, pl. 26, Bu 1891-05-09, 1154",update,2,10,written,,
424383,Q2000517,"Cuneiform Tablet Orient 55, 170 no. 18",update,2,9,written,,
145236,Q2034519,"Cuneiform Tablet SAT 3, 2036",update,2,10,written,,
229512,Q1937339,"Cuneiform Tablet MSL 12, 029 E2",update,0,12,written,,
202642,Q2004980,Cuneiform Tablet BM 024642,update,2,10,written,,
491932,Q1986977,Cuneiform Tablet P491932,update,1,8,written,,
356687,Q2028753,"Cuneiform Tablet CDLI Literary 000623, ex. 079",update,2,10,written,,
121177,Q1972932,Cuneiform Tablet NATN 479,update,2,10,written,,
248001,Q2063520,Cuneiform Tablet HMA 9-01909,update,1,10,written,,
330451,Q1971498,"Cuneiform Tablet AAICAB 1/4, Bod S 383",update,2,10,written,,
235531,Q2060616,Cuneiform Tablet USC 6721,update,2,10,written,,
114239,Q1948262,"Cuneiform Tablet MVN 05, 019",update,2,9,written,,
357995,Q1371356,"Cuneiform Tablet RA 081, 003-096 102",update,3,8,written,,
348699,Q2037303,"Cuneiform Tablet SpTU 3, 095",update,2,8,written,,
142459,Q2065944,"Cuneiform Tablet YOS 18, 065",update,2,9,written,,
116204,Q1956163,"Cuneiform Tablet MVN 11, 191",update,2,9,written,,
203950,Q2004384,Cuneiform Tablet BM 021478,update,2,10,written,,
472449,Q1932207,Cuneiform Tablet Lippmann Coll 149,update,2,9,written,,
342294,Q2060617,"Cuneiform Tablet HANE/M 8, 325-326",update,2,10,written,,
536875,Q1364418,"Cuneiform Tablet AKT 11a, 141 & 142",update,2,8,written,,
135564,Q2044329,Cuneiform Tablet TCNU 716,update,2,10,written,,
101938,Q1988959,"Cuneiform Tablet ASJ 02, 014 35",update,2,10,written,,
211594,Q2028822,"Cuneiform Tablet SANTAG 6, 129",update,0,12,written,,
407549,Q2065105,"Cuneiform Tablet HSS 68, 579",update,2,9,written,,
289508,Q1975533,Cuneiform Tablet NBC 10899,update,2,10,written,,
451329,Q1988667,Cuneiform Artifact P451329,update,1,6,written,,
322895,Q2047405,"Cuneiform Tablet CUSAS 20, 010",update,2,9,written,,
216251,Q2002109,"Cuneiform Tablet OSP 2, 097",update,0,12,written,,
103905,Q1992917,"Cuneiform Tablet AUCT 2, 087",update,2,9,written,,
313331,Q1893897,"Cuneiform Tablet CT 43, 041",update,1,10,written,,
453314,Q1998561,"Cuneiform Artifact BE 06/2, 011",update,2,10,written,,
129547,Q2035472,Cuneiform Tablet SET 137,update,2,10,written,,
323787,Q2042864,"Cuneiform Tablet CUSAS 03, 0306",update,2,9,written,,
534848,Q1368789,"Cuneiform Tablet AKT 6b, 368",update,1,10,written,,
137559,Q2054247,"Cuneiform Tablet UET 3, 1234",update,2,10,written,,
102617,Q1990239,"Cuneiform Tablet ASJ 17, 221 112",update,2,10,written,,
221122,Q2056857,Cuneiform Tablet DP 472,update,0,12,written,,
359572,Q1369402,"Cuneiform Tablet ICK 1, 175",update,3,8,written,,
107415,Q2016319,"Cuneiform Tablet Buffalo SNS.11-2, 146 13",update,2,9,written,,
290729,Q2012725,"Cuneiform Tablet BPOA 07, 2226",update,2,10,written,,
461265,Q2007017,Cuneiform Tablet BM 059237,update,2,9,written,,
133849,Q2043651,Cuneiform Tablet TCND 040,update,2,10,written,,
131874,Q2041663,Cuneiform Tablet Tavolette 089,update,2,10,written,,
272540,Q1932742,Cuneiform Tablet LoC 012,update,2,9,written,,
359088,Q1359831,Cuneiform Tablet Prag 478,update,2,9,written,,
105428,Q1998023,"Cuneiform Tablet BCT 2, 187",update,2,9,written,,
548,Q2023270,"Cuneiform Tablet CDLI Lexical Archaic Unidentified, ex. 092",update,2,9,written,,
347096,Q2056166,"Cuneiform Tablet UET 7, 0140 +",update,2,8,written,,
130766,Q2040794,Cuneiform Tablet Syracuse 215,update,2,9,written,,
214796,Q1925337,"Cuneiform Tablet ITT 5, 09269",update,0,11,written,,
213053,Q2036620,"Cuneiform Tablet CT 50, 147",update,0,11,written,,
230733,Q2017556,Cuneiform Tablet CBS 06815,update,0,11,written,,
363033,Q1987052,"Cuneiform Tablet Nisaba 16, 119",update,2,10,written,,
335653,Q1980938,Cuneiform Tablet ADD 0804,update,2,10,written,,
138356,Q2056633,"Cuneiform Tablet UET 9, 0225",update,2,10,written,,
328962,Q2045014,"Cuneiform Tablet CUSAS 11, 103",update,2,9,written,,
113006,Q1936390,Cuneiform Tablet MLVS 076,update,2,9,written,,
145666,Q2044423,"Cuneiform Tablet TCS 1, 086",update,2,10,written,,
468947,Q2015514,"Cuneiform Artifact RINAP 5/3, Ashurbanipal 262, ex. 004",update,2,10,written,,
144974,Q2034013,"Cuneiform Tablet SAT 3, 1774",update,2,10,written,,
334941,Q1979521,Cuneiform Tablet ADB 08,update,2,10,written,,
124375,Q1998690,"Cuneiform Tablet OMRO 66, 32 02",update,2,9,written,,
274882,Q1985027,Cuneiform Tablet P274882,update,1,9,written,,
225927,Q1995839,"Cuneiform Tablet OIP 099, 049",update,0,11,written,,
437110,Q1929965,"Cuneiform Tablet KBo 26, 047",update,2,9,written,,
532070,Q2003883,"Cuneiform Tablet Pots and Potteres of Assyria, 559",update,1,8,written,,
130273,Q2036675,Cuneiform Tablet SNAT 513,update,2,10,written,,
259305,Q2028089,"Cuneiform Tablet CDLI Literary 000557, ex. 001",update,2,10,written,,
107100,Q2007622,Cuneiform Tablet BM Messenger 221,update,2,10,written,,
326090,Q2044928,"Cuneiform Tablet CUSAS 11, 060",update,2,9,written,,
224635,Q2039927,"Cuneiform Tablet CTN 2, 224",update,0,12,written,,
124660,Q2000235,"Cuneiform Tablet Orient 16, 048 33",update,2,10,written,,
323768,Q2046235,"Cuneiform Tablet CUSAS 13, 203",update,1,8,written,,
356668,Q2029629,"Cuneiform Tablet CDLI Literary 000751, ex. 046",update,2,10,written,,
200690,Q1925763,"Cuneiform Tablet JANES 18, 50 29",update,2,10,written,,
121198,Q1972966,Cuneiform Tablet NATN 500,update,2,10,written,,
253708,Q2044715,"Cuneiform Tablet CUSAS 03, 1518",update,2,9,written,,
375108,Q2024622,"Cuneiform Tablet RSO 89, 066 no. 4",update,2,10,written,,
251735,Q2021298,"Cuneiform Tablet CDLI Lexical 000014, ex. 006",update,1,9,written,,
510802,Q1893167,"Cuneiform Tablet AbB 13, 084",update,2,10,written,,
138643,Q2057224,"Cuneiform Tablet UET 9, 0512",update,2,10,written,,
113513,Q1944640,"Cuneiform Tablet MVN 02, 214",update,2,9,written,,
332483,Q2044395,"Cuneiform Tablet CUSAS 03, 1298",update,2,9,written,,
230226,Q1971699,Cuneiform Tablet N 6133,update,0,11,written,,
335346,Q1980336,Cuneiform Tablet ADD 0403,update,2,9,written,,
363526,Q2040465,"Cuneiform Tablet CTN 4, 112",update,2,10,written,,
348676,Q2037260,"Cuneiform Tablet SpTU 3, 073",update,2,8,written,,
116711,Q1957315,"Cuneiform Tablet MVN 12, 449",update,2,10,written,,
140171,Q2061429,"Cuneiform Tablet UTI 3, 2152",update,2,10,written,,
145689,Q2044465,"Cuneiform Tablet TCS 1, 154",update,1,9,written,,
332179,Q2004165,"Cuneiform Tablet PPAC 4, 267",update,2,9,written,,
237019,Q2023484,Cuneiform Tablet RMA 262d,update,2,10,written,,
379828,Q1929608,"Cuneiform Tablet Kaskal 15, 62",update,2,10,written,,
235024,Q1930363,Cuneiform Tablet KM 89275,update,2,10,written,,
229007,Q2003262,"Cuneiform Tablet PBS 11/1, 057",update,0,12,written,,
121462,Q1973449,Cuneiform Tablet NATN 765,update,2,10,written,,
336993,Q2038222,"Cuneiform Tablet StAT 2, 185",update,2,10,written,,
117803,Q1961989,"Cuneiform Tablet MVN 14, 0122",update,2,10,written,,
324557,Q2043406,"Cuneiform Tablet CUSAS 03, 0670",update,2,9,written,,
343893,Q2007663,Cuneiform Tablet PRAK B 076,update,2,7,written,,
221437,Q2024757,Cuneiform Tablet RTC 040,update,0,12,written,,
359067,Q1359812,Cuneiform Tablet Prag 439,update,2,9,written,,
129052,Q2027402,"Cuneiform Tablet SACT 2, 095",update,2,10,written,,
499817,Q1927814,"Cuneiform Tablet JCSSS 5, 097",update,2,10,written,,
217856,Q1924517,"Cuneiform Tablet ITT 4, 07739",update,0,11,written,,
102302,Q1989566,"Cuneiform Tablet ASJ 09, 249 26",update,2,9,written,,
323292,Q2049500,"Cuneiform Tablet CUSAS 33, 281",update,2,9,written,,
498705,Q1362255,"Cuneiform Tablet AKT 4, 42",update,2,9,written,,
313624,Q2037138,"Cuneiform Tablet CT 53, 209",update,2,10,written,,
453601,Q1984916,"Cuneiform Tablet Nisaba 15, 0031",update,2,9,written,,
338574,Q2039255,"Cuneiform Tablet STT 2, 255",update,2,8,written,,
135071,Q2048938,Cuneiform Tablet TRU 307,update,2,9,written,,
209848,Q1999475,"Cuneiform Tablet Ontario 2, 184",update,0,12,written,,
130789,Q2040830,Cuneiform Tablet Syracuse 238,update,2,9,written,,
214779,Q1925303,"Cuneiform Tablet ITT 5, 09252",update,0,11,written,,
481174,Q2026777,"Cuneiform Tablet SAAB 17, 073 13",update,2,9,written,,
131931,Q2041769,Cuneiform Tablet Tavolette 145,update,2,10,written,,
100295,Q1982076,"Cuneiform Tablet AfO 25, pl. 5, Boellinger 6",update,1,9,written,,
461320,Q1981994,"Cuneiform Tablet AfO 14, pl. 13",update,1,9,written,,
259755,Q2002950,"Cuneiform Tablet PBS 08/1, 057",update,2,10,written,,
292651,Q2010967,"Cuneiform Tablet BPOA 07, 1785",update,2,10,written,,
450884,Q1988207,Cuneiform Artifact P450884,update,1,6,written,,
341904,Q1992573,Cuneiform Tablet NMSA 3524,update,2,10,written,,
107550,Q2033844,Cuneiform Tablet CST (JRL) 038,update,2,10,written,,
323338,Q2048397,"Cuneiform Tablet CUSAS 23, 116",update,2,9,written,,
213116,Q2055594,Cuneiform Tablet DCS 029,update,0,11,written,,
145723,Q2044527,"Cuneiform Tablet TCS 1, 215",update,2,9,written,,
130623,Q2040509,Cuneiform Tablet Syracuse 072,update,2,9,written,,
113143,Q1939027,"Cuneiform Tablet MVN 01, 110",update,2,10,written,,
138213,Q2056365,"Cuneiform Tablet UET 9, 0082",update,2,10,written,,
379982,Q2007007,"Cuneiform Tablet PPAC 5, 1444",update,2,10,written,,
328827,Q2048941,"Cuneiform Tablet CUSAS 27, 223",update,1,8,written,,
335716,Q1981064,Cuneiform Tablet ADD 0876,update,2,10,written,,
115994,Q1955463,"Cuneiform Tablet MVN 10, 227",update,2,9,written,,
334804,Q1974526,Cuneiform Tablet ABL 1223,update,2,10,written,,
363176,Q1975426,Cuneiform Tablet ACT 0140,update,2,9,written,,
124230,Q1998438,"Cuneiform Tablet OIP 121, 500",update,2,10,written,,
230676,Q1970616,Cuneiform Tablet N 4742,update,0,12,written,,
378690,Q2006131,"Cuneiform Tablet PPAC 5, 1011",update,2,10,written,,
205538,Q1969505,"Cuneiform Tablet MVN 22, 083",update,2,10,written,,
300458,Q1894019,"Cuneiform Tablet YOS 13, 413",update,1,10,written,,
253358,Q2050127,"Cuneiform Tablet CUSAS 35, 286",update,2,9,written,,
516485,Q2054356,"Cuneiform Tablet CUSAS 40, 1701",update,2,9,written,,
233959,Q2017024,"Cuneiform Artifact RIME 3/1.01.07.041, ex. 033",update,0,11,written,,
336839,Q2037948,"Cuneiform Tablet StAT 2, 031",update,2,10,written,,
144831,Q2033729,"Cuneiform Tablet SAT 3, 1631",update,2,10,written,,
229457,Q1938070,"Cuneiform Tablet MSL 14, 023 Fx",update,0,12,written,,
514142,Q2064396,"Cuneiform Tablet WVDOG 152, V 1 009",update,2,10,written,,
203815,Q1969427,"Cuneiform Tablet MVN 22, 039",update,2,10,written,,
237449,Q2010129,Cuneiform Tablet PRT 088,update,2,10,written,,
111484,Q1924865,"Cuneiform Tablet ITT 5, 06774",update,2,10,written,,
235474,Q2060509,Cuneiform Tablet USC 6663,update,2,10,written,,
201828,Q1981972,"Cuneiform Tablet Nisaba 03/1, 197",update,2,10,written,,
405431,Q2058997,"Cuneiform Tablet UF 10, 152 25",update,2,10,written,,
500551,Q2020870,"Cuneiform Tablet RINAP 4 Esarhaddon add144, ex. 013",update,2,9,written,,
103840,Q1992786,"Cuneiform Tablet AUCT 2, 021",update,2,9,written,,
216314,Q2002232,"Cuneiform Tablet OSP 2, 160",update,0,11,written,,
345414,Q2028998,"Cuneiform Tablet CDLI Literary 000651, ex. 001",update,1,10,written,,
536930,Q1365411,Cuneiform Tablet P536930,update,2,8,written,,
369081,Q1929356,Cuneiform Tablet KAR 100,update,2,10,written,,
242549,Q1907175,Cuneiform Tablet P242549,update,2,9,written,,
392533,Q1925847,"Cuneiform Tablet JAOS 098, 255 10",update,2,10,written,,
359437,Q1369256,"Cuneiform Tablet ICK 1, 039a+b+c",update,3,7,written,,
464122,Q2029549,"Cuneiform Tablet CDLI Literary 000751, ex. 002",update,2,10,written,,
324107,Q2043836,"Cuneiform Tablet CUSAS 03, 0959",update,2,9,written,,
102752,Q1990483,"Cuneiform Tablet ASJ 19, 222 66",update,2,9,written,,
221067,Q2056748,Cuneiform Tablet DP 417,update,0,12,written,,
290396,Q2010168,"Cuneiform Tablet BPOA 07, 1571",update,2,10,written,,
346392,Q2055669,"Cuneiform Tablet UET 6, 0345",update,2,8,written,,
131462,Q2030366,"Cuneiform Tablet SAT 1, 357",update,2,10,written,,
107803,Q2034324,Cuneiform Tablet CST (JRL) 289,update,2,10,written,,
215492,Q1934651,"Cuneiform Tablet MC 4, 68",update,0,10,written,,
212357,Q2055370,Cuneiform Tablet DAS 289,update,0,12,written,,
239007,Q1982962,Cuneiform Tablet AGS 166,update,2,10,written,,
106711,Q2000924,"Cuneiform Tablet BIN 05, 277",update,2,10,written,,
374719,Q1987597,"Cuneiform Tablet Nisaba 18, 040",update,2,10,written,,
225024,Q2045912,"Cuneiform Tablet TIM 10, 047",update,0,9,written,,
369828,Q1935299,"Cuneiform Tablet MDP 27, 080",update,2,7,written,,
536199,Q1365423,"Cuneiform Tablet AKT 8, 065",update,1,9,written,,
303624,Q2014706,"Cuneiform Tablet BPOA 07, 2840",update,2,10,written,,
125071,Q2001050,"Cuneiform Tablet OrSP 47-49, 182",update,2,10,written,,
201081,Q2009153,"Cuneiform Tablet Princeton 2, 083",update,2,10,written,,
20111,Q2062863,"Cuneiform Tablet VS 14, 096",update,2,10,written,,
120789,Q1972327,Cuneiform Tablet NATN 091,update,2,10,written,,
527272,Q1996860,"Cuneiform Tablet BATSH 6, 147",update,2,9,written,,
334557,Q1973842,Cuneiform Tablet ABL 0786,update,2,10,written,,
231437,Q1971375,Cuneiform Tablet N 5659,update,0,12,written,,
139052,Q2058043,"Cuneiform Tablet UET 9, 0922",update,2,10,written,,
144562,Q2033197,"Cuneiform Tablet SAT 3, 1362",update,2,10,written,,
491524,Q2046224,"Cuneiform Tablet TIMA 1, 012",update,2,10,written,,
112302,Q1927992,"Cuneiform Tablet JMEOS 12, 39 3480",update,2,10,written,,
282201,Q1928626,Cuneiform Tablet KAJ 188,update,2,8,written,,
382499,Q2042711,"Cuneiform Tablet TCBI 1, 247",update,2,8,written,,
229904,Q893848,Cuneiform Tablet HS 1706,update,0,11,written,,
