cdli_id,factgrid_qid,artifact_label,write_action,claims_written,claims_skipped,write_status,write_error,label_collision_qid
389945,Q2162061,Cuneiform Tablet LB 2357,create,10,1,written,,
550076,Q2162062,"Cuneiform Tablet UAVA 12, 326-327",create,11,1,written,,
315133,Q2162063,"Cuneiform Tablet CT 55, 740",create,10,1,written,,
368403,Q2162064,"Cuneiform Artifact RINBE 1, Nebuchadnezzar II nn, ex. nn",create,8,1,written,,
210053,Q2162065,Cuneiform Tablet LB 2540,create,11,1,written,,
343753,Q2162066,"Cuneiform Tablet CDLI Literary needed, ex. nn ?",create,10,1,written,,
506616,Q2162067,"Cuneiform Tablet Nisaba 34, 0347",create,10,1,written,,
455116,Q2162068,Cuneiform Artifact CDLI Seals 002406 (composite),create,10,0,written,,
581986,Q2162069,Cuneiform Tablet BM 061769,create,9,1,written,,
507904,Q2162070,Cuneiform Tablet P507904,create,10,1,written,,
388657,Q2162071,Cuneiform Tablet LB 0101,create,10,1,written,,
402864,Q2162072,Cuneiform Tablet K 17534,create,10,1,written,,
1575,Q2162073,"Cuneiform Tablet ATU 5, pl. 107, W 9656,fe",create,10,1,written,,
342841,Q2162074,"Cuneiform Tablet VS 02, 033",create,10,1,written,,
403776,Q2162075,Cuneiform Tablet K 18583,create,10,1,written,,
246633,Q2162076,Cuneiform Tablet P246633,create,10,1,written,,
133766,Q2045444,Cuneiform Tablet TÉL 250,update,4,8,written,,
344096,Q2162077,Cuneiform Tablet PRAK B 280,create,10,1,written,,
395966,Q2162078,Cuneiform Tablet K 05270,create,10,1,written,,
428426,Q2162079,Cuneiform Artifact BM 114296,create,8,1,written,,
479583,Q2162080,"Cuneiform Tablet FM 03, 059",create,11,1,written,,
331196,Q1982557,"Cuneiform Tablet Nisaba 05/1, 135",update,5,7,written,,
594287,Q2162081,Cuneiform Tablet BM 078111,create,9,1,written,,
110006,Q2062996,Cuneiform Tablet HLC 129 (pl. 098),update,4,8,written,,
118436,Q1966191,"Cuneiform Tablet MVN 15, 156",update,4,7,written,,
262696,Q2162082,Cuneiform Tablet CBS 07693A,create,9,1,written,,
217796,Q1924419,"Cuneiform Tablet ITT 4, 07459",update,4,7,written,,
290806,Q2011875,"Cuneiform Tablet BPOA 07, 2012",update,4,8,written,,
233733,Q2162083,"Cuneiform Artifact RIME 3/1.01.07.037, ex. 0982",create,11,1,written,,
265153,Q2162084,Cuneiform Artifact CBS 09840,create,11,1,written,,
476676,Q2162085,Cuneiform Artifact CDLI Seals 009935 (physical),create,8,1,written,,
593542,Q2162086,Cuneiform Tablet BM 076690,create,9,1,written,,
420016,Q2162087,Cuneiform Tablet K 21785,create,10,1,written,,
558446,Q2162088,Cuneiform Tablet BM 046034,create,9,1,written,,
336653,Q2025968,"Cuneiform Tablet SAA 08, 020",update,4,7,written,,
601186,Q2162089,Cuneiform Tablet BM 101246,create,10,1,written,,
360033,Q1369776,"Cuneiform Tablet KTS 1, 21b",update,5,7,written,,
573716,Q2162090,"Cuneiform Tablet OBO 260, no. 1",create,10,1,written,,
525176,Q2162091,Cuneiform Tablet Al-Hashimi diss. no. 09,create,11,1,written,,
443538,Q2162092,"Cuneiform Tablet KBo 57, 129",create,10,1,written,,
285307,Q2162093,"Cuneiform Tablet BAM 3, 220",create,8,1,written,,
510238,Q2162094,"Cuneiform Tablet MHET 2/6, 862",create,11,1,written,,
380267,Q2007293,"Cuneiform Tablet PPAC 5, 1594",update,4,8,written,,
415358,Q2162095,"Cuneiform Tablet UET 5, 0483",create,10,1,written,,
477964,Q2162096,Cuneiform Artifact CDLI Seals 011223 (physical),create,7,1,written,,
337941,Q2162097,Cuneiform Tablet OIM A05484,create,11,1,written,,
572804,Q2162098,Cuneiform Tablet BM 049820,create,9,1,written,,
232821,Q2162099,"Cuneiform Artifact RIME 3/1.01.07.037, ex. 0070",create,10,1,written,,
127375,Q2162100,"Cuneiform Tablet RA 009, 044 SA 52",create,10,1,written,,
9145,Q2162101,"Cuneiform Tablet MDP 26, 457",create,10,1,written,,
203385,Q2006026,Cuneiform Tablet BM 027808,update,4,8,written,,
350485,Q2162102,"Cuneiform Tablet ARM 12, 042",create,11,1,written,,
570839,Q2162103,Cuneiform Tablet BM 047192,create,7,1,written,,
475959,Q2162104,Cuneiform Artifact CDLI Seals 009219 (physical),create,10,1,written,,
20228,Q2063471,"Cuneiform Tablet VS 25, 021",update,4,8,written,,
125348,Q2001594,"Cuneiform Tablet OrSP 47-49, 458",update,4,8,written,,
204440,Q2162105,Cuneiform Tablet BM 024285,create,11,1,written,,
299324,Q2162106,Cuneiform Tablet NBC 07867,create,10,1,written,,
301520,Q1975493,Cuneiform Tablet NBC 10599,update,4,8,written,,
252220,Q2162107,"Cuneiform Tablet MSCT 2, 096-122",create,9,2,written,,
357340,Q1370717,"Cuneiform Tablet TCL 04, 005",update,5,7,written,,
512205,Q2162108,"Cuneiform Tablet AuOr 20, 085-086 09",create,11,1,written,,
279170,Q2162109,Cuneiform Tablet N 4313,create,11,1,written,,
441505,Q2162110,"Cuneiform Tablet KBo 46, 197",create,10,1,written,,
544465,Q2162111,Cuneiform Artifact TA 1930 T0227b,create,9,0,written,,
355687,Q2066481,"Cuneiform Tablet ZA 083, pl. 6b",update,4,8,written,,
492932,Q2162112,"Cuneiform Tablet TBER pl. 17, AO 8156",create,7,1,written,,
459836,Q2162113,Cuneiform Tablet FLP 1268 (missing ?),create,7,1,written,,
206187,Q1969729,"Cuneiform Tablet MVN 22, 197",update,4,8,written,,
417365,Q2162114,Cuneiform Tablet ROM 925.062.190,create,9,1,written,,
597852,Q2162115,Cuneiform Tablet BM 084047,create,10,1,written,,
319813,Q2162116,Cuneiform Tablet BM 022131,create,11,1,written,,
468392,Q2162117,Cuneiform Tablet U 17844,create,7,0,written,,
122177,Q1980871,"Cuneiform Tablet Nik 2, 494",update,5,7,written,,
412167,Q2162118,Cuneiform Tablet CUNES 58-06-051,create,10,1,written,,
541667,Q2162119,Cuneiform Artifact CDLI Seals 020829 (physical),create,8,1,written,,
379212,Q2162120,Cuneiform Tablet BM 088112,create,10,1,written,,
444707,Q2162121,"Cuneiform Tablet KUB 23, 014",create,10,1,written,,
109227,Q2055858,Cuneiform Tablet DoCu 259,update,4,7,written,,
517007,Q2162122,Cuneiform Artifact CDLI Seals 013959 (composite),create,9,0,written,,
439237,Q2162123,"Cuneiform Tablet KBo 37, 113",create,10,1,written,,
399046,Q2162124,Cuneiform Tablet K 11024,create,10,1,written,,
574529,Q2162125,Cuneiform Tablet BM 055493,create,7,1,written,,
257022,Q2162126,Cuneiform Tablet UM 29-16-559,create,11,1,written,,
522349,Q2162127,Cuneiform Artifact CDLI Seals 015351 (physical),create,6,1,written,,
304722,Q2058675,Cuneiform Tablet Feuerherm diss. K015,update,3,8,written,,
387058,Q2162128,"Cuneiform Tablet TCL 11, 243",create,10,1,written,,
352142,Q2162129,"Cuneiform Tablet ARM 21, 140",create,11,1,written,,
408993,Q2162130,"Cuneiform Tablet HSS 15, 186",create,10,1,written,,
409681,Q2162131,Cuneiform Tablet CUNES 48-09-306,create,7,1,written,,
282138,Q1928495,Cuneiform Tablet KAJ 124a,update,4,6,written,,
509019,Q2162132,"Cuneiform Tablet OIP 043, 190 TA 1930 T083",create,10,1,written,,
471449,Q2162133,Cuneiform Tablet PTS 3357,create,9,1,written,,
305830,Q2025073,"Cuneiform Tablet CDLI Literary 000356, ex. 006",update,3,8,written,,
143464,Q2031042,"Cuneiform Tablet SAT 2, 0264",update,4,8,written,,
334394,Q1973479,Cuneiform Tablet ABL 0573,update,4,8,written,,
10364,Q1995966,"Cuneiform Tablet OIP 099, 435",update,4,8,written,,
115204,Q1952036,"Cuneiform Tablet MVN 07, 334",update,4,8,written,,
200950,Q2051668,"Cuneiform Tablet UE 10, 407",update,4,7,written,,
542948,Q2162134,Cuneiform Artifact CDLI Seals 022094 (physical),create,8,1,written,,
540975,Q2162135,Cuneiform Artifact CDLI Seals 020099 (physical),create,9,1,written,,
591085,Q2162136,Cuneiform Tablet BM 072400,create,9,1,written,,
218199,Q2029485,"Cuneiform Tablet SANTAG 7, 124",update,4,8,written,,
445815,Q2162137,"Cuneiform Tablet KUB 37, 072",create,10,1,written,,
141459,Q2162138,"Cuneiform Tablet UTI 5, 3441",create,11,1,written,,
447828,Q2162139,Cuneiform Tablet KuSa 1/1.05,create,10,1,written,,
117239,Q1959762,"Cuneiform Tablet MVN 13, 466",update,4,8,written,,
576514,Q2162140,Cuneiform Tablet BM 051440,create,9,1,written,,
520374,Q2162141,Cuneiform Tablet NHMU AR4097,create,6,1,written,,
139691,Q2162142,"Cuneiform Tablet UTI 3, 1672",create,11,1,written,,
318701,Q2162143,Cuneiform Tablet BM 019233,create,11,1,written,,
425214,Q2162144,Cuneiform Tablet Sm 0043,create,9,1,written,,
473474,Q2162145,Cuneiform Artifact CDLI Seals 007219 (physical),create,8,1,written,,
385065,Q2162146,"Cuneiform Tablet OECT 10, 052",create,9,1,written,,
333451,Q2162147,Cuneiform Tablet Sb 02135,create,10,1,written,,
280105,Q2162148,Cuneiform Tablet N 6341,create,8,1,written,,
493620,Q1987045,"Cuneiform Tablet Assur 3/1, 08",update,5,5,written,,
365231,Q2162149,"Cuneiform Tablet CT 11, pl. 28, K 08387",create,10,1,written,,
260351,Q1369049,Cuneiform Tablet KTP 20,update,5,6,written,,
458724,Q2162150,Cuneiform Artifact CDLI Seals 006014 (physical),create,8,1,written,,
236531,Q2162151,"Cuneiform Tablet BIN 09, 521",create,10,1,written,,
354995,Q2162152,"Cuneiform Tablet ARM 26/2, 438",create,11,1,written,,
596740,Q2162153,Cuneiform Tablet BM 083139,create,9,1,written,,
243431,Q2162154,"Cuneiform Tablet ARET 12, 0242",create,10,1,written,,
310331,Q2162155,"Cuneiform Tablet YOS 17, 259",create,11,1,written,,
215251,Q1933382,"Cuneiform Tablet MAD 4, 089",update,4,7,written,,
100905,Q1984625,Cuneiform Tablet Amherst 067,update,4,7,written,,
5865,Q2162156,"Cuneiform Tablet UET 2, 0275",create,11,1,written,,
346551,Q2026523,"Cuneiform Tablet CDLI Literary 000380, ex. 048",update,4,8,written,,
432928,Q2162157,Cuneiform Tablet MM 1171,create,10,1,written,,
450314,Q2020471,"Cuneiform Artifact RINAP 3/1 Sennacherib 004, ex. 066",update,4,8,written,,
406574,Q2162158,Cuneiform Tablet SM 1909.05.465,create,11,1,written,,
555274,Q2162159,Cuneiform Tablet MacGinnis Letter Orders from Sippar 34,create,11,1,written,,
503414,Q2162160,Cuneiform Tablet RS 16.0180,create,9,0,written,,
528744,Q2162161,Cuneiform Artifact CDLI Seals 015791 (physical),create,6,1,written,,
404549,Q2162162,Cuneiform Tablet K 19768,create,10,1,written,,
535875,Q1368364,"Cuneiform Tablet AKT 7a, 058",update,6,5,written,,
430915,Q2162163,"Cuneiform Tablet CT 47, 16",create,10,1,written,,
452329,Q2162164,Cuneiform Artifact P452329,create,10,1,written,,
102938,Q1990966,"Cuneiform Tablet AUCT 1, 092",update,4,7,written,,
557249,Q2162165,Cuneiform Tablet BM 034431,create,8,1,written,,
371622,Q2162166,"Cuneiform Tablet VS 04, 098",create,8,1,written,,
275850,Q2162167,Cuneiform Tablet NATN p. 54 catalogue,create,11,1,written,,
341294,Q2162168,"Cuneiform Tablet ARM 07, 091",create,11,1,written,,
212594,Q2162169,"Cuneiform Artifact BA 60/2, p. 81, q6",create,11,1,written,,
549257,Q2162170,Cuneiform Artifact CDLI Seals 026499 (physical),create,7,1,written,,
136564,Q2052295,"Cuneiform Tablet UET 3, 0247",update,4,8,written,,
370930,Q2162171,"Cuneiform Artifact AOAT 440, 197-198 BM 97939",create,11,1,written,,
391476,Q2162172,"Cuneiform Tablet AJSL 27, 197",create,9,1,written,,
327042,Q2162173,"Cuneiform Tablet CUSAS 30, 043",create,8,1,written,,
222122,Q2060083,Cuneiform Tablet FTP 047,update,4,8,written,,
582353,Q2162174,Cuneiform Tablet BM 062202,create,10,1,written,,
562107,Q2162175,Cuneiform Tablet BM 032717,create,10,1,written,,
274742,Q2162176,"Cuneiform Artifact BRM 3, 021d",create,8,1,written,,
431607,Q2162177,"Cuneiform Artifact RIME 4.02.07.01, ex. 02",create,10,1,written,,
294516,Q2162178,"Cuneiform Tablet GCCI 2, 400",create,10,1,written,,
529856,Q2162179,"Cuneiform Tablet PIHANS 117, 054",create,11,1,written,,
269873,Q2162180,"Cuneiform Artifact RIME 4.02.13.09, ex. 24",create,11,1,written,,
273087,Q2162181,"Cuneiform Tablet ARM 03, 040",create,11,1,written,,
209272,Q2162182,"Cuneiform Tablet Nisaba 09, 041",create,11,1,written,,
101617,Q1986772,"Cuneiform Tablet AnOr 07, 322",update,4,8,written,,
388207,Q1937093,"Cuneiform Tablet MSL 10, 004 S12",update,4,7,written,,
343303,Q2026283,"Cuneiform Tablet CDLI Literary 000379, ex. 033",update,4,8,written,,
4777,Q2162183,"Cuneiform Tablet BagM 22, 087, W 24007,6",create,10,1,written,,
428076,Q2162184,Cuneiform Artifact RIMI nn,create,10,1,written,,
585496,Q2162185,Cuneiform Tablet BM 065908,create,9,1,written,,
315563,Q2004275,"Cuneiform Tablet PPAC 5, 0033",update,4,8,written,,
210403,Q2162186,"Cuneiform Tablet BPOA 06, 0626",create,11,1,written,,
246263,Q2162187,Cuneiform Tablet P246263,create,10,1,written,,
506246,Q2162188,Cuneiform Tablet RBC 02868,create,6,1,written,,
550426,Q2162189,Cuneiform Tablet BM 104294,create,9,1,written,,
432882,Q2162190,"Cuneiform Tablet AuOr 15, 099-137 18",create,11,1,written,,
368053,Q2162191,"Cuneiform Tablet CT 57, 0914",create,11,1,written,,
403326,Q2162192,Cuneiform Tablet K 18062,create,10,1,written,,
566847,Q2162193,Cuneiform Tablet BM 040796,create,9,1,written,,
452283,Q2162194,Cuneiform Tablet OIM A00911,create,9,1,written,,
499387,Q2162195,Cuneiform Artifact CDLI Seals 005280 (composite),create,10,0,written,,
455546,Q2162196,Cuneiform Artifact CDLI Seals 002836 (composite),create,10,0,written,,
133336,Q2162197,"Cuneiform Tablet TCTI 2, 04169",create,11,1,written,,
118066,Q1963694,"Cuneiform Tablet MVN 14, 0386",update,4,8,written,,
226862,Q2162198,"Cuneiform Artifact RIME 3/2.01.03.01, ex. 35",create,11,1,written,,
222088,Q2060018,Cuneiform Tablet FTP 014,update,4,6,written,,
323902,Q2162199,Cuneiform Tablet CUNES 49-13-083,create,10,1,written,,
501583,Q2162200,"Cuneiform Tablet TCTI 3, 05500",create,11,1,written,,
102892,Q1990873,"Cuneiform Tablet AUCT 1, 046",update,4,7,written,,
371788,Q2162201,"Cuneiform Tablet VS 05, 054",create,8,1,written,,
578859,Q2162202,Cuneiform Tablet BM 054302,create,9,1,written,,
449565,Q2162203,Cuneiform Tablet CUNES 49-06-012,create,8,1,written,,
322610,Q2043082,"Cuneiform Tablet CUSAS 03, 0418",update,4,7,written,,
106078,Q1999688,"Cuneiform Tablet BIN 03, 272",update,4,8,written,,
374070,Q2162204,"Cuneiform Tablet OIP 043, 169 TA 1930 T396",create,11,1,written,,
587501,Q2162205,Cuneiform Tablet BM 068328,create,9,1,written,,
3118,Q2162206,"Cuneiform Tablet ATU 7, pl. 014, W 19408,76+",create,8,1,written,,
103780,Q1992665,"Cuneiform Tablet AUCT 1, 935",update,4,7,written,,
227770,Q2003165,"Cuneiform Tablet PBS 11/1, 003",update,4,8,written,,
434055,Q2162207,Cuneiform Tablet HT 053,create,10,1,written,,
291344,Q1974008,Cuneiform Tablet NBC 01791,update,4,8,written,,
309540,Q2162208,Cuneiform Tablet YBC 08707,create,10,1,written,,
462635,Q2162209,Cuneiform Tablet CST 430,create,10,1,written,,
436068,Q2162210,"Cuneiform Tablet KBo 18, 081",create,10,1,written,,
271110,Q2162211,Cuneiform Tablet EA 133,create,9,1,written,,
567755,Q2162212,Cuneiform Tablet BM 040383,create,9,1,written,,
531135,Q1995971,"Cuneiform Tablet BATSH 18, 20",update,5,7,written,,
460608,Q2162213,Cuneiform Tablet FLP 2217,create,9,1,written,,
293379,Q1370192,"Cuneiform Tablet BIN 04, 035",update,6,6,written,,
396219,Q2162214,Cuneiform Tablet K 05867,create,10,1,written,,
296481,Q2162215,"Cuneiform Tablet BRM 1, 004",create,9,1,written,,
560090,Q2162216,Cuneiform Tablet BM 015423,create,10,1,written,,
533108,Q2162217,Cuneiform Tablet Fort. 1677-103,create,9,0,written,,
433790,Q2162218,Cuneiform Tablet FHL 119,create,10,1,written,,
546008,Q2162219,Cuneiform Artifact CDLI Seals 023679 (physical),create,8,1,written,,
104045,Q1993192,"Cuneiform Tablet AUCT 2, 227",update,4,7,written,,
443168,Q2162220,"Cuneiform Tablet KBo 54, 056",create,10,1,written,,
1125,Q2162221,"Cuneiform Tablet ATU 5, pl. 045, W 9169,ax",create,10,1,written,,
510668,Q1892978,"Cuneiform Tablet AbB 12, 145",update,3,8,written,,
138829,Q2057595,"Cuneiform Tablet UET 9, 0699",update,4,8,written,,
468238,Q2162222,Cuneiform Tablet Meteors and Meteorites in the Ancient Near East p. 125,create,7,0,written,,
565768,Q2162223,"Cuneiform Artifact AJA 94 (1990) p. 568-579, L85-124",create,10,0,written,,
415708,Q2162224,"Cuneiform Tablet UET 5, 0838",create,10,1,written,,
446690,Q2162225,"Cuneiform Tablet KUB 48, 057",create,10,1,written,,
492898,Q2162226,Cuneiform Tablet P492898,create,9,1,written,,
228485,Q1971262,Cuneiform Tablet N 5539,update,4,7,written,,
127725,Q2011570,"Cuneiform Tablet RA 019, 044 MIO 8738",update,4,8,written,,
515190,Q2051949,"Cuneiform Tablet CUSAS 40, 0406",update,4,7,written,,
257188,Q2162227,Cuneiform Tablet UM 29-16-773,create,11,1,written,,
381925,Q2162228,"Cuneiform Tablet Nisaba 12/2, 20",create,10,1,written,,
304688,Q2162229,Cuneiform Tablet YBC 03197,create,11,1,written,,
383918,Q2162230,"Cuneiform Tablet OIP 092, 1232",create,10,1,written,,
9515,Q2162231,"Cuneiform Tablet Fouilles de Sialk I, pl. 93, Sialk 1625",create,9,1,written,,
408839,Q2162232,"Cuneiform Tablet HSS 14, 573",create,10,1,written,,
125718,Q2162233,"Cuneiform Tablet PDT 1, 0302",create,11,1,written,,
441155,Q2162234,"Cuneiform Tablet KBo 45, 129  + (?) KBo 49, 122",create,10,1,written,,
279520,Q2162235,Cuneiform Tablet N 4840,create,9,1,written,,
512655,Q894796,"Cuneiform Tablet TMH 10, 126",update,5,7,written,,
544035,Q2162236,Cuneiform Tablet LB 2598/2 (unpublished),create,9,1,written,,
417735,Q1997033,"Cuneiform Tablet BATSH 9, 024",update,5,7,written,,
357710,Q1371075,"Cuneiform Tablet TCL 20, 144",update,5,7,written,,
539505,Q2162237,Cuneiform Artifact CDLI Seals 018625 (physical),create,6,1,written,,
252670,Q2162238,"Cuneiform Tablet CUSAS 36, 075",create,9,1,written,,
253962,Q2162239,Cuneiform Tablet MS 4931,create,7,1,written,,
110456,Q2162240,"Cuneiform Tablet HUCA 29, 100 22",create,10,1,written,,
298866,Q2162241,Cuneiform Tablet NBC 07274,create,10,2,written,,
416827,Q2162242,Cuneiform Tablet CUA 010,create,8,1,written,,
301170,Q2162243,Cuneiform Tablet NBC 10137,create,10,1,written,,
356802,Q2025690,"Cuneiform Tablet CDLI Literary 000368, ex. 032",update,4,8,written,,
249196,Q1971328,"Cuneiform Tablet AAICAB 1/3, pl. 244, Bod S 291",update,4,8,written,,
285757,Q2162244,"Cuneiform Artifact CT 45, 071",create,11,1,written,,
574483,Q2162245,Cuneiform Tablet BM 055117,create,7,1,written,,
420446,Q2162246,Cuneiform Tablet SMUI 1913.14.0066,create,8,1,written,,
282092,Q1928402,Cuneiform Tablet KAJ 078,update,4,6,written,,
513947,Q2162247,"Cuneiform Tablet Shemshara 1, 060",create,11,1,written,,
476226,Q2162248,Cuneiform Artifact CDLI Seals 009485 (physical),create,8,1,written,,
573346,Q2162249,Cuneiform Tablet NBDSPC no. 10,create,11,1,written,,
380637,Q2007593,"Cuneiform Tablet PPAC 5, 1747",update,4,8,written,,
496072,Q2162250,"Cuneiform Tablet MDP 09, 071",create,11,1,written,,
126837,Q2008176,"Cuneiform Tablet Princeton 1, 148",update,4,8,written,,
593112,Q2162251,Cuneiform Tablet BM 076120,create,9,1,written,,
233363,Q2162252,"Cuneiform Artifact RIME 3/1.01.07.037, ex. 0612",create,11,1,written,,
525526,Q2162253,"Cuneiform Tablet Haradum 2, 103",create,11,1,written,,
265503,Q2162254,Cuneiform Artifact CBS 10268,create,8,1,written,,
447982,Q2162255,"Cuneiform Artifact RIME 4.03.07.x1002, ex. 01",create,11,1,written,,
336203,Q2065943,"Cuneiform Tablet Iraq 32, 151 17",update,4,8,written,,
360463,Q1360600,"Cuneiform Tablet AKT 1, 04",update,5,6,written,,
387408,Q2162256,"Cuneiform Tablet TCL 18, 112",create,10,1,written,,
558016,Q2162257,Cuneiform Tablet BM 042742,create,8,1,written,,
522719,Q1929143,"Cuneiform Tablet KAM 11, 060",update,5,5,written,,
509449,Q2162258,"Cuneiform Tablet MHET 1/1, 073",create,11,1,written,,
471019,Q2162259,Cuneiform Tablet PTS 2927,create,10,1,written,,
117393,Q2162260,"Cuneiform Tablet MVN 13, 620",create,9,1,written,,
574179,Q2162261,"Cuneiform Tablet OBO 260, no. 404",create,11,1,written,,
282568,Q2162262,Cuneiform Tablet Stelen 129,create,7,1,written,,
422181,Q2162263,Cuneiform Tablet BM 099213,create,7,1,written,,
427679,Q1972051,Cuneiform Tablet NABU 2018/041 2,update,4,7,written,,
378950,Q2006326,"Cuneiform Tablet PPAC 5, 1111",update,4,8,written,,
438975,Q2162264,"Cuneiform Tablet KBo 35, 198 + (?) KBo 35, 212 + (?) KBo 15, 043 + (?) KBo 44, 098 + (?) KBo 23, 047",create,10,1,written,,
571681,Q2162265,Cuneiform Tablet BM 048716,create,8,1,written,,
603011,Q2162266,"Cuneiform Tablet Schaudig, Babil 5, no. 64 (N13: 7)",create,9,1,written,,
143034,Q1968321,"Cuneiform Tablet MVN 20, 101",update,4,8,written,,
496588,Q2162267,"Cuneiform Tablet BPO 3, 275, BM 040111",create,10,1,written,,
115654,Q1954011,"Cuneiform Tablet MVN 09, 011",update,4,8,written,,
10734,Q2049332,Cuneiform Tablet TSŠ 0078,update,4,8,written,,
360199,Q1369942,"Cuneiform Tablet KTS 2, 57",update,5,6,written,,
141009,Q2162268,"Cuneiform Tablet UTI 4, 2990",create,11,1,written,,
596310,Q2162269,Cuneiform Artifact BM 081952,create,10,1,written,,
233699,Q2162270,"Cuneiform Artifact RIME 3/1.01.07.037, ex. 0948",create,11,1,written,,
493270,Q2007822,Cuneiform Tablet PRAK C 097,update,3,5,written,,
365661,Q2162271,"Cuneiform Tablet CT 22, pl. 34, 184",create,11,1,written,,
112191,Q1926948,"Cuneiform Tablet JCS 38, 031 06",update,4,8,written,,
333001,Q2059126,"Cuneiform Tablet Fs Leichty 296, 35",update,3,7,written,,
236161,Q2002077,"Cuneiform Tablet BIN 09, 151",update,4,7,written,,
520724,Q2162272,Cuneiform Tablet KTU3 4.592,create,10,1,written,,
385435,Q2162273,"Cuneiform Tablet OECT 12, pl. 08, A 095",create,10,1,written,,
576144,Q2162274,Cuneiform Tablet BM 051023,create,9,1,written,,
260701,Q2162275,Cuneiform Tablet CBS 04384,create,7,1,written,,
425644,Q2162276,Cuneiform Tablet Sm 0879,create,9,1,written,,
458374,Q2162277,Cuneiform Artifact CDLI Seals 005664 (composite),create,10,0,written,,
108965,Q2055268,Cuneiform Tablet DAS 223,update,4,8,written,,
510392,Q2162278,Cuneiform Tablet BDHP 11,create,10,1,written,,
473024,Q2162279,Cuneiform Artifact CDLI Seals 006769 (physical),create,9,1,written,,
424956,Q2162280,"Cuneiform Tablet Rm 2, 133",create,9,1,written,,
109677,Q2062460,Cuneiform Tablet Hirose 206,update,4,7,written,,
443492,Q2162281,"Cuneiform Tablet KBo 57, 083",create,10,1,written,,
280555,Q2162282,Cuneiform Tablet N 6805,create,8,1,written,,
261813,Q2162283,Cuneiform Tablet CBS 05620,create,7,1,written,,
364973,Q2162284,Cuneiform Tablet LBAT 0863,create,10,1,written,,
122527,Q1993233,"Cuneiform Tablet NRVN 1, 309",update,4,8,written,,
257472,Q2162285,Cuneiform Tablet UM 73-08-003,create,10,1,written,,
439667,Q2162286,"Cuneiform Tablet KBo 39, 140",create,10,1,written,,
304372,Q2162287,"Cuneiform Tablet YOS 21, 023",create,10,1,written,,
114946,Q1950793,"Cuneiform Tablet MVN 07, 009",update,4,8,written,,
201212,Q2009400,"Cuneiform Tablet Princeton 2, 214",update,4,8,written,,
352512,Q2162288,"Cuneiform Tablet ARM 22, 066",create,11,1,written,,
399416,Q2162289,Cuneiform Tablet K 11720,create,10,1,written,,
570993,Q2162290,Cuneiform Tablet BM 047421,create,8,1,written,,
20382,Q2063779,"Cuneiform Tablet VS 27, 066",update,4,8,written,,
412537,Q2162291,Cuneiform Tablet SVJAD 055,create,9,1,written,,
517457,Q1990857,"Cuneiform Tablet Nisaba 33, 279",update,4,7,written,,
444357,Q2162292,"Cuneiform Tablet KUB 16, 006",create,10,1,written,,
294146,Q2162293,"Cuneiform Tablet GCCI 1, 280",create,10,1,written,,
541237,Q2162294,Cuneiform Artifact CDLI Seals 020446 (physical),create,9,1,written,,
391026,Q2162295,"Cuneiform Tablet BPOA 07, 2565",create,11,1,written,,
562557,Q2162296,Cuneiform Tablet BM 034288,create,9,1,written,,
505893,Q2162297,Cuneiform Tablet YBC 09559,create,8,1,written,,
549607,Q2162298,"Cuneiform Tablet RA 111, 92-94",create,9,1,written,,
209622,Q1999687,"Cuneiform Tablet Ontario 2, 294",update,4,8,written,,
431257,Q2162299,"Cuneiform Tablet MCS 3, 23 no. 1",create,8,1,written,,
371272,Q2162300,"Cuneiform Tablet VS 01, 094",create,11,1,written,,
106582,Q2000667,"Cuneiform Tablet BIN 05, 148",update,4,8,written,,
582703,Q2162301,Cuneiform Tablet BM 062603,create,10,1,written,,
222572,Q2162302,"Cuneiform Artifact RIME 1.09.05.03, ex. 23",create,10,1,written,,
274312,Q2162303,"Cuneiform Tablet TCTI 3, 06649",create,11,1,written,,
311873,Q2162304,Cuneiform Tablet YBC 11898,create,11,1,written,,
4327,Q2162305,Cuneiform Tablet IM 134844,create,10,1,written,,
214913,Q2162306,"Cuneiform Tablet JCS 35, 211, 1",create,8,1,written,,
293683,Q1974568,Cuneiform Tablet NBC 04392,update,4,8,written,,
451856,Q2162307,"Cuneiform Tablet AAT pl. 48 (1879-07-08, 144)",create,9,1,written,,
101247,Q1986057,"Cuneiform Tablet AnOr 01, 256",update,4,8,written,,
436592,Q2162308,"Cuneiform Tablet KBo 22, 117",create,10,1,written,,
258787,Q2162309,"Cuneiform Tablet PBS 07, 122",create,10,1,written,,
554936,Q2162310,Cuneiform Tablet MacGinnis Letter Orders from Sippar 178,create,11,1,written,,
315099,Q2162311,"Cuneiform Tablet CT 55, 706",create,11,1,written,,
406124,Q2162312,Cuneiform Tablet SM 1899.02.445,create,11,1,written,,
246799,Q2162313,Cuneiform Tablet P246799,create,10,1,written,,
565292,Q2162314,"Cuneiform Tablet ADART 3, no. -161 B",create,10,1,written,,
268331,Q2162315,Cuneiform Tablet CBS 13249,create,11,1,written,,
259895,Q2162316,Cuneiform Tablet CBS 03520,create,9,1,written,,
134109,Q2046521,"Cuneiform Tablet TJA pl.53, IOS 15",update,4,7,written,,
555624,Q2162317,Cuneiform Tablet BM 017656,create,11,1,written,,
503044,Q2162318,"Cuneiform Tablet SANTAG 09, 079",create,11,1,written,,
215601,Q1935069,"Cuneiform Tablet MDP 14, 062-126 38",update,4,7,written,,
243061,Q2162319,"Cuneiform Tablet ARET 03, 866",create,10,1,written,,
292991,Q1894010,"Cuneiform Tablet BIN 07, 029",update,4,8,written,,
452779,Q2162320,Cuneiform Tablet P452779,create,10,1,written,,
479429,Q2162321,"Cuneiform Tablet FM 02, 004",create,11,1,written,,
310761,Q2162322,Cuneiform Tablet YBC 10471,create,10,1,written,,
346101,Q2024128,"Cuneiform Tablet CDLI Literary 000339, ex. 022",update,4,8,written,,
404119,Q2162323,Cuneiform Tablet K 19217,create,10,1,written,,
528314,Q2026674,"Cuneiform Tablet SAAB 09, 091",update,4,8,written,,
557619,Q2162324,Cuneiform Tablet BM 038705,create,8,1,written,,
583811,Q2162325,Cuneiform Tablet BM 063719,create,9,1,written,,
548915,Q2162326,Cuneiform Artifact CDLI Seals 026300 (physical),create,8,0,written,,
439372,Q2162327,"Cuneiform Tablet KBo 38, 109",create,10,1,written,,
239294,Q2162328,"Cuneiform Tablet CT 54, 278",create,11,1,written,,
257167,Q2030471,"Cuneiform Tablet CDLI Literary 000767, ex. 031",update,4,8,written,,
399103,Q2162329,Cuneiform Tablet K 11104,create,10,1,written,,
352007,Q2162330,"Cuneiform Tablet ARM 21, 005",create,11,1,written,,
457081,Q2162331,Cuneiform Artifact CDLI Seals 004371 (composite),create,10,0,written,,
304667,Q2162332,Cuneiform Artifact YBC 03176,create,10,1,written,,
412022,Q2059520,"Cuneiform Tablet Fs Sasson 264, 05",update,4,7,written,,
444642,Q2162333,"Cuneiform Tablet KUB 22, 002",create,10,1,written,,
504781,Q2162334,Cuneiform Tablet NBC 03809,create,7,1,written,,
541722,Q2162335,Cuneiform Artifact CDLI Seals 020884 (physical),create,8,1,written,,
517142,Q2041166,"Cuneiform Tablet CTN 6, 075",update,4,6,written,,
443187,Q2162336,"Cuneiform Tablet KBo 54, 077",create,10,1,written,,
379357,Q2162337,Cuneiform Tablet BM 088259,create,10,1,written,,
492877,Q2162338,Cuneiform Tablet P492877,create,8,1,written,,
459973,Q2162339,"Cuneiform Tablet JCS 28, 53, no. 50",create,10,1,written,,
319956,Q2162340,Cuneiform Tablet BM 022319,create,11,1,written,,
510687,Q1893012,"Cuneiform Tablet AbB 12, 164",update,3,8,written,,
597917,Q2162341,Cuneiform Tablet BM 084118,create,9,1,written,,
589909,Q2162342,Cuneiform Tablet BM 070940,create,9,1,written,,
601539,Q2162343,Cuneiform Tablet BM 101650,create,10,1,written,,
307948,Q2162344,"Cuneiform Tablet YOS 07, 164",create,11,1,written,,
122032,Q1980629,"Cuneiform Tablet Nik 2, 349",update,5,7,written,,
202828,Q2004462,Cuneiform Tablet BM 021922,update,4,8,written,,
333514,Q2162345,Cuneiform Tablet ILAJ II 19,create,9,1,written,,
385120,Q2162346,"Cuneiform Tablet OECT 10, 107",create,9,1,written,,
493765,Q2162347,Cuneiform Tablet P493765,create,7,1,written,,
596605,Q2162348,Cuneiform Tablet BM 082926,create,10,1,written,,
260214,Q2162349,Cuneiform Tablet CBS 03850,create,9,1,written,,
112484,Q1930999,Cuneiform Tablet L'uomo 65,update,4,7,written,,
458661,Q2162350,Cuneiform Artifact CDLI Seals 005951 (composite),create,10,0,written,,
576451,Q2162351,Cuneiform Tablet BM 051372,create,9,1,written,,
236474,Q2162352,"Cuneiform Tablet BIN 09, 464",create,10,1,written,,
425351,Q2162353,Cuneiform Tablet ACh Suppl. Ishtar 46,create,11,1,written,,
473531,Q2162354,Cuneiform Artifact CDLI Seals 007276 (physical),create,9,1,written,,
318644,Q2162355,Cuneiform Tablet BM 019167,create,11,1,written,,
331529,Q2162356,"Cuneiform Tablet Nisaba 05/1, 502 U 30490 ?",create,11,1,written,,
594638,Q2162357,Cuneiform Tablet BM 078964,create,10,1,written,,
367349,Q2162358,"Cuneiform Tablet CT 57, 0207",create,11,1,written,,
520231,Q2162359,Cuneiform Tablet NMI BK 01128,create,10,1,written,,
511995,Q2162360,"Cuneiform Tablet CLARA 03, 002-003 01",create,10,1,written,,
234449,Q2162361,"Cuneiform Artifact RIME 3/1.01.07.063, ex. add105",create,11,1,written,,
491758,Q2162362,"Cuneiform Tablet BA 05, 522 64",create,11,1,written,,
571394,Q2162363,Cuneiform Tablet BM 048246,create,7,1,written,,
298889,Q2162364,Cuneiform Tablet NBC 07297,create,10,2,written,,
262229,Q2003037,"Cuneiform Tablet PBS 08/2, 134",update,4,7,written,,
422494,Q2162365,"Cuneiform Artifact RINAP 2, Sargon II 043 ex. 005",create,11,1,written,,
249179,Q1971294,"Cuneiform Tablet AAICAB 1/3, pl. 241, Bod S 274",update,4,8,written,,
540830,Q2162366,Cuneiform Artifact CDLI Seals 019954 (physical),create,9,1,written,,
200815,Q2010208,"Cuneiform Tablet BPOA 07, 1591",update,4,8,written,,
305975,Q2162367,"Cuneiform Tablet YOS 05, 086",create,11,1,written,,
445950,Q2162368,"Cuneiform Tablet KUB 38, 003",create,10,1,written,,
499368,Q2041522,"Cuneiform Tablet CTPSM 1, 130",update,5,7,written,,
143521,Q2031154,"Cuneiform Tablet SAT 2, 0321",update,4,8,written,,
339119,Q2162369,"Cuneiform Tablet BPOA 01, 0461",create,11,1,written,,
241549,Q2162370,Cuneiform Tablet P241549,create,10,1,written,,
10221,Q2162371,"Cuneiform Tablet OIP 099, 243",create,11,1,written,,
312249,Q2162372,Cuneiform Tablet YBC 12293,create,10,2,written,,
118089,Q1963822,"Cuneiform Tablet MVN 14, 0409",update,4,8,written,,
115341,Q1952649,"Cuneiform Tablet MVN 07, 527",update,4,8,written,,
344429,Q2162373,Cuneiform Tablet PRAK A 137,create,8,1,written,,
457594,Q2162374,Cuneiform Artifact CDLI Seals 004884 (composite),create,10,0,written,,
430850,Q2162375,"Cuneiform Tablet Iraq 62, 040 JRL 1036",create,9,1,written,,
535930,Q1367165,"Cuneiform Tablet AKT 7a, 112",update,6,5,written,,
504294,Q2162376,"Cuneiform Tablet Isin 4, 121, IB 1739",create,10,1,written,,
239781,Q2162377,Cuneiform Tablet K 19138,create,11,1,written,,
136421,Q2052018,"Cuneiform Tablet UET 3, 0104",update,4,8,written,,
428099,Q2162378,Cuneiform Artifact RIMI nn,create,10,1,written,,
555331,Q2162379,Cuneiform Tablet MacGinnis Letter Orders from Sippar 119,create,11,1,written,,
406431,Q2162380,Cuneiform Tablet SM 1909.05.299,create,11,1,written,,
277928,Q2162381,Cuneiform Tablet N 2859,create,8,1,written,,
370875,Q2039459,"Cuneiform Tablet CTN 1, pl. 46-48, ND 10009",update,4,8,written,,
564895,Q2162382,Cuneiform Tablet BM 043953,create,8,1,written,,
372848,Q2162383,"Cuneiform Tablet VS 13, 096",create,10,1,written,,
503551,Q2162384,Cuneiform Tablet RS 17.0086 + RS 17.0241,create,9,0,written,,
310274,Q2162385,"Cuneiform Tablet YOS 17, 139",create,11,1,written,,
528601,Q2162386,Cuneiform Artifact CDLI Seals 016680 (physical),create,7,1,written,,
243574,Q2162387,"Cuneiform Tablet ARET 12, 0358",create,10,1,written,,
4632,Q2162388,Cuneiform Tablet IM 135027,create,10,1,written,,
346414,Q2032204,"Cuneiform Tablet CDLI Literary 000823, ex. 001",update,4,8,written,,
529913,Q2162389,"Cuneiform Tablet PIHANS 117, 111",create,11,1,written,,
215314,Q1933513,"Cuneiform Tablet MAD 4, 154",update,3,7,written,,
293396,Q2162390,"Cuneiform Tablet YOS 10, 46",create,9,1,written,,
436087,Q2162391,"Cuneiform Tablet KBo 18, 100",create,10,1,written,,
100840,Q1984383,Cuneiform Tablet Amherst 002,update,4,7,written,,
391533,Q2162392,"Cuneiform Artifact RIME 3/1.01.07.016, ex. add44",create,9,1,written,,
269936,Q2162393,"Cuneiform Artifact RIME 4.02.12.01, ex. 12",create,11,1,written,,
238893,Q2162394,Cuneiform Tablet AAT pl. 47 (K 10196),create,11,1,written,,
209337,Q1984034,"Cuneiform Tablet Nisaba 08, 071",update,3,8,written,,
431742,Q2162395,"Cuneiform Artifact RIME 4.02.13.16, ex. 78",create,10,1,written,,
565787,Q2162396,Cuneiform Tablet BM 032357,create,8,1,written,,
294453,Q2162397,"Cuneiform Tablet GCCI 2, 105",create,10,1,written,,
549312,Q2162398,Cuneiform Artifact CDLI Seals 026554 (physical),create,6,1,written,,
371767,Q2162399,"Cuneiform Tablet VS 05, 033",create,8,1,written,,
274607,Q2162400,"Cuneiform Artifact RIME 4.04.01.04, ex. 054",create,10,1,written,,
222067,Q1980287,"Cuneiform Tablet Nik 1, 298",update,4,8,written,,
480149,Q2162401,"Cuneiform Artifact RIME 3/1.01.07.041, ex. add402",create,9,1,written,,
582216,Q2162402,Cuneiform Tablet BM 062039,create,9,1,written,,
562042,Q2162403,"Cuneiform Tablet MSL 10, 065",create,7,1,written,,
106097,Q1999726,"Cuneiform Tablet BIN 03, 291",update,4,8,written,,
225258,Q2040237,"Cuneiform Tablet CTN 3, ND 10043/2",update,4,7,written,,
376558,Q2162404,Cuneiform Tablet BM 110662,create,10,1,written,,
585029,Q2162405,Cuneiform Tablet BM 065339 + BM 068761,create,10,1,written,,
273438,Q1985001,Cuneiform Tablet P273438,update,4,7,written,,
320338,Q2162406,Cuneiform Tablet BM 023327,create,11,1,written,,
258768,Q2162407,Cuneiform Tablet CBS 01435,create,10,1,written,,
402921,Q2162408,Cuneiform Tablet K 17593,create,10,1,written,,
560585,Q2162409,Cuneiform Tablet BM 017267,create,9,1,written,,
507841,Q2162410,Cuneiform Tablet P507841,create,9,1,written,,
389800,Q2162411,"Cuneiform Tablet TLB 01, 100",create,9,1,written,,
247864,Q2033369,"Cuneiform Tablet CM 22, pl. 36-37",update,4,6,written,,
296194,Q2162412,"Cuneiform Tablet YOS 13, 339",create,9,1,written,,
227265,Q2162413,"Cuneiform Tablet Subartu 02, 086",create,10,1,written,,
245859,Q2162414,Cuneiform Tablet P245859,create,10,1,written,,
340939,Q2162415,"Cuneiform Tablet BPOA 02, 2285",create,11,1,written,,
104550,Q1994169,"Cuneiform Tablet AUCT 3, 338",update,4,7,written,,
1430,Q2162416,Cuneiform Tablet P001430,create,10,1,written,,
449070,Q2059956,Cuneiform Tablet Unpublished texts in IM 02,update,4,8,written,,
342904,Q2062501,"Cuneiform Tablet VS 02, 096",update,4,7,written,,
132931,Q2162417,"Cuneiform Tablet TCTI 2, 03726",create,11,1,written,,
271405,Q2162418,"Cuneiform Tablet Emar 6/1, p. 056, Msk 73110",create,9,1,written,,
587014,Q2162419,Cuneiform Tablet BM 067735,create,10,1,written,,
322305,Q2041827,Cuneiform Tablet CUNES 47-12-087,update,4,7,written,,
374565,Q2162420,Cuneiform Tablet BM 093741,create,11,1,written,,
103295,Q1991682,"Cuneiform Tablet AUCT 1, 450",update,4,7,written,,
394731,Q2162421,"Cuneiform Tablet CT 41, pl. 04, K 02926",create,11,1,written,,
453884,Q1985656,"Cuneiform Tablet Nisaba 15, 0499",update,4,7,written,,
462320,Q2162422,Cuneiform Tablet CST 115,create,10,1,written,,
531420,Q2162423,Cuneiform Tablet Textes Scolaires 183,create,9,1,written,,
434540,Q2162424,"Cuneiform Tablet IBoT 04, 196",create,10,1,written,,
567240,Q2162425,Cuneiform Tablet BM 031028,create,11,1,written,,
291651,Q2010053,"Cuneiform Tablet BPOA 06, 1514",update,4,8,written,,
309055,Q2162426,"Cuneiform Tablet YOS 12, 232",create,10,1,written,,
501096,Q2162427,"Cuneiform Tablet TCTI 3, 04826",create,11,1,written,,
452796,Q2162428,Cuneiform Tablet P452796,create,10,1,written,,
395823,Q2162429,Cuneiform Tablet Shamash Religious Texts pl. 17 K 04986,create,10,1,written,,
118573,Q1966751,"Cuneiform Tablet MVN 15, 308",update,4,7,written,,
498980,Q1362532,"Cuneiform Tablet AKT 6a, 175",update,4,8,written,,
290943,Q2010288,"Cuneiform Tablet BPOA 07, 1622",update,4,8,written,,
343616,Q2024623,"Cuneiform Tablet CDLI Literary 000349, ex. 009",update,4,8,written,,
499692,Q2162430,"Cuneiform Tablet KAL 04, 045",create,11,1,written,,
388712,Q2162431,Cuneiform Tablet LB 0170,create,10,1,written,,
550133,Q2162432,Cuneiform Tablet Bab 36657c,create,11,0,written,,
315076,Q2162433,"Cuneiform Tablet CT 55, 683",create,10,1,written,,
428563,Q2162434,"Cuneiform Artifact RINBE 1, Nebuchadnezzar II nn, ex. nn",create,9,1,written,,
246776,Q2162435,Cuneiform Tablet P246776,create,10,1,written,,
210116,Q2008336,"Cuneiform Tablet BPOA 06, 0045",update,4,8,written,,
368546,Q2162436,"Cuneiform Tablet TCL 32, 069",create,9,1,written,,
476733,Q2162437,Cuneiform Artifact CDLI Seals 009992 (physical),create,8,1,written,,
403633,Q2162438,Cuneiform Tablet K 18416,create,10,1,written,,
285242,Q2162439,"Cuneiform Tablet BAM 2, 146",create,8,1,written,,
420153,Q2162440,Cuneiform Tablet K 21963,create,10,1,written,,
525033,Q2162441,"Cuneiform Artifact UmCT 2, 019",create,11,1,written,,
506753,Q2162442,"Cuneiform Tablet Nisaba 34, 0548",create,10,1,written,,
380322,Q2007317,"Cuneiform Tablet PPAC 5, 1607",update,4,8,written,,
455053,Q2162443,Cuneiform Artifact CDLI Seals 002343 (composite),create,10,0,written,,
496567,Q2162444,"Cuneiform Tablet ADART 5, 099",create,10,1,written,,
265016,Q2162445,"Cuneiform Artifact RIME 1.14.20.01, ex. 65",create,11,1,written,,
573653,Q2162446,Cuneiform Tablet BM 083772,create,9,1,written,,
233676,Q2162447,"Cuneiform Artifact RIME 3/1.01.07.037, ex. 0925",create,11,1,written,,
360176,Q1369919,"Cuneiform Tablet KTS 2, 34",update,5,6,written,,
282587,Q2045696,"Cuneiform Tablet TIM 04, 45",update,3,7,written,,
336716,Q2026127,"Cuneiform Tablet SAA 11, 142",update,4,8,written,,
117686,Q1961463,"Cuneiform Tablet MVN 14, 0005",update,4,8,written,,
558503,Q2162448,Cuneiform Tablet BM 046190,create,8,1,written,,
574196,Q2162449,"Cuneiform Tablet OBO 260, no. 363",create,10,1,written,,
110143,Q2063261,Cuneiform Tablet HLC 269 (pl. 125),update,4,8,written,,
427696,Q2162450,Cuneiform Artifact RIMB 1.nn,create,10,1,written,,
439688,Q2162451,"Cuneiform Tablet KBo 39, 167",create,10,1,written,,
335839,Q1981310,Cuneiform Tablet ADD 1018,update,4,8,written,,
249483,Q2162452,"Cuneiform Tablet AUCT 5, 084",create,8,1,written,,
230959,Q1982300,"Cuneiform Tablet AfO 29/30, 035, N 5951",update,4,6,written,,
357205,Q2162453,"Cuneiform Tablet CDLI Literary 000351, ex. 146",create,10,1,written,,
544520,Q2162454,Cuneiform Artifact CDLI Seals 022209 (physical),create,8,1,written,,
417220,Q2162455,Cuneiform Tablet ROM 910x209.462,create,9,1,written,,
441440,Q2162456,"Cuneiform Tablet KBo 46, 131",create,10,1,written,,
512340,Q2162457,Cuneiform Tablet BAP 037,create,11,1,written,,
539010,Q2162458,Cuneiform Artifact CDLI Seals 018188 (physical),create,8,1,written,,
252365,Q2029547,"Cuneiform Tablet CDLI Literary 000750, ex. 051",update,3,7,written,,
204505,Q2005428,"Cuneiform Tablet PPAC 5, 0648",update,4,8,written,,
299261,Q2162459,Cuneiform Tablet NBC 07708,create,10,2,written,,
303458,Q2162460,"Cuneiform Tablet BPOA 07, 2688",create,11,1,written,,
301465,Q1975487,Cuneiform Tablet NBC 10537,update,4,8,written,,
109698,Q2062502,Cuneiform Tablet Hirose 227,update,4,7,written,,
328708,Q2162461,Cuneiform Tablet CUNES 52-19-141,create,9,1,written,,
250358,Q2051818,"Cuneiform Tablet UET 2, supp 47",update,4,8,written,,
206538,Q2162462,"Cuneiform Tablet BPOA 01, 0164",create,11,1,written,,
355238,Q2162463,"Cuneiform Tablet ARM 27, 136",create,11,1,written,,
572941,Q2162464,Cuneiform Tablet BM 049978,create,8,1,written,,
337804,Q2162465,Cuneiform Tablet OIM A05048,create,11,1,written,,
127230,Q2008936,"Cuneiform Tablet Princeton 1, 541",update,4,8,written,,
232964,Q2162466,"Cuneiform Artifact RIME 3/1.01.07.037, ex. 0213",create,11,1,written,,
116994,Q1958682,"Cuneiform Tablet MVN 13, 222",update,4,8,written,,
446385,Q2162467,"Cuneiform Tablet KUB 44, 047",create,10,1,written,,
380288,Q2162468,Cuneiform Tablet BM 095996,create,10,1,written,,
477821,Q2162469,Cuneiform Artifact CDLI Seals 011080 (physical),create,9,1,written,,
601169,Q2162470,Cuneiform Tablet BM 101229,create,10,1,written,,
9000,Q2162471,"Cuneiform Tablet MDP 26, 312",create,10,1,written,,
515485,Q2052514,"Cuneiform Tablet CUSAS 40, 0701",update,4,7,written,,
525199,Q2162472,Cuneiform Tablet Al-Hashimi diss. no. 37,create,11,1,written,,
476699,Q2162473,Cuneiform Artifact CDLI Seals 009958 (physical),create,8,1,written,,
425701,Q2162474,Cuneiform Tablet Sm 1000,create,9,1,written,,
318214,Q2162475,Cuneiform Tablet BM 018626,create,11,1,written,,
576001,Q2162476,Cuneiform Tablet BM 050866,create,9,1,written,,
385570,Q2162477,"Cuneiform Tablet OECT 13, 041",create,11,1,written,,
139384,Q2058706,"Cuneiform Tablet UET 9, 1254",update,4,8,written,,
473161,Q2162478,Cuneiform Artifact CDLI Seals 006906 (physical),create,9,1,written,,
280410,Q2162479,Cuneiform Tablet N 6653,create,8,1,written,,
520661,Q2162480,Cuneiform Tablet KTU3 4.528,create,10,1,written,,
596255,Q2162481,Cuneiform Artifact BM 081883,create,10,1,written,,
333144,Q1994858,"Cuneiform Tablet AUWE 23, 162",update,4,7,written,,
365724,Q2162482,"Cuneiform Tablet CT 22, pl. 46, no. 247",create,10,1,written,,
458231,Q2162483,Cuneiform Artifact CDLI Seals 005521 (composite),create,10,0,written,,
236024,Q2001815,"Cuneiform Tablet BIN 09, 014",update,4,7,written,,
260644,Q2162484,Cuneiform Tablet CBS 04327,create,9,1,written,,
493335,Q2162485,Cuneiform Tablet P493335,create,7,1,written,,
594268,Q2162486,Cuneiform Tablet BM 078081,create,10,1,written,,
469995,Q2006645,Cuneiform Tablet BM 038942,update,3,8,written,,
367719,Q2162487,"Cuneiform Tablet CT 57, 0578",create,11,1,written,,
249529,Q2162488,"Cuneiform Tablet AUCT 5, 038",create,8,1,written,,
331179,Q2162489,"Cuneiform Tablet Nisaba 05/1, 117",create,11,1,written,,
491308,Q2041045,"Cuneiform Artifact CTN 6, 021",update,4,8,written,,
409394,Q2162490,"Cuneiform Tablet HSS 16, 441",create,10,1,written,,
262679,Q1989317,"Cuneiform Tablet ASJ 05, 150",update,4,8,written,,
267181,Q2162491,Cuneiform Tablet CBS 12542,create,11,1,written,,
234019,Q2162492,"Cuneiform Artifact RIME 3/1.01.07.041, ex. 093",create,11,1,written,,
438830,Q2162493,"Cuneiform Tablet KBo 35, 026",create,10,1,written,,
603154,Q2162494,"Cuneiform Tablet WZKM 56, 139",create,9,1,written,,
591590,Q2162495,Cuneiform Tablet BM 073012,create,10,1,written,,
412472,Q2041798,Cuneiform Tablet CULC 426,update,4,6,written,,
334681,Q1974218,Cuneiform Tablet ABL 1021,update,4,8,written,,
379707,Q2006824,"Cuneiform Tablet PPAC 5, 1344",update,4,8,written,,
378815,Q2006217,"Cuneiform Tablet PPAC 5, 1054",update,4,8,written,,
541372,Q2162496,Cuneiform Artifact CDLI Seals 020514 (physical),create,8,1,written,,
444212,Q2162497,"Cuneiform Tablet KUB 10, 093",create,10,1,written,,
143171,Q2027845,Cuneiform Tablet Sadberk Hanim Museum 05,update,5,7,written,,
335993,Q1981616,Cuneiform Tablet ADD 1219,update,4,7,written,,
517512,Q2162498,"Cuneiform Tablet Nisaba 33, 336",create,9,1,written,,
257537,Q2162499,Cuneiform Tablet BCHP 02,create,11,1,written,,
439722,Q2162500,"Cuneiform Tablet KBo 39, 212",create,10,1,written,,
352457,Q2162501,"Cuneiform Tablet ARM 22, 011",create,11,1,written,,
114803,Q1950313,"Cuneiform Tablet MVN 06, 385",update,4,8,written,,
399553,Q2162502,Cuneiform Tablet BL 205,create,10,1,written,,
304237,Q2162503,Cuneiform Tablet NCBT 02200,create,11,1,written,,
201357,Q2009652,"Cuneiform Tablet Princeton 2, 358",update,4,8,written,,
261956,Q2162504,Cuneiform Tablet CBS 05763,create,7,1,written,,
355392,Q2162505,"Cuneiform Tablet ARM 28, 116",create,11,1,written,,
364836,Q2162506,Cuneiform Tablet LBAT 0704,create,10,1,written,,
206492,Q2005546,Cuneiform Tablet BM 025419,update,4,8,written,,
122462,Q2162507,"Cuneiform Tablet NRVN 1, 245",create,11,1,written,,
109732,Q2062571,Cuneiform Tablet Hirose 261,update,4,7,written,,
424813,Q2162508,"Cuneiform Tablet Babyloniaca 03, 278 Rm 0512",create,9,1,written,,
521973,Q2162509,"Cuneiform Tablet CUSAS 28, 096",create,10,1,written,,
451913,Q2162510,Cuneiform Tablet P451913,create,9,1,written,,
273592,Q1371727,"Cuneiform Tablet CTMMA 1, 087a+b",update,5,5,written,,
311936,Q2162511,Cuneiform Tablet YBC 11966,create,10,1,written,,
554873,Q2162512,Cuneiform Tablet MacGinnis Letter Orders from Sippar 102,create,11,1,written,,
4262,Q2162513,"Cuneiform Tablet IM 134721,2",create,10,1,written,,
101302,Q1986159,"Cuneiform Tablet AnOr 07, 007",update,4,8,written,,
549742,Q2162514,Cuneiform Artifact Ashm 1939-0332 (017),create,9,1,written,,
582646,Q2162515,Cuneiform Tablet BM 062533,create,9,1,written,,
371337,Q2162516,"Cuneiform Tablet VS 03, 048",create,8,1,written,,
274257,Q2039194,"Cuneiform Tablet CT 58, 61",update,4,8,written,,
585183,Q2162517,Cuneiform Tablet BM 065523,create,9,1,written,,
340893,Q2162518,"Cuneiform Tablet BPOA 02, 2240",create,11,1,written,,
209767,Q1999918,"Cuneiform Tablet Ontario 2, 413",update,4,8,written,,
431312,Q2162519,"Cuneiform Tablet ZA 104, 146–170",create,9,1,written,,
562412,Q2162520,Cuneiform Tablet BM 033704,create,10,1,written,,
222437,Q2162521,"Cuneiform Artifact RIME 1.09.03.09, ex. 16",create,11,1,written,,
391163,Q2162522,"Cuneiform Artifact RIME 3/1.01.07.037, ex. add1291",create,10,1,written,,
217779,Q1924349,"Cuneiform Tablet ITT 4, 07414",update,4,7,written,,
241119,Q2162523,Cuneiform Tablet P241119,create,10,1,written,,
467572,Q2014768,"Cuneiform Tablet RIMA 2.0.100.001, ex. 03 = RIMA 2.0.100.004, ex. 01",update,4,8,written,,
395989,Q2162524,"Cuneiform Tablet 5R 30, 2",create,10,1,written,,
499738,Q1927656,"Cuneiform Tablet JCSSS 5, 018",update,3,8,written,,
339549,Q2162525,"Cuneiform Tablet BPOA 01, 0893",create,11,1,written,,
344079,Q2162526,Cuneiform Tablet PRAK B 263,create,8,1,written,,
341781,Q2162527,"Cuneiform Tablet ARM 09, 199",create,11,1,written,,
294003,Q2162528,"Cuneiform Tablet GCCI 1, 096",create,10,1,written,,
312619,Q2008476,"Cuneiform Tablet BPOA 06, 0259",update,4,8,written,,
208875,Q1984100,"Cuneiform Tablet Nisaba 09, 025",update,4,8,written,,
548850,Q2162529,Cuneiform Artifact CDLI Seals 026235 (physical),create,8,0,written,,
581969,Q2162530,Cuneiform Tablet BM 061740,create,9,1,written,,
136071,Q2050894,"Cuneiform Tablet UCP 09-02-2, 067",update,4,8,written,,
212081,Q2061730,"Cuneiform Tablet Hermitage 3, 286",update,4,8,written,,
583954,Q2162531,Cuneiform Tablet BM 063889,create,11,1,written,,
215744,Q1945691,"Cuneiform Tablet MVN 03, 093",update,3,7,written,,
550099,Q2162532,"Cuneiform Tablet UAVA 12, 364-367",create,11,1,written,,
310624,Q2162533,Cuneiform Tablet YBC 10334,create,11,1,written,,
243124,Q2162534,"Cuneiform Tablet ARET 03, 928",create,10,1,written,,
528251,Q2026549,"Cuneiform Tablet SAAB 05, 028",update,4,8,written,,
403799,Q2162535,Cuneiform Tablet K 18622,create,10,1,written,,
450601,Q2162536,Cuneiform Tablet P450601,create,9,1,written,,
406061,Q2162537,Cuneiform Tablet SM 1899.02.352,create,11,1,written,,
555761,Q2162538,Cuneiform Artifact CDLI Seals 026885 (composite),create,7,0,written,,
346044,Q2162539,"Cuneiform Tablet CT 18, pl. 25, K 07719",create,11,1,written,,
323847,Q2043995,"Cuneiform Tablet CUSAS 03, 1043",update,4,7,written,,
503101,Q2028327,"Cuneiform Tablet SANTAG 09, 137",update,4,8,written,,
217283,Q2162540,Cuneiform Tablet Tutub 27,create,10,1,written,,
344583,Q2162541,Cuneiform Tablet PRAK A 291,create,8,1,written,,
566902,Q2162542,Cuneiform Tablet BM 040046,create,11,1,written,,
133273,Q2162543,"Cuneiform Tablet TCTI 2, 04084",create,11,1,written,,
226927,Q2162544,"Cuneiform Artifact RIME 3/2.01.01.24, ex. 26",create,11,1,written,,
506303,Q2162545,Cuneiform Tablet RBC 02925,create,6,1,written,,
550563,Q2162546,"Cuneiform Tablet OLA 233, no. 001",create,11,1,written,,
118123,Q1964050,"Cuneiform Tablet MVN 14, 0443",update,4,8,written,,
455403,Q2162547,Cuneiform Artifact CDLI Seals 002693 (composite),create,10,0,written,,
388342,Q2162548,Cuneiform Tablet Education in the Earliest Schools 136,create,8,1,written,,
368116,Q2162549,"Cuneiform Tablet CT 57, 0977",create,11,1,written,,
246326,Q2162550,Cuneiform Tablet P246326,create,10,1,written,,
315426,Q2162551,"Cuneiform Tablet FT 2, AO 13005",create,10,1,written,,
210546,Q2162552,"Cuneiform Tablet BPOA 06, 0774",create,11,1,written,,
428133,Q2162553,"Cuneiform Artifact RINBE 1, Nebuchadnezzar II nn, ex. nn",create,9,1,written,,
225608,Q2162554,"Cuneiform Artifact RIME 4.02.07.01, ex. 47",create,10,1,written,,
480519,Q2021660,"Cuneiform Artifact RINBE 2, Neriglissar 02, ex. 01",update,4,8,written,,
4798,Q2162555,"Cuneiform Tablet BagM 22, 093, W 24011,1",create,10,1,written,,
376108,Q1988228,"Cuneiform Tablet Nisaba 23, 027",update,4,8,written,,
273068,Q2162556,"Cuneiform Tablet ARM 03, 020",create,11,1,written,,
585479,Q2162557,Cuneiform Tablet BM 065889,create,10,1,written,,
325090,Q2049239,"Cuneiform Tablet CUSAS 33, 142",update,4,7,written,,
580381,Q2162558,Cuneiform Tablet BM 059351,create,10,1,written,,
418585,Q2162559,Cuneiform Tablet K 20104,create,10,1,written,,
104100,Q1993302,"Cuneiform Tablet AUCT 2, 282",update,4,7,written,,
1060,Q2162560,"Cuneiform Tablet ATU 5, pl. 039, W 9168,e",create,10,1,written,,
391499,Q2162561,"Cuneiform Tablet OIP 122, 148",create,9,1,written,,
534788,Q1366423,"Cuneiform Tablet AKT 6b, 301",update,6,6,written,,
238939,Q2025924,"Cuneiform Tablet SAA 04, 343",update,4,7,written,,
276790,Q2162562,Cuneiform Tablet N 1668,create,11,1,written,,
291201,Q2011776,"Cuneiform Tablet BPOA 07, 1987",update,4,8,written,,
434110,Q2162563,"Cuneiform Tablet IBoT 01, 14",create,10,1,written,,
128595,Q2025509,Cuneiform Tablet SA 031,update,4,7,written,,
309405,Q2162564,"Cuneiform Tablet YOS 12, 021",create,10,1,written,,
531070,Q2013272,Cuneiform Tablet Rental 017,update,4,8,written,,
462770,Q2162565,Cuneiform Tablet CST 565,create,10,1,written,,
567610,Q2162566,Cuneiform Tablet BM 040146,create,9,1,written,,
587444,Q2162567,Cuneiform Tablet BM 068258,create,9,1,written,,
271055,Q2162568,Cuneiform Tablet EA 097,create,9,1,written,,
394361,Q2162569,"Cuneiform Tablet ABRT 1, 80",create,11,1,written,,
449420,Q2162570,Cuneiform Tablet CUNES 49-04-130,create,9,1,written,,
348959,Q2162571,"Cuneiform Tablet OECT 11, 085",create,9,1,written,,
227635,Q1982164,"Cuneiform Tablet AfO 29/30, 029, CBS 10792",update,4,7,written,,
322755,Q2042499,"Cuneiform Tablet CUSAS 03, 0108",update,4,7,written,,
357655,Q1371019,"Cuneiform Tablet TCL 20, 089",update,5,7,written,,
539440,Q2162572,Cuneiform Artifact CDLI Seals 018560 (physical),create,7,1,written,,
412188,Q2039309,"Cuneiform Tablet CTMMA 2, 015",update,4,9,written,,
595880,Q2162573,Cuneiform Tablet BM 081390,create,10,1,written,,
204155,Q2162574,Cuneiform Tablet BM 027761,create,11,1,written,,
299631,Q2162575,Cuneiform Tablet NBC 08209,create,11,1,written,,
512710,Q894749,"Cuneiform Artifact TMH 10, 181",update,6,6,written,,
252735,Q2050015,"Cuneiform Tablet CUSAS 35, 224",update,4,7,written,,
544170,Q2162576,Cuneiform Artifact LB 2700/3 (unpublished),create,10,1,written,,
441010,Q2162577,"Cuneiform Tablet KBo 44, 237",create,10,1,written,,
541688,Q2162578,Cuneiform Artifact CDLI Seals 020850 (physical),create,8,0,written,,
355668,Q2162579,Cuneiform Tablet Ist Ni 00497,create,11,1,written,,
417670,Q1929285,"Cuneiform Tablet KAM 7, 128",update,4,8,written,,
250708,Q2049626,"Cuneiform Tablet CUSAS 35, 029",update,4,7,written,,
303008,Q2162580,"Cuneiform Tablet YOS 19, 068",create,11,1,written,,
203690,Q2005129,Cuneiform Tablet BM 024799,update,4,8,written,,
127660,Q2011337,"Cuneiform Tablet RA 014, 182",update,4,7,written,,
126972,Q2008421,"Cuneiform Tablet Princeton 1, 283",update,4,8,written,,
122198,Q1980913,"Cuneiform Tablet Nik 2, 515",update,5,7,written,,
265446,Q2162581,Cuneiform Tablet CBS 10203,create,10,1,written,,
9450,Q2162582,"Cuneiform Tablet Iran 13, 009 04",create,9,1,written,,
496137,Q2162583,"Cuneiform Tablet MDP 09, 136",create,11,1,written,,
350190,Q2162584,"Cuneiform Tablet ARM 11, 047",create,11,1,written,,
233226,Q2162585,"Cuneiform Artifact RIME 3/1.01.07.037, ex. 0475",create,11,1,written,,
336346,Q2010060,Cuneiform Tablet PRT 051,update,4,8,written,,
601493,Q2162586,Cuneiform Tablet BM 101601,create,10,1,written,,
558153,Q2162587,Cuneiform Tablet BM 042990,create,8,1,written,,
593057,Q2162588,Cuneiform Tablet BM 076053,create,9,1,written,,
360526,Q1360683,"Cuneiform Tablet AKT 1, 67",update,5,6,written,,
476363,Q2162589,Cuneiform Artifact CDLI Seals 009622 (physical),create,7,1,written,,
285612,Q2162590,Cuneiform Tablet KAV 184,create,9,1,written,,
573203,Q2162591,"Cuneiform Tablet AOAT 236, no. 28",create,11,1,written,,
202982,Q2004011,Cuneiform Tablet BM 020614,update,4,8,written,,
218176,Q2029449,"Cuneiform Tablet SANTAG 7, 101",update,4,8,written,,
420503,Q2162592,Cuneiform Tablet SMUI 1913.14.0122,create,8,1,written,,
380772,Q2162593,Cuneiform Tablet BM 106591,create,10,1,written,,
298923,Q2162594,Cuneiform Tablet NBC 07337,create,10,1,written,,
416962,Q2162595,Cuneiform Tablet ROM 910x209.089,create,9,1,written,,
525463,Q2162596,"Cuneiform Tablet Haradum 2, 039",create,11,1,written,,
513802,Q2162597,"Cuneiform Tablet OBO 278, 343-376",create,11,1,written,,
253827,Q2162598,Cuneiform Tablet MS 4797,create,8,1,written,,
331483,Q2162599,"Cuneiform Tablet Nisaba 05/1, 456 U 30443",create,11,1,written,,
594792,Q2162600,Cuneiform Tablet BM 079196,create,10,1,written,,
262383,Q2025723,"Cuneiform Tablet CDLI Literary 000368, ex. 049",update,4,7,written,,
442796,Q2162601,"Cuneiform Tablet KUB 13, 001 +? KUB 31, 087 +? KUB 31, 088 + KUB 40, 055 + KUB 40, 056 +? KBo 50, 280a +? KBo 50, 280a +? KBo 50, 280b",create,10,1,written,,
110513,Q2066670,"Cuneiform Tablet ITT 2, 00644",update,4,8,written,,
511096,Q2162602,"Cuneiform Tablet AbB 05, 150",create,11,1,written,,
385823,Q2162603,"Cuneiform Tablet OECT 06, pl. 23, K 03209",create,9,1,written,,
356947,Q2162604,Cuneiform Tablet Ist Ni 13163,create,10,1,written,,
378546,Q2162605,Cuneiform Tablet BM 087116,create,10,1,written,,
123623,Q1996699,"Cuneiform Tablet OIP 115, 096",update,4,8,written,,
108573,Q2035757,"Cuneiform Tablet CT 09, pl. 19, BM 018437",update,4,8,written,,
445053,Q2162606,"Cuneiform Tablet KUB 28, 090",create,10,1,written,,
516753,Q2162607,"Cuneiform Tablet CUSAS 40, 1969",create,9,1,written,,
413633,Q2162608,Cuneiform Tablet BM 103786,create,10,1,written,,
540133,Q2162609,Cuneiform Artifact CDLI Seals 019316 (physical),create,7,1,written,,
280943,Q2162610,Cuneiform Tablet N 7209,create,8,1,written,,
438563,Q2162611,"Cuneiform Tablet KBo 33, 180",create,10,1,written,,
353616,Q2162612,"Cuneiform Tablet ARM 24, 201",create,11,1,written,,
305076,Q2162613,"Cuneiform Tablet YOS 06, 153",create,11,1,written,,
398712,Q2162614,Cuneiform Tablet K 10481,create,10,1,written,,
248768,Q1970579,"Cuneiform Tablet AAICAB 1/2, pl. 123, 1971-253",update,4,8,written,,
200116,Q1981073,"Cuneiform Tablet Nisaba 01, 062",update,4,8,written,,
490149,Q2162615,"Cuneiform Tablet BagM 19, 506 022",create,11,1,written,,
263438,Q2162616,Cuneiform Tablet CBS 08640,create,8,1,written,,
256776,Q2162617,Cuneiform Artifact UM 29-16-196,create,8,1,written,,
257864,Q2162618,"Cuneiform Tablet BE 06/1, 016",create,10,1,written,,
595029,Q2162619,Cuneiform Tablet BM 079508,create,10,1,written,,
330338,Q2162620,Cuneiform Tablet OIM A31196,create,11,1,written,,
235258,Q2162621,Cuneiform Tablet KM 89536,create,10,1,written,,
114550,Q1949549,"Cuneiform Tablet MVN 06, 066",update,4,8,written,,
352904,Q2162622,"Cuneiform Tablet ARM 23, 116",create,11,1,written,,
366558,Q2162623,"Cuneiform Tablet CT 56, 243",create,10,1,written,,
399800,Q2162624,Cuneiform Tablet K 12375,create,10,1,written,,
412921,Q2162625,Cuneiform Tablet BM 100285,create,10,1,written,,
602315,Q2162626,Cuneiform Tablet BM 114638,create,11,1,written,,
142330,Q2065222,"Cuneiform Tablet YOS 04, 266",update,4,8,written,,
570585,Q2162627,Cuneiform Tablet BM 046757,create,9,1,written,,
286194,Q2162628,Cuneiform Tablet HFAC 070,create,11,1,written,,
255859,Q1990215,"Cuneiform Tablet ASJ 17, 093-096",update,4,8,written,,
423285,Q2162629,"Cuneiform Artifact RINAP 3/1 Sennacherib 016, ex. 030 ?",create,11,1,written,,
424540,Q2162630,Cuneiform Tablet DT 230,create,9,1,written,,
600328,Q2162631,Cuneiform Tablet BM 099503,create,10,1,written,,
472320,Q1931945,Cuneiform Tablet Lippmann Coll 020,update,4,7,written,,
281651,Q2162632,Cuneiform Tablet N 7928,create,8,1,written,,
350939,Q2162633,"Cuneiform Tablet ARM 12, 496",create,11,1,written,,
577240,Q2162634,Cuneiform Tablet BM 052222,create,9,1,written,,
384731,Q2162635,"Cuneiform Tablet OIP 092, 2045",create,10,1,written,,
319055,Q2162636,Cuneiform Tablet BM 019662,create,11,1,written,,
237265,Q2162637,Cuneiform Tablet ABL 0947,create,11,1,written,,
261405,Q2058446,Cuneiform Tablet Entrepreneurs 100,update,4,7,written,,
443884,Q2162638,"Cuneiform Tablet KUB 04, 049",create,10,1,written,,
521420,Q2162639,Cuneiform Tablet KTU3 2.94,create,10,1,written,,
459070,Q2162640,"Cuneiform Tablet OIC 22, & 141 26",create,9,1,written,,
492174,Q2162641,Cuneiform Tablet P492174,create,7,1,written,,
220959,Q2056534,Cuneiform Tablet DP 309,update,4,8,written,,
122931,Q1994041,Cuneiform Tablet NYPL 394,update,4,8,written,,
325839,Q2162642,Cuneiform Tablet CUNES 52-02-016,create,9,1,written,,
597014,Q2162643,Cuneiform Tablet BM 083451,create,9,1,written,,
332305,Q2045258,"Cuneiform Tablet TCTI 3, 08246",update,4,8,written,,
311465,Q2162644,Cuneiform Tablet YBC 11289,create,11,1,written,,
347205,Q2162645,"Cuneiform Tablet VS 24, 086",create,8,1,written,,
113295,Q1943824,"Cuneiform Tablet MVN 01, 262",update,4,7,written,,
214505,Q2162646,"Cuneiform Tablet ITT 2, 05686",create,10,1,written,,
242365,Q2162647,"Cuneiform Tablet ARET 03, 173 + unp. frag.",create,10,1,written,,
529010,Q2162648,Cuneiform Artifact CDLI Seals 015817 (physical),create,7,1,written,,
436984,Q2162649,"Cuneiform Tablet KBo 25, 088 + KBo 25, 088 + (?) KBo 07, 038",create,10,1,written,,
407220,Q2162650,"Cuneiform Tablet HSS 68, 302",create,11,1,written,,
502340,Q2162651,"Cuneiform Tablet TCTI 3, 09005 + 09007",create,11,1,written,,
269035,Q2027328,"Cuneiform Tablet CDLI Literary 000448, ex. 002",update,4,8,written,,
554520,Q2162652,Cuneiform Tablet Camb. 352,create,10,1,written,,
313458,Q2036826,"Cuneiform Tablet CT 53, 043",update,4,8,written,,
216538,Q2016435,"Cuneiform Tablet RIME 2.01.02.20, ex. 50",update,3,8,written,,
240358,Q2162653,Cuneiform Tablet Sm 1229,create,11,1,written,,
345238,Q2026018,"Cuneiform Tablet CDLI Literary 000375, ex. 010",update,4,9,written,,
562941,Q2162654,Cuneiform Tablet BM 036199,create,8,1,written,,
498579,Q2162655,"Cuneiform Tablet Fs Matous 2, 110-111",create,10,1,written,,
238190,Q2162656,"Cuneiform Tablet CT 17, pl. 41, K 02873",create,11,1,written,,
456385,Q2162657,Cuneiform Artifact CDLI Seals 003675 (composite),create,10,0,written,,
505485,Q2162658,Cuneiform Tablet YBC 16599,create,7,1,written,,
467821,Q2162659,Cuneiform Tablet Fs Pettinato 168 20 (seal only),create,10,1,written,,
119698,Q1967071,"Cuneiform Tablet MVN 17, 081",update,4,8,written,,
222964,Q2162660,"Cuneiform Tablet TIM 02, 001",create,11,1,written,,
106994,Q2007410,Cuneiform Tablet BM Messenger 115,update,4,8,written,,
275016,Q2024667,"Cuneiform Tablet RT 36, 184",update,3,5,written,,
223676,Q2162661,"Cuneiform Tablet TIM 01, 11",create,10,1,written,,
370176,Q2162662,"Cuneiform Tablet MDP 18, 146",create,10,2,written,,
137230,Q2053585,"Cuneiform Tablet UET 3, 0906",update,4,8,written,,
548503,Q2162663,Cuneiform Artifact CDLI Seals 025888 (physical),create,8,1,written,,
583407,Q2162664,Cuneiform Tablet BM 063270,create,9,1,written,,
390322,Q2162665,Cuneiform Tablet LB 3264,create,7,1,written,,
430153,Q2162666,Cuneiform Artifact CDLI Seals 000052 (composite),create,10,0,written,,
563653,Q2162667,Cuneiform Tablet BM 038187,create,9,1,written,,
326716,Q2162668,Cuneiform Tablet CUNES 52-16-019,create,9,1,written,,
208526,Q2162669,"Cuneiform Tablet BPOA 02, 2580",create,11,1,written,,
107686,Q2034112,Cuneiform Tablet CST (JRL) 174,update,4,8,written,,
564196,Q2162670,Cuneiform Tablet BM 039073,create,8,1,written,,
466733,Q2162671,"Cuneiform Artifact RINAP 3/2 Sennacherib 088, ex. 029",create,11,1,written,,
295242,Q2162672,"Cuneiform Tablet YOS 14, 154",create,10,1,written,,
259483,Q2162673,Cuneiform Tablet CBS 03110,create,9,1,written,,
535033,Q1363304,"Cuneiform Tablet AKT 6c, 568",update,6,6,written,,
317948,Q2162674,Cuneiform Tablet BM 018269,create,11,1,written,,
437696,Q2162675,"Cuneiform Tablet KBo 29, 069",create,10,1,written,,
308644,Q2162676,Cuneiform Tablet YBC 07723,create,10,1,written,,
100143,Q1972236,Cuneiform Tablet AAS 163,update,4,8,written,,
292587,Q2162677,"Cuneiform Tablet YOS 08, 102",create,11,2,written,,
212828,Q2001573,"Cuneiform Tablet BIN 08, 284",update,3,8,written,,
599909,Q2162678,Cuneiform Tablet BM 096323,create,11,1,written,,
530231,Q2162679,Cuneiform Artifact CDLI Seals 014553 (physical),create,5,1,written,,
5023,Q2162680,Cuneiform Tablet IM 046001,create,10,1,written,,
566451,Q2162681,Cuneiform Tablet Reynolds Calendar pl. 6-8,create,10,1,written,,
375374,Q2162682,Cuneiform Tablet BM 095588,create,11,1,written,,
435351,Q2162683,"Cuneiform Tablet KBo 12, 083",create,10,1,written,,
290040,Q2162684,Cuneiform Tablet NBC 11532,create,10,1,written,,
395120,Q2162685,"Cuneiform Tablet RA 028, 137",create,10,1,written,,
501995,Q2162686,"Cuneiform Tablet TCTI 3, 06241",create,11,1,written,,
102484,Q1989996,"Cuneiform Tablet ASJ 11, 344 19",update,4,8,written,,
226474,Q2162687,"Cuneiform Artifact RIME 3/2.01.01.33, ex. 12",create,11,1,written,,
323514,Q2048041,"Cuneiform Tablet CUSAS 20, 336",update,4,7,written,,
448661,Q2162688,Cuneiform Tablet IOS x06,create,8,1,written,,
584638,Q2162689,Cuneiform Tablet BM 064832,create,9,1,written,,
377349,Q2162690,Cuneiform Tablet BM 112356,create,10,1,written,,
259179,Q2162691,Cuneiform Tablet CBS 02096,create,9,1,written,,
586605,Q2162692,Cuneiform Tablet BM 067229,create,10,1,written,,
315975,Q2162693,Cuneiform Tablet BM 014429,create,11,1,written,,
481758,Q2162694,"Cuneiform Tablet CT 52, 009",create,11,1,written,,
272229,Q2162695,"Cuneiform Tablet Emar 6/2 p. 695, Msk 74756",create,9,1,written,,
105341,Q1997859,"Cuneiform Tablet BCT 2, 100",update,4,7,written,,
210815,Q2162696,Cuneiform Tablet YBC 14990,create,10,1,written,,
550830,Q2162697,Cuneiform Tablet Nbk. 097,create,11,1,written,,
224449,Q2040893,"Cuneiform Tablet CTN 5, ND 2655",update,4,8,written,,
297785,Q2162698,Cuneiform Tablet NBC 04763,create,11,1,written,,
402022,Q2162699,Cuneiform Tablet AMT pl. 047 02,create,11,1,written,,
455950,Q2162700,Cuneiform Artifact CDLI Seals 003240 (composite),create,10,0,written,,
221,Q2021978,"Cuneiform Tablet CDLI Lexical 000026, ex. 003",update,4,6,written,,
432494,Q2162701,"Cuneiform Tablet AOAT 003, 12",create,11,1,written,,
454642,Q2162702,Cuneiform Artifact CDLI Seals 001932 (composite),create,10,0,written,,
561394,Q2162703,Cuneiform Artifact BM 085940,create,9,1,written,,
507142,Q2162704,"Cuneiform Tablet Nisaba 34, 0955",create,10,1,written,,
429372,Q2162705,"Cuneiform Tablet ASJ 13, 314 19",create,7,1,written,,
211707,Q2061644,"Cuneiform Tablet Hermitage 3, 243",update,4,8,written,,
449973,Q2162706,"Cuneiform Tablet CUSAS 30, 250",create,9,1,written,,
369357,Q2162707,Cuneiform Tablet KAR 389d (10481),create,11,1,written,,
389103,Q2162708,Cuneiform Artifact LB 0636,create,10,1,written,,
551722,Q2162709,"Cuneiform Tablet CM 20, no. 059",create,11,1,written,,
247167,Q2162710,Cuneiform Tablet P247167,create,10,1,written,,
314667,Q2162711,"Cuneiform Tablet CT 55, 276",create,10,1,written,,
587917,Q2162712,Cuneiform Tablet BM 068839,create,10,1,written,,
342007,Q1992775,Cuneiform Tablet NMSA 3827,update,4,8,written,,
453187,Q2162713,Cuneiform Tablet Edinburgh 61,create,11,1,written,,
248292,Q2162714,Cuneiform Tablet HMA 9-02565,create,10,1,written,,
132032,Q2041973,Cuneiform Tablet Tavolette 247,update,4,8,written,,
283396,Q2162715,Cuneiform Tablet VAT 20140,create,8,1,written,,
309956,Q2162716,"Cuneiform Tablet YOS 17, 364",create,11,1,written,,
500687,Q894228,"Cuneiform Tablet TMH 12, 02",update,6,6,written,,
119362,Q2162717,"Cuneiform Tablet MVN 16, 1314",create,11,1,written,,
279936,Q2162718,Cuneiform Tablet N 5986,create,10,1,written,,
575787,Q2162719,Cuneiform Tablet BM 050544,create,9,1,written,,
426087,Q2162720,Cuneiform Tablet Sm 1756,create,9,1,written,,
116097,Q1955670,"Cuneiform Tablet MVN 11, 083",update,5,7,written,,
361767,Q2162721,"Cuneiform Tablet Nisaba 33, 741",create,11,1,written,,
337107,Q2038434,"Cuneiform Tablet StAT 2, 299",update,4,8,written,,
559312,Q2162722,Cuneiform Tablet BM 029069,create,11,1,written,,
539913,Q2162723,Cuneiform Artifact CDLI Seals 019095 (physical),create,7,1,written,,
111752,Q2162724,"Cuneiform Tablet ITT 5, 10005",create,11,1,written,,
572042,Q2162725,Cuneiform Tablet BM 049566,create,8,1,written,,
232067,Q2162726,"Cuneiform Artifact RIME 3/1.01.06.04, ex. 250",create,11,1,written,,
228893,Q2059525,Cuneiform Tablet UM 55-21-085,update,4,8,written,,
592216,Q2162727,Cuneiform Tablet BM 073797,create,9,1,written,,
497376,Q2162728,"Cuneiform Tablet MC 16, 290-297 + pl. 44-49 BM 032654+",create,10,1,written,,
524622,Q2162729,"Cuneiform Tablet MDP 28, 547",create,11,1,written,,
251549,Q2162730,"Cuneiform Tablet MSCT 1, 165, MS 2317",create,8,1,written,,
381533,Q2162731,Cuneiform Tablet BM 085825,create,11,1,written,,
421742,Q2162732,Cuneiform Tablet Multabiltu no. 013,create,11,1,written,,
207329,Q2162733,Cuneiform Tablet BM 028471,create,11,1,written,,
477122,Q2162734,Cuneiform Artifact CDLI Seals 010381 (physical),create,8,1,written,,
302249,Q2162735,Cuneiform Tablet NCBT 00196,create,11,1,written,,
420850,Q2162736,Cuneiform Tablet SMUI 1913.14.0591,create,9,1,written,,
354429,Q2162737,"Cuneiform Tablet ARM 25, 690",create,11,1,written,,
329119,Q2047699,"Cuneiform Tablet CUSAS 20, 162",update,4,6,written,,
108089,Q2034856,Cuneiform Tablet CST (JRL) 573,update,4,8,written,,
525930,Q2162738,Cuneiform Artifact CDLI Seals 014369 (composite),create,10,0,written,,
514294,Q2038605,"Cuneiform Tablet StAT 3, 076",update,4,8,written,,
447594,Q2162739,"Cuneiform Tablet KUB 58, 110",create,10,1,written,,
265915,Q2162740,Cuneiform Tablet CBS 10710,create,10,1,written,,
8611,Q2162741,"Cuneiform Tablet MDP 17, 413",create,10,1,written,,
229781,Q894455,"Cuneiform Tablet TMH 08, 22",update,5,7,written,,
360875,Q1372400,Cuneiform Tablet KTK 023,update,5,6,written,,
205314,Q2005640,Cuneiform Tablet BM 025762,update,4,8,written,,
126421,Q2162742,"Cuneiform Tablet PDT 2, 1083",create,11,1,written,,
362848,Q2162743,Cuneiform Tablet PUL Ex 2362,create,10,1,written,,
438099,Q2162744,"Cuneiform Tablet KBo 31, 129",create,10,1,written,,
298470,Q1370567,"Cuneiform Tablet BIN 06, 186",update,6,6,written,,
300274,Q2162745,Cuneiform Tablet NBC 08970,create,10,1,written,,
416431,Q2032959,Cuneiform Tablet CDLJ 2012/1 §4.32,update,4,8,written,,
110840,Q2067052,"Cuneiform Tablet ITT 2, 00970",update,4,8,written,,
440251,Q2162746,"Cuneiform Tablet KBo 41, 143",create,10,1,written,,
253574,Q2162747,Cuneiform Tablet MS 4421,create,8,1,written,,
538601,Q2162748,Cuneiform Artifact CDLI Seals 017776 (physical),create,7,1,written,,
574895,Q2162749,Cuneiform Tablet BM 072043,create,8,1,written,,
356414,Q2029627,"Cuneiform Tablet CDLI Literary 000751, ex. 044",update,4,9,written,,
235608,Q2060926,Cuneiform Tablet USC 6797,update,4,8,written,,
545331,Q2162750,Cuneiform Artifact CDLI Seals 022979 (physical),create,9,1,written,,
248338,Q2162751,Cuneiform Tablet HMA 9-02835,create,9,1,written,,
366108,Q2162752,"Cuneiform Tablet CT 39, pl. 06, K 03840",create,11,1,written,,
335090,Q1979595,Cuneiform Tablet ADD 0027,update,4,7,written,,
590381,Q2162753,Cuneiform Tablet BM 071452,create,9,1,written,,
595479,Q2162754,Cuneiform Tablet BM 080482,create,10,1,written,,
408585,Q2162755,"Cuneiform Tablet HSS 13, 421",create,10,1,written,,
142760,Q1969993,"Cuneiform Tablet AAICAB 1/1, pl. 048, 1911-487",update,4,8,written,,
602745,Q2162756,Cuneiform Tablet BM 075955,create,9,1,written,,
11060,Q2064064,Cuneiform Tablet WF 102,update,4,8,written,,
114100,Q1947644,"Cuneiform Tablet MVN 04, 148",update,4,8,written,,
266790,Q2162757,Cuneiform Tablet CBS 11649,create,11,1,written,,
600778,Q2162758,Cuneiform Tablet BM 100802,create,10,1,written,,
237635,Q2162759,Cuneiform Tablet BM 098820,create,10,1,written,,
381499,Q2162760,Cuneiform Tablet BM 085775,create,11,1,written,,
477088,Q2162761,Cuneiform Artifact CDLI Seals 010347 (physical),create,8,1,written,,
261055,Q2162762,"Cuneiform Tablet PBS 01/2, 049",create,10,1,written,,
228939,Q2059611,Cuneiform Tablet UM 55-21-411,update,4,8,written,,
332755,Q2162763,Cuneiform Tablet CUNES 48-08-201,create,8,1,written,,
459420,Q2162764,Cuneiform Tablet PTS 0187,create,8,1,written,,
492524,Q2162765,Cuneiform Tablet P492524,create,7,1,written,,
597444,Q2162766,Cuneiform Tablet BM 083937,create,9,1,written,,
424110,Q2162767,Cuneiform Tablet MAH 16229,create,8,1,written,,
472770,Q2059274,Cuneiform Tablet Fs Milano 340-341 04,update,4,7,written,,
364135,Q2162768,Cuneiform Tablet LBAT 1353,create,10,1,written,,
384361,Q2162769,"Cuneiform Tablet OIP 092, 1675",create,10,1,written,,
521070,Q2162770,Cuneiform Tablet KTU3 4.369,create,10,1,written,,
319405,Q2162771,Cuneiform Tablet BM 021226,create,11,1,written,,
576902,Q2162772,Cuneiform Tablet BM 051864,create,8,1,written,,
207283,Q2162773,Cuneiform Tablet BM 028087,create,11,1,written,,
577610,Q2162774,Cuneiform Tablet BM 052632,create,10,1,written,,
333847,Q2162775,Cuneiform Tablet KTT 029,create,10,1,written,,
108123,Q2034924,Cuneiform Tablet CST (JRL) 607,update,4,8,written,,
138595,Q2057126,"Cuneiform Tablet UET 9, 0464",update,4,8,written,,
305426,Q2162776,"Cuneiform Tablet YOS 06, 216",create,11,1,written,,
398342,Q2162777,Cuneiform Tablet K 09835,create,10,1,written,,
236927,Q2010058,Cuneiform Tablet PRT 050,update,4,8,written,,
353246,Q2162778,"Cuneiform Tablet ARM 23, 458",create,11,1,written,,
438133,Q2162779,"Cuneiform Tablet KBo 31, 164",create,10,1,written,,
256326,Q2029954,"Cuneiform Tablet CDLI Literary 000757, ex. 010",update,4,8,written,,
354583,Q2162780,"Cuneiform Tablet ARM 26/1, 026",create,11,1,written,,
378116,Q2162781,Cuneiform Tablet BM 086628,create,10,1,written,,
540563,Q2162782,Cuneiform Artifact CDLI Seals 019744 (physical),create,7,0,written,,
200546,Q1927111,"Cuneiform Tablet JCS 46, 125 EM 5",update,4,7,written,,
143872,Q2031840,"Cuneiform Tablet SAT 2, 0672",update,4,8,written,,
516303,Q2054064,"Cuneiform Tablet CUSAS 40, 1519",update,4,7,written,,
413263,Q2162783,Cuneiform Tablet de Boer diss. p. 439-440,create,9,1,written,,
430503,Q2162784,Cuneiform Artifact CDLI Seals 000407 (composite),create,10,0,written,,
445403,Q2162785,"Cuneiform Tablet KUB 33, 071",create,10,1,written,,
390772,Q2162786,"Cuneiform Tablet BPOA 06, 0149",create,11,1,written,,
295612,Q2162787,Cuneiform Tablet MLC 00823,create,9,1,written,,
563203,Q2162788,Cuneiform Tablet BM 036933,create,8,1,written,,
136972,Q2053090,"Cuneiform Tablet UET 3, 0650",update,4,8,written,,
275446,Q2162789,Cuneiform Tablet N 0180,create,8,1,written,,
535463,Q1367415,"Cuneiform Tablet AKT 6d, 750",update,6,6,written,,
208176,Q2162792,Cuneiform Tablet BM 024359,create,11,1,written,,
223226,Q2162793,"Cuneiform Tablet TIM 03, 111",create,9,1,written,,
212982,Q2036490,"Cuneiform Tablet CT 50, 076",update,3,7,written,,
584792,Q2162794,Cuneiform Tablet BM 065033,create,9,1,written,,
326346,Q2162795,"Cuneiform Tablet CUSAS 30, 132",create,9,1,written,,
548153,Q2162796,Cuneiform Artifact CDLI Seals 025538 (physical),create,8,1,written,,
370526,Q2162797,Cuneiform Tablet ICP 1347,create,9,1,written,,
346947,Q2162798,"Cuneiform Tablet UET 6, 0910",create,10,1,written,,
243827,Q2162799,"Cuneiform Tablet ARET 12, 0588",create,10,1,written,,
272383,Q2162800,"Cuneiform Tablet Emar 6/1, p. 218, Msk 7485j",create,10,1,written,,
583057,Q2162801,Cuneiform Tablet BM 016708,create,10,1,written,,
5473,Q2162802,"Cuneiform Tablet MSVO 4, 71",create,9,1,written,,
100513,Q1983745,Cuneiform Tablet Aleppo 181,update,4,8,written,,
406962,Q2162803,Cuneiform Tablet SM 1911.06.014,create,11,1,written,,
402188,Q2162804,Cuneiform Tablet K 16731,create,10,1,written,,
503802,Q2162805,Cuneiform Tablet RS 19.0107,create,9,0,written,,
551688,Q2162806,"Cuneiform Tablet AOAT 414/1, no. 157",create,9,1,written,,
358959,Q1359576,"Cuneiform Tablet CCT 6, 02, BM 113640",update,5,6,written,,
502710,Q2162807,Cuneiform Artifact CDLI Seals 012589 (physical),create,7,1,written,,
451010,Q1988351,Cuneiform Artifact P451010,update,3,4,written,,
554170,Q2162808,Cuneiform Tablet ChG 55,create,10,0,written,,
269465,Q2162809,Cuneiform Artifact CDLI Seals 001152 (physical),create,7,1,written,,
242735,Q2162810,"Cuneiform Tablet ARET 03, 540",create,10,1,written,,
289631,Q2162811,Cuneiform Tablet NBC 10348,create,10,1,written,,
529440,Q2162812,Cuneiform Artifact CDLI Seals 016776 (physical),create,6,1,written,,
214155,Q2162813,"Cuneiform Tablet ITT 2, 03138",create,10,1,written,,
347655,Q2162814,"Cuneiform Artifact OECT 15, 313",create,10,1,written,,
407670,Q1989075,"Cuneiform Tablet Nisaba 27, 087",update,5,7,written,,
338358,Q2038867,"Cuneiform Tablet STT 1, 041",update,5,6,written,,
240708,Q2162815,"Cuneiform Tablet ARET 09, 113",create,10,1,written,,
311035,Q2162816,Cuneiform Tablet YBC 10750,create,10,1,written,,
585880,Q2162817,Cuneiform Tablet BM 066333,create,9,1,written,,
313008,Q2162818,"Cuneiform Tablet MARV 4, 072",create,9,1,written,,
216168,Q2162819,"Cuneiform Tablet OSP 2, 016",create,10,1,written,,
213690,Q2162820,"Cuneiform Tablet ITT 1, 01248",create,10,1,written,,
345668,Q2026273,"Cuneiform Tablet CDLI Literary 000379, ex. 028",update,4,8,written,,
294900,Q2162821,"Cuneiform Tablet YOS 10, 08",create,9,1,written,,
137660,Q2054447,"Cuneiform Tablet UET 3, 1335",update,4,8,written,,
340190,Q2162822,"Cuneiform Tablet BPOA 01, 1535",create,11,1,written,,
104803,Q1995098,"Cuneiform Tablet Babyloniaca 08, pl. 10, HG 06",update,4,7,written,,
325993,Q2162823,Cuneiform Tablet CUNES 52-07-014,create,9,1,written,,
391860,Q2162824,Cuneiform Tablet OIM A05455,create,9,1,written,,
211357,Q2162825,"Cuneiform Tablet BPOA 07, 2338",create,11,1,written,,
429722,Q2162826,"Cuneiform Tablet YOS 13, 427",create,10,2,written,,
389553,Q1372154,Cuneiform Tablet LB 1172,update,5,7,written,,
247537,Q2019682,"Cuneiform Tablet CDLI Lexical 000001, ex. 021",update,5,7,written,,
342457,Q2063065,"Cuneiform Tablet VS 15, 04",update,4,8,written,,
454212,Q1986678,"Cuneiform Tablet Nisaba 15, 1071",update,4,7,written,,
551372,Q2162827,"Cuneiform Tablet TMH 02-3, 211",create,10,1,written,,
314237,Q2162828,"Cuneiform Tablet CT 53, 828",create,11,1,written,,
507512,Q2162829,Cuneiform Tablet MLC 00920,create,7,1,written,,
119732,Q1967136,"Cuneiform Tablet MVN 17, 140",update,4,8,written,,
402472,Q2162830,Cuneiform Tablet K 17090,create,10,1,written,,
531973,Q893052,Cuneiform Tablet Elamica 11,update,4,7,written,,
434813,Q2162831,"Cuneiform Tablet KBo 05, 06",create,10,1,written,,
345392,Q2027491,"Cuneiform Tablet CDLI Literary 000481, ex. 009",update,3,8,written,,
478687,Q2162832,Cuneiform Artifact CDLI Seals 011893 (physical),create,9,1,written,,
271956,Q2162833,"Cuneiform Tablet Emar 6/2, p. 542, Msk 74233h",create,10,1,written,,
374836,Q2162834,Cuneiform Tablet BM 094184,create,11,1,written,,
132462,Q2162835,"Cuneiform Tablet TCTI 2, 03210",create,11,1,written,,
323144,Q2162836,Cuneiform Tablet CUNES 48-10-286,create,9,1,written,,
535199,Q1364716,Cuneiform Tablet P535199,update,6,5,written,,
586255,Q2162837,Cuneiform Tablet BM 066791,create,10,1,written,,
390288,Q2162838,Cuneiform Tablet LB 3229,create,11,1,written,,
395570,Q2162839,Cuneiform Tablet K 04466,create,10,1,written,,
479995,Q2162840,"Cuneiform Tablet CT 49, 077",create,11,1,written,,
226024,Q2162841,"Cuneiform Tablet OIP 099, 284",create,10,1,written,,
270644,Q2162842,"Cuneiform Tablet CUSAS 15, 010",create,8,1,written,,
216492,Q2162843,"Cuneiform Artifact RIME 2.01.02.17, ex. 04",create,9,1,written,,
375724,Q2162844,Cuneiform Tablet BM 109741,create,11,1,written,,
448231,Q2162845,"Cuneiform Artifact RIME 4.07.01.01, ex. 01",create,11,1,written,,
530661,Q2162846,Cuneiform Tablet CDLJ 2022/2 §03.04,create,9,1,written,,
566001,Q2162847,Cuneiform Tablet BM 047054,create,10,1,written,,
129384,Q2162848,Cuneiform Tablet SAKF 116,create,11,1,written,,
290410,Q2012863,"Cuneiform Tablet BPOA 07, 2260",update,4,8,written,,
308214,Q2162849,Cuneiform Tablet YBC 07247,create,11,1,written,,
463161,Q2162850,"Cuneiform Artifact RIMA 3.0.xx0.x1044, ex. 01",create,11,1,written,,
435701,Q2162851,"Cuneiform Tablet KBo 14, 045",create,10,1,written,,
118820,Q2162852,"Cuneiform Tablet MVN 16, 0772",create,11,1,written,,
377719,Q2162853,Cuneiform Tablet BM 113013,create,10,1,written,,
272679,Q2162854,Cuneiform Tablet Fowler X77-314,create,9,1,written,,
584268,Q2162855,Cuneiform Tablet BM 064349,create,11,1,written,,
259529,Q2162856,"Cuneiform Tablet BE 15, 098",create,10,1,written,,
368815,Q2162857,Cuneiform Tablet TMN Ist Ni 04618,create,10,1,written,,
419394,Q2162858,Cuneiform Tablet K 21066,create,10,1,written,,
581590,Q2162859,Cuneiform Tablet BM 061242,create,9,1,written,,
224019,Q2162860,Cuneiform Tablet OBTR 181,create,11,1,written,,
277181,Q2162861,Cuneiform Tablet N 2072,create,11,1,written,,
324681,Q2046015,"Cuneiform Tablet CUSAS 13, 080",update,4,6,written,,
428830,Q2039828,"Cuneiform Tablet CTN 2, 179",update,4,8,written,,
5189,Q2162862,"Cuneiform Tablet MSVO 1, 122",create,10,1,written,,
251119,Q2162863,"Cuneiform Tablet CUSAS 09, 429",create,8,1,written,,
329549,Q2162864,Cuneiform Tablet CUNES 48-02-188,create,7,1,written,,
671,Q2021451,"Cuneiform Tablet CDLI Lexical 000022, ex. 015",update,4,7,written,,
354079,Q2162865,"Cuneiform Tablet ARM 25, 340",create,11,1,written,,
123789,Q1997577,"Cuneiform Tablet OIP 121, 059",update,4,8,written,,
105711,Q1998539,"Cuneiform Tablet BE 03/1, 160",update,4,8,written,,
207779,Q2162866,Cuneiform Tablet BM 029879,create,11,1,written,,
302619,Q2162867,Cuneiform Tablet NCBT 00566,create,11,1,written,,
351781,Q2162868,"Cuneiform Tablet ARM 19, 242",create,11,1,written,,
593954,Q2162869,Cuneiform Tablet BM 077532,create,10,1,written,,
126071,Q2162870,"Cuneiform Tablet PDT 1, 0655",create,11,1,written,,
496834,Q2162871,"Cuneiform Tablet FM 11, 113",create,11,1,written,,
558850,Q2162872,Cuneiform Tablet BM 099702,create,8,1,written,,
202081,Q2162873,Cuneiform Tablet BM 100615,create,10,1,written,,
494809,Q2162874,"Cuneiform Tablet MDP 10, 46 045",create,10,1,written,,
440601,Q2162875,"Cuneiform Tablet KBo 43, 124",create,10,1,written,,
413799,Q2162876,Cuneiform Tablet BM 120124,create,10,1,written,,
540099,Q2162877,Cuneiform Artifact CDLI Seals 019280 (physical),create,7,1,written,,
8241,Q2162878,"Cuneiform Tablet MDP 17, 043",create,10,1,written,,
591969,Q2162879,Cuneiform Tablet BM 073504,create,9,1,written,,
513101,Q2162880,"Cuneiform Tablet OIP 043, 193 TA 1930 T124",create,9,1,written,,
298020,Q2162881,Cuneiform Tablet NBC 05081,create,11,1,written,,
278274,Q2162882,Cuneiform Tablet N 3222,create,11,1,written,,
253124,Q2162883,Cuneiform Tablet MS 4027,create,8,1,written,,
416061,Q2162884,"Cuneiform Tablet Expedition 12, p. 017-021 CBS 00299",create,8,1,written,,
538251,Q2162885,Cuneiform Artifact CDLI Seals 017426 (physical),create,7,1,written,,
205744,Q2006034,Cuneiform Tablet BM 027816a,update,4,8,written,,
545761,Q2162886,Cuneiform Artifact CDLI Seals 023393 (physical),create,8,1,written,,
301936,Q2162887,"Cuneiform Tablet BiMes 11, no. 060",create,11,1,written,,
595183,Q2162888,Cuneiform Tablet BM 079707,create,11,1,written,,
263592,Q2162889,Cuneiform Tablet CBS 08771,create,11,1,written,,
330292,Q2162890,Cuneiform Tablet OIM A31107,create,11,1,written,,
204856,Q2162891,Cuneiform Tablet BM 021809,create,11,1,written,,
356044,Q1984870,"Cuneiform Tablet Nisaba 13, 129",update,4,8,written,,
111302,Q1923776,"Cuneiform Tablet ITT 3, 06375",update,4,8,written,,
544873,Q2162892,Cuneiform Artifact CDLI Seals 022521 (physical),create,8,1,written,,
572412,Q2162893,"Cuneiform Tablet Fs Oelsner 222-223, 239, nos. 14 & 16",create,9,1,written,,
300624,Q2162894,Cuneiform Tablet NBC 09458,create,10,1,written,,
441913,Q2162895,"Cuneiform Tablet KBo 47, 286",create,10,1,written,,
524272,Q2162896,"Cuneiform Tablet MDP 23, 192",create,11,1,written,,
600282,Q2162897,Cuneiform Tablet BM 099451,create,10,1,written,,
337557,Q2162898,Cuneiform Tablet OIM A04208,create,11,1,written,,
477572,Q2162899,Cuneiform Artifact CDLI Seals 010831 (physical),create,8,1,written,,
421312,Q2162900,"Cuneiform Artifact RIME 4.04.01.03, ex. add342",create,10,1,written,,
497726,Q2162901,Cuneiform Tablet P497726,create,11,1,written,,
361337,Q1361117,Cuneiform Tablet Jurer et maudire 111-113,update,5,6,written,,
592646,Q2162902,Cuneiform Tablet BM 074407,create,10,1,written,,
559742,Q2162903,Cuneiform Tablet BM 082777,create,11,1,written,,
381163,Q2162904,Cuneiform Tablet BM 085106,create,11,1,written,,
232437,Q2162905,"Cuneiform Artifact RIME 3/1.01.07.016, ex. 12",create,10,1,written,,
264257,Q2017532,Cuneiform Tablet CBS 06804,update,4,7,written,,
350893,Q2162906,"Cuneiform Tablet ARM 12, 450",create,11,1,written,,
250925,Q2050113,"Cuneiform Tablet CUSAS 35, 279",update,4,7,written,,
355845,Q2162907,"Cuneiform Tablet CT 04, pl. 40, Bu 1888-05-12, 0601",create,11,1,written,,
597690,Q2162908,"Cuneiform Tablet Pihans 135, 268",create,9,0,written,,
145271,Q2034589,"Cuneiform Tablet SAT 3, 2071",update,4,8,written,,
332581,Q2036073,Cuneiform Tablet Smithsonian 18,update,5,7,written,,
113411,Q1944209,"Cuneiform Tablet MVN 02, 112",update,5,7,written,,
138741,Q2057419,"Cuneiform Tablet UET 9, 0610",update,4,8,written,,
510900,Q2162909,"Cuneiform Tablet VS 29, 004",create,10,1,written,,
543898,Q2162910,Cuneiform Tablet LB 1729 (unpublished),create,11,1,written,,
261281,Q2162911,Cuneiform Artifact CDLI Seals 000695 (physical),create,7,1,written,,
232319,Q2162912,"Cuneiform Artifact RIME 3/1.01.07.003, ex. 06",create,11,1,written,,
361419,Q1361200,"Cuneiform Tablet Belleten 60, 615f. No. 3",update,6,5,written,,
415860,Q2162913,"Cuneiform Tablet UF 37, 304 [22.27]",create,10,1,written,,
497008,Q2162914,"Cuneiform Tablet MARI 03, p. 086 no. 012",create,11,1,written,,
337279,Q2162915,Cuneiform Tablet OIM A02719,create,11,1,written,,
592168,Q2162916,Cuneiform Tablet BM 073742,create,9,1,written,,
140589,Q2162917,"Cuneiform Tablet UTI 4, 2570",create,11,1,written,,
423401,Q2162918,Cuneiform Tablet Bod B 003,create,10,1,written,,
570301,Q2162919,Cuneiform Tablet BM 045466,create,8,1,written,,
348774,Q2037471,"Cuneiform Tablet SpTU 4, 181",update,4,6,written,,
475261,Q2162920,Cuneiform Artifact CDLI Seals 008484 (physical),create,10,1,written,,
383670,Q2162921,"Cuneiform Tablet OIP 092, 0984",create,10,1,written,,
363424,Q2040265,"Cuneiform Tablet CTN 4, 009",update,4,8,written,,
495035,Q2162922,Cuneiform Tablet P495035,create,8,1,written,,
266544,Q2162923,Cuneiform Tablet CBS 11406,create,11,1,written,,
230324,Q2003348,"Cuneiform Tablet PBS 11/2, 029",update,4,6,written,,
408751,Q2162924,"Cuneiform Tablet HSS 14, 197",create,10,1,written,,
125870,Q2162925,"Cuneiform Tablet PDT 1, 0454",create,11,1,written,,
335244,Q1980131,Cuneiform Tablet ADD 0299,update,4,8,written,,
590155,Q2162926,Cuneiform Tablet BM 071214,create,9,1,written,,
526561,Q2162927,"Cuneiform Tablet ABAW 143, 460",create,10,1,written,,
470599,Q2162928,Cuneiform Tablet PTS 2507,create,10,1,written,,
201880,Q2059789,"Cuneiform Tablet UMTBM 03, 18",update,4,8,written,,
357878,Q1371239,"Cuneiform Tablet Chantre 096, 03",update,5,6,written,,
200792,Q2008931,"Cuneiform Tablet BPOA 06, 0938",update,4,8,written,,
252918,Q2162929,Cuneiform Tablet MS 3860,create,8,1,written,,
409843,Q2162930,Cuneiform Tablet CUNES 48-10-223,create,7,1,written,,
353092,Q2162931,"Cuneiform Tablet ARM 23, 304",create,11,1,written,,
398196,Q2162932,Cuneiform Tablet K 09569,create,10,1,written,,
349866,Q2036280,"Cuneiform Tablet CT 41, pl. 50, BM 033341",update,4,8,written,,
511612,Q2162933,Cuneiform Artifact CDLI Seals 013134 (physical),create,10,1,written,,
414772,Q2162934,"Cuneiform Tablet UET 4, 0076",create,10,1,written,,
382962,Q2162935,"Cuneiform Tablet OIP 092, 0276",create,11,1,written,,
547072,Q2162936,Cuneiform Artifact CDLI Seals 024500 (physical),create,6,1,written,,
442112,Q2162937,"Cuneiform Tablet KBo 48, 171",create,10,1,written,,
139853,Q2162938,"Cuneiform Tablet UTI 3, 1834",create,11,1,written,,
329267,Q1990162,"Cuneiform Tablet Nisaba 32, 135",update,4,7,written,,
124762,Q2000433,"Cuneiform Tablet Orient 16, 104 164",update,3,8,written,,
354757,Q2162939,"Cuneiform Tablet ARM 26/1, 200",create,11,1,written,,
302137,Q2162940,Cuneiform Tablet NCBT 00084,create,11,1,written,,
596982,Q2162941,Cuneiform Tablet BM 083411,create,9,1,written,,
272157,Q2162942,"Cuneiform Tablet Emar 6/2, p. 670, Msk 74340",create,9,1,written,,
207057,Q2162943,Cuneiform Tablet BM 026045,create,11,1,written,,
469242,Q2162944,"Cuneiform Tablet RA 023, 159, 78",create,8,1,written,,
481426,Q2162945,"Cuneiform Tablet MHET 2/2, 169",create,10,1,written,,
528986,Q2162946,Cuneiform Artifact CDLI Seals 016398 (physical),create,6,1,written,,
519222,Q2162947,Cuneiform Artifact CDLI Seals 014022 (composite),create,8,0,written,,
251637,Q2162948,"Cuneiform Tablet CUSAS 34, 083",create,9,1,written,,
377037,Q1989728,"Cuneiform Tablet Nisaba 31/2, 115",update,4,8,written,,
461672,Q2152709,Cuneiform Tablet IM — (cast UPenn),update,4,7,written,,
584546,Q2162949,Cuneiform Tablet BM 064716,create,9,1,written,,
564712,Q2162950,Cuneiform Tablet BM 039935,create,8,1,written,,
437012,Q2162951,"Cuneiform Tablet KBo 25, 123 + (?) KBo 25, 122",create,10,1,written,,
224737,Q2162952,"Cuneiform Tablet TIM 07, 046",create,10,1,written,,
532172,Q2162953,"Cuneiform Tablet BagM 31, 113 305",create,11,1,written,,
292303,Q2008909,"Cuneiform Tablet BPOA 06, 0927",update,4,8,written,,
259207,Q2162954,Cuneiform Tablet CBS 02124,create,9,1,written,,
239806,Q2162955,Cuneiform Tablet K 19214,create,11,1,written,,
397263,Q2162956,Cuneiform Tablet K 07732,create,10,1,written,,
579823,Q2162957,"Cuneiform Tablet AOAT 315, no. 85",create,10,1,written,,
583283,Q2162958,Cuneiform Tablet BM 063132,create,9,1,written,,
326192,Q2162959,"Cuneiform Tablet CUSAS 37, 330",create,9,1,written,,
548387,Q2162960,Cuneiform Artifact CDLI Seals 025772 (physical),create,8,1,written,,
578731,Q2162961,Cuneiform Tablet BM 054098,create,9,1,written,,
107002,Q2007426,Cuneiform Tablet BM Messenger 123,update,4,8,written,,
2162,Q2162962,Cuneiform Tablet P002162,create,10,1,written,,
245224,Q2162963,"Cuneiform Tablet ARET 12, 0337 + unp. frag.",create,10,1,written,,
275692,Q2162964,Cuneiform Tablet N 0493,create,11,1,written,,
274980,Q2162965,Cuneiform Tablet IM — ?; (CBS — [cast] ?),create,11,2,written,,
340344,Q2162966,"Cuneiform Tablet BPOA 01, 1689",create,11,1,written,,
400361,Q2162967,Cuneiform Tablet K 13544,create,10,1,written,,
505201,Q2162968,Cuneiform Tablet YBC 15750,create,7,1,written,,
553461,Q2162969,"Cuneiform Tablet Abraham, BPPE 033",create,10,1,written,,
238714,Q1974230,Cuneiform Tablet ABL 1032,update,4,8,written,,
213444,Q2064479,"Cuneiform Tablet HSS 10, 179",update,4,7,written,,
456501,Q2162970,Cuneiform Artifact CDLI Seals 003791 (composite),create,10,0,written,,
598565,Q2162971,Cuneiform Tablet BM 087273,create,10,1,written,,
227818,Q1937881,"Cuneiform Tablet MSL 14, 018 Av",update,4,7,written,,
460960,Q2162972,"Cuneiform Artifact RIME 3/1.01.07.037, ex. add1411",create,10,1,written,,
322978,Q2045358,"Cuneiform Tablet CUSAS 11, 278",update,4,7,written,,
556399,Q2162973,"Cuneiform Tablet MC 24, no. 172",create,7,1,written,,
565800,Q2162974,Cuneiform Tablet BM 033405,create,8,1,written,,
405499,Q2162975,"Cuneiform Artifact RIME 4.04.01.04, ex. add149",create,10,1,written,,
225825,Q2162976,"Cuneiform Tablet EK 4, pl. 36, W 1930-409b",create,10,1,written,,
130371,Q2037788,Cuneiform Tablet STA 21,update,5,7,written,,
214381,Q2162977,"Cuneiform Tablet ITT 2, 04575",create,10,1,written,,
529694,Q2162978,"Cuneiform Tablet RA 113, 059-069 01",create,10,1,written,,
314519,Q2162979,"Cuneiform Tablet CT 55, 128",create,10,1,written,,
347481,Q2162980,"Cuneiform Tablet OECT 15, 138",create,10,1,written,,
320945,Q2162981,"Cuneiform Tablet Nisaba 08, 333",create,11,1,written,,
342379,Q1994497,"Cuneiform Tablet OECT 09, 42",update,4,8,written,,
369029,Q2162982,Cuneiform Tablet KAR 047,create,11,1,written,,
536998,Q2162983,Cuneiform Tablet ARK 263,create,9,1,written,,
405163,Q1995234,"Cuneiform Tablet BagM 31, 097 269",update,5,7,written,,
247219,Q2162984,Cuneiform Tablet P247219,create,10,1,written,,
211479,Q2061534,"Cuneiform Tablet Hermitage 3, 186",update,4,8,written,,
500003,Q2162985,Cuneiform Tablet P500003,create,11,1,written,,
453703,Q1985200,"Cuneiform Tablet Nisaba 15, 0202",update,4,7,written,,
478453,Q2162986,Cuneiform Artifact CDLI Seals 011659 (physical),create,10,1,written,,
498607,Q1359777,"Cuneiform Tablet OLP 20, 021 3",update,4,6,written,,
338476,Q2039073,"Cuneiform Tablet STT 2, 156",update,5,6,written,,
313726,Q2037312,"Cuneiform Tablet CT 53, 311",update,4,8,written,,
135489,Q2044237,Cuneiform Tablet TCNU 643,update,4,8,written,,
556663,Q2162987,"Cuneiform Tablet Fs Oelsner 215, no. 2",create,11,1,written,,
216646,Q2162988,"Cuneiform Artifact RIME 2.01.04.41, ex. 04 & RIME 3/2.01.02.089, ex. 01",create,11,1,written,,
342683,Q2162989,Cuneiform Tablet MS 3218/25,create,8,1,written,,
240026,Q2162990,Cuneiform Tablet K 21519,create,10,1,written,,
345146,Q2162991,"Cuneiform Artifact CDLI Literary 000339, ex. 016",create,11,1,written,,
211183,Q2162992,Cuneiform Tablet YBC 15523,create,11,1,written,,
580856,Q2162993,Cuneiform Tablet BM 059909,create,10,1,written,,
392061,Q2162994,Cuneiform Tablet HFAC 133,create,10,1,written,,
389787,Q2162995,"Cuneiform Tablet TLB 01, 107",create,9,1,written,,
561510,Q2162996,Cuneiform Tablet BM 030552,create,10,1,written,,
464470,Q2014967,"Cuneiform Tablet RIMA 2.0.101.038, ex. 25",update,4,8,written,,
297101,Q2162997,"Cuneiform Tablet BIN 02, 119",create,11,1,written,,
359165,Q1359906,Cuneiform Tablet Prag 559,update,5,6,written,,
343991,Q2027485,"Cuneiform Tablet CDLI Literary 000481, ex. 006",update,4,8,written,,
581744,Q2162998,Cuneiform Tablet BM 061452,create,10,1,written,,
388895,Q2162999,Cuneiform Tablet LB 0372,create,10,1,written,,
277355,Q2163000,Cuneiform Tablet N 2254,create,11,1,written,,
221535,Q2001138,"Cuneiform Tablet BIN 08, 006",update,4,8,written,,
419140,Q2163001,Cuneiform Tablet K 20759,create,10,1,written,,
372235,Q2163002,"Cuneiform Tablet VS 07, 012",create,10,1,written,,
324455,Q2044064,"Cuneiform Tablet CUSAS 03, 1101",update,4,7,written,,
215969,Q1995340,"Cuneiform Tablet OIP 014, 112",update,4,7,written,,
310809,Q2163003,Cuneiform Tablet YBC 10520,create,11,1,written,,
397799,Q2163004,Cuneiform Tablet K 08886,create,10,1,written,,
312834,Q2163005,Cuneiform Tablet YBC 16240,create,11,1,written,,
461388,Q2163006,Cuneiform Tablet UM 33-58-120,create,8,1,written,,
532488,Q2163007,Cuneiform Tablet SPAB 020,create,11,1,written,,
131999,Q2041905,Cuneiform Tablet Tavolette 213,update,4,8,written,,
102200,Q1989389,"Cuneiform Tablet ASJ 07, 124 22",update,4,7,written,,
217954,Q1924698,"Cuneiform Tablet ITT 4, 08166",update,4,7,written,,
323390,Q2048121,"Cuneiform Tablet CUSAS 20, 377",update,4,7,written,,
452811,Q2163008,Cuneiform Tablet P452811,create,10,1,written,,
401989,Q2163009,Cuneiform Tablet K 16387,create,10,1,written,,
586081,Q2163010,Cuneiform Tablet BM 066555,create,9,1,written,,
557971,Q2163011,Cuneiform Tablet BM 042677,create,8,1,written,,
129150,Q2027596,"Cuneiform Tablet SACT 2, 193",update,4,8,written,,
499915,Q2059802,Cuneiform Tablet Fs Van Lerberghe 194,update,4,8,written,,
583779,Q2163012,Cuneiform Tablet BM 063682,create,10,1,written,,
2498,Q2163013,"Cuneiform Tablet ATU 6, pl. 077, W 15895,x",create,10,1,written,,
326468,Q2163014,"Cuneiform Tablet CUSAS 37, 096",create,9,1,written,,
275368,Q2163015,Cuneiform Tablet N 0101,create,11,1,written,,
208658,Q1984088,"Cuneiform Tablet Nisaba 09, 013",update,4,8,written,,
538085,Q2163016,Cuneiform Artifact CDLI Seals 017260 (physical),create,7,1,written,,
370208,Q2163017,"Cuneiform Tablet MDP 18, 178",create,10,1,written,,
522871,Q1983255,"Cuneiform Tablet Akkadica Supp. 13, ACP 22",update,3,8,written,,
262854,Q2028601,"Cuneiform Tablet CDLI Literary 000623, ex. 002",update,4,8,written,,
356290,Q2029872,"Cuneiform Tablet CDLI Literary 000756, ex. 011",update,4,8,written,,
367934,Q2163018,"Cuneiform Tablet CT 57, 0795",create,11,1,written,,
121560,Q1973609,Cuneiform Tablet NATN 863,update,4,8,written,,
256408,Q2163019,Cuneiform Tablet UM 29-15-691,create,11,1,written,,
305308,Q2163020,"Cuneiform Tablet YOS 06, 224",create,11,1,written,,
353568,Q2163021,"Cuneiform Tablet ARM 24, 153",create,11,1,written,,
378638,Q2163022,Cuneiform Tablet BM 087385,create,10,1,written,,
124298,Q1998564,"Cuneiform Tablet OIP 121, 568",update,4,8,written,,
474889,Q2163023,Cuneiform Artifact CDLI Seals 008112 (physical),create,9,1,written,,
205590,Q2003763,Cuneiform Tablet BM 020131,update,4,8,written,,
200268,Q1981377,"Cuneiform Tablet Nisaba 01, 214",update,4,8,written,,
336891,Q2038031,"Cuneiform Tablet StAT 2, 083",update,4,8,written,,
117901,Q1962472,"Cuneiform Tablet MVN 14, 0220",update,4,8,written,,
569120,Q2163024,Cuneiform Tablet BM 044073,create,7,1,written,,
307335,Q2163025,Cuneiform Tablet YBC 06300,create,10,1,written,,
411570,Q2163026,Cuneiform Tablet CUNES 52-02-052,create,8,1,written,,
514410,Q2163027,Cuneiform Artifact CDLI Seals 013829 (composite),create,10,0,written,,
351555,Q2163028,"Cuneiform Tablet ARM 19, 016",create,11,1,written,,
547588,Q2163029,Cuneiform Artifact CDLI Seals 025016 (physical),create,7,1,written,,
542270,Q2163030,Cuneiform Artifact CDLI Seals 021428 (physical),create,8,0,written,,
8095,Q2163031,"Cuneiform Tablet MDP 06, 306",create,10,1,written,,
447310,Q2163032,"Cuneiform Tablet KUB 55, 051",create,10,1,written,,
589374,Q2163033,Cuneiform Tablet BM 070332,create,9,1,written,,
414288,Q2034939,Cuneiform Tablet SBH 21,update,4,7,written,,
144899,Q2033865,"Cuneiform Tablet SAT 3, 1699",update,4,8,written,,
260869,Q2163034,Cuneiform Tablet CBS 04555,create,7,1,written,,
600056,Q2163035,Cuneiform Tablet BM 096509,create,10,1,written,,
365909,Q2163036,"Cuneiform Tablet CT 28, pl. 19, K 12001",create,11,1,written,,
559596,Q2163037,Cuneiform Tablet BM 085696,create,11,1,written,,
116613,Q1957042,"Cuneiform Tablet MVN 12, 351",update,3,8,written,,
592492,Q2163038,Cuneiform Tablet BM 074130,create,9,1,written,,
366626,Q2163039,"Cuneiform Tablet CT 56, 311",create,10,1,written,,
264083,Q2017294,Cuneiform Tablet CBS 06510,update,4,8,written,,
337783,Q2163040,Cuneiform Tablet OIM A04993,create,11,1,written,,
508433,Q2163041,Cuneiform Tablet Menshed diss. no. 21,create,10,1,written,,
140073,Q2163042,"Cuneiform Tablet UTI 3, 2054",create,11,1,written,,
330046,Q2163043,"Cuneiform Tablet CUSAS 01, 196",create,8,1,written,,
595357,Q2163044,Cuneiform Tablet BM 079975,create,10,1,written,,
235126,Q2163045,"Cuneiform Tablet Moore, NBDM no. 35",create,11,1,written,,
263746,Q2163046,Cuneiform Artifact CDLI Seals 000817 (physical),create,8,1,written,,
490237,Q2163047,"Cuneiform Tablet BagM 02, 078-079",create,11,1,written,,
470063,Q2019334,Cuneiform Tablet CDLB 2014/005 §2.1,update,4,7,written,,
386472,Q1892785,"Cuneiform Tablet TCL 01, 036",update,3,8,written,,
575103,Q2163048,Cuneiform Tablet BM 073920,create,8,1,written,,
283512,Q2163049,Cuneiform Tablet VAT 20311,create,8,1,written,,
516587,Q2054552,"Cuneiform Tablet CUSAS 40, 1803",update,4,7,written,,
445287,Q2163050,"Cuneiform Tablet KUB 32, 052",create,10,1,written,,
248416,Q2163051,Cuneiform Tablet HMA 9-02923,create,9,1,written,,
474923,Q2163052,Cuneiform Artifact CDLI Seals 008146 (physical),create,9,1,written,,
571843,Q2163053,Cuneiform Tablet BM 049002,create,7,1,written,,
378792,Q2163054,Cuneiform Tablet BM 087577,create,10,1,written,,
231866,Q2163055,"Cuneiform Artifact RIME 3/1.01.06.04, ex. 049",create,11,1,written,,
354307,Q2163056,"Cuneiform Tablet ARM 25, 568",create,11,1,written,,
334906,Q1974813,Cuneiform Tablet ABL 1435 +,update,4,8,written,,
115896,Q2163057,"Cuneiform Tablet MVN 10, 124",create,9,1,written,,
302567,Q2163058,Cuneiform Tablet NCBT 00514,create,11,1,written,,
124332,Q1998622,"Cuneiform Tablet OIP 121, 602",update,4,8,written,,
251267,Q2163059,"Cuneiform Tablet CUSAS 09, 269",create,8,1,written,,
144933,Q2033931,"Cuneiform Tablet SAT 3, 1733",update,4,8,written,,
469612,Q2163060,Cuneiform Tablet BM 131531,create,7,1,written,,
547422,Q2163061,Cuneiform Artifact CDLI Seals 024850 (physical),create,9,1,written,,
329637,Q2163062,Cuneiform Tablet CUNES 48-04-123,create,8,1,written,,
511242,Q2163063,"Cuneiform Tablet JCS 09, 077 021",create,11,1,written,,
207407,Q2163064,Cuneiform Tablet BM 028958,create,11,1,written,,
442542,Q2163065,"Cuneiform Tablet KBo 50, 004",create,10,1,written,,
414322,Q2035005,Cuneiform Tablet SBH 57,update,4,7,written,,
138311,Q2056547,"Cuneiform Tablet UET 9, 0180",update,4,8,written,,
425886,Q2163066,"Cuneiform Tablet JNES 33, 319 Sm 1377",create,10,1,written,,
577094,Q2163067,Cuneiform Tablet BM 052065,create,9,1,written,,
468900,Q2015487,"Cuneiform Artifact RINAP 5/3, Ashurbanipal 245, ex. 001",update,4,8,written,,
145621,Q1994780,"Cuneiform Tablet AuOr 17-18, 228 40",update,4,8,written,,
113041,Q1938817,"Cuneiform Tablet MVN 01, 008",update,4,8,written,,
328925,Q2047781,"Cuneiform Tablet CUSAS 20, 203",update,4,6,written,,
319281,Q2163068,Cuneiform Tablet BM 019921,create,11,1,written,,
424794,Q2163069,"Cuneiform Tablet CT 31, pl. 23, Rm 0482",create,10,1,written,,
497458,Q2064250,"Cuneiform Tablet WVDOG 143, 054",update,4,8,written,,
264129,Q2163070,Cuneiform Tablet CBS 06621,create,9,1,written,,
230774,Q2035902,"Cuneiform Tablet SLFN 75, 3N-T903,101",update,4,8,written,,
337629,Q2163071,Cuneiform Tablet OIM A04507,create,11,1,written,,
266114,Q2163072,Cuneiform Tablet CBS 10921,create,9,1,written,,
495465,Q2163073,Cuneiform Tablet P495465,create,8,1,written,,
408301,Q2163074,"Cuneiform Tablet HSS 13, 033",create,10,1,written,,
361049,Q1371599,"Cuneiform Tablet JCS 14, 011, 07",update,5,6,written,,
232749,Q2163075,"Cuneiform Artifact RIME 3/1.01.07.035, ex. 04",create,11,1,written,,
363074,Q1987134,"Cuneiform Tablet Nisaba 16, 160",update,4,8,written,,
590505,Q2163076,Cuneiform Tablet BM 071594,create,9,1,written,,
114784,Q1950218,"Cuneiform Tablet MVN 06, 354",update,4,8,written,,
592538,Q2163077,Cuneiform Tablet BM 074196,create,9,1,written,,
379880,Q2163078,Cuneiform Tablet BM 093156,create,10,1,written,,
335614,Q1980860,Cuneiform Tablet ADD 0750,update,4,8,written,,
475631,Q2163079,Cuneiform Artifact CDLI Seals 008891 (physical),create,9,1,written,,
383220,Q2163080,"Cuneiform Tablet OIP 092, 0534",create,10,1,written,,
570751,Q2163081,Cuneiform Tablet BM 047044,create,8,1,written,,
348324,Q2163082,Cuneiform Tablet AlT 357,create,11,1,written,,
286340,Q1975447,Cuneiform Tablet NBC 10167,update,3,8,written,,
505651,Q2163083,Cuneiform Tablet YBC 16889,create,7,1,written,,
423051,Q2163084,"Cuneiform Artifact RINAP 5/1 Ashurbanipal 009, ex. 001",create,10,1,written,,
598135,Q2163085,Cuneiform Tablet BM 084366,create,9,1,written,,
508599,Q2163086,Cuneiform Tablet Hamid diss. no. 41,create,9,1,written,,
553031,Q2163087,Cuneiform Tablet Nbn. 976,create,11,1,written,,
456151,Q2163088,Cuneiform Artifact CDLI Seals 003441 (composite),create,10,0,written,,
526131,Q2163089,Cuneiform Tablet IB 0865,create,9,1,written,,
316174,Q2163090,Cuneiform Tablet BM 014853,create,11,1,written,,
340714,Q2163091,"Cuneiform Tablet BPOA 02, 2061",create,11,1,written,,
238344,Q2163092,Cuneiform Tablet ABL 0272,create,11,1,written,,
213014,Q2036544,"Cuneiform Tablet CT 50, 108",update,4,7,written,,
400731,Q2163093,Cuneiform Tablet K 14303,create,10,1,written,,
130721,Q2040705,Cuneiform Tablet Syracuse 170,update,4,7,written,,
245674,Q2163094,Cuneiform Tablet P245674,create,10,1,written,,
578361,Q2163095,Cuneiform Tablet BM 053542,create,9,1,written,,
396921,Q2163096,Cuneiform Tablet Multabiltu no. 071,create,11,1,written,,
369479,Q2163097,Cuneiform Tablet OBTI 049,create,10,1,written,,
293841,Q2163098,Cuneiform Tablet NBC 04285,create,11,1,written,,
502194,Q2163099,"Cuneiform Tablet TCTI 3, 06484",create,11,1,written,,
258945,Q2163100,"Cuneiform Tablet BE 06/2, 123",create,10,1,written,,
518960,Q2163101,"Cuneiform Artifact RINBE 2, Nabonidus 18, ex. 15",create,10,1,written,,
259657,Q2163102,"Cuneiform Tablet BE 15, 181",create,10,1,written,,
397633,Q2163103,Cuneiform Tablet K 08446,create,10,1,written,,
211029,Q2008859,"Cuneiform Tablet BPOA 06, 0899",update,4,8,written,,
292753,Q2163104,"Cuneiform Artifact BIN 07, 134",create,11,1,written,,
314149,Q2038121,"Cuneiform Tablet CT 53, 739",update,4,8,written,,
437442,Q2163105,"Cuneiform Tablet KBo 27, 189",create,10,1,written,,
532522,Q2163106,Cuneiform Tablet SPAB 056,create,11,1,written,,
564342,Q2163107,Cuneiform Tablet BM 039333,create,10,1,written,,
461222,Q2006837,"Cuneiform Tablet MC 25, 467",update,4,7,written,,
450986,Q1988331,Cuneiform Artifact P450986,update,3,5,written,,
272507,Q2163108,"Cuneiform Tablet AuOrS 01, 052",create,9,1,written,,
131833,Q2041582,Cuneiform Tablet Tavolette 048,update,4,8,written,,
224367,Q2029739,"Cuneiform Tablet SAOC 44, 67",update,4,7,written,,
584116,Q2163109,Cuneiform Tablet BM 064114,create,11,1,written,,
107452,Q2033094,Cuneiform Tablet CHEU 019,update,4,7,written,,
100397,Q1983513,Cuneiform Tablet Aleppo 065,update,4,8,written,,
377467,Q2163110,Cuneiform Tablet BM 112501,create,10,1,written,,
244966,Q2163111,Cuneiform Tablet P244966,create,10,1,written,,
481076,Q1931078,"Cuneiform Tablet LAOS 1, 33",update,4,7,written,,
401823,Q2163112,Cuneiform Tablet K 16187,create,10,1,written,,
519672,Q2163113,Cuneiform Artifact CDLI Seals 014291 (composite),create,10,0,written,,
563487,Q2163114,Cuneiform Tablet BM 037792,create,8,1,written,,
504943,Q2163115,Cuneiform Tablet YBC 15138,create,10,1,written,,
430387,Q2163116,Cuneiform Artifact CDLI Seals 000289 (composite),create,10,0,written,,
2532,Q2163117,"Cuneiform Tablet ATU 6, pl. 081, W 15897,c11",create,10,1,written,,
295096,Q2163118,Cuneiform Tablet MLC 00290,create,8,1,written,,
341806,Q2163119,"Cuneiform Tablet ARM 09, 224",create,11,1,written,,
324005,Q2048054,"Cuneiform Tablet CUSAS 20, 342",update,4,6,written,,
581314,Q2163120,Cuneiform Tablet BM 060975,create,10,1,written,,
221165,Q2056935,Cuneiform Tablet DP 515,update,4,8,written,,
372665,Q2163121,"Cuneiform Tablet VS 09, 154",create,10,1,written,,
419510,Q2163122,Cuneiform Tablet K 21204,create,10,1,written,,
297551,Q2163123,Cuneiform Tablet NBC 04532,create,11,1,written,,
359535,Q1369359,"Cuneiform Tablet ICK 1, 138",update,5,6,written,,
392431,Q2163124,"Cuneiform Tablet OIP 122, 010",create,10,1,written,,
277705,Q2030493,"Cuneiform Tablet CDLI Literary 000767, ex. 042",update,4,8,written,,
537720,Q2163125,Cuneiform Artifact CDLI Seals 017004 (physical),create,7,1,written,,
105195,Q1997562,"Cuneiform Tablet BCT 1, 093",update,4,7,written,,
435185,Q2163126,"Cuneiform Tablet KBo 10, 27",create,10,1,written,,
464020,Q2163127,Cuneiform Artifact CDLI Seals 006392 (composite),create,10,0,written,,
268809,Q2163128,Cuneiform Artifact CBS 13799,create,11,1,written,,
566685,Q2163129,Cuneiform Tablet BM 040815,create,10,1,written,,
290294,Q2013631,"Cuneiform Tablet BPOA 07, 2449",update,4,8,written,,
561140,Q2163130,Cuneiform Tablet BM 026410,create,9,1,written,,
308490,Q2163131,"Cuneiform Tablet YOS 07, 080",create,11,1,written,,
102650,Q1990303,"Cuneiform Tablet ASJ 18, 086 21",update,4,8,written,,
129500,Q2035396,Cuneiform Tablet SET 090,update,4,7,written,,
519388,Q2066799,"Cuneiform Tablet ZA 109, 140-141 17",update,4,8,written,,
579989,Q2163132,Cuneiform Tablet BM 058920,create,10,1,written,,
208208,Q2163133,Cuneiform Tablet BM 029760,create,11,1,written,,
583329,Q2163134,Cuneiform Tablet BM 063182,create,10,1,written,,
326038,Q2048380,"Cuneiform Tablet CUSAS 23, 107",update,4,6,written,,
478003,Q2163135,Cuneiform Artifact CDLI Seals 004272 (composite),create,10,0,written,,
223158,Q2163136,"Cuneiform Tablet TIM 03, 041",create,9,1,written,,
103942,Q1992990,"Cuneiform Tablet AUCT 2, 124",update,4,7,written,,
216216,Q2002038,"Cuneiform Tablet OSP 2, 062",update,4,7,written,,
313376,Q1893917,"Cuneiform Tablet CT 43, 086",update,3,8,written,,
567997,Q2163137,Cuneiform Tablet BM 041795,create,9,1,written,,
453353,Q2163138,"Cuneiform Tablet BE 15, 029",create,10,1,written,,
240476,Q2163139,Cuneiform Tablet P240476,create,10,1,written,,
338026,Q2163140,Cuneiform Tablet OIM A05772,create,11,1,written,,
500453,Q1926725,"Cuneiform Tablet JCS 28, 241 10",update,4,8,written,,
345516,Q2163141,"Cuneiform Artifact RINAP 4 Esarhaddon 106, ex. 005",create,11,1,written,,
556233,Q2163142,"Cuneiform Tablet RA 43/1-4, 1-40 no. I.A",create,10,1,written,,
433952,Q2163143,Cuneiform Tablet HKM 059,create,10,1,written,,
369183,Q2163144,Cuneiform Tablet KAR 216,create,11,1,written,,
276817,Q2163145,Cuneiform Tablet N 1696,create,11,1,written,,
498257,Q2163146,Cuneiform Tablet TS 102,create,10,1,written,,
405533,Q1371662,"Cuneiform Tablet Orient 33, 081 4",update,5,5,written,,
507396,Q2163147,Cuneiform Tablet EAH 00112a,create,7,1,written,,
536832,Q1366196,"Cuneiform Tablet AKT 11a, 097",update,7,5,written,,
306877,Q2163148,"Cuneiform Tablet YOS 14, 165",create,10,2,written,,
140423,Q2163149,"Cuneiform Tablet UTI 4, 2404",create,11,1,written,,
454496,Q2163150,Cuneiform Artifact CDLI Seals 001786 (composite),create,10,0,written,,
373977,Q2066331,Cuneiform Tablet YRL SC 1813-Bx1-6,update,3,7,written,,
600406,Q2163151,Cuneiform Tablet BM 099593,create,10,1,written,,
572296,Q2163152,Cuneiform Tablet BM 042671,create,8,1,written,,
588836,Q2163153,Cuneiform Tablet BM 069685,create,9,1,written,,
446852,Q2163154,"Cuneiform Tablet KUB 50, 026",create,10,1,written,,
386022,Q2163155,"Cuneiform Tablet TCL 07, 029",create,11,1,written,,
421596,Q2163156,Cuneiform Tablet CULC 401,create,7,1,written,,
116243,Q2163157,"Cuneiform Artifact MVN 11, G",create,11,1,written,,
543932,Q2163158,Cuneiform Tablet LB 1802 (unpublished),create,11,1,written,,
470433,Q2163159,Cuneiform Tablet PTS 2341,create,10,1,written,,
575553,Q2163160,Cuneiform Tablet BM 050266,create,9,1,written,,
426253,Q2163161,Cuneiform Tablet Sm 2067,create,9,1,written,,
512897,Q2163162,Cuneiform Tablet BM 029818,create,9,1,written,,
283142,Q2163163,Cuneiform Tablet VAT 19691,create,9,1,written,,
595707,Q2163164,Cuneiform Tablet BM 081112,create,10,1,written,,
248046,Q2163165,"Cuneiform Tablet RA 102, 065 15",create,11,1,written,,
330416,Q1971426,"Cuneiform Tablet AAICAB 1/4, Bod S 347",update,4,8,written,,
508063,Q2163166,"Cuneiform Tablet Sumer 34, 132 Diba'i 224",create,11,1,written,,
235576,Q2060738,Cuneiform Tablet USC 6766,update,4,8,written,,
366276,Q1893242,"Cuneiform Tablet CT 48, 080",update,4,8,written,,
111586,Q2163167,"Cuneiform Tablet ITT 5, 06879",create,11,1,written,,
491975,Q2163168,Cuneiform Tablet P491975,create,7,1,written,,
121130,Q1972846,Cuneiform Tablet NATN 432,update,4,8,written,,
263316,Q2163169,Cuneiform Tablet CBS 08509,create,10,1,written,,
594815,Q2163170,Cuneiform Tablet BM 079224,create,9,1,written,,
513785,Q2163171,Cuneiform Artifact CDLI Seals 013769 (composite),create,10,0,written,,
440085,Q2163172,"Cuneiform Tablet KBo 40, 332",create,10,1,written,,
378268,Q2163173,Cuneiform Tablet BM 086792,create,10,1,written,,
229555,Q1937495,"Cuneiform Tablet MSL 13, 013 E",update,4,8,written,,
353138,Q2163174,"Cuneiform Tablet ARM 23, 350",create,11,1,written,,
411120,Q2163175,Cuneiform Tablet CUNES 50-06-049,create,9,1,written,,
256058,Q2163176,Cuneiform Tablet UM 29-15-228,create,11,1,written,,
542620,Q2163177,Cuneiform Artifact CDLI Seals 021766 (physical),create,8,1,written,,
254065,Q2163178,Cuneiform Artifact MS 5034,create,8,1,written,,
447740,Q2163179,"Cuneiform Tablet KUB 60, 078",create,10,1,written,,
305758,Q1893499,"Cuneiform Tablet YOS 02, 032",update,4,8,written,,
589724,Q2163180,Cuneiform Tablet BM 070726,create,9,1,written,,
285995,Q2163181,"Cuneiform Tablet CT 51, 133",create,8,1,written,,
351105,Q2163182,"Cuneiform Tablet ARM 12, 662",create,11,1,written,,
514040,Q2163183,"Cuneiform Tablet Shemshara 2, 053",create,11,1,written,,
202605,Q1969875,"Cuneiform Tablet MVN 22, 271",update,4,8,written,,
307765,Q2163184,Cuneiform Tablet YBC 06748,create,10,2,written,,
318869,Q2163185,Cuneiform Tablet BM 019448,create,11,1,written,,
569570,Q2163186,Cuneiform Tablet BM 044626,create,7,1,written,,
596828,Q2163187,Cuneiform Tablet BM 083235,create,9,1,written,,
334455,Q1973606,Cuneiform Tablet ABL 0655,update,4,8,written,,
493948,Q2163188,Cuneiform Tablet P493948,create,7,1,written,,
591744,Q2163189,Cuneiform Tablet BM 073211,create,9,1,written,,
494624,Q2163190,Cuneiform Tablet P494624,create,8,1,written,,
362235,Q2163191,"Cuneiform Tablet Nisaba 33, 458",create,11,1,written,,
398895,Q2163192,Cuneiform Tablet BWL pl. 19 K 10802,create,11,1,written,,
527370,Q1982485,"Cuneiform Tablet AfO Beih 06, TH 034",update,3,8,written,,
409140,Q2163193,"Cuneiform Tablet HSS 16, 051",create,10,1,written,,
353991,Q2163194,"Cuneiform Tablet ARM 25, 252",create,11,1,written,,
382061,Q2163195,"Cuneiform Tablet TCBI 2/1, 52",create,9,1,written,,
231535,Q2031586,"Cuneiform Tablet CDLI Literary 000796, ex. 057",update,4,8,written,,
267355,Q2163196,Cuneiform Tablet CBS 12750,create,10,1,written,,
349165,Q1994860,"Cuneiform Tablet AUWE 23, 165",update,4,6,written,,
387799,Q2163197,Cuneiform Tablet RIAA 238,create,9,1,written,,
422210,Q2163198,Cuneiform Tablet BM 099264,create,7,1,written,,
571510,Q2163199,Cuneiform Tablet BM 048418,create,8,1,written,,
300809,Q2163200,Cuneiform Tablet NBC 09692,create,10,1,written,,
471388,Q2163201,Cuneiform Tablet PTS 3296,create,9,1,written,,
205969,Q2163202,Cuneiform Tablet BM 025363,create,11,1,written,,
121999,Q2163203,"Cuneiform Tablet Nik 2, 316",create,11,1,written,,
547971,Q2163204,Cuneiform Artifact CDLI Seals 025367 (physical),create,8,1,written,,
522488,Q1983370,"Cuneiform Tablet al-Rafidan 17, 33",update,4,8,written,,
139150,Q2058238,"Cuneiform Tablet UET 9, 1020",update,4,8,written,,
442811,Q2163205,"Cuneiform Tablet KBo 53, 007",create,10,1,written,,
260490,Q2163206,Cuneiform Tablet CBS 04173,create,8,1,written,,
489915,Q2163207,"Cuneiform Tablet BagM 18, 133-198 no. 81",create,11,1,written,,
302834,Q2163208,Cuneiform Tablet NCBT 00781,create,11,1,written,,
474470,Q2163209,Cuneiform Artifact CDLI Seals 007693 (physical),create,10,1,written,,
144460,Q2032997,"Cuneiform Tablet SAT 3, 1260",update,4,8,written,,
207954,Q2163210,Cuneiform Tablet BM 024052,create,11,1,written,,
596081,Q2163211,Cuneiform Tablet BM 081680,create,10,1,written,,
333390,Q2163212,Cuneiform Tablet Kress 040,create,9,1,written,,
593779,Q2163213,Cuneiform Tablet BM 077014,create,10,1,written,,
141398,Q2163214,"Cuneiform Tablet UTI 5, 3379",create,11,1,written,,
360208,Q1369952,"Cuneiform Tablet KTS 2, 66",update,5,6,written,,
336468,Q2022664,Cuneiform Tablet RMA 152,update,4,8,written,,
112200,Q1926958,"Cuneiform Tablet JCS 38, 045 15",update,4,8,written,,
265368,Q2163215,Cuneiform Tablet CBS 10105,create,8,1,written,,
496619,Q2163216,"Cuneiform Tablet FM 08, 038",create,11,1,written,,
206646,Q2008039,"Cuneiform Tablet BPOA 01, 0309",update,4,8,written,,
250026,Q2163217,Cuneiform Tablet AUAM 73.2840,create,8,1,written,,
468453,Q2163218,Cuneiform Tablet U 30327,create,7,0,written,,
355146,Q2163219,"Cuneiform Tablet ARM 27, 039",create,11,1,written,,
233508,Q2163220,"Cuneiform Artifact RIME 3/1.01.07.037, ex. 0757",create,11,1,written,,
303726,Q2163221,Cuneiform Tablet NCBT 01684,create,11,1,written,,
546663,Q2163222,Cuneiform Artifact CDLI Seals 024140 (physical),create,8,1,written,,
510003,Q2163223,"Cuneiform Tablet MHET 2/5, 625",create,10,1,written,,
415163,Q2163224,"Cuneiform Tablet UET 5, 0279",create,10,1,written,,
352683,Q2163225,"Cuneiform Tablet ARM 22, 237",create,11,1,written,,
443703,Q2163226,"Cuneiform Tablet KBo 57, 298",create,10,1,written,,
125173,Q2001259,"Cuneiform Tablet OrSP 47-49, 283",update,4,8,written,,
399787,Q2163227,Cuneiform Tablet K 12353,create,10,1,written,,
201183,Q2009345,"Cuneiform Tablet Princeton 2, 185",update,4,8,written,,
274083,Q2163228,Cuneiform Tablet ND JTR03,create,9,1,written,,
590856,Q2163229,Cuneiform Tablet BM 072040,create,9,1,written,,
495936,Q2163230,Cuneiform Tablet Sb 12465,create,7,1,written,,
3773,Q2163231,Cuneiform Tablet IM 134393,create,10,1,written,,
549596,Q2163232,Cuneiform Artifact Ashm 1975-0132d,create,8,1,written,,
396472,Q2163233,Cuneiform Tablet K 06350,create,10,1,written,,
533763,Q2163234,Cuneiform Artifact CDLI Seals 003673.4 (composite),create,7,0,written,,
106613,Q2000730,"Cuneiform Tablet BIN 05, 179",update,4,8,written,,
436603,Q2163235,"Cuneiform Tablet KBo 22, 129a + (?) KBo 22, 129",create,10,1,written,,
293512,Q1974605,Cuneiform Tablet NBC 04415,update,4,8,written,,
582492,Q2163236,Cuneiform Tablet BM 062347,create,9,1,written,,
565103,Q2163237,Cuneiform Tablet BM 036597,create,8,1,written,,
376626,Q2163238,Cuneiform Tablet BM 110730,create,10,1,written,,
518433,Q2163239,Cuneiform Tablet STUBM 079,create,11,1,written,,
320046,Q2163240,Cuneiform Tablet BM 022801,create,11,1,written,,
585357,Q2163241,Cuneiform Tablet BM 065758,create,9,1,written,,
258416,Q2163242,Cuneiform Tablet CBS 00965,create,9,1,written,,
460063,Q2163243,Cuneiform Tablet Dillard diss. FLP 1555,create,10,1,written,,
346290,Q2163244,"Cuneiform Tablet UET 6, 0205",create,10,1,written,,
273746,Q2163245,Cuneiform Tablet OBLA 19,create,11,1,written,,
131560,Q2042984,"Cuneiform Tablet TCL 02, 4681",update,4,8,written,,
377934,Q2005565,"Cuneiform Tablet PPAC 5, 0718",update,4,8,written,,
225126,Q2046084,"Cuneiform Tablet TIM 10, 148",update,4,6,written,,
480237,Q2163246,"Cuneiform Tablet SANTAG 4, 036",create,8,1,written,,
272854,Q2163247,Cuneiform Artifact CDLI Seals 001344 (physical),create,9,1,written,,
528085,Q2163248,"Cuneiform Tablet Chagar Bazar 3, 076",create,11,1,written,,
464889,Q2163249,"Cuneiform Tablet CT 17, pl. 33, BM 93081",create,11,2,written,,
246408,Q2163250,Cuneiform Tablet P246408,create,10,1,written,,
437911,Q2163251,"Cuneiform Tablet KBo 30, 110 + (?) KBo 21, 108 + KBo 30, 98",create,10,1,written,,
532871,Q2163252,Cuneiform Tablet SPAB 413,create,10,0,written,,
215590,Q2163253,"Cuneiform Tablet MDP 14, 062-126 27",create,10,1,written,,
343568,Q2163254,"Cuneiform Tablet ISET 1, 215 (pl. 157), Ni 13217",create,10,1,written,,
210268,Q2163255,"Cuneiform Tablet BPOA 06, 0480",create,11,1,written,,
315308,Q2163256,Cuneiform Tablet TJA FM 26,create,9,1,written,,
239105,Q2163257,Cuneiform Tablet K 12341,create,11,1,written,,
552270,Q2163258,Cuneiform Tablet Nbn. 311,create,11,1,written,,
401570,Q2163259,Cuneiform Tablet K 15791,create,10,1,written,,
457310,Q2163260,Cuneiform Artifact CDLI Seals 004600 (composite),create,10,0,written,,
244435,Q2163261,"Cuneiform Tablet ARET 12, 1136",create,10,1,written,,
599374,Q2163262,Cuneiform Tablet BM 094747,create,11,1,written,,
504410,Q893867,"Cuneiform Tablet TMH 10, 017",update,4,7,written,,
326891,Q2048947,"Cuneiform Tablet CUSAS 30, 451",update,3,7,written,,
341555,Q2163263,"Cuneiform Tablet ARM 08, 076",create,11,1,written,,
579120,Q2163264,Cuneiform Tablet BM 054953,create,9,1,written,,
2861,Q2163265,Cuneiform Tablet IM 046098,create,10,1,written,,
270869,Q2163266,Cuneiform Tablet EA 379,create,9,1,written,,
557588,Q2163267,Cuneiform Tablet BM 037896,create,8,1,written,,
212255,Q2163268,"Cuneiform Artifact Hermitage 3, 509",create,11,1,written,,
317335,Q2163269,Cuneiform Tablet BM 016029,create,11,1,written,,
404288,Q2163270,Cuneiform Tablet K 19465,create,10,1,written,,
107901,Q2034514,Cuneiform Tablet CST (JRL) 386,update,4,8,written,,
359866,Q1369668,"Cuneiform Tablet ICK 2, 281",update,5,6,written,,
392962,Q2163271,Cuneiform Tablet KTT 327,create,10,1,written,,
343092,Q2028404,"Cuneiform Tablet CDLI Literary 000616, ex. 002",update,4,8,written,,
210792,Q2163272,Cuneiform Tablet YBC 14963,create,10,1,written,,
388196,Q2163273,Cuneiform Tablet Kress 134,create,9,1,written,,
419843,Q2163274,Cuneiform Tablet K 21574,create,10,1,written,,
134762,Q2048338,Cuneiform Tablet Trouvaille 89,update,4,8,written,,
344757,Q2163275,Cuneiform Tablet PRAK A 460bis,create,8,1,written,,
241637,Q2163276,Cuneiform Tablet P241637,create,10,1,written,,
586982,Q2163277,Cuneiform Tablet BM 067701,create,9,1,written,,
297802,Q2163278,Cuneiform Tablet NBC 04780,create,11,1,written,,
479242,Q2163279,"Cuneiform Tablet RA 091, 075",create,10,1,written,,
312137,Q2163280,Cuneiform Artifact YBC 12179,create,10,1,written,,
557072,Q2163281,"Cuneiform Tablet KAL 16, 08",create,11,1,written,,
217057,Q2039542,"Cuneiform Tablet STTI 1, 012",update,4,7,written,,
339267,Q2163282,"Cuneiform Tablet BPOA 01, 0611",create,11,1,written,,
129853,Q2036227,Cuneiform Tablet SNAT 092,update,4,8,written,,
404772,Q2163283,"Cuneiform Artifact RIME 3/1.01.07.037, ex. add1362",create,9,1,written,,
501612,Q2163284,"Cuneiform Tablet TCTI 3, 05530",create,11,1,written,,
128741,Q2025745,Cuneiform Tablet SA 144,update,4,7,written,,
500900,Q2163285,"Cuneiform Tablet CTMMA 4, nn",create,7,1,written,,
322581,Q1989957,"Cuneiform Tablet Nisaba 32, 030",update,4,7,written,,
499016,Q1362573,"Cuneiform Tablet AKT 6a, 209",update,6,6,written,,
587690,Q2163286,Cuneiform Tablet BM 068571,create,10,1,written,,
271281,Q2163287,"Cuneiform Tablet Emar 6/1, p. 081, Msk 731012",create,9,1,written,,
240925,Q2163288,Cuneiform Tablet P240925,create,10,1,written,,
103411,Q1991911,"Cuneiform Tablet AUCT 1, 566",update,4,7,written,,
345845,Q2046615,"Cuneiform Tablet TLB 02, 06",update,4,6,written,,
371419,Q2163289,"Cuneiform Tablet VS 03, 130",create,8,1,written,,
3289,Q2163290,"Cuneiform Tablet ATU 7, pl. 023, W 19637",create,9,1,written,,
135870,Q2050428,Cuneiform Tablet TUT 276,update,4,8,written,,
209049,Q1981775,"Cuneiform Tablet Nisaba 03/1, 099",update,4,8,written,,
553898,Q2163291,Cuneiform Tablet Nbn. 746,create,10,1,written,,
274579,Q2163292,Cuneiform Tablet Souvay 85 (lost),create,9,1,written,,
582168,Q2163293,Cuneiform Tablet BM 061989,create,9,1,written,,
211880,Q2028814,"Cuneiform Tablet SANTAG 6, 125",update,4,8,written,,
418751,Q2163294,Cuneiform Tablet K 20314,create,10,1,written,,
276544,Q2026663,"Cuneiform Tablet CDLI Literary 000382, ex. 020",update,4,8,written,,
222319,Q2163295,"Cuneiform Tablet AAICAB 1/1, pl. 003, 1924-467",create,9,1,written,,
433401,Q2163296,"Cuneiform Tablet HD: W 19900,072",create,9,1,written,,
373424,Q2163297,"Cuneiform Artifact RIMA 1.0.033.007, ex. 08",create,11,1,written,,
296710,Q2015579,"Cuneiform Tablet BRM 2, 32",update,4,7,written,,
325244,Q2163298,"Cuneiform Tablet CUSAS 01, 147",create,9,1,written,,
536561,Q1367696,"Cuneiform Tablet AKT 9a, 057",update,6,5,written,,
465261,Q2163300,"Cuneiform Artifact RIMA 3.0.102.104, ex. 03",create,10,1,written,,
560301,Q2163301,Cuneiform Artifact BM 016633,create,9,1,written,,
358774,Q1359393,"Cuneiform Tablet CCT 5, 20, BM 120501",update,5,6,written,,
393670,Q2026434,"Cuneiform Tablet SAA 19, 181",update,4,8,written,,
396188,Q2163302,Cuneiform Tablet K 05819,create,10,1,written,,
242918,Q2163303,"Cuneiform Tablet ARET 03, 722",create,10,1,written,,
460599,Q2163304,Cuneiform Tablet FLP 2207,create,9,1,written,,
580155,Q2163305,Cuneiform Tablet BM 059095,create,11,1,written,,
533299,Q2163306,Cuneiform Artifact CDLI Seals 001801.2 (composite),create,7,0,written,,
600955,Q2163307,Cuneiform Tablet BM 100990,create,10,1,written,,
515201,Q2051970,"Cuneiform Tablet CUSAS 40, 0417",update,4,7,written,,
347878,Q2163308,"Cuneiform Tablet Ras Shamra-Ougarit 07, 040",create,10,1,written,,
543461,Q2163309,Cuneiform Tablet LB 2740 (unpublished),create,10,1,written,,
228714,Q1937775,"Cuneiform Tablet MSL 13, 094 T1",update,4,8,written,,
588565,Q2163310,Cuneiform Tablet BM 069384,create,9,1,written,,
264980,Q2163311,"Cuneiform Artifact RIME 1.14.20.01, ex. 46",create,11,1,written,,
410361,Q2163312,Cuneiform Tablet CUNES 49-03-087,create,8,1,written,,
203444,Q1984575,"Cuneiform Tablet Nisaba 10, 044",update,4,8,written,,
140970,Q2061531,"Cuneiform Tablet UTI 4, 2951",update,4,8,written,,
350344,Q2163313,"Cuneiform Tablet ARM 11, 201",create,11,1,written,,
255224,Q2163314,Cuneiform Tablet UM 29-13-236,create,9,1,written,,
568731,Q2163315,Cuneiform Tablet BM 043335,create,8,1,written,,
332978,Q2163316,Cuneiform Artifact LinElam X,create,8,1,written,,
446501,Q2163317,"Cuneiform Tablet KUB 46, 024",create,10,1,written,,
204381,Q2163318,Cuneiform Tablet BM 028731,create,11,1,written,,
237818,Q1973950,Cuneiform Tablet ABL 0852,update,4,8,written,,
330945,Q2163319,Cuneiform Tablet IM 061594,create,11,1,written,,
415499,Q2163320,"Cuneiform Tablet UET 5, 0627",create,10,1,written,,
357481,Q1370855,"Cuneiform Tablet TCL 04, 146",update,5,7,written,,
539694,Q2163321,Cuneiform Artifact CDLI Seals 018876 (physical),create,8,1,written,,
546399,Q2163322,Cuneiform Artifact CDLI Seals 024037 (physical),create,9,1,written,,
602968,Q2163323,"Cuneiform Tablet Schaudig, Babil 5, no. 12 (N13: 182)",create,9,1,written,,
379029,Q2006407,"Cuneiform Tablet PPAC 5, 1151",update,4,8,written,,
235825,Q2163324,Cuneiform Artifact P235825,create,9,1,written,,
470960,Q2163325,Cuneiform Tablet PTS 2868,create,10,1,written,,
120371,Q1968807,"Cuneiform Tablet MVN 21, 134",update,4,8,written,,
575800,Q2163326,Cuneiform Tablet BM 050558,create,9,1,written,,
352379,Q2163327,"Cuneiform Tablet ARM 21, 377",create,11,1,written,,
526998,Q2035101,"Cuneiform Tablet Scribe's workshop, 219",update,3,5,written,,
282303,Q1928831,Cuneiform Tablet KAJ 291,update,4,6,written,,
201479,Q2009890,"Cuneiform Tablet Princeton 2, 480",update,4,8,written,,
257219,Q2028339,"Cuneiform Tablet CDLI Literary 000582, ex. 003",update,4,8,written,,
125489,Q2163329,"Cuneiform Tablet PDT 1, 0073",create,11,1,written,,
304519,Q2163330,Cuneiform Tablet YBC 01955,create,10,1,written,,
387263,Q2163331,"Cuneiform Tablet TCL 13, 198",create,11,1,written,,
574712,Q2163332,Cuneiform Tablet BM 068826,create,7,1,written,,
249207,Q1971351,"Cuneiform Tablet AAICAB 1/3, pl. 250, Bod S 308",update,4,8,written,,
491426,Q2163333,Cuneiform Tablet BM 131638,create,9,1,written,,
594546,Q2163334,Cuneiform Tablet BM 078820,create,10,1,written,,
367037,Q2163335,"Cuneiform Tablet CT 56, 722",create,10,1,written,,
509222,Q2163336,Cuneiform Artifact CDLI Seals 012852 (composite),create,10,0,written,,
141662,Q2163337,"Cuneiform Tablet UTI 6, 3665",create,11,1,written,,
262157,Q2003017,"Cuneiform Tablet PBS 08/2, 122",update,4,8,written,,
593283,Q2163338,Cuneiform Tablet BM 076340,create,9,1,written,,
569823,Q2163339,Cuneiform Tablet BM 044903,create,7,1,written,,
265692,Q2163340,Cuneiform Tablet CBS 10484,create,9,1,written,,
336192,Q2065922,"Cuneiform Tablet Iraq 32, 137-138 06",update,4,8,written,,
538986,Q2163341,Cuneiform Artifact CDLI Seals 018164 (physical),create,8,1,written,,
331657,Q1982603,"Cuneiform Tablet Nisaba 05/1, 176",update,5,7,written,,
117002,Q1958723,"Cuneiform Tablet MVN 13, 230",update,4,8,written,,
8996,Q2163342,"Cuneiform Tablet MDP 26, 308",create,10,1,written,,
443353,Q2163343,"Cuneiform Tablet KBo 54, 245",create,10,1,written,,
601647,Q2163344,Cuneiform Tablet BM 101775,create,10,1,written,,
558387,Q2163345,Cuneiform Tablet BM 045875,create,9,1,written,,
229806,Q894052,"Cuneiform Tablet EEN 313, HS 1734",update,4,8,written,,
415533,Q2163346,"Cuneiform Tablet UET 5, 0661",create,10,1,written,,
577997,Q2163347,Cuneiform Tablet BM 053051,create,9,1,written,,
510453,Q2163348,Cuneiform Tablet BDHP 77,create,10,1,written,,
303376,Q2163349,Cuneiform Tablet NCBT 01323,create,11,1,written,,
355516,Q2163350,"Cuneiform Tablet ARM 31, 116",create,11,1,written,,
206216,Q1969817,"Cuneiform Tablet MVN 22, 242",update,4,8,written,,
468003,Q2163351,"Cuneiform Artifact RINAP 5/3, Ashurbanipal x2005, ex. 005",create,11,1,written,,
113942,Q1946961,"Cuneiform Tablet MVN 03, 382",update,4,8,written,,
363977,Q2163352,Cuneiform Tablet LBAT 1159,create,10,1,written,,
125523,Q2163353,"Cuneiform Tablet PDT 1, 0107",create,11,1,written,,
379183,Q2006485,"Cuneiform Tablet PPAC 5, 1194",update,4,8,written,,
20443,Q2047036,"Cuneiform Tablet TMH 05, 029 + 030 + TMH NF 1-2, suppl 01 + 02 + 04 + 05",update,4,8,written,,
423952,Q2163354,"Cuneiform Tablet JCS 07, 084 05",create,10,1,written,,
266817,Q2163355,"Cuneiform Tablet PBS 02/2, 019",create,11,1,written,,
517396,Q1990736,"Cuneiform Tablet Nisaba 33, 216",update,4,7,written,,
382431,Q2042582,"Cuneiform Tablet TCBI 1, 179",update,4,6,written,,
362665,Q2163356,Cuneiform Tablet PUL Ex 1219,create,10,1,written,,
571140,Q2163357,Cuneiform Tablet BM 047708,create,7,1,written,,
349535,Q1987309,"Cuneiform Tablet AOAT 275, 353, BM 050724",update,5,7,written,,
444496,Q2163358,"Cuneiform Tablet KUB 18, 069",create,10,1,written,,
526832,Q2033302,Cuneiform Tablet Civil Notebook BM 033426,update,3,7,written,,
334005,Q1972545,Cuneiform Tablet ABL 0053,update,4,8,written,,
422640,Q2163359,"Cuneiform Artifact RINAP 5/1 Ashurbanipal 003, ex. 044 ?",create,10,1,written,,
409510,Q2163360,Cuneiform Tablet CUNES 48-06-519,create,10,1,written,,
527720,Q2163361,Cuneiform Tablet BM 097685,create,10,1,written,,
494274,Q2163362,Cuneiform Tablet P494274,create,7,1,written,,
115195,Q1952001,"Cuneiform Tablet MVN 07, 324",update,4,8,written,,
591314,Q2163363,Cuneiform Tablet BM 072668,create,8,1,written,,
231165,Q1970732,Cuneiform Tablet N 4888,update,4,8,written,,
278809,Q2163364,Cuneiform Tablet N 3825,create,10,1,written,,
280294,Q2024242,"Cuneiform Tablet CDLI Literary 000339, ex. 079",update,4,8,written,,
144030,Q2032158,"Cuneiform Tablet SAT 2, 0830",update,4,8,written,,
425185,Q2163365,"Cuneiform Tablet Rm 2, 567",create,9,1,written,,
509388,Q2163366,"Cuneiform Tablet MHET 1/1, 011",create,11,1,written,,
112650,Q2163367,"Cuneiform Tablet MCS 3, 43 08 BM 105546",create,11,1,written,,
576685,Q2163368,Cuneiform Tablet BM 051635,create,8,1,written,,
218208,Q2029497,"Cuneiform Tablet SANTAG 7, 133",update,4,8,written,,
139500,Q2058931,"Cuneiform Tablet UET 9, 1370",update,4,8,written,,
360658,Q1360820,"Cuneiform Tablet AKT 3, 049",update,5,6,written,,
336038,Q1981704,Cuneiform Tablet ADD 1281,update,4,7,written,,
593329,Q2163369,Cuneiform Tablet BM 076394,create,9,1,written,,
265738,Q2163370,Cuneiform Tablet CBS 10535,create,9,1,written,,
569989,Q2163371,Cuneiform Tablet BM 045077,create,8,1,written,,
496249,Q2163372,"Cuneiform Tablet MDP 09, 249",create,11,1,written,,
450085,Q2163373,Cuneiform Tablet CUNES 49-03-309,create,9,1,written,,
131130,Q2029833,"Cuneiform Tablet SAT 1, 020",update,4,8,written,,
503785,Q2163374,Cuneiform Tablet RS 19.0078,create,9,0,written,,
584815,Q2163375,Cuneiform Tablet BM 065062,create,10,1,written,,
481975,Q2163376,"Cuneiform Tablet CT 49, 144",create,10,1,written,,
212605,Q2163377,"Cuneiform Tablet BIN 08, 024",create,9,1,written,,
315758,Q2163378,Cuneiform Tablet BM 013393,create,11,1,written,,
233158,Q2163379,"Cuneiform Artifact RIME 3/1.01.07.037, ex. 0407",create,11,1,written,,
210638,Q2163380,"Cuneiform Tablet BPOA 06, 0878",create,11,1,written,,
246058,Q2163381,Cuneiform Tablet P246058,create,10,1,written,,
368268,Q2163382,"Cuneiform Tablet SCIAMVS 05, 044-045 no. 27",create,9,1,written,,
317765,Q2163383,Cuneiform Tablet BM 018023,create,11,1,written,,
341105,Q2163384,"Cuneiform Tablet BPOA 02, 2449",create,11,1,written,,
401120,Q2163385,Cuneiform Tablet K 15006,create,10,1,written,,
457740,Q2163386,Cuneiform Artifact CDLI Seals 005030 (composite),create,10,0,written,,
239555,Q2163387,Cuneiform Tablet K 18530,create,10,1,written,,
244065,Q2163388,Cuneiform Tablet P244065,create,10,1,written,,
504040,Q2163389,Cuneiform Tablet RS 88.2011,create,9,0,written,,
552620,Q2163390,"Cuneiform Tablet AOAT 236, no. 58",create,10,1,written,,
295995,Q2163391,Cuneiform Tablet MLC 01226,create,9,1,written,,
553932,Q2163392,Cuneiform Tablet Nbn. 329,create,10,1,written,,
599724,Q2163393,Cuneiform Artifact BM 095794,create,10,1,written,,
586828,Q2163394,Cuneiform Tablet BM 067532,create,11,1,written,,
562296,Q2163395,Cuneiform Tablet BM 033421,create,8,1,written,,
308869,Q2163396,Cuneiform Tablet YBC 07951,create,10,1,written,,
431596,Q2163397,"Cuneiform Artifact RIME 4.02.05.03, ex. 03",create,10,1,written,,
456852,Q2163398,Cuneiform Artifact CDLI Seals 004142 (composite),create,10,0,written,,
598836,Q2163399,Cuneiform Tablet BM 088612,create,10,1,written,,
3323,Q2163400,"Cuneiform Tablet ATU 7, pl. 025, W 19687",create,9,1,written,,
106243,Q1999995,"Cuneiform Tablet BIN 03, 436",update,4,8,written,,
294687,Q2163401,Cuneiform Tablet GCBC 00788,create,10,1,written,,
376276,Q2163402,Cuneiform Tablet BM 111043,create,10,1,written,,
320416,Q2163403,Cuneiform Tablet BM 023560,create,11,1,written,,
213917,Q2163404,"Cuneiform Tablet ITT 2, 02858",create,10,1,written,,
101586,Q1986709,"Cuneiform Tablet AnOr 07, 291",update,4,8,written,,
396022,Q2163405,"Cuneiform Tablet HES 2, p. 185 A, pl. 17",create,10,1,written,,
533333,Q2163406,Cuneiform Artifact CDLI Seals 001960.3 (composite),create,7,0,written,,
480667,Q2163407,"Cuneiform Artifact RIME 4.01.05.03, ex. add082",create,10,1,written,,
460433,Q2163408,Cuneiform Tablet FLP 2013,create,9,1,written,,
225576,Q2163409,"Cuneiform Artifact RIME 4.01.14.03, ex. 01",create,10,1,written,,
585707,Q2163410,Cuneiform Tablet BM 066138,create,10,1,written,,
565553,Q2163411,Cuneiform Tablet Ismail diss. no. 072,create,11,0,written,,
436253,Q2163412,"Cuneiform Tablet KBo 19, 089",create,10,1,written,,
502897,Q1362710,Cuneiform Artifact KKBullae 310 kt c/k 837,update,6,6,written,,
103041,Q1991172,"Cuneiform Tablet AUCT 1, 195",update,4,7,written,,
293142,Q2163413,Cuneiform Tablet NBC 06227,create,10,1,written,,
567094,Q2163414,Cuneiform Tablet BM 041265,create,8,1,written,,
309281,Q2163415,"Cuneiform Tablet YOS 12, 003",create,11,2,written,,
258046,Q2163416,Cuneiform Tablet CBS 00592,create,9,1,written,,
434794,Q2163417,"Cuneiform Tablet KBo 03, 61",create,10,1,written,,
128311,Q2024374,Cuneiform Tablet Rochester 206,update,4,7,written,,
6121,Q2163418,Cuneiform Tablet MS 2782/01,create,9,1,written,,
338925,Q2163419,"Cuneiform Tablet ARM 05, 075",create,11,1,written,,
274129,Q2163420,"Cuneiform Tablet Subartu 12, 156",create,10,1,written,,
582538,Q2163421,Cuneiform Tablet BM 062401,create,10,1,written,,
291485,Q2163422,"Cuneiform Tablet BIN 01, 001",create,11,1,written,,
209419,Q1999313,"Cuneiform Tablet Ontario 2, 104",update,4,8,written,,
465631,Q1372105,"Cuneiform Artifact RIMA 1.0.032.002, ex. 01",update,5,6,written,,
369880,Q2163423,"Cuneiform Tablet MDP 27, 132",create,9,1,written,,
296340,Q2163424,"Cuneiform Tablet YOS 13, 512",create,10,2,written,,
560751,Q2163425,Cuneiform Tablet BM 017727,create,9,1,written,,
371049,Q2163426,"Cuneiform Tablet Umm el-Qaab 1, 053",create,9,1,written,,
433051,Q2163427,Cuneiform Tablet DoCu 496,create,9,1,written,,
276114,Q1969953,Cuneiform Tablet N 0959,update,4,8,written,,
358324,Q1360310,Cuneiform Tablet VAT 13460,update,5,6,written,,
536131,Q1364955,"Cuneiform Tablet AKT 7a, 305",update,6,5,written,,
393220,Q2163428,"Cuneiform Tablet HSS 19, 037",create,10,1,written,,
418301,Q2163429,"Cuneiform Tablet BAM 5, 471",create,11,1,written,,
220774,Q2056163,Cuneiform Tablet DP 124,update,4,8,written,,
104784,Q2163430,"Cuneiform Tablet Babyloniaca 07, pl.21 10",create,10,1,written,,
580505,Q2163431,Cuneiform Tablet BM 059495,create,9,1,written,,
373074,Q2163432,"Cuneiform Tablet VS 18, 011",create,9,1,written,,
105896,Q1999323,"Cuneiform Tablet BIN 03, 090",update,4,8,written,,
134332,Q894630,"Cuneiform Tablet TMH NF 1-2, 020",update,4,8,written,,
325614,Q2016279,"Cuneiform Tablet RIME 2.01.01.add2006, ex. 01 & 2.01.01.add2007, ex. 01",update,4,7,written,,
221866,Q1979900,"Cuneiform Tablet Nik 1, 097",update,4,8,written,,
455287,Q2163433,Cuneiform Artifact CDLI Seals 002577 (composite),create,10,0,written,,
506587,Q2163434,"Cuneiform Tablet Nisaba 34, 0302",create,10,1,written,,
501242,Q2163435,"Cuneiform Tablet TCTI 3, 05041",create,11,1,written,,
464923,Q2163436,"Cuneiform Artifact RIME 3/1.01.12.03, ex. add25",create,9,1,written,,
404322,Q2163437,Cuneiform Tablet K 19503,create,10,1,written,,
368792,Q2163438,Cuneiform Tablet TMN Ist Ni 03786,create,10,1,written,,
557422,Q2163439,Cuneiform Tablet BM 036179,create,8,1,written,,
435886,Q2163440,"Cuneiform Tablet KBo 16, 072 + KBo 16, 073",create,10,1,written,,
561843,Q2163441,Cuneiform Tablet BM 031944,create,8,1,written,,
312567,Q2163442,Cuneiform Tablet YBC 13722,create,10,1,written,,
344307,Q2163443,Cuneiform Tablet PRAK A 015,create,8,1,written,,
479612,Q2163444,"Cuneiform Tablet FM 03, 088",create,11,1,written,,
499446,Q2163445,"Cuneiform Artifact RIME 3/2.01.03.15, ex. add56",create,10,1,written,,
339637,Q2163446,"Cuneiform Tablet BPOA 01, 0982",create,11,1,written,,
452542,Q2163447,Cuneiform Tablet P452542,create,10,1,written,,
217407,Q2061284,Cuneiform Tablet USP 50,update,4,7,written,,
367467,Q2163448,"Cuneiform Tablet CT 57, 0325",create,11,1,written,,
262507,Q2023996,"Cuneiform Tablet Robertson diss. p. 241, CBS 7505",update,4,8,written,,
121833,Q2163449,"Cuneiform Tablet Nik 2, 150",create,11,1,written,,
234367,Q2163450,"Cuneiform Artifact RIME 3/1.01.07.048, ex. 052",create,11,1,written,,
241267,Q2163451,"Cuneiform Tablet ARET 07, 123",create,10,1,written,,
110397,Q2064303,"Cuneiform Tablet HSS 04, 124",update,5,7,written,,
249657,Q2163452,"Cuneiform Tablet AUCT 4, 004",create,9,1,written,,
331207,Q2163453,"Cuneiform Tablet Nisaba 05/1, 148",create,11,1,written,,
471222,Q2163454,Cuneiform Tablet PTS 3130,create,9,1,written,,
509672,Q2163455,"Cuneiform Tablet FAOS 02, 127",create,10,1,written,,
440986,Q2163456,"Cuneiform Tablet KBo 44, 212",create,10,1,written,,
594116,Q2163457,Cuneiform Tablet BM 077853,create,10,1,written,,
282753,Q1926251,"Cuneiform Tablet JCS 07, 148 - 176, 72",update,4,6,written,,
573487,Q2163458,Cuneiform Tablet SCT 096,create,7,1,written,,
514943,Q2051484,"Cuneiform Tablet CUSAS 40, 0159",update,4,7,written,,
574342,Q2163459,Cuneiform Tablet BM 053515,create,7,1,written,,
601217,Q2163460,Cuneiform Tablet BM 101282,create,10,1,written,,
387633,Q2059148,"Cuneiform Tablet Fs Lenoble 162, no. 10",update,4,8,written,,
522522,Q2057412,"Cuneiform Tablet Edubba 10, 35",update,4,8,written,,
568361,Q2163461,Cuneiform Tablet BM 049193,create,9,1,written,,
411823,Q2163462,Cuneiform Tablet CUNES 52-19-029,create,9,1,written,,
420387,Q2036087,Cuneiform Tablet SMUI 1913.14.0007,update,3,8,written,,
254966,Q2163463,"Cuneiform Tablet MCT 098, YBC 10722",create,9,1,written,,
117452,Q1960666,"Cuneiform Tablet MVN 13, 679",update,4,8,written,,
306174,Q1893540,"Cuneiform Tablet YOS 02, 085",update,4,8,written,,
515651,Q2052821,"Cuneiform Tablet CUSAS 40, 0867",update,4,7,written,,
543031,Q2163464,"Cuneiform Tablet Iraq 70, 154 - 155, 02",create,10,1,written,,
350714,Q2163465,"Cuneiform Tablet ARM 12, 271",create,11,1,written,,
255674,Q2163466,Cuneiform Tablet UM 29-13-768,create,11,1,written,,
141232,Q2163467,"Cuneiform Tablet UTI 5, 3213",create,11,1,written,,
588135,Q2163468,Cuneiform Tablet BM 078912,create,9,1,written,,
351806,Q2163469,"Cuneiform Tablet ARM 19, 267",create,11,1,written,,
446151,Q2163470,"Cuneiform Tablet KUB 41, 018",create,10,1,written,,
203014,Q2004009,Cuneiform Tablet BM 020612,update,4,8,written,,
228344,Q2019734,"Cuneiform Tablet CDLI Lexical 000001, ex. 034",update,4,8,written,,
410731,Q2163471,Cuneiform Tablet CUNES 49-15-633,create,9,1,written,,
386921,Q2163472,"Cuneiform Tablet TCL 10, 106",create,10,1,written,,
441694,Q2163473,"Cuneiform Tablet KBo 47, 060",create,10,1,written,,
304149,Q2163474,Cuneiform Tablet NCBT 02112,create,11,1,written,,
352729,Q2163475,"Cuneiform Tablet ARM 22, 283",create,11,1,written,,
283841,Q1983940,"Cuneiform Tablet Nisaba 07, 37",update,4,8,written,,
512194,Q2163476,"Cuneiform Tablet OLP 24, 036-039 05",create,11,1,written,,
201029,Q2009052,"Cuneiform Tablet Princeton 2, 031",update,4,8,written,,
120721,Q1972204,Cuneiform Tablet NATN 026,update,4,8,written,,
257649,Q2163477,Cuneiform Tablet CBS 00084,create,10,1,written,,
508960,Q2163478,Cuneiform Artifact CDLI Seals 012736 (composite),create,10,0,written,,
379479,Q2163479,Cuneiform Tablet BM 088450,create,10,1,written,,
129916,Q2036333,Cuneiform Tablet SNAT 155,update,4,8,written,,
404637,Q2163480,Cuneiform Tablet K 19873,create,10,1,written,,
339322,Q2163481,"Cuneiform Tablet BPOA 01, 0666",create,11,1,written,,
308886,Q2163482,Cuneiform Tablet YBC 07968,create,10,2,written,,
344612,Q2163483,Cuneiform Tablet PRAK A 320,create,8,1,written,,
217112,Q2039648,"Cuneiform Tablet STTI 1, 067",update,4,7,written,,
557137,Q2163484,Cuneiform Tablet BM 032255,create,10,1,written,,
419906,Q2163485,Cuneiform Tablet K 21652,create,10,1,written,,
312072,Q2163486,Cuneiform Tablet YBC 12108,create,10,2,written,,
452057,Q2163487,Cuneiform Tablet P452057,create,10,1,written,,
392827,Q2163488,Cuneiform Artifact KTT 192,create,10,1,written,,
134627,Q893923,"Cuneiform Tablet TMH NF 1-2, 317",update,5,7,written,,
241772,Q2163489,"Cuneiform Tablet ARET 02, 44",create,10,1,written,,
455792,Q2163490,Cuneiform Artifact CDLI Seals 003082 (composite),create,10,0,written,,
297947,Q2163491,Cuneiform Tablet NBC 04925,create,11,1,written,,
359923,Q1369725,"Cuneiform Tablet ICK 2, 338",update,5,6,written,,
296655,Q2163492,"Cuneiform Tablet YOS 10, 21",create,9,1,written,,
465324,Q2163493,"Cuneiform Artifact RIMA 3.0.102.111, ex. 72",create,9,1,written,,
368287,Q2163494,"Cuneiform Tablet UET 7, 0182 (catalogue)",create,10,1,written,,
433544,Q2018833,"Cuneiform Tablet RIME 4.04.01.02, ex. 031",update,4,7,written,,
560244,Q2163495,Cuneiform Tablet BM 016546,create,9,1,written,,
506092,Q2163496,Cuneiform Tablet RBC 02715,create,6,1,written,,
393735,Q2163497,"Cuneiform Tablet BAM 6, 578",create,11,1,written,,
135935,Q2050622,"Cuneiform Tablet UCP 09-02-1, 031",update,4,8,written,,
536424,Q1363625,"Cuneiform Tablet AKT 8, 292",update,5,6,written,,
454880,Q2163498,Cuneiform Artifact CDLI Seals 002170 (composite),create,10,0,written,,
358631,Q1359248,"Cuneiform Tablet CCT 3, 05-06, BM 113365",update,5,6,written,,
418614,Q2163499,Cuneiform Tablet K 20136,create,10,1,written,,
485170,Q2163500,Cuneiform Artifact CDLI Seals 016097 (physical),create,9,0,written,,
276401,Q2163501,Cuneiform Tablet NATN p. 59 catalogue,create,11,1,written,,
104291,Q1993680,"Cuneiform Tablet AUCT 3, 059",update,4,7,written,,
373561,Q2163502,"Cuneiform Artifact RIMA 2.0.087.028, ex. 04",create,11,1,written,,
580010,Q2163503,Cuneiform Tablet BM 058942,create,10,1,written,,
101569,Q1986675,"Cuneiform Tablet AnOr 07, 274",update,4,8,written,,
289959,Q2163504,Cuneiform Tablet VBoT 135,create,10,1,written,,
325301,Q2163505,"Cuneiform Tablet CUSAS 08, 035",create,9,1,written,,
376299,Q2163506,Cuneiform Tablet BM 111067,create,10,1,written,,
480688,Q2163507,"Cuneiform Artifact RIME 3/1.01.07.041, ex. add404",create,10,1,written,,
4409,Q2163508,Cuneiform Tablet IM 074333,create,10,1,written,,
225599,Q2163509,"Cuneiform Artifact RIME 4.02.05.02, ex. 08",create,10,1,written,,
502878,Q2163510,Cuneiform Artifact CDLI Seals 012505 (physical),create,6,1,written,,
407918,Q2163511,Cuneiform Tablet Dole diss. HSM 7616,create,11,1,written,,
240860,Q2163512,"Cuneiform Tablet ARET 04, 10",create,11,1,written,,
345900,Q2163513,"Cuneiform Tablet BBVOT 03, 39",create,10,1,written,,
103554,Q1992198,"Cuneiform Tablet AUCT 1, 709",update,4,7,written,,
6434,Q2163514,"Cuneiform Tablet CUSAS 31, 186",create,9,1,written,,
309794,Q2163515,Cuneiform Tablet YBC 09062,create,11,1,written,,
567581,Q2163516,Cuneiform Tablet BM 040055,create,11,1,written,,
405925,Q2163517,Cuneiform Tablet SM 1899.02.148,create,9,1,written,,
291190,Q2011731,"Cuneiform Tablet BPOA 07, 1976",update,4,8,written,,
128604,Q2025543,Cuneiform Tablet SA 047,update,4,7,written,,
434281,Q2163518,"Cuneiform Tablet IBoT 03, 037",create,10,1,written,,
500845,Q2163519,"Cuneiform Artifact RINBE 1/1, Nebuchadnezzar II 021 ex. 01",create,11,1,written,,
562279,Q2163520,Cuneiform Tablet BM 033396,create,7,1,written,,
391708,Q2163521,"Cuneiform Tablet CUSAS 26, 196",create,9,1,written,,
467319,Q2163522,"Cuneiform Artifact RIMA 2.0.087.001, ex. 09",create,10,1,written,,
575945,Q2163523,Cuneiform Tablet BM 050787,create,9,1,written,,
294668,Q2163524,"Cuneiform Tablet GCCI 2, 282",create,10,1,written,,
431579,Q2163525,"Cuneiform Artifact RIME 4.01.15.02, ex. 03",create,10,1,written,,
137908,Q2054938,"Cuneiform Tablet UET 3, 1582",update,4,8,written,,
441381,Q2163526,"Cuneiform Tablet KBo 46, 071",create,10,1,written,,
330800,Q2163527,Cuneiform Tablet IM 059748,create,11,1,written,,
235960,Q2163528,Cuneiform Tablet HS 2318,create,11,1,written,,
512481,Q2163529,"Cuneiform Tablet Tell ed-Dēr 2, 160 12",create,11,1,written,,
111990,Q1926509,"Cuneiform Tablet JCS 23, 114 32",update,5,7,written,,
470825,Q2163530,Cuneiform Tablet PTS 2733,create,9,1,written,,
399338,Q2163531,Cuneiform Tablet K 11595,create,10,1,written,,
541519,Q2163532,Cuneiform Artifact CDLI Seals 020681 (physical),create,8,1,written,,
439149,Q2163533,"Cuneiform Tablet KBo 37, 017",create,10,1,written,,
142808,Q1970086,"Cuneiform Tablet AAICAB 1/1, pl. 058, 1924-0531",update,3,8,written,,
120234,Q1968116,"Cuneiform Tablet MVN 19, 154",update,4,8,written,,
444479,Q2163534,"Cuneiform Tablet KUB 18, 034",create,10,1,written,,
412219,Q2163535,"Cuneiform Tablet CTMMA 2, 046",create,9,1,written,,
517379,Q1990702,"Cuneiform Tablet Nisaba 33, 199",update,4,7,written,,
350201,Q2163536,"Cuneiform Tablet ARM 11, 058",create,11,1,written,,
568674,Q2163537,Cuneiform Tablet BM 043207,create,8,1,written,,
140835,Q2061504,"Cuneiform Tablet UTI 4, 2816",update,4,8,written,,
255361,Q2029884,"Cuneiform Tablet CDLI Literary 000756, ex. 017",update,4,8,written,,
588420,Q2163538,Cuneiform Tablet BM 069219,create,9,1,written,,
421980,Q2163539,Cuneiform Tablet BM 098774,create,7,1,written,,
228651,Q2059251,Cuneiform Tablet UM 29-15-536,update,4,7,written,,
600810,Q2163540,Cuneiform Tablet BM 100836,create,10,1,written,,
410224,Q2163541,Cuneiform Tablet CUNES 49-02-199,create,7,1,written,,
543524,Q2163542,Cuneiform Tablet LB 2564 (unpublished),create,10,1,written,,
577978,Q2163543,Cuneiform Tablet BM 053031,create,9,1,written,,
446444,Q2163544,"Cuneiform Tablet KUB 45, 051",create,10,1,written,,
250499,Q2163545,"Cuneiform Tablet CUSAS 18, 019",create,8,1,written,,
472818,Q2163546,"Cuneiform Artifact Ashm seal cat. I, 52",create,10,1,written,,
109159,Q2055680,Cuneiform Tablet DCS 074,update,4,8,written,,
573192,Q2163547,"Cuneiform Tablet AOAT 236, no. 65",create,11,1,written,,
303399,Q2013927,"Cuneiform Tablet BPOA 07, 2635",update,4,8,written,,
601702,Q2163548,Cuneiform Tablet BM 101840,create,10,1,written,,
285583,Q2163549,Cuneiform Tablet KAV 131,create,8,1,written,,
229943,Q2063736,Cuneiform Tablet HS 1773,update,4,6,written,,
122209,Q1980935,"Cuneiform Tablet Nik 2, 526",update,5,7,written,,
515344,Q2052242,"Cuneiform Tablet CUSAS 40, 0560",update,4,7,written,,
262012,Q2017078,Cuneiform Tablet CBS 05917,update,4,7,written,,
569966,Q2163550,Cuneiform Tablet BM 045053,create,7,1,written,,
141727,Q2061797,"Cuneiform Tablet UTI 6, 3730",update,4,8,written,,
491563,Q2046300,"Cuneiform Tablet TIMA 1, 051",update,4,8,written,,
117147,Q1959354,"Cuneiform Tablet MVN 13, 375",update,4,8,written,,
367172,Q2163551,"Cuneiform Tablet CT 56, 693 (+) CT 57, 031 (dupl.)",create,11,1,written,,
420692,Q2163552,Cuneiform Tablet SMUI 1913.14.0311,create,7,1,written,,
331712,Q1983351,"Cuneiform Tablet Nisaba 05/2, 047",update,5,7,written,,
110682,Q2066877,"Cuneiform Tablet ITT 2, 00812",update,4,8,written,,
594403,Q2163553,Cuneiform Tablet BM 078507,create,10,1,written,,
282246,Q1928719,Cuneiform Tablet KAJ 234,update,4,6,written,,
574657,Q2163554,Cuneiform Tablet BM 066576,create,7,1,written,,
249342,Q2163555,"Cuneiform Artifact AUCT 5, 231",create,9,1,written,,
387326,Q2163556,"Cuneiform Tablet TCL 17, 030",create,10,1,written,,
471737,Q2163557,"Cuneiform Tablet ARM 30, p. 238 M 06048",create,11,1,written,,
302971,Q2163558,Cuneiform Tablet NCBT 00918,create,11,1,written,,
112345,Q2163559,"Cuneiform Tablet JRAS 1937, 471 2",create,10,1,written,,
522037,Q2163560,Cuneiform Artifact CDLI Seals 015480 (physical),create,7,1,written,,
318185,Q2003521,Cuneiform Tablet BM 018592,update,4,8,written,,
144525,Q2033122,"Cuneiform Tablet SAT 3, 1325",update,4,8,written,,
207811,Q2163561,Cuneiform Tablet BM 024688,create,11,1,written,,
576390,Q2163562,Cuneiform Tablet BM 051310,create,11,1,written,,
547834,Q2163563,Cuneiform Artifact CDLI Seals 025255 (physical),create,6,1,written,,
489850,Q2163564,"Cuneiform Tablet BagM 18, 133-198 no. 16",create,11,1,written,,
139015,Q2057969,"Cuneiform Tablet UET 9, 0885",update,4,8,written,,
425490,Q2163565,Cuneiform Tablet Sm 0588,create,9,1,written,,
380119,Q2163566,Cuneiform Tablet BM 095789,create,10,1,written,,
573468,Q2163567,Cuneiform Artifact CDLI Seals 002120.1 (composite),create,7,0,written,,
442954,Q2163568,"Cuneiform Tablet KBo 53, 151",create,10,1,written,,
558738,Q2163569,Cuneiform Tablet BM 054736 + BM 054744,create,8,1,written,,
254989,Q2163570,"Cuneiform Tablet MCT 095, YBC 04673",create,9,1,written,,
476508,Q2163571,Cuneiform Artifact CDLI Seals 009767 (physical),create,8,1,written,,
420368,Q1985166,Cuneiform Tablet P420368,update,3,6,written,,
349020,Q2163572,"Cuneiform Tablet AUWE 23, 017",create,10,1,written,,
474535,Q2163573,Cuneiform Artifact CDLI Seals 007758 (physical),create,10,1,written,,
571455,Q2163574,Cuneiform Tablet BM 048348,create,7,1,written,,
516991,Q2163575,Cuneiform Artifact CDLI Seals 013943 (composite),create,10,0,written,,
115480,Q1953236,"Cuneiform Tablet MVN 08, 089",update,4,8,written,,
334510,Q1973724,Cuneiform Tablet ABL 0720,update,4,8,written,,
422355,Q2163576,Cuneiform Tablet BM 121093,create,7,1,written,,
362370,Q2163577,"Cuneiform Tablet Nisaba 33, 575",create,11,1,written,,
409005,Q2163578,"Cuneiform Tablet HSS 15, 205",create,10,1,written,,
267210,Q2163579,Cuneiform Tablet CBS 12572,create,9,1,written,,
231470,Q2031367,"Cuneiform Tablet CDLI Literary 000795, ex. 027",update,4,8,written,,
591601,Q2163580,Cuneiform Tablet BM 073024,create,9,1,written,,
494761,Q2163581,"Cuneiform Tablet CM 03, no. 341",create,8,1,written,,
110378,Q2064267,"Cuneiform Tablet HSS 04, 105",update,5,7,written,,
367488,Q2163582,"Cuneiform Tablet CT 57, 0346",create,11,1,written,,
234388,Q2163583,"Cuneiform Artifact RIME 3/1.01.07.049, ex. 06",create,10,1,written,,
125036,Q2000990,"Cuneiform Tablet OrSP 47-49, 147",update,4,8,written,,
440969,Q2163584,"Cuneiform Tablet KBo 44, 194",create,10,1,written,,
495873,Q2163585,Cuneiform Tablet Sb 12387,create,7,1,written,,
444183,Q2163586,"Cuneiform Tablet KUB 10, 060",create,10,1,written,,
590913,Q2163587,Cuneiform Tablet BM 072153,create,9,1,written,,
545809,Q2163588,Cuneiform Artifact CDLI Seals 023480 (physical),create,7,1,written,,
20156,Q2062954,"Cuneiform Tablet VS 14, 141",update,4,8,written,,
415026,Q2163589,"Cuneiform Tablet UET 5, 0130",create,10,1,written,,
379496,Q2006669,"Cuneiform Tablet PPAC 5, 1264",update,4,8,written,,
443646,Q2163590,"Cuneiform Tablet KBo 57, 241",create,10,1,written,,
281893,Q2063233,"Cuneiform Tablet VS 19, 01",update,6,6,written,,
510146,Q2163591,"Cuneiform Tablet MHET 2/5, 769",create,10,1,written,,
468516,Q2163592,Cuneiform Tablet U 30663,create,7,0,written,,
101093,Q1985749,"Cuneiform Tablet AnOr 01, 102",update,4,8,written,,
250163,Q2163593,Cuneiform Tablet AUAM 73.3004,create,7,1,written,,
355003,Q2163594,"Cuneiform Tablet ARM 26/2, 446",create,11,1,written,,
585212,Q2163595,Cuneiform Tablet BM 065563,create,10,1,written,,
320103,Q2163596,Cuneiform Tablet BM 022869,create,11,1,written,,
303663,Q2014831,"Cuneiform Tablet BPOA 07, 2871",update,4,8,written,,
546726,Q2163597,Cuneiform Artifact CDLI Seals 024203 (physical),create,8,1,written,,
225063,Q2045979,"Cuneiform Tablet TIM 10, 087",update,4,6,written,,
376763,Q2163598,Cuneiform Tablet BM 110870,create,10,1,written,,
273603,Q2039290,"Cuneiform Tablet CTMMA 1, 099",update,3,7,written,,
206703,Q2163599,Cuneiform Tablet BM 023742,create,11,1,written,,
565046,Q2163600,Cuneiform Tablet BM 048823,create,8,1,written,,
533626,Q2163601,Cuneiform Artifact CDLI Seals 003235.3 (composite),create,7,0,written,,
258553,Q2163602,"Cuneiform Tablet PBS 08/2, 226",create,11,1,written,,
480372,Q2163603,"Cuneiform Tablet BOC pl. 53-54 1881-03-24, 0028+",create,9,1,written,,
460126,Q2163604,Cuneiform Tablet FLP 1618,create,9,1,written,,
436746,Q2163605,"Cuneiform Tablet KBo 23, 020",create,10,1,written,,
293457,Q2018468,"Cuneiform Tablet RIME 4.02.14.02, ex. 06",update,4,8,written,,
3636,Q2163606,"Cuneiform Tablet ATU 7, pl. 054, W 20274,138",create,9,1,written,,
294392,Q2163607,"Cuneiform Tablet GCCI 1, 378",create,10,1,written,,
562783,Q2163608,Cuneiform Tablet BM 035588,create,10,1,written,,
244570,Q2163609,"Cuneiform Tablet ARET 12, 1271",create,10,1,written,,
106756,Q2001013,"Cuneiform Tablet BIN 05, 322",update,4,8,written,,
212310,Q2163610,"Cuneiform Artifact Hermitage 3, 522",create,11,1,written,,
107844,Q2034404,Cuneiform Tablet CST (JRL) 329,update,4,8,written,,
579065,Q2163611,Cuneiform Tablet BM 054881,create,9,1,written,,
2924,Q2163612,"Cuneiform Tablet ATU 7, pl. 002, W 19361,3",create,9,1,written,,
401435,Q2163613,Cuneiform Tablet K 15540,create,10,1,written,,
341410,Q2163614,"Cuneiform Tablet ARM 07, 211",create,11,1,written,,
563891,Q2163615,Cuneiform Tablet BM 038565,create,8,1,written,,
239040,Q2163616,"Cuneiform Tablet Babyloniaca 06, 260",create,11,1,written,,
504555,Q2163617,"Cuneiform Artifact RSO 82 Supp. 1, 114",create,10,1,written,,
599231,Q2163618,Cuneiform Artifact BM 094572,create,10,1,written,,
457255,Q2163619,Cuneiform Artifact CDLI Seals 004545 (composite),create,10,0,written,,
530909,Q2163620,Cuneiform Tablet Ibrahim diss. no. 03,create,11,1,written,,
552335,Q2163621,Cuneiform Tablet Nbn. 819,create,10,1,written,,
118748,Q2163622,"Cuneiform Tablet MVN 16, 0700",create,11,1,written,,
435869,Q2163623,"Cuneiform Tablet KBo 16, 051",create,10,1,written,,
133418,Q2163624,"Cuneiform Tablet TCTI 2, 04257",create,11,1,written,,
241288,Q2163625,Cuneiform Tablet P241288,create,10,1,written,,
450590,Q2020889,"Cuneiform Artifact RINAP 4 Esarhaddon x2004, ex. 001",update,4,8,written,,
437854,Q2163626,"Cuneiform Tablet KBo 30, 038",create,10,1,written,,
503290,Q2163627,Cuneiform Tablet RS 11.0853,create,9,0,written,,
428758,Q2163628,Cuneiform Artifact N 2025,create,8,1,written,,
312588,Q2163629,"Cuneiform Tablet BPOA 06, 0229",create,11,1,written,,
377871,Q2163630,Cuneiform Tablet BM 085987,create,10,1,written,,
131425,Q2030337,"Cuneiform Tablet SAT 1, 317",update,4,8,written,,
221889,Q1979946,"Cuneiform Tablet Nik 1, 120",update,4,8,written,,
919,Q2163631,"Cuneiform Tablet ATU 5, pl. 022, W 6884",create,10,1,written,,
388529,Q2163632,"Cuneiform Tablet CUSAS 09, 361",create,8,1,written,,
455268,Q2163633,Cuneiform Artifact CDLI Seals 002558 (composite),create,10,0,written,,
506568,Q2163634,"Cuneiform Tablet Nisaba 34, 0269",create,10,1,written,,
403408,Q2163635,Cuneiform Tablet K 18158,create,10,1,written,,
105879,Q1999288,"Cuneiform Tablet BIN 03, 073",update,4,8,written,,
532934,Q2163636,Cuneiform Tablet SPAB 476,create,11,1,written,,
325751,Q2163637,"Cuneiform Tablet CUSAS 01, 054",create,8,1,written,,
580440,Q2163638,Cuneiform Tablet BM 059420,create,11,1,written,,
296205,Q2163639,Cuneiform Tablet MLC 01511,create,7,1,written,,
536074,Q1363785,"Cuneiform Tablet AKT 7a, 251",update,6,5,written,,
358261,Q1360245,"Cuneiform Tablet VS 26, 122",update,5,6,written,,
373131,Q2163640,"Cuneiform Tablet VS 18, 068",create,9,1,written,,
276051,Q2163641,Cuneiform Tablet N 0890 + N 0891,create,11,1,written,,
393365,Q2163642,"Cuneiform Tablet HSS 09, 004",create,10,1,written,,
433114,Q2163643,Cuneiform Tablet X.3.140 unpublished assigned,create,9,1,written,,
101139,Q1985840,"Cuneiform Tablet AnOr 01, 148",update,4,8,written,,
4059,Q2163644,Cuneiform Tablet IM 134549,create,10,1,written,,
128254,Q2024296,Cuneiform Tablet Rochester 149,update,4,7,written,,
338860,Q2163645,"Cuneiform Tablet ARM 05, 010",create,11,1,written,,
294238,Q2163646,"Cuneiform Tablet GCCI 2, 165",create,10,1,written,,
271794,Q2163647,"Cuneiform Tablet Emar 6/2, p. 436, Msk 74172b",create,9,1,written,,
6064,Q2163648,Cuneiform Tablet MS 2497,create,8,1,written,,
549579,Q2163649,Cuneiform Artifact Ashm 1950-0242,create,8,1,written,,
103104,Q1991299,"Cuneiform Tablet AUCT 1, 259",update,4,7,written,,
587385,Q2163650,Cuneiform Tablet BM 068191,create,10,1,written,,
467749,Q2048754,"Cuneiform Tablet CUSAS 26, 231",update,4,8,written,,
391358,Q2163651,Cuneiform Tablet OIM A01601,create,8,1,written,,
270886,Q2163652,Cuneiform Tablet EA 118,create,9,1,written,,
344242,Q2163653,Cuneiform Tablet PRAK B 426,create,11,1,written,,
534049,Q2163654,Cuneiform Artifact CDLI Seals 005365.2 (composite),create,7,0,written,,
562629,Q2163655,Cuneiform Tablet BM 034474,create,9,1,written,,
241322,Q2163656,Cuneiform Tablet P241322,create,10,1,written,,
479757,Q2163657,"Cuneiform Tablet FM 06, 037",create,11,1,written,,
217542,Q1975743,Cuneiform Tablet Adab 0835 + 0840,update,4,7,written,,
312422,Q2163658,Cuneiform Tablet YBC 12481,create,11,1,written,,
501307,Q2163659,"Cuneiform Tablet TCTI 3, 05136",create,11,1,written,,
557567,Q2163660,Cuneiform Tablet BM 037470,create,8,1,written,,
499503,Q2163661,Cuneiform Tablet SM 2000.02.011 (cast),create,9,1,written,,
404267,Q2163662,Cuneiform Tablet K 19440,create,10,1,written,,
339772,Q2163663,"Cuneiform Tablet BPOA 01, 1117",create,11,1,written,,
561906,Q2163664,Cuneiform Tablet BM 032065,create,10,1,written,,
210287,Q2163665,Cuneiform Tablet YBC 14200,create,11,1,written,,
343587,Q2163666,"Cuneiform Tablet ISET 1, 226 (pl. 168), Ist L 01500",create,10,1,written,,
324843,Q2045204,"Cuneiform Tablet CUSAS 11, 200",update,4,7,written,,
452407,Q2163667,"Cuneiform Artifact RINAP 5/1 Ashurbanipal 011, ex. 117",create,11,1,written,,
254823,Q2163668,"Cuneiform Tablet MDP 34, 16",create,11,1,written,,
593796,Q2163669,Cuneiform Tablet BM 077050,create,11,1,written,,
134277,Q2046862,"Cuneiform Tablet TLB 03, 136",update,5,7,written,,
558692,Q2163670,Cuneiform Tablet BM 048745,create,8,1,written,,
336487,Q2022826,Cuneiform Tablet RMA 179,update,4,8,written,,
141377,Q2163671,"Cuneiform Tablet UTI 5, 3358",create,11,1,written,,
221923,Q1980008,"Cuneiform Tablet Nik 1, 154",update,4,8,written,,
117517,Q1960900,"Cuneiform Tablet MVN 13, 744",update,4,8,written,,
265387,Q2163672,Cuneiform Artifact CBS 10133,create,10,1,written,,
514806,Q2051042,"Cuneiform Tablet CUSAS 40, 0022",update,4,7,written,,
351943,Q2163673,"Cuneiform Tablet ARM 19, 404",create,11,1,written,,
411966,Q2163674,Cuneiform Tablet CUNES 55-01-043,create,6,1,written,,
471367,Q2163675,Cuneiform Tablet PTS 3275,create,9,1,written,,
282616,Q2163676,"Cuneiform Tablet KAL 12, 03",create,11,1,written,,
601352,Q2163677,Cuneiform Tablet BM 101438,create,10,1,written,,
249712,Q2163678,Cuneiform Tablet P249712,create,9,1,written,,
387776,Q2163679,Cuneiform Tablet RIAA 235,create,9,1,written,,
262442,Q2163680,Cuneiform Tablet CBS 07441,create,7,1,written,,
234222,Q2163681,"Cuneiform Artifact RIME 3/1.01.07.041, ex. 296",create,11,1,written,,
205986,Q2163682,Cuneiform Tablet BM 027639,create,11,1,written,,
331342,Q1982807,"Cuneiform Tablet Nisaba 05/1, 312",update,5,7,written,,
121976,Q2163683,"Cuneiform Tablet Nik 2, 293",create,11,1,written,,
367522,Q2163684,"Cuneiform Tablet CT 57, 0380",create,11,1,written,,
574207,Q2163685,"Cuneiform Tablet OBO 260, no. 157",create,10,1,written,,
357194,Q2027940,"Cuneiform Tablet CDLI Literary 000530, ex. 001",update,3,8,written,,
594053,Q2163686,Cuneiform Tablet BM 077730,create,12,1,written,,
204694,Q2005392,Cuneiform Tablet BM 025278,update,4,8,written,,
386864,Q2163687,"Cuneiform Tablet TCL 10, 047",create,10,1,written,,
539381,Q2163688,Cuneiform Artifact CDLI Seals 018826 (physical),create,7,1,written,,
509737,Q2163689,"Cuneiform Tablet FAOS 02, 195",create,10,1,written,,
508825,Q2163690,Cuneiform Artifact CDLI Seals 012676 (composite),create,10,0,written,,
248800,Q1970644,"Cuneiform Tablet AAICAB 1/2, pl. 127, 1971-285",update,4,8,written,,
120664,Q1971896,"Cuneiform Tablet NABU 1988/052, 2",update,4,7,written,,
412649,Q2163691,Cuneiform Tablet BM 111710,create,10,1,written,,
283904,Q1372698,Cuneiform Tablet KUG 47,update,7,4,written,,
541149,Q2163692,Cuneiform Artifact CDLI Seals 020552 (physical),create,9,1,written,,
399768,Q2163693,Cuneiform Tablet K 12330,create,10,1,written,,
439519,Q2163694,"Cuneiform Tablet KBo 38, 276",create,10,1,written,,
515714,Q2052941,"Cuneiform Tablet CUSAS 40, 0930",update,4,7,written,,
228201,Q1937616,"Cuneiform Tablet MSL 13, 040 G",update,4,8,written,,
588070,Q2163695,"Cuneiform Artifact JCS 31, 127-148 9",create,9,1,written,,
446014,Q2163696,"Cuneiform Tablet KUB 39, 047",create,10,1,written,,
444029,Q2163697,"Cuneiform Tablet KUB 07, 048",create,10,1,written,,
543174,Q2163698,Cuneiform Artifact TA 1930 T0669c,create,9,0,written,,
350651,Q2163699,"Cuneiform Tablet ARM 12, 208",create,11,1,written,,
255731,Q2163700,Cuneiform Tablet UM 29-13-855,create,11,1,written,,
203151,Q2005016,"Cuneiform Tablet PPAC 5, 0435",update,4,8,written,,
306031,Q2163701,"Cuneiform Tablet YOS 13, 433",create,11,2,written,,
602987,Q2163702,"Cuneiform Tablet Schaudig, Babil 5, no. 83 (N13: 235)",create,9,1,written,,
568224,Q2163703,Cuneiform Tablet BM 042538,create,9,1,written,,
384859,Q2163704,"Cuneiform Tablet OECT 03, 62",create,11,1,written,,
592884,Q2163705,Cuneiform Tablet BM 075246,create,11,1,written,,
281939,Q1933942,"Cuneiform Tablet MARV 3, 64",update,6,6,written,,
399292,Q2163706,Cuneiform Tablet K 11419,create,10,1,written,,
109509,Q2062111,Cuneiform Tablet Hirose 038,update,4,7,written,,
526977,Q2163707,"Cuneiform Tablet Schülertexte aus Susa, 231",create,9,1,written,,
423817,Q2163708,Cuneiform Tablet K 22282,create,10,1,written,,
122659,Q1993551,Cuneiform Tablet NYPL 123,update,4,8,written,,
352396,Q2163709,"Cuneiform Tablet ARM 21, 394",create,11,1,written,,
201496,Q2009924,"Cuneiform Tablet Princeton 2, 497",update,4,8,written,,
125466,Q2163710,"Cuneiform Tablet PDT 1, 0050",create,11,1,written,,
20506,Q894393,"Cuneiform Tablet TMH 05, 092",update,5,7,written,,
113807,Q1946338,"Cuneiform Tablet MVN 03, 247",update,4,8,written,,
250533,Q2050853,"Cuneiform Tablet CUSAS 39, 171",update,4,7,written,,
363832,Q2163711,Cuneiform Tablet LBAT 0079 + 0080 (+) 0081,create,10,1,written,,
468146,Q2163712,Cuneiform Tablet U 07769,create,7,0,written,,
332997,Q2163713,"Cuneiform Artifact RIME 4.04.01.03, ex. add151",create,10,1,written,,
266952,Q2163714,Cuneiform Tablet CBS 11815,create,11,1,written,,
206353,Q2004117,Cuneiform Tablet BM 021046,update,4,8,written,,
415476,Q2163715,"Cuneiform Tablet UET 5, 0602",create,10,1,written,,
303233,Q2163716,Cuneiform Tablet NCBT 01180,create,11,1,written,,
546376,Q2163717,Cuneiform Artifact CDLI Seals 024014 (physical),create,7,1,written,,
443216,Q2163718,"Cuneiform Tablet KUB 22, 029 + KBo 54, 106",create,10,1,written,,
510516,Q2163719,"Cuneiform Tablet RA 072, 126 13",create,11,1,written,,
260185,Q2163720,Cuneiform Tablet CBS 03815,create,10,1,written,,
355453,Q2163721,"Cuneiform Tablet ARM 31, 003",create,11,1,written,,
596594,Q2163722,Cuneiform Tablet BM 082898,create,8,1,written,,
144175,Q2032434,"Cuneiform Tablet SAT 2, 0975",update,4,8,written,,
380549,Q2163723,Cuneiform Tablet BM 096772,create,10,1,written,,
333685,Q1986234,"Cuneiform Tablet Nisaba 15, 0813",update,4,7,written,,
139445,Q2058822,"Cuneiform Tablet UET 9, 1315",update,4,8,written,,
573038,Q2163724,Cuneiform Tablet BM 050088,create,8,1,written,,
525658,Q2163725,"Cuneiform Tablet FM 16/2, 047",create,11,1,written,,
476158,Q2163726,Cuneiform Artifact CDLI Seals 009417 (physical),create,8,1,written,,
112715,Q2163727,"Cuneiform Tablet MCS 3, 89 BM 111797",create,11,1,written,,
334140,Q1972816,Cuneiform Tablet ABL 0195,update,4,8,written,,
362720,Q2163728,Cuneiform Tablet PUL Ex 1274,create,10,1,written,,
591251,Q2163729,Cuneiform Tablet BM 072593,create,9,1,written,,
285429,Q2163730,"Cuneiform Tablet BAM 4, 357",create,10,1,written,,
231020,Q1971744,Cuneiform Tablet N 6182,update,4,8,written,,
420738,Q2163731,Cuneiform Tablet SMUI 1913.14.0358,create,7,1,written,,
8979,Q2163732,"Cuneiform Tablet MDP 26, 291",create,10,1,written,,
409455,Q2163733,"Cuneiform Tablet AASOR 16, 092",create,10,1,written,,
349470,Q1987237,"Cuneiform Tablet AOAT 275, 292, BM 037522",update,4,7,written,,
267640,Q2163734,Cuneiform Artifact CBS 12037,create,8,1,written,,
494331,Q2163735,Cuneiform Tablet P494331,create,8,1,written,,
571005,Q2163736,Cuneiform Tablet BM 047439,create,7,1,written,,
527665,Q2163737,Cuneiform Tablet BM 097549,create,10,1,written,,
422705,Q2163738,Cuneiform Tablet BM 127930,create,7,1,written,,
538969,Q2163739,Cuneiform Artifact CDLI Seals 018147 (physical),create,8,1,written,,
382574,Q2163740,"Cuneiform Tablet CT 11, pl. 33, Rm 0910",create,10,1,written,,
457605,Q2163741,Cuneiform Artifact CDLI Seals 004895 (composite),create,10,0,written,,
239410,Q2163742,"Cuneiform Tablet MUL.APIN, text G",create,11,1,written,,
401065,Q2163743,Cuneiform Tablet K 14897,create,10,1,written,,
110728,Q2163744,"Cuneiform Tablet ITT 2, 00858",create,11,1,written,,
552765,Q2163745,"Cuneiform Tablet AOAT 291, pl. 10, BM 050288",create,10,1,written,,
244120,Q2163746,"Cuneiform Tablet ARET 12, 0854",create,10,1,written,,
212740,Q2163747,"Cuneiform Tablet BIN 08, 196",create,9,1,written,,
133048,Q2163748,"Cuneiform Tablet TCTI 2, 03852",create,11,1,written,,
504105,Q2163749,Cuneiform Tablet RS 94.2388,create,9,0,written,,
599661,Q2163750,Cuneiform Tablet BM 095437,create,10,1,written,,
341040,Q2163751,"Cuneiform Tablet BPOA 02, 2385",create,11,1,written,,
317620,Q2163752,Cuneiform Tablet BM 016350,create,11,1,written,,
579435,Q2163753,Cuneiform Tablet BM 055383,create,9,1,written,,
346785,Q2163754,"Cuneiform Tablet UET 6, 0748 + 0759",create,10,1,written,,
339288,Q2163755,"Cuneiform Tablet BPOA 01, 0632",create,11,1,written,,
215085,Q1933158,"Cuneiform Tablet MAD 1, 174",update,5,6,written,,
528590,Q2163756,Cuneiform Artifact CDLI Seals 016649 (physical),create,7,1,written,,
448909,Q2163757,"Cuneiform Tablet Nisaba 19, 219",create,11,1,written,,
118318,Q1965834,"Cuneiform Tablet MVN 15, 038",update,4,7,written,,
131075,Q1970993,"Cuneiform Tablet AAICAB 1/3, pl. 195, Bod A 62",update,4,8,written,,
584950,Q2163758,Cuneiform Tablet BM 065241,create,10,1,written,,
359889,Q1369691,"Cuneiform Tablet ICK 2, 304",update,5,6,written,,
403058,Q2163759,Cuneiform Tablet K 17757,create,10,1,written,,
396167,Q2163760,Cuneiform Tablet K 05789,create,10,1,written,,
455638,Q2163761,Cuneiform Artifact CDLI Seals 002928 (composite),create,9,0,written,,
506138,Q2163762,Cuneiform Tablet RBC 02761,create,6,1,written,,
550758,Q2163763,Cuneiform Tablet Nbk. 010,create,10,1,written,,
388179,Q896863,"Cuneiform Tablet TMH 08, 76",update,4,7,written,,
585642,Q2163764,Cuneiform Tablet BM 066065,create,8,1,written,,
258103,Q2163765,Cuneiform Tablet CBS 00649,create,9,1,written,,
565416,Q2163766,"Cuneiform Tablet SCIAMVS 16, 75-90",create,10,1,written,,
533276,Q2163767,Cuneiform Artifact CDLI Seals 001735.6 (composite),create,7,0,written,,
320553,Q2163768,"Cuneiform Tablet Nisaba 08, 134",create,11,1,written,,
376333,Q2163769,Cuneiform Tablet BM 110384,create,10,1,written,,
480722,Q1985392,Cuneiform Tablet P480722,update,4,7,written,,
347897,Q2013134,"Cuneiform Tablet Ras Shamra-Ougarit 07, 059",update,4,7,written,,
225433,Q2163770,"Cuneiform Artifact RIME 4.01.10.09, ex. 01",create,9,1,written,,
273253,Q2163771,Cuneiform Tablet VAT 02322,create,9,1,written,,
274596,Q2017779,"Cuneiform Tablet RIME 3/2.01.03.01, ex. 14 (inserted)",update,3,7,written,,
436316,Q2163772,"Cuneiform Tablet KBo 19, 158",create,10,1,written,,
316932,Q2163773,Cuneiform Tablet BM 015599,create,11,1,written,,
582187,Q2163774,"Cuneiform Tablet BabAr 4, no. 4",create,10,1,written,,
3266,Q2163775,"Cuneiform Tablet W 19592,d",create,10,1,written,,
460576,Q2163776,Cuneiform Tablet FLP 2184,create,8,1,written,,
213852,Q2163777,"Cuneiform Tablet ITT 1, 01445",create,10,1,written,,
454183,Q1986616,"Cuneiform Tablet Nisaba 15, 1030",update,4,7,written,,
456917,Q2163778,Cuneiform Artifact CDLI Seals 004207 (composite),create,10,0,written,,
553877,Q2163779,Cuneiform Tablet Nbn. 691,create,11,1,written,,
369496,Q2163780,Cuneiform Tablet OBTI 066,create,11,1,written,,
598973,Q2163781,Cuneiform Tablet BM 093426,create,9,1,written,,
106306,Q2000120,"Cuneiform Tablet BIN 03, 499",update,4,8,written,,
549083,Q2163782,Cuneiform Artifact CDLI Seals 026441 (physical),create,8,1,written,,
135036,Q2048866,Cuneiform Tablet TRU 272,update,4,7,written,,
478516,Q2163783,Cuneiform Artifact CDLI Seals 011722 (physical),create,9,1,written,,
580913,Q2163784,Cuneiform Tablet BM 059980,create,10,1,written,,
313663,Q2037207,"Cuneiform Tablet CT 53, 248",update,4,8,written,,
498742,Q1362292,"Cuneiform Tablet AKT 5, 14",update,4,8,written,,
240163,Q2163785,Cuneiform Tablet Rm 0420,create,10,1,written,,
345003,Q2007838,Cuneiform Tablet PRAK C 130,update,4,5,written,,
405026,Q2163786,Cuneiform Tablet BM 033057 + BM 035480 + BM 038112,create,10,1,written,,
556726,Q2163787,Cuneiform Artifact CDLI Seals 026908 (composite),create,7,0,written,,
291893,Q2009825,"Cuneiform Tablet BPOA 06, 1398",update,4,8,written,,
453646,Q1985056,"Cuneiform Tablet Nisaba 15, 0115",update,4,7,written,,
338533,Q2039179,"Cuneiform Tablet STT 2, 214 + 215 + 216 + 217",update,5,6,written,,
500146,Q2036053,"Cuneiform Tablet SMEA 53, 088, 24",update,3,7,written,,
557834,Q2163788,Cuneiform Tablet BM 041070,create,9,1,written,,
435490,Q2163789,"Cuneiform Tablet KBo 13, 088 832",create,10,1,written,,
308185,Q2163790,Cuneiform Tablet YBC 07213,create,10,1,written,,
290781,Q2163791,"Cuneiform Tablet MCT pl.22 , 42 , pl.46",create,9,2,written,,
566390,Q2163792,Cuneiform Tablet BM 046036,create,10,1,written,,
452954,Q2163793,Cuneiform Tablet P452954,create,10,1,written,,
217811,Q1924457,"Cuneiform Tablet ITT 4, 07542",update,4,7,written,,
499850,Q1927875,"Cuneiform Tablet JCSSS 5, 130",update,3,8,written,,
102345,Q1989653,"Cuneiform Tablet ASJ 09, 266 69",update,5,7,written,,
312971,Q2163794,"Cuneiform Tablet MARV 4, 020",create,9,1,written,,
548738,Q2163795,Cuneiform Artifact CDLI Seals 026123 (physical),create,8,1,written,,
129015,Q2027329,"Cuneiform Tablet SACT 2, 058",update,4,8,written,,
390119,Q1931705,Cuneiform Tablet LB 3052,update,5,7,written,,
244989,Q2163796,Cuneiform Tablet P244989,create,10,1,written,,
535208,Q1364128,Cuneiform Tablet P535208,update,6,5,written,,
430368,Q2163797,Cuneiform Artifact CDLI Seals 000270 (composite),create,10,0,written,,
295079,Q2163798,Cuneiform Tablet MLC 00271,create,9,1,written,,
563468,Q2163799,Cuneiform Tablet BM 037767,create,8,1,written,,
581601,Q2163800,Cuneiform Tablet BM 061255,create,9,1,written,,
466508,Q2163801,"Cuneiform Artifact RIMA 1.0.078.038, ex. 39",create,11,1,written,,
324510,Q2043249,"Cuneiform Tablet CUSAS 03, 0522",update,4,7,written,,
105480,Q1998119,"Cuneiform Tablet BCT 2, 240",update,4,7,written,,
277210,Q2163802,Cuneiform Artifact N 2101,create,8,1,written,,
372370,Q2163803,"Cuneiform Tablet VS 07, 150",create,10,1,written,,
561455,Q2163804,Cuneiform Tablet BM 030031,create,9,1,written,,
297044,Q2163805,"Cuneiform Artifact BRM 3, pl. VII 58",create,10,1,written,,
359020,Q1359638,"Cuneiform Tablet CCT 6, 44, BM 115304",update,5,6,written,,
221470,Q2024821,Cuneiform Tablet RTC 073,update,4,8,written,,
419005,Q2163806,Cuneiform Tablet K 20611,create,10,1,written,,
555809,Q2163807,"Cuneiform Tablet Tallies and trends, text 2",create,8,1,written,,
506991,Q2163808,"Cuneiform Tablet Nisaba 34, 0802",create,10,1,written,,
377488,Q2163809,Cuneiform Tablet BM 112522,create,10,1,written,,
450969,Q1988309,Cuneiform Artifact P450969,update,3,4,written,,
447255,Q2163810,"Cuneiform Tablet KUB 54, 091",create,10,1,written,,
573891,Q2163811,"Cuneiform Tablet OBO 260, no. 314",create,10,1,written,,
229040,Q894200,"Cuneiform Tablet MSL 14, 029 Lh",update,4,8,written,,
224388,Q2040759,"Cuneiform Tablet CTN 5, ND 2360",update,4,8,written,,
100378,Q1983469,Cuneiform Tablet Aleppo 046,update,4,8,written,,
5218,Q2163812,"Cuneiform Tablet MSVO 1, 151",create,10,1,written,,
589231,Q2163813,Cuneiform Tablet BM 070174,create,9,1,written,,
481099,Q2163814,"Cuneiform Tablet LAOS 1, 56",create,9,1,written,,
542335,Q2163815,Cuneiform Artifact CDLI Seals 021494 (physical),create,8,1,written,,
117844,Q1962174,"Cuneiform Tablet MVN 14, 0163",update,4,8,written,,
411435,Q2163816,"Cuneiform Tablet CUSAS 29, 188",create,9,1,written,,
569065,Q2163817,Cuneiform Tablet BM 043996,create,8,1,written,,
425869,Q2163818,"Cuneiform Tablet CT 14, pl. 32, Sm 1328",create,9,1,written,,
251288,Q2163819,"Cuneiform Tablet CUSAS 09, 426",create,8,1,written,,
351410,Q2163820,"Cuneiform Tablet ARM 14, 070",create,11,1,written,,
302588,Q2163821,"Cuneiform Tablet YOS 19, 094",create,11,1,written,,
307270,Q2163822,Cuneiform Tablet YBC 06234,create,10,1,written,,
520909,Q2163823,Cuneiform Tablet KTU3 4.185,create,10,1,written,,
367871,Q2163824,"Cuneiform Tablet CT 57, 0731",create,11,1,written,,
427854,Q2163825,"Cuneiform Artifact RIMA 3.0.102.111, ex. 03",create,10,1,written,,
262911,Q2163826,Cuneiform Tablet CBS 07962,create,11,1,written,,
108748,Q2041273,Cuneiform Tablet CTNMC 17,update,4,8,written,,
121425,Q1973390,Cuneiform Tablet NATN 727,update,4,8,written,,
440590,Q2163827,"Cuneiform Tablet KBo 43, 113",create,10,1,written,,
522934,Q2163828,"Cuneiform Tablet KAN 04, 14",create,11,1,written,,
513290,Q2163829,"Cuneiform Tablet OIP 043, 173 TA 1931 T435",create,10,1,written,,
413408,Q2163830,Cuneiform Tablet BM 103559,create,10,1,written,,
516568,Q2054517,"Cuneiform Tablet CUSAS 40, 1784",update,4,7,written,,
231889,Q2163831,"Cuneiform Artifact RIME 3/1.01.06.04, ex. 072",create,11,1,written,,
540308,Q2163832,Cuneiform Artifact CDLI Seals 019489 (physical),create,7,1,written,,
445268,Q2163833,"Cuneiform Tablet KUB 32, 017 + KUB 35, 167",create,10,1,written,,
438758,Q2163834,"Cuneiform Tablet KBo 34, 226",create,10,1,written,,
115879,Q1954992,"Cuneiform Tablet MVN 10, 106",update,4,7,written,,
10919,Q2163835,Cuneiform Tablet TSŠ 0845,create,11,1,written,,
523626,Q2163836,Cuneiform Artifact CDLI Seals 015067 (physical),create,6,1,written,,
248553,Q2018871,"Cuneiform Tablet RIME 4.04.01.02, ex. 039",update,4,7,written,,
575046,Q2163837,Cuneiform Tablet BM 073316,create,8,1,written,,
386537,Q2163838,"Cuneiform Tablet TCL 01, 101",create,11,1,written,,
398529,Q2163839,Cuneiform Tablet BL 047,create,10,1,written,,
283457,Q2163840,"Cuneiform Tablet MARV 9, 019",create,9,1,written,,
595212,Q2163841,Cuneiform Tablet BM 079747,create,9,1,written,,
330103,Q2163842,Cuneiform Tablet CUNES 48-06-466,create,8,1,written,,
235063,Q1930424,Cuneiform Tablet KM 89317,update,4,8,written,,
470126,Q2163843,Cuneiform Tablet PTS 2029,create,9,1,written,,
111093,Q1923350,"Cuneiform Tablet ITT 3, 05044",update,4,8,written,,
366763,Q2163844,"Cuneiform Tablet CT 56, 448",create,11,1,written,,
508576,Q2163845,Cuneiform Tablet IM 054006,create,9,1,written,,
600113,Q2163846,Cuneiform Tablet BM 096614,create,10,1,written,,
140136,Q2163847,"Cuneiform Tablet UTI 3, 2117",create,11,1,written,,
421083,Q2163848,Cuneiform Tablet SMUI 1913.14.1042,create,8,1,written,,
230261,Q2059547,Cuneiform Tablet UM 55-21-272,update,4,6,written,,
590010,Q2163849,Cuneiform Tablet BM 071053,create,9,1,written,,
408614,Q2163850,"Cuneiform Tablet HSS 13, 456",create,10,1,written,,
495170,Q2163851,Cuneiform Tablet P495170,create,8,1,written,,
572783,Q2163852,"Cuneiform Tablet Archives de Borsippa 94, 262",create,9,1,written,,
383735,Q2163853,"Cuneiform Tablet OIP 092, 1049",create,10,1,written,,
363561,Q2040534,"Cuneiform Tablet CTN 4, 147",update,4,8,written,,
114291,Q1948500,"Cuneiform Tablet MVN 05, 071",update,4,7,written,,
348631,Q2037171,"Cuneiform Tablet SpTU 2, 026",update,4,6,written,,
570244,Q2163854,Cuneiform Tablet BM 045358,create,7,1,written,,
417918,Q2163855,"Cuneiform Tablet HSS 15, 193",create,10,1,written,,
335301,Q1980246,Cuneiform Tablet ADD 0357,update,4,7,written,,
526424,Q2163856,"Cuneiform Tablet ABAW 143, 323",create,10,1,written,,
299959,Q2163857,Cuneiform Tablet NBC 08611,create,10,1,written,,
475324,Q2163858,Cuneiform Artifact CDLI Seals 008547 (physical),create,10,1,written,,
444880,Q2163859,"Cuneiform Tablet KUB 26, 042",create,10,1,written,,
415925,Q2163860,"Cuneiform Tablet UF 36, 054 [11.01]",create,10,1,written,,
366299,Q2163861,"Cuneiform Tablet CT 48, 103",create,10,1,written,,
235599,Q2060849,Cuneiform Tablet USC 6789,update,4,8,written,,
138604,Q2057144,"Cuneiform Tablet UET 9, 0473",update,4,8,written,,
577581,Q2163862,Cuneiform Tablet BM 052599,create,9,1,written,,
319794,Q2163863,Cuneiform Tablet BM 022111,create,11,1,written,,
111569,Q1925010,"Cuneiform Tablet ITT 5, 06861",update,4,8,written,,
510845,Q1893599,"Cuneiform Tablet AbB 13, 127",update,3,8,written,,
424281,Q2163864,Cuneiform Tablet MAH 16614,create,8,1,written,,
250860,Q2049680,"Cuneiform Tablet CUSAS 35, 055",update,4,7,written,,
145334,Q1907269,"Cuneiform Tablet SAT 3, 2134",update,4,8,written,,
355900,Q2055726,Cuneiform Tablet DCS 158,update,3,7,written,,
306898,Q2163865,"Cuneiform Tablet YOS 12, 444",create,10,1,written,,
559129,Q2163866,Cuneiform Tablet BM 026697,create,11,1,written,,
477319,Q2163867,Cuneiform Artifact CDLI Seals 010578 (physical),create,7,1,written,,
421579,Q2163868,Cuneiform Tablet SMUI 1913.14.1728,create,8,1,written,,
127908,Q2011921,"Cuneiform Tablet RA 058, 105, 086",update,4,8,written,,
524419,Q2163869,"Cuneiform Tablet MDP 24, 357",create,11,1,written,,
251772,Q2022902,"Cuneiform Tablet CDLI Lexical 003902, ex. 018",update,3,7,written,,
572279,Q2163870,Cuneiform Tablet BM 042514,create,8,1,written,,
381708,Q2042945,"Cuneiform Tablet TCBI 2/2, 54",update,4,7,written,,
329322,Q2163871,Cuneiform Tablet CUNES 52-18-130,create,6,1,written,,
207112,Q2005173,"Cuneiform Tablet PPAC 5, 0516",update,4,8,written,,
302072,Q2163872,Cuneiform Tablet NCBT 00019,create,11,1,written,,
354612,Q2163873,"Cuneiform Tablet ARM 26/1, 055",create,11,1,written,,
469307,Q2163874,Cuneiform Tablet BM 113946,create,11,1,written,,
414637,Q2163875,Cuneiform Tablet DCS 131,create,8,1,written,,
442057,Q2163876,"Cuneiform Tablet KBo 48, 115",create,10,1,written,,
139916,Q2163877,"Cuneiform Tablet UTI 3, 1897",create,11,1,written,,
547137,Q2163878,Cuneiform Artifact CDLI Seals 024565 (physical),create,6,1,written,,
445792,Q1930680,"Cuneiform Tablet KUB 37, 036 +? KUB 37, 037",update,5,6,written,,
349923,Q1937841,"Cuneiform Tablet MSL 13, 243",update,4,7,written,,
318886,Q2163879,Cuneiform Tablet BM 019471,create,11,1,written,,
516092,Q2053676,"Cuneiform Tablet CUSAS 40, 1308",update,4,7,written,,
382827,Q2163880,"Cuneiform Tablet OIP 092, 0141",create,11,1,written,,
378287,Q2005904,"Cuneiform Tablet PPAC 5, 0890",update,4,8,written,,
511757,Q2163881,Cuneiform Artifact CDLI Seals 013292 (physical),create,9,1,written,,
409906,Q2041966,Cuneiform Tablet CUNES 48-11-104,update,3,6,written,,
107147,Q2007674,Cuneiform Tablet BM Messenger 268,update,4,8,written,,
124627,Q2163882,"Cuneiform Tablet OrAnt 26, 010 4",create,10,1,written,,
579966,Q2163883,Cuneiform Tablet BM 058894,create,11,1,written,,
2027,Q2163884,"Cuneiform Tablet ATU 6, pl. 041, W 14335,g",create,10,1,written,,
295583,Q2163885,Cuneiform Tablet MLC 00794,create,10,1,written,,
563192,Q2163886,Cuneiform Tablet BM 036893,create,8,1,written,,
437157,Q2163887,"Cuneiform Tablet KBo 26, 100",create,10,1,written,,
239943,Q2163888,Cuneiform Tablet K 20218,create,10,1,written,,
430692,Q2163889,Cuneiform Artifact CDLI Seals 000598 (composite),create,10,0,written,,
292246,Q2163890,Cuneiform Tablet NBC 00828,create,11,1,written,,
224672,Q2039392,"Cuneiform Tablet CTN 1, 23",update,4,7,written,,
397326,Q2163891,Cuneiform Tablet AAT pl. 50 (K 7849),create,10,1,written,,
564657,Q2163892,Cuneiform Tablet BM 039862,create,8,1,written,,
461737,Q2163893,Cuneiform Tablet UM 37-35-031,create,7,1,written,,
481563,Q2163894,Cuneiform Tablet ACT 0006a,create,10,1,written,,
532037,Q1906950,"Cuneiform Tablet Haradum 3, 241-246",update,4,8,written,,
584403,Q2163895,Cuneiform Tablet BM 064538,create,10,1,written,,
519367,Q2059330,Cuneiform Tablet Fs Neumann 777-778 03,update,4,7,written,,
130234,Q2163896,Cuneiform Tablet SNAT 474,create,11,1,written,,
272012,Q2163897,"Cuneiform Tablet Emar 6/2, p. 584, Msk 74265b",create,9,1,written,,
100682,Q1984063,Cuneiform Tablet Aleppo 350,update,4,8,written,,
377172,Q2163898,Cuneiform Tablet BM 111399,create,10,1,written,,
451381,Q1988720,Cuneiform Artifact P451381,update,3,4,written,,
460825,Q2163899,Cuneiform Tablet FLP 2493,create,8,1,written,,
101990,Q1989044,"Cuneiform Tablet ASJ 02, 030 85",update,4,8,written,,
225960,Q1995854,"Cuneiform Tablet OIP 099, 085",update,4,7,written,,
565945,Q2163900,Cuneiform Tablet BM 040630,create,11,1,written,,
454479,Q2163901,Cuneiform Artifact CDLI Seals 001769 (composite),create,10,0,written,,
373998,Q2163902,"Cuneiform Tablet OIP 043, 163 TA 1931 T585",create,10,1,written,,
507379,Q2163903,Cuneiform Tablet RBC 03264,create,6,1,written,,
502481,Q2163904,"Cuneiform Tablet TCTI 3, 31728",create,11,1,written,,
402219,Q2163905,Cuneiform Tablet K 16774,create,10,1,written,,
551519,Q2163906,"Cuneiform Tablet ADART 6, 178",create,9,1,written,,
429149,Q2163907,"Cuneiform Artifact RIME 4.01.05.03, ex. 012-013",create,10,1,written,,
389338,Q2163908,Cuneiform Tablet LB 0874,create,9,1,written,,
400224,Q2163909,Cuneiform Tablet K 13316,create,10,1,written,,
553524,Q2163910,Cuneiform Tablet Dar. 497,create,10,1,written,,
456444,Q2163911,Cuneiform Artifact CDLI Seals 003734 (composite),create,10,0,written,,
238651,Q2163912,"Cuneiform Tablet CT 54, 179",create,11,1,written,,
598420,Q2163913,Cuneiform Tablet BM 086274,create,10,1,written,,
340201,Q2163914,"Cuneiform Tablet BPOA 01, 1546",create,11,1,written,,
578674,Q2163915,Cuneiform Tablet BM 054008,create,9,1,written,,
505344,Q2163916,Cuneiform Tablet YBC 16210,create,7,1,written,,
132209,Q2163917,"Cuneiform Tablet TCTI 2, 02596",create,11,1,written,,
567978,Q2163918,Cuneiform Tablet BM 041773,create,9,1,written,,
213501,Q2163919,"Cuneiform Tablet ETB 2, 68",create,10,1,written,,
313399,Q1892901,"Cuneiform Tablet CT 43, 109",update,3,8,written,,
270185,Q2163920,Cuneiform Artifact CDLI Seals 001274 (physical),create,8,1,written,,
240499,Q2163921,"Cuneiform Tablet ARET 09, 092",create,10,1,written,,
102715,Q1990423,"Cuneiform Tablet ASJ 19, 208 24",update,4,7,written,,
535658,Q1364247,"Cuneiform Tablet AKT 6e, 1038",update,5,6,written,,
129445,Q2163922,Cuneiform Tablet SET 035,create,10,1,written,,
119159,Q2163923,"Cuneiform Tablet MVN 16, 1111",create,11,1,written,,
563038,Q2163924,Cuneiform Tablet BM 036465,create,8,1,written,,
466158,Q2163925,"Cuneiform Artifact RIMA 1.0.076.044, ex. 04",create,11,1,written,,
323685,Q2163926,Cuneiform Artifact CUNES 49-10-002,create,10,1,written,,
390549,Q1370679,"Cuneiform Tablet RA 059, 029 no. 08",update,6,6,written,,
586594,Q2163927,"Cuneiform Tablet AfO 38/39, 94 no. 10",create,11,1,written,,
430738,Q2062022,"Cuneiform Tablet VFMOS 2/3, 35",update,4,6,written,,
359470,Q1369289,"Cuneiform Tablet ICK 1, 072",update,5,6,written,,
537665,Q2163928,Cuneiform Artifact CDLI Seals 016956 (physical),create,8,1,written,,
561005,Q2163929,Cuneiform Tablet BM 023433,create,9,1,written,,
392574,Q2018957,"Cuneiform Tablet RIME 4.04.01.02, ex. 060",update,3,8,written,,
548368,Q2163930,Cuneiform Artifact CDLI Seals 025753 (physical),create,8,1,written,,
581251,Q2163931,Cuneiform Tablet BM 060889,create,9,1,written,,
372720,Q2163932,"Cuneiform Tablet VS 09, 215",create,10,1,written,,
432705,Q2163933,"Cuneiform Artifact RIME 4.02.14.17, ex. add13",create,10,1,written,,
277640,Q2163934,Cuneiform Tablet N 2558,create,11,1,written,,
464165,Q2163935,"Cuneiform Tablet CUSAS 31, 082",create,8,1,written,,
221020,Q2056653,Cuneiform Tablet DP 370,update,4,8,written,,
419455,Q2163936,Cuneiform Tablet K 21143,create,10,1,written,,
389292,Q2163937,"Cuneiform Tablet Urkunden, p.20 P122",create,9,1,written,,
528969,Q2163938,Cuneiform Artifact CDLI Seals 015728 (physical),create,6,1,written,,
342396,Q1994531,"Cuneiform Tablet OECT 09, 59",update,4,8,written,,
5648,Q2163939,"Cuneiform Tablet UET 2, 0074",create,11,1,written,,
433817,Q2163940,Cuneiform Tablet FHL 148,create,10,1,written,,
100728,Q1984157,Cuneiform Tablet Aleppo 396,update,4,8,written,,
373832,Q2163941,"Cuneiform Tablet RA 017, 157 (K 08206)",create,10,1,written,,
211496,Q2163942,"Cuneiform Tablet Hermitage 3, 455",create,10,1,written,,
536977,Q1367304,"Cuneiform Tablet AMMY 2006, 150-151",update,6,5,written,,
405476,Q1361440,"Cuneiform Tablet AKT 6b, 330",update,6,6,written,,
453216,Q2163943,Cuneiform Tablet NMS A.1907.690.38,create,10,1,written,,
338163,Q2163944,"Cuneiform Artifact MSVO 2, ED seal no. 012r",create,10,1,written,,
556376,Q2163945,"Cuneiform Tablet MC 24, no. 201",create,7,1,written,,
478146,Q2163946,Cuneiform Artifact CDLI Seals 011352 (physical),create,9,1,written,,
498312,Q2163947,Cuneiform Tablet YBC 16061,create,11,1,written,,
500516,Q2163948,Cuneiform Artifact PTS unn06,create,8,1,written,,
345453,Q2036138,"Cuneiform Tablet CT 15, pl. 18, BM 015821",update,3,7,written,,
240533,Q2163949,"Cuneiform Tablet ARET 09, 065",create,10,1,written,,
103807,Q1992720,"Cuneiform Tablet AUCT 1, 962",update,4,7,written,,
216353,Q2003117,"Cuneiform Tablet PBS 09, 055",update,4,7,written,,
366333,Q2163950,"Cuneiform Tablet CT 56, 018",create,10,1,written,,
322997,Q2048292,"Cuneiform Tablet CUSAS 23, 061",update,4,7,written,,
595642,Q2163951,Cuneiform Tablet BM 080971,create,10,1,written,,
508126,Q2163952,Cuneiform Tablet Mustafa diss. 019,create,10,1,written,,
330553,Q1971698,"Cuneiform Tablet AAICAB 1/4, Bod S 486",update,4,8,written,,
263253,Q2163953,Cuneiform Tablet CBS 08420,create,9,1,written,,
235433,Q2060426,Cuneiform Tablet USC 6622,update,4,8,written,,
575416,Q2163954,Cuneiform Tablet BM 083892,create,7,1,written,,
426316,Q2163955,Cuneiform Tablet Sm 2162,create,9,1,written,,
470576,Q2163956,Cuneiform Tablet PTS 2484,create,10,1,written,,
248103,Q2163957,"Cuneiform Tablet UCP 10-01, 023",create,11,1,written,,
588973,Q2163958,Cuneiform Tablet BM 069845,create,9,1,written,,
357897,Q1371258,"Cuneiform Tablet RA 081, 003-096 004",update,5,7,written,,
283007,Q1934215,"Cuneiform Tablet MARV 6, 24",update,4,6,written,,
543877,Q2163959,Cuneiform Artifact LB 1152h (unpublished),create,11,1,written,,
600543,Q2163960,Cuneiform Tablet BM 099834,create,10,1,written,,
306932,Q2163961,Cuneiform Tablet YBC 05897,create,10,1,written,,
337296,Q2163962,Cuneiform Tablet OIM A02739,create,11,1,written,,
264596,Q2024016,"Cuneiform Tablet CDLI Literary 000336, ex. 021",update,4,8,written,,
203852,Q2163963,"Cuneiform Tablet BPOA 01, 0104",create,11,1,written,,
592187,Q2163964,Cuneiform Tablet BM 073765,create,10,1,written,,
559083,Q2163965,Cuneiform Tablet BM 026635,create,11,1,written,,
202740,Q2163966,Cuneiform Tablet BM 024026,create,11,1,written,,
307620,Q2163967,"Cuneiform Tablet YOS 05, 243",create,11,2,written,,
140566,Q2163968,"Cuneiform Tablet UTI 4, 2547",create,11,1,written,,
351040,Q2163969,"Cuneiform Tablet ARM 12, 597",create,11,1,written,,
446917,Q2163970,"Cuneiform Tablet KUB 50, 104",create,10,1,written,,
411065,Q2163971,Cuneiform Tablet CUNES 50-05-113,create,6,1,written,,
569435,Q2163972,Cuneiform Tablet BM 044475,create,8,1,written,,
254120,Q2163973,Cuneiform Artifact MS 5044/05,create,8,1,written,,
8580,Q2163974,"Cuneiform Tablet MDP 17, 382",create,10,1,written,,
229410,Q1937948,"Cuneiform Tablet MSL 14, 020 Ci + 21 Dp",update,4,9,written,,
329288,Q2163975,"Cuneiform Tablet CUSAS 30, 426",create,9,1,written,,
542765,Q2163976,Cuneiform Artifact CDLI Seals 021911 (physical),create,9,1,written,,
589661,Q2163977,Cuneiform Tablet BM 070657,create,9,1,written,,
514105,Q2163978,"Cuneiform Tablet Shemshara 2, 118",create,11,1,written,,
123048,Q2002484,Cuneiform Tablet OTR 113,update,4,7,written,,
458909,Q2163979,"Cuneiform Tablet AfO 24, pl. 21 Truro 08",create,10,1,written,,
447605,Q2163980,"Cuneiform Tablet KUB 59, 009",create,10,1,written,,
108318,Q2035307,Cuneiform Tablet CST (JRL) 811,update,4,8,written,,
538590,Q2163981,Cuneiform Artifact CDLI Seals 017765 (physical),create,7,1,written,,
205085,Q2163982,Cuneiform Tablet BM 028576,create,11,1,written,,
491830,Q2163983,"Cuneiform Tablet BBVOT 01, 002",create,10,1,written,,
121075,Q1972773,Cuneiform Tablet NATN 377,update,4,8,written,,
356785,Q2025516,"Cuneiform Tablet CDLI Literary 000365, ex. 088",update,4,8,written,,
349889,Q2163984,"Cuneiform Tablet IrAnt 31, 78 278",create,8,1,written,,
594950,Q2163985,Cuneiform Tablet BM 079403,create,10,1,written,,
438308,Q2163986,"Cuneiform Tablet KBo 32, 121",create,10,1,written,,
413058,Q2163987,Cuneiform Tablet BM 102315,create,11,1,written,,
511307,Q1926321,"Cuneiform Tablet JCS 09, 114 086",update,5,7,written,,
540758,Q2163988,Cuneiform Artifact CDLI Seals 019882 (physical),create,9,1,written,,
516138,Q2053765,"Cuneiform Tablet CUSAS 40, 1354",update,4,7,written,,
398179,Q2163989,Cuneiform Tablet K 09549,create,10,1,written,,
445638,Q2163990,"Cuneiform Tablet KUB 35, 129",create,10,1,written,,
547567,Q2163991,Cuneiform Artifact CDLI Seals 024995 (physical),create,6,1,written,,
442407,Q2163992,"Cuneiform Tablet KBo 49, 180",create,10,1,written,,
302422,Q2163993,"Cuneiform Tablet YOS 21, 209",create,10,1,written,,
414267,Q2163994,Cuneiform Tablet LKU 136,create,10,2,written,,
207542,Q1982143,"Cuneiform Tablet Nisaba 03/2, 52",update,4,8,written,,
354242,Q2163995,"Cuneiform Tablet ARM 25, 503",create,11,1,written,,
260886,Q2028569,"Cuneiform Tablet CDLI Literary 000621, ex. 001",update,4,8,written,,
200287,Q1981415,"Cuneiform Tablet Nisaba 01, 233",update,4,8,written,,
231923,Q2163996,"Cuneiform Artifact RIME 3/1.01.06.04, ex. 106",create,11,1,written,,
251322,Q2163997,"Cuneiform Tablet CUSAS 09, 142",create,8,1,written,,
353587,Q2163998,"Cuneiform Tablet ARM 24, 172",create,11,1,written,,
469757,Q2019098,"Cuneiform Tablet RIME 4.04.01.02, ex. add107",update,3,7,written,,
144876,Q2033819,"Cuneiform Tablet SAT 3, 1676",update,4,8,written,,
602084,Q2163999,"Cuneiform Tablet JCS 72, 181 text 12",create,11,1,written,,
571906,Q2164000,Cuneiform Tablet BM 049105,create,7,1,written,,
286205,Q2164001,Cuneiform Tablet HFAC 123,create,10,1,written,,
475774,Q2164002,Cuneiform Artifact CDLI Seals 009034 (physical),create,9,1,written,,
124277,Q1998528,"Cuneiform Tablet OIP 121, 547",update,4,8,written,,
474866,Q2164003,Cuneiform Artifact CDLI Seals 008089 (physical),create,9,1,written,,
423114,Q2164004,"Cuneiform Artifact RIMA 2.0.101.113, ex. 26",create,11,1,written,,
570614,Q2164005,Cuneiform Tablet BM 046809,create,7,1,written,,
383365,Q2164006,"Cuneiform Tablet OIP 092, 0679",create,10,1,written,,
526074,Q2164007,Cuneiform Artifact CDLI Seals 014447 (composite),create,10,0,written,,
348261,Q2164008,Cuneiform Tablet AlT 294,create,10,1,written,,
266051,Q2164009,Cuneiform Tablet CBS 10859,create,9,1,written,,
495520,Q2164010,Cuneiform Tablet P495520,create,8,1,written,,
230631,Q2059235,Cuneiform Tablet UM 29-15-424,update,4,7,written,,
335751,Q1981134,Cuneiform Tablet ADD 0915 +,update,4,8,written,,
590440,Q2164011,Cuneiform Tablet BM 071515,create,9,1,written,,
363131,Q1987248,"Cuneiform Tablet Nisaba 16, 217",update,4,8,written,,
111139,Q1923429,"Cuneiform Tablet ITT 3, 05206",update,4,8,written,,
597385,Q2164012,Cuneiform Tablet BM 083872,create,9,1,written,,
113104,Q1938949,"Cuneiform Tablet MVN 01, 071",update,4,8,written,,
328860,Q2164013,"Cuneiform Tablet CUSAS 30, 256",create,9,1,written,,
332094,Q2004000,"Cuneiform Tablet PPAC 4, 175",update,4,7,written,,
145764,Q2044602,"Cuneiform Tablet TCS 1, 290",update,4,8,written,,
468845,Q2164014,"Cuneiform Artifact RINAP 2, Sargon II 127 ex. 004",create,11,1,written,,
421129,Q2164015,Cuneiform Tablet SMUI 1913.14.1127,create,11,1,written,,
477749,Q2164016,Cuneiform Artifact CDLI Seals 011008 (physical),create,8,1,written,,
524049,Q2164017,"Cuneiform Tablet Akkadica 140, 191-192",create,11,1,written,,
559579,Q2164018,Cuneiform Tablet BM 085618,create,11,1,written,,
381358,Q2164019,Cuneiform Tablet BM 085514,create,11,1,written,,
396864,Q2164020,Cuneiform Tablet K 06874,create,10,1,written,,
258800,Q2164021,"Cuneiform Tablet PBS 07, 121",create,10,1,written,,
138254,Q2056442,"Cuneiform Tablet UET 9, 0123",update,4,8,written,,
214694,Q1923282,"Cuneiform Tablet ITT 2, 05891",update,4,7,written,,
529381,Q2164022,Cuneiform Artifact CDLI Seals 016709 (physical),create,7,1,written,,
293904,Q2164023,"Cuneiform Tablet GCCI 2, 002",create,10,1,written,,
429519,Q2059035,"Cuneiform Tablet Ugaritica 5, 109",update,4,6,written,,
389768,Q2164024,"Cuneiform Tablet TLB 04, 059",create,10,1,written,,
130664,Q2040590,Cuneiform Tablet Syracuse 113,update,4,7,written,,
402649,Q2164025,Cuneiform Tablet K 17295,create,10,1,written,,
454029,Q1986069,"Cuneiform Tablet Nisaba 15, 0729",update,4,7,written,,
507729,Q2164026,Cuneiform Tablet BM 033234,create,8,1,written,,
578224,Q2164027,Cuneiform Tablet BM 053370,create,9,1,written,,
347194,Q2164028,"Cuneiform Tablet VS 24, 075",create,8,1,written,,
551149,Q2164029,Cuneiform Tablet Nbk. 443,create,11,1,written,,
213151,Q2164030,Cuneiform Tablet DPA 08,create,10,1,written,,
316031,Q2004611,"Cuneiform Tablet PPAC 5, 0229",update,4,8,written,,
505714,Q2164031,Cuneiform Tablet YBC 13316,create,7,1,written,,
582884,Q2164032,Cuneiform Tablet BM 062811,create,10,1,written,,
553174,Q2164033,Cuneiform Tablet Nbn. 869,create,11,1,written,,
340651,Q2164034,"Cuneiform Tablet BPOA 02, 1998",create,11,1,written,,
400674,Q2164035,Cuneiform Tablet K 14186,create,10,1,written,,
245731,Q2164036,Cuneiform Tablet P245731,create,10,1,written,,
394859,Q2164037,"Cuneiform Tablet AfO 19, 055, pl. 13 K 03186 +",create,11,1,written,,
598070,Q2164038,Cuneiform Tablet BM 084288,create,9,1,written,,
456014,Q2164039,Cuneiform Artifact CDLI Seals 003304 (composite),create,10,0,written,,
338499,Q2039123,"Cuneiform Tablet STT 2, 180",update,5,6,written,,
238201,Q1974139,Cuneiform Tablet ABL 0965,update,4,8,written,,
291939,Q1973947,Cuneiform Tablet NBC 01319,update,4,8,written,,
132659,Q2164040,"Cuneiform Tablet TCTI 2, 03427",create,11,1,written,,
119509,Q2164041,"Cuneiform Tablet MVN 16, 1461",create,11,1,written,,
401966,Q2164042,Cuneiform Tablet K 16358,create,10,1,written,,
341943,Q1992649,Cuneiform Tablet NMSA 3647,update,4,8,written,,
244823,Q2164043,Cuneiform Tablet P244823,create,10,1,written,,
326487,Q2164044,"Cuneiform Tablet CUSAS 30, 445",create,9,1,written,,
548692,Q2164045,Cuneiform Artifact CDLI Seals 026077 (physical),create,8,1,written,,
107517,Q2164046,Cuneiform Tablet CHEU 086,create,10,1,written,,
131976,Q2041860,Cuneiform Tablet Tavolette 190,update,4,8,written,,
583796,Q2164047,Cuneiform Tablet BM 063702,create,9,1,written,,
504806,Q2164048,Cuneiform Artifact CDLI Seals 023450 (physical),create,8,1,written,,
272442,Q2164049,"Cuneiform Tablet AuOrS 01, 085",create,9,1,written,,
519737,Q2164050,Cuneiform Tablet Kress 319,create,8,1,written,,
275387,Q2164051,Cuneiform Tablet N 0123,create,11,1,written,,
584053,Q2164052,Cuneiform Tablet BM 064018,create,11,1,written,,
377522,Q2164053,Cuneiform Tablet BM 112694,create,10,1,written,,
224222,Q2164054,"Cuneiform Tablet OIP 114, 012",create,11,1,written,,
461367,Q2164055,Cuneiform Tablet UM 33-58-089,create,8,1,written,,
215986,Q1995367,"Cuneiform Tablet OIP 014, 130",update,4,7,written,,
292616,Q2164056,Cuneiform Tablet YBC 03625,create,11,1,written,,
437507,Q2164057,"Cuneiform Tablet KBo 28, 047",create,10,1,written,,
259712,Q2164058,"Cuneiform Tablet BE 15, 134",create,10,1,written,,
425613,Q2164059,Cuneiform Tablet Sm 0835,create,9,1,written,,
564207,Q2164060,Cuneiform Tablet BM 039087,create,10,1,written,,
473073,Q2164061,Cuneiform Artifact CDLI Seals 006818 (physical),create,9,1,written,,
576113,Q2164062,Cuneiform Tablet BM 050990,create,9,1,written,,
280502,Q2164063,Cuneiform Tablet N 6747,create,8,1,written,,
318306,Q2164064,Cuneiform Tablet BM 018730,create,11,1,written,,
139296,Q2058532,"Cuneiform Tablet UET 9, 1166",update,4,8,written,,
108932,Q2055201,Cuneiform Tablet DAS 180,update,4,8,written,,
236136,Q2002035,"Cuneiform Tablet BIN 09, 126",update,4,7,written,,
385462,Q2164065,"Cuneiform Tablet OECT 12, pl. 19, A 125",create,9,1,written,,
520773,Q2164066,Cuneiform Tablet KTU3 4.716,create,10,1,written,,
458323,Q2164067,Cuneiform Artifact CDLI Seals 005613 (composite),create,10,0,written,,
333056,Q2164068,Cuneiform Tablet Fs Charpin 0479,create,10,1,written,,
365636,Q2164069,"Cuneiform Tablet CT 22, pl. 29, 159",create,10,1,written,,
596347,Q2164070,Cuneiform Artifact BM 081998,create,10,1,written,,
260756,Q2164071,Cuneiform Tablet CBS 04439,create,8,1,written,,
469887,Q2164072,Cuneiform Tablet PTS 0276,create,8,1,written,,
143063,Q1968379,"Cuneiform Tablet MVN 20, 130",update,4,8,written,,
591482,Q2164073,Cuneiform Tablet BM 072895,create,10,1,written,,
334793,Q1974507,Cuneiform Tablet ABL 1206,update,4,8,written,,
115603,Q1953805,"Cuneiform Tablet MVN 08, 213",update,4,8,written,,
438922,Q2164074,"Cuneiform Tablet KBo 35, 134",create,10,1,written,,
409286,Q2164075,"Cuneiform Tablet HSS 16, 281",create,10,1,written,,
378907,Q2164076,Cuneiform Tablet BM 087710,create,10,1,written,,
10763,Q2049373,Cuneiform Tablet TSŠ 0135,update,4,8,written,,
603046,Q2164077,"Cuneiform Tablet GS André-Salvini, 8a",create,10,0,written,,
267093,Q2164078,"Cuneiform Tablet PBS 02/2, 032",create,10,1,written,,
544598,Q2164079,Cuneiform Artifact CDLI Seals 022287 (physical),create,8,1,written,,
366919,Q2164080,"Cuneiform Tablet CT 56, 604",create,9,1,written,,
417298,Q2164081,Cuneiform Tablet ROM 910x209.555,create,10,1,written,,
379615,Q2006733,"Cuneiform Tablet PPAC 5, 1296",update,4,8,written,,
263879,Q2164082,"Cuneiform Tablet BE 08/1, 136",create,9,1,written,,
541260,Q2164083,Cuneiform Artifact CDLI Seals 020336 (physical),create,9,1,written,,
412560,Q2164084,Cuneiform Tablet SVJAD 078,create,9,1,written,,
517400,Q1990744,"Cuneiform Tablet Nisaba 33, 220",update,4,7,written,,
304325,Q2164085,Cuneiform Tablet NCBT 02291,create,11,1,written,,
399441,Q2164086,Cuneiform Tablet K 11765,create,10,1,written,,
201245,Q2009455,"Cuneiform Tablet Princeton 2, 247",update,4,8,written,,
439630,Q2164087,"Cuneiform Tablet KBo 39, 097",create,10,1,written,,
444300,Q2164088,"Cuneiform Tablet KUB 13, 029 +?  483.I.C +? T.I: L/19",create,10,1,written,,
335881,Q1981394,Cuneiform Tablet ADD 1066,update,4,8,written,,
352545,Q2164089,"Cuneiform Tablet ARM 22, 099",create,11,1,written,,
588359,Q2164090,Cuneiform Tablet BM 069145,create,9,1,written,,
350578,Q2164091,"Cuneiform Tablet ARM 12, 135",create,11,1,written,,
477899,Q2164092,Cuneiform Artifact CDLI Seals 011158 (physical),create,8,1,written,,
257425,Q2164093,"Cuneiform Artifact JCS 37, 239, 50A",create,11,1,written,,
114911,Q1950632,"Cuneiform Tablet MVN 06, 539",update,4,8,written,,
228128,Q1970079,Cuneiform Tablet N 2207,update,4,8,written,,
306318,Q2164094,Cuneiform Tablet CDLJ 2014/1 §5.2.8,create,10,1,written,,
364924,Q2164095,Cuneiform Tablet LBAT 0807,create,11,1,written,,
127288,Q2010334,"Cuneiform Tablet RA 008, 155, AO 5661",update,4,8,written,,
468795,Q2164096,"Cuneiform Artifact RIMB 2.06.21.02, ex. 006",create,11,1,written,,
255418,Q2164097,Cuneiform Tablet UM 29-13-469,create,10,1,written,,
206580,Q2164098,"Cuneiform Tablet BPOA 01, 0243",create,11,1,written,,
261844,Q2164099,Cuneiform Tablet CBS 05651,create,7,1,written,,
521861,Q1994960,Cuneiform Tablet BaAr 5 09,update,4,8,written,,
373218,Q2164100,"Cuneiform Tablet VS 20, 041",create,9,1,written,,
424901,Q2164101,Cuneiform Tablet Rm 0977,create,9,1,written,,
1488,Q2164102,"Cuneiform Tablet ATU 5, pl. 095, W 9656,bv",create,10,1,written,,
355280,Q2164103,"Cuneiform Tablet ARM 28, 001",create,11,1,written,,
122570,Q1993374,Cuneiform Tablet NYPL 034,update,4,8,written,,
402999,Q2164104,Cuneiform Tablet K 17689,create,10,1,written,,
109620,Q2062345,Cuneiform Tablet Hirose 149,update,4,7,written,,
325478,Q2164105,Cuneiform Tablet CUNES 51-06-031,create,10,1,written,,
580769,Q2164106,Cuneiform Tablet BM 059816,create,11,1,written,,
358148,Q1371564,"Cuneiform Tablet TMH 01, 08c & 08d",update,5,5,written,,
554961,Q2164107,Cuneiform Artifact BM 084556,create,9,1,written,,
451801,Q2164108,Cuneiform Tablet P451801,create,9,1,written,,
320380,Q2164109,Cuneiform Tablet BM 023446,create,11,1,written,,
311824,Q2164110,Cuneiform Tablet YBC 11662,create,11,1,written,,
214944,Q2016269,"Cuneiform Tablet BuB 2, 18",update,3,7,written,,
4370,Q2164111,Cuneiform Tablet IM 134899,create,10,1,written,,
585091,Q2164112,Cuneiform Tablet BM 065412,create,9,1,written,,
498938,Q1362491,"Cuneiform Tablet AKT 6a, 135",update,4,8,written,,
216979,Q2025026,Cuneiform Tablet RTC 207,update,4,7,written,,
531498,Q2164113,"Cuneiform Tablet DAAM 2, 12",create,9,1,written,,
132989,Q2045025,"Cuneiform Tablet TCTI 2, 03789",update,4,8,written,,
101210,Q1985982,"Cuneiform Tablet AnOr 01, 219",update,4,8,written,,
394789,Q2164114,Cuneiform Tablet AAT pl. 78 (K 3071),create,10,1,written,,
462398,Q2164115,Cuneiform Tablet CST 193,create,10,1,written,,
274345,Q1925449,"Cuneiform Tablet ITT 5, 09469",update,4,8,written,,
340981,Q2164116,"Cuneiform Tablet BPOA 02, 2327",create,11,1,written,,
313819,Q2037456,"Cuneiform Tablet CT 53, 406",update,4,8,written,,
549650,Q2164117,"Cuneiform Tablet Baghdader Forschungen 07, 730",create,10,0,written,,
582754,Q2164118,Cuneiform Tablet BM 062663,create,9,1,written,,
209675,Q2164119,"Cuneiform Artifact Ontario 2, 424",create,11,1,written,,
371225,Q2021367,"Cuneiform Artifact RINBE 2, Nabonidus 28, ex. 14",update,3,7,written,,
208967,Q2164120,"Cuneiform Tablet BPOA 02, 2599",create,11,1,written,,
562500,Q2164121,Cuneiform Tablet BM 034026,create,8,1,written,,
294111,Q2164122,"Cuneiform Tablet GCCI 1, 160",create,10,1,written,,
548942,Q2164123,"Cuneiform Tablet GS Black, 157 IM 090884",create,9,1,written,,
136163,Q2051023,Cuneiform Tablet UDT 033a,update,4,8,written,,
341693,Q2164124,"Cuneiform Tablet ARM 09, 111",create,11,1,written,,
583846,Q2164125,Cuneiform Tablet BM 063758,create,9,1,written,,
212193,Q2062019,"Cuneiform Artifact Hermitage 3, 493",update,4,8,written,,
243036,Q2164126,"Cuneiform Tablet ARET 03, 841",create,10,1,written,,
555673,Q2164127,Cuneiform Tablet BM 017736,create,11,1,written,,
391071,Q1361413,"Cuneiform Tablet Belleten 53, 53 No. 2",update,5,6,written,,
310736,Q2164128,"Cuneiform Tablet JCS 04, 098, 111 YBC 10446",create,11,1,written,,
215656,Q1935163,"Cuneiform Tablet MDP 18, 071",update,4,7,written,,
406173,Q2164129,"Cuneiform Artifact RIME 3/1.01.06.04, ex. add464",create,11,1,written,,
239739,Q2164130,Cuneiform Tablet K 19056,create,10,1,written,,
503013,Q2164131,"Cuneiform Tablet SANTAG 09, 048",create,11,1,written,,
599548,Q2164132,Cuneiform Artifact BM 095241,create,10,1,written,,
535988,Q1365595,"Cuneiform Tablet AKT 7a, 170",update,6,5,written,,
268366,Q2164133,Cuneiform Tablet CBS 13285,create,11,1,written,,
450713,Q2164134,"Cuneiform Tablet OECT 03, 23",create,11,1,written,,
212469,Q2164135,"Cuneiform Tablet Himrin 4, 04",create,10,1,written,,
244209,Q2164136,"Cuneiform Tablet ARET 12, 0925",create,10,1,written,,
341369,Q2164137,"Cuneiform Tablet ARM 07, 166",create,11,1,written,,
226835,Q2164138,"Cuneiform Artifact RIME 3/2.01.01.11, ex. 051",create,11,1,written,,
133361,Q2164139,"Cuneiform Tablet TCTI 2, 04198",create,11,1,written,,
344491,Q2164140,Cuneiform Tablet PRAK A 199,create,8,1,written,,
317509,Q2059775,"Cuneiform Tablet Fs Tamburello 1547-1557, 14",update,4,8,written,,
217391,Q2061246,Cuneiform Tablet USP 34,update,5,6,written,,
323955,Q2044889,"Cuneiform Tablet CUSAS 11, 040",update,4,7,written,,
136499,Q2052168,"Cuneiform Tablet UET 3, 0182",update,4,8,written,,
463970,Q2164141,Cuneiform Artifact CDLI Seals 006370 (composite),create,7,0,written,,
566810,Q2164142,Cuneiform Tablet BM 040729,create,9,1,written,,
406489,Q2164143,Cuneiform Tablet SM 1909.05.370,create,11,1,written,,
118031,Q1963365,"Cuneiform Tablet MVN 14, 0351",update,4,8,written,,
455511,Q2164144,Cuneiform Artifact CDLI Seals 002801 (composite),create,10,0,written,,
224808,Q2164145,"Cuneiform Tablet TIM 07, 116",create,10,1,written,,
403371,Q2164146,Cuneiform Tablet K 18112,create,10,1,written,,
555389,Q2164147,Cuneiform Tablet MacGinnis Letter Orders from Sippar 187,create,11,1,written,,
246234,Q2164148,Cuneiform Tablet P246234,create,10,1,written,,
506211,Q2164149,Cuneiform Tablet RBC 02834,create,9,1,written,,
315534,Q2164150,Cuneiform Tablet BM 012460,create,10,1,written,,
210454,Q2164151,"Cuneiform Tablet BPOA 06, 0674",create,11,1,written,,
428021,Q2164152,Cuneiform Artifact RIMI nn,create,10,1,written,,
368004,Q2164153,"Cuneiform Tablet CT 57, 0865",create,11,1,written,,
550471,Q2164154,Cuneiform Tablet Ashm 2010-0054,create,11,1,written,,
343354,Q2164155,"Cuneiform Tablet CDLI Literary needed, ex. nn ?",create,10,1,written,,
277990,Q2164156,Cuneiform Tablet N 2921,create,11,1,written,,
1172,Q2164157,"Cuneiform Tablet ATU 5, pl. 050, W 9311,t",create,10,1,written,,
325182,Q1990182,"Cuneiform Tablet Nisaba 32, 145",update,3,7,written,,
104012,Q1993130,"Cuneiform Tablet AUCT 2, 194",update,4,7,written,,
567702,Q2164158,Cuneiform Tablet BM 040290,create,8,1,written,,
309517,Q2164159,"Cuneiform Tablet YOS 12, 458",create,11,2,written,,
531162,Q1996026,"Cuneiform Tablet BATSH 18, 47",update,5,7,written,,
580293,Q2164160,Cuneiform Tablet BM 059248,create,10,1,written,,
394273,Q2164161,Cuneiform Tablet K 02218,create,10,1,written,,
291313,Q2009305,"Cuneiform Tablet BPOA 06, 1129",update,4,8,written,,
374027,Q2164162,"Cuneiform Tablet OIP 043, 166 TA 1931 T367",create,11,1,written,,
462662,Q2164163,Cuneiform Tablet CST 457,create,10,1,written,,
128487,Q2025279,Cuneiform Tablet RTC 334,update,4,8,written,,
434002,Q2164164,Cuneiform Tablet HKM 109,create,10,1,written,,
322647,Q1989971,"Cuneiform Tablet Nisaba 32, 037",update,3,7,written,,
587556,Q2164165,Cuneiform Tablet BM 068399,create,10,1,written,,
204047,Q2003731,Cuneiform Tablet BM 020073,update,4,8,written,,
227727,Q2057933,"Cuneiform Tablet EEN 331, CBS 13522",update,4,8,written,,
252627,Q2164166,"Cuneiform Tablet CUSAS 36, 107",create,9,1,written,,
299723,Q2164167,Cuneiform Tablet NBC 08363,create,11,1,written,,
271147,Q2164168,Cuneiform Tablet EA 080,create,9,1,written,,
449532,Q2164169,Cuneiform Tablet CUNES 49-05-092,create,9,1,written,,
595992,Q2164170,Cuneiform Tablet BM 081568,create,10,1,written,,
357747,Q1371112,"Cuneiform Tablet TCL 20, 181",update,6,6,written,,
301127,Q2164171,Cuneiform Tablet NBC 10034,create,11,1,written,,
279577,Q2164172,Cuneiform Tablet N 5105,create,9,1,written,,
417762,Q1997086,"Cuneiform Tablet BATSH 9, 051",update,5,7,written,,
512602,Q897290,"Cuneiform Tablet TMH 10, 067",update,9,2,written,,
539552,Q2164173,Cuneiform Artifact CDLI Seals 018672 (physical),create,6,1,written,,
441102,Q2164174,"Cuneiform Tablet KBo 45, 074",create,10,1,written,,
544062,Q2164175,Cuneiform Artifact LB 2630 (unpublished),create,10,1,written,,
9542,Q2164176,Cuneiform Tablet Yahya 18,create,10,1,written,,
350082,Q2164177,"Cuneiform Tablet ARM 10, 118",create,11,1,written,,
360434,Q1360570,"Cuneiform Tablet TPAK 1, 219",update,6,5,written,,
520289,Q2164178,Cuneiform Tablet NMI BK 01189,create,10,1,written,,
385198,Q2164179,"Cuneiform Tablet OECT 10, 185",create,9,1,written,,
473589,Q2164180,Cuneiform Artifact CDLI Seals 007334 (physical),create,8,1,written,,
381972,Q2164181,"Cuneiform Tablet Nisaba 12/3, 7 = Nisaba 19, 235",create,10,1,written,,
496025,Q2164182,"Cuneiform Tablet MDP 09, 024",create,11,1,written,,
593145,Q2164183,Cuneiform Tablet BM 076163,create,9,1,written,,
251908,Q2164184,"Cuneiform Tablet MSCT 1, 082, MS 2875",create,8,1,written,,
336254,Q1972094,Cuneiform Tablet NARGD 07,update,4,8,written,,
558041,Q2164185,Cuneiform Tablet BM 042785,create,8,1,written,,
126860,Q2008217,"Cuneiform Tablet Princeton 1, 171",update,4,8,written,,
202890,Q2005170,Cuneiform Tablet BM 024827,update,4,8,written,,
525571,Q2164186,"Cuneiform Tablet FM 15, 134",create,11,1,written,,
476271,Q2164187,Cuneiform Artifact CDLI Seals 009530 (physical),create,8,1,written,,
573311,Q2164188,Cuneiform Tablet NBDSPC no. 5,create,10,1,written,,
233334,Q2164189,"Cuneiform Artifact RIME 3/1.01.07.037, ex. 0583",create,11,1,written,,
420411,Q2164190,"Cuneiform Tablet JCS 04, 104 UIOM 2031",create,10,1,written,,
218064,Q2164191,Cuneiform Tablet P218064,create,9,1,written,,
380660,Q2164192,Cuneiform Tablet BM 103886,create,10,1,written,,
591178,Q2164193,Cuneiform Tablet BM 072505,create,9,1,written,,
601581,Q2164194,Cuneiform Tablet BM 101696,create,10,1,written,,
362409,Q2164195,"Cuneiform Tablet Nisaba 33, 613",create,11,1,written,,
285700,Q2164196,"Cuneiform Tablet CT 45, 014",create,10,1,written,,
334269,Q1973158,Cuneiform Tablet ABL 0394,update,4,8,written,,
267569,Q2164197,Cuneiform Tablet Entrepreneurs 076,create,10,1,written,,
143599,Q2031305,"Cuneiform Tablet SAT 2, 0399",update,4,8,written,,
231309,Q1971078,Cuneiform Tablet N 5267,update,4,7,written,,
349759,Q1987473,"Cuneiform Tablet AOAT 275, 592, BM 072184 + BM 065578 + BM 065681",update,4,6,written,,
540888,Q2164198,Cuneiform Artifact CDLI Seals 020012 (physical),create,10,1,written,,
494018,Q2164199,"Cuneiform Tablet Syria 58, 092 AO 24169",create,10,1,written,,
262291,Q2164200,Cuneiform Tablet CBS 07262,create,11,1,written,,
513910,Q2164201,"Cuneiform Tablet Shemshara 1, 025",create,11,1,written,,
416870,Q2164202,Cuneiform Tablet CUA 096,create,7,1,written,,
10299,Q2164203,"Cuneiform Tablet OIP 099, 365",create,11,1,written,,
331591,Q1983189,"Cuneiform Tablet Nisaba 05/1, 572",update,5,7,written,,
253935,Q2164204,Cuneiform Tablet Fs Schøyen 123-195 06,create,8,1,written,,
299689,Q2164205,Cuneiform Tablet NBC 08301,create,10,1,written,,
110401,Q2064309,"Cuneiform Tablet HSS 04, 128",update,5,7,written,,
594680,Q2164206,Cuneiform Tablet BM 079039,create,9,1,written,,
399011,Q2164207,Cuneiform Tablet K 10983,create,10,1,written,,
356855,Q2030921,"Cuneiform Tablet CDLI Literary 000778, ex. 074",update,4,8,written,,
439260,Q2164208,"Cuneiform Tablet KBo 37, 136",create,10,1,written,,
257075,Q2164209,Cuneiform Tablet UM 29-16-641,create,11,1,written,,
352115,Q2164210,"Cuneiform Tablet ARM 21, 113",create,11,1,written,,
595838,Q2164211,Cuneiform Tablet BM 081321,create,10,1,written,,
444750,Q2164212,"Cuneiform Tablet KUB 23, 067",create,10,1,written,,
379245,Q2164213,Cuneiform Tablet BM 088146,create,10,1,written,,
541630,Q2164214,Cuneiform Artifact CDLI Seals 020792 (physical),create,8,1,written,,
350128,Q2164215,"Cuneiform Tablet ARM 10, 164",create,11,1,written,,
304775,Q2164216,Cuneiform Tablet YBC 03335,create,10,1,written,,
306748,Q2164217,"Cuneiform Tablet YOS 05, 119",create,11,1,written,,
203628,Q2164218,Cuneiform Tablet BM 023905,create,11,1,written,,
255048,Q2164219,Cuneiform Tablet MCT 042 YBC 07289,create,9,1,written,,
443095,Q2164220,"Cuneiform Tablet KBo 53, 292",create,10,1,written,,
588709,Q2164221,Cuneiform Tablet BM 069540,create,9,1,written,,
228578,Q2059137,Cuneiform Tablet UM 29-13-531,update,4,7,written,,
319844,Q2164222,Cuneiform Tablet BM 022176,create,11,1,written,,
459861,Q2164223,Cuneiform Tablet FLP 1296,create,9,1,written,,
109270,Q2055919,Cuneiform Tablet DoCu 315,update,4,7,written,,
510795,Q1893160,"Cuneiform Tablet AbB 13, 077",update,4,8,written,,
597805,Q2164224,"Cuneiform Tablet Pihans 135, 435",create,9,0,written,,
236566,Q2002491,"Cuneiform Tablet BIN 10, 022",update,4,7,written,,
122120,Q1980761,"Cuneiform Tablet Nik 2, 437",update,5,7,written,,
260306,Q2164225,"Cuneiform Tablet PBS 14, 0105",create,7,1,written,,
493677,Q2012393,"Cuneiform Tablet RA 074, 113 62",update,3,8,written,,
458773,Q2164226,Cuneiform Artifact CDLI Seals 006063 (composite),create,10,0,written,,
333406,Q2164227,Cuneiform Tablet P333406,create,9,1,written,,
596717,Q2164228,Cuneiform Tablet BM 083113,create,9,1,written,,
112596,Q2164229,"Cuneiform Tablet MCS 2, 55, BM 111782",create,11,1,written,,
492965,Q2164230,Cuneiform Tablet P492965,create,7,1,written,,
280152,Q2164231,Cuneiform Tablet N 6388,create,8,1,written,,
425243,Q2164232,Cuneiform Tablet Sm 0106,create,9,1,written,,
365266,Q2036072,"Cuneiform Tablet CT 12, pl. 30, BM 038178",update,4,5,written,,
511887,Q2164233,Cuneiform Artifact CDLI Seals 013355 (physical),create,10,1,written,,
318756,Q2164234,Cuneiform Tablet BM 019294,create,11,1,written,,
473423,Q2164235,Cuneiform Artifact CDLI Seals 007168 (physical),create,9,1,written,,
571286,Q2164236,Cuneiform Tablet BM 048029,create,9,1,written,,
385032,Q2164237,"Cuneiform Tablet OECT 10, 019",create,9,1,written,,
576543,Q2164238,Cuneiform Tablet BM 051473,create,9,1,written,,
445842,Q1930700,"Cuneiform Tablet KUB 37, 108 + KUB 37, 110",update,5,6,written,,
143433,Q2030983,"Cuneiform Tablet SAT 2, 0232",update,4,8,written,,
520323,Q2164239,Cuneiform Tablet Agricultural lands Tell Al-Wilayah 23,create,10,1,written,,
540922,Q2164240,Cuneiform Artifact CDLI Seals 020046 (physical),create,10,1,written,,
200907,Q2164241,Cuneiform Tablet YBC 11091,create,11,1,written,,
422586,Q2164242,"Cuneiform Artifact RIMA 2.0.091.001, ex. 05",create,11,1,written,,
115253,Q2164243,"Cuneiform Tablet MVN 07, 401",create,11,1,written,,
305867,Q2164244,Cuneiform Tablet YBC 04700,create,9,1,written,,
275807,Q2164245,Cuneiform Tablet NATN p. 53 catalogue,create,11,1,written,,
457486,Q2164246,Cuneiform Artifact CDLI Seals 004776 (composite),create,10,0,written,,
10333,Q1995935,"Cuneiform Tablet OIP 099, 404",update,4,8,written,,
136533,Q2052234,"Cuneiform Tablet UET 3, 0216",update,4,8,written,,
239693,Q2164247,Cuneiform Tablet K 18989,create,11,1,written,,
535822,Q2164248,"Cuneiform Tablet AKT 7a, 007",create,10,1,written,,
406523,Q2164249,Cuneiform Tablet SM 1909.05.404,create,10,1,written,,
430942,Q2164250,"Cuneiform Tablet CT 47, 83",create,10,1,written,,
504386,Q2033724,Cuneiform Tablet Contratti Ojeil 55,update,4,7,written,,
503443,Q2164251,Cuneiform Tablet RS 16.0244,create,9,0,written,,
564987,Q2164252,Cuneiform Tablet BM 047877,create,8,1,written,,
5832,Q2164253,"Cuneiform Tablet UET 2, 0237",create,11,1,written,,
310366,Q2164254,"Cuneiform Tablet YOS 17, 362",create,11,1,written,,
450343,Q2164255,"Cuneiform Artifact RINAP 3/1 Sennacherib 015, ex. 017",create,11,1,written,,
528713,Q2164256,Cuneiform Artifact CDLI Seals 015727 (physical),create,7,2,written,,
346506,Q2055758,"Cuneiform Tablet UET 6, 0468",update,4,7,written,,
358518,Q1359134,"Cuneiform Tablet CCT 2, 16-17, BM 113377",update,5,6,written,,
580339,Q2164257,Cuneiform Tablet BM 059304,create,10,1,written,,
276728,Q2164258,Cuneiform Tablet N 1604,create,11,1,written,,
243466,Q2164259,"Cuneiform Tablet ARET 12, 0277",create,10,1,written,,
100952,Q1984711,Cuneiform Tablet Amherst 113,update,4,7,written,,
373648,Q2164260,"Cuneiform Tablet VS 28, 062",create,8,0,written,manual recovery after FactGrid timeout created duplicate; keep lower QID Q2164260,
269824,Q2024082,"Cuneiform Tablet CDLI Literary 000338, ex. 007",update,4,8,written,,
325028,Q2042946,"Cuneiform Tablet CUSAS 03, 0341",update,4,7,written,,
565695,Q2164273,"Cuneiform Tablet OrNS 63/4 (1994) p. 305-344, L91-503",create,11,0,written,,
215206,Q1933296,"Cuneiform Tablet MAD 4, 044",update,4,7,written,,
4720,Q2164274,"Cuneiform Tablet BagM 22, 070, W 23994",create,10,1,written,,
258380,Q2164275,"Cuneiform Tablet Expedition 12, p. 017-021 CBS 00292",create,8,1,written,,
449498,Q2164276,Cuneiform Artifact CUNES 49-05-026,create,8,1,written,,
431650,Q2164277,"Cuneiform Artifact RIME 4.02.09.06, ex. 08-09",create,10,1,written,,
436195,Q2164278,"Cuneiform Tablet KBo 19, 018",create,10,1,written,,
294541,Q2164279,"Cuneiform Tablet GCCI 2, 336",create,10,1,written,,
101640,Q1986816,"Cuneiform Tablet AnOr 07, 345",update,4,8,written,,
293284,Q2164280,"Cuneiform Tablet YOS 08, 154",create,11,2,written,,
582304,Q2164281,Cuneiform Tablet BM 062145,create,9,1,written,,
467030,Q2164282,"Cuneiform Artifact RINAP 3/2 Sennacherib 219, ex. 014",create,11,1,written,,
391421,Q2164283,Cuneiform Tablet ACT 0050,create,9,1,written,,
327015,Q2164284,Cuneiform Tablet CUNES 52-18-121,create,10,1,written,,
222175,Q2164285,Cuneiform Tablet Surena 423,create,8,1,written,,
238981,Q1982832,Cuneiform Tablet AGS 094,update,4,8,written,,
562150,Q2164286,Cuneiform Tablet BM 032811,create,10,1,written,,
371675,Q2164287,"Cuneiform Tablet VS 04, 152",create,8,1,written,,
209225,Q1984638,"Cuneiform Tablet Nisaba 11, 03",update,4,8,written,,
106185,Q1999893,"Cuneiform Tablet BIN 03, 379",update,4,8,written,,
433397,Q2164288,"Cuneiform Tablet HD: W 19900,068",create,9,1,written,,
296086,Q2164289,"Cuneiform Tablet YOS 13, 168",create,10,1,written,,
507953,Q2164290,Cuneiform Artifact P507953,create,9,1,written,,
560497,Q2164291,Cuneiform Tablet BM 017129,create,9,1,written,,
402833,Q2164292,Cuneiform Tablet K 17496,create,10,1,written,,
389912,Q1931534,Cuneiform Tablet LB 2312,update,5,7,written,,
342816,Q2062373,"Cuneiform Tablet VS 02, 008",update,4,7,written,,
587106,Q2164293,Cuneiform Tablet BM 067835,create,9,1,written,,
247976,Q2164294,Cuneiform Tablet HMA 9-01884,create,10,1,written,,
104442,Q1993980,"Cuneiform Tablet AUCT 3, 222",update,4,7,written,,
1522,Q2164295,"Cuneiform Tablet ATU 5, pl. 098, W 9656,dd",create,10,1,written,,
374477,Q2164296,Cuneiform Tablet BM 093623,create,11,1,written,,
322217,Q2164297,Cuneiform Tablet CUNES 47-11-012,create,8,1,written,,
449162,Q2164298,Cuneiform Tablet CUNES 49-05-138,create,7,1,written,,
227377,Q2013633,Cuneiform Tablet RIAA 189,update,3,8,written,,
132823,Q2044966,"Cuneiform Tablet TCTI 2, 03608",update,4,8,written,,
531532,Q743514,Cuneiform Tablet Elamica 11,update,4,7,written,,
271517,Q2164299,"Cuneiform Tablet Emar 6/1, p. 273, Msk 74107p",create,9,1,written,,
103387,Q1991863,"Cuneiform Tablet AUCT 1, 542",update,4,7,written,,
498892,Q1362444,"Cuneiform Tablet AKT 6a, 088",update,5,7,written,,
309147,Q2164300,Cuneiform Tablet YBC 08263,create,10,1,written,,
453996,Q1985962,"Cuneiform Tablet Nisaba 15, 0670",update,4,7,written,,
394623,Q2164301,Cuneiform Tablet K 02710,create,10,1,written,,
434452,Q2164302,"Cuneiform Tablet IBoT 04, 103",create,10,1,written,,
291743,Q2009190,"Cuneiform Tablet BPOA 06, 1071",update,4,8,written,,
212039,Q2061999,"Cuneiform Tablet Hermitage 3, 432",update,4,8,written,,
462232,Q2164303,Cuneiform Tablet CST 027,create,10,1,written,,
567352,Q2164304,"Cuneiform Tablet Iraq 59, 157, no. 13",create,8,1,written,,
244659,Q2164305,"Cuneiform Tablet ARET 12, 1357",create,10,1,written,,
239369,Q2164306,Cuneiform Tablet K 15484,create,11,1,written,,
395931,Q2164307,"Cuneiform Tablet JNES 33, 317, 321",create,11,1,written,,
341739,Q2164308,"Cuneiform Tablet ARM 09, 157",create,11,1,written,,
290851,Q2164309,"Cuneiform Artifact BPOA 06, 1155",create,11,1,written,,
501184,Q2164310,"Cuneiform Tablet TCTI 3, 04959",create,11,1,written,,
452684,Q2164311,"Cuneiform Tablet CT 20, pl. 21, 1883-01-18, 0433",create,10,1,written,,
133731,Q2164312,Cuneiform Tablet TÉL 217,create,11,1,written,,
499780,Q1927740,"Cuneiform Tablet JCSSS 5, 060",update,3,8,written,,
118461,Q1966291,"Cuneiform Tablet MVN 15, 181",update,3,7,written,,
259968,Q2164313,"Cuneiform Tablet BE 08/1, 069",create,11,1,written,,
343704,Q2029135,"Cuneiform Tablet CDLI Literary 000690, ex. 012",update,4,8,written,,
428471,Q2164314,"Cuneiform Artifact RINAP 5/3, Ashurbanipal x2009, ex. 001",create,11,1,written,,
210004,Q1931285,Cuneiform Tablet LB 0545,update,5,7,written,,
388600,Q1931123,Cuneiform Tablet LB 0025,update,4,6,written,,
455141,Q2164315,Cuneiform Artifact CDLI Seals 002431 (composite),create,10,0,written,,
246664,Q2164316,Cuneiform Tablet P246664,create,10,1,written,,
315164,Q2164317,"Cuneiform Tablet CT 55, 771",create,10,1,written,,
599118,Q2164318,Cuneiform Artifact BM 094275,create,9,1,written,,
403721,Q2164319,Cuneiform Tablet K 18521,create,10,1,written,,
368454,Q1371631,Cuneiform Tablet P368454,update,5,6,written,,
550021,Q2164320,"Cuneiform Tablet BagM 13, 106-107 no. 34",create,10,1,written,,
458289,Q2164321,Cuneiform Artifact CDLI Seals 005579 (composite),create,10,0,written,,
506641,Q2164322,"Cuneiform Tablet Nisaba 34, 0378",create,10,1,written,,
380230,Q2007244,"Cuneiform Tablet PPAC 5, 1567",update,4,8,written,,
329908,Q2164323,Cuneiform Tablet CUNES 48-06-300,create,8,1,written,,
108898,Q2055133,Cuneiform Tablet DAS 134,update,4,8,written,,
573741,Q2164324,"Cuneiform Tablet OBO 260, no. 33",create,10,1,written,,
558411,Q2164325,Cuneiform Tablet BM 045937,create,9,1,written,,
476621,Q2164326,Cuneiform Artifact CDLI Seals 009880 (physical),create,8,1,written,,
285350,Q2164327,"Cuneiform Tablet BAM 3, 266",create,8,1,written,,
593515,Q2164328,Cuneiform Tablet BM 076654,create,9,1,written,,
525121,Q2164329,"Cuneiform Artifact UmCT 2, 107",create,11,1,written,,
420041,Q2164330,Cuneiform Tablet K 21817,create,10,1,written,,
360064,Q1369806,"Cuneiform Tablet KTS 1, 37a",update,5,7,written,,
336604,Q2025800,"Cuneiform Tablet SAA 03, 033",update,4,7,written,,
117794,Q1961952,"Cuneiform Tablet MVN 14, 0113",update,4,8,written,,
496475,Q2164331,"Cuneiform Tablet HSAO 07, 35",create,9,1,written,,
233764,Q2164332,"Cuneiform Artifact RIME 3/1.01.07.037, ex. 1013",create,11,1,written,,
265104,Q2164333,Cuneiform Tablet CBS 09790,create,8,1,written,,
591528,Q2164334,Cuneiform Tablet BM 072942,create,9,1,written,,
231759,Q2048146,"Cuneiform Tablet TMN p. 337, Ist Ni 03711",update,4,8,written,,
362059,Q2164335,"Cuneiform Tablet Nisaba 33, 1025",create,11,1,written,,
438888,Q2164336,"Cuneiform Tablet KBo 35, 097",create,10,1,written,,
494448,Q2164337,Cuneiform Tablet P494448,create,7,1,written,,
349309,Q2164338,"Cuneiform Tablet AUWE 23, 316",create,8,1,written,,
334639,Q1974108,Cuneiform Tablet ABL 0948,update,4,8,written,,
282495,Q1933649,"Cuneiform Tablet MAOG 11/1-2, 85-94",update,4,7,written,,
279127,Q2026552,"Cuneiform Tablet CDLI Literary 000381, ex. 009",update,4,9,written,,
110051,Q2063082,Cuneiform Tablet HLC 176 (pl. 105),update,4,8,written,,
249591,Q2164339,"Cuneiform Tablet AUCT 4, 074",create,9,1,written,,
441552,Q2164340,"Cuneiform Tablet KBo 46, 246",create,10,1,written,,
574084,Q2164341,"Cuneiform Tablet OBO 260, no. 362",create,11,1,written,,
427784,Q2164342,"Cuneiform Artifact RINBE 1, Nebuchadnezzar II nn, ex. nn",create,9,1,written,,
417332,Q2164343,Cuneiform Tablet ROM 910x209.624,create,9,1,written,,
512252,Q2164344,"Cuneiform Tablet JCSSS 2, 69a",create,11,1,written,,
299373,Q2164345,Cuneiform Tablet NBC 07930,create,11,1,written,,
357317,Q2030083,"Cuneiform Tablet CDLI Literary 000760, ex. 058",update,3,8,written,,
252277,Q2164346,Cuneiform Tablet MS 3336,create,8,1,written,,
539102,Q2164347,Cuneiform Artifact CDLI Seals 018280 (physical),create,7,1,written,,
544432,Q2164348,Cuneiform Tablet TA 1935 T0047,create,9,1,written,,
204417,Q2005654,Cuneiform Tablet BM 025775,update,4,8,written,,
477933,Q2164349,Cuneiform Artifact CDLI Seals 011192 (physical),create,7,1,written,,
301577,Q2164350,Cuneiform Tablet NBC 10670,create,11,1,written,,
232876,Q2164351,"Cuneiform Artifact RIME 3/1.01.07.037, ex. 0125",create,11,1,written,,
116886,Q1958194,"Cuneiform Tablet MVN 13, 114",update,4,8,written,,
127322,Q2010481,"Cuneiform Tablet RA 009, 040 SA 01 (pl.1)",update,4,7,written,,
515597,Q2164352,"Cuneiform Artifact CUSAS 40, 0813",create,10,1,written,,
337916,Q2164353,Cuneiform Tablet OIM A05433,create,11,1,written,,
446297,Q2164354,"Cuneiform Tablet KUB 43, 024",create,10,1,written,,
9112,Q2164355,"Cuneiform Tablet MDP 26, 424",create,10,1,written,,
572853,Q2164356,"Cuneiform Tablet MacGinnis, Mes 31, no. 53",create,10,1,written,,
602657,Q2164357,"Cuneiform Tablet AKT 11b, 268",create,10,1,written,,
408497,Q2164358,"Cuneiform Tablet HSS 13, 304",create,10,1,written,,
228082,Q2057718,"Cuneiform Tablet EEN 312, N 0673",update,4,8,written,,
335182,Q1980005,Cuneiform Tablet ADD 0235,update,4,7,written,,
142672,Q1969873,"Cuneiform Tablet AAICAB 1/1, pl. 019, 1911-159",update,4,8,written,,
590293,Q2164359,Cuneiform Tablet BM 071360,create,9,1,written,,
266682,Q2164360,Cuneiform Tablet CBS 11540,create,11,1,written,,
114012,Q1947246,"Cuneiform Tablet MVN 04, 060",update,4,8,written,,
364027,Q2164361,Cuneiform Tablet LBAT 1228,create,10,1,written,,
237727,Q2164362,"Cuneiform Tablet RA 091, 070",create,11,1,written,,
332647,Q2057328,Cuneiform Tablet Ede 17,update,4,7,written,,
597556,Q2164363,"Cuneiform Tablet Pihans 135, 079",create,9,0,written,,
492436,Q2164364,Cuneiform Tablet P492436,create,8,1,written,,
459532,Q2164365,"Cuneiform Tablet MDP 55, 51",create,10,1,written,,
261147,Q2164366,"Cuneiform Tablet PBS 08/1, 083",create,10,1,written,,
319517,Q2164367,Cuneiform Tablet BM 021597,create,11,1,written,,
138487,Q2056895,"Cuneiform Tablet UET 9, 0356",update,4,8,written,,
521162,Q2164368,Cuneiform Tablet KTU3 4.681,create,10,1,written,,
577702,Q2164369,Cuneiform Tablet BM 052735,create,9,1,written,,
424002,Q2164370,Cuneiform Tablet MAH 16053,create,9,1,written,,
281313,Q2164371,Cuneiform Tablet N 7585,create,8,1,written,,
384273,Q2164372,"Cuneiform Tablet OIP 092, 1587",create,10,1,written,,
126499,Q2164373,"Cuneiform Tablet PDT 2, 1164",create,11,1,written,,
307509,Q2164374,Cuneiform Tablet YBC 06476,create,10,1,written,,
254209,Q2164375,"Cuneiform Tablet ARM 01, 008",create,11,1,written,,
202469,Q2164376,Cuneiform Tablet BM 028467,create,9,1,written,,
229739,Q2032027,"Cuneiform Tablet CDLI Literary 000805, ex. 005",update,3,9,written,,
351369,Q2164377,"Cuneiform Tablet ARM 14, 029",create,11,1,written,,
525988,Q2164378,"Cuneiform Tablet RA 052, 163-176 313",create,11,1,written,,
589548,Q2164379,Cuneiform Tablet BM 070524,create,9,1,written,,
108031,Q2034758,Cuneiform Tablet CST (JRL) 515,update,4,8,written,,
576810,Q2164380,Cuneiform Tablet BM 051770,create,11,1,written,,
601978,Q2164381,Cuneiform Tablet BM 113395,create,11,1,written,,
333955,Q1972447,Cuneiform Tablet ABL 0003,update,4,8,written,,
236835,Q2003032,"Cuneiform Tablet BIN 10, 291",update,4,7,written,,
123361,Q1997182,"Cuneiform Tablet OIP 115, 358",update,4,8,written,,
354491,Q2164382,"Cuneiform Tablet ARM 25, 752",create,11,1,written,,
207391,Q2164383,Cuneiform Tablet BM 028749,create,11,1,written,,
545389,Q2164384,"Cuneiform Tablet KAM 10, 46",create,11,1,written,,
469184,Q2039533,"Cuneiform Tablet CTN 2, 030",update,4,7,written,,
416489,Q2164385,"Cuneiform Artifact RIME 4.01.05.04, ex. add129",create,11,1,written,,
143960,Q2164386,"Cuneiform Artifact SAT 2, 0760",create,11,1,written,,
256234,Q2164387,Cuneiform Tablet UM 29-15-438,create,11,1,written,,
331968,Q1983793,"Cuneiform Tablet Nisaba 05/2, 307",update,5,7,written,,
438021,Q2164388,"Cuneiform Tablet KBo 31, 046",create,10,1,written,,
353354,Q2164389,"Cuneiform Tablet ARM 23, 566",create,11,1,written,,
413371,Q2164390,Cuneiform Tablet BM 103522,create,10,1,written,,
516211,Q2053891,"Cuneiform Tablet CUSAS 40, 1427",update,4,7,written,,
378004,Q2005599,"Cuneiform Tablet PPAC 5, 0736",update,4,8,written,,
398250,Q2164391,"Cuneiform Tablet Nisaba 2, VII 1",create,10,1,written,,
200454,Q2058573,"Cuneiform Artifact FAOS 07, p. 355 7a",update,5,7,written,,
344868,Q2164392,Cuneiform Tablet PRAK A 582bis,create,8,1,written,,
540471,Q2164393,Cuneiform Artifact CDLI Seals 019652 (physical),create,7,1,written,,
445511,Q2164394,"Cuneiform Tablet KUB 34, 103",create,10,1,written,,
305534,Q2164395,Cuneiform Tablet YBC 04240,create,10,1,written,,
563311,Q2164396,Cuneiform Tablet BM 037431,create,9,1,written,,
395198,Q2164397,Cuneiform Tablet K 03726 + K 06429 + K 06619 + K 08132 + K 09468 + K 10133 + K 11575 + K 11895 + K 12549,create,11,1,written,,
241908,Q2164398,Cuneiform Tablet P241908,create,10,1,written,,
295700,Q2164399,"Cuneiform Tablet YOS 13, 238",create,10,2,written,,
535571,Q1364477,"Cuneiform Tablet AKT 6e, 947",update,5,6,written,,
530289,Q2164400,Cuneiform Artifact CDLI Seals 014610 (physical),create,7,2,written,,
390660,Q2164401,Cuneiform Tablet Hadidi 4,create,11,1,written,,
548041,Q2164402,Cuneiform Artifact CDLI Seals 025461 (composite),create,9,0,written,,
466271,Q2014201,"Cuneiform Tablet RIMA 1.0.077.006, ex. 03",update,4,7,written,,
430411,Q2164403,Cuneiform Artifact CDLI Seals 000315 (composite),create,10,0,written,,
583145,Q2164404,Cuneiform Tablet BM 074189,create,8,1,written,,
212890,Q2003112,"Cuneiform Tablet BiOr 46, p. 359-360",update,3,6,written,,
208064,Q2007881,Cuneiform Tablet Borrelli diss. 30,update,4,8,written,,
136860,Q2052866,"Cuneiform Tablet UET 3, 0538",update,4,8,written,,
581178,Q2164405,Cuneiform Tablet BM 060789,create,9,1,written,,
370434,Q2164406,"Cuneiform Tablet CT 08, pl. 08, Bu 1891-05-09, 1031",create,10,1,written,,
550888,Q2164407,Cuneiform Tablet Nbk. 174,create,11,1,written,,
326254,Q2164408,"Cuneiform Tablet CUSAS 33, 277",create,9,1,written,,
223334,Q2164409,"Cuneiform Tablet TIM 05, 20",create,9,1,written,,
277569,Q2164410,Cuneiform Tablet N 2483,create,11,1,written,,
221309,Q2057225,Cuneiform Tablet DP 659,update,4,8,written,,
272291,Q2164411,"Cuneiform Tablet Emar 6/1, p. 226, Msk 7491b",create,9,1,written,,
372409,Q1893366,"Cuneiform Tablet VS 07, 189",update,4,8,written,,
346855,Q2056018,"Cuneiform Tablet UET 6, 0818",update,4,6,written,,
299,Q2021079,"Cuneiform Tablet CDLI Lexical 000011, ex. 003",update,4,7,written,,
275554,Q2164412,Cuneiform Tablet NATN p. 51 catalogue,create,11,1,written,,
288831,Q1934256,"Cuneiform Tablet MARV 6, 50",update,4,6,written,,
100401,Q1983521,Cuneiform Tablet Aleppo 069,update,4,8,written,,
243935,Q2164413,"Cuneiform Tablet ARET 12, 0689",create,10,1,written,,
406870,Q2064641,"Cuneiform Tablet HSS 68, 102",update,5,7,written,,
407762,Q2164414,Cuneiform Tablet SM 1913.02.142,create,11,1,written,,
584680,Q2164415,Cuneiform Tablet BM 064885,create,9,1,written,,
554062,Q2164416,Cuneiform Tablet Dar. 12,create,10,1,written,,
503910,Q2164417,Cuneiform Tablet RS 20.0246,create,9,0,written,,
502602,Q2164418,Cuneiform Artifact CDLI Seals 012314 (physical),create,7,1,written,,
242627,Q2164419,"Cuneiform Tablet ARET 03, 429",create,10,1,written,,
289723,Q2164420,Cuneiform Tablet NBC 11626,create,11,1,written,,
451102,Q1988427,Cuneiform Artifact P451102,update,3,4,written,,
347747,Q1938635,"Cuneiform Tablet MSL SS 1, 024",update,3,6,written,,
214047,Q2010234,"Cuneiform Tablet ITT 2, 03013",update,4,7,written,,
311127,Q2164421,Cuneiform Tablet YBC 10845,create,10,1,written,,
340082,Q2164422,"Cuneiform Tablet BPOA 01, 1427",create,11,1,written,,
137772,Q2054670,"Cuneiform Tablet UET 3, 1447",update,4,8,written,,
529552,Q2164423,Cuneiform Tablet Fs Birot 097-113 no. 08,create,11,1,written,,
213782,Q2164424,"Cuneiform Tablet ITT 1, 01356",create,10,1,written,,
585992,Q2164425,Cuneiform Tablet BM 066458,create,9,1,written,,
554598,Q2164426,Cuneiform Tablet Camb. 137,create,10,1,written,,
376919,Q2164427,Cuneiform Tablet BM 111139,create,10,1,written,,
407298,Q2164428,"Cuneiform Tablet HSS 68, 367",create,11,1,written,,
294812,Q2164429,"Cuneiform Tablet dubsar 3, 067",create,10,1,written,,
342545,Q2164430,Cuneiform Tablet MW 0188/054,create,7,1,written,,
391972,Q2164431,"Cuneiform Artifact RIME 4.04.01.03, ex. add271",create,10,1,written,,
273879,Q2057508,Cuneiform Tablet Education in the Earliest Schools 180,update,3,5,written,,
1871,Q2164432,"Cuneiform Tablet ATU 6, pl. 021, W 13033",create,10,1,written,,
314325,Q2038376,"Cuneiform Tablet CT 53, 916",update,4,8,written,,
247425,Q2164433,Cuneiform Tablet P247425,create,10,1,written,,
211245,Q2164434,Cuneiform Tablet YBC 15619,create,10,1,written,,
369615,Q2164435,Cuneiform Tablet OBTI 185,create,10,1,written,,
325881,Q2044534,"Cuneiform Tablet CUSAS 03, 1376",update,4,7,written,,
507400,Q2164436,Cuneiform Tablet EAH 00186,create,7,1,written,,
389441,Q2164437,"Cuneiform Tablet TLB 04, 070",create,10,1,written,,
551260,Q2164438,"Cuneiform Tablet TMH 02-3, 099",create,11,1,written,,
104911,Q1995756,"Cuneiform Tablet BAOM 2, 29 48",update,4,8,written,,
454300,Q2164439,Cuneiform Artifact CDLI Seals 001590 (composite),create,10,0,written,,
316318,Q2164440,Cuneiform Tablet BM 015160,create,11,1,written,,
137288,Q2053699,"Cuneiform Tablet UET 3, 0963",update,4,8,written,,
245418,Q2164441,Cuneiform Tablet P245418,create,10,1,written,,
402560,Q2164442,Cuneiform Tablet K 17192,create,10,1,written,,
213278,Q2164443,"Cuneiform Tablet HSS 10, 012",create,10,1,written,,
467899,Q2164444,Cuneiform Tablet U 00503,create,7,0,written,,
374924,Q2164445,Cuneiform Tablet BM 094391,create,11,1,written,,
531861,Q892905,Cuneiform Tablet Elamica 11 KHT427,update,4,7,written,,
238128,Q2038540,"Cuneiform Tablet CT 54, 045",update,4,8,written,,
340578,Q2164446,"Cuneiform Tablet BPOA 02, 1925",create,11,1,written,,
598359,Q2164447,Cuneiform Tablet BM 086076,create,10,1,written,,
119620,Q2164448,"Cuneiform Tablet MVN 16, 1572",create,11,1,written,,
478795,Q2164449,Cuneiform Artifact CDLI Seals 012001 (physical),create,9,1,written,,
434901,Q2164450,"Cuneiform Tablet KBo 08, 007",create,10,1,written,,
271844,Q2164451,"Cuneiform Tablet Emar 6/2, p. 482, Msk 74196q",create,9,1,written,,
226136,Q2164452,"Cuneiform Artifact RIME 3/2.01.01.39, ex. 07",create,11,1,written,,
323056,Q2045226,"Cuneiform Tablet CUSAS 11, 211",update,4,7,written,,
586347,Q2164453,Cuneiform Tablet BM 066913,create,10,1,written,,
345280,Q2164454,"Cuneiform Tablet CDLI Literary needed, ex. nn ?",create,10,1,written,,
270756,Q2164455,"Cuneiform Tablet CUSAS 15, 139",create,6,1,written,,
132570,Q2164456,"Cuneiform Tablet TCTI 2, 03326",create,11,1,written,,
375636,Q2164457,Cuneiform Tablet BM 109625,create,11,1,written,,
530773,Q2164458,Cuneiform Artifact CDLI Seals 015261 (physical),create,8,1,written,,
129296,Q2164459,Cuneiform Tablet SAKF 025,create,11,1,written,,
435613,Q2164460,"Cuneiform Tablet KBo 13, 216",create,10,1,written,,
290502,Q2013244,"Cuneiform Tablet BPOA 07, 2352",update,4,8,written,,
118932,Q2164461,"Cuneiform Tablet MVN 16, 0884",create,11,1,written,,
395462,Q2164462,Cuneiform Tablet K 04251,create,11,1,written,,
566113,Q2164463,Cuneiform Tablet BM 037248,create,9,1,written,,
324793,Q2043928,"Cuneiform Tablet CUSAS 03, 1007",update,4,7,written,,
105603,Q1998337,"Cuneiform Tablet BE 03/1, 051",update,4,8,written,,
308306,Q2164464,Cuneiform Tablet YBC 07363,create,11,1,written,,
368907,Q2164465,Cuneiform Tablet TMN Ist Ni 10074,create,10,1,written,,
581482,Q2164466,Cuneiform Tablet BM 061099,create,9,1,written,,
428922,Q2164467,"Cuneiform Artifact Iraq 34, 131, pl. 53 a-b",create,11,1,written,,
277093,Q2164468,Cuneiform Tablet N 1982,create,11,1,written,,
419286,Q2164469,Cuneiform Tablet K 20941,create,10,1,written,,
558942,Q2164470,Cuneiform Tablet BM 025711,create,11,1,written,,
351693,Q2164471,"Cuneiform Tablet ARM 19, 154",create,11,1,written,,
496926,Q2164472,"Cuneiform Tablet FM 12, p. 173 M 10590",create,11,1,written,,
763,Q2164473,"Cuneiform Tablet ATU 5, pl. 006, W 6375,c",create,10,1,written,,
513013,Q2164474,Cuneiform Tablet BM 016110,create,9,1,written,,
593846,Q2164475,Cuneiform Tablet BM 077164,create,10,1,written,,
545673,Q2164476,Cuneiform Artifact CDLI Seals 023302 (physical),create,7,1,written,,
8353,Q2164477,"Cuneiform Tablet MDP 17, 155",create,10,1,written,,
126163,Q2164478,"Cuneiform Tablet PDT 2, 0798",create,11,1,written,,
278366,Q2027882,"Cuneiform Tablet CDLI Literary 000501, ex. 001",update,4,8,written,,
202193,Q1984415,"Cuneiform Tablet Nisaba 09, 287",update,4,8,written,,
298132,Q1974862,Cuneiform Tablet NBC 05215,update,4,8,written,,
538343,Q2164479,Cuneiform Artifact CDLI Seals 017518 (physical),create,7,1,written,,
440713,Q2164480,"Cuneiform Tablet KBo 43, 247",create,10,1,written,,
416173,Q2046842,"Cuneiform Tablet CUSAS 16, 106",update,4,7,written,,
356156,Q1906963,"Cuneiform Tablet JCS 25, 163",update,4,7,written,,
253036,Q2164481,"Cuneiform Tablet MSCT 1, 052, MS 3947",create,8,1,written,,
205656,Q2164482,Cuneiform Tablet BM 027276,create,11,1,written,,
300736,Q2164483,Cuneiform Tablet NBC 09619,create,10,1,written,,
363218,Q1975508,Cuneiform Tablet ACT 0310,update,4,7,written,,
348148,Q2164484,Cuneiform Tablet AlT 181,create,10,1,written,,
142388,Q2164485,"Cuneiform Tablet YOS 11, 37",create,10,1,written,,
330380,Q2164486,Cuneiform Tablet NATN p. 73 catalogue,create,11,1,written,,
230518,Q2018860,Cuneiform Tablet CBS 13128,update,3,7,written,,
590769,Q2164487,Cuneiform Tablet BM 071892,create,9,1,written,,
335478,Q1980590,Cuneiform Tablet ADD 0548,update,4,7,written,,
412999,Q2164488,Cuneiform Tablet BM 102225,create,10,1,written,,
495609,Q2164489,Cuneiform Tablet P495609,create,8,1,written,,
301824,Q2164490,"Cuneiform Tablet BiMes 11, no. 272",create,11,1,written,,
204944,Q2164491,Cuneiform Tablet BM 025939,create,11,1,written,,
595091,Q2164492,Cuneiform Tablet BM 079584,create,9,1,written,,
263480,Q2164493,Cuneiform Tablet CBS 08674,create,10,1,written,,
206979,Q2164494,Cuneiform Tablet BM 025552,create,11,1,written,,
441801,Q2164495,"Cuneiform Tablet KBo 47, 168",create,10,1,written,,
544961,Q2164496,Cuneiform Artifact CDLI seals 022609 (physical),create,8,1,written,,
122989,Q2002360,Cuneiform Tablet OTR 054,update,4,7,written,,
521498,Q2067006,"Cuneiform Tablet Zwaid PhD diss., IM 205061",update,3,8,written,,
472398,Q1932104,Cuneiform Tablet Lippmann Coll 098,update,4,7,written,,
303819,Q2164497,Cuneiform Tablet NCBT 01778,create,10,1,written,,
477460,Q2164498,Cuneiform Artifact CDLI Seals 010719 (physical),create,7,1,written,,
111210,Q1923555,"Cuneiform Tablet ITT 3, 05559",update,4,8,written,,
600390,Q2164499,Cuneiform Tablet BM 099573,create,10,1,written,,
524360,Q2164500,"Cuneiform Tablet MDP 23, 280",create,11,1,written,,
421200,Q2164501,Cuneiform Tablet SMUI 1913.14.1283,create,8,1,written,,
381071,Q2164502,Cuneiform Tablet BM 109535,create,10,1,written,,
232525,Q2164503,"Cuneiform Artifact RIME 3/1.01.07.024, ex. 31",create,10,1,written,,
337445,Q2164504,Cuneiform Tablet OIM A03160,create,11,1,written,,
572500,Q2164505,"Cuneiform Tablet Lugale, text u1",create,10,1,written,,
592754,Q2164506,Cuneiform Tablet BM 074616,create,11,1,written,,
350981,Q2164507,"Cuneiform Tablet ARM 12, 538",create,11,1,written,,
497634,Q2164508,"Cuneiform Tablet Studia Orontica 6, p. 64 TH02-T0171",create,11,1,written,,
264345,Q2017658,Cuneiform Tablet CBS 06916,update,4,7,written,,
229369,Q2003306,"Cuneiform Tablet PBS 11/2, 006 +",update,4,7,written,,
559650,Q2164509,"Cuneiform Tablet AfO 38/39, 99 no. 12",create,11,1,written,,
361225,Q1361032,"Cuneiform Tablet AMM 1989, 45, pl. 1",update,5,6,written,,
202039,Q2164510,Cuneiform Tablet BM 102194,create,10,1,written,,
351739,Q2164511,"Cuneiform Tablet ARM 19, 200",create,11,1,written,,
280851,Q2164512,Cuneiform Tablet N 7110,create,8,1,written,,
307159,Q1893563,"Cuneiform Tablet YOS 02, 009",update,4,8,written,,
511184,Q2164513,"Cuneiform Tablet AbB 05, 241",create,11,1,written,,
108461,Q2035521,"Cuneiform Tablet CT 03, pl. 19, BM 014611",update,4,8,written,,
589118,Q2164514,Cuneiform Tablet BM 070037,create,9,1,written,,
385931,Q2164515,"Cuneiform Tablet CT 19, pl. 12, K 11394",create,10,1,written,,
123731,Q1996879,"Cuneiform Tablet OIP 115, 195",update,4,8,written,,
298098,Q1974805,Cuneiform Tablet NBC 05177,update,4,8,written,,
442684,Q2164516,"Cuneiform Tablet KBo 50, 160",create,10,1,written,,
445141,Q2164517,"Cuneiform Tablet KUB 30, 056",create,10,1,written,,
413721,Q2164518,Cuneiform Tablet BM 112747,create,10,1,written,,
378454,Q2164519,Cuneiform Tablet BM 087011,create,10,1,written,,
256664,Q2030042,"Cuneiform Tablet CDLI Literary 000760, ex. 037",update,4,8,written,,
249968,Q2164520,Cuneiform Tablet AUAM 73.2717,create,8,1,written,,
200004,Q2164521,Cuneiform Tablet MS 4587,create,9,1,written,,
438471,Q2164522,"Cuneiform Tablet KBo 33, 069",create,10,1,written,,
540021,Q2164523,Cuneiform Artifact CDLI Seals 019202 (physical),create,7,1,written,,
399912,Q2164524,"Cuneiform Tablet CT 31, pl. 02, K 12554",create,11,1,written,,
352816,Q2164525,"Cuneiform Tablet ARM 23, 028",create,11,1,written,,
305164,Q2164526,"Cuneiform Tablet YOS 17, 293",create,11,1,written,,
353704,Q2164527,"Cuneiform Tablet ARM 24, 289",create,11,1,written,,
257976,Q2164528,Cuneiform Tablet CBS 00526,create,9,1,written,,
142222,Q2065011,"Cuneiform Tablet YOS 04, 158",update,4,8,written,,
423397,Q2164529,Cuneiform Tablet Bod AB A 026,create,7,1,written,,
398600,Q2164530,Cuneiform Tablet K 10278,create,10,1,written,,
602207,Q2164531,Cuneiform Tablet BM 114458,create,10,1,written,,
286086,Q2164532,Cuneiform Tablet P286086,create,8,1,written,,
114442,Q1949048,"Cuneiform Tablet MVN 05, 222",update,4,7,written,,
570497,Q2164533,Cuneiform Tablet BM 046634,create,9,1,written,,
384623,Q2164534,"Cuneiform Tablet OIP 092, 1937",create,10,1,written,,
319147,Q2164535,Cuneiform Tablet BM 019770,create,11,1,written,,
412833,Q2164536,Cuneiform Tablet BM 100197,create,10,1,written,,
577352,Q2164537,Cuneiform Tablet BM 052347,create,8,1,written,,
443996,Q2164538,"Cuneiform Tablet KUB 07, 011",create,10,1,written,,
521532,Q1975016,"Cuneiform Tablet AchHist 15, 039",update,4,8,written,,
424452,Q2164539,Cuneiform Tablet SMUI 1913.14.0285,create,8,1,written,,
472232,Q2164540,"Cuneiform Tablet ARM 32, p. 462 M 08015",create,11,1,written,,
113387,Q1944117,"Cuneiform Tablet MVN 02, 088",update,5,7,written,,
281743,Q2164541,Cuneiform Tablet KAV 136,create,9,1,written,,
332217,Q1927335,"Cuneiform Tablet JCS 54, 003, 12",update,4,8,written,,
597106,Q2164542,Cuneiform Tablet BM 083559,create,9,1,written,,
261517,Q2002840,"Cuneiform Tablet PBS 02/1, 108",update,4,7,written,,
364477,Q2164543,Cuneiform Tablet LBAT 0276,create,11,1,written,,
492066,Q2164544,Cuneiform Tablet P492066,create,9,1,written,,
459162,Q2164545,Cuneiform Artifact CDLI Seals 006341 (physical),create,8,1,written,,
237377,Q2010022,Cuneiform Tablet PRT 031,update,4,8,written,,
242277,Q2164546,"Cuneiform Tablet ARET 03, 092",create,10,1,written,,
347317,Q2164547,"Cuneiform Tablet Tall Munbaqa-Ekalte 2, 72",create,9,1,written,,
122823,Q1993853,Cuneiform Tablet NYPL 285,update,4,8,written,,
214417,Q2164548,"Cuneiform Tablet ITT 2, 04616",create,10,1,written,,
529102,Q2164549,Cuneiform Artifact CDLI Seals 016650 (physical),create,6,1,written,,
311577,Q2164550,Cuneiform Tablet YBC 11404,create,10,1,written,,
269127,Q2164551,"Cuneiform Tablet PBS 01/2, 015",create,10,1,written,,
407332,Q2164552,"Cuneiform Tablet HSS 68, 391",create,11,1,written,,
502252,Q2164553,"Cuneiform Tablet TCTI 3, 08432",create,11,1,written,,
505597,Q2164554,Cuneiform Tablet YBC 16811,create,10,1,written,,
467933,Q2164555,Cuneiform Tablet U 00807,create,8,1,written,,
554432,Q2164556,Cuneiform Tablet Cyr. 216,create,10,1,written,,
436896,Q2164557,"Cuneiform Tablet KBo 24, 105",create,10,1,written,,
238082,Q2023671,Cuneiform Tablet RMA 277c,update,4,8,written,,
456297,Q2164558,Cuneiform Artifact CDLI Seals 003587 (composite),create,10,0,written,,
562853,Q2164559,Cuneiform Tablet BM 035903,create,8,1,written,,
137322,Q2053769,"Cuneiform Tablet UET 3, 0997",update,4,8,written,,
339908,Q2164560,"Cuneiform Tablet BPOA 01, 1253",create,11,1,written,,
370064,Q2164561,"Cuneiform Tablet MDP 18, 029",create,9,1,written,,
118898,Q2164562,"Cuneiform Tablet MVN 16, 0850",create,11,1,written,,
106886,Q2007194,Cuneiform Tablet BM Messenger 006,update,4,8,written,,
548411,Q2164563,Cuneiform Artifact CDLI Seals 025796 (physical),create,8,1,written,,
326604,Q2164564,"Cuneiform Tablet CUSAS 30, 241",create,9,1,written,,
563741,Q2164565,Cuneiform Tablet BM 038324,create,9,1,written,,
275104,Q1893014,Cuneiform Tablet LIH 029,update,3,8,written,,
223764,Q2164566,"Cuneiform Tablet MSKH 1, IM 050055",create,8,1,written,,
390230,Q2164567,Cuneiform Tablet LB 3167,create,11,1,written,,
535121,Q1368349,"Cuneiform Tablet AKT 6c, 667",update,6,6,written,,
583515,Q2164568,Cuneiform Tablet BM 063388,create,10,1,written,,
107794,Q2034306,Cuneiform Tablet CST (JRL) 280,update,4,8,written,,
208434,Q2164569,Cuneiform Tablet BM 027136,create,11,1,written,,
372059,Q2164570,"Cuneiform Tablet VS 06, 164",create,8,1,written,,
295350,Q2164571,Cuneiform Tablet MLC 00552,create,9,2,written,,
581528,Q2164572,Cuneiform Tablet BM 061161,create,9,1,written,,
466621,Q2164573,Cuneiform Tablet Penn —,create,11,1,written,,
437784,Q2164574,"Cuneiform Tablet KBo 29, 172",create,10,1,written,,
359309,Q1360041,Cuneiform Tablet Prag 730,update,4,7,written,,
277139,Q2164575,Cuneiform Tablet N 2028,create,11,1,written,,
221759,Q2059922,"Cuneiform Tablet FT 2, pl. 40, AO 12108b",update,4,7,written,,
564084,Q2164576,Cuneiform Tablet BM 038899,create,8,1,written,,
259591,Q2164577,Cuneiform Tablet CBS 03217,create,10,1,written,,
430041,Q2164578,"Cuneiform Artifact Atiqot 4, pl. 38 94",create,10,1,written,,
5131,Q2164579,"Cuneiform Tablet MSVO 1, 064",create,10,1,written,,
290152,Q2013359,"Cuneiform Tablet BPOA 07, 2382",update,4,8,written,,
501887,Q2164580,"Cuneiform Tablet TCTI 3, 06102",create,11,1,written,,
292495,Q2164581,Cuneiform Tablet NBC 00741,create,11,1,written,,
435243,Q2164582,"Cuneiform Tablet KBo 11, 38",create,10,1,written,,
100051,Q1972074,Cuneiform Tablet AAS 063,update,4,8,written,,
395032,Q2164583,Cuneiform Tablet BL 100 + 165,create,10,1,written,,
566543,Q2164584,Cuneiform Artifact BM 034268,create,9,1,written,,
308756,Q2164585,Cuneiform Tablet YBC 07838,create,10,1,written,,
530323,Q2164586,Cuneiform Artifact CDLI Seals 014645 (physical),create,6,1,written,,
226566,Q2164587,"Cuneiform Artifact RIME 3/2.01.03.13, ex. 10",create,11,1,written,,
375266,Q2164588,Cuneiform Tablet BM 095175,create,11,1,written,,
448773,Q2164589,"Cuneiform Tablet Nisaba 19, 064",create,11,1,written,,
586717,Q2164590,Cuneiform Tablet BM 067380,create,9,1,written,,
323406,Q2045126,"Cuneiform Tablet CUSAS 11, 161",update,4,7,written,,
102596,Q1990193,"Cuneiform Tablet ASJ 16, 111 17",update,4,7,written,,
333,Q2022259,"Cuneiform Tablet CDLI Lexical 000028, ex. 06",update,4,7,written,,
455842,Q2164591,Cuneiform Artifact CDLI Seals 003132 (composite),create,10,0,written,,
550922,Q2164592,Cuneiform Tablet Nbk. 212a,create,11,1,written,,
210907,Q2164593,Cuneiform Tablet YBC 15104,create,11,1,written,,
315867,Q2164594,Cuneiform Tablet BM 013575,create,10,1,written,,
561286,Q2164595,Cuneiform Tablet BM 085149,create,9,1,written,,
105253,Q1997672,"Cuneiform Tablet BCT 2, 012",update,4,7,written,,
297697,Q2164596,Cuneiform Tablet NBC 04678,create,11,1,written,,
432586,Q2019459,"Cuneiform Tablet RIME 4.04.01.03, ex. 022",update,4,7,written,,
585838,Q2164597,Cuneiform Tablet BM 066291,create,10,1,written,,
296985,Q2164598,Cuneiform Tablet MLC 02580,create,9,1,written,,
507050,Q2164599,"Cuneiform Tablet Nisaba 34, 0868",create,10,1,written,,
480958,Q1975744,Cuneiform Tablet NCBT 02244,update,3,8,written,,
454750,Q2164600,Cuneiform Artifact CDLI Seals 002040 (composite),create,10,0,written,,
369245,Q2032290,"Cuneiform Tablet CDLI Literary 002701.01, ex. 027",update,4,8,written,,
402130,Q2164601,Cuneiform Tablet K 16654,create,10,1,written,,
289689,Q2164602,"Cuneiform Tablet YOS 14, 007",create,11,1,written,,
342115,Q1992981,Cuneiform Tablet NMSA 4124,update,4,8,written,,
429260,Q2164603,"Cuneiform Tablet EN 10/2, 108",create,8,1,written,,
389011,Q2164604,Cuneiform Tablet LB 0496,create,11,1,written,,
314775,Q2164605,"Cuneiform Tablet CT 55, 383",create,10,1,written,,
211615,Q2029112,"Cuneiform Tablet SANTAG 6, 274",update,4,8,written,,
247075,Q2164606,Cuneiform Tablet P247075,create,10,1,written,,
340128,Q2164607,"Cuneiform Artifact BPOA 01, 1473",create,11,1,written,,
213628,Q2066460,"Cuneiform Tablet ITT 1, 01170",update,4,7,written,,
449861,Q2164608,Cuneiform Tablet CUNES 51-03-275,create,8,1,written,,
132120,Q2042144,Cuneiform Tablet Tavolette 335,update,4,8,written,,
598709,Q2164609,Cuneiform Tablet BM 087905,create,10,1,written,,
587805,Q2164610,Cuneiform Tablet BM 068711,create,9,1,written,,
245048,Q2164611,Cuneiform Tablet P245048,create,10,1,written,,
309844,Q2164612,Cuneiform Tablet YBC 09122,create,10,1,written,,
363648,Q2040692,"Cuneiform Tablet CTN 4, 234",update,4,7,written,,
335028,Q1979693,Cuneiform Tablet ADD 0076,update,4,7,written,,
495259,Q2164613,Cuneiform Tablet P495259,create,8,1,written,,
500795,Q2164614,"Cuneiform Tablet CTMMA 4, 021",create,10,1,written,,
119270,Q2164615,"Cuneiform Tablet MVN 16, 1222",create,11,1,written,,
590339,Q2164616,Cuneiform Tablet BM 071408,create,9,1,written,,
230148,Q2048132,"Cuneiform Tablet TMN p. 330, Ist Ni 03179",update,4,8,written,,
575695,Q2164617,Cuneiform Tablet BM 050432,create,10,1,written,,
248380,Q2164618,Cuneiform Tablet HMA 9-02884,create,8,1,written,,
348518,Q2036941,"Cuneiform Tablet SpTU 1, 097",update,4,6,written,,
539801,Q2164619,Cuneiform Artifact CDLI Seals 018983 (physical),create,7,1,written,,
426195,Q2164620,"Cuneiform Tablet CT 14, pl. 26, Sm 1958",create,9,1,written,,
279824,Q2164621,Cuneiform Tablet N 5753,create,9,1,written,,
111640,Q1925092,"Cuneiform Tablet ITT 5, 06933",update,4,8,written,,
283284,Q1934318,"Cuneiform Tablet MARV 7, 086",update,4,8,written,,
459498,Q2164622,"Cuneiform Tablet MDP 55, 16",create,10,1,written,,
361675,Q1372138,Cuneiform Tablet LB 1296,update,5,6,written,,
497264,Q2164623,"Cuneiform Tablet MARI 07, p. 189 no. 11",create,11,1,written,,
264715,Q2164624,Cuneiform Artifact CDLI Seals 000891 (physical),create,8,1,written,,
232175,Q2164625,"Cuneiform Artifact RIME 3/1.01.06.04, ex. 358",create,11,1,written,,
116185,Q1956066,"Cuneiform Tablet MVN 11, 172",update,5,7,written,,
592304,Q2164626,Cuneiform Tablet BM 073903,create,9,1,written,,
477030,Q2164627,Cuneiform Artifact CDLI Seals 010289 (physical),create,8,1,written,,
559200,Q2164628,Cuneiform Tablet BM 027857,create,11,1,written,,
421650,Q2164629,Cuneiform Tablet CULC 560,create,7,1,written,,
572150,Q2164630,Cuneiform Tablet BM 049682,create,8,1,written,,
337015,Q2038263,"Cuneiform Tablet StAT 2, 207",update,4,8,written,,
228981,Q2003183,"Cuneiform Tablet PBS 11/1, 014 + 029",update,4,8,written,,
447486,Q2164631,"Cuneiform Tablet KUB 55, 009 + KUB 57, 114",create,10,1,written,,
525822,Q2164632,"Cuneiform Tablet ARM 33, 178",create,11,1,written,,
229693,Q1938436,"Cuneiform Tablet MSL 15, 010 L1",update,4,8,written,,
420942,Q2164633,Cuneiform Tablet SMUI 1913.14.0757,create,11,1,written,,
381421,Q2164634,Cuneiform Tablet BM 085652,create,11,1,written,,
8703,Q2164635,"Cuneiform Tablet MDP 26, 015",create,10,1,written,,
265807,Q2164636,Cuneiform Tablet CBS 10605,create,8,1,written,,
300366,Q2164637,Cuneiform Tablet NBC 09062,create,9,1,written,,
360967,Q1372471,Cuneiform Tablet KTK 115,update,5,6,written,,
126533,Q2164638,"Cuneiform Tablet PDT 2, 1202",create,11,1,written,,
545223,Q2164639,Cuneiform Artifact CDLI Seals 022871 (physical),create,7,1,written,,
538713,Q2164640,Cuneiform Artifact CDLI Seals 017888 (physical),create,9,1,written,,
253466,Q2164641,"Cuneiform Tablet MSCT 17, 29",create,8,1,written,,
356506,Q2164642,"Cuneiform Tablet SLFN 27, 3N-T919,451",create,10,1,written,,
574987,Q2164643,Cuneiform Tablet BM 072274,create,8,1,written,,
298562,Q2164644,Cuneiform Tablet NBC 06755,create,10,1,written,,
110952,Q1975848,"Cuneiform Tablet ITT 2, 03503",update,4,8,written,,
416523,Q2059887,"Cuneiform Tablet FS Wu 107-8, 3",update,4,7,written,,
440343,Q2164645,"Cuneiform Tablet KBo 42, 002",create,10,1,written,,
278736,Q2164646,Cuneiform Tablet N 3728,create,11,1,written,,
505578,Q2164647,Cuneiform Tablet YBC 16809,create,7,1,written,,
553318,Q2164648,Cuneiform Tablet Nbn. 117,create,10,1,written,,
456278,Q2164649,Cuneiform Artifact CDLI Seals 003568 (composite),create,10,0,written,,
400418,Q2164650,"Cuneiform Tablet CT 14, pl. 17, K 13697",create,10,1,written,,
578048,Q2164651,Cuneiform Tablet BM 053106,create,9,1,written,,
271901,Q2164652,"Cuneiform Tablet Emar 6/2, p. 502, Msk 74204b",create,10,1,written,,
205206,Q2003614,Cuneiform Tablet BM 019467,update,4,8,written,,
3909,Q2164653,Cuneiform Tablet IM 073463,create,10,1,written,,
106869,Q2003269,"Cuneiform Tablet BJRL 64, 113 75",update,4,8,written,,
531924,Q893004,Cuneiform Tablet Elamica 11 KHT504,update,4,7,written,,
374861,Q2164654,Cuneiform Tablet BM 094240,create,11,1,written,,
132435,Q2164655,"Cuneiform Tablet TCTI 2, 03181",create,11,1,written,,
500280,Q2041446,"Cuneiform Tablet CTPSM 1, 090",update,5,7,written,,
434844,Q2164656,"Cuneiform Tablet KBo 07, 16",create,10,1,written,,
498484,Q2164657,"Cuneiform Artifact RIMA 3.0.102.111, ex. add84",create,9,1,written,,
130408,Q2164658,Cuneiform Tablet StOr 09-1 23 (pl. 07),create,10,1,written,,
242298,Q1907170,Cuneiform Tablet P242298,update,4,7,written,,
119765,Q1967201,"Cuneiform Tablet MVN 18, 404",update,4,8,written,,
311598,Q2164659,"Cuneiform Tablet dubsar 3, 088",create,11,1,written,,
453580,Q2044657,"Cuneiform Tablet CUSAS 03, 1481",update,4,7,written,,
436879,Q2164660,"Cuneiform Tablet KBo 24, 082",create,10,1,written,,
560881,Q2164661,Cuneiform Tablet BM 022596,create,9,1,written,,
507545,Q2164662,Cuneiform Tablet NBC 08464,create,8,1,written,,
369750,Q2164663,Cuneiform Tablet OBTI 324,create,10,1,written,,
551325,Q2164664,"Cuneiform Tablet TMH 02-3, 164",create,11,1,written,,
402425,Q2164665,Cuneiform Tablet K 17034,create,10,1,written,,
533919,Q2164666,Cuneiform Artifact CDLI Seals 004445.3 (composite),create,7,0,written,,
454245,Q1986762,"Cuneiform Tablet Nisaba 15, 1127",update,4,7,written,,
314260,Q2038262,"Cuneiform Tablet CT 53, 851",update,4,8,written,,
1934,Q2164667,Cuneiform Tablet P001934,create,10,1,written,,
247560,Q2017264,"Cuneiform Tablet RIME 3/1.01.x0.add1043, ex. 01",update,3,8,written,,
389504,Q2164668,"Cuneiform Tablet TLB 01, 151",create,9,1,written,,
211300,Q2164669,Cuneiform Tablet YBC 15741,create,11,1,written,,
428867,Q2039739,"Cuneiform Tablet CTN 2, 134",update,4,8,written,,
342400,Q1994539,"Cuneiform Tablet OECT 09, 63",update,4,8,written,,
429775,Q2164670,"Cuneiform Artifact RIME 3/1.01.07.037, ex. add1290",create,10,1,written,,
561793,Q2164671,Cuneiform Tablet BM 031812,create,9,1,written,,
626,Q2023343,"Cuneiform Tablet CDLI Lexical Archaic Unidentified, ex. 109",update,4,7,written,,
297382,Q1370438,"Cuneiform Tablet BIN 06, 020",update,5,7,written,,
368842,Q2164672,Cuneiform Tablet TMN Ist Ni 04835,create,10,1,written,,
463136,Q2164673,"Cuneiform Artifact RIMA 2.0.xx0.x1019, ex. 01",create,11,1,written,,
118877,Q2164674,"Cuneiform Tablet MVN 16, 0829",create,11,1,written,,
435756,Q2164675,"Cuneiform Tablet KBo 14, 113 + (?) KBo 14, 112",create,10,1,written,,
566056,Q2164676,"Cuneiform Tablet Fs Lambert 193, text 36 A",create,11,1,written,,
105746,Q1998798,Cuneiform Tablet Berens 035,update,4,7,written,,
290447,Q2013003,"Cuneiform Tablet BPOA 07, 2296",update,4,8,written,,
308243,Q2164677,Cuneiform Tablet YBC 07280,create,9,1,written,,
530636,Q2164678,Cuneiform Artifact CDLI Seals 014958 (physical),create,6,1,written,,
375773,Q2164679,Cuneiform Tablet BM 109802,create,11,1,written,,
395527,Q2164680,"Cuneiform Tablet CT 18, pl. 25, K 11170",create,11,1,written,,
226073,Q2164681,"Cuneiform Tablet AS 17, 17",create,9,1,written,,
102083,Q1989192,"Cuneiform Tablet ASJ 03, 170 159",update,4,8,written,,
323113,Q2045472,"Cuneiform Tablet CUSAS 11, 338",update,4,7,written,,
300673,Q2164682,Cuneiform Tablet NBC 09556,create,10,1,written,,
586202,Q2164683,Cuneiform Tablet BM 066730,create,9,1,written,,
356013,Q1984818,"Cuneiform Tablet Nisaba 13, 098",update,4,8,written,,
298077,Q1974768,Cuneiform Tablet NBC 05154,update,4,8,written,,
249987,Q2164684,Cuneiform Tablet AUAM 73.2748,create,8,1,written,,
205713,Q2164685,Cuneiform Tablet BM 029657,create,11,1,written,,
253173,Q2050262,"Cuneiform Tablet CUSAS 35, 353",update,4,7,written,,
538206,Q2164686,Cuneiform Artifact CDLI Seals 017381 (physical),create,7,1,written,,
416036,Q2164687,"Cuneiform Tablet Expedition 12, p. 017-021 CBS 00269",create,8,1,written,,
282883,Q2065884,"Cuneiform Tablet Iraq 30, pl. 71 TR 0115",update,6,5,written,,
440656,Q2164688,"Cuneiform Tablet KBo 43, 184",create,10,1,written,,
8216,Q2164689,"Cuneiform Tablet MDP 17, 018",create,10,1,written,,
558807,Q2164690,Cuneiform Tablet BM 077616 + BM 077682 + BM 077727,create,8,1,written,,
593903,Q2164691,Cuneiform Tablet BM 077442,create,10,1,written,,
229386,Q1937867,"Cuneiform Tablet MSL 14, 018 Al",update,4,8,written,,
545736,Q2164692,Cuneiform Artifact CDLI Seals 023365 (physical),create,7,1,written,,
447193,Q2164693,"Cuneiform Tablet KUB 54, 021",create,10,1,written,,
496863,Q2164694,"Cuneiform Tablet FM 11, 146",create,11,1,written,,
443979,Q2164695,"Cuneiform Tablet KUB 06, 035",create,10,1,written,,
514693,Q2164696,"Cuneiform Artifact RINAP 5/3 Sîn-šarru-iškun 13, ex. 011",create,10,0,written,,
138038,Q2055192,"Cuneiform Tablet UET 3, 1712",update,4,8,written,,
126026,Q2164697,"Cuneiform Tablet PDT 1, 0610",create,11,1,written,,
364498,Q2164698,Cuneiform Tablet LBAT 0306,create,11,1,written,,
492089,Q2164699,Cuneiform Tablet P492089,create,9,1,written,,
145508,Q1983055,"Cuneiform Tablet Akkadica 114-115, 098 15",update,4,8,written,,
264200,Q2164700,"Cuneiform Tablet PBS 14, 1069",create,8,1,written,,
232460,Q2164701,"Cuneiform Artifact RIME 3/1.01.07.016, ex. 35",create,10,1,written,,
237398,Q2164702,"Cuneiform Tablet CT 54, 535",create,11,1,written,,
497771,Q2164703,"Cuneiform Tablet Wool Economy ANE, p. 198 TH02-T0446",create,11,1,written,,
559715,Q2164704,Cuneiform Tablet BM 082729,create,11,1,written,,
337500,Q2164705,Cuneiform Tablet OIM A03349,create,11,1,written,,
477525,Q2164706,Cuneiform Artifact CDLI Seals 010784 (physical),create,7,1,written,,
592611,Q2164707,Cuneiform Tablet BM 074320,create,9,1,written,,
381134,Q2164708,Cuneiform Tablet BM 085045,create,11,1,written,,
361360,Q1361141,Cuneiform Tablet P361360,update,6,5,written,,
421345,Q2164709,Cuneiform Tablet SMUI 1913.14.1492,create,7,1,written,,
524225,Q2164710,"Cuneiform Tablet MDP 22, 133",create,11,1,written,,
515981,Q2053463,"Cuneiform Tablet CUSAS 40, 1197",update,4,7,written,,
408028,Q2164711,Cuneiform Artifact RIME 1.09.05.xxx,create,11,1,written,,
572445,Q2164712,"Cuneiform Tablet Fs Lambert 174-175, text 20 A",create,10,1,written,,
475518,Q2164713,Cuneiform Artifact CDLI Seals 008778 (physical),create,9,1,written,,
423378,Q2164714,Cuneiform Tablet Bod AB A 005,create,7,1,written,,
383109,Q2164715,"Cuneiform Tablet OIP 092, 0423",create,10,1,written,,
257999,Q2164716,Cuneiform Tablet CBS 00549,create,9,1,written,,
575380,Q2164717,Cuneiform Tablet BM 082854,create,7,1,written,,
570478,Q2164718,Cuneiform Tablet BM 046593,create,7,1,written,,
286069,Q2164719,"Cuneiform Tablet CT 51, 208",create,9,1,written,,
544824,Q2164720,Cuneiform Artifact CDLI Seals 022472 (physical),create,9,1,written,,
526218,Q2164721,"Cuneiform Tablet ABAW 143, 100",create,10,1,written,,
204801,Q2005666,Cuneiform Tablet BM 025784,update,4,8,written,,
248695,Q1970448,"Cuneiform Tablet AAICAB 1/2, pl. 109, 1937-084",update,4,8,written,,
441944,Q2164722,"Cuneiform Tablet KBo 48, 003",create,10,1,written,,
111355,Q1923996,"Cuneiform Tablet ITT 3, 06547",update,4,8,written,,
301961,Q1975642,Cuneiform Tablet NBC 11366,update,4,8,written,,
521027,Q2164723,Cuneiform Tablet KTU3 4.319,create,10,1,written,,
283791,Q2164724,Cuneiform Tablet Fs Cagni 0760 02,create,9,1,written,,
577647,Q2164725,Cuneiform Tablet BM 052672,create,9,1,written,,
384336,Q2164726,"Cuneiform Tablet OIP 092, 1650",create,10,1,written,,
319452,Q2164727,Cuneiform Tablet BM 021526,create,11,1,written,,
424147,Q2164728,Cuneiform Tablet MAH 16314,create,7,1,written,,
332702,Q2164729,Cuneiform Tablet CUNES 48-07-140,create,8,1,written,,
597413,Q2164730,Cuneiform Tablet BM 083903,create,9,1,written,,
237662,Q2039045,"Cuneiform Tablet CT 54, 555",update,4,8,written,,
472727,Q2164731,Cuneiform Tablet P472727,create,9,1,written,,
492573,Q2164732,Cuneiform Tablet P492573,create,7,1,written,,
281256,Q2164733,Cuneiform Tablet N 7527,create,8,1,written,,
459477,Q1989128,"Cuneiform Tablet Nisaba 27, 113",update,5,7,written,,
113692,Q1945835,"Cuneiform Tablet MVN 03, 132",update,4,8,written,,
114157,Q1947893,"Cuneiform Tablet MVN 04, 205",update,4,7,written,,
286593,Q2164734,Cuneiform Tablet NBC 09791,create,10,2,written,,
261002,Q2164735,"Cuneiform Tablet PBS 01/2, 048",create,10,1,written,,
11037,Q2064018,Cuneiform Tablet WF 080,update,4,8,written,,
142737,Q1969954,"Cuneiform Tablet AAICAB 1/1, pl. 034, 1911-225",update,4,8,written,,
602712,Q2164736,"Cuneiform Tablet FuB 14, 17 no. 7",create,11,1,written,,
570182,Q2164737,Cuneiform Tablet BM 045292,create,7,1,written,,
300389,Q2164738,"Cuneiform Artifact YNER 04, 086d",create,11,1,written,,
471808,Q2164739,"Cuneiform Tablet ARM 30, p. 313 M 15284",create,11,1,written,,
413234,Q2164740,Cuneiform Tablet BM 103162,create,10,1,written,,
574968,Q2164741,Cuneiform Tablet BM 072211,create,8,1,written,,
121219,Q1973007,Cuneiform Tablet NATN 521,update,4,8,written,,
253489,Q2164742,"Cuneiform Tablet MSCT 17, 20",create,8,1,written,,
445454,Q2164743,"Cuneiform Tablet KUB 34, 022 +? KUB 43, 014",create,10,1,written,,
422990,Q2164744,"Cuneiform Artifact RINAP 3/1 Sennacherib 013, ex. 001",create,11,1,written,,
516354,Q2054162,"Cuneiform Tablet CUSAS 40, 1570",update,4,7,written,,
378141,Q2164745,Cuneiform Tablet BM 086655,create,10,1,written,,
540534,Q2164746,Cuneiform Artifact CDLI Seals 019715 (physical),create,9,1,written,,
200511,Q1999103,"Cuneiform Tablet BiMes 25, 151",update,4,7,written,,
143825,Q2031750,"Cuneiform Tablet SAT 2, 0625",update,4,8,written,,
438164,Q2164747,"Cuneiform Tablet KBo 31, 195",create,10,1,written,,
398315,Q2164748,"Cuneiform Tablet MC 25, 520",create,10,1,written,,
305471,Q2164749,Cuneiform Tablet YBC 04159,create,11,1,written,,
447469,Q2164750,"Cuneiform Tablet KUB 57, 096",create,10,1,written,,
256371,Q2059287,Cuneiform Tablet UM 29-15-640,update,4,8,written,,
411209,Q2164751,Cuneiform Tablet CUNES 50-09-069,create,9,1,written,,
353211,Q2164752,"Cuneiform Tablet ARM 23, 423",create,11,1,written,,
514369,Q2164753,Cuneiform Artifact CDLI Seals 013806 (composite),create,10,0,written,,
360988,Q1372341,"Cuneiform Tablet AAA 1/3, 18",update,5,6,written,,
141818,Q2164754,"Cuneiform Tablet UTI 6, 3822",create,11,1,written,,
569659,Q2164755,Cuneiform Tablet BM 044719,create,7,1,written,,
333810,Q2164756,Cuneiform Tablet ILAJ V 03,create,8,1,written,,
236970,Q2021838,Cuneiform Tablet RMA 012,update,4,8,written,,
542509,Q2164757,Cuneiform Artifact CDLI Seals 021655 (physical),create,10,1,written,,
108174,Q2035026,Cuneiform Tablet CST (JRL) 658,update,4,8,written,,
511491,Q2164758,Cuneiform Artifact CDLI Seals 013014 (physical),create,11,1,written,,
442391,Q2164759,"Cuneiform Tablet KBo 49, 164",create,10,1,written,,
419639,Q2164760,Cuneiform Tablet K 21340,create,10,1,written,,
134918,Q2048630,Cuneiform Tablet TRU 154,update,4,7,written,,
576955,Q2164761,Cuneiform Tablet BM 051920,create,9,1,written,,
537409,Q2164762,"Cuneiform Tablet OIP 65, 3",create,10,1,written,,
561269,Q2164763,Cuneiform Tablet BM 085090,create,10,1,written,,
315888,Q2003331,Cuneiform Tablet BM 014107,update,3,8,written,,
432569,Q2019385,"Cuneiform Tablet RIME 4.04.01.03, ex. 004",update,4,8,written,,
297678,Q2164764,"Cuneiform Tablet YOS 17, 197",create,11,1,written,,
464309,Q1985308,Cuneiform Tablet P464309,update,4,7,written,,
392718,Q2164765,Cuneiform Tablet KTT 083,create,10,1,written,,
437291,Q2164766,"Cuneiform Tablet KBo 27, 010",create,10,1,written,,
564591,Q2164767,Cuneiform Tablet BM 039740,create,8,1,written,,
259084,Q2164768,Cuneiform Tablet CBS 01752,create,9,1,written,,
346910,Q2164769,"Cuneiform Tablet UET 6, 0873 (120)",create,9,1,written,,
503855,Q2164770,Cuneiform Tablet RS 20.0131,create,9,0,written,,
292180,Q2010942,"Cuneiform Tablet BPOA 07, 1779",update,4,8,written,,
406935,Q2164771,Cuneiform Tablet SM 1911.05.009,create,11,1,written,,
243870,Q2164772,"Cuneiform Tablet ARET 12, 0625",create,10,1,written,,
100544,Q1983798,Cuneiform Tablet Aleppo 212,update,4,8,written,,
129629,Q2035598,Cuneiform Tablet SET 219,update,4,8,written,,
5424,Q2164773,"Cuneiform Tablet MSVO 4, 22",create,10,1,written,,
501868,Q2164774,"Cuneiform Tablet TCTI 3, 06078",create,11,1,written,,
404908,Q2164775,Cuneiform Tablet BWL pl. 57 BM 053309,create,11,1,written,,
226589,Q2017616,"Cuneiform Tablet RIME 3/2.01.02.017, ex. 01",update,4,8,written,,
375289,Q2164813,Cuneiform Tablet BM 095440,create,11,1,written,,
136925,Q2052996,"Cuneiform Tablet UET 3, 0603",update,4,8,written,,
326311,Q2164814,"Cuneiform Tablet CUSAS 30, 262",create,9,1,written,,
457890,Q2164815,Cuneiform Artifact CDLI Seals 005180 (physical),create,8,1,written,,
275411,Q2164816,Cuneiform Tablet N 0147,create,11,1,written,,
107281,Q2015680,"Cuneiform Artifact BRM 3, 078",update,4,7,written,,
548104,Q2164817,Cuneiform Artifact CDLI Seals 025499 (physical),create,9,1,written,,
563254,Q2164818,Cuneiform Tablet BM 037224,create,8,1,written,,
223271,Q2045661,"Cuneiform Tablet TIM 04, 08",update,4,7,written,,
102579,Q1990157,"Cuneiform Tablet ASJ 15, 291 4",update,4,7,written,,
583000,Q2164819,Cuneiform Tablet BM 062943,create,10,1,written,,
390725,Q2164820,"Cuneiform Tablet BPOA 06, 0089",create,11,1,written,,
466334,Q2164821,"Cuneiform Artifact RIMA 1.0.077.027, ex. 02",create,11,1,written,,
295645,Q2164822,Cuneiform Tablet MLC 00858,create,9,1,written,,
208121,Q2164823,Cuneiform Tablet BM 028262,create,11,1,written,,
294957,Q2164824,Cuneiform Tablet MLC 00146,create,10,1,written,,
535434,Q1364782,"Cuneiform Tablet AKT 6d, 806 & 806a",update,7,4,written,,
430554,Q2164825,Cuneiform Artifact CDLI Seals 000458 (composite),create,10,0,written,,
456782,Q2164826,Cuneiform Artifact CDLI Seals 004072 (composite),create,10,0,written,,
391837,Q2164827,"Cuneiform Tablet OIP 122, 105",create,9,1,written,,
289666,Q2164828,Cuneiform Artifact NBC 08155,create,9,1,written,,
238597,Q2164829,Cuneiform Tablet K 06120,create,11,1,written,,
214102,Q2164830,"Cuneiform Tablet ITT 2, 03072",create,10,1,written,,
137637,Q2054402,"Cuneiform Tablet UET 3, 1312",update,4,8,written,,
242762,Q1907179,Cuneiform Tablet P242762,update,4,7,written,,
311062,Q2164831,Cuneiform Tablet YBC 10777,create,10,1,written,,
505082,Q2164832,Cuneiform Tablet YBC 15426,create,7,1,written,,
347602,Q2164833,"Cuneiform Tablet OECT 15, 260",create,10,1,written,,
269432,Q2164834,Cuneiform Artifact CDLI Seals 001120 (physical),create,7,1,written,,
529417,Q2164835,Cuneiform Artifact CDLI Seals 016288 (physical),create,7,1,written,,
455907,Q2164836,Cuneiform Artifact CDLI Seals 003197 (composite),create,10,0,written,,
407627,Q2164837,Cuneiform Tablet SM 1913.02.006,create,11,1,written,,
554127,Q2164838,Cuneiform Tablet ChG 12,create,10,0,written,,
210842,Q2164839,Cuneiform Tablet YBC 15025,create,10,1,written,,
550867,Q2164840,Cuneiform Tablet Nbk. 147,create,10,1,written,,
581197,Q2164841,Cuneiform Tablet BM 060821,create,11,1,written,,
502747,Q2164842,Cuneiform Artifact CDLI Seals 012631 (physical),create,7,1,written,,
324286,Q2043585,"Cuneiform Tablet CUSAS 03, 0808",update,4,7,written,,
419793,Q2164843,Cuneiform Tablet K 21517,create,10,1,written,,
315922,Q2004533,"Cuneiform Tablet PPAC 5, 0179",update,4,8,written,,
226423,Q2164844,"Cuneiform Artifact RIME 3/2.01.01.35, ex. 07",create,11,1,written,,
277586,Q2164845,Cuneiform Tablet N 2501,create,11,1,written,,
105316,Q1997798,"Cuneiform Tablet BCT 2, 075",update,4,7,written,,
276,Q2020230,"Cuneiform Tablet CDLI Lexical 000002, ex. 082",update,4,7,written,,
270243,Q2164846,Cuneiform Artifact CDLI Seals 001307 (physical),create,9,1,written,,
323543,Q2164847,"Cuneiform Tablet CUSAS 27, 195",create,9,1,written,,
448636,Q2164848,Cuneiform Tablet E.001-1990,create,9,1,written,,
586652,Q2164849,Cuneiform Tablet BM 067284,create,9,1,written,,
290017,Q2164850,Cuneiform Tablet RBC 00282,create,7,1,written,,
530266,Q2164851,Cuneiform Artifact CDLI Seals 014588 (physical),create,8,1,written,,
375323,Q2164852,Cuneiform Tablet BM 095523,create,11,1,written,,
129783,Q2036153,Cuneiform Tablet SNAT 009,update,4,8,written,,
566406,Q2164853,"Cuneiform Tablet Sachs, PTRSL A.276, 49, fig 14",create,9,1,written,,
578418,Q2164854,Cuneiform Tablet BM 053612,create,9,1,written,,
435306,Q2164855,"Cuneiform Tablet KBo 12, 037",create,10,1,written,,
456628,Q2164856,Cuneiform Artifact CDLI Seals 003918 (composite),create,10,0,written,,
128891,Q2027088,"Cuneiform Tablet SACT 1, 136",update,4,8,written,,
505128,Q2164857,Cuneiform Tablet YBC 15580,create,7,1,written,,
309901,Q2164858,Cuneiform Tablet YBC 09179,create,11,1,written,,
119335,Q2164859,"Cuneiform Tablet MVN 16, 1287",create,11,1,written,,
308613,Q2164860,Cuneiform Tablet YBC 07687,create,10,1,written,,
553748,Q2164861,"Cuneiform Tablet PIHANS 86, pl. 49",create,10,1,written,,
132065,Q2042036,Cuneiform Tablet Tavolette 280,update,4,8,written,,
216095,Q2001722,"Cuneiform Tablet OSP 1, 028",update,4,8,written,,
478280,Q2164862,Cuneiform Artifact CDLI Seals 011486 (physical),create,10,1,written,,
587940,Q2164863,Cuneiform Tablet BM 068869,create,10,1,written,,
400048,Q2164864,Cuneiform Tablet K 12771,create,10,1,written,,
449924,Q2164865,Cuneiform Tablet CUNES 52-00-064,create,9,1,written,,
345795,Q2026311,"Cuneiform Tablet CDLI Literary 000379, ex. 047",update,3,8,written,,
269598,Q2164866,Cuneiform Tablet CBS 15020,create,9,1,written,,
389154,Q2164867,"Cuneiform Tablet TLB 01, 272",create,9,1,written,,
342050,Q1992855,Cuneiform Tablet NMSA 3897,update,4,8,written,,
130058,Q2164868,Cuneiform Tablet SNAT 298,create,11,1,written,,
314630,Q2164869,"Cuneiform Tablet CT 55, 239",create,10,1,written,,
418881,Q2164870,Cuneiform Tablet K 20463,create,10,1,written,,
211750,Q2028922,"Cuneiform Tablet SANTAG 6, 179",update,4,8,written,,
369300,Q2164871,Cuneiform Tablet KAR 336,create,11,1,written,,
247130,Q2164872,Cuneiform Tablet P247130,create,10,1,written,,
429325,Q2164873,"Cuneiform Artifact RIME 3/1.01.07.037, ex. add1268",create,10,1,written,,
551775,Q2164874,"Cuneiform Tablet CM 20, no. 027",create,11,1,written,,
454615,Q2164875,Cuneiform Artifact CDLI Seals 001905 (composite),create,10,0,written,,
507115,Q2164876,"Cuneiform Tablet Nisaba 34, 0927",create,10,1,written,,
600685,Q2164877,Cuneiform Tablet BM 099998,create,10,1,written,,
421715,Q2164878,Cuneiform Artifact NYPLC 149,create,10,1,written,,
402075,Q2164879,Cuneiform Tablet K 16538,create,10,1,written,,
145158,Q2034373,"Cuneiform Tablet SAT 3, 1958",update,4,8,written,,
381564,Q2164880,Cuneiform Tablet BM 085862,create,11,1,written,,
138468,Q2056858,"Cuneiform Tablet UET 9, 0337",update,4,8,written,,
113738,Q1946048,"Cuneiform Tablet MVN 03, 178",update,4,8,written,,
572015,Q2164881,Cuneiform Tablet BM 049538,create,10,1,written,,
264650,Q2164882,Cuneiform Tablet CBS 09260,create,10,1,written,,
477175,Q2164883,Cuneiform Artifact CDLI Seals 010434 (physical),create,8,1,written,,
559345,Q2164884,Cuneiform Tablet BM 029178,create,11,1,written,,
337150,Q2043525,"Cuneiform Tablet TCL 09, 067",update,3,8,written,,
497321,Q2164885,"Cuneiform Tablet AfO 24, 120, pl. 16 Dring 3",create,9,1,written,,
423728,Q2164886,"Cuneiform Tablet JCS 11, 034 24",create,9,1,written,,
361730,Q2164887,Cuneiform Tablet BHSU 11,create,9,1,written,,
475148,Q2164888,Cuneiform Artifact CDLI Seals 008371 (physical),create,9,1,written,,
592241,Q2164889,Cuneiform Tablet BM 073831,create,9,1,written,,
570028,Q2164890,Cuneiform Tablet BM 045122,create,7,1,written,,
383559,Q2164891,"Cuneiform Tablet OIP 092, 0873",create,10,1,written,,
286439,Q2164892,Cuneiform Tablet NBC 10135,create,10,1,written,,
526648,Q2164893,"Cuneiform Tablet ABAW 143, 546",create,10,1,written,,
330695,Q1971895,"Cuneiform Tablet AAICAB 1/4, M.d.S. 03",update,4,7,written,,
408478,Q2164894,"Cuneiform Tablet HSS 13, 281",create,10,1,written,,
539944,Q2164895,Cuneiform Artifact CDLI Seals 019125 (physical),create,7,1,written,,
111705,Q1925163,"Cuneiform Tablet ITT 5, 06995",update,4,8,written,,
513506,Q2164896,Cuneiform Artifact CDLI Seals 015458 (physical),create,9,1,written,,
595584,Q2164897,Cuneiform Tablet BM 080829,create,10,1,written,,
545366,Q2164898,Cuneiform Artifact CDLI Seals 023014 (physical),create,9,1,written,,
278673,Q1970226,Cuneiform Tablet N 3657,update,4,8,written,,
440206,Q2164899,"Cuneiform Tablet KBo 41, 091",create,10,1,written,,
279961,Q1971623,Cuneiform Tablet N 6030,update,4,6,written,,
356443,Q2023700,"Cuneiform Tablet CDLI Literary 000335, ex. 033",update,4,8,written,,
538656,Q2164900,Cuneiform Artifact CDLI Seals 017831 (physical),create,7,1,written,,
360822,Q1371789,"Cuneiform Tablet AS 16, 178a, 22a",update,5,5,written,,
416466,Q2033011,Cuneiform Tablet CDLJ 2012/1 §4.58,update,4,8,written,,
331987,Q2000102,Cuneiform Tablet Oppenheim Nachlass no. 11,update,4,7,written,,
253523,Q2164901,Cuneiform Tablet MS 4370,create,8,1,written,,
298427,Q2164902,Cuneiform Tablet NBC 06523,create,10,1,written,,
202486,Q2164903,Cuneiform Tablet BM 028653,create,10,1,written,,
126476,Q2164904,"Cuneiform Tablet PDT 2, 1141",create,11,1,written,,
420807,Q2164905,Cuneiform Tablet SMUI 1913.14.0456,create,8,1,written,,
351386,Q2164906,"Cuneiform Tablet ARM 14, 046",create,11,1,written,,
232030,Q2164907,"Cuneiform Artifact RIME 3/1.01.06.04, ex. 213",create,11,1,written,,
525967,Q2164908,"Cuneiform Tablet ARM 07, 288",create,11,1,written,,
265942,Q2164909,Cuneiform Tablet CBS 10737,create,10,1,written,,
282929,Q2066199,Cuneiform Tablet Ist A 02622,update,4,6,written,,
601997,Q2164910,Cuneiform Tablet BM 113485,create,11,1,written,,
8646,Q2164911,"Cuneiform Tablet MDP 17, 448",create,10,1,written,,
387849,Q1986248,"Cuneiform Tablet Nisaba 15, 0822",update,4,7,written,,
200141,Q1981123,"Cuneiform Tablet Nisaba 01, 087",update,4,8,written,,
121649,Q1973773,Cuneiform Tablet NATN 952,update,4,8,written,,
256721,Q2164912,Cuneiform Tablet UM 29-16-124,create,7,1,written,,
413664,Q2164913,Cuneiform Tablet BM 103818,create,10,1,written,,
540164,Q2164914,Cuneiform Artifact CDLI Seals 019347 (physical),create,7,1,written,,
445004,Q2164915,"Cuneiform Tablet KUB 28, 034",create,10,1,written,,
591894,Q2164916,Cuneiform Tablet BM 073399,create,9,1,written,,
305021,Q2164917,"Cuneiform Tablet YOS 03, 156",create,11,1,written,,
438534,Q2164918,"Cuneiform Tablet KBo 33, 145 + KBo 39, 046 + KBo 33, 171 ?",create,10,1,written,,
353641,Q2164919,"Cuneiform Tablet ARM 24, 226 + ARM 24, 255 +",create,11,1,written,,
516704,Q2054779,"Cuneiform Tablet CUSAS 40, 1920",update,4,7,written,,
542159,Q2164920,Cuneiform Artifact CDLI Seals 021318 (composite),create,6,0,written,,
398745,Q2164921,Cuneiform Tablet K 10545 + K 13968,create,10,1,written,,
378511,Q2164922,Cuneiform Tablet BM 087078,create,10,1,written,,
447039,Q2164923,"Cuneiform Tablet KUB 52, 022",create,10,1,written,,
385874,Q2032475,"Cuneiform Tablet CDLI Literary 002718.03, ex. 005",update,4,8,written,,
108524,Q2035657,"Cuneiform Tablet CT 07, pl. 26, BM 018371",update,4,8,written,,
280914,Q2164924,Cuneiform Tablet N 7179,create,8,1,written,,
123674,Q1996801,"Cuneiform Tablet OIP 115, 148",update,4,8,written,,
569209,Q2164925,Cuneiform Tablet BM 044198,create,7,1,written,,
469491,Q2164926,"Cuneiform Tablet Nisaba 34, 0500",create,10,1,written,,
207684,Q2164927,Cuneiform Tablet BM 024173,create,11,1,written,,
597043,Q2164928,Cuneiform Tablet BM 083485,create,9,1,written,,
354184,Q2164929,"Cuneiform Tablet ARM 25, 445",create,11,1,written,,
237232,Q2164930,"Cuneiform Tablet liver omens, pl. 10",create,11,1,written,,
206996,Q2164931,Cuneiform Tablet BM 025574,create,11,1,written,,
332352,Q1989400,"Cuneiform Tablet Nisaba 30, 14",update,4,7,written,,
364532,Q2164932,Cuneiform Tablet LBAT 0345,create,11,1,written,,
459027,Q2164933,Cuneiform Artifact CDLI Seals 006289 (composite),create,9,0,written,,
261452,Q2164934,"Cuneiform Tablet PBS 02/1, 088",create,10,1,written,,
319002,Q2164935,Cuneiform Tablet BM 019605,create,11,1,written,,
521477,Q1990583,"Cuneiform Tablet Athar Al-Rafedain 5, 052 no. 14",update,4,8,written,,
281606,Q2164936,Cuneiform Tablet N 7882,create,8,1,written,,
424517,Q2164937,"Cuneiform Tablet RINAP 3/2 Sennacherib 155, ex. 001",create,11,1,written,,
138192,Q2056332,"Cuneiform Tablet UET 9, 0061",update,4,8,written,,
472377,Q1932059,Cuneiform Tablet Lippmann Coll 077,update,4,7,written,,
335497,Q1980628,Cuneiform Tablet ADD 0571,update,4,8,written,,
412976,Q2164938,Cuneiform Tablet BM 100505,create,10,1,written,,
352953,Q2164939,"Cuneiform Tablet ARM 23, 165",create,11,1,written,,
602342,Q2164941,Cuneiform Tablet BM 114718,create,10,1,written,,
577217,Q2164942,Cuneiform Tablet BM 052198,create,9,1,written,,
399857,Q2164943,"Cuneiform Tablet BAM 6, 527",create,11,1,written,,
384766,Q2164944,"Cuneiform Tablet OIP 092, 2080",create,10,1,written,,
590786,Q2164945,Cuneiform Tablet BM 071913,create,10,1,written,,
257833,Q2164946,"Cuneiform Tablet BE 06/1, 063",create,10,1,written,,
142367,Q2065292,"Cuneiform Tablet YOS 04, 303",update,4,8,written,,
137267,Q2053658,"Cuneiform Tablet UET 3, 0942",update,4,8,written,,
562916,Q2164947,Cuneiform Tablet BM 036113,create,8,1,written,,
222933,Q2164948,"Cuneiform Tablet EK 4, pl. 59, W 1930-409j +",create,10,1,written,,
213297,Q2164949,"Cuneiform Tablet HSS 10, 031",create,10,1,written,,
340597,Q2164950,"Cuneiform Tablet BPOA 02, 1944",create,11,1,written,,
114507,Q1949343,"Cuneiform Tablet MVN 05, 287",update,4,7,written,,
407277,Q2064943,"Cuneiform Tablet HSS 68, 346",update,5,7,written,,
554577,Q2164951,Cuneiform Tablet Camb. 234,create,10,1,written,,
214552,Q2164952,"Cuneiform Tablet ITT 2, 05733",create,10,1,written,,
502317,Q2164953,"Cuneiform Tablet TCTI 3, 08883",create,11,1,written,,
242332,Q2164954,"Cuneiform Tablet ARET 03, 143",create,10,1,written,,
269062,Q2028394,"Cuneiform Tablet CDLI Literary 000604, ex. 004",update,4,8,written,,
311432,Q2164955,"Cuneiform Tablet YOS 21, 121",create,10,1,written,,
529047,Q2164956,Cuneiform Artifact CDLI Seals 016529 (physical),create,6,1,written,,
273896,Q894390,"Cuneiform Tablet TMH 06, 05",update,0,9,blocked_bad_sitelink,"MWApiError: 'The external client site ""wikidatawiki"" did not provide page information for page ""Q120082061"".'",
347252,Q2164957,"Cuneiform Tablet Tall Munbaqa-Ekalte 2, 07",create,9,1,written,,
537059,Q2164958,Cuneiform Artifact CDLI Seals 015446 (physical),create,8,1,written,,
297228,Q1370331,"Cuneiform Tablet BIN 06, 147",update,6,6,written,,
392348,Q2164959,"Cuneiform Artifact RINAP 5/1 Ashurbanipal 011, ex. 033",create,11,1,written,,
419269,Q2164960,Cuneiform Tablet K 20914,create,10,1,written,,
561639,Q2164961,Cuneiform Tablet BM 031512,create,10,1,written,,
5074,Q2164962,"Cuneiform Tablet MSVO 1, 007",create,10,1,written,,
272784,Q2164963,"Cuneiform Artifact RIME 3/1.01.07.037, ex. add1183",create,9,1,written,,
129279,Q2027863,Cuneiform Tablet SAKF 008,update,4,8,written,,
584395,Q2164964,Cuneiform Tablet BM 064529,create,10,1,written,,
100114,Q1972187,Cuneiform Tablet AAS 130,update,4,8,written,,
430104,Q2164965,Cuneiform Artifact GMII 1336 ?,create,8,1,written,,
390375,Q2164966,"Cuneiform Tablet TLB 01, 171",create,9,1,written,,
208571,Q2164967,"Cuneiform Tablet Nisaba 09, 197",create,11,1,written,,
466764,Q2164968,"Cuneiform Artifact RINAP 3/2 Sennacherib 092, ex. 021",create,10,1,written,,
295215,Q2164969,Cuneiform Tablet MLC 00417,create,9,2,written,,
102129,Q1989228,"Cuneiform Tablet ASJ 03, 190 4",update,4,7,written,,
563604,Q2164970,Cuneiform Tablet BM 038054,create,7,1,written,,
535064,Q1367915,"Cuneiform Tablet AKT 6c, 605",update,6,6,written,,
583450,Q2164971,Cuneiform Tablet BM 063316,create,10,1,written,,
326741,Q2164972,"Cuneiform Tablet CUSAS 30, 167",create,9,1,written,,
310389,Q2164973,Cuneiform Tablet YBC 09843,create,9,1,written,,
564968,Q2164974,Cuneiform Tablet BM 047502,create,8,1,written,,
461808,Q2164975,Cuneiform Tablet UM 37-35-104,create,7,1,written,,
428164,Q2164976,"Cuneiform Artifact RINBE 1, Nebuchadnezzar II nn, ex. nn",create,9,1,written,,
548554,Q2164977,Cuneiform Artifact CDLI Seals 025939 (physical),create,9,1,written,,
243489,Q2164978,"Cuneiform Tablet ARET 12, 0299",create,10,1,written,,
210511,Q2164979,"Cuneiform Tablet BPOA 06, 0736",create,11,1,written,,
370121,Q2164980,"Cuneiform Tablet MDP 18, 091",create,10,1,written,,
246371,Q2164981,Cuneiform Tablet P246371,create,10,1,written,,
388315,Q2164982,Cuneiform Tablet Education in the Earliest Schools 098,create,7,1,written,,
455454,Q2164983,Cuneiform Artifact CDLI Seals 002744 (composite),create,10,0,written,,
343211,Q2024132,"Cuneiform Tablet CDLI Literary 000339, ex. 024 & 000623, ex. 104",update,4,8,written,,
506354,Q2164984,Cuneiform Tablet RBC 02976,create,6,1,written,,
403234,Q2164985,Cuneiform Tablet K 17951,create,10,1,written,,
368141,Q2164986,"Cuneiform Tablet CT 57, 1002",create,11,1,written,,
432990,Q2164987,Cuneiform Tablet DoCu 408,create,7,1,written,,
550534,Q2164988,"Cuneiform Tablet AnOr 08, 059",create,10,1,written,,
457469,Q2164989,Cuneiform Artifact CDLI Seals 004759 (composite),create,10,0,written,,
315471,Q1979670,"Cuneiform Tablet NFT p. 202, AO 4327",update,4,6,written,,
401209,Q2164990,Cuneiform Tablet K 15168,create,10,1,written,,
579659,Q2164991,Cuneiform Tablet BM 058569,create,11,1,written,,
370988,Q2164992,Cuneiform Tablet LeBow 01,create,9,1,written,,
501491,Q2164993,"Cuneiform Tablet TCTI 3, 05381",create,11,1,written,,
118174,Q1964546,"Cuneiform Tablet MVN 14, 0494",update,4,8,written,,
504369,Q2033689,Cuneiform Tablet Contratti Ojeil 23,update,4,7,written,,
133224,Q2164994,"Cuneiform Tablet TCTI 2, 04033",create,11,1,written,,
552509,Q2164995,Cuneiform Tablet Cyr. 17,create,10,1,written,,
499295,Q2041334,"Cuneiform Tablet CTPSM 1, 020",update,5,7,written,,
566955,Q2164996,Cuneiform Tablet BM 040916,create,10,1,written,,
587413,Q2164997,Cuneiform Tablet BM 068224,create,10,1,written,,
226970,Q2164998,"Cuneiform Artifact RIME 3/2.01.02.010, ex. 10",create,11,1,written,,
322702,Q2045246,"Cuneiform Tablet CUSAS 11, 221",update,4,7,written,,
374162,Q1987336,"Cuneiform Tablet Nisaba 17, 033",update,4,8,written,,
531027,Q2013411,Cuneiform Tablet Rental 073,update,4,8,written,,
102980,Q1991051,"Cuneiform Tablet AUCT 1, 134",update,4,7,written,,
394336,Q2164999,Cuneiform Tablet ACh Suppl. 2 Sin 04,create,10,1,written,,
271002,Q2165000,Cuneiform Tablet EA 293,create,8,1,written,,
449477,Q2165001,Cuneiform Tablet CUNES 49-04-202,create,9,1,written,,
103692,Q1992490,"Cuneiform Tablet AUCT 1, 847",update,4,7,written,,
291256,Q2165002,Cuneiform Tablet NBC 01865,create,11,1,written,,
462727,Q2165003,Cuneiform Tablet CST 522,create,10,1,written,,
567647,Q2165004,Cuneiform Tablet BM 040212,create,9,1,written,,
434147,Q2165005,"Cuneiform Tablet IBoT 02, 021",create,10,1,written,,
323810,Q1990083,"Cuneiform Tablet Nisaba 32, 089",update,4,7,written,,
127637,Q2165006,"Cuneiform Tablet RA 012, 153 03",create,10,1,written,,
296593,Q2165007,Cuneiform Tablet MLC 01954,create,9,1,written,,
433682,Q2165008,Cuneiform Tablet FHL 006,create,10,1,written,,
560182,Q2165009,Cuneiform Tablet BM 015813,create,9,1,written,,
104157,Q1993415,"Cuneiform Tablet AUCT 2, 339",update,3,7,written,,
1037,Q2165010,"Cuneiform Tablet ATU 5, pl. 037, W 9123,q",create,10,1,written,,
515082,Q2051737,"Cuneiform Tablet CUSAS 40, 0298",update,4,7,written,,
446782,Q2165011,"Cuneiform Tablet KUB 49, 052",create,10,1,written,,
228597,Q2057783,"Cuneiform Tablet EEN 317, UM 29-13-999",update,4,8,written,,
381837,Q1936908,"Cuneiform Tablet MSL 09, 004 F",update,4,8,written,,
441047,Q2165012,"Cuneiform Tablet KBo 45, 018",create,10,1,written,,
9407,Q2165013,"Cuneiform Tablet CahDAFI 1, 43 06",create,8,1,written,,
544127,Q2165014,Cuneiform Tablet LB 2674 (unpublished),create,7,1,written,,
204102,Q2165015,Cuneiform Tablet BM 023644,create,11,1,written,,
279432,Q2165016,Cuneiform Tablet N 4653,create,10,1,written,,
299666,Q2165017,"Cuneiform Tablet YOS 14, 002",create,11,1,written,,
539417,Q2165018,Cuneiform Artifact CDLI Seals 018537 (physical),create,7,1,written,,
512747,Q2165019,Cuneiform Tablet Stuneck diss. p. 45-46 02,create,10,1,written,,
417627,Q2165020,"Cuneiform Tablet KAM 7, 057",create,11,1,written,,
252762,Q2049931,"Cuneiform Tablet CUSAS 35, 182",update,4,7,written,,
382718,Q2165021,"Cuneiform Tablet OIP 092, 0032",create,10,1,written,,
422569,Q2165022,"Cuneiform Artifact RIMA 2.0.101.113, ex. 12",create,11,1,written,,
357602,Q1370966,"Cuneiform Tablet TCL 19, 036",update,5,7,written,,
527409,Q1982562,"Cuneiform Tablet AfO Beih 06, TH 078",update,3,8,written,,
409639,Q2165023,Cuneiform Artifact CUNES 48-09-264,create,6,1,written,,
571269,Q2165024,Cuneiform Tablet Disputation poems p. 163,create,8,1,written,,
474309,Q2165025,Cuneiform Artifact CDLI Seals 007532 (physical),create,9,1,written,,
305888,Q2165026,"Cuneiform Tablet YOS 05, 094",create,11,1,written,,
301062,Q2165027,Cuneiform Tablet NBC 09959,create,11,1,written,,
124918,Q2000768,"Cuneiform Tablet OrSP 47-49, 030",update,4,8,written,,
253870,Q2165028,Cuneiform Tablet MS 4840,create,7,1,written,,
416935,Q2165029,Cuneiform Tablet ROM 910x209.040,create,9,1,written,,
282180,Q1928580,Cuneiform Tablet KAJ 167,update,4,6,written,,
574591,Q2165030,Cuneiform Tablet BM 061537,create,7,1,written,,
356910,Q2165031,Cuneiform Tablet Ist Ni 09576,create,10,1,written,,
513855,Q2165032,"Cuneiform Tablet KAL 05, 098",create,8,0,written,,
144319,Q2032716,"Cuneiform Tablet SAT 2, 1119",update,4,8,written,,
236589,Q2002538,"Cuneiform Tablet BIN 10, 045",update,4,7,written,,
365289,Q2165033,"Cuneiform Tablet CDLI Literary 002718.04, ex. 002",create,11,1,written,,
110544,Q2066710,"Cuneiform Tablet ITT 2, 00675",update,4,8,written,,
493698,Q2165034,Cuneiform Tablet P493698,create,7,1,written,,
380725,Q2165035,Cuneiform Tablet BM 106345,create,10,1,written,,
511868,Q2165036,Cuneiform Artifact CDLI Seals 013336 (physical),create,10,1,written,,
414908,Q2165037,"Cuneiform Tablet UET 5, 0004",create,11,1,written,,
112579,Q2165038,"Cuneiform Tablet MCS 1, 54, BM 105430",create,11,1,written,,
525434,Q2165039,"Cuneiform Tablet Haradum 2, 009",create,11,1,written,,
139629,Q2165040,"Cuneiform Tablet UTI 3, 1610",create,11,1,written,,
447890,Q2165041,Cuneiform Tablet VBoT 043,create,9,1,written,,
420554,Q2165042,Cuneiform Tablet SMUI 1913.14.0172,create,8,1,written,,
285645,Q2165043,"Cuneiform Artifact MDP 43, 555",create,10,1,written,,
573254,Q2165044,Cuneiform Tablet Graziani Bardiya no. 35,create,10,1,written,,
218121,Q2165045,"Cuneiform Artifact RIME 4.01.04.05, ex. add50",create,9,1,written,,
476334,Q2165046,Cuneiform Artifact CDLI Seals 009593 (physical),create,8,1,written,,
558104,Q2165047,Cuneiform Tablet BM 042884,create,8,1,written,,
336311,Q2003855,Cuneiform Tablet PKT 10 - 11,update,3,6,written,,
233271,Q2165048,"Cuneiform Artifact RIME 3/1.01.07.037, ex. 0520",create,11,1,written,,
593000,Q2165049,Cuneiform Tablet BM 075972,create,9,1,written,,
360571,Q1360734,"Cuneiform Tablet AKT 2, 28",update,5,6,written,,
265411,Q2165050,Cuneiform Tablet CBS 10159,create,10,1,written,,
117281,Q1959964,"Cuneiform Tablet MVN 13, 508",update,4,8,written,,
126925,Q2008331,"Cuneiform Tablet Princeton 1, 236",update,4,8,written,,
422093,Q2165051,"Cuneiform Artifact RINAP 3/1 Sennacherib 001, ex. 009",create,11,1,written,,
571793,Q2165052,Cuneiform Tablet BM 048914,create,9,1,written,,
378842,Q2165053,Cuneiform Tablet BM 087638,create,10,1,written,,
493362,Q2165054,Cuneiform Tablet P493362,create,7,1,written,,
438867,Q2165055,"Cuneiform Tablet KBo 35, 069",create,10,1,written,,
115746,Q1954298,"Cuneiform Tablet MVN 09, 103",update,4,8,written,,
10626,Q2035784,Cuneiform Tablet SF 042,update,4,8,written,,
603103,Q2165056,Cuneiform Tablet Dar. 297,create,10,0,written,,
496160,Q2165058,"Cuneiform Tablet MDP 09, 160",create,11,1,written,,
143126,Q1968501,"Cuneiform Tablet MVN 20, 193",update,4,8,written,,
236073,Q2001911,"Cuneiform Tablet BIN 09, 063",update,4,7,written,,
333113,Q2165060,Cuneiform Tablet OIM A00801,create,10,1,written,,
108877,Q2055091,Cuneiform Tablet DAS 108,update,4,8,written,,
260613,Q2165061,Cuneiform Tablet CBS 04296,create,8,1,written,,
596202,Q2165062,Cuneiform Artifact BM 081824,create,10,1,written,,
458266,Q2165063,Cuneiform Artifact CDLI Seals 005556 (composite),create,10,0,written,,
425756,Q2165064,Cuneiform Tablet Sm 1119,create,9,1,written,,
520636,Q2165065,Cuneiform Tablet KTU3 4.503,create,10,1,written,,
280447,Q2165066,Cuneiform Tablet N 6691,create,8,1,written,,
473136,Q2165067,Cuneiform Artifact CDLI Seals 006881 (physical),create,9,1,written,,
112083,Q2165068,"Cuneiform Artifact JCS 28, 225 59",create,10,1,written,,
576056,Q2165069,Cuneiform Tablet BM 050925,create,9,1,written,,
543318,Q2165070,Cuneiform Artifact TA 1932 1246,create,8,0,written,,
318243,Q2165071,Cuneiform Tablet BM 018658,create,11,1,written,,
116869,Q1958125,"Cuneiform Tablet MVN 13, 097",update,4,8,written,,
568048,Q2165072,Cuneiform Tablet BM 041977,create,8,1,written,,
232899,Q2165073,"Cuneiform Artifact RIME 3/1.01.07.037, ex. 0148",create,11,1,written,,
446278,Q2165074,"Cuneiform Tablet KUB 42, 107",create,10,1,written,,
410418,Q2165075,Cuneiform Tablet CUNES 49-03-145,create,8,1,written,,
385527,Q2165076,"Cuneiform Tablet OECT 12, pl. 46-47, AB 241",create,10,1,written,,
510280,Q2165077,"Cuneiform Tablet MHET 2/6, 906",create,11,1,written,,
443580,Q2165078,"Cuneiform Tablet KBo 57, 172",create,10,1,written,,
515578,Q2052693,"Cuneiform Tablet CUSAS 40, 0794",update,4,7,written,,
521924,Q2165079,"Cuneiform Tablet CUSAS 28, 048",create,10,1,written,,
109765,Q2062637,Cuneiform Tablet Hirose 294,update,4,7,written,,
122435,Q1993164,"Cuneiform Tablet NRVN 1, 218",update,4,8,written,,
523919,Q2165080,Cuneiform Tablet 3080.12 unpublished assigned,create,8,1,written,,
364861,Q2165081,Cuneiform Tablet LBAT 0730 + 0748,create,10,1,written,,
252298,Q2165082,Cuneiform Tablet MS 3357,create,8,1,written,,
301598,Q2165083,Cuneiform Tablet NBC 10694,create,11,1,written,,
261901,Q2165084,Cuneiform Tablet CBS 05708,create,7,1,written,,
352400,Q2165085,"Cuneiform Tablet ARM 21, 398",create,11,1,written,,
120408,Q1968881,"Cuneiform Tablet MVN 21, 171",update,4,8,written,,
399504,Q2165086,Cuneiform Tablet AMT pl. 078 08,create,11,1,written,,
304260,Q2165087,Cuneiform Tablet NCBT 02223,create,11,1,written,,
439775,Q2165088,"Cuneiform Tablet KBo 39, 267",create,10,1,written,,
257560,Q2064170,Cuneiform Tablet Wicks 1,update,4,7,written,,
379750,Q2165089,Cuneiform Tablet BM 088875,create,10,1,written,,
20290,Q2063597,"Cuneiform Tablet VS 25, 084",update,4,8,written,,
570881,Q2165090,Cuneiform Tablet BM 047244,create,8,1,written,,
541325,Q2165091,Cuneiform Artifact CDLI Seals 020385 (physical),create,9,1,written,,
201300,Q2009561,"Cuneiform Tablet Princeton 2, 302",update,3,8,written,,
374498,Q2165092,Cuneiform Tablet BM 093647,create,11,1,written,,
444245,Q2165093,"Cuneiform Tablet KUB 12, 004",create,10,1,written,,
103368,Q1991826,"Cuneiform Tablet AUCT 1, 523",update,4,7,written,,
412425,Q2165094,"Cuneiform Tablet CTMMA 3, 147",create,9,1,written,,
128038,Q2012479,"Cuneiform Tablet RA 076, 008 07",update,4,8,written,,
556819,Q2165095,"Cuneiform Tablet ADART 4, p. 107, BM 032270",create,9,1,written,,
453979,Q1985910,"Cuneiform Tablet Nisaba 15, 0642",update,4,7,written,,
505981,Q2165096,Cuneiform Tablet GCBC 00144,create,10,1,written,,
482089,Q2165097,"Cuneiform Tablet JCS 43, 071-087 BM 077051",create,10,1,written,,
467525,Q2165098,"Cuneiform Artifact RIMA 2.0.091.002, ex. 01",create,11,1,written,,
431345,Q2165099,"Cuneiform Artifact RINBE 1, Nebuchadnezzar II nn, ex. nn",create,8,1,written,,
294054,Q2165100,"Cuneiform Tablet GCCI 1, 133",create,10,1,written,,
562445,Q2165101,Cuneiform Tablet BM 033821,create,11,1,written,,
549715,Q2165102,Cuneiform Artifact Ashm 1939-0332 (125),create,9,1,written,,
371360,Q2165103,"Cuneiform Tablet VS 03, 071",create,8,1,written,,
274200,Q2039142,"Cuneiform Tablet CT 58, 05",update,4,8,written,,
582611,Q2165104,Cuneiform Tablet BM 062495,create,10,1,written,,
391134,Q2165105,Cuneiform Artifact OIM A01069,create,10,1,written,,
209730,Q1999293,"Cuneiform Tablet Ontario 2, 094",update,4,8,written,,
106490,Q2000484,"Cuneiform Tablet BIN 05, 056",update,4,8,written,,
296069,Q2016056,"Cuneiform Tablet BRM 4, 35",update,4,8,written,,
393109,Q1371825,Cuneiform Tablet CDLJ 2010/1 §6.14,update,5,6,written,,
465518,Q2165106,"Cuneiform Artifact RIMA 1.0.073.x1002, ex. 01",create,11,1,written,,
433378,Q2165107,"Cuneiform Tablet W 19900,049",create,9,1,written,,
214801,Q1925347,"Cuneiform Tablet ITT 5, 09274",update,4,7,written,,
536218,Q1368264,"Cuneiform Tablet AKT 8, 083",update,6,6,written,,
311961,Q2165108,Cuneiform Tablet YBC 11992,create,10,1,written,,
560478,Q2165109,Cuneiform Artifact BM 017078a,create,9,1,written,,
418028,Q2165110,"Cuneiform Artifact RIME 1.09.04.14, ex. 09",create,11,1,written,,
451944,Q2165111,Cuneiform Tablet P451944,create,9,1,written,,
247999,Q2165112,Cuneiform Tablet HMA 9-01906,create,11,1,written,,
4235,Q2165113,Cuneiform Tablet IM 074289,create,10,1,written,,
101355,Q1986263,"Cuneiform Tablet AnOr 07, 060",update,4,8,written,,
293791,Q2165114,Cuneiform Tablet YBC 00435,create,11,1,written,,
436480,Q2165115,"Cuneiform Tablet KBo 21, 100",create,10,1,written,,
258695,Q2165116,"Cuneiform Tablet ZA 073, 058",create,11,1,written,,
259987,Q2165117,"Cuneiform Tablet BE 08/1, 072",create,10,1,written,,
554824,Q2165118,Cuneiform Artifact BM 050772,create,10,1,written,,
565380,Q2165119,"Cuneiform Tablet Wiseman, Iraq 30/2 (1968), p. 202-203, TR 2911",create,10,0,written,,
292883,Q2165120,Cuneiform Tablet NBC 05427,create,10,1,written,,
503156,Q2028449,"Cuneiform Tablet SANTAG 09, 196",update,4,8,written,,
268223,Q2165121,Cuneiform Artifact CDLI Seals 000962 (physical),create,10,1,written,,
450656,Q2165122,Cuneiform Tablet MM unn. 72,create,10,1,written,,
555736,Q2165123,Cuneiform Tablet BM 022376,create,11,1,written,,
406036,Q1988017,"Cuneiform Tablet Nisaba 22, 085",update,5,7,written,,
346013,Q2165124,"Cuneiform Tablet CT 18, pl. 19, K 09983",create,11,1,written,,
528206,Q2165125,"Cuneiform Tablet Chagar Bazar 3, 197",create,11,1,written,,
243173,Q2165126,"Cuneiform Tablet ARET 12, 0003",create,10,1,written,,
215713,Q2165127,"Cuneiform Tablet MVN 03, 060",create,10,1,written,,
136026,Q2050804,"Cuneiform Tablet UCP 09-02-2, 022",update,4,8,written,,
548807,Q2165128,Cuneiform Artifact CDLI Seals 026192 (physical),create,8,1,written,,
310673,Q2165129,Cuneiform Tablet YBC 10383,create,10,2,written,,
583903,Q2165130,Cuneiform Tablet BM 063818,create,11,1,written,,
239386,Q2038831,"Cuneiform Tablet CT 54, 324",update,4,8,written,,
504693,Q2165131,Cuneiform Artifact CDLI Seals 013567 (physical),create,8,1,written,,
394766,Q2165132,Cuneiform Tablet ACh Suppl. Adad 65,create,11,1,written,,
567217,Q2165133,Cuneiform Tablet BM 030566,create,8,1,written,,
128192,Q2024224,Cuneiform Tablet Rochester 087,update,4,8,written,,
457193,Q2165134,Cuneiform Artifact CDLI Seals 004483 (composite),create,10,0,written,,
208822,Q1981745,"Cuneiform Tablet Nisaba 03/1, 084",update,4,8,written,,
309002,Q2165135,Cuneiform Tablet YBC 08086,create,10,1,written,,
216996,Q2025062,Cuneiform Tablet RTC 224,update,4,7,written,,
531477,Q2165136,Cuneiform Tablet Textes Scolaires 246,create,9,1,written,,
434517,Q2165137,"Cuneiform Tablet IBoT 04, 172",create,10,1,written,,
291606,Q2009965,"Cuneiform Tablet BPOA 06, 1470",update,4,8,written,,
462377,Q1906920,Cuneiform Tablet CST 172,update,3,7,written,,
587043,Q2165138,Cuneiform Tablet BM 067766,create,9,1,written,,
322352,Q2165139,Cuneiform Tablet CUNES 47-12-134,create,8,1,written,,
374532,Q1987778,"Cuneiform Tablet Nisaba 18, 153",update,4,8,written,,
132966,Q2165140,"Cuneiform Tablet TCTI 2, 03763",create,11,1,written,,
342953,Q2027824,"Cuneiform Tablet CDLI Literary 000491, ex. 001",update,3,8,written,,
276397,Q2165141,Cuneiform Tablet N 1247,create,11,1,written,,
389857,Q1931408,Cuneiform Tablet LB 2223,update,5,7,written,,
449027,Q1988654,"Cuneiform Tablet Nisaba 25, 40",update,4,8,written,,
271452,Q2058091,"Cuneiform Tablet Emar 6/1, p. 246, Msk 74101o",update,4,7,written,,
580786,Q2165142,Cuneiform Tablet BM 059833,create,10,1,written,,
402976,Q2165143,Cuneiform Tablet K 17665,create,10,1,written,,
227232,Q2165144,"Cuneiform Tablet Subartu 02, 053",create,10,1,written,,
247833,Q1938708,"Cuneiform Tablet MSL SS 1, 083",update,4,7,written,,
1467,Q2165145,"Cuneiform Tablet ATU 5, pl. 092, W 9656,az",create,10,1,written,,
325497,Q2165146,"Cuneiform Tablet CUSAS 01, 052",create,8,1,written,,
131649,Q2043146,"Cuneiform Tablet TCL 02, 5560",update,4,8,written,,
292929,Q1893988,"Cuneiform Tablet BIN 07, 045",update,4,8,written,,
519808,Q2165147,Cuneiform Artifact P519808,create,8,1,written,,
104507,Q1994101,"Cuneiform Tablet AUCT 3, 294",update,4,7,written,,
507816,Q2165148,Cuneiform Tablet deJong Ellis diss. p. 179 IM 53931,create,11,1,written,,
268389,Q2165149,Cuneiform Tablet CBS 13308,create,11,1,written,,
455004,Q2165150,Cuneiform Artifact CDLI Seals 002294 (composite),create,10,0,written,,
368511,Q2165151,"Cuneiform Tablet TCL 32, 034",create,9,1,written,,
506704,Q2165152,"Cuneiform Tablet Nisaba 34, 0464",create,10,1,written,,
550164,Q2165153,Cuneiform Tablet Bab 39063,create,11,0,written,,
397849,Q2165154,Cuneiform Tablet K 08995,create,10,1,written,,
581894,Q2165155,Cuneiform Tablet BM 061643,create,9,1,written,,
428534,Q2165156,Cuneiform Artifact BM 137380,create,9,1,written,,
210141,Q2165157,"Cuneiform Tablet BPOA 06, 0071",create,11,1,written,,
315021,Q2165158,"Cuneiform Tablet CT 55, 628",create,11,1,written,,
403664,Q2165159,Cuneiform Tablet K 18449,create,10,1,written,,
246721,Q2165160,Cuneiform Tablet P246721,create,10,1,written,,
388745,Q2165161,Cuneiform Tablet LB 0209,create,10,1,written,,
504739,Q2165162,Cuneiform Tablet YBC 05748,create,7,1,written,,
552159,Q2165163,Cuneiform Tablet Nbn. 18,create,10,1,written,,
457039,Q2165164,Cuneiform Artifact CDLI Seals 004329 (composite),create,10,0,written,,
343641,Q2030632,"Cuneiform Tablet CDLI Literary 000771, ex. 010",update,4,8,written,,
401659,Q2165165,Cuneiform Tablet K 15903 + K 16813,create,10,1,written,,
208988,Q2165166,"Cuneiform Tablet Nisaba 09, 073",create,11,1,written,,
579209,Q2165167,Cuneiform Tablet BM 055065,create,9,1,written,,
133674,Q2165168,Cuneiform Tablet TÉL 162,create,11,1,written,,
479491,Q2165169,"Cuneiform Tablet FM 02, 066",create,11,1,written,,
344184,Q2165170,Cuneiform Tablet PRAK B 368,create,8,1,written,,
118524,Q1966655,"Cuneiform Tablet MVN 15, 259",update,4,7,written,,
290914,Q2010216,"Cuneiform Tablet BPOA 07, 1596",update,4,8,written,,
409269,Q2165171,"Cuneiform Tablet HSS 16, 259",create,10,1,written,,
571639,Q2165172,Cuneiform Tablet BM 048635,create,7,1,written,,
395874,Q2165173,Cuneiform Tablet K 05091,create,10,1,written,,
382348,Q2042416,"Cuneiform Tablet TCBI 1, 096a",update,4,6,written,,
217684,Q1924164,"Cuneiform Tablet ITT 4, 07018",update,4,7,written,,
527059,Q2165174,Cuneiform Artifact CDLI Seals 014452 (composite),create,10,0,written,,
474759,Q2165175,Cuneiform Artifact CDLI Seals 007982 (physical),create,9,1,written,,
110114,Q2063204,Cuneiform Tablet HLC 240 (pl. 112),update,4,8,written,,
594395,Q2165176,Cuneiform Tablet BM 078495,create,10,1,written,,
422139,Q2165177,Cuneiform Tablet BM 099123,create,7,1,written,,
139279,Q2058498,"Cuneiform Tablet UET 9, 1149",update,4,8,written,,
262784,Q2060407,Cuneiform Tablet Gilgamesh II 001-003 CBS 07771,update,4,8,written,,
144749,Q2033565,"Cuneiform Tablet SAT 3, 1549",update,4,8,written,,
112129,Q1926814,"Cuneiform Tablet JCS 32, 172 2",update,4,7,written,,
331084,Q2165178,"Cuneiform Tablet Nisaba 05/1, 022",create,11,1,written,,
360121,Q1369864,"Cuneiform Tablet KTS 1, 56d",update,5,6,written,,
469868,Q2165179,"Cuneiform Artifact RIME 3/1.01.07.037, ex. add1439",create,9,1,written,,
233621,Q2165180,"Cuneiform Artifact RIME 3/1.01.07.037, ex. 0870",create,11,1,written,,
496530,Q2165181,"Cuneiform Tablet MUL.APIN, text W",create,10,1,written,,
593450,Q2165182,Cuneiform Tablet BM 076558,create,10,1,written,,
573604,Q2165183,"Cuneiform Tablet AfO Beih. 25, no. 49",create,11,1,written,,
558554,Q2165184,Cuneiform Tablet BM 047118,create,8,1,written,,
336741,Q2026172,"Cuneiform Tablet SAA 14, 204",update,4,7,written,,
380375,Q2007367,"Cuneiform Tablet PPAC 5, 1632",update,4,8,written,,
477876,Q2165185,Cuneiform Artifact CDLI Seals 011135 (physical),create,8,1,written,,
601094,Q2165186,Cuneiform Tablet BM 101141,create,10,1,written,,
420104,Q2165187,Cuneiform Tablet K 21895,create,10,1,written,,
476764,Q2165188,Cuneiform Artifact CDLI Seals 010023 (physical),create,8,1,written,,
572916,Q2165189,Cuneiform Tablet BM 049947,create,8,1,written,,
285215,Q2165190,"Cuneiform Tablet BAM 2, 116",create,11,2,written,,
525064,Q2165191,"Cuneiform Artifact UmCT 2, 050",create,11,1,written,,
9057,Q2165192,"Cuneiform Tablet MDP 26, 369",create,10,1,written,,
350597,Q2165193,"Cuneiform Tablet ARM 12, 154",create,11,1,written,,
127267,Q1971119,"Cuneiform Tablet AAICAB 1/3, pl. 220, Bod S 168",update,4,8,written,,
232933,Q2165194,"Cuneiform Artifact RIME 3/1.01.07.037, ex. 0182",create,11,1,written,,
203297,Q2165195,Cuneiform Tablet BM 027548,create,11,1,written,,
337853,Q2165196,Cuneiform Tablet OIM A05239,create,10,1,written,,
252332,Q2044805,"Cuneiform Tablet CUSAS 10, 012",update,3,6,written,,
539047,Q2165197,Cuneiform Artifact CDLI Seals 018225 (physical),create,8,1,written,,
204552,Q2003430,Cuneiform Tablet BM 017979,update,4,8,written,,
301432,Q2165198,Cuneiform Tablet NBC 10498,create,10,1,written,,
512317,Q2165199,Cuneiform Tablet Suurmeijer diss. BM 097109,create,11,1,written,,
441417,Q2165200,"Cuneiform Tablet KBo 46, 107",create,10,1,written,,
544577,Q2165201,Cuneiform Artifact CDLI Seals 022266 (physical),create,8,0,written,,
263896,Q2165202,"Cuneiform Tablet PBS 02/1, 002",create,10,1,written,,
417277,Q2165203,Cuneiform Tablet ROM 910x209.526,create,9,1,written,,
357252,Q2028432,"Cuneiform Tablet CDLI Literary 000619, ex. 016",update,4,8,written,,
515128,Q2051828,"Cuneiform Tablet CUSAS 40, 0344",update,4,7,written,,
543748,Q2165204,Cuneiform Tablet LB 1570 (unpublished),create,10,1,written,,
446628,Q2165205,"Cuneiform Tablet KUB 47, 099 +? KUB 47, 100",create,10,1,written,,
568418,Q2165207,Cuneiform Tablet BM 049266,create,9,1,written,,
468280,Q2165208,Cuneiform Tablet U 13073,create,7,0,written,,
410048,Q2165209,Cuneiform Tablet CUNES 48-12-130,create,6,1,written,,
206095,Q2165210,Cuneiform Tablet BM 027411,create,11,1,written,,
597940,Q2165211,Cuneiform Tablet BM 084146,create,9,1,written,,
492820,Q2165212,Cuneiform Tablet P492820,create,8,1,written,,
355795,Q2165213,"Cuneiform Tablet CT 04, pl. 23, Bu 1888-05-12, 0313",create,11,1,written,,
379300,Q2165214,Cuneiform Tablet BM 088201,create,10,1,written,,
319901,Q2165215,Cuneiform Tablet BM 022245,create,11,1,written,,
122065,Q2165216,"Cuneiform Tablet Nik 2, 382",create,11,1,written,,
109335,Q2058986,Cuneiform Tablet Fs Hilprecht 140 2,update,4,7,written,,
120058,Q1967779,"Cuneiform Tablet MVN 18, 697",update,3,8,written,,
459924,Q2165217,"Cuneiform Tablet JCS 28, 40, no. 28",create,9,1,written,,
138891,Q2057721,"Cuneiform Tablet UET 9, 0761",update,4,8,written,,
412075,Q2042125,Cuneiform Tablet CUNES 58-01-083,update,4,7,written,,
444615,Q2165218,"Cuneiform Tablet KUB 21, 009",create,10,1,written,,
399154,Q2165219,Cuneiform Tablet K 11207,create,10,1,written,,
352050,Q2165220,"Cuneiform Tablet ARM 21, 048",create,11,1,written,,
541775,Q2165221,Cuneiform Artifact CDLI Seals 020937 (physical),create,7,0,written,,
304630,Q2165222,Cuneiform Artifact YBC 03085,create,9,1,written,,
257130,Q2165223,Cuneiform Tablet UM 29-16-707,create,11,1,written,,
439325,Q2165224,"Cuneiform Tablet KBo 38, 057",create,10,1,written,,
408881,Q2165225,"Cuneiform Tablet HSS 14, 639",create,10,1,written,,
200842,Q2012761,"Cuneiform Tablet BPOA 07, 2236",update,4,8,written,,
201750,Q1981817,"Cuneiform Tablet Nisaba 03/1, 120",update,4,8,written,,
334286,Q1973201,Cuneiform Tablet ABL 0417,update,4,8,written,,
591197,Q2165226,Cuneiform Tablet BM 072531,create,9,1,written,,
143576,Q2031261,"Cuneiform Tablet SAT 2, 0376",update,4,8,written,,
517115,Q2165227,"Cuneiform Tablet New IM 2, 010",create,11,1,written,,
10276,Q2165228,"Cuneiform Tablet OIP 099, 342",create,11,1,written,,
409793,Q2165229,Cuneiform Tablet CUNES 48-10-172,create,9,1,written,,
115316,Q1952538,"Cuneiform Tablet MVN 07, 492",update,4,8,written,,
267586,Q2165231,Cuneiform Tablet Entrepreneurs 095,create,10,1,written,,
540867,Q2165232,Cuneiform Artifact CDLI Seals 019991 (physical),create,9,1,written,,
445907,Q2165233,"Cuneiform Tablet KUB 37, 187",create,10,1,written,,
305922,Q2165234,"Cuneiform Tablet YOS 05, 097",create,11,2,written,,
280017,Q2165235,Cuneiform Tablet N 6206,create,9,1,written,,
473566,Q2165236,Cuneiform Artifact CDLI Seals 007311 (physical),create,8,1,written,,
354887,Q2165237,"Cuneiform Tablet ARM 26/2, 330",create,11,1,written,,
385177,Q2165238,"Cuneiform Tablet OECT 10, 164",create,9,1,written,,
425306,Q2165239,Cuneiform Tablet Sm 0225,create,9,1,written,,
318613,Q2165240,Cuneiform Tablet BM 019130,create,11,1,written,,
139783,Q2165241,"Cuneiform Tablet UTI 3, 1764",create,11,1,written,,
520266,Q2165242,Cuneiform Tablet NMI BK 01163,create,10,1,written,,
576406,Q2165243,Cuneiform Tablet BM 051326,create,9,1,written,,
236423,Q2165244,"Cuneiform Tablet BIN 09, 413",create,10,1,written,,
493732,Q2165245,Cuneiform Tablet P493732,create,9,1,written,,
596652,Q2165246,Cuneiform Tablet BM 083033,create,9,1,written,,
458636,Q2165247,Cuneiform Artifact CDLI Seals 005926 (composite),create,10,0,written,,
346443,Q2165248,"Cuneiform Tablet UET 6, 0402",create,9,1,written,,
310223,Q2165249,"Cuneiform Tablet YOS 17, 228",create,11,1,written,,
5977,Q2165250,Cuneiform Tablet IM 045909,create,11,1,written,,
243523,Q2165251,"Cuneiform Tablet ARET 12, 0328",create,10,1,written,,
528656,Q2165252,Cuneiform Artifact CDLI Seals 015624 (physical),create,7,1,written,,
555366,Q2165253,Cuneiform Tablet MacGinnis Letter Orders from Sippar 162,create,10,1,written,,
333543,Q2165254,Cuneiform Tablet ILAJ II 48,create,9,1,written,,
215343,Q2165255,"Cuneiform Tablet MAD 5, 016",create,10,1,written,,
100817,Q1984323,Cuneiform Tablet Aleppo 485,update,3,8,written,,
503506,Q2165256,Cuneiform Tablet RS 16.0368,create,9,0,written,,
430807,Q2165257,"Cuneiform Artifact RIME 4.03.06.12Sumerian, ex. 01",create,11,1,written,,
535967,Q1363974,"Cuneiform Tablet AKT 7a, 149",update,6,5,written,,
268673,Q2030271,"Cuneiform Tablet CDLI Literary 000762, ex. 020",update,3,8,written,,
406466,Q1988060,"Cuneiform Tablet Nisaba 22, 107",update,5,7,written,,
212486,Q2165258,"Cuneiform Tablet Himrin 4, 21",create,10,1,written,,
274650,Q2165259,"Cuneiform Artifact MVN 10, 248",create,9,1,written,,
128468,Q2025241,Cuneiform Tablet RTC 315,update,4,8,written,,
370822,Q2165260,Cuneiform Tablet LFBD 10,create,10,1,written,,
275942,Q1907108,Cuneiform Tablet NATN p. 56 catalogue,update,4,8,written,,
341386,Q2165261,"Cuneiform Tablet ARM 07, 183",create,11,1,written,,
103738,Q1992582,"Cuneiform Tablet AUCT 1, 893",update,4,7,written,,
371730,Q2165262,"Cuneiform Tablet VS 04, 207",create,8,1,written,,
136476,Q2052122,"Cuneiform Tablet UET 3, 0159",update,4,8,written,,
222030,Q1980215,"Cuneiform Tablet Nik 1, 261",update,4,8,written,,
294404,Q2165263,"Cuneiform Tablet GCCI 1, 359",create,10,1,written,,
562015,Q2165264,Cuneiform Tablet BM 032493,create,9,1,written,,
209360,Q2165265,"Cuneiform Tablet BPOA 01, 0078",create,10,1,written,,
582241,Q2165266,Cuneiform Tablet BM 062071,create,9,1,written,,
391564,Q2165267,Cuneiform Tablet OIM A04220,create,7,1,written,,
549345,Q2165268,Cuneiform Artifact CDLI Seals 026587 (physical),create,7,1,written,,
431715,Q2165269,"Cuneiform Artifact RIME 4.02.13.16, ex. 19",create,10,1,written,,
465148,Q2165270,"Cuneiform Artifact RIMA 3.0.102.044, ex. 130",create,11,1,written,,
536648,Q1366994,"Cuneiform Tablet AKT 9a, 145",update,6,5,written,,
296439,Q2165271,"Cuneiform Tablet BRM 1, 067",create,10,1,written,,
560028,Q2165272,Cuneiform Tablet BM 014015 + BM 014017,create,9,1,written,,
393559,Q2165273,"Cuneiform Tablet HSS 05, 071",create,10,1,written,,
433728,Q2165274,Cuneiform Tablet FHL 054,create,10,1,written,,
269961,Q2165275,"Cuneiform Artifact RIME 2.01.02.20, ex. 30",create,11,1,written,,
585584,Q2165276,Cuneiform Tablet BM 066001,create,9,1,written,,
273195,Q2060421,Cuneiform Tablet Gilgamesh II 016,update,4,8,written,,
4665,Q2165277,"Cuneiform Tablet W 22135,6",create,10,1,written,,
355582,Q2165278,"Cuneiform Tablet ARM 31, 259",create,11,1,written,,
529944,Q2165279,"Cuneiform Tablet PIHANS 117, 142",create,11,1,written,,
101705,Q1986939,"Cuneiform Tablet AnOr 45, 308 53",update,4,8,written,,
332846,Q1936182,"Cuneiform Tablet MHET 3 1/2, 004",update,4,7,written,,
237926,Q1974121,Cuneiform Tablet ABL 0954,update,4,8,written,,
122272,Q1993071,"Cuneiform Tablet NRVN 1, 059",update,4,8,written,,
444402,Q2165280,"Cuneiform Tablet KUB 16, 062",create,10,1,written,,
472863,Q2165281,Cuneiform Artifact CDLI Seals 006608 (physical),create,9,1,written,,
206282,Q2003602,Cuneiform Tablet BM 019373,update,4,8,written,,
412262,Q2165282,"Cuneiform Tablet CTMMA 2, 091",create,8,1,written,,
577903,Q2165283,Cuneiform Tablet BM 052952,create,9,1,written,,
109122,Q2055508,Cuneiform Tablet DAS 411,update,4,8,written,,
541562,Q2165284,Cuneiform Artifact CDLI Seals 020724 (physical),create,8,1,written,,
379117,Q2165285,Cuneiform Tablet BM 087955,create,10,1,written,,
257327,Q2165286,Cuneiform Artifact UM 55-21-137,create,8,1,written,,
439132,Q2165287,"Cuneiform Tablet KBo 36, 112",create,10,1,written,,
517302,Q1990545,"Cuneiform Tablet Nisaba 33, 122",update,4,7,written,,
399343,Q2165288,"Cuneiform Tablet BAM 5, 456",create,11,1,written,,
142873,Q2033772,"Cuneiform Tablet CRRAI 63, 345 1",update,4,7,written,,
602856,Q2165289,"Cuneiform Tablet Boivin, Babil 3, no. 21 (N9: 3)",create,7,0,written,,
304427,Q2165290,Cuneiform Tablet YBC 01852,create,10,1,written,,
266883,Q2165291,Cuneiform Tablet CBS 11743,create,11,1,written,,
352247,Q2165292,"Cuneiform Tablet ARM 21, 245",create,11,1,written,,
367109,Q2165293,"Cuneiform Tablet CT 56, 794",create,10,1,written,,
249339,Q2165294,"Cuneiform Artifact AUCT 5, 234",create,9,1,written,,
234609,Q2165295,"Cuneiform Artifact RIME 3/1.01.07.076, ex. 01",create,10,1,written,,
594478,Q2165296,Cuneiform Tablet BM 078620,create,10,1,written,,
262069,Q2165297,Cuneiform Tablet OB Legal 099,create,10,1,written,,
331769,Q1983452,"Cuneiform Tablet Nisaba 05/2, 105",update,5,7,written,,
409584,Q2165298,Cuneiform Tablet CUNES 48-09-209,create,6,1,written,,
143761,Q2031624,"Cuneiform Tablet SAT 2, 0561",update,4,8,written,,
491518,Q2046212,"Cuneiform Tablet TIMA 1, 006",update,4,8,written,,
591380,Q2165299,Cuneiform Tablet BM 072775,create,9,1,written,,
476089,Q2165300,Cuneiform Artifact CDLI Seals 009348 (physical),create,8,1,written,,
115101,Q1951592,"Cuneiform Tablet MVN 07, 212",update,4,8,written,,
334091,Q1972716,Cuneiform Tablet ABL 0145,update,4,8,written,,
525789,Q2165301,"Cuneiform Tablet ARM 33, 130",create,11,1,written,,
601779,Q2165302,Cuneiform Tablet BM 101923,create,10,1,written,,
139594,Q2059743,Cuneiform Tablet Umma 085,update,4,7,written,,
380498,Q2165303,Cuneiform Tablet BM 096670,create,10,1,written,,
229938,Q894566,Cuneiform Tablet HS 1768,update,4,7,written,,
385360,Q2165304,"Cuneiform Tablet OECT 10, 347",create,8,1,written,,
280200,Q2165305,Cuneiform Tablet N 6436,create,8,1,written,,
333754,Q1985552,"Cuneiform Tablet Nisaba 15, 0440",update,4,7,written,,
318404,Q2165306,Cuneiform Tablet BM 018855,create,11,1,written,,
596445,Q2165307,Cuneiform Tablet BM 082197,create,10,1,written,,
458421,Q2165308,Cuneiform Artifact CDLI Seals 005711 (composite),create,10,0,written,,
236634,Q2002628,"Cuneiform Tablet BIN 10, 090",update,4,7,written,,
493525,Q2165309,"Cuneiform Tablet RA 052, 222 07",create,9,1,written,,
576611,Q2165310,Cuneiform Tablet BM 051550,create,8,1,written,,
260054,Q2165311,Cuneiform Tablet CBS 03682,create,9,1,written,,
550689,Q2165312,"Cuneiform Tablet OLA 233, no. 130",create,11,1,written,,
584881,Q2165313,Cuneiform Tablet BM 065161,create,9,1,written,,
310034,Q2165314,"Cuneiform Tablet YOS 17, 016",create,11,1,written,,
403189,Q2165315,Cuneiform Tablet K 17903,create,10,1,written,,
215154,Q2165316,"Cuneiform Tablet MAD 1, 326",create,10,1,written,,
346654,Q2055844,"Cuneiform Tablet UET 6, 0617",update,4,7,written,,
503711,Q2165317,Cuneiform Tablet RS 18.0021,create,9,0,written,,
365134,Q2165318,"Cuneiform Tablet CT 06, pl. 20, Bu 1891-05-09, 0330",create,11,1,written,,
241709,Q2165319,Cuneiform Tablet P241709,create,10,1,written,,
450011,Q2165320,Cuneiform Tablet CUNES 49-04-122,create,9,1,written,,
243734,Q2165321,Cuneiform Tablet P243734,create,10,1,written,,
268464,Q2025803,"Cuneiform Tablet CDLI Literary 000370, ex. 006",update,4,8,written,,
217169,Q2039760,"Cuneiform Tablet STTI 1, 124",update,4,7,written,,
555171,Q2165322,Cuneiform Tablet BM 109966,create,9,1,written,,
312009,Q2165323,Cuneiform Tablet YBC 12045,create,10,1,written,,
133199,Q2045088,"Cuneiform Tablet TCTI 2, 04008",update,4,8,written,,
406671,Q2165324,Cuneiform Tablet SM 1909.05.583,create,11,1,written,,
339359,Q2165325,"Cuneiform Tablet BPOA 01, 0703",create,11,1,written,,
344669,Q2165326,Cuneiform Tablet PRAK A 377,create,8,1,written,,
136661,Q2052473,"Cuneiform Tablet UET 3, 0340",update,4,8,written,,
499128,Q1362646,"Cuneiform Tablet AKT 6a, 277",update,5,7,written,,
295901,Q2165327,Cuneiform Tablet MLC 01128,create,9,1,written,,
390861,Q2165328,"Cuneiform Tablet BPOA 06, 0296",create,11,1,written,,
582056,Q2165329,Cuneiform Tablet BM 061855,create,9,1,written,,
212691,Q2165330,"Cuneiform Tablet BIN 08, 145",create,9,1,written,,
213983,Q2165331,"Cuneiform Tablet ITT 2, 02941",create,10,1,written,,
371527,Q2165332,"Cuneiform Tablet VS 04, 003",create,9,1,written,,
137973,Q2055066,"Cuneiform Tablet UET 3, 1647",update,4,8,written,,
341191,Q2165333,"Cuneiform Tablet BPOA 02, 2535",create,11,1,written,,
562202,Q2165334,Cuneiform Tablet BM 032973,create,9,1,written,,
274447,Q2165335,Cuneiform Tablet MS 4533/04,create,7,1,written,,
222227,Q1979648,"Cuneiform Tablet NFT p. 181, AO 4197",update,4,8,written,,
391773,Q2165336,"Cuneiform Artifact RIME 4.04.01.03, ex. add219",create,10,1,written,,
294613,Q2165337,"Cuneiform Tablet GCCI 2, 384",create,10,1,written,,
431502,Q2165338,"Cuneiform Artifact RIME 4.01.05.06, ex. 09",create,11,1,written,,
407963,Q2165339,Cuneiform Tablet SM 1918.01.040,create,11,1,written,,
467362,Q2014499,"Cuneiform Tablet RIMA 2.0.087.004, ex. 02",update,4,8,written,,
585793,Q2165340,Cuneiform Tablet BM 066238,create,10,1,written,,
209177,Q2165341,Cuneiform Tablet BM 028594,create,11,1,written,,
347946,Q2165342,"Cuneiform Tablet Ras Shamra-Ougarit 07, 108",create,9,1,written,,
4472,Q2165343,"Cuneiform Tablet ATU 7, pl. 081, W 21878",create,9,1,written,,
502803,Q2165344,Cuneiform Artifact CDLI Seals 012430 (physical),create,7,1,written,,
273382,Q2165345,"Cuneiform Tablet TDP, pl. 66, W 17360,g",create,11,1,written,,
289922,Q2165346,Cuneiform Tablet RBC 00665,create,9,1,written,,
391289,Q2165347,Cuneiform Artifact OIM A01529,create,9,1,written,,
242826,Q2165348,"Cuneiform Tablet ARET 03, 630",create,10,1,written,,
320482,Q2033574,"Cuneiform Tablet CM 26, 116",update,4,8,written,,
291411,Q2165349,"Cuneiform Tablet BIN 01, 105",create,11,1,written,,
467698,Q2165350,Cuneiform Tablet P467698,create,9,1,written,,
434700,Q2165351,"Cuneiform Tablet KBo 01, 28",create,10,1,written,,
394571,Q2165352,"Cuneiform Tablet RINAP 5/2, Ashurbanipal 173 ex. 001",create,11,1,written,,
462160,Q2165353,"Cuneiform Tablet AfO 29/30, 037, Ist Ni 10087",create,9,1,written,,
309215,Q2165354,"Cuneiform Tablet YOS 12, 041",create,10,1,written,,
531660,Q892590,Cuneiform Tablet Elamica 11,update,5,6,written,,
101512,Q1986567,"Cuneiform Tablet AnOr 07, 217",update,4,8,written,,
567000,Q2165355,Cuneiform Tablet BM 041015,create,9,1,written,,
374725,Q2165356,Cuneiform Tablet BM 094025,create,11,1,written,,
227025,Q2165357,"Cuneiform Artifact RIME 3/2.01.02.031, ex. 03",create,11,1,written,,
258528,Q2165358,"Cuneiform Tablet BE 06/1, 071",create,10,1,written,,
449230,Q2165359,Cuneiform Tablet CUNES 51-03-325,create,6,1,written,,
271645,Q2165360,"Cuneiform Tablet Emar 6/1, p. 336, Msk 74132",create,9,1,written,,
119821,Q1967313,"Cuneiform Tablet MVN 18, 460",update,4,8,written,,
4188,Q2165361,Cuneiform Tablet IM 134659,create,10,1,written,,
480309,Q2165362,"Cuneiform Tablet OIP 122, 049",create,10,1,written,,
273678,Q2165363,Cuneiform Tablet TCVC 746,create,9,1,written,,
587254,Q2165364,Cuneiform Tablet BM 068006,create,10,1,written,,
320178,Q2165365,Cuneiform Tablet BM 022969,create,11,1,written,,
585269,Q2165366,Cuneiform Tablet BM 065633,create,9,1,written,,
225018,Q2045900,"Cuneiform Tablet TIM 10, 041",update,4,6,written,,
376718,Q2165367,Cuneiform Tablet BM 110825,create,10,1,written,,
429831,Q2165368,Cuneiform Tablet HUJI 07049,create,10,1,written,,
580591,Q2165369,Cuneiform Tablet BM 059599,create,10,1,written,,
325680,Q2046785,"Cuneiform Tablet CUSAS 14, 269",update,4,7,written,,
276180,Q2165370,Cuneiform Tablet N 1034 + N 1062,create,11,1,written,,
104710,Q1994460,"Cuneiform Tablet AUCT 3, 504",update,4,7,written,,
1670,Q2165371,"Cuneiform Tablet ATU 5, pl. 116, W 9656,it",create,10,1,written,,
403473,Q2165372,Cuneiform Tablet K 18240,create,10,1,written,,
550373,Q2165373,Cuneiform Tablet Failaka 1984-1988 50,create,10,1,written,,
388552,Q1907273,Cuneiform Tablet SC-UCLA —,update,3,5,written,,
369814,Q2165374,"Cuneiform Tablet MDP 27, 066",create,9,1,written,,
455213,Q2165375,Cuneiform Artifact CDLI Seals 002503 (composite),create,10,0,written,,
315236,Q2165376,"Cuneiform Tablet CT 55, 843",create,10,1,written,,
962,Q2165377,"Cuneiform Tablet ATU 5, pl. 027, W 7227,e",create,10,1,written,,
246536,Q2165378,Cuneiform Tablet P246536,create,10,1,written,,
343456,Q2026941,"Cuneiform Tablet CDLI Literary 000396, ex. 024",update,4,8,written,,
428723,Q2165379,Cuneiform Artifact P428723,create,9,1,written,,
105802,Q1998900,Cuneiform Tablet Berens 091,update,4,7,written,,
210356,Q2165380,"Cuneiform Tablet BPOA 06, 0576",create,11,1,written,,
217493,Q1975657,Cuneiform Tablet Adab 0695,update,4,7,written,,
324992,Q2047284,"Cuneiform Tablet CUSAS 19, 166",update,4,7,written,,
506513,Q2165381,"Cuneiform Tablet Nisaba 34, 0175",create,10,1,written,,
344393,Q2165382,Cuneiform Tablet PRAK A 101,create,11,1,written,,
375837,Q2165383,Cuneiform Tablet BM 109915,create,11,1,written,,
270957,Q2165384,Cuneiform Tablet EA 245,create,9,1,written,,
479686,Q2165385,"Cuneiform Tablet FM 04, 016",create,11,1,written,,
435812,Q2165386,Cuneiform Tablet FHG 09,create,10,1,written,,
530972,Q2165387,"Cuneiform Tablet KB 4, 042-045 no. II",create,11,1,written,,
118733,Q2165388,"Cuneiform Tablet MVN 16, 0685",create,11,1,written,,
545872,Q2165389,Cuneiform Artifact CDLI Seals 023543 (physical),create,7,1,written,,
440912,Q2165390,"Cuneiform Tablet KBo 44, 135",create,10,1,written,,
110303,Q2064119,"Cuneiform Tablet HSS 04, 030",update,5,7,written,,
205857,Q2005834,Cuneiform Tablet BM 027377,update,4,8,written,,
331293,Q1982737,"Cuneiform Tablet Nisaba 05/1, 263",update,5,7,written,,
300937,Q1937489,"Cuneiform Tablet MSL 12, 203-11",update,3,9,written,,
262593,Q2018038,Cuneiform Tablet CBS 07592,update,3,7,written,,
594182,Q2165391,Cuneiform Tablet BM 077967,create,10,1,written,,
496727,Q2165392,"Cuneiform Tablet FM 10, 037",create,11,1,written,,
593647,Q2165393,Cuneiform Tablet BM 076826,create,9,1,written,,
265256,Q2165394,"Cuneiform Artifact RIME 1.15.add110.01, ex. 01",create,11,1,written,,
233436,Q2165395,"Cuneiform Artifact RIME 3/1.01.07.037, ex. 0685",create,11,1,written,,
360336,Q1360470,"Cuneiform Tablet TPAK 1, 124",update,6,5,written,,
351892,Q2165396,"Cuneiform Tablet ARM 19, 353",create,11,1,written,,
558743,Q2165397,Cuneiform Tablet BM 055109,create,8,1,written,,
336556,Q2023433,Cuneiform Tablet RMA 256b,update,4,8,written,,
525273,Q2165398,"Cuneiform Artifact Sumer 53, 233-250 33",create,11,1,written,,
420313,Q2165399,Cuneiform Tablet K 22174,create,10,1,written,,
476573,Q2165400,Cuneiform Artifact CDLI Seals 009832 (physical),create,8,1,written,,
573413,Q2165401,Cuneiform Tablet NBDSPC no. 78,create,10,1,written,,
601283,Q2165402,Cuneiform Tablet BM 101360,create,10,1,written,,
355078,Q2165403,"Cuneiform Tablet ARM 26/2, 521",create,11,1,written,,
380162,Q2007188,"Cuneiform Tablet PPAC 5, 1538",update,4,8,written,,
303618,Q2014683,"Cuneiform Tablet BPOA 07, 2834",update,4,8,written,,
203080,Q2165404,Cuneiform Artifact BM 028580,create,11,1,written,,
122788,Q1993802,Cuneiform Tablet NYPL 250,update,4,8,written,,
592955,Q2165405,Cuneiform Tablet BM 075828,create,9,1,written,,
206778,Q2165406,Cuneiform Tablet BM 024030,create,11,1,written,,
250118,Q2165407,Cuneiform Tablet AUAM 73.2949,create,7,1,written,,
497835,Q2165408,Cuneiform Tablet Fs Garelli 024-025,create,11,1,written,,
559851,Q2165409,Cuneiform Tablet BM 029230,create,10,1,written,,
350780,Q2165410,"Cuneiform Tablet ARM 12, 337",create,11,1,written,,
127070,Q2008618,"Cuneiform Tablet Princeton 1, 381",update,4,8,written,,
590968,Q2165411,Cuneiform Tablet BM 072267,create,9,1,written,,
539250,Q2165412,Cuneiform Artifact CDLI Seals 018428 (physical),create,7,1,written,,
357045,Q2165413,Cuneiform Tablet Ist Ni 09779,create,10,1,written,,
9240,Q2165414,"Cuneiform Tablet MDP 26S, 4805",create,10,1,written,,
301625,Q2165415,Cuneiform Tablet NBC 10726,create,10,1,written,,
495808,Q2165416,Cuneiform Tablet Sb 12307,create,7,1,written,,
252125,Q2165417,Cuneiform Tablet MS 3116,create,8,1,written,,
204745,Q2165418,Cuneiform Tablet BM 025776,create,11,1,written,,
512100,Q2165419,Cuneiform Artifact CDLI Seals 013594 (physical),create,9,1,written,,
417060,Q2165420,"Cuneiform Tablet Archibab 3, 008",create,10,1,written,,
367559,Q2165421,"Cuneiform Tablet CT 57, 0417",create,11,1,written,,
441600,Q2165422,"Cuneiform Tablet KBo 46, 295",create,10,1,written,,
594028,Q2165423,Cuneiform Tablet BM 077668 + BM 077766,create,10,1,written,,
331339,Q1982803,"Cuneiform Tablet Nisaba 05/1, 309",update,5,7,written,,
279275,Q2165424,Cuneiform Tablet N 4416,create,11,1,written,,
234259,Q2165425,"Cuneiform Artifact RIME 3/1.01.07.041, ex. 333",create,10,1,written,,
544760,Q2165426,Cuneiform Artifact CDLI Seals 022411 (physical),create,9,1,written,,
249769,Q2165427,Cuneiform Tablet AUAM 73.2165 unpublished assigned,create,7,1,written,,
603314,Q2165428,"Cuneiform Tablet RA 77, 22 4",create,9,0,written,,
413920,Q2165429,Cuneiform Tablet LKA 016,create,11,1,written,,
262439,Q2165430,Cuneiform Tablet CBS 07438,create,7,1,written,,
571584,Q2165431,Cuneiform Tablet BM 048537,create,8,1,written,,
398801,Q2165432,Cuneiform Tablet K 10647,create,10,1,written,,
516840,Q2165433,"Cuneiform Tablet CUSAS 40, 2056",create,8,1,written,,
422284,Q2165434,Cuneiform Tablet BM 105322,create,7,1,written,,
10431,Q1996072,"Cuneiform Tablet OIP 099, 502",update,4,8,written,,
353905,Q2165435,"Cuneiform Tablet ARM 25, 166",create,11,1,written,,
351938,Q2165436,"Cuneiform Tablet ARM 19, 399",create,11,1,written,,
256865,Q2165437,Cuneiform Tablet UM 29-16-344,create,11,1,written,,
143331,Q2030789,"Cuneiform Tablet SAT 2, 0130",update,4,8,written,,
601329,Q2165438,Cuneiform Tablet BM 101411,create,11,1,written,,
260404,Q2165439,Cuneiform Tablet CBS 04089,create,9,1,written,,
115551,Q1953556,"Cuneiform Tablet MVN 08, 160",update,4,8,written,,
596015,Q2165440,Cuneiform Tablet BM 081600,create,10,1,written,,
365564,Q2165441,"Cuneiform Tablet CT 22, pl. 18, 087",create,10,1,written,,
112294,Q1927978,"Cuneiform Tablet JMEOS 12, 37 3472",update,4,8,written,,
123930,Q1997844,"Cuneiform Tablet OIP 121, 200",update,4,8,written,,
254858,Q2031975,"Cuneiform Tablet CDLI Literary 000801, ex. 003",update,4,9,written,,
458071,Q2165442,Cuneiform Artifact CDLI Seals 005361 (physical),create,9,0,written,,
489981,Q2165443,"Cuneiform Tablet BagM 31, 153 377",create,11,1,written,,
236264,Q2002279,"Cuneiform Tablet BIN 09, 254",update,4,7,written,,
318054,Q2165444,Cuneiform Tablet BM 018443,create,11,1,written,,
576241,Q2165445,Cuneiform Tablet BM 051134,create,9,1,written,,
442885,Q2165446,"Cuneiform Tablet KBo 53, 081",create,10,1,written,,
280650,Q2165447,Cuneiform Tablet N 6901,create,8,1,written,,
520421,Q2165448,Cuneiform Tablet KTU3 4.96,create,10,1,written,,
510097,Q2165449,"Cuneiform Tablet MHET 2/5, 720",create,10,1,written,,
425541,Q2165450,Cuneiform Tablet Sm 0687,create,9,1,written,,
109572,Q2062239,Cuneiform Tablet Hirose 101,update,4,7,written,,
281942,Q1933944,"Cuneiform Tablet MARV 3, 66",update,4,6,written,,
443797,Q2165453,"Cuneiform Tablet KUB 03, 065",create,10,1,written,,
385730,Q2165454,"Cuneiform Tablet OECT 13, 201",create,10,1,written,,
384822,Q2032827,Cuneiform Tablet CDLJ 2009/2 §2.5,update,4,7,written,,
473321,Q2165456,Cuneiform Artifact CDLI Seals 007066 (physical),create,9,1,written,,
201117,Q2009225,"Cuneiform Tablet Princeton 2, 119",update,4,8,written,,
257777,Q2016647,"Cuneiform Tablet MC 25, 485",update,3,7,written,,
439562,Q2165458,"Cuneiform Tablet KBo 39, 013",create,10,1,written,,
122622,Q1993477,Cuneiform Tablet NYPL 086,update,4,8,written,,
304077,Q2165459,Cuneiform Tablet NCBT 02040,create,11,1,written,,
352617,Q2165460,"Cuneiform Tablet ARM 22, 171",create,7,1,written,,
412632,Q1972059,Cuneiform Tablet NABU 2018/059 3,update,4,7,written,,
379547,Q2006683,"Cuneiform Tablet PPAC 5, 1271",update,4,8,written,,
20087,Q2062816,"Cuneiform Tablet VS 14, 071",update,4,8,written,,
541132,Q2165461,Cuneiform Artifact CDLI Seals 020263 (physical),create,8,1,written,,
444052,Q2165462,"Cuneiform Tablet KUB 08, 015",create,10,1,written,,
391323,Q2165463,"Cuneiform Tablet AJSL 27, 207",create,9,1,written,,
562652,Q2165464,Cuneiform Tablet BM 034522,create,9,1,written,,
399713,Q2165465,Cuneiform Tablet K 12241,create,10,1,written,,
294243,Q2165466,"Cuneiform Tablet GCCI 2, 155",create,10,1,written,,
209527,Q1999900,"Cuneiform Tablet Ontario 2, 404",update,4,8,written,,
534032,Q2165467,Cuneiform Artifact CDLI Seals 005342.2 (composite),create,7,0,written,,
467732,Q2165468,"Cuneiform Tablet CUSAS 26, 148",create,10,1,written,,
106687,Q2000877,"Cuneiform Tablet BIN 05, 253",update,4,8,written,,
549502,Q2165469,Cuneiform Artifact CDLI Seals 026744 (physical),create,6,1,written,,
582406,Q2165470,Cuneiform Tablet BM 062260,create,9,1,written,,
293586,Q1974402,Cuneiform Tablet NBC 04293,update,4,8,written,,
4022,Q2165471,Cuneiform Tablet IM 134523,create,10,1,written,,
371177,Q2165472,"Cuneiform Tablet Umm el-Qaab 1, 187",create,9,1,written,,
101142,Q1985846,"Cuneiform Tablet AnOr 01, 151",update,4,8,written,,
258482,Q2165473,"Cuneiform Tablet BE 06/1, 073",create,10,1,written,,
274017,Q2165474,Cuneiform Tablet Smith College 502,create,7,1,written,,
565197,Q2165475,"Cuneiform Tablet Strassmaier, 8th Orientalist Congress no. 14",create,11,1,written,,
221958,Q1980076,"Cuneiform Tablet Nik 1, 189",update,4,8,written,,
436697,Q2165476,"Cuneiform Tablet KBo 22, 226",create,10,1,written,,
406221,Q2165477,Cuneiform Tablet SM 1904.06.023,create,9,1,written,,
428689,Q2165478,Cuneiform Artifact P428689,create,8,1,written,,
324838,Q2045341,"Cuneiform Tablet CUSAS 11, 269",update,4,7,written,,
450441,Q2165479,"Cuneiform Artifact RINAP 4 Esarhaddon 058, ex. 001",create,11,1,written,,
555521,Q2165480,"Cuneiform Tablet MacGinnis, Mes 31, no. 15",create,11,1,written,,
503341,Q2165481,Cuneiform Tablet RS 15.0139,create,9,0,written,,
215504,Q1934899,"Cuneiform Tablet MCS 9, 233",update,4,7,written,,
499578,Q2165482,"Cuneiform Tablet KAL 01, 036",create,11,1,written,,
528011,Q2165483,"Cuneiform Tablet Chagar Bazar 3, 002",create,11,1,written,,
243364,Q2165484,Cuneiform Tablet P243364,create,10,1,written,,
346204,Q2023760,"Cuneiform Tablet CDLI Literary 000335, ex. 047",update,4,8,written,,
437985,Q2165485,"Cuneiform Tablet KBo 31, 009",create,10,1,written,,
310464,Q2165486,Cuneiform Tablet YBC 09944,create,9,1,written,,
217539,Q1975737,Cuneiform Tablet Adab 0826,update,4,7,written,,
339709,Q2165487,"Cuneiform Tablet BPOA 01, 1054",create,11,1,written,,
118699,Q2165488,"Cuneiform Tablet MVN 16, 0651",create,11,1,written,,
344239,Q2165489,Cuneiform Tablet PRAK B 423,create,10,1,written,,
326805,Q2048451,"Cuneiform Tablet CUSAS 23, 145",update,3,7,written,,
312459,Q2165490,Cuneiform Tablet YBC 12561,create,11,1,written,,
223965,Q2165491,Cuneiform Tablet OBTR 132,create,11,1,written,,
136231,Q2051483,Cuneiform Tablet UDT 097,update,4,8,written,,
241359,Q2165492,Cuneiform Tablet P241359,create,10,1,written,,
457384,Q2165493,Cuneiform Artifact CDLI Seals 004674 (composite),create,10,0,written,,
239191,Q2038774,"Cuneiform Tablet CT 54, 257",update,4,8,written,,
563940,Q2165494,Cuneiform Tablet BM 038663,create,8,1,written,,
107995,Q2034690,Cuneiform Tablet CST (JRL) 480,update,4,8,written,,
504484,Q2165495,"Cuneiform Tablet RSO 82 Supp. 1, 043",create,10,1,written,,
315666,Q2007941,"Cuneiform Tablet BPOA 01, 0019",update,4,8,written,,
388102,Q2165496,Cuneiform Artifact MS 3019/1,create,8,1,written,,
246166,Q2165497,Cuneiform Tablet P246166,create,10,1,written,,
297896,Q2165498,Cuneiform Tablet NBC 04874,create,11,1,written,,
343006,Q2165499,"Cuneiform Tablet VS 10, 201",create,9,1,written,,
428373,Q2165500,"Cuneiform Artifact SANER 3, 2.02.03 (C21), ex. 05",create,11,1,written,,
550723,Q2165501,"Cuneiform Tablet OLA 233, no. 165",create,10,1,written,,
506143,Q2165502,Cuneiform Tablet RBC 02766,create,6,1,written,,
368356,Q1371885,Cuneiform Tablet Kayseri 4695,update,5,6,written,,
308957,Q2165503,"Cuneiform Tablet AMD 1, 286",create,10,1,written,,
499082,Q2058862,Cuneiform Tablet Fs Birot 181-190,update,4,8,written,,
452186,Q2165504,Cuneiform Tablet P452186,create,9,1,written,,
118363,Q1965998,"Cuneiform Tablet MVN 15, 083",update,4,8,written,,
403023,Q2165505,Cuneiform Tablet K 17715,create,10,1,written,,
210706,Q2165506,Cuneiform Tablet YBC 14866,create,11,1,written,,
455643,Q2165507,Cuneiform Artifact CDLI Seals 002933 (composite),create,10,0,written,,
501686,Q2165508,"Cuneiform Tablet TCTI 3, 05618",create,11,1,written,,
586916,Q2165509,Cuneiform Tablet BM 067628,create,9,1,written,,
598908,Q2165510,Cuneiform Tablet BM 088897,create,10,1,written,,
133033,Q2165511,"Cuneiform Tablet TCTI 2, 03836",create,11,1,written,,
448972,Q2165512,"Cuneiform Tablet Nisaba 19, 284",create,11,1,written,,
213829,Q2165513,"Cuneiform Tablet ITT 1, 01416",create,10,1,written,,
316949,Q2165514,Cuneiform Tablet BM 015638,create,11,1,written,,
322515,Q2043632,"Cuneiform Tablet CUSAS 03, 0839",update,4,7,written,,
449660,Q2165515,Cuneiform Tablet CUNES 51-00-021,create,9,1,written,,
374375,Q2165516,Cuneiform Tablet BM 093444,create,11,1,written,,
227475,Q2017816,"Cuneiform Tablet RIME 3/2.01.03.17, ex. 04",update,3,7,written,,
587604,Q2165517,Cuneiform Tablet BM 068470,create,9,1,written,,
271215,Q2165518,Cuneiform Tablet EA 051,create,9,1,written,,
103485,Q1992061,"Cuneiform Tablet AUCT 1, 640",update,4,7,written,,
500994,Q2165519,"Cuneiform Tablet TCTI 3, 00403+",create,11,1,written,,
434350,Q2165520,"Cuneiform Tablet IBoT 03, 119",create,10,1,written,,
462530,Q2165521,Cuneiform Tablet CST 325,create,10,1,written,,
394121,Q2165522,Cuneiform Tablet K 01934,create,10,1,written,,
291041,Q1974142,Cuneiform Tablet NBC 02331,update,4,8,written,,
567450,Q2165524,Cuneiform Tablet BM 043873,create,7,1,written,,
531230,Q1933789,"Cuneiform Tablet MARV 10, 58",update,4,8,written,,
273228,Q2165525,"Cuneiform Tablet Gilgamesh II 063ff, BB",create,11,1,written,,
309645,Q2165526,"Cuneiform Tablet dubsar 3, 069",create,11,1,written,,
225448,Q2165527,"Cuneiform Artifact RIME 4.03.06.15, ex. 03",create,11,1,written,,
289888,Q2165528,Cuneiform Tablet YBC 17014,create,11,1,written,,
320528,Q2165529,"Cuneiform Tablet Nisaba 08, 109",create,11,1,written,,
376348,Q2165530,Cuneiform Tablet BM 110406,create,10,1,written,,
585639,Q2165531,Cuneiform Tablet BM 066059,create,9,1,written,,
258178,Q2165532,Cuneiform Tablet CBS 00724,create,9,1,written,,
480759,Q2035846,Cuneiform Tablet SFS Ist Si 0018,update,4,8,written,,
454951,Q2165533,Cuneiform Artifact CDLI Seals 002241 (composite),create,9,0,written,,
296784,Q2165534,Cuneiform Tablet MLC 02215,create,9,2,written,,
560395,Q2165535,Cuneiform Tablet BM 016779,create,9,1,written,,
551831,Q2165536,Cuneiform Tablet Dar. 365,create,10,1,written,,
211814,Q2028868,"Cuneiform Tablet SANTAG 6, 152",update,4,8,written,,
303248,Q2165537,Cuneiform Tablet NCBT 01195,create,11,1,written,,
314974,Q2165538,"Cuneiform Tablet CT 55, 581",create,11,1,written,,
250548,Q1371749,Cuneiform Tablet MS 1886,update,4,4,written,,
127420,Q2010597,"Cuneiform Tablet RA 009, 047 SA 92 (pl. 3)",update,4,7,written,,
355428,Q2165539,"Cuneiform Tablet ARM 28, 158",create,11,1,written,,
264914,Q2165540,Cuneiform Tablet Ist Ni 11219 (cast: CBS 09548 ?),create,10,2,written,,
446595,Q2165541,"Cuneiform Tablet KUB 47, 058",create,10,1,written,,
228780,Q2059428,Cuneiform Tablet UM 29-16-581,update,4,7,written,,
421851,Q2165542,Cuneiform Tablet BM 098566,create,7,1,written,,
515295,Q2052148,"Cuneiform Tablet CUSAS 40, 0511",update,4,7,written,,
439098,Q2165543,"Cuneiform Tablet KBo 36, 078",create,10,1,written,,
266929,Q2165544,Cuneiform Tablet CBS 11792,create,9,1,written,,
363849,Q2165545,Cuneiform Tablet LBAT 0099,create,10,1,written,,
512550,Q2165546,Cuneiform Tablet P512550,create,9,1,written,,
104340,Q1993777,"Cuneiform Tablet AUCT 3, 111",update,4,7,written,,
1220,Q2165547,"Cuneiform Tablet ATU 5, pl. 055, W 9335,r",create,10,1,written,,
417430,Q2165549,Cuneiform Tablet ROM 967.287.048,create,9,1,written,,
206328,Q2003793,Cuneiform Tablet BM 020165,update,4,8,written,,
544330,Q2165550,Cuneiform Tablet LB 5110 (unpublished),create,10,1,written,,
575894,Q2165551,Cuneiform Tablet BM 050684,create,9,1,written,,
441250,Q2165552,"Cuneiform Tablet KBo 45, 224",create,10,1,written,,
279625,Q2165553,Cuneiform Tablet N 5278,create,10,1,written,,
539600,Q2165554,Cuneiform Artifact CDLI Seals 018720 (physical),create,6,1,written,,
538912,Q2165555,Cuneiform Artifact CDLI Seals 018090 (physical),create,8,1,written,,
301275,Q2165556,Cuneiform Tablet NBC 10314,create,10,1,written,,
574786,Q2165557,Cuneiform Tablet BM 070099,create,7,1,written,,
204315,Q2004152,Cuneiform Tablet BM 021136,update,4,8,written,,
252575,Q2165558,"Cuneiform Tablet MSCT 16, 103",create,9,1,written,,
357415,Q1370790,"Cuneiform Tablet TCL 04, 080",update,6,6,written,,
110753,Q2165559,"Cuneiform Tablet ITT 2, 00883",create,11,1,written,,
111841,Q1925983,"Cuneiform Tablet JCS 02, 190 NBC 1772",update,4,8,written,,
285452,Q2165560,"Cuneiform Tablet BAM 4, 381",create,10,1,written,,
573043,Q2165561,Cuneiform Tablet BM 050094,create,8,1,written,,
282397,Q1981960,"Cuneiform Tablet AfO 10, 43, 104",update,4,6,written,,
278937,Q2165562,Cuneiform Tablet N 3973 + N 3982,create,10,1,written,,
476123,Q2165594,Cuneiform Artifact CDLI Seals 009382 (physical),create,8,1,written,,
249293,Q2165595,Cuneiform Tablet Neo-Babylonian Larsa 04,create,9,1,written,,
229892,Q894588,Cuneiform Tablet HS 1688,update,4,7,written,,
380532,Q2165596,Cuneiform Tablet BM 096744,create,10,1,written,,
265606,Q2025596,"Cuneiform Tablet CDLI Literary 000367, ex. 038",update,4,8,written,,
525623,Q2165597,"Cuneiform Tablet FM 16/2, 008",create,11,1,written,,
420743,Q2165598,Cuneiform Tablet SMUI 1913.14.0363,create,7,1,written,,
233066,Q2165599,"Cuneiform Artifact RIME 3/1.01.07.037, ex. 0315",create,11,1,written,,
8902,Q2165600,"Cuneiform Tablet MDP 26, 214",create,10,1,written,,
117096,Q1959125,"Cuneiform Tablet MVN 13, 324",update,4,8,written,,
593217,Q2165601,Cuneiform Tablet BM 076256,create,9,1,written,,
305236,Q2165602,"Cuneiform Tablet YOS 07, 118",create,11,1,written,,
336106,Q1982912,Cuneiform Tablet AGS 138,update,4,8,written,,
360766,Q1360931,"Cuneiform Tablet OIP 027, 43",update,5,5,written,,
10962,Q2063869,Cuneiform Tablet WF 005,update,4,8,written,,
558313,Q2165603,Cuneiform Tablet BM 044438,create,8,1,written,,
334992,Q1979621,Cuneiform Tablet ADD 0040,update,4,8,written,,
256536,Q2025309,"Cuneiform Tablet CDLI Literary 000364, ex. 059",update,4,8,written,,
353456,Q2165604,"Cuneiform Tablet ARM 24, 041",create,11,1,written,,
438723,Q2165605,"Cuneiform Tablet KBo 34, 176",create,10,1,written,,
200356,Q1981553,"Cuneiform Tablet Nisaba 01, 302",update,4,8,written,,
398552,Q2165606,Cuneiform Tablet K 10211,create,10,1,written,,
115802,Q2165607,"Cuneiform Tablet MVN 09, 159",create,9,1,written,,
445213,Q2165608,"Cuneiform Tablet KUB 31, 082",create,10,1,written,,
378706,Q2006149,"Cuneiform Tablet PPAC 5, 1020",update,4,8,written,,
413473,Q2165609,Cuneiform Tablet BM 103624,create,10,1,written,,
540373,Q2165610,Cuneiform Artifact CDLI Seals 019554 (physical),create,9,1,written,,
516513,Q2054414,"Cuneiform Tablet CUSAS 40, 1729",update,4,7,written,,
425812,Q2165611,Cuneiform Tablet Sm 1219,create,9,1,written,,
207493,Q2165612,Cuneiform Tablet BM 024581,create,11,1,written,,
123463,Q1996981,"Cuneiform Tablet OIP 115, 249",update,4,8,written,,
520972,Q2165613,Cuneiform Tablet KTU3 4.261,create,10,1,written,,
260957,Q2002948,"Cuneiform Tablet PBS 08/1, 055",update,4,8,written,,
261645,Q2165614,Cuneiform Artifact CDLI Seals 000736 (physical),create,7,1,written,,
600168,Q2165615,Cuneiform Tablet BM 096765,create,9,1,written,,
524198,Q2165616,"Cuneiform Tablet MDP 04, 169-197 14",create,11,1,written,,
477698,Q2165617,Cuneiform Artifact CDLI Seals 010957 (physical),create,9,1,written,,
492334,Q2165618,Cuneiform Tablet P492334,create,7,1,written,,
459230,Q2038781,Cuneiform Tablet StLouis 243,update,3,7,written,,
364725,Q2165619,Cuneiform Tablet LBAT 0572,create,11,1,written,,
472160,Q2165620,"Cuneiform Tablet ARM 32, p. 190 M 11231",create,11,1,written,,
332145,Q2004102,"Cuneiform Tablet PPAC 4, 226",update,4,7,written,,
424700,Q2165621,"Cuneiform Tablet CT 16, pl. 37, Rm 0314",create,9,1,written,,
597254,Q2165622,Cuneiform Tablet BM 083730,create,9,1,written,,
319215,Q2165623,Cuneiform Tablet BM 019851,create,11,1,written,,
577000,Q2165624,Cuneiform Tablet BM 051967,create,9,1,written,,
468994,Q2015647,"Cuneiform Tablet RIMB 2.S.un.x1001.02, ex. 001",update,4,8,written,,
237025,Q2165625,"Cuneiform Tablet CT 54, 473",create,11,1,written,,
109821,Q2165626,Cuneiform Tablet Hirose 350,create,11,1,written,,
263678,Q2165627,"Cuneiform Artifact RIME 2.01.02.11, ex. 20",create,10,1,written,,
366718,Q2165628,"Cuneiform Tablet CT 56, 403",create,10,1,written,,
235018,Q1930350,Cuneiform Tablet KM 89265,update,4,8,written,,
384571,Q2165629,"Cuneiform Tablet OIP 092, 1885",create,10,1,written,,
521660,Q1975354,"Cuneiform Tablet AchHist 15, 209",update,4,7,written,,
138385,Q2056690,"Cuneiform Tablet UET 9, 0254",update,4,8,written,,
595269,Q2165630,Cuneiform Tablet BM 079830,create,10,1,written,,
330178,Q2165631,Cuneiform Artifact OIM A04243,create,11,1,written,,
490309,Q2165632,"Cuneiform Tablet BagM 21, 142 091",create,11,1,written,,
248528,Q2165633,Cuneiform Tablet HMA 9-03044,create,9,1,written,,
379814,Q2006900,"Cuneiform Tablet PPAC 5, 1386",update,4,8,written,,
602155,Q2165634,Cuneiform Tablet BM 114566*,create,10,1,written,,
439831,Q2165635,"Cuneiform Tablet KBo 40, 045",create,10,1,written,,
590591,Q2165636,Cuneiform Tablet BM 071699,create,9,1,written,,
142170,Q2064907,"Cuneiform Tablet YOS 04, 106",update,4,8,written,,
394988,Q2165637,"Cuneiform Tablet RINAP 5/2, Ashurbanipal 093 ex. 001",create,11,1,written,,
266180,Q1982166,"Cuneiform Tablet AfO 29/30, 029, CBS 10999",update,4,7,written,,
408395,Q2165638,"Cuneiform Tablet HSS 13, 172",create,10,1,written,,
313618,Q2037126,"Cuneiform Tablet CT 53, 203",update,4,8,written,,
335680,Q1980992,Cuneiform Tablet ADD 0836,update,4,8,written,,
338548,Q2039205,"Cuneiform Tablet STT 2, 229",update,5,6,written,,
498739,Q1362289,"Cuneiform Tablet AKT 5, 11",update,4,8,written,,
114710,Q1949903,"Cuneiform Tablet MVN 06, 261",update,4,8,written,,
216778,Q2165639,"Cuneiform Artifact RIME 2.13.06.03, ex. 13",create,11,1,written,,
582955,Q2165640,Cuneiform Tablet BM 062887,create,10,1,written,,
549851,Q2165641,Cuneiform Artifact Ashm 1939-0332 (070),create,9,1,written,,
137070,Q2053271,"Cuneiform Tablet UET 3, 0746",update,4,8,written,,
240118,Q2165642,Cuneiform Tablet K 22158,create,11,1,written,,
213080,Q2036672,"Cuneiform Tablet CT 50, 174",update,4,7,written,,
340780,Q2165643,"Cuneiform Tablet BPOA 02, 2127",create,11,1,written,,
132788,Q2044942,"Cuneiform Tablet TCTI 2, 03573",update,4,8,written,,
345078,Q2026000,"Cuneiform Tablet CDLI Literary 000375, ex. 001",update,4,8,written,,
209874,Q2165644,Cuneiform Tablet OIM A00163,create,11,1,written,,
402798,Q2165645,Cuneiform Tablet K 17459,create,10,1,written,,
580968,Q2165646,Cuneiform Tablet Camb. 408,create,10,1,written,,
551098,Q2165647,Cuneiform Tablet Nbk. 390,create,11,1,written,,
554760,Q2165648,Cuneiform Tablet BM 036322,create,10,1,written,,
214745,Q1924717,"Cuneiform Tablet ITT 5, 06674",update,4,7,written,,
407060,Q2064735,"Cuneiform Tablet HSS 68, 164",update,5,7,written,,
311625,Q2165649,Cuneiform Tablet YBC 11454,create,11,1,written,,
529250,Q2165650,Cuneiform Artifact CDLI Seals 016415 (physical),create,6,1,written,,
502100,Q2165651,"Cuneiform Tablet TCTI 3, 06360",create,11,1,written,,
242125,Q2165652,Cuneiform Tablet P242125,create,10,1,written,,
269275,Q2165653,Cuneiform Artifact CDLI Seals 000984 (physical),create,8,1,written,,
347045,Q2056118,"Cuneiform Tablet UET 7, 0082",update,4,7,written,,
310937,Q2165654,Cuneiform Tablet YBC 10651,create,10,1,written,,
100303,Q2165655,"Cuneiform Tablet AfO 40-41, 61 8",create,9,1,written,,
584182,Q2165656,Cuneiform Tablet BM 064213 + BM 064222,create,10,1,written,,
450912,Q1994227,"Cuneiform Artifact OECT 04, 017",update,4,5,written,,
208766,Q2165657,"Cuneiform Tablet BPOA 02, 2595",create,11,1,written,,
5263,Q2165658,"Cuneiform Tablet MSVO 1, 196",create,10,1,written,,
555872,Q2165659,"Cuneiform Tablet AOAT 451, no. 56",create,11,1,written,,
215857,Q1980479,"Cuneiform Tablet Nik 2, 076",update,5,6,written,,
275256,Q2065390,Cuneiform Tablet ICP varia 59,update,3,7,written,,
430313,Q2165660,Cuneiform Artifact CDLI Seals 000215 (composite),create,10,0,written,,
563413,Q2165661,Cuneiform Tablet BM 037677,create,7,1,written,,
295002,Q2165662,Cuneiform Tablet MLC 00194,create,9,2,written,,
390162,Q1931753,Cuneiform Tablet LB 3098,update,5,7,written,,
466573,Q2165663,Cuneiform Tablet Penn —,create,11,1,written,,
341892,Q2165664,Cuneiform Tablet NMSA 3499,create,7,1,written,,
535273,Q1368311,Cuneiform Tablet P535273,update,6,5,written,,
326556,Q2165665,"Cuneiform Tablet CUSAS 30, 014",create,9,1,written,,
370336,Q1932797,"Cuneiform Tablet LTBA 1, 12",update,4,6,written,,
548743,Q2165666,Cuneiform Artifact CDLI Seals 026128 (physical),create,9,1,written,,
481518,Q2165667,Cuneiform Tablet ACT 0003b,create,11,1,written,,
584478,Q2165668,Cuneiform Tablet BM 064634,create,9,1,written,,
583647,Q2165669,Cuneiform Tablet BM 063529,create,10,1,written,,
377109,Q2165670,Cuneiform Tablet BM 111334,create,10,1,written,,
5799,Q2165671,"Cuneiform Tablet UET 2, 0205a",create,11,1,written,,
272069,Q2165672,"Cuneiform Tablet Emar 6/2, p. 620, Msk 74293i",create,9,1,written,,
259339,Q2165673,Cuneiform Tablet CBS 02330,create,9,1,written,,
419584,Q2165674,Cuneiform Tablet K 21279,create,10,1,written,,
277791,Q2165675,Cuneiform Tablet N 2723,create,11,1,written,,
581380,Q2165676,Cuneiform Tablet Ist B 0189,create,10,1,written,,
224609,Q2039515,"Cuneiform Tablet CTN 2, 021",update,4,8,written,,
239938,Q2165677,Cuneiform Tablet K 20206,create,10,1,written,,
105101,Q1997354,"Cuneiform Tablet BBVO 11, 300, 6N-T982",update,4,8,written,,
323754,Q2048242,"Cuneiform Tablet CUSAS 23, 037",update,4,7,written,,
324091,Q2043797,"Cuneiform Tablet CUSAS 03, 0940",update,4,7,written,,
535789,Q1367483,"Cuneiform Artifact AKT 6e, 1180",update,6,5,written,,
466089,Q2165678,"Cuneiform Artifact RIMA 1.0.076.037, ex. 01",create,11,1,written,,
61,Q2020272,"Cuneiform Tablet CDLI Lexical 000002, ex. 092",update,4,7,written,,
390498,Q2059573,"Cuneiform Tablet Fs Sigrist 102, 07",update,5,7,written,,
375134,Q2165679,Cuneiform Tablet BM 095015,create,11,1,written,,
586445,Q2165680,Cuneiform Tablet BM 067035,create,9,1,written,,
566611,Q2165681,Cuneiform Tablet BCHP 17,create,9,1,written,,
270054,Q2165682,Cuneiform Tablet CBS 16104,create,7,1,written,,
226634,Q2165683,Cuneiform Artifact CDLI Seals 006359 (physical),create,10,1,written,,
129594,Q2035540,Cuneiform Tablet SET 184,update,4,8,written,,
530071,Q2165684,Cuneiform Tablet Vincente diss. no. 048,create,11,1,written,,
308404,Q2165685,"Cuneiform Tablet YOS 03, 047",create,11,1,written,,
290200,Q2165686,Cuneiform Tablet NBC 04104,create,11,1,written,,
567903,Q2165687,Cuneiform Tablet BM 041606,create,8,1,written,,
395360,Q2165688,Cuneiform Tablet AAT pl. 02-03,create,10,1,written,,
345582,Q2165689,"Cuneiform Tablet CT 44, 77",create,11,1,written,,
435111,Q2165690,"Cuneiform Tablet KBo 09, 093",create,10,1,written,,
119122,Q2165691,"Cuneiform Tablet MVN 16, 1074",create,11,1,written,,
132272,Q2165692,"Cuneiform Tablet TCTI 2, 02664",create,11,1,written,,
216282,Q2002172,"Cuneiform Tablet OSP 2, 128",update,4,7,written,,
478097,Q2165693,Cuneiform Artifact CDLI Seals 011303 (physical),create,9,1,written,,
247327,Q2165694,Cuneiform Tablet P247327,create,10,1,written,,
322846,Q2045352,"Cuneiform Tablet CUSAS 11, 275",update,4,7,written,,
429132,Q2165695,"Cuneiform Artifact RIME 4.01.05.03, ex. 043",create,10,1,written,,
389343,Q2165696,Cuneiform Tablet LB 0879,create,9,1,written,,
211547,Q2061375,"Cuneiform Tablet Hermitage 3, 105",update,4,8,written,,
314427,Q2165697,"Cuneiform Tablet CT 55, 036",create,11,1,written,,
454402,Q2165698,Cuneiform Artifact CDLI Seals 001692 (composite),create,10,0,written,,
551562,Q2165699,"Cuneiform Tablet ADART 7, 134",create,9,1,written,,
402262,Q2165700,Cuneiform Tablet K 16846,create,10,1,written,,
342247,Q1999075,"Cuneiform Tablet BiMes 24, 41",update,4,8,written,,
276883,Q2031304,"Cuneiform Tablet CDLI Literary 000794, ex. 003",update,4,8,written,,
369117,Q2165701,Cuneiform Tablet KAR 142,create,11,1,written,,
572202,Q2165702,Cuneiform Tablet BM 049739,create,9,1,written,,
507302,Q2165703,"Cuneiform Tablet Nisaba 34, 1115",create,10,1,written,,
524462,Q2165704,Cuneiform Tablet BM 097377,create,11,1,written,,
361527,Q1361287,Cuneiform Tablet Observations 81,update,5,6,written,,
477362,Q2165705,Cuneiform Artifact CDLI Seals 010621 (physical),create,8,1,written,,
559152,Q2165706,Cuneiform Tablet BM 026727,create,11,1,written,,
421502,Q2165707,Cuneiform Tablet SMUI 1913.14.1651,create,8,1,written,,
600492,Q2165708,Cuneiform Tablet BM 099774,create,10,1,written,,
381773,Q1936667,"Cuneiform Tablet MSL 05, 045 C",update,4,7,written,,
203983,Q2005588,Cuneiform Tablet BM 025476,update,4,8,written,,
337347,Q2165709,Cuneiform Tablet OIM A02808,create,11,1,written,,
263382,Q2165710,Cuneiform Tablet CBS 08584,create,10,1,written,,
127973,Q2165711,"Cuneiform Tablet RA 065, 019 1",create,11,1,written,,
592056,Q2165712,Cuneiform Tablet BM 073609,create,9,1,written,,
252826,Q2050380,"Cuneiform Tablet CUSAS 35, 414",update,4,7,written,,
497136,Q2165713,"Cuneiform Tablet MARI 04, p. 219-242 A 01288",create,11,1,written,,
232227,Q2165714,"Cuneiform Artifact RIME 3/1.01.06.04, ex. 410",create,10,1,written,,
357946,Q1371308,"Cuneiform Tablet RA 081, 003-096 053",update,5,6,written,,
111512,Q2165715,"Cuneiform Tablet ITT 5, 06802",create,11,1,written,,
299922,Q2165716,Cuneiform Tablet NBC 08567,create,10,1,written,,
595793,Q2165717,Cuneiform Tablet BM 081242,create,11,1,written,,
512803,Q2066765,"Cuneiform Tablet ZA 107, 206 no. 40",update,4,8,written,,
278464,Q2165718,Cuneiform Tablet N 3429,create,9,1,written,,
540689,Q2165719,"Cuneiform Tablet Frahm, MDOG 134, 74 (Ass.2001.D-2035)",create,11,1,written,,
417963,Q2165720,"Cuneiform Tablet HSS 15, 292",create,10,1,written,,
413189,Q2165721,Cuneiform Tablet BM 103117,create,10,1,written,,
349958,Q2027232,"Cuneiform Tablet CDLI Literary 000421, ex. 001",update,4,8,written,,
330482,Q1971561,"Cuneiform Tablet AAICAB 1/4, Bod S 414",update,4,8,written,,
416671,Q2165722,"Cuneiform Tablet HSS 14, 249",create,9,1,written,,
205154,Q2165723,"Cuneiform Tablet BPOA 01, 0095",create,11,1,written,,
300034,Q2165724,Cuneiform Tablet NBC 08695,create,10,1,written,,
513711,Q2165725,"Cuneiform Tablet Syria 55, 232 L.76.67",create,10,1,written,,
594881,Q2165726,Cuneiform Tablet BM 079309,create,10,1,written,,
298630,Q2165727,Cuneiform Tablet NBC 06948,create,11,1,written,,
440011,Q2165728,"Cuneiform Tablet KBo 40, 251",create,10,1,written,,
329359,Q2165729,Cuneiform Tablet CUNES 53-02-152,create,6,1,written,,
356654,Q2023951,"Cuneiform Tablet CDLI Literary 000335, ex. 059",update,4,8,written,,
545171,Q2165730,Cuneiform Artifact CDLI Seals 022819 (physical),create,6,1,written,,
207169,Q2165731,Cuneiform Tablet BM 027241,create,11,1,written,,
538441,Q2165732,Cuneiform Artifact CDLI Seals 017616 (physical),create,8,1,written,,
354669,Q2165733,"Cuneiform Tablet ARM 26/1, 112",create,11,1,written,,
251709,Q2025340,"Cuneiform Tablet CDLI Literary 000364, ex. 075",update,3,7,written,,
253734,Q2050674,"Cuneiform Tablet CUSAS 39, 058",update,4,7,written,,
302009,Q2165734,Cuneiform Tablet NBC 11414,create,11,1,written,,
123199,Q2165735,"Cuneiform Tablet OIC 22, 126 06",create,10,1,written,,
126661,Q2165736,"Cuneiform Tablet PDT 2, 1351",create,11,1,written,,
351191,Q2165737,"Cuneiform Tablet ARM 13, 001",create,11,1,written,,
285901,Q2165738,"Cuneiform Tablet CT 51, 039",create,11,1,written,,
202691,Q2165739,Cuneiform Artifact BM 027145,create,11,1,written,,
306949,Q2165740,Cuneiform Tablet YBC 05914,create,10,1,written,,
424350,Q1370711,Cuneiform Tablet MAH 19635,update,5,3,written,,
8451,Q2165741,"Cuneiform Tablet MDP 17, 253",create,10,1,written,,
600538,Q2165742,Cuneiform Tablet BM 099829,create,11,1,written,,
380861,Q2165743,Cuneiform Tablet BM 107747,create,10,1,written,,
203829,Q2004217,Cuneiform Tablet BM 021313,update,4,8,written,,
281041,Q2165744,Cuneiform Tablet N 7308,create,8,1,written,,
588908,Q2165745,Cuneiform Tablet BM 069767,create,10,1,written,,
472530,Q1932368,Cuneiform Tablet Lippmann Coll 230,update,4,7,written,,
319645,Q2165746,Cuneiform Tablet BM 021742,create,11,1,written,,
521230,Q2165747,Cuneiform Tablet KTU3 2.86,create,10,1,written,,
510994,Q2165748,"Cuneiform Tablet VS 29, 100",create,10,1,written,,
384121,Q2165749,"Cuneiform Tablet OIP 092, 1435",create,10,1,written,,
492764,Q2165750,Cuneiform Tablet P492764,create,11,1,written,,
577450,Q2165751,Cuneiform Tablet BM 052458,create,9,1,written,,
459660,Q2165752,Cuneiform Tablet FLP 0816,create,8,1,written,,
237475,Q2165753,Cuneiform Tablet K 20938,create,10,1,written,,
261215,Q2165754,Cuneiform Artifact CDLI Seals 000629 (physical),create,7,1,written,,
597604,Q2165755,"Cuneiform Tablet Pihans 135, 151",create,9,0,written,,
364375,Q2165756,Cuneiform Tablet LBAT 1631,create,10,1,written,,
595639,Q2165757,Cuneiform Tablet BM 080966,create,10,1,written,,
330528,Q1971651,"Cuneiform Tablet AAICAB 1/4, Bod S 460",update,4,8,written,,
113485,Q1944509,"Cuneiform Tablet MVN 02, 186",update,5,7,written,,
248178,Q2165758,Cuneiform Tablet HMA 9-02451,create,10,1,written,,
332515,Q2165759,"Cuneiform Tablet MVN 07, 070",create,11,1,written,,
235448,Q2060456,Cuneiform Tablet USC 6637,update,4,8,written,,
299888,Q2165760,Cuneiform Tablet NBC 08533,create,10,2,written,,
570395,Q2165761,Cuneiform Tablet BM 046313 + BM 046514,create,8,1,written,,
304974,Q2165762,Cuneiform Tablet YBC 03543,create,11,1,written,,
142520,Q2165763,"Cuneiform Tablet ZA 012, 260 2",create,11,1,written,,
602505,Q2165764,Cuneiform Tablet BM 117529,create,10,1,written,,
114340,Q1948714,"Cuneiform Tablet MVN 05, 120",update,4,7,written,,
201814,Q1981944,"Cuneiform Tablet Nisaba 03/1, 183",update,4,8,written,,
444951,Q2165765,"Cuneiform Tablet KUB 27, 037",create,10,1,written,,
540723,Q2165766,Cuneiform Artifact CDLI Seals 019847 (physical),create,9,1,written,,
366348,Q2165767,"Cuneiform Tablet CT 56, 033",create,11,1,written,,
398102,Q2165768,"Cuneiform Tablet CT 13, pl. 31, K 10791",create,11,1,written,,
445643,Q2165769,"Cuneiform Tablet KUB 35, 136 + KBo 30, 180 + KBo 29, 209 + KBo 43, 219 + KBo 47, 266",create,10,1,written,,
516143,Q2053774,"Cuneiform Tablet CUSAS 40, 1359",update,4,7,written,,
541831,Q2165770,Cuneiform Artifact CDLI Seals 020993 (physical),create,8,0,written,,
378356,Q2165771,Cuneiform Tablet BM 086883,create,10,1,written,,
413023,Q2165772,Cuneiform Tablet BM 102275,create,11,1,written,,
438373,Q2165773,"Cuneiform Tablet KBo 32, 186",create,10,1,written,,
256166,Q2165774,Cuneiform Tablet UM 29-15-352,create,11,1,written,,
305666,Q2165775,"Cuneiform Tablet YOS 12, 149",create,11,1,written,,
458972,Q2165776,Cuneiform Artifact CDLI Seals 006234 (composite),create,9,0,written,,
353006,Q2165777,"Cuneiform Tablet ARM 23, 218",create,11,1,written,,
200706,Q2045600,"Cuneiform Tablet TIM 02, 091",update,4,8,written,,
596916,Q2165778,Cuneiform Tablet BM 083337,create,9,1,written,,
123033,Q2002448,Cuneiform Tablet OTR 098,update,4,7,written,,
442186,Q2165779,"Cuneiform Tablet KBo 48, 245",create,10,1,written,,
108363,Q2035397,Cuneiform Tablet CST (JRL) 856,update,4,8,written,,
318957,Q2165780,Cuneiform Tablet BM 019556,create,11,1,written,,
511686,Q2165781,Cuneiform Artifact CDLI Seals 013247 (physical),create,8,1,written,,
564786,Q2165782,Cuneiform Tablet BM 040014,create,8,1,written,,
493876,Q2165783,Cuneiform Tablet P493876,create,7,1,written,,
259293,Q2016782,Cuneiform Tablet CBS 02248,update,4,7,written,,
268937,Q2024339,"Cuneiform Tablet CDLI Literary 000343, ex. 018",update,4,8,written,,
292397,Q2009436,"Cuneiform Tablet BPOA 06, 1200",update,4,8,written,,
5633,Q2165784,"Cuneiform Tablet UET 2, 0060",create,11,1,written,,
275606,Q2165785,Cuneiform Tablet N 0388,create,10,1,written,,
223066,Q2165786,"Cuneiform Tablet TIM 02, 106",create,10,1,written,,
583217,Q2165787,Cuneiform Tablet BM 063062,create,9,1,written,,
100753,Q1984208,Cuneiform Tablet Aleppo 421,update,4,8,written,,
528912,Q2165788,Cuneiform Artifact CDLI Seals 016302 (physical),create,6,1,written,,
295452,Q2165789,"Cuneiform Tablet YOS 13, 203",create,10,1,written,,
437086,Q1929924,"Cuneiform Tablet KBo 26, 019",update,5,7,written,,
208336,Q2165790,Cuneiform Tablet BM 029949,create,11,1,written,,
326106,Q2048327,"Cuneiform Tablet CUSAS 23, 079",update,4,7,written,,
466123,Q2165791,"Cuneiform Artifact RIMA 1.0.076.040, ex. 16 = RIMA 1.0.076.046, ex. 12",create,11,1,written,,
107096,Q2007614,Cuneiform Tablet BM Messenger 217,update,4,8,written,,
390532,Q2165792,Cuneiform Tablet P390532,create,9,1,written,,
548313,Q2165793,Cuneiform Artifact CDLI Seals 025698 (physical),create,8,1,written,,
313248,Q2165794,Cuneiform Tablet ARN 132,create,10,1,written,,
430743,Q2062032,"Cuneiform Tablet VFMOS 2/3, 40",update,4,6,written,,
563043,Q2165795,Cuneiform Tablet BM 036474,create,8,1,written,,
239892,Q2165796,Cuneiform Tablet K 19732,create,10,1,written,,
345428,Q2029267,"Cuneiform Tablet CDLI Literary 000724, ex. 001",update,3,7,written,,
535623,Q1365818,"Cuneiform Tablet AKT 6e, 999",update,5,6,written,,
119088,Q2165797,"Cuneiform Tablet MVN 16, 1040",create,11,1,written,,
498369,Q2165798,"Cuneiform Tablet Nisaba 34, 0180",create,10,1,written,,
534931,Q1367088,"Cuneiform Artifact AKT 6b, 461",update,6,5,written,,
240548,Q2165799,"Cuneiform Tablet ARET 09, 036",create,10,1,written,,
456595,Q2165800,Cuneiform Artifact CDLI Seals 003885 (composite),create,10,0,written,,
216328,Q2002262,"Cuneiform Tablet OSP 2, 174",update,4,8,written,,
505295,Q2165801,Cuneiform Tablet YBC 16086,create,7,1,written,,
371874,Q2165802,"Cuneiform Tablet VS 05, 140",create,7,1,written,,
431851,Q2165803,"Cuneiform Artifact RIME 4.03.06.13, ex. 06",create,11,1,written,,
137420,Q2053969,"Cuneiform Tablet UET 3, 1095",update,4,8,written,,
238780,Q2165804,Cuneiform Tablet K 08722,create,11,1,written,,
274914,Q2165805,"Cuneiform Artifact RIME 4.04.01.03, ex. add148",create,10,1,written,,
276929,Q2165806,Cuneiform Tablet N 1811,create,11,1,written,,
529600,Q2165807,Cuneiform Tablet NABU 2021/008,create,10,1,written,,
429098,Q1975814,Cuneiform Tablet ND 10073,update,4,6,written,,
4921,Q2165808,"Cuneiform Tablet BagM 22, 143, W 24187",create,10,1,written,,
311275,Q2165809,Cuneiform Tablet YBC 10992,create,10,1,written,,
373849,Q2165810,"Cuneiform Tablet RA 017, 165 (K 09922)",create,10,1,written,,
347415,Q2165811,"Cuneiform Tablet OECT 15, 072",create,9,1,written,,
214315,Q1962905,"Cuneiform Tablet ITT 2, 04501",update,4,7,written,,
101841,Q1987792,"Cuneiform Tablet ARRIM 8, 49 03",update,4,7,written,,
289471,Q2165812,Cuneiform Tablet NBC 10861,create,11,1,written,,
554330,Q2165813,Cuneiform Tablet Cyr. 68,create,10,1,written,,
132622,Q2165814,"Cuneiform Tablet TCTI 2, 03383",create,11,1,written,,
502550,Q2165815,Cuneiform Artifact CDLI Seals 012262 (physical),create,7,1,written,,
407430,Q2064982,"Cuneiform Tablet HSS 68, 471",update,5,7,written,,
242575,Q2165816,"Cuneiform Tablet ARET 03, 376",create,10,1,written,,
291942,Q2165817,Cuneiform Tablet NBC 01322,create,11,1,written,,
451250,Q1988607,Cuneiform Artifact P451250,update,3,5,written,,
269625,Q2165818,Cuneiform Tablet CBS 15048,create,7,1,written,,
498693,Q1362242,"Cuneiform Tablet AKT 4, 30",update,5,7,written,,
565894,Q2165819,Cuneiform Tablet BM 047793,create,8,1,written,,
500097,Q2165820,Cuneiform Tablet P500097,create,11,1,written,,
119572,Q2165821,"Cuneiform Tablet MVN 16, 1524",create,11,1,written,,
454052,Q1986193,"Cuneiform Tablet Nisaba 15, 0791",update,4,7,written,,
453797,Q1985460,"Cuneiform Tablet Nisaba 15, 0366",update,4,7,written,,
551132,Q2165822,Cuneiform Tablet Nbk. 425,create,11,1,written,,
402632,Q2165823,Cuneiform Tablet K 17275,create,10,1,written,,
394822,Q2165824,"Cuneiform Tablet CT 17, pl. 14, K 3128+",create,10,1,written,,
211117,Q2165825,Cuneiform Tablet YBC 15398,create,11,1,written,,
369547,Q2165826,Cuneiform Tablet OBTI 117,create,11,1,written,,
507752,Q2165827,Cuneiform Tablet Nbk. 033a,create,10,1,written,,
389713,Q2165828,"Cuneiform Tablet TLB 01, 173",create,9,1,written,,
247777,Q1929565,"Cuneiform Tablet Kaskal 15, 37",update,4,8,written,,
342617,Q2165829,Cuneiform Tablet MW 0188/126,create,7,1,written,,
314077,Q2038022,"Cuneiform Tablet CT 53, 665",update,4,8,written,,
259769,Q2165830,Cuneiform Tablet CBS 03396,create,9,1,written,,
429562,Q1929475,"Cuneiform Tablet Kaskal 02, 098 07",update,4,7,written,,
224259,Q2165831,"Cuneiform Tablet OIP 114, 122",create,10,1,written,,
377559,Q2165832,Cuneiform Tablet BM 112803,create,10,1,written,,
343905,Q2028264,"Cuneiform Tablet CDLI Literary 000575, ex. 001",update,4,8,written,,
272439,Q2165833,"Cuneiform Tablet SMEA 30, 197-198 02",create,9,1,written,,
584028,Q2165834,Cuneiform Tablet BM 063997,create,11,1,written,,
431,Q2021411,"Cuneiform Tablet CDLI Lexical 000022, ex. 005",update,4,7,written,,
297195,Q1999122,"Cuneiform Tablet BIN 02, 054",update,3,7,written,,
506840,Q2165835,"Cuneiform Tablet Nisaba 34, 0650",create,10,1,written,,
105551,Q1998245,"Cuneiform Tablet BCT 2, k",update,4,7,written,,
246865,Q2165836,Cuneiform Tablet P246865,create,10,1,written,,
403920,Q2165837,Cuneiform Tablet K 18866,create,10,1,written,,
395730,Q2165838,Cuneiform Tablet K 04820,create,10,1,written,,
244858,Q2165839,Cuneiform Tablet P244858,create,10,1,written,,
561584,Q2165840,Cuneiform Tablet BM 031275,create,8,1,written,,
341938,Q1992639,Cuneiform Tablet NMSA 3641,update,4,8,written,,
566241,Q2165841,Cuneiform Tablet BM 038056,create,9,1,written,,
530421,Q2165842,Cuneiform Artifact CDLI Seals 014743 (physical),create,5,1,written,,
308054,Q2165843,"Cuneiform Tablet YOS 02, 120",create,11,1,written,,
499981,Q2165844,Cuneiform Tablet P499981,create,11,1,written,,
452885,Q2165845,Cuneiform Tablet P452885,create,10,1,written,,
586015,Q2165846,Cuneiform Tablet BM 066485,create,10,1,written,,
290650,Q2012412,"Cuneiform Tablet BPOA 07, 2145",update,4,8,written,,
323304,Q2047245,"Cuneiform Tablet CUSAS 19, 147",update,4,7,written,,
435541,Q2165847,"Cuneiform Tablet KBo 13, 142",create,10,1,written,,
448071,Q1925630,"Cuneiform Tablet JAC 24, 065 16",update,4,7,written,,
375564,Q2007637,"Cuneiform Tablet PPAC 5, 1771",update,4,8,written,,
438689,Q2165848,"Cuneiform Tablet KBo 34, 130",create,10,1,written,,
102294,Q1989550,"Cuneiform Tablet ASJ 09, 241 18",update,5,7,written,,
133930,Q2043819,Cuneiform Tablet TCND 252,update,4,8,written,,
226264,Q2165849,"Cuneiform Artifact RIME 3/2.01.01.11, ex. 097",create,11,1,written,,
298260,Q2165850,Cuneiform Tablet NBC 05777,create,11,1,written,,
205504,Q2165851,"Cuneiform Tablet BPOA 01, 0098",create,11,1,written,,
231958,Q2165852,"Cuneiform Artifact RIME 3/1.01.06.04, ex. 141",create,11,1,written,,
253364,Q2165853,Cuneiform Tablet MS 4291,create,8,1,written,,
334838,Q1974627,Cuneiform Tablet ABL 1297,update,4,8,written,,
356204,Q1926591,"Cuneiform Tablet JCS 25, 165",update,4,7,written,,
513341,Q2165854,Cuneiform Tablet MAA 1931.273,create,9,1,written,,
538011,Q2165855,Cuneiform Artifact CDLI Seals 017186 (physical),create,10,1,written,,
440441,Q2165856,"Cuneiform Tablet KBo 42, 105",create,10,1,written,,
278034,Q2165857,Cuneiform Tablet N 2968,create,11,1,written,,
300464,Q2165858,Cuneiform Tablet NBC 09216,create,10,1,written,,
207539,Q2004990,Cuneiform Tablet BM 024648,update,4,8,written,,
427985,Q2165859,Cuneiform Artifact BM 090373,create,8,1,written,,
354239,Q2165860,"Cuneiform Tablet ARM 25, 500",create,11,1,written,,
251359,Q2165861,"Cuneiform Tablet CUSAS 09, 336",create,8,1,written,,
545521,Q2165862,Cuneiform Artifact CDLI Seals 023150 (physical),create,7,1,written,,
302459,Q2165863,Cuneiform Tablet NCBT 00406,create,11,1,written,,
476820,Q2165864,Cuneiform Artifact CDLI Seals 010079 (physical),create,8,1,written,,
329709,Q2165865,Cuneiform Tablet CUNES 48-06-280,create,8,1,written,,
573940,Q2165866,"Cuneiform Tablet OBO 260, no. 607",create,11,1,written,,
229191,Q1995065,"Cuneiform Tablet OIP 011, 173",update,4,8,written,,
514484,Q2037848,"Cuneiform Tablet StAT 1, 032",update,4,8,written,,
416221,Q2046938,"Cuneiform Tablet CUSAS 16, 313",update,3,7,written,,
126231,Q2165867,"Cuneiform Tablet PDT 2, 0871",create,11,1,written,,
447384,Q2165868,"Cuneiform Tablet KUB 57, 006",create,10,1,written,,
8001,Q2165869,"Cuneiform Tablet MDP 06, 201",create,10,1,written,,
336805,Q2026629,"Cuneiform Tablet SAAB 06, 012, 11 pl. 3",update,4,8,written,,
233965,Q2017050,"Cuneiform Artifact RIME 3/1.01.07.041, ex. 039",update,4,8,written,,
117995,Q1962963,"Cuneiform Tablet MVN 14, 0315",update,4,8,written,,
497566,Q2165870,Cuneiform Tablet P497566,create,9,1,written,,
361177,Q1369156,Cuneiform Tablet POAT 64,update,6,6,written,,
337717,Q2165871,Cuneiform Tablet OIM A04821,create,11,1,written,,
232677,Q2165872,"Cuneiform Artifact RIME 3/1.01.07.031, ex. 093",create,10,1,written,,
592406,Q2165873,Cuneiform Tablet BM 074027,create,9,1,written,,
559502,Q2165874,Cuneiform Tablet BM 029516,create,11,1,written,,
477732,Q2165875,Cuneiform Artifact CDLI Seals 010991 (physical),create,8,1,written,,
421152,Q2165876,Cuneiform Tablet SMUI 1913.14.1174,create,9,1,written,,
572652,Q2165877,"Cuneiform Tablet Nebukadnezar III/IV, no. 37",create,9,1,written,,
524032,Q2165878,Cuneiform Tablet BM 097764,create,10,1,written,,
575197,Q2165879,Cuneiform Tablet BM 076481,create,7,1,written,,
283586,Q2029693,"Cuneiform Tablet SAOC 44, 42",update,4,7,written,,
223089,Q2165880,"Cuneiform Tablet TIM 02, 130",create,10,1,written,,
579858,Q2165881,Cuneiform Tablet BM 058778,create,10,1,written,,
248482,Q2165882,Cuneiform Tablet HMA 9-02997,create,9,1,written,,
111142,Q1923435,"Cuneiform Tablet ITT 3, 05213",update,4,8,written,,
530134,Q2165883,Cuneiform Tablet Vincente diss. no. 114,create,11,1,written,,
308541,Q2165884,Cuneiform Tablet YBC 07600,create,10,1,written,,
107079,Q2007580,Cuneiform Tablet BM Messenger 200,update,4,8,written,,
435054,Q1371953,"Cuneiform Tablet KBo 09, 031",update,7,4,written,,
2119,Q2165885,Cuneiform Tablet P002119,create,10,1,written,,
370789,Q2165886,"Cuneiform Tablet CT 39, pl. 10, K 03092",create,9,1,written,,
395225,Q2165887,Cuneiform Tablet ACh Sin 04 (K 3766),create,11,1,written,,
566754,Q2165888,Cuneiform Tablet BM 040575,create,10,1,written,,
375071,Q2165889,Cuneiform Tablet BM 094911,create,11,1,written,,
586500,Q2165890,Cuneiform Tablet BM 067102,create,9,1,written,,
290345,Q1370124,"Cuneiform Tablet BIN 04, 082",update,6,6,written,,
397218,Q2165891,Cuneiform Tablet K 07617,create,10,1,written,,
226771,Q2165892,"Cuneiform Artifact RIME 3/2.01.03.01, ex. 21",create,11,1,written,,
270111,Q2165893,"Cuneiform Artifact RINAP 5/3, Ashurbanipal x2018, ex. 003-004",create,11,1,written,,
532109,Q892541,Cuneiform Tablet Elamica 11 KHT186,update,4,7,written,,
102781,Q1990625,"Cuneiform Tablet Atiqot 4, pl. 11 18",update,4,8,written,,
323611,Q2165894,"Cuneiform Tablet CUSAS 27, 168",create,9,1,written,,
292378,Q2009410,"Cuneiform Tablet BPOA 06, 1186",update,4,8,written,,
564769,Q2165895,Cuneiform Tablet BM 039996,create,8,1,written,,
297480,Q1370518,Cuneiform Tablet NBC 04003,update,6,6,written,,
432791,Q2019279,"Cuneiform Tablet RIME 4.04.01.02, ex. add150",update,3,8,written,,
124,Q2023014,"Cuneiform Tablet CDLI Lexical Archaic Unidentified, ex. 023",update,4,7,written,,
437069,Q2165896,"Cuneiform Tablet KBo 25, 196",create,10,1,written,,
105044,Q1997282,"Cuneiform Tablet BBVO 11, 279, 6N-T384",update,4,8,written,,
519259,Q2165897,Cuneiform Artifact CDLI Seals 014059 (composite),create,8,0,written,,
561091,Q2165898,Cuneiform Tablet BM 024869,create,10,1,written,,
454547,Q2165899,Cuneiform Artifact CDLI Seals 001837 (composite),create,10,0,written,,
247262,Q2165900,Cuneiform Tablet P247262,create,10,1,written,,
369052,Q1929339,Cuneiform Tablet KAR 070,update,4,8,written,,
433883,Q2165901,Cuneiform Tablet HHCTO 13,create,8,1,written,,
429077,Q2165902,Cuneiform Artifact ND 07077,create,9,1,written,,
507247,Q2165903,"Cuneiform Tablet Nisaba 34, 1069",create,10,1,written,,
551427,Q2165904,"Cuneiform Tablet TMH 02-3, 266",create,10,1,written,,
389206,Q2165905,"Cuneiform Tablet TLB 01, 284",create,9,1,written,,
342302,Q2066017,"Cuneiform Tablet Iraq 59, 164-165 no. 38",update,4,7,written,,
314562,Q2165906,"Cuneiform Tablet CT 55, 171",create,10,1,written,,
132337,Q2165907,"Cuneiform Tablet TCTI 2, 02731",create,11,1,written,,
227863,Q1937369,"Cuneiform Tablet MSL 12, 030 E'",update,4,7,written,,
119067,Q2165908,"Cuneiform Tablet MVN 16, 1019",create,11,1,written,,
500582,Q2165909,Cuneiform Artifact CDLI Seals 012150 (composite),create,10,0,written,,
453282,Q2059399,Cuneiform Artifact Fs Pettinato 060 no. 04,update,3,4,written,,
322903,Q2045382,"Cuneiform Tablet CUSAS 11, 290",update,4,7,written,,
103893,Q1992893,"Cuneiform Tablet AUCT 2, 075",update,4,7,written,,
498386,Q2059278,Cuneiform Tablet Fs Milano 346-348 10,update,4,7,written,,
567846,Q2165910,Cuneiform Tablet BM 041078,create,8,1,written,,
426382,Q2165911,"Cuneiform Tablet Rm 0577 + Rm 2, 177",create,9,1,written,,
248197,Q2165912,Cuneiform Tablet HMA 9-02470,create,10,1,written,,
417826,Q2165913,"Cuneiform Tablet HSS 15, 013",create,10,1,written,,
575482,Q2165914,Cuneiform Tablet BM 053554,create,8,1,written,,
357803,Q1371166,"Cuneiform Tablet TCL 21, 237",update,5,6,written,,
283093,Q2061924,Cuneiform Tablet VAT 19545,update,4,6,written,,
252963,Q2165915,Cuneiform Tablet MS 3877/3,create,8,1,written,,
299867,Q2165916,Cuneiform Tablet NBC 08511,create,10,1,written,,
592113,Q2165917,Cuneiform Tablet BM 073677,create,10,1,written,,
337202,Q2165918,Cuneiform Tablet OIM A02631,create,11,1,written,,
361462,Q1361223,"Cuneiform Tablet ArAn 03, 362-363",update,5,5,written,,
116392,Q1956534,"Cuneiform Tablet MVN 12, 130",update,4,8,written,,
497073,Q2165919,"Cuneiform Tablet MARI 03, p. 095 no. 081",create,11,1,written,,
232362,Q2165920,"Cuneiform Artifact RIME 3/1.01.07.008, ex. 25",create,10,1,written,,
559017,Q2165921,Cuneiform Tablet BM 026525,create,11,1,written,,
111457,Q1924795,"Cuneiform Tablet ITT 5, 06737",update,4,8,written,,
127836,Q2011758,"Cuneiform Tablet RA 049, 88 11",update,4,8,written,,
572347,Q2165922,Cuneiform Tablet BM 046410 + BM 046495,create,8,1,written,,
381636,Q2165923,Cuneiform Tablet BM 085944,create,11,1,written,,
446983,Q2165924,"Cuneiform Tablet KUB 51, 053",create,10,1,written,,
421447,Q2165925,Cuneiform Tablet SMUI 1913.14.1595,create,8,1,written,,
477227,Q2165926,Cuneiform Artifact CDLI Seals 010486 (physical),create,8,1,written,,
524527,Q2165927,"Cuneiform Artifact MDP 28, 458/12",create,11,1,written,,
414709,Q2165928,"Cuneiform Tablet UET 4, 0013",create,10,1,written,,
442169,Q2165929,"Cuneiform Tablet KBo 48, 228",create,10,1,written,,
547009,Q2165930,Cuneiform Artifact CDLI Seals 024437 (physical),create,6,1,written,,
469239,Q2165931,"Cuneiform Tablet RA 023, 159, 75",create,8,1,written,,
493899,Q2165932,Cuneiform Tablet P493899,create,7,1,written,,
285844,Q2165933,"Cuneiform Tablet CT 46, 36",create,11,1,written,,
139828,Q2165934,"Cuneiform Tablet UTI 3, 1809",create,11,1,written,,
514191,Q2064476,"Cuneiform Tablet WVDOG 152, V 1 058",update,4,8,written,,
511669,Q2165935,Cuneiform Artifact CDLI Seals 013237 (physical),create,8,1,written,,
229484,Q1938172,"Cuneiform Tablet MSL 14, 027 Iw",update,4,8,written,,
8514,Q2165936,"Cuneiform Tablet MDP 17, 316",create,10,1,written,,
126724,Q2007952,"Cuneiform Tablet Princeton 1, 035",update,4,8,written,,
380924,Q2165937,Cuneiform Tablet BM 109156,create,10,1,written,,
447691,Q2165938,"Cuneiform Tablet KUB 60, 028",create,10,1,written,,
382919,Q2165939,"Cuneiform Tablet OIP 092, 0233",create,11,1,written,,
409838,Q2165940,Cuneiform Tablet CUNES 48-10-218,create,8,1,written,,
124719,Q2000355,"Cuneiform Tablet Orient 16, 073 103",update,4,8,written,,
256189,Q2165941,Cuneiform Tablet UM 29-15-381,create,9,1,written,,
300171,Q2165942,Cuneiform Tablet NBC 08833,create,10,1,written,,
356711,Q2028757,"Cuneiform Tablet CDLI Literary 000623, ex. 081",update,4,8,written,,
205011,Q2165943,Cuneiform Tablet BM 027687,create,11,1,written,,
538504,Q2165944,Cuneiform Artifact CDLI Seals 017679 (physical),create,8,1,written,,
253671,Q2165945,Cuneiform Tablet MS 4660,create,8,1,written,,
440154,Q2165946,"Cuneiform Tablet KBo 41, 029",create,10,1,written,,
545034,Q2165947,Cuneiform Artifact CDLI Seals 022682 (physical),create,8,1,written,,
416734,Q2165948,"Cuneiform Tablet MARV 8, 66",create,11,1,written,,
442493,Q2165949,"Cuneiform Tablet KBo 49, 270",create,10,1,written,,
365972,Q2165950,"Cuneiform Tablet CT 29, pl. 41-43, BM 078184",create,10,1,written,,
278521,Q2028917,"Cuneiform Tablet CDLI Literary 000625, ex. 012",update,4,8,written,,
520837,Q2165951,Cuneiform Tablet KTU3 4.124,create,10,1,written,,
425957,Q2165952,"Cuneiform Tablet CT 20, pl. 18, Sm 1520",create,9,1,written,,
123526,Q1997009,"Cuneiform Tablet OIP 115, 263",update,4,8,written,,
108676,Q2036212,"Cuneiform Tablet CT 32, pl. 36-37 BM 103403",update,4,8,written,,
540236,Q2165953,Cuneiform Artifact CDLI Seals 019419 (physical),create,7,1,written,,
516456,Q2054319,"Cuneiform Tablet CUSAS 40, 1672",update,3,7,written,,
378643,Q2165954,Cuneiform Tablet BM 087390,create,10,1,written,,
353513,Q2165955,"Cuneiform Tablet ARM 24, 098",create,11,1,written,,
445356,Q2165956,"Cuneiform Tablet KUB 33, 009",create,10,1,written,,
571992,Q2165957,Cuneiform Tablet BM 049513,create,8,1,written,,
413536,Q2165958,Cuneiform Artifact BM 103687,create,9,1,written,,
398417,Q1928145,"Cuneiform Tablet MSL 11, 139 Forerunner 5",update,5,7,written,,
305373,Q2165959,"Cuneiform Tablet YOS 17, 274",create,11,1,written,,
10827,Q2049474,Cuneiform Tablet TSŠ 0456,update,4,8,written,,
200213,Q1981267,"Cuneiform Tablet Nisaba 01, 159",update,4,8,written,,
438666,Q2165960,"Cuneiform Tablet KBo 34, 103",create,10,1,written,,
283569,Q1994710,"Cuneiform Tablet OIC 23, 124, 12N-676 & 677",update,4,6,written,,
115947,Q1955267,"Cuneiform Tablet MVN 10, 180",update,4,7,written,,
575178,Q2165961,Cuneiform Tablet BM 076186,create,7,1,written,,
523718,Q2165962,Cuneiform Artifact CDLI Seals 015159 (physical),create,6,1,written,,
256473,Q2165963,Cuneiform Tablet UM 29-15-776,create,11,1,written,,
386409,Q2036068,"Cuneiform Tablet CT 12, pl. 30, BM 034950",update,4,5,written,,
439974,Q2165964,"Cuneiform Tablet KBo 40, 212",create,10,1,written,,
508448,Q2165965,Cuneiform Tablet Fahad diss. no. 44,create,10,1,written,,
470018,Q2006701,Cuneiform Tablet BM 039864,update,3,8,written,,
602010,Q2165966,Cuneiform Artifact BM 114280,create,9,1,written,,
570680,Q2165967,Cuneiform Tablet BM 046922,create,7,1,written,,
140008,Q2165968,"Cuneiform Tablet UTI 3, 1989",create,11,1,written,,
379951,Q2006982,"Cuneiform Tablet PPAC 5, 1429",update,4,8,written,,
423180,Q2165969,"Cuneiform Artifact RINAP 5/1 Ashurbanipal 003, ex. 077 ?",create,10,1,written,,
142035,Q2062344,"Cuneiform Tablet ViOr 8/1, 093",update,4,8,written,,
361198,Q1361004,"Cuneiform Tablet AMMY 1990, 121; Tf. II",update,6,5,written,,
286291,Q2165970,Cuneiform Tablet YBC 13234,create,7,1,written,,
109964,Q2062916,Cuneiform Tablet HLC 086 (pl. 081),update,4,7,written,,
232698,Q2165971,"Cuneiform Artifact RIME 3/1.01.07.031, ex. 114",create,11,1,written,,
384434,Q2165972,"Cuneiform Tablet OIP 092, 1748",create,10,1,written,,
424645,Q2165973,Cuneiform Tablet Rm 0199,create,9,1,written,,
521725,Q1985510,Cuneiform Tablet Anonymous 521725 unpublished assigned ?,update,4,7,written,,
281554,Q2165974,Cuneiform Tablet N 7830,create,8,1,written,,
472025,Q2165975,"Cuneiform Tablet ARM 30, p. 461 M 06797",create,11,1,written,,
497589,Q2165976,Cuneiform Artifact RIMB 2.06.32.nn,create,9,1,written,,
459375,Q2165977,Cuneiform Tablet PTS 0143,create,8,1,written,,
577145,Q2165978,Cuneiform Tablet BM 052120,create,9,1,written,,
332000,Q2019488,Cuneiform Tablet CDLB 2021/005 12,update,4,7,written,,
319350,Q2165979,Cuneiform Tablet BM 020593,create,11,1,written,,
364660,Q2165980,Cuneiform Tablet LBAT 0498 + 0869,create,11,1,written,,
261700,Q2165981,Cuneiform Tablet CBS 05507,create,7,1,written,,
492271,Q2165982,Cuneiform Tablet P492271,create,7,1,written,,
113190,Q1939118,"Cuneiform Tablet MVN 01, 157",update,5,7,written,,
135108,Q2049012,Cuneiform Tablet TRU 344,update,4,7,written,,
247798,Q1994318,"Cuneiform Tablet OECT 04, 160",update,4,7,written,,
242060,Q2165983,Cuneiform Tablet P242060,create,10,1,written,,
529315,Q2165984,Cuneiform Artifact CDLI Seals 016552 (physical),create,6,1,written,,
347100,Q2165985,"Cuneiform Tablet UET 7, 0144",create,9,1,written,,
597311,Q2165986,Cuneiform Tablet BM 083791,create,10,1,written,,
314098,Q2165987,"Cuneiform Tablet CT 53, 687",create,11,1,written,,
311760,Q2165988,Cuneiform Tablet Fs Calmeyer 679,create,10,1,written,,
214600,Q2165989,"Cuneiform Tablet ITT 2, 05784",create,10,1,written,,
293990,Q2165990,"Cuneiform Tablet GCCI 1, 027",create,10,1,written,,
258894,Q2165991,Cuneiform Tablet CBS 01561,create,9,1,written,,
554625,Q2165992,Cuneiform Tablet Camb. 298,create,10,1,written,,
269330,Q2165993,Cuneiform Artifact CDLI Seals 001035 (physical),create,8,1,written,,
478428,Q2165994,Cuneiform Artifact CDLI Seals 011634 (physical),create,9,1,written,,
502045,Q2165995,"Cuneiform Tablet TCTI 3, 06300",create,11,1,written,,
407125,Q2064847,"Cuneiform Tablet HSS 68, 227",update,5,7,written,,
405118,Q2165996,"Cuneiform Artifact Nisaba 15, 0891",create,10,1,written,,
500078,Q2165997,Cuneiform Tablet P500078,create,11,1,written,,
453778,Q1985417,"Cuneiform Tablet Nisaba 15, 0338",update,4,7,written,,
238295,Q2010167,Cuneiform Tablet PRT 108,update,4,8,written,,
505780,Q2165998,Cuneiform Tablet YBC 16036,create,7,1,written,,
456080,Q2165999,Cuneiform Artifact CDLI Seals 003370 (composite),create,10,0,written,,
548606,Q2166000,Cuneiform Artifact CDLI Seals 025991 (physical),create,8,1,written,,
137135,Q2053401,"Cuneiform Tablet UET 3, 0811",update,4,8,written,,
582810,Q2166001,Cuneiform Tablet BM 062725,create,8,1,written,,
209931,Q2166002,Cuneiform Tablet OIM A01174,create,11,1,written,,
549914,Q2166003,Cuneiform Artifact Ashm 1930-0387c,create,9,1,written,,
326413,Q2166004,Cuneiform Tablet CUNES 52-13-055,create,9,1,written,,
583702,Q2166005,Cuneiform Tablet BM 063592,create,9,1,written,,
430256,Q2166006,Cuneiform Artifact CDLI Seals 000157 (composite),create,10,0,written,,
295147,Q2166007,"Cuneiform Tablet YOS 13, 118",create,10,1,written,,
370273,Q2166008,"Cuneiform Tablet MDP 18, 246",create,11,1,written,,
504892,Q2166009,Cuneiform Tablet YBC 14318,create,7,1,written,,
535336,Q1368476,Cuneiform Tablet P535336,update,6,4,written,,
107583,Q2033910,Cuneiform Tablet CST (JRL) 071,update,4,8,written,,
466436,Q2014419,"Cuneiform Tablet RIMA 1.0.078.017, ex. 01",update,4,8,written,,
564293,Q2166010,Cuneiform Tablet BM 039257,create,8,1,written,,
208623,Q1984260,"Cuneiform Tablet Nisaba 09, 169",update,4,8,written,,
292682,Q2019850,"Cuneiform Tablet RIME 4.04.01.03, ex. add419",update,4,8,written,,
563556,Q2166011,Cuneiform Tablet BM 037913,create,8,1,written,,
390027,Q2166012,Cuneiform Tablet LB 2465,create,10,1,written,,
437593,Q2166013,"Cuneiform Tablet KBo 28, 144",create,10,1,written,,
555937,Q2166014,"Cuneiform Tablet AOAT 451, no. 137",create,10,1,written,,
215912,Q2166015,Cuneiform Tablet OAIC 40,create,9,1,written,,
450857,Q2065558,"Cuneiform Artifact Iraq 06, 157, 21",update,4,5,written,,
259786,Q2166016,"Cuneiform Tablet BE 14, 167",create,11,1,written,,
580987,Q2166017,Cuneiform Tablet BM 060059,create,10,1,written,,
211052,Q2166018,Cuneiform Tablet YBC 15290,create,11,1,written,,
310872,Q2166019,"Cuneiform Tablet JCS 34, 163, 205, no. 16",create,11,2,written,,
100246,Q1981766,"Cuneiform Tablet Aegyptus 26, 164 13",update,4,8,written,,
5326,Q2166020,"Cuneiform Tablet MSVO 3, 15",create,10,1,written,,
314132,Q2038097,"Cuneiform Tablet CT 53, 722",update,4,8,written,,
389656,Q1372255,Cuneiform Tablet LB 1277,update,6,6,written,,
429427,Q2166021,Cuneiform Tablet K 22291,create,10,1,written,,
551077,Q2166022,Cuneiform Tablet Nbk. 369,create,11,1,written,,
402777,Q2166023,Cuneiform Tablet K 17436,create,10,1,written,,
369402,Q2166024,Cuneiform Tablet KAR 444,create,11,1,written,,
342752,Q2166025,Cuneiform Tablet NYPLC 305,create,7,1,written,,
454117,Q1986426,"Cuneiform Tablet Nisaba 15, 0917",update,4,7,written,,
507617,Q2166026,"Cuneiform Artifact RIME 4.add39.02.01, ex. 01",create,10,1,written,,
291807,Q2009108,"Cuneiform Tablet BPOA 06, 1029",update,4,8,written,,
119437,Q2166027,"Cuneiform Tablet MVN 16, 1389",create,11,1,written,,
216797,Q2166028,"Cuneiform Artifact RIME 2.13.06.03, ex. 09",create,11,1,written,,
132767,Q2044923,"Cuneiform Tablet TCTI 2, 03551",update,4,8,written,,
394967,Q2166029,Cuneiform Tablet K 03368,create,10,1,written,,
504938,Q2166030,Cuneiform Tablet YBC 15105,create,7,1,written,,
478582,Q2166031,Cuneiform Artifact CDLI Seals 011788 (physical),create,9,1,written,,
345097,Q2028258,"Cuneiform Tablet CDLI Literary 000574, ex. 009 & 000575, ex. 015",update,4,8,written,,
2549,Q2166032,"Cuneiform Tablet IM 023452,2",create,10,1,written,,
401858,Q2166033,Cuneiform Tablet K 16228,create,10,1,written,,
107429,Q2019202,"Cuneiform Tablet CBT 2, BM 102115",update,4,8,written,,
375421,Q2166034,Cuneiform Tablet BM 098109,create,10,1,written,,
323241,Q2042457,"Cuneiform Tablet CUSAS 03, 0087",update,4,7,written,,
133875,Q2043706,Cuneiform Tablet TCND 122,update,4,8,written,,
226321,Q2166035,"Cuneiform Artifact RIME 3/2.01.01.11, ex. 098",create,11,1,written,,
586150,Q2166036,Cuneiform Tablet BM 066673,create,9,1,written,,
308111,Q2166037,Cuneiform Tablet Fs Sachs 010 No8,create,11,1,written,,
566304,Q2166038,"Cuneiform Tablet Fs Lambert 164, text 11 A",create,10,1,written,,
448134,Q2166039,"Cuneiform Artifact RIME 4.04.01.14, ex. 31-32",create,11,1,written,,
395675,Q2166040,Cuneiform Tablet BL 185,create,10,1,written,,
530564,Q2166041,Cuneiform Artifact CDLI Seals 014886 (physical),create,5,1,written,,
435404,Q2166042,"Cuneiform Tablet KBo 12, 137",create,10,1,written,,
129081,Q2027458,"Cuneiform Tablet SACT 2, 124",update,4,8,written,,
290715,Q2012673,"Cuneiform Tablet BPOA 07, 2211",update,4,8,written,,
463264,Q2013839,"Cuneiform Tablet RIMA 1.0.040.x1001, ex. 01",update,4,8,written,,
519609,Q2166043,Cuneiform Artifact CDLI Seals 014229 (composite),create,9,0,written,,
397648,Q2166044,Cuneiform Tablet K 08482,create,11,2,written,,
532559,Q2166045,Cuneiform Tablet SPAB 094,create,11,1,written,,
437439,Q2166046,"Cuneiform Tablet KBo 27, 186",create,10,1,written,,
461259,Q2003301,Cuneiform Tablet Liver Omens pl. 27 no. 78,update,3,7,written,,
292728,Q2166047,"Cuneiform Tablet YOS 08, 118",create,11,2,written,,
564339,Q2166048,Cuneiform Tablet BM 039328,create,8,1,written,,
506905,Q2166049,"Cuneiform Tablet Nisaba 34, 0713",create,10,1,written,,
131848,Q2041611,Cuneiform Tablet Tavolette 063,update,4,8,written,,
343840,Q2166050,Cuneiform Tablet PRAK B 023,create,8,1,written,,
388944,Q2166051,Cuneiform Tablet LB 0423,create,10,1,written,,
277284,Q2166052,Cuneiform Tablet N 2178,create,11,1,written,,
403865,Q2166053,Cuneiform Tablet K 18798,create,10,1,written,,
217885,Q1924575,"Cuneiform Tablet ITT 4, 07903",update,4,7,written,,
419091,Q2166054,Cuneiform Tablet K 20706,create,10,1,written,,
246920,Q2166055,Cuneiform Tablet P246920,create,10,1,written,,
442539,Q2166056,"Cuneiform Tablet KBo 49, 316",create,10,1,written,,
414359,Q2166057,Cuneiform Tablet CLAM p. 481-482,create,10,1,written,,
511239,Q2166058,"Cuneiform Tablet JCS 09, 075 018",create,11,1,written,,
581695,Q2166059,Cuneiform Tablet BM 061392,create,11,1,written,,
105414,Q1997993,"Cuneiform Tablet BCT 2, 173",update,4,7,written,,
547459,Q2166060,Cuneiform Artifact CDLI Seals 024887 (physical),create,9,1,written,,
126374,Q2166061,"Cuneiform Tablet PDT 2, 1034",create,11,1,written,,
336940,Q2038126,"Cuneiform Tablet StAT 2, 132",update,4,8,written,,
202384,Q2166062,Cuneiform Tablet BM 024141,create,9,1,written,,
351484,Q2166063,"Cuneiform Tablet ARM 18, 015",create,11,1,written,,
233820,Q2166064,"Cuneiform Artifact RIME 3/1.01.07.037, ex. 1069",create,11,1,written,,
144948,Q2033961,"Cuneiform Tablet SAT 3, 1748",update,4,8,written,,
476965,Q2166065,Cuneiform Artifact CDLI Seals 010224 (physical),create,8,1,written,,
571838,Q2166066,Cuneiform Tablet BM 048992,create,8,1,written,,
573805,Q2166067,"Cuneiform Tablet OBO 260, no. 500",create,11,1,written,,
474958,Q2166068,Cuneiform Artifact CDLI Seals 008181 (physical),create,9,1,written,,
124349,Q2166069,"Cuneiform Tablet OLP 08, 15 11",create,11,1,written,,
278171,Q2166070,Cuneiform Tablet N 3114,create,11,1,written,,
545464,Q2166071,Cuneiform Artifact CDLI Seals 023093 (physical),create,8,1,written,,
416364,Q2166072,Cuneiform Tablet CULC 488,create,8,1,written,,
205441,Q2005115,Cuneiform Tablet BM 024781,update,4,8,written,,
440504,Q2166073,"Cuneiform Tablet KBo 43, 024",create,10,1,written,,
8144,Q2166074,"Cuneiform Tablet MDP 06, 362",create,10,1,written,,
253221,Q2166075,Cuneiform Tablet MS 4124,create,8,1,written,,
513204,Q2166076,"Cuneiform Tablet OIP 043, 178 TA 1930 T246",create,9,1,written,,
300521,Q2166077,Cuneiform Tablet NBC 09298,create,11,1,written,,
262985,Q2166078,Cuneiform Tablet CBS 08064,create,10,1,written,,
263697,Q2166079,Cuneiform Tablet CBS 08881b,create,9,1,written,,
356341,Q2029796,"Cuneiform Tablet CDLI Literary 000754, ex. 038",update,4,8,written,,
111007,Q1962372,"Cuneiform Tablet ITT 2, 04137",update,4,8,written,,
595286,Q2166080,Cuneiform Tablet BM 079847,create,10,1,written,,
477677,Q2166081,Cuneiform Artifact CDLI Seals 010936 (physical),create,8,1,written,,
572717,Q2166082,"Cuneiform Tablet AnOr 9, 15",create,8,1,written,,
600187,Q2166083,Cuneiform Tablet BM 096815,create,9,1,written,,
524177,Q2166084,"Cuneiform Tablet Athar Al-Rafedain 3, 307-330 3",create,11,1,written,,
421017,Q2166085,Cuneiform Tablet SMUI 1913.14.0901,create,8,1,written,,
592543,Q2166086,Cuneiform Tablet BM 074206,create,9,1,written,,
381266,Q2166087,Cuneiform Tablet BM 085328,create,11,1,written,,
538154,Q2166088,Cuneiform Artifact CDLI Seals 017329 (physical),create,8,1,written,,
337652,Q2166089,Cuneiform Tablet OIM A04551,create,11,1,written,,
264152,Q2166090,"Cuneiform Tablet BE 14, 014",create,10,1,written,,
361032,Q1371582,"Cuneiform Tablet AnOr 06, 069-070 02",update,5,6,written,,
559447,Q2166091,Cuneiform Tablet BM 029378,create,11,1,written,,
470448,Q2166092,Cuneiform Tablet PTS 2356,create,10,1,written,,
232732,Q2166093,"Cuneiform Artifact RIME 3/1.01.07.031, ex. 148",create,10,1,written,,
575528,Q2166094,Cuneiform Tablet BM 050239,create,9,1,written,,
497423,Q2032527,"Cuneiform Tablet CDLI Literary 002718.04, ex. 020",update,3,8,written,,
426228,Q2166095,"Cuneiform Artifact RINAP 5/1 Ashurbanipal 009, ex. 055",create,10,1,written,,
283139,Q2166096,Cuneiform Tablet VAT 19671,create,9,1,written,,
508018,Q2166097,Cuneiform Tablet IM 051449,create,9,1,written,,
386059,Q2166098,"Cuneiform Tablet TCL 07, 066",create,11,1,written,,
541974,Q2166099,Cuneiform Artifact CDLI Seals 021136 (physical),create,7,0,written,,
444814,Q2166100,"Cuneiform Tablet KUB 25, 002 + KUB 25, 006",create,10,1,written,,
602440,Q2166101,Cuneiform Tablet BM 117444,create,10,1,written,,
335395,Q1980434,Cuneiform Tablet ADD 0454,update,4,8,written,,
590084,Q2166102,Cuneiform Tablet BM 071138,create,9,1,written,,
201951,Q2059927,"Cuneiform Tablet UMTBM 03, 86",update,4,8,written,,
408680,Q2166103,"Cuneiform Tablet HSS 14, 060",create,10,1,written,,
142465,Q2065956,"Cuneiform Tablet YOS 18, 071",update,4,8,written,,
304831,Q2166104,Cuneiform Tablet Feuerherm diss. K023,create,10,2,written,,
446829,Q2166105,"Cuneiform Tablet KUB 49, 102",create,10,1,written,,
543949,Q2166106,Cuneiform Tablet LB 2002 (unpublished),create,9,1,written,,
114205,Q1948109,"Cuneiform Tablet MVN 04, 253",update,3,7,written,,
116238,Q2166107,"Cuneiform Artifact MVN 11, D",create,11,1,written,,
266495,Q2060649,"Cuneiform Tablet HAV 450, 15",update,4,8,written,,
355994,Q1984790,"Cuneiform Tablet Nisaba 13, 079",update,4,8,written,,
140458,Q2166108,"Cuneiform Tablet UTI 4, 2439",create,11,1,written,,
364230,Q2166109,Cuneiform Tablet LBAT 1476,create,10,1,written,,
261350,Q2166110,"Cuneiform Tablet BE 10, 067",create,10,1,written,,
332450,Q1935406,"Cuneiform Tablet MDP 54, 006",update,5,7,written,,
459725,Q2166111,Cuneiform Tablet FLP 1070,create,8,1,written,,
597741,Q2166112,"Cuneiform Tablet Pihans 135, 344",create,9,0,written,,
472475,Q1932256,Cuneiform Tablet Lippmann Coll 175,update,4,7,written,,
237530,Q2166113,"Cuneiform Tablet Fs Lambert 2, 241",create,10,1,written,,
138690,Q2057317,"Cuneiform Tablet UET 9, 0559",update,4,8,written,,
281104,Q2166114,Cuneiform Tablet N 7372,create,8,1,written,,
577515,Q2166115,Cuneiform Tablet BM 052527,create,9,1,written,,
492621,Q2166116,"Cuneiform Tablet BBVOT 01, 110",create,11,1,written,,
424215,Q2166117,Cuneiform Tablet MAH 16452,create,8,1,written,,
318812,Q2166118,Cuneiform Tablet BM 019382,create,11,1,written,,
384064,Q2166119,"Cuneiform Tablet OIP 092, 1378",create,10,1,written,,
521375,Q2166120,Cuneiform Tablet KTU3 4.16,create,10,1,written,,
108226,Q2035130,Cuneiform Tablet CST (JRL) 709,update,4,8,written,,
207186,Q2166121,Cuneiform Tablet BM 027304,create,11,1,written,,
493933,Q2166122,Cuneiform Tablet P493933,create,7,1,written,,
319700,Q2166123,Cuneiform Tablet BM 021948,create,11,1,written,,
596853,Q2166124,Cuneiform Tablet BM 083262,create,10,1,written,,
139982,Q2166125,"Cuneiform Tablet UTI 3, 1963",create,11,1,written,,
354686,Q2166126,"Cuneiform Tablet ARM 26/1, 129",create,11,1,written,,
469393,Q2166127,Cuneiform Tablet U 07810un1,create,8,1,written,,
123176,Q2002716,Cuneiform Tablet OTR 241,update,4,7,written,,
458837,Q2166128,Cuneiform Artifact CDLI Seals 006127 (composite),create,10,0,written,,
353143,Q2166129,"Cuneiform Tablet ARM 23, 355",create,11,1,written,,
398047,Q2166130,Cuneiform Tablet Shurpu 5-6 E,create,11,1,written,,
305723,Q2166131,"Cuneiform Tablet MARV 5, 15",create,9,1,written,,
256023,Q2166132,Cuneiform Tablet UM 29-15-188,create,11,1,written,,
409992,Q2166133,Cuneiform Tablet CUNES 48-11-190,create,8,1,written,,
540666,Q2166134,"Cuneiform Tablet Frahm, MDOG 134, 65 (Ass.2001.D-1373)",create,11,1,written,,
438236,Q2166135,"Cuneiform Tablet KBo 32, 048",create,10,1,written,,
378213,Q2166136,Cuneiform Tablet BM 086731,create,10,1,written,,
200643,Q2166137,"Cuneiform Tablet TCTI 2, 03332",create,11,1,written,,
413166,Q2166138,Cuneiform Tablet BM 103094,create,11,1,written,,
466066,Q2166139,"Cuneiform Artifact RIMA 1.0.076.033, ex. 04",create,10,1,written,,
445706,Q2166140,"Cuneiform Tablet KUB 36, 047",create,10,1,written,,
430606,Q2166141,Cuneiform Artifact CDLI Seals 000510 (composite),create,10,0,written,,
563106,Q2166142,Cuneiform Tablet BM 036562,create,7,1,written,,
208273,Q2166143,Cuneiform Tablet BM 025133,create,11,1,written,,
223123,Q2166144,"Cuneiform Tablet TIM 03, 006",create,9,1,written,,
390477,Q1930553,Cuneiform Tablet Kress 152,update,4,7,written,,
295517,Q2166145,Cuneiform Tablet MLC 00728,create,9,1,written,,
535766,Q1366613,"Cuneiform Artifact AKT 6e, 1154",update,5,6,written,,
528857,Q2166146,Cuneiform Artifact CDLI Seals 016681 (physical),create,6,1,written,,
583352,Q2166147,Cuneiform Tablet BM 063207,create,9,1,written,,
548256,Q2166148,Cuneiform Artifact CDLI Seals 025641 (physical),create,8,1,written,,
584497,Q2166149,Cuneiform Tablet BM 064658,create,10,1,written,,
326043,Q2166150,Cuneiform Tablet CUNES 52-07-064,create,10,1,written,,
100616,Q1983941,Cuneiform Tablet Aleppo 284,update,4,8,written,,
5776,Q2166151,"Cuneiform Tablet UET 2, 0188",create,11,1,written,,
536849,Q1365798,"Cuneiform Tablet AKT 11a, 114",update,7,5,written,,
268872,Q2166152,"Cuneiform Tablet PBS 01/2, 115",create,11,1,written,,
135558,Q2044319,Cuneiform Artifact TCNU 710,update,4,8,written,,
272086,Q2166153,"Cuneiform Tablet Emar 6/2, p. 629, Msk 74296c",create,9,1,written,,
433929,Q2166154,Cuneiform Tablet HKM 036,create,10,1,written,,
502415,Q2166155,"Cuneiform Tablet TCTI 3, 24597",create,11,1,written,,
269760,Q2003159,"Cuneiform Tablet PBS 10/4, 05",update,4,8,written,,
214250,Q2166156,"Cuneiform Tablet ITT 2, 04431",create,10,1,written,,
407575,Q2166157,"Cuneiform Tablet HSS 68, 604",create,11,1,written,,
4864,Q2166158,"Cuneiform Tablet BagM 22, 114, W 24021,18a",create,10,1,written,,
311330,Q2166159,Cuneiform Tablet YBC 11053,create,10,1,written,,
347550,Q2166160,"Cuneiform Tablet OECT 15, 208",create,9,1,written,,
242430,Q2166161,"Cuneiform Tablet ARET 03, 238",create,10,1,written,,
289534,Q2166162,Cuneiform Tablet NBC 10800,create,11,1,written,,
101904,Q1988898,"Cuneiform Tablet ASJ 02, 003 01",update,4,8,written,,
500428,Q2166163,"Cuneiform Tablet New MCT, §13.5",create,8,1,written,,
556248,Q2166164,"Cuneiform Tablet Qatna Studien 3, TT12",create,9,0,written,,
554275,Q2166165,Cuneiform Tablet Cyr. 147,create,10,1,written,,
103939,Q1992984,"Cuneiform Tablet AUCT 2, 121",update,4,7,written,,
478078,Q2166166,Cuneiform Artifact CDLI Seals 011284 (physical),create,9,1,written,,
405548,Q2166167,Cuneiform Tablet WML 51.63.091 (1985.354.4 ?),create,7,1,written,,
340295,Q2166168,"Cuneiform Tablet BPOA 01, 1640",create,11,1,written,,
213595,Q2166169,"Cuneiform Tablet ITT 1, 01128",create,10,1,written,,
274851,Q2166170,Cuneiform Tablet P274851,create,7,1,written,,
534874,Q1365914,"Cuneiform Tablet AKT 6b, 397",update,6,6,written,,
371931,Q2166171,"Cuneiform Tablet VS 06, 036",create,8,1,written,,
293569,Q2166172,Cuneiform Tablet NBC 01560,create,11,1,written,,
460018,Q2166173,Cuneiform Tablet FLP 1510,create,9,1,written,,
518448,Q2166174,Cuneiform Tablet STUBM 116,create,11,1,written,,
436678,Q2166175,"Cuneiform Tablet KBo 22, 206",create,10,1,written,,
560680,Q2166176,Cuneiform Tablet BM 017539,create,9,1,written,,
137565,Q2054259,"Cuneiform Tablet UET 3, 1240",update,4,8,written,,
296291,Q2166177,"Cuneiform Tablet YOS 13, 197",create,10,2,written,,
396409,Q2166178,Cuneiform Tablet K 06250,create,10,1,written,,
565178,Q2166179,Cuneiform Tablet Babylonian Horoscopes no. 19,create,8,1,written,,
433180,Q2166180,Cuneiform Tablet X.3.208 unpublished assigned,create,8,1,written,,
369951,Q2166181,"Cuneiform Tablet MDP 27, 208",create,9,1,written,,
1735,Q2166182,"Cuneiform Tablet ATU 6, pl. 006, W 10614+",create,10,1,written,,
371198,Q2166183,"Cuneiform Artifact VS 01, 039b",create,9,1,written,,
104655,Q1994366,"Cuneiform Tablet AUCT 3, 446",update,4,7,written,,
533718,Q2166184,Cuneiform Artifact CDLI Seals 003535.3 (composite),create,7,0,written,,
429974,Q2166185,Cuneiform Tablet IMJ 69.074.0284,create,10,1,written,,
106668,Q2000839,"Cuneiform Tablet BIN 05, 234",update,4,8,written,,
3708,Q2166186,"Cuneiform Tablet ATU 7, pl. 060, W 20493,1",create,9,1,written,,
227160,Q2166187,"Cuneiform Artifact RIME 3/2.01.02.039, ex. 07",create,11,1,written,,
271700,Q2166188,"Cuneiform Tablet Emar 6/1, p. 370, Msk 74146u",create,9,1,written,,
103190,Q1991469,"Cuneiform Tablet AUCT 1, 345",update,4,7,written,,
587311,Q2166189,Cuneiform Tablet BM 068096,create,9,1,written,,
449375,Q2166190,Cuneiform Tablet CUNES 49-04-078,create,9,1,written,,
222698,Q2166191,"Cuneiform Artifact RIME 1.01.05.01, ex. 01",create,11,1,written,,
374660,Q1987654,"Cuneiform Tablet Nisaba 18, 076",update,4,8,written,,
119964,Q1967598,"Cuneiform Tablet MVN 18, 603",update,4,8,written,,
530837,Q2166192,Cuneiform Tablet Royal archive Iluni no. 17,create,10,1,written,,
434645,Q2166193,"Cuneiform Tablet IBoT 04, 304",create,10,1,written,,
309350,Q2166194,"Cuneiform Tablet YOS 12, 234",create,10,1,written,,
291554,Q2011234,"Cuneiform Tablet BPOA 07, 1852",update,4,8,written,,
567145,Q2166195,Cuneiform Tablet BM 041367,create,8,1,written,,
531725,Q892715,Cuneiform Tablet Elamica 11,update,4,7,written,,
394434,Q2166196,"Cuneiform Tablet BAM 6, 538",create,11,1,written,,
501393,Q2166197,"Cuneiform Tablet TCTI 3, 05253",create,11,1,written,,
499597,Q2166198,"Cuneiform Tablet KAL 02, 038",create,11,1,written,,
452493,Q2166199,Cuneiform Tablet P452493,create,10,1,written,,
133526,Q2166200,Cuneiform Tablet TÉL 020,create,11,1,written,,
435957,Q2166201,"Cuneiform Tablet KBo 17, 071 + KBo 39, 243",create,10,1,written,,
118676,Q2166202,"Cuneiform Tablet MVN 16, 0628",create,11,1,written,,
270812,Q1984897,Cuneiform Tablet P270812,update,4,7,written,,
375972,Q2166203,Cuneiform Tablet BM 098422,create,11,1,written,,
315373,Q2166204,Cuneiform Tablet TJA UMM H 42,create,9,1,written,,
827,Q2166205,"Cuneiform Tablet ATU 5, pl. 014, W 6738,h",create,10,1,written,,
343513,Q2030315,"Cuneiform Tablet CDLI Literary 000763, ex. 009",update,4,8,written,,
388417,Q1360339,Cuneiform Tablet RC 1521,update,5,7,written,,
210213,Q2008603,"Cuneiform Tablet BPOA 06, 0421",update,4,8,written,,
506456,Q2166206,"Cuneiform Tablet Nisaba 34, 0055",create,10,1,written,,
368643,Q2166207,"Cuneiform Tablet CT 25, pl. 42, K 13706",create,11,1,written,,
428666,Q2166208,Cuneiform Artifact P428666,create,8,1,written,,
403536,Q2166209,Cuneiform Tablet K 18310,create,10,1,written,,
246473,Q2166210,Cuneiform Tablet P246473,create,10,1,written,,
476436,Q2166211,Cuneiform Artifact CDLI Seals 009695 (physical),create,7,1,written,,
285147,Q2166212,"Cuneiform Tablet BAM 1, 047",create,8,1,written,,
455356,Q2166213,Cuneiform Artifact CDLI Seals 002646 (composite),create,10,0,written,,
573556,Q2166214,Cuneiform Tablet BM 061550,create,11,1,written,,
561992,Q2166215,Cuneiform Tablet BM 032367+,create,9,1,written,,
514892,Q2051360,"Cuneiform Tablet CUSAS 40, 0108",update,4,7,written,,
105947,Q1999427,"Cuneiform Tablet BIN 03, 141",update,4,8,written,,
420256,Q2166216,Cuneiform Tablet K 22107,create,10,1,written,,
525336,Q2166217,"Cuneiform Tablet Sumer 14, 003-078 no. 17",create,11,1,written,,
380027,Q2007046,"Cuneiform Tablet PPAC 5, 1463",update,4,8,written,,
233573,Q2166218,"Cuneiform Artifact RIME 3/1.01.07.037, ex. 0822",create,11,1,written,,
496662,Q2166219,"Cuneiform Tablet FM 09, 036",create,11,1,written,,
593702,Q2166220,Cuneiform Tablet BM 076901,create,9,1,written,,
360273,Q1360403,"Cuneiform Tablet TPAK 1, 063",update,5,6,written,,
300872,Q2166221,Cuneiform Tablet NBC 09756,create,10,1,written,,
574293,Q2166222,Cuneiform Tablet BM 053165,create,7,1,written,,
110246,Q2063449,Cuneiform Tablet HLC 376 (pl. 047),update,4,8,written,,
205912,Q2006046,Cuneiform Tablet BM 027832,update,4,8,written,,
117583,Q2166223,"Cuneiform Artifact MVN 13, 810",create,11,1,written,,
336413,Q2022185,Cuneiform Tablet RMA 081g,update,4,8,written,,
545937,Q2166224,Cuneiform Artifact CDLI Seals 023608 (physical),create,8,1,written,,
440857,Q2166225,"Cuneiform Tablet KBo 44, 077",create,10,1,written,,
282682,Q1926110,"Cuneiform Tablet JCS 07, 148 - 176, 02",update,4,6,written,,
20068,Q2062780,"Cuneiform Tablet VS 14, 053",update,4,8,written,,
427593,Q2166226,"Cuneiform Tablet MDP 57, 02",create,7,1,written,,
558606,Q2166227,Cuneiform Tablet BM 048075,create,8,1,written,,
304098,Q1989235,"Cuneiform Tablet Nisaba 27, 166",update,4,8,written,,
257798,Q2166228,Cuneiform Tablet CBS 00352,create,9,1,written,,
125108,Q2001119,"Cuneiform Tablet OrSP 47-49, 218",update,4,8,written,,
512045,Q2166229,Cuneiform Tablet Dar. 463,create,11,1,written,,
417125,Q2166230,Cuneiform Tablet ROM 910x209.313,create,9,1,written,,
441745,Q2166231,"Cuneiform Tablet KBo 47, 112",create,10,1,written,,
301760,Q2166232,"Cuneiform Tablet BiMes 11, no. 245",create,11,1,written,,
544625,Q2166233,Cuneiform Tablet TA 1931 T0220,create,9,0,written,,
248894,Q1970826,"Cuneiform Tablet AAICAB 1/2, pl. 150, 1971-382",update,4,8,written,,
279330,Q2166234,Cuneiform Tablet N 4471,create,11,1,written,,
357100,Q2166235,"Cuneiform Tablet BSOAS 20, 263",create,11,2,written,,
546618,Q2166236,Cuneiform Artifact CDLI Seals 024095 (physical),create,9,1,written,,
539315,Q2166237,Cuneiform Artifact CDLI Seals 018493 (physical),create,8,1,written,,
510078,Q2166238,"Cuneiform Tablet MHET 2/5, 701",create,10,1,written,,
252060,Q2166239,"Cuneiform Tablet MSCT 1, 061, MS 3048",create,8,1,written,,
415118,Q2166240,"Cuneiform Tablet UET 5, 0230",create,10,1,written,,
468428,Q2166241,Cuneiform Tablet U 18810,create,8,1,written,,
559914,Q2166242,Cuneiform Tablet BM 029794,create,9,1,written,,
127135,Q2008748,"Cuneiform Tablet Princeton 1, 446",update,4,8,written,,
443778,Q2166243,"Cuneiform Tablet KUB 03, 039",create,10,1,written,,
446080,Q2166244,"Cuneiform Tablet KUB 40, 024",create,10,1,written,,
592810,Q2166245,Cuneiform Tablet BM 074883,create,9,1,written,,
515780,Q2053071,"Cuneiform Tablet CUSAS 40, 0996",update,4,7,written,,
9305,Q2166246,"Cuneiform Tablet MDP 26S, 5205",create,10,1,written,,
497970,Q2166247,Cuneiform Tablet P497970,create,8,1,written,,
142936,Q1968124,"Cuneiform Tablet MVN 20, 003",update,4,8,written,,
201402,Q2009738,"Cuneiform Tablet Princeton 2, 403",update,4,8,written,,
228295,Q1970510,Cuneiform Tablet N 4622,update,4,8,written,,
20592,Q894905,"Cuneiform Tablet TMH 05, 178",update,5,7,written,,
304562,Q2166248,Cuneiform Tablet YBC 02000,create,8,1,written,,
439077,Q2166249,"Cuneiform Tablet KBo 36, 057",create,10,1,written,,
257262,Q2026596,"Cuneiform Tablet CDLI Literary 000381, ex. 032",update,4,8,written,,
352302,Q2166250,"Cuneiform Tablet ARM 21, 300",create,11,1,written,,
399206,Q2166251,Cuneiform Tablet K 11292,create,10,1,written,,
423883,Q2166252,Cuneiform Tablet MAH 15901,create,9,1,written,,
541427,Q2166253,Cuneiform Artifact CDLI Seals 020589 (physical),create,9,1,written,,
444547,Q2166254,"Cuneiform Tablet KUB 20, 024 +? KUB 58, 038",create,10,1,written,,
412327,Q2166255,"Cuneiform Tablet CTMMA 3, 049",create,11,1,written,,
517247,Q1990438,"Cuneiform Tablet Nisaba 33, 50",update,4,7,written,,
602913,Q2166256,"Cuneiform Tablet Boivin, Babil 3, no. 20 (N9: 1)",create,9,1,written,,
379052,Q2166257,Cuneiform Tablet BM 087878,create,10,1,written,,
109067,Q2166258,Cuneiform Tablet DAS 353,create,11,1,written,,
577846,Q2166259,Cuneiform Tablet BM 052890,create,9,1,written,,
237863,Q2021916,Cuneiform Tablet RMA 030,update,4,8,written,,
443282,Q2166260,"Cuneiform Tablet KBo 54, 174",create,10,1,written,,
510582,Q1893822,"Cuneiform Tablet AbB 12, 058",update,4,8,written,,
472926,Q2166261,Cuneiform Artifact CDLI Seals 006671 (physical),create,10,2,written,,
122337,Q2166262,"Cuneiform Tablet NRVN 1, 121",create,11,1,written,,
332903,Q1936283,"Cuneiform Tablet MHET 3 1/2, 062",update,4,7,written,,
233089,Q2166263,"Cuneiform Artifact RIME 3/1.01.07.037, ex. 0338",create,11,1,written,,
113893,Q1946743,"Cuneiform Tablet MVN 03, 333",update,4,8,written,,
141619,Q2166264,"Cuneiform Tablet UTI 6, 3621",create,11,1,written,,
360789,Q1360947,Cuneiform Tablet Fs Alp 23 3,update,5,6,written,,
569858,Q2166265,Cuneiform Tablet BM 044941,create,8,1,written,,
117079,Q1959052,"Cuneiform Tablet MVN 13, 307",update,4,8,written,,
365071,Q2166266,Cuneiform Tablet LBAT 0987,create,10,1,written,,
260111,Q2166267,Cuneiform Tablet CBS 03739,create,9,1,written,,
596500,Q2166268,Cuneiform Artifact BM 082535,create,10,1,written,,
236771,Q2002905,"Cuneiform Tablet BIN 10, 227",update,4,7,written,,
333611,Q2166269,Cuneiform Tablet ILAJ III 65,create,9,1,written,,
458564,Q2166270,Cuneiform Artifact CDLI Seals 005854 (composite),create,10,0,written,,
318541,Q2166271,Cuneiform Tablet BM 019026,create,11,1,written,,
576754,Q2166272,Cuneiform Tablet BM 051708,create,8,1,written,,
112781,Q1934744,"Cuneiform Tablet MCS 4, 107 AOTc 140",update,4,8,written,,
493460,Q2166273,Cuneiform Tablet P493460,create,7,1,written,,
385225,Q2166274,"Cuneiform Tablet OECT 10, 212",create,9,1,written,,
473634,Q2166275,Cuneiform Artifact CDLI Seals 007379 (physical),create,8,1,written,,
574769,Q2166276,Cuneiform Tablet BM 069999,create,7,1,written,,
509259,Q2166277,Cuneiform Artifact CDLI Seals 012888 (composite),create,9,0,written,,
425054,Q2166278,"Cuneiform Tablet Rm 2, 314",create,9,1,written,,
282378,Q1981921,"Cuneiform Tablet AfO 10, 39, 85",update,4,6,written,,
471609,Q2166279,"Cuneiform Artifact RINBE 1, Nebuchadnezzar II nn, ex. nn",create,11,1,written,,
422791,Q2166280,Cuneiform Tablet BM 128017,create,7,1,written,,
10124,Q2166281,"Cuneiform Tablet OIP 099, 135",create,11,1,written,,
571091,Q2166282,Cuneiform Tablet BM 047598,create,7,1,written,,
387218,Q2166283,"Cuneiform Tablet TCL 13, 153",create,10,1,written,,
522109,Q2166284,Cuneiform Artifact CDLI Seals 015535 (physical),create,8,1,written,,
404709,Q2166285,Cuneiform Tablet K 19953,create,10,1,written,,
115044,Q1951223,"Cuneiform Tablet MVN 07, 141",update,4,8,written,,
143624,Q2031352,"Cuneiform Tablet SAT 2, 0424",update,4,8,written,,
557009,Q2166286,"Cuneiform Tablet ADART 4, p. 339, BM 037407",create,8,1,written,,
501669,Q2166287,"Cuneiform Tablet TCTI 3, 05600",create,11,1,written,,
452169,Q2166288,Cuneiform Tablet P452169,create,9,1,written,,
390924,Q2008796,"Cuneiform Tablet BPOA 06, 0784",update,4,8,written,,
457691,Q2166289,Cuneiform Artifact CDLI Seals 004981 (composite),create,10,0,written,,
504191,Q2166290,Cuneiform Tablet RS 94.2573,create,9,0,written,,
295844,Q2166291,Cuneiform Tablet MLC 01067,create,10,1,written,,
297879,Q2166292,Cuneiform Tablet NBC 04857,create,11,1,written,,
246189,Q2166293,Cuneiform Tablet P246189,create,10,1,written,,
136724,Q2052594,"Cuneiform Tablet UET 3, 0402",update,4,8,written,,
419838,Q2166294,Cuneiform Tablet K 21569,create,10,1,written,,
239484,Q2166295,Cuneiform Tablet K 16842,create,10,1,written,,
268521,Q2166296,Cuneiform Tablet CBS 13480,create,11,1,written,,
315689,Q2166297,Cuneiform Tablet BM 013116,create,11,1,written,,
503654,Q2166298,Cuneiform Tablet RS 17.0367,create,9,0,written,,
392919,Q2166299,Cuneiform Tablet KTT 284,create,10,1,written,,
450154,Q2166300,Cuneiform Tablet CUNES 59-01-001,create,9,1,written,,
406734,Q2166301,Cuneiform Tablet SM 1909.05.653,create,11,1,written,,
215011,Q1933068,"Cuneiform Tablet MAD 1, 057",update,4,7,written,,
528504,Q2166302,Cuneiform Artifact CDLI Seals 016450 (physical),create,8,1,written,,
555034,Q2166303,Cuneiform Artifact BM 084699,create,10,1,written,,
310171,Q2166304,Cuneiform Tablet YBC 09449,create,11,1,written,,
347803,Q2166305,"Cuneiform Tablet MSL SS 1, 081",create,8,1,written,,
258197,Q2166306,Cuneiform Tablet CBS 00743,create,9,1,written,,
289867,Q2166307,Cuneiform Artifact YBC 16983,create,11,1,written,,
346711,Q2055890,"Cuneiform Tablet UET 6, 0674",update,4,7,written,,
293093,Q2166308,"Cuneiform Tablet YOS 19, 028",create,11,1,written,,
242963,Q2166309,"Cuneiform Tablet ARET 03, 767",create,10,1,written,,
4537,Q2166310,"Cuneiform Tablet HD: W 22102,9f",create,9,1,written,,
101457,Q1986459,"Cuneiform Tablet AnOr 07, 162",update,4,8,written,,
456983,Q2166311,Cuneiform Artifact CDLI Seals 004273 (composite),create,10,0,written,,
562347,Q2166312,Cuneiform Tablet BM 033584 (+) BM 033636 + BM 033855,create,10,1,written,,
407826,Q2166313,"Cuneiform Tablet BagM 21, 581, no. 16",create,11,1,written,,
391636,Q2166314,"Cuneiform Tablet OIP 122, 119",create,9,1,written,,
565482,Q2166315,Cuneiform Tablet Ismail diss. no. 001,create,11,0,written,,
436382,Q2166316,"Cuneiform Tablet KBo 20, 100",create,10,1,written,,
209032,Q2166317,"Cuneiform Tablet Nisaba 09, 324",create,11,1,written,,
502946,Q2166318,Cuneiform Tablet Fs Walker 122,create,8,1,written,,
294756,Q2166319,Cuneiform Artifact GCBC 00862,create,8,1,written,,
582113,Q2166320,Cuneiform Tablet BM 061917,create,9,1,written,,
431447,Q2166322,"Cuneiform Artifact RIME 4.01.04.07, ex. 11",create,11,1,written,,
274502,Q2037662,"Cuneiform Tablet SpTU 5, 282",update,4,7,written,,
371462,Q2166323,"Cuneiform Tablet VS 03, 170",create,11,1,written,,
137836,Q2054796,"Cuneiform Tablet UET 3, 1510",update,4,8,written,,
549017,Q2166324,Cuneiform Artifact CDLI Seals 026375 (physical),create,8,1,written,,
586853,Q2166325,Cuneiform Tablet BM 067562,create,9,1,written,,
479393,Q1893779,"Cuneiform Tablet CT 33, pl. 25, BM 097325",update,4,8,written,,
106392,Q2000288,"Cuneiform Tablet BIN 03, 585",update,4,8,written,,
344686,Q2166326,Cuneiform Tablet PRAK A 394,create,8,1,written,,
217186,Q2039794,"Cuneiform Tablet STTI 1, 141",update,4,7,written,,
118226,Q1964971,"Cuneiform Tablet MVN 14, 0546",update,4,8,written,,
308812,Q2166327,Cuneiform Tablet YBC 07895,create,10,2,written,,
448837,Q2166328,"Cuneiform Tablet Nisaba 19, 133",create,11,1,written,,
550666,Q2166329,"Cuneiform Tablet OLA 233, no. 106",create,11,1,written,,
129982,Q2036437,Cuneiform Tablet SNAT 221,update,4,8,written,,
368213,Q2166330,"Cuneiform Tablet Isin 3, 111, IB 1625",create,10,1,written,,
506006,Q2166331,Cuneiform Tablet RBC 02630,create,6,1,written,,
419992,Q2166332,Cuneiform Tablet K 21757,create,10,1,written,,
455706,Q2166333,Cuneiform Artifact CDLI Seals 002996 (composite),create,10,0,written,,
315723,Q2004389,"Cuneiform Tablet PPAC 5, 0107",update,4,8,written,,
210643,Q2166334,"Cuneiform Tablet BPOA 06, 0885",create,11,1,written,,
343143,Q2166335,"Cuneiform Tablet CDLI Literary needed, ex. nn ?",create,10,1,written,,
246023,Q2166336,Cuneiform Tablet P246023,create,10,1,written,,
403166,Q2166337,Cuneiform Tablet K 17879,create,10,1,written,,
428236,Q2166338,"Cuneiform Artifact RINBE 1, Nebuchadnezzar II nn, ex. nn",create,9,1,written,,
436228,Q2166339,"Cuneiform Tablet KUB 23, 082 +? KUB 21, 047 + KBo 19, 058",create,10,1,written,,
388047,Q2166340,"Cuneiform Tablet RA 086, 103-105 2",create,11,1,written,,
293139,Q2166341,Cuneiform Tablet NBC 06223,create,11,1,written,,
460448,Q2166342,Cuneiform Tablet FLP 2030,create,8,1,written,,
396059,Q2166343,Cuneiform Tablet K 05647,create,10,1,written,,
533348,Q2166344,Cuneiform Artifact CDLI Seals 002054.03 (composite),create,7,0,written,,
325395,Q1990204,"Cuneiform Tablet Nisaba 32, 159",update,3,7,written,,
211951,Q2061715,"Cuneiform Tablet Hermitage 3, 279",update,4,8,written,,
565528,Q2166345,Cuneiform Tablet Ismail diss. no. 047,create,11,0,written,,
314831,Q2166346,"Cuneiform Tablet CT 55, 439",create,10,1,written,,
580084,Q2166347,Cuneiform Tablet BM 059021,create,10,1,written,,
418680,Q2166348,Cuneiform Tablet K 20222,create,10,1,written,,
104205,Q1993510,"Cuneiform Tablet AUCT 2, 387",update,4,7,written,,
276495,Q2028533,"Cuneiform Tablet CDLI Literary 000619, ex. 066",update,4,8,written,,
454814,Q2166349,Cuneiform Artifact CDLI Seals 002104 (composite),create,10,0,written,,
551974,Q2166350,Cuneiform Tablet Dar. 96,create,9,1,written,,
1365,Q2166351,"Cuneiform Tablet ATU 5, pl. 076, W 9579,dr",create,10,1,written,,
106238,Q1999985,"Cuneiform Tablet BIN 03, 431",update,4,8,written,,
553949,Q2166352,Cuneiform Tablet Nbn. 46,create,10,1,written,,
209198,Q2166353,"Cuneiform Tablet BPOA 01, 0112",create,11,1,written,,
434215,Q2166354,"Cuneiform Tablet IBoT 02, 097",create,10,1,written,,
456829,Q2166355,Cuneiform Artifact CDLI Seals 004119 (composite),create,10,0,written,,
3358,Q2166356,"Cuneiform Tablet IM 064919,b",create,10,1,written,,
291104,Q2011428,"Cuneiform Tablet BPOA 07, 1898",update,4,8,written,,
309700,Q2166357,"Cuneiform Tablet YOS 03, 173",create,11,1,written,,
462475,Q2166358,Cuneiform Tablet CST 270,create,10,1,written,,
394064,Q2166359,"Cuneiform Artifact RINAP 5/1 Ashurbanipal 011, ex. 057",create,11,1,written,,
567515,Q2166361,Cuneiform Tablet BM 042476,create,8,1,written,,
128690,Q2025607,Cuneiform Tablet SA 080,update,4,7,written,,
345994,Q2166362,"Cuneiform Tablet CT 18, pl. 11-14, K 00169 + K 13658",create,11,1,written,,
449725,Q2166363,Cuneiform Tablet CUNES 51-03-101,create,8,1,written,,
227530,Q893873,"Cuneiform Tablet RIME 2.01.05.04, ex. 01",update,5,6,written,,
531375,Q2166364,Cuneiform Tablet Textes Scolaires 134,create,9,1,written,,
271350,Q2166365,"Cuneiform Tablet Emar 6/1, p. 153-154, Msk 731077a +",create,9,1,written,,
587741,Q2166366,Cuneiform Tablet BM 068636,create,9,1,written,,
526849,Q1928967,"Cuneiform Tablet KAL 08, 058",update,4,6,written,,
322450,Q2043991,"Cuneiform Tablet CUSAS 03, 1041",update,4,7,written,,
423929,Q2166367,Cuneiform Tablet MAH 15956,create,9,1,written,,
539745,Q2166368,Cuneiform Artifact CDLI Seals 018927 (physical),create,7,1,written,,
374230,Q1987448,"Cuneiform Tablet Nisaba 17, 102",update,4,8,written,,
20438,Q2047026,"Cuneiform Tablet TMH 05, 024",update,4,8,written,,
357550,Q1370915,"Cuneiform Tablet TCL 14, 60",update,5,7,written,,
252430,Q2166369,"Cuneiform Tablet MSCT 16, 126",create,9,1,written,,
544275,Q2166370,Cuneiform Tablet LB 5042 (unpublished),create,10,1,written,,
204250,Q2166371,Cuneiform Tablet BM 024495,create,11,1,written,,
330894,Q2166372,Cuneiform Tablet IM 061521,create,11,1,written,,
111904,Q1926339,"Cuneiform Tablet JCS 10, 030 10",update,4,7,written,,
125558,Q2166373,"Cuneiform Tablet PDT 1, 0141",create,11,1,written,,
299534,Q2166374,Cuneiform Tablet NBC 08091,create,11,1,written,,
417575,Q2166375,"Cuneiform Tablet MARV 9, 104",create,11,1,written,,
468078,Q2166376,Cuneiform Tablet U 05606,create,7,0,written,,
113939,Q1946953,"Cuneiform Tablet MVN 03, 379",update,4,8,written,,
546248,Q2166377,Cuneiform Artifact CDLI Seals 023885 (physical),create,9,1,written,,
279760,Q2166378,Cuneiform Tablet N 5650,create,9,1,written,,
441315,Q2166379,"Cuneiform Tablet KBo 46, 004",create,10,1,written,,
421914,Q2166380,Cuneiform Tablet BM 098670,create,7,1,written,,
510428,Q2166381,Cuneiform Tablet BDHP 52,create,10,1,written,,
415548,Q2166382,"Cuneiform Tablet UET 5, 0676",create,10,1,written,,
600884,Q2166383,Cuneiform Tablet BM 100914,create,10,1,written,,
203595,Q2166384,Cuneiform Artifact BM 022135,create,11,1,written,,
361931,Q2166385,"Cuneiform Tablet Nisaba 33, 901",create,11,1,written,,
443328,Q2166386,"Cuneiform Tablet KBo 54, 220",create,10,1,written,,
127565,Q2011008,"Cuneiform Tablet RA 009, 054 SA 222",update,4,7,written,,
350295,Q2166388,"Cuneiform Tablet ARM 11, 152",create,11,1,written,,
558256,Q2166389,Cuneiform Tablet BM 043882,create,8,1,written,,
496232,Q2166390,"Cuneiform Tablet MDP 09, 232",create,11,1,written,,
593352,Q2166391,Cuneiform Tablet BM 076418,create,9,1,written,,
233123,Q2166392,"Cuneiform Artifact RIME 3/1.01.07.037, ex. 0372",create,11,1,written,,
420606,Q2166393,Cuneiform Tablet SMUI 1913.14.0224,create,8,1,written,,
285517,Q2166394,Cuneiform Tablet KAV 041,create,8,1,written,,
601796,Q2166395,Cuneiform Tablet BM 101942,create,10,1,written,,
218273,Q2029607,"Cuneiform Tablet SANTAG 7, 198",update,4,8,written,,
360623,Q1360785,"Cuneiform Tablet AKT 3, 014",update,5,6,written,,
476066,Q2166396,Cuneiform Artifact CDLI Seals 009325 (physical),create,9,1,written,,
278872,Q2166397,Cuneiform Tablet N 3900,create,10,1,written,,
8847,Q2166398,"Cuneiform Tablet MDP 26, 159",create,10,1,written,,
380477,Q2007453,"Cuneiform Tablet PPAC 5, 1675",update,4,8,written,,
594497,Q2166399,Cuneiform Tablet BM 078658,create,10,1,written,,
538857,Q2166400,Cuneiform Artifact CDLI Seals 018035 (physical),create,7,1,written,,
573106,Q2166401,Cuneiform Tablet BM 050174,create,9,1,written,,
331786,Q1983476,"Cuneiform Tablet Nisaba 05/2, 123",update,5,7,written,,
525766,Q2166402,"Cuneiform Tablet ARM 33, 103",create,11,1,written,,
262086,Q2166403,"Cuneiform Tablet PBS 08/2, 106",create,10,1,written,,
141249,Q2166404,"Cuneiform Tablet UTI 5, 3230",create,11,1,written,,
514938,Q2051474,"Cuneiform Tablet CUSAS 40, 0154",update,4,7,written,,
385675,Q2166405,"Cuneiform Tablet OECT 13, 146",create,10,1,written,,
318111,Q2166406,Cuneiform Tablet BM 018506,create,11,1,written,,
117429,Q1960571,"Cuneiform Tablet MVN 13, 656",update,4,8,written,,
265743,Q2166407,Cuneiform Tablet CBS 10540,create,9,1,written,,
520564,Q2166408,Cuneiform Tablet KTU3 4.426,create,10,1,written,,
139081,Q2058100,"Cuneiform Tablet UET 9, 0951",update,4,8,written,,
280715,Q2166409,Cuneiform Tablet N 6966,create,8,1,written,,
576304,Q2166410,Cuneiform Tablet BM 051201,create,9,1,written,,
207885,Q2166411,Cuneiform Tablet BM 023946,create,11,1,written,,
473264,Q2166412,Cuneiform Artifact CDLI Seals 007009 (physical),create,9,1,written,,
365421,Q2166413,"Cuneiform Tablet CT 19, pl. 42-43, K 00247",create,10,1,written,,
236321,Q2002385,"Cuneiform Tablet BIN 09, 311",update,4,7,written,,
458134,Q2166414,Cuneiform Artifact CDLI Seals 005424 (composite),create,10,0,written,,
596150,Q2166415,Cuneiform Tablet BM 081764,create,10,1,written,,
425404,Q2166416,"Cuneiform Tablet CT 20, pl. 09, Sm 0418",create,9,1,written,,
493030,Q2012389,"Cuneiform Tablet RA 074, 112 61",update,3,8,written,,
260541,Q2166417,Cuneiform Tablet CBS 04224,create,8,1,written,,
574339,Q2166418,Cuneiform Tablet BM 053474,create,8,1,written,,
123875,Q1997741,"Cuneiform Tablet OIP 121, 145",update,4,8,written,,
282728,Q1926201,"Cuneiform Tablet JCS 07, 148 - 176, 47",update,4,6,written,,
522559,Q1928192,"Cuneiform Tablet Kahramanmaraş'ta Bulunmuş Yeni Asurca Tabletler, 14",update,4,7,written,,
387648,Q2059177,"Cuneiform Tablet Fs Lenoble 166, no. 25",update,4,8,written,,
121848,Q1980537,"Cuneiform Tablet Nik 2, 165",update,5,7,written,,
471259,Q2166419,Cuneiform Tablet PTS 3167,create,9,1,written,,
10574,Q2022192,"Cuneiform Tablet CDLI Lexical 000027, ex. 001",update,4,8,written,,
509609,Q2166420,"Cuneiform Tablet FAOS 02, 061",create,10,1,written,,
267284,Q2166421,Cuneiform Tablet CBS 12646,create,10,1,written,,
409091,Q2166422,"Cuneiform Tablet HSS 15, 317h",create,10,1,written,,
353840,Q2166423,"Cuneiform Tablet ARM 25, 101",create,11,1,written,,
256920,Q2025760,"Cuneiform Tablet CDLI Literary 000369, ex. 012",update,4,8,written,,
591695,Q2166424,Cuneiform Tablet BM 073153,create,9,1,written,,
398944,Q2166425,Cuneiform Tablet Multabiltu no. 065,create,11,1,written,,
143274,Q2030688,"Cuneiform Tablet SAT 2, 0075",update,4,8,written,,
603251,Q2166426,"Cuneiform Tablet CM 13, no. 19",create,9,1,written,,
412777,Q2166427,Cuneiform Tablet BM 100140,create,10,1,written,,
115414,Q1952987,"Cuneiform Tablet MVN 08, 023",update,4,8,written,,
379402,Q2166428,Cuneiform Tablet BM 088334,create,10,1,written,,
444117,Q2166429,"Cuneiform Tablet KUB 09, 026",create,10,1,written,,
413865,Q2005073,"Cuneiform Tablet PPAC 5, 0465",update,4,8,written,,
590987,Q2166430,Cuneiform Tablet BM 072295,create,9,1,written,,
304132,Q1989289,"Cuneiform Tablet Nisaba 27, 193",update,4,8,written,,
201052,Q2009096,"Cuneiform Tablet Princeton 2, 054",update,4,8,written,,
352752,Q2166431,"Cuneiform Tablet ARM 22, 306",create,11,1,written,,
439427,Q2166432,"Cuneiform Tablet KBo 38, 171",create,10,1,written,,
257632,Q2166433,Cuneiform Tablet CBS 00067,create,10,1,written,,
355097,Q2166434,"Cuneiform Tablet ARM 26/2, 540",create,11,1,written,,
468582,Q2166435,"Cuneiform Tablet UET 8/1, 0066a",create,8,1,written,,
399656,Q2166436,Cuneiform Tablet AAT pl. 73 (K 12150),create,10,1,written,,
109437,Q2060345,Cuneiform Tablet Georgica 5.12,update,4,8,written,,
206797,Q2166437,Cuneiform Tablet BM 024151,create,11,1,written,,
122767,Q1993759,Cuneiform Tablet NYPL 229,update,4,8,written,,
281807,Q2166438,"Cuneiform Tablet BAM 1, 005",create,10,1,written,,
585286,Q2166439,Cuneiform Tablet BM 065657,create,9,1,written,,
384967,Q2166440,"Cuneiform Tablet OECT 06, pl. 20, K 04962",create,9,1,written,,
4167,Q2166441,Cuneiform Tablet IM 134639,create,10,1,written,,
273697,Q2166442,Cuneiform Tablet TCVC 765,create,9,1,written,,
320197,Q2166443,Cuneiform Tablet BM 022993,create,11,1,written,,
582543,Q2166444,Cuneiform Tablet BM 062416,create,9,1,written,,
549447,Q2166445,Cuneiform Artifact CDLI Seals 026689 (physical),create,6,1,written,,
562717,Q2166446,Cuneiform Tablet BM 035256,create,7,1,written,,
371032,Q2166447,"Cuneiform Tablet Umm el-Qaab 1, 036",create,9,1,written,,
101007,Q1985579,"Cuneiform Tablet AnOr 01, 016",update,4,8,written,,
391266,Q2166448,Cuneiform Artifact OIM A01507 + OIM A01531,create,9,1,written,,
294306,Q2166449,"Cuneiform Tablet GCCI 2, 017",create,10,1,written,,
479669,Q2166450,"Cuneiform Tablet FM 03, 146",create,11,1,written,,
452539,Q2166451,Cuneiform Tablet P452539,create,10,1,written,,
274152,Q2166452,"Cuneiform Artifact Subartu 12, 177",create,10,1,written,,
467677,Q2166453,Cuneiform Tablet P467677,create,9,1,written,,
404359,Q2166454,Cuneiform Tablet K 19548,create,10,1,written,,
209462,Q1999376,"Cuneiform Tablet Ontario 2, 135",update,4,8,written,,
557459,Q2166455,Cuneiform Tablet BM 036412,create,8,1,written,,
563805,Q2166456,Cuneiform Tablet BM 038429,create,8,1,written,,
501239,Q2166457,"Cuneiform Tablet TCTI 3, 05034",create,11,1,written,,
341484,Q2166458,"Cuneiform Tablet ARM 08, 006",create,11,1,written,,
561838,Q2166459,Cuneiform Tablet BM 031934,create,9,1,written,,
466965,Q2166460,"Cuneiform Artifact RINAP 3/2 Sennacherib 203, ex. 001",create,11,1,written,,
136374,Q2051925,"Cuneiform Tablet UET 3, 0058",update,4,8,written,,
243221,Q2166461,"Cuneiform Tablet ARET 12, 0051",create,10,1,written,,
326940,Q2046644,"Cuneiform Tablet CUSAS 14, 198",update,4,7,written,,
134349,Q894769,"Cuneiform Tablet TMH NF 1-2, 037",update,5,7,written,,
406364,Q2166462,Cuneiform Tablet SM 1909.05.198,create,11,1,written,,
215441,Q1934569,"Cuneiform Tablet MC 4, 16",update,4,7,written,,
346341,Q2055591,"Cuneiform Tablet UET 6, 0271",update,4,7,written,,
528154,Q2166463,"Cuneiform Tablet Chagar Bazar 3, 145",create,11,1,written,,
272985,Q2166464,"Cuneiform Tablet ARM 02, 074 + M 09640",create,11,1,written,,
268171,Q2166465,"Cuneiform Tablet PBS 01/2, 061",create,11,1,written,,
442610,Q2166466,"Cuneiform Tablet KBo 50, 086",create,10,1,written,,
310521,Q1893588,"Cuneiform Tablet YNER 04, 050",update,4,8,written,,
450504,Q2166467,"Cuneiform Artifact RINAP 4 Esarhaddon 106, ex. 002",create,10,1,written,,
503204,Q2028505,"Cuneiform Tablet SANTAG 09, 229",update,4,8,written,,
414070,Q2166468,Cuneiform Tablet LKA 162,create,11,1,written,,
329565,Q2166469,Cuneiform Tablet CUNES 48-02-204,create,7,1,written,,
555464,Q2166470,Cuneiform Tablet BM 063409,create,11,1,written,,
207755,Q2166471,Cuneiform Tablet BM 027109,create,11,1,written,,
251135,Q2166472,"Cuneiform Tablet CUSAS 09, 013",create,9,1,written,,
302635,Q2166473,Cuneiform Tablet NCBT 00582,create,11,1,written,,
511110,Q2166474,"Cuneiform Tablet AbB 05, 164",create,11,1,written,,
547770,Q2166475,Cuneiform Artifact CDLI Seals 025195 (physical),create,9,1,written,,
469540,Q2040228,"Cuneiform Tablet Sumer 55, 058 08",update,4,8,written,,
354055,Q2166476,"Cuneiform Tablet ARM 25, 316",create,11,1,written,,
353790,Q2166477,"Cuneiform Tablet ARM 25, 051",create,11,1,written,,
496818,Q2166478,"Cuneiform Tablet FM 11, 087",create,11,1,written,,
593978,Q2166479,Cuneiform Tablet BM 077582,create,10,1,written,,
124060,Q1998102,"Cuneiform Tablet OIP 121, 330",update,4,8,written,,
591945,Q2166480,Cuneiform Tablet BM 073473,create,9,1,written,,
398694,Q2166481,Cuneiform Tablet BL 054,create,10,1,written,,
200090,Q1981021,"Cuneiform Tablet Nisaba 01, 036",update,4,8,written,,
253108,Q2166482,Cuneiform Tablet MS 4011,create,8,1,written,,
494825,Q2166483,"Cuneiform Tablet MDP 10, 51 061",create,10,1,written,,
542088,Q2166484,Cuneiform Artifact CDLI Seals 021250 (physical),create,8,1,written,,
387998,Q1985502,"Cuneiform Tablet Nisaba 15, 0395",update,4,7,written,,
205768,Q2004053,Cuneiform Tablet BM 020755,update,4,8,written,,
278258,Q2166485,Cuneiform Tablet N 3206,create,11,1,written,,
300608,Q2166486,Cuneiform Tablet NBC 09441,create,10,1,written,,
356068,Q2166487,"Cuneiform Artifact Nisaba 18, 177",create,11,1,written,,
526263,Q2166488,"Cuneiform Tablet ABAW 143, 145",create,10,1,written,,
383172,Q2166489,"Cuneiform Tablet OIP 092, 0486",create,10,1,written,,
602293,Q2166490,Cuneiform Tablet BM 114603,create,11,1,written,,
570403,Q2166491,Cuneiform Tablet BM 046338+,create,8,1,written,,
475563,Q2166492,Cuneiform Artifact CDLI Seals 008823 (physical),create,10,1,written,,
348076,Q2166493,Cuneiform Tablet AlT 109,create,10,1,written,,
423303,Q2166494,Cuneiform Tablet BM 134784,create,7,1,written,,
286012,Q2166495,"Cuneiform Tablet CT 51, 151",create,9,1,written,,
121798,Q1980515,"Cuneiform Tablet Nik 2, 115",update,5,7,written,,
495737,Q2166496,Cuneiform Tablet Sb 07391,create,7,1,written,,
399986,Q2166497,"Cuneiform Tablet Šumma izbu no. 4, K 12681",create,10,1,written,,
590657,Q2166498,Cuneiform Tablet BM 071771,create,9,1,written,,
335546,Q1980726,Cuneiform Tablet ADD 0631,update,4,8,written,,
303927,Q2166499,Cuneiform Tablet NCBT 01887,create,10,1,written,,
408053,Q2166500,Cuneiform Artifact SM 1949.03.002,create,9,1,written,,
261583,Q2166501,"Cuneiform Tablet BE 09, 023",create,10,1,written,,
363326,Q1995445,"Cuneiform Tablet BagM Beih. 02, 062",update,4,7,written,,
230426,Q2017540,Cuneiform Tablet CBS 06808,update,4,7,written,,
352882,Q2166502,"Cuneiform Tablet ARM 23, 094",create,11,1,written,,
206847,Q2166503,Cuneiform Tablet BM 024625,create,10,1,written,,
597192,Q2166504,Cuneiform Tablet BM 083656,create,10,1,written,,
113313,Q1943868,"Cuneiform Tablet MVN 02, 014",update,5,7,written,,
332283,Q1927461,"Cuneiform Tablet JCS 54, 012, 79",update,4,8,written,,
138043,Q2055202,"Cuneiform Tablet UET 3, 1717",update,4,8,written,,
546862,Q2166505,Cuneiform Artifact CDLI Seals 024299 (physical),create,8,1,written,,
145573,Q2066046,"Cuneiform Tablet Iraq 62, 054 JRL 1080",update,4,8,written,,
533962,Q2166506,Cuneiform Artifact CDLI Seals 004746.1 (composite),create,7,0,written,,
130473,Q2040061,Cuneiform Tablet STU 47,update,4,8,written,,
443902,Q2166507,"Cuneiform Tablet KUB 04, 068",create,10,1,written,,
436802,Q2166508,"Cuneiform Tablet KBo 23, 097 + KBo 23, 097",create,10,1,written,,
376827,Q2166509,Cuneiform Tablet BM 110936,create,10,1,written,,
245526,Q2166510,Cuneiform Tablet P245526,create,10,1,written,,
529196,Q2166511,Cuneiform Artifact CDLI Seals 016346 (physical),create,6,1,written,,
214483,Q2166512,"Cuneiform Tablet ITT 2, 04698",create,10,1,written,,
106812,Q2003160,"Cuneiform Tablet BJRL 64, 101 18",update,4,8,written,,
213346,Q2064391,"Cuneiform Tablet HSS 10, 080",update,4,7,written,,
316226,Q2166513,Cuneiform Tablet BM 014974,create,11,1,written,,
340446,Q2166514,"Cuneiform Tablet BPOA 01, 1791",create,11,1,written,,
273947,Q2166515,Cuneiform Tablet Smith College 405,create,7,1,written,,
578033,Q2166516,Cuneiform Tablet BM 053088,create,9,1,written,,
238016,Q1973027,Cuneiform Tablet ABL 0326,update,4,8,written,,
3972,Q2166517,Cuneiform Tablet IM 073467,create,10,1,written,,
400463,Q2166518,Cuneiform Tablet K 13775,create,10,1,written,,
598267,Q2166519,Cuneiform Tablet BM 084514,create,10,1,written,,
505503,Q2166520,Cuneiform Tablet YBC 16660,create,7,1,written,,
553363,Q2166521,Cuneiform Tablet Nbn. 712,create,10,1,written,,
2660,Q2166522,Cuneiform Tablet IM 046046,create,10,1,written,,
583581,Q2166523,Cuneiform Tablet BM 063460,create,9,1,written,,
275190,Q2166524,"Cuneiform Artifact RIME 3/1.01.07.037, ex. add1194",create,9,1,written,,
107700,Q2034138,Cuneiform Tablet CST (JRL) 188,update,4,8,written,,
456203,Q2166525,Cuneiform Artifact CDLI Seals 003493 (composite),create,10,0,written,,
326690,Q2166526,"Cuneiform Tablet CUSAS 30, 285",create,9,1,written,,
323168,Q2048354,"Cuneiform Tablet CUSAS 23, 092",update,4,7,written,,
586279,Q2166527,Cuneiform Tablet BM 066819,create,9,1,written,,
375708,Q2166528,Cuneiform Tablet BM 109723,create,11,1,written,,
270668,Q2166529,"Cuneiform Tablet CUSAS 15, 036",create,8,1,written,,
308238,Q2166530,Cuneiform Tablet YBC 07272,create,11,1,written,,
519520,Q2166532,"Cuneiform Artifact RIME 4.01.10.01, ex. add11",create,10,1,written,,
321155,Q2035204,"Cuneiform Tablet Sefarad 64, 405",update,4,8,written,,
532670,Q2166533,Cuneiform Tablet SPAB 208,create,11,1,written,,
226008,Q2166534,"Cuneiform Tablet OIP 099, 264",create,10,1,written,,
272655,Q2166535,Cuneiform Tablet Fowler X77-289,create,9,1,written,,
224035,Q2166536,Cuneiform Tablet OBTR 203,create,11,1,written,,
584244,Q2166537,Cuneiform Tablet BM 064318,create,10,1,written,,
564010,Q2166538,Cuneiform Tablet BM 038773,create,7,1,written,,
397561,Q2166539,"Cuneiform Tablet BPO 2, text 09 K",create,10,1,written,,
368839,Q2166540,Cuneiform Tablet TMN Ist Ni 04811,create,10,1,written,,
377735,Q2166541,Cuneiform Tablet BM 112558,create,10,1,written,,
259505,Q2166542,"Cuneiform Tablet BE 15, 062",create,10,1,written,,
437710,Q2166543,"Cuneiform Tablet KBo 29, 084",create,10,1,written,,
292401,Q1973919,Cuneiform Tablet NBC 00636,update,4,8,written,,
586783,Q2166544,Cuneiform Tablet BM 067483,create,9,1,written,,
392299,Q2166545,"Cuneiform Artifact RINAP 5/1 Ashurbanipal 009, ex. 047",create,11,1,written,,
464688,Q2166546,"Cuneiform Artifact RIMA 2.0.101.113, ex. 60",create,11,1,written,,
461170,Q2006608,Cuneiform Tablet BM 038411,update,3,7,written,,
241836,Q2166547,Cuneiform Tablet P241836,create,10,1,written,,
404973,Q2032298,"Cuneiform Tablet CDLI Literary 002701.02, ex. 011",update,4,8,written,,
102502,Q1990018,"Cuneiform Tablet ASJ 12, 041 10",update,5,7,written,,
344956,Q2166548,Cuneiform Tablet PRAK C 082,create,8,1,written,,
323492,Q2166549,"Cuneiform Tablet CUSAS 27, 240",create,8,1,written,,
432512,Q2166550,"Cuneiform Tablet AOAT 003, 30",create,11,1,written,,
501813,Q2166551,"Cuneiform Tablet TCTI 3, 06004",create,11,1,written,,
129652,Q2166552,Cuneiform Tablet SET 242,create,9,1,written,,
297603,Q2166553,"Cuneiform Tablet YOS 16, NBC 04584",create,11,1,written,,
359667,Q1369482,"Cuneiform Tablet ICK 2, 079",update,5,6,written,,
537472,Q2166554,"Cuneiform Tablet OIP 65, 48",create,11,0,written,,
464372,Q2166555,Cuneiform Artifact KHM SEM 1093,create,8,1,written,,
392763,Q2166556,Cuneiform Artifact KTT 128,create,10,1,written,,
561212,Q2166557,Cuneiform Tablet BM 029635,create,9,1,written,,
221237,Q2057080,Cuneiform Tablet DP 587,update,4,8,written,,
134963,Q2048721,Cuneiform Tablet TRU 199,update,4,7,written,,
324357,Q2044466,"Cuneiform Tablet CUSAS 03, 1338",update,4,7,written,,
581046,Q2166558,Cuneiform Tablet BM 060252,create,10,1,written,,
419642,Q2166559,Cuneiform Tablet K 21343,create,10,1,written,,
372537,Q2166560,"Cuneiform Tablet VS 09, 003",create,10,1,written,,
389085,Q2166561,Cuneiform Tablet LB 0617,create,9,1,written,,
210993,Q2166562,Cuneiform Tablet YBC 15222,create,11,1,written,,
342181,Q1995581,"Cuneiform Tablet BagM Beih. 02, 127",update,5,7,written,,
393871,Q2166563,Cuneiform Tablet K 01277,create,10,1,written,,
130189,Q2036629,Cuneiform Tablet SNAT 429,update,4,8,written,,
347679,Q2166564,"Cuneiform Artifact OECT 15, 337",create,10,1,written,,
211681,Q2028762,"Cuneiform Tablet SANTAG 6, 099",update,4,8,written,,
358975,Q1359593,"Cuneiform Tablet CCT 6, 32, BM 115235",update,5,6,written,,
135671,Q2050044,Cuneiform Tablet TUT 099a,update,4,8,written,,
269449,Q2166565,Cuneiform Artifact CDLI Seals 001136 (physical),create,7,1,written,,
311019,Q2166566,Cuneiform Tablet YBC 10734,create,11,1,written,,
242719,Q2166567,"Cuneiform Tablet ARET 03, 523",create,10,1,written,,
405661,Q2166568,Cuneiform Tablet SM 1891.11.043,create,10,1,written,,
556161,Q2166569,"Cuneiform Tablet dubsar 11, pl. 32",create,10,1,written,,
214179,Q2166570,"Cuneiform Tablet ITT 2, 04350",create,10,1,written,,
453001,Q1936500,Cuneiform Tablet MRAH O.5019,update,3,8,written,,
500701,Q2166571,"Cuneiform Tablet Sumer 04, 112-113",create,10,1,written,,
345644,Q894803,"Cuneiform Tablet CDLI Literary 000592, ex. 001",update,5,7,written,,
338374,Q2038896,"Cuneiform Tablet STT 1, 056",update,5,6,written,,
478351,Q2166572,Cuneiform Artifact CDLI Seals 011557 (physical),create,10,1,written,,
313024,Q2166573,"Cuneiform Tablet MARV 4, 092",create,9,1,written,,
216144,Q2001920,"Cuneiform Tablet OSP 1, 129",update,4,8,written,,
240724,Q2166574,"Cuneiform Tablet ARET 10, 093",create,10,1,written,,
553699,Q2166575,"Cuneiform Tablet PIHANS 86, pl. 26",create,11,1,written,,
587891,Q2166576,Cuneiform Tablet BM 068807,create,10,1,written,,
128940,Q2027186,"Cuneiform Tablet SACT 1, 185",update,4,8,written,,
235624,Q2061126,Cuneiform Tablet USC 6813,update,4,8,written,,
330744,Q2166577,Cuneiform Tablet IM 059982,create,11,1,written,,
539895,Q2166578,Cuneiform Artifact CDLI Seals 019077 (physical),create,7,1,written,,
263044,Q2166579,Cuneiform Tablet CBS 08150,create,10,1,written,,
595455,Q2166580,Cuneiform Tablet BM 080314,create,10,1,written,,
248314,Q2166581,Cuneiform Tablet HMA 9-02587,create,10,1,written,,
400199,Q2166582,Cuneiform Tablet K 13270,create,10,1,written,,
283210,Q2166583,Cuneiform Tablet VAT 19904,create,8,1,written,,
426101,Q2166584,Cuneiform Tablet Sm 1775,create,9,1,written,,
508331,Q2166585,Cuneiform Tablet BC.038003,create,11,1,written,,
366124,Q2166586,"Cuneiform Tablet CT 39, pl. 23-24, Rm 2, 138 +",create,8,1,written,,
470761,Q2166587,Cuneiform Tablet PTS 2663,create,9,1,written,,
386370,Q2036016,"Cuneiform Tablet CT 12, pl. 20, BM 038189+",update,4,5,written,,
383488,Q2166588,"Cuneiform Tablet OIP 092, 0802",create,10,1,written,,
526799,Q1906800,"Cuneiform Tablet AS 16, 48",update,4,7,written,,
575601,Q2166589,Cuneiform Tablet BM 050323,create,9,1,written,,
602769,Q2166590,Cuneiform Tablet BM 017017,create,10,1,written,,
475099,Q2166591,Cuneiform Artifact CDLI Seals 008322 (physical),create,9,1,written,,
600754,Q2166592,Cuneiform Tablet BM 100776,create,10,1,written,,
592390,Q2166593,Cuneiform Tablet BM 074009,create,9,1,written,,
337081,Q2038387,"Cuneiform Tablet StAT 2, 273",update,4,8,written,,
140771,Q2166594,"Cuneiform Tablet UTI 4, 2752",create,11,1,written,,
559294,Q2166595,Cuneiform Tablet BM 029034,create,11,1,written,,
568930,Q2166596,Cuneiform Tablet BM 043777,create,8,1,written,,
228915,Q2059581,Cuneiform Tablet UM 55-21-350,update,4,8,written,,
492508,Q2166597,"Cuneiform Tablet ZA 99, 56 AO 7033",create,7,1,written,,
332779,Q2166598,Cuneiform Tablet CUNES 48-08-225,create,8,1,written,,
116111,Q1955731,"Cuneiform Tablet MVN 11, 097",update,5,7,written,,
145089,Q2034227,"Cuneiform Tablet SAT 3, 1889",update,4,8,written,,
261079,Q2166599,"Cuneiform Tablet PBS 01/2, 032",create,11,1,written,,
237619,Q2166600,Cuneiform Tablet BM 098694,create,10,1,written,,
364119,Q2166601,Cuneiform Tablet LBAT 1335 + 1344,create,10,1,written,,
265893,Q2166602,Cuneiform Tablet CBS 10688a,create,7,1,written,,
597468,Q2166603,Cuneiform Tablet BM 083964,create,10,1,written,,
319429,Q2166604,Cuneiform Tablet BM 021367,create,11,1,written,,
307437,Q2166605,Cuneiform Tablet YBC 06402,create,10,1,written,,
351257,Q2166606,"Cuneiform Tablet ARM 13, 067",create,11,1,written,,
202557,Q2166607,Cuneiform Tablet BM 100396,create,11,1,written,,
569622,Q2166608,Cuneiform Tablet BM 044681,create,8,1,written,,
542572,Q2166609,Cuneiform Artifact CDLI Seals 021718 (physical),create,9,1,written,,
141863,Q2060074,Cuneiform Tablet UNT 033,update,4,8,written,,
601846,Q2166610,Cuneiform Tablet BM 102019,create,11,1,written,,
589476,Q2166611,Cuneiform Tablet BM 070443,create,9,1,written,,
254337,Q2166612,"Cuneiform Tablet ARM 01, 136",create,11,1,written,,
447412,Q2166613,"Cuneiform Tablet KUB 57, 035",create,10,1,written,,
229607,Q1937644,"Cuneiform Tablet MSL 13, 041, CBS 10294",update,4,7,written,,
514312,Q2038641,"Cuneiform Tablet StAT 3, 094",update,4,8,written,,
8797,Q2166614,"Cuneiform Tablet MDP 26, 109",create,10,1,written,,
471873,Q2166615,"Cuneiform Tablet ARM 30, p. 353 M 05260",create,11,1,written,,
574913,Q2166616,Cuneiform Tablet BM 072082,create,8,1,written,,
538787,Q2166617,Cuneiform Artifact CDLI Seals 017963 (physical),create,9,1,written,,
205292,Q2166618,Cuneiform Tablet BM 029837,create,11,1,written,,
331856,Q1983584,"Cuneiform Tablet Nisaba 05/2, 193",update,5,7,written,,
121262,Q1973092,Cuneiform Tablet NATN 564,update,4,8,written,,
234936,Q1930207,Cuneiform Tablet KM 89151,update,4,8,written,,
356592,Q2026816,"Cuneiform Tablet CDLI Literary 000395, ex. 037",update,4,8,written,,
114086,Q1947582,"Cuneiform Tablet MVN 04, 134",update,4,8,written,,
266616,Q2166619,Cuneiform Tablet MUN 098,create,10,1,written,,
408403,Q2166620,"Cuneiform Tablet HSS 13, 184",create,10,1,written,,
230076,Q2066277,Cuneiform Tablet Ist Ni 03355,update,4,6,written,,
590207,Q2166621,Cuneiform Tablet BM 071270,create,9,1,written,,
363776,Q2166622,Cuneiform Tablet LBAT 0150,create,11,1,written,,
335116,Q1979871,Cuneiform Tablet ADD 0165,update,4,7,written,,
383522,Q2166623,"Cuneiform Tablet OIP 092, 0836",create,10,1,written,,
570053,Q2166624,Cuneiform Tablet BM 045148,create,8,1,written,,
495367,Q2166625,Cuneiform Tablet P495367,create,8,1,written,,
348426,Q2036757,"Cuneiform Tablet SpTU 1, 005",update,4,6,written,,
526633,Q2166626,"Cuneiform Tablet ABAW 143, 531",create,10,1,written,,
424096,Q2166627,"Cuneiform Tablet TJDB pl. 29, MAH 16202",create,11,1,written,,
286442,Q2166628,Cuneiform Tablet NBC 10139,create,10,1,written,,
423753,Q2166629,"Cuneiform Artifact RIME 4.04.01.04, ex. add079",create,9,1,written,,
475133,Q2166630,Cuneiform Artifact CDLI Seals 008356 (physical),create,9,1,written,,
281387,Q2166631,Cuneiform Tablet N 7659,create,8,1,written,,
138413,Q2056746,"Cuneiform Tablet UET 9, 0282",update,4,8,written,,
207305,Q2166632,Cuneiform Tablet BM 028340,create,11,1,written,,
113743,Q1946069,"Cuneiform Tablet MVN 03, 183",update,4,8,written,,
577796,Q2166633,Cuneiform Tablet BM 052836,create,9,1,written,,
319583,Q2058832,"Cuneiform Tablet From the 21st Century BC, p. 217",update,4,8,written,,
251565,Q2166634,Cuneiform Tablet MS 2343,create,8,1,written,,
302265,Q2166635,Cuneiform Tablet NCBT 00212,create,11,1,written,,
442240,Q2166636,"Cuneiform Tablet KBo 49, 011",create,10,1,written,,
145123,Q2034307,"Cuneiform Tablet SAT 3, 1923",update,4,8,written,,
576884,Q2166637,Cuneiform Tablet BM 051846,create,9,1,written,,
112851,Q1934842,"Cuneiform Tablet MCS 7, 23 Liv 51 63 94",update,4,8,written,,
329135,Q2047467,"Cuneiform Tablet CUSAS 20, 043",update,4,6,written,,
360859,Q1372386,Cuneiform Tablet KTK 007,update,6,6,written,,
414420,Q2166638,Cuneiform Tablet Herzberuhigungsklagen pl. 62,create,11,1,written,,
569788,Q2166639,Cuneiform Tablet BM 044860,create,7,1,written,,
547320,Q2166640,Cuneiform Artifact CDLI Seals 024748 (physical),create,9,1,written,,
511540,Q2166641,Cuneiform Artifact CDLI Seals 013063 (physical),create,11,1,written,,
422841,Q2166642,Cuneiform Artifact BM 128079,create,10,1,written,,
265939,Q2166643,Cuneiform Tablet CBS 10734,create,10,1,written,,
362864,Q2166644,Cuneiform Tablet PUL Ex 2378,create,10,1,written,,
378090,Q2005695,"Cuneiform Tablet PPAC 5, 0785",update,4,8,written,,
527921,Q2166645,Cuneiform Tablet BM 098015,create,10,1,written,,
205338,Q2166646,Cuneiform Tablet BM 029651,create,11,1,written,,
253558,Q2166647,Cuneiform Tablet MS 4405,create,8,1,written,,
300258,Q2166648,Cuneiform Tablet NBC 08948,create,10,1,written,,
445585,Q2166649,"Cuneiform Tablet KUB 35, 068",create,10,1,written,,
516285,Q2054028,"Cuneiform Tablet CUSAS 40, 1501",update,4,7,written,,
278608,Q2166650,Cuneiform Tablet N 3584,create,11,1,written,,
2230,Q2166651,"Cuneiform Tablet ATU 6, pl. 062, W 15769,a",create,10,1,written,,
552821,Q2166652,"Cuneiform Tablet AOAT 398, pl. 8, O.54",create,11,1,written,,
317964,Q2166653,Cuneiform Tablet BM 018291,create,11,1,written,,
107350,Q2015947,"Cuneiform Artifact BRM 3, 149",update,4,7,written,,
599925,Q2166654,Cuneiform Tablet BM 096342,create,10,1,written,,
295794,Q2166655,Cuneiform Tablet MLC 01013,create,10,1,written,,
563385,Q2166656,Cuneiform Tablet BM 037624,create,8,1,written,,
212804,Q2001539,"Cuneiform Tablet BIN 08, 260",update,3,7,written,,
430485,Q2166657,Cuneiform Artifact CDLI Seals 000389 (composite),create,10,0,written,,
375358,Q2166658,Cuneiform Tablet BM 095572,create,11,1,written,,
457941,Q2166659,Cuneiform Artifact CDLI Seals 005231 (composite),create,10,0,written,,
308668,Q2166660,"Cuneiform Tablet YOS 13, 495",create,11,2,written,,
323538,Q2048871,"Cuneiform Tablet CUSAS 27, 047",update,3,6,written,,
270238,Q2166661,Cuneiform Artifact CDLI Seals 001302 (physical),create,9,1,written,,
586629,Q2166662,Cuneiform Tablet BM 067255,create,9,1,written,,
292051,Q1973929,Cuneiform Tablet NBC 00881,update,4,8,written,,
124430,Q1998784,"Cuneiform Tablet Ontario 1, 017",update,4,8,written,,
532220,Q2166663,"Cuneiform Tablet Mesopotamia 20, 034, 042 HY 204",create,10,1,written,,
397131,Q2166664,Cuneiform Tablet K 07245,create,10,1,written,,
564440,Q2166665,Cuneiform Tablet BM 039485,create,8,1,written,,
226458,Q2166666,"Cuneiform Artifact RIME 3/2.01.02.010, ex. 01",create,11,1,written,,
461520,Q2166667,Cuneiform Tablet DIA 19.024.22,create,9,1,written,,
503984,Q2166668,Cuneiform Tablet RS 25.0136,create,9,0,written,,
100495,Q1983709,Cuneiform Tablet Aleppo 163,update,4,8,written,,
272205,Q2166669,"Cuneiform Tablet Emar 6/1, p. 205-206, Msk 7470+74206a",create,9,1,written,,
259155,Q2003557,"Cuneiform Tablet PBS 12, 05",update,4,7,written,,
315959,Q2166670,Cuneiform Tablet BM 014401,create,10,1,written,,
437340,Q2166671,"Cuneiform Tablet KBo 27, 059",create,10,1,written,,
584614,Q2166672,Cuneiform Tablet BM 064797,create,9,1,written,,
130023,Q2036505,Cuneiform Tablet SNAT 263,update,4,8,written,,
210839,Q2166673,Cuneiform Tablet YBC 15022,create,10,1,written,,
480866,Q2166674,Cuneiform Tablet BM 047602,create,11,1,written,,
481774,Q2166675,"Cuneiform Tablet CT 52, 025",create,11,1,written,,
377365,Q2166676,Cuneiform Tablet BM 112383,create,10,1,written,,
224465,Q2040925,"Cuneiform Tablet CTN 5, ND 2695",update,4,8,written,,
238446,Q2166677,"Cuneiform Tablet CT 19, pl. 10, K 05434b",create,11,1,written,,
585906,Q2166678,Cuneiform Tablet BM 066364,create,9,1,written,,
502696,Q2166679,Cuneiform Artifact CDLI Seals 012575 (physical),create,7,1,written,,
400033,Q2166680,Cuneiform Tablet AMT pl. 095 04,create,11,1,written,,
451196,Q1988524,Cuneiform Artifact P451196,update,3,4,written,,
456653,Q2166681,Cuneiform Artifact CDLI Seals 003943 (composite),create,10,0,written,,
213716,Q2166682,"Cuneiform Tablet ITT 1, 01284",create,10,1,written,,
553733,Q2166683,"Cuneiform Tablet PIHANS 86, pl. 37",create,11,1,written,,
598637,Q2166684,Cuneiform Artifact BM 087360,create,10,1,written,,
294886,Q2166685,"Cuneiform Tablet YOS 13, 016",create,10,2,written,,
245176,Q1907203,Cuneiform Tablet P245176,update,4,7,written,,
340016,Q2166686,"Cuneiform Tablet BPOA 01, 1361",create,11,1,written,,
454394,Q2166687,Cuneiform Artifact CDLI Seals 001684 (composite),create,10,0,written,,
505153,Q2166688,Cuneiform Tablet YBC 15631,create,7,1,written,,
578463,Q2166689,Cuneiform Tablet BM 053693,create,9,1,written,,
560950,Q2166690,Cuneiform Tablet BM 022735,create,10,1,written,,
369681,Q2166691,Cuneiform Tablet OBTI 251,create,10,1,written,,
135221,Q2049773,Cuneiform Tablet TSU 058,update,4,8,written,,
507494,Q2166692,Cuneiform Tablet MLC 02693,create,7,1,written,,
465830,Q2166693,Cuneiform Tablet SDMM 10118,create,10,1,written,,
220975,Q2056566,Cuneiform Tablet DP 325,update,4,8,written,,
311449,Q2166694,Cuneiform Tablet YBC 11272,create,10,1,written,,
325815,Q2166695,Cuneiform Artifact CUNES 52-01-003,create,9,1,written,,
269019,Q2166696,Cuneiform Tablet CBS 13437,create,7,1,written,,
347229,Q2166697,"Cuneiform Tablet VS 24, 110",create,8,1,written,,
242349,Q2166698,"Cuneiform Tablet ARET 03, 157",create,10,1,written,,
214529,Q2166699,"Cuneiform Tablet ITT 2, 05710",create,10,1,written,,
313474,Q2036858,"Cuneiform Tablet CT 53, 059",update,4,8,written,,
345214,Q2026778,"Cuneiform Tablet CDLI Literary 000395, ex. 015",update,4,8,written,,
338724,Q2166700,Cuneiform Tablet P338724,create,10,1,written,,
500351,Q2041685,"Cuneiform Tablet CTPSM 1, 213",update,5,7,written,,
478701,Q2166701,Cuneiform Artifact CDLI Seals 011907 (physical),create,9,1,written,,
216514,Q2016387,"Cuneiform Tablet RIME 2.01.02.20, ex. 28",update,3,8,written,,
240374,Q2010076,Cuneiform Tablet PRT 060,update,4,8,written,,
498555,Q2166702,Cuneiform Tablet Sadberk Hanim Museum 30,create,10,1,written,,
453451,Q1928159,Cuneiform Tablet KADP 21,update,4,7,written,,
434995,Q2166703,"Cuneiform Tablet KBo 08, 119",create,10,1,written,,
405231,Q2028084,"Cuneiform Tablet SANER 02, 37",update,4,7,written,,
578199,Q2166704,Cuneiform Tablet BM 053307,create,8,1,written,,
308392,Q2166705,"Cuneiform Tablet YOS 03, 029",create,11,1,written,,
566187,Q2166706,Cuneiform Tablet BM 037778,create,9,1,written,,
556531,Q2166707,"Cuneiform Tablet Nisaba 21, 1110",create,10,1,written,,
435687,Q2166708,"Cuneiform Tablet KBo 14, 029",create,10,1,written,,
290596,Q2012166,"Cuneiform Tablet BPOA 07, 2087",update,4,8,written,,
129202,Q2027691,"Cuneiform Tablet SACT 2, 245",update,4,8,written,,
339836,Q2166709,"Cuneiform Tablet BPOA 01, 1181",create,11,1,written,,
102152,Q1989268,"Cuneiform Tablet ASJ 04, 110 13",update,4,8,written,,
277007,Q2166710,Cuneiform Tablet N 1893,create,9,1,written,,
479813,Q2166711,"Cuneiform Tablet FM 07, 030",create,11,1,written,,
372167,Q2166712,"Cuneiform Tablet VS 06, 272",create,7,1,written,,
105697,Q1998511,"Cuneiform Tablet BE 03/1, 146",update,4,8,written,,
464722,Q2166713,"Cuneiform Artifact RIMA 2.0.101.115, ex. 32",create,11,1,written,,
221667,Q2036416,"Cuneiform Tablet CT 50, 030",update,4,8,written,,
581416,Q2166714,Cuneiform Tablet BM 061018,create,9,1,written,,
419212,Q2166715,Cuneiform Tablet K 20838,create,10,1,written,,
324707,Q2042838,"Cuneiform Tablet CUSAS 03, 0293",update,4,7,written,,
392333,Q2166716,Cuneiform Artifact OIM A08107 + OIM A08162,create,10,1,written,,
368993,Q2166717,Cuneiform Tablet P368993,create,9,1,written,,
561642,Q2166718,Cuneiform Tablet BM 031537,create,8,1,written,,
537022,Q2166719,"Cuneiform Tablet ArAn 16/2, 299-303",create,10,1,written,,
297253,Q1974111,Cuneiform Tablet NBC 02287,update,4,8,written,,
359237,Q1359973,Cuneiform Tablet Prag 638,update,4,7,written,,
411622,Q2166720,"Cuneiform Tablet CUSAS 21, 084",create,8,1,written,,
447042,Q2166721,"Cuneiform Tablet KUB 52, 025",create,10,1,written,,
229257,Q1995025,"Cuneiform Tablet OIP 011, 145",update,4,8,written,,
307067,Q2166722,Cuneiform Artifact YBC 06031,create,10,1,written,,
542122,Q2166723,Cuneiform Artifact CDLI Seals 021284 (physical),create,8,0,written,,
351607,Q2166724,"Cuneiform Tablet ARM 19, 068",create,11,1,written,,
589026,Q2166725,Cuneiform Tablet BM 069915,create,10,1,written,,
509873,Q2166726,"Cuneiform Tablet MHET 2/4, 494",create,10,1,written,,
202107,Q2166727,Cuneiform Tablet BM 100350,create,11,1,written,,
387832,Q2166728,Cuneiform Tablet RIAA 276,create,7,1,written,,
569272,Q2166729,Cuneiform Tablet BM 044286,create,7,1,written,,
282952,Q1933699,"Cuneiform Tablet MARV 10, 04",update,4,8,written,,
513087,Q2166730,"Cuneiform Tablet OIP 043, 190 TA 1930 T498",create,10,1,written,,
249856,Q2166731,Cuneiform Tablet AUAM 73.2430,create,8,1,written,,
440787,Q2166732,"Cuneiform Tablet KBo 44, 001",create,10,1,written,,
254767,Q2166733,"Cuneiform Tablet MCT 022, NBC 07344",create,9,1,written,,
470331,Q2166734,Cuneiform Tablet PTS 2237,create,10,1,written,,
121632,Q1973743,Cuneiform Tablet NATN 935,update,4,8,written,,
248744,Q1970540,"Cuneiform Tablet AAICAB 1/2, pl. 120, 1967-1494",update,4,8,written,,
386720,Q2166735,"Cuneiform Tablet TCL 09, 046",create,10,1,written,,
575251,Q2166736,Cuneiform Tablet BM 076954,create,7,1,written,,
263414,Q2166737,"Cuneiform Artifact RIME 1.14.20.01, ex. 03",create,10,1,written,,
441895,Q2166738,"Cuneiform Tablet KBo 47, 268",create,10,1,written,,
283640,Q1994377,"Cuneiform Tablet OECT 08, 01",update,4,7,written,,
120920,Q1972544,Cuneiform Tablet NATN 222,update,4,8,written,,
111284,Q1923723,"Cuneiform Tablet ITT 3, 06237",update,4,8,written,,
490165,Q2166739,"Cuneiform Tablet BagM 20, 288 069",create,11,1,written,,
366574,Q2166740,"Cuneiform Tablet CT 56, 259",create,11,1,written,,
235274,Q2166741,Cuneiform Tablet KM 29224,create,10,1,written,,
352928,Q2166742,"Cuneiform Tablet ARM 23, 140",create,11,1,written,,
595005,Q2166743,Cuneiform Tablet BM 079464,create,10,1,written,,
602339,Q2166744,Cuneiform Tablet BM 114711,create,10,1,written,,
330314,Q2166745,Cuneiform Tablet OIM A31145,create,11,1,written,,
508761,Q2166746,Cuneiform Tablet Hussein diss. p. 191 IM 052554,create,10,1,written,,
257848,Q2166747,"Cuneiform Tablet PBS 08/2, 202",create,11,1,written,,
140321,Q2166748,"Cuneiform Tablet UTI 4, 2302",create,11,1,written,,
255875,Q2166749,Cuneiform Tablet UM 29-15-021,create,11,1,written,,
572594,Q2166750,Cuneiform Tablet Lamaštu text α,create,10,1,written,,
116541,Q1956869,"Cuneiform Tablet MVN 12, 279",update,4,8,written,,
410930,Q2166751,Cuneiform Tablet CUNES 50-03-201,create,9,1,written,,
350915,Q2166752,"Cuneiform Tablet ARM 12, 472",create,11,1,written,,
515850,Q2053216,"Cuneiform Tablet CUSAS 40, 1066",update,4,7,written,,
600304,Q2166753,Cuneiform Tablet BM 099476,create,10,1,written,,
364549,Q2166754,Cuneiform Tablet LBAT 0363,create,11,1,written,,
421294,Q2166755,Cuneiform Tablet SMUI 1913.14.1434,create,9,1,written,,
261429,Q2166756,"Cuneiform Tablet BE 10, 087",create,10,1,written,,
237249,Q2166757,Cuneiform Tablet ABL 0791,create,11,1,written,,
597038,Q2166758,Cuneiform Tablet NABU 2002/055 BM 083478,create,11,1,written,,
332329,Q1994784,"Cuneiform Tablet AuOr 19, 049, 2",update,4,7,written,,
383871,Q2166759,"Cuneiform Tablet OIP 092, 1185",create,10,1,written,,
319079,Q2166760,Cuneiform Tablet BM 019687,create,11,1,written,,
301019,Q2166761,Cuneiform Tablet NBC 09913,create,11,1,written,,
399085,Q2166762,"Cuneiform Tablet BPO 3, 277, K 11077",create,11,1,written,,
357679,Q1371043,"Cuneiform Tablet TCL 20, 113",update,5,7,written,,
408950,Q2166763,"Cuneiform Tablet HSS 15, 122",create,10,1,written,,
352181,Q2166764,"Cuneiform Tablet ARM 21, 179",create,11,1,written,,
348975,Q2166765,"Cuneiform Tablet OECT 11, 101",create,9,1,written,,
303024,Q2166766,Cuneiform Tablet NCBT 00971,create,11,1,written,,
355644,Q1926292,"Cuneiform Tablet JCS 08, 084, CNMA 10050",update,3,8,written,,
279449,Q2166767,Cuneiform Tablet N 4693,create,8,1,written,,
204179,Q2005480,"Cuneiform Tablet PPAC 5, 0675",update,4,8,written,,
125671,Q2166768,"Cuneiform Tablet PDT 1, 0255",create,11,1,written,,
252719,Q2049968,"Cuneiform Tablet CUSAS 35, 200",update,4,7,written,,
120189,Q1968033,"Cuneiform Tablet MVN 19, 088",update,4,8,written,,
597891,Q2166769,Cuneiform Tablet BM 084091,create,10,1,written,,
206144,Q2166770,"Cuneiform Tablet BPOA 01, 0194",create,11,1,written,,
443001,Q2166771,"Cuneiform Tablet KBo 53, 198",create,10,1,written,,
415661,Q2166772,"Cuneiform Tablet UET 5, 0791",create,10,1,written,,
250724,Q2166773,"Cuneiform Tablet AnOr 48, 20-22, RS 1957.1",create,8,1,written,,
546161,Q2166774,Cuneiform Artifact CDLI Seals 023832 (physical),create,9,1,written,,
543699,Q2166775,Cuneiform Tablet LB 1692 (unpublished),create,10,1,written,,
414973,Q2166776,"Cuneiform Tablet UET 5, 0069",create,11,1,written,,
510701,Q1893090,"Cuneiform Tablet AbB 12, 178",update,3,8,written,,
139652,Q2166777,"Cuneiform Tablet UTI 3, 1633",create,11,1,written,,
410199,Q2166778,Cuneiform Tablet CUNES 49-02-174,create,9,1,written,,
138940,Q2057821,"Cuneiform Tablet UET 9, 0810",update,4,8,written,,
511813,Q2166779,"Cuneiform Tablet Iraq 74, 153-165 5",create,10,1,written,,
251836,Q2027753,"Cuneiform Tablet CDLI Literary 000482, ex. 058",update,3,7,written,,
333492,Q2166780,Cuneiform Tablet ILAJ I 08,create,9,1,written,,
112502,Q2064676,"Cuneiform Tablet YNER 08, 10",update,4,8,written,,
144362,Q2032801,"Cuneiform Tablet SAT 2, 1162",update,4,8,written,,
494126,Q2166781,"Cuneiform Tablet TBER pl. 89-90, AO 26784",create,7,1,written,,
124963,Q2000850,"Cuneiform Tablet OrSP 47-49, 075",update,4,8,written,,
267457,Q2166782,"Cuneiform Tablet PBS 02/1, 157",create,10,1,written,,
596783,Q2166783,Cuneiform Tablet BM 083187,create,10,1,written,,
409642,Q2166784,Cuneiform Artifact CUNES 48-09-267,create,6,1,written,,
231237,Q1970867,Cuneiform Tablet N 5032,update,4,8,written,,
362537,Q2166785,Cuneiform Tablet PUL Ex 1090,create,11,1,written,,
260392,Q2027856,"Cuneiform Tablet CDLI Literary 000499, ex. 007",update,4,8,written,,
334357,Q1973379,Cuneiform Tablet ABL 0522,update,4,8,written,,
200993,Q1984817,Cuneiform Tablet Annuaire EPHE 1978-79 no. 3,update,4,7,written,,
422512,Q2020455,"Cuneiform Artifact RINAP 3/1 Sennacherib 004, ex. 058",update,4,8,written,,
591046,Q2166786,Cuneiform Tablet BM 072358,create,9,1,written,,
474372,Q2166787,Cuneiform Artifact CDLI Seals 007595 (physical),create,9,1,written,,
382763,Q2166788,"Cuneiform Tablet OIP 092, 0077",create,10,1,written,,
349667,Q2166789,"Cuneiform Tablet AOAT 275, 521, BM 066626",create,9,1,written,,
571212,Q2166790,Cuneiform Tablet BM 047883,create,7,1,written,,
504312,Q2166791,"Cuneiform Tablet Isin 4, 125, IB 1779",create,10,1,written,,
527472,Q2166792,Cuneiform Tablet BM 097064,create,10,1,written,,
401272,Q2166793,Cuneiform Tablet K 15259,create,10,1,written,,
457412,Q2166794,Cuneiform Artifact CDLI Seals 004702 (composite),create,10,0,written,,
239607,Q2166795,Cuneiform Tablet K 18708,create,11,1,written,,
317437,Q2166796,Cuneiform Tablet BM 016112,create,11,1,written,,
599476,Q2166797,Cuneiform Artifact BM 094957,create,10,1,written,,
579622,Q2166798,Cuneiform Tablet BM 058530,create,10,1,written,,
552572,Q2166799,Cuneiform Tablet Camb. 292,create,10,1,written,,
275893,Q2166800,Cuneiform Tablet NATN p. 55 catalogue,create,11,1,written,,
215292,Q1933465,"Cuneiform Tablet MAD 4, 132",update,3,7,written,,
212557,Q2166801,"Cuneiform Tablet ASJ 13, 183 3",create,9,1,written,,
244337,Q2166802,"Cuneiform Tablet ARET 12, 1054",create,10,1,written,,
346592,Q2166803,"Cuneiform Tablet UET 6, 0555",create,10,1,written,,
564913,Q2166804,Cuneiform Tablet BM 044864,create,8,1,written,,
224936,Q2166805,"Cuneiform Tablet TIM 07, 244",create,10,1,written,,
528787,Q2166806,Cuneiform Artifact CDLI Seals 015870 (physical),create,7,1,written,,
341257,Q2166807,"Cuneiform Tablet ARM 07, 054",create,11,1,written,,
460761,Q2166808,Cuneiform Tablet FLP 2378,create,9,1,written,,
131262,Q2030074,"Cuneiform Tablet SAT 1, 153",update,4,8,written,,
565601,Q2166809,Cuneiform Tablet Ismail diss. no. 121,create,11,0,written,,
533061,Q2166810,Cuneiform Tablet Fort. 0172-101,create,9,0,written,,
273044,Q2166811,"Cuneiform Tablet ARM 02, 137",create,11,1,written,,
293210,Q2166812,Cuneiform Tablet YBC 01607,create,11,1,written,,
436101,Q2166813,"Cuneiform Tablet KBo 18, 114",create,10,1,written,,
518331,Q2166814,Cuneiform Artifact CDLI Seals 013993 (composite),create,9,0,written,,
396370,Q2166815,Cuneiform Tablet AMT pl. 087 02 (K 06172) +,create,11,1,written,,
529895,Q2166816,"Cuneiform Tablet PIHANS 117, 093",create,11,1,written,,
536799,Q1365088,"Cuneiform Tablet AKT 11a, 064",update,7,5,written,,
480535,Q2166817,Cuneiform Tablet BM 099373,create,10,1,written,,
585455,Q2166818,Cuneiform Tablet BM 065864,create,9,1,written,,
320744,Q2166819,"Cuneiform Tablet Nisaba 08, 248",create,11,1,written,,
376124,Q1988875,"Cuneiform Tablet Nisaba 26, 091",update,4,8,written,,
225624,Q2166820,"Cuneiform Artifact RIME 4.02.13.26, ex. 03",create,10,1,written,,
393488,Q2166821,"Cuneiform Tablet HSS 09, 136",create,10,1,written,,
465099,Q2166822,"Cuneiform Artifact RIMA 3.0.102.044, ex. 012",create,11,1,written,,
327081,Q2166823,Cuneiform Tablet CUNES 52-18-818,create,9,1,written,,
582390,Q2166824,Cuneiform Tablet BM 062241,create,9,1,written,,
549294,Q2166825,Cuneiform Artifact CDLI Seals 026536 (physical),create,6,1,written,,
106111,Q1999752,"Cuneiform Tablet BIN 03, 305",update,4,8,written,,
271079,Q2166826,Cuneiform Tablet EA 071,create,9,1,written,,
578930,Q2166827,Cuneiform Tablet BM 054635,create,8,1,written,,
274781,Q2166828,"Cuneiform Tablet BagM 22, W 24064",create,11,1,written,,
309429,Q2166829,Cuneiform Tablet YBC 08591,create,10,2,written,,
322779,Q2042913,"Cuneiform Tablet CUSAS 03, 0330",update,4,7,written,,
587468,Q2166830,Cuneiform Tablet BM 068285,create,9,1,written,,
374119,Q1987308,"Cuneiform Tablet Nisaba 17, 001",update,4,8,written,,
580657,Q2166831,Cuneiform Tablet BM 059684,create,10,1,written,,
342882,Q2062479,"Cuneiform Tablet VS 02, 074",update,4,7,written,,
393172,Q2055778,Cuneiform Tablet DMNS A554.04,update,4,7,written,,
373326,Q2166832,"Cuneiform Tablet VS 22, 04",create,10,1,written,,
3071,Q2166833,"Cuneiform Tablet W 19408,36",create,10,1,written,,
560403,Q2166834,Cuneiform Tablet BM 016803,create,9,1,written,,
389986,Q2166835,Cuneiform Tablet LB 2405,create,11,1,written,,
325546,Q2048180,"Cuneiform Tablet CUSAS 23, 004",update,4,7,written,,
536263,Q1364517,"Cuneiform Tablet AKT 8, 128",update,5,6,written,,
296012,Q2166836,Cuneiform Tablet MLC 01245,create,10,1,written,,
433303,Q2166837,Cuneiform Tablet X.3.331 unpublished assigned,create,7,1,written,,
465563,Q2166838,Cuneiform Tablet CG 94-23-032,create,10,1,written,,
128043,Q2012501,"Cuneiform Tablet RA 076, 070",update,4,7,written,,
453902,Q1985707,"Cuneiform Tablet Nisaba 15, 0527",update,4,7,written,,
358076,Q1371491,"Cuneiform Tablet TMH 01, 09a",update,5,6,written,,
556862,Q2166839,"Cuneiform Tablet ADART 4, p. 129, BM 032972",create,8,1,written,,
271583,Q2166840,"Cuneiform Tablet Emar 6/1, p. 307, Msk 74122t",create,9,1,written,,
498806,Q1362357,"Cuneiform Tablet AKT 6a, 002",update,4,8,written,,
313927,Q2166841,"Cuneiform Tablet CT 53, 514",create,11,1,written,,
216847,Q2166842,Cuneiform Artifact CDLI Seals 001434 (physical),create,9,1,written,,
6273,Q2166843,Cuneiform Tablet MS 3881,create,9,1,written,,
587192,Q2166844,Cuneiform Tablet BM 067938,create,9,1,written,,
322283,Q2166845,Cuneiform Tablet CUNES 47-12-065,create,9,1,written,,
241135,Q2166846,Cuneiform Tablet P241135,create,10,1,written,,
103313,Q1991718,"Cuneiform Tablet AUCT 1, 468",update,4,7,written,,
217755,Q1924298,"Cuneiform Tablet ITT 4, 07335",update,4,7,written,,
479540,Q2166847,"Cuneiform Tablet FM 03, 005",create,11,1,written,,
501110,Q2166848,"Cuneiform Tablet TCTI 3, 04840",create,11,1,written,,
344055,Q2166849,Cuneiform Tablet PRAK B 239,create,8,1,written,,
312635,Q2166850,"Cuneiform Tablet Mayr dissertation, unpubl.",create,11,1,written,,
557770,Q2166851,Cuneiform Tablet BM 040280,create,8,1,written,,
452610,Q2166852,Cuneiform Tablet P452610,create,10,1,written,,
404070,Q2166853,Cuneiform Tablet K 19141,create,10,1,written,,
339565,Q2166854,"Cuneiform Tablet BPOA 01, 0909",create,11,1,written,,
552088,Q2166855,Cuneiform Tablet Nbn. 375,create,10,1,written,,
583978,Q2166856,Cuneiform Tablet BM 063926,create,11,1,written,,
401788,Q2166857,Cuneiform Tablet K 16144,create,10,1,written,,
208859,Q2166858,"Cuneiform Tablet BPOA 02, 2597",create,11,1,written,,
388694,Q2166859,Cuneiform Tablet LB 0149,create,10,1,written,,
134060,Q2045747,"Cuneiform Tablet TIM 06, 55",update,4,8,written,,
210090,Q2166860,"Cuneiform Tablet BPOA 06, 0019",create,11,1,written,,
215768,Q1955121,"Cuneiform Tablet MVN 10, 137",update,4,6,written,,
131798,Q2041511,Cuneiform Tablet Tavolette 013,update,4,8,written,,
243108,Q2166861,"Cuneiform Tablet ARET 03, 912",create,10,1,written,,
310608,Q2166862,"Cuneiform Tablet YOS 14, 189",create,10,1,written,,
346068,Q2166863,"Cuneiform Tablet CT 18, pl. 38, Rm 2,37",create,11,1,written,,
581945,Q2166864,Cuneiform Tablet BM 061706,create,10,1,written,,
397998,Q2166865,Cuneiform Tablet K 09260,create,10,1,written,,
265190,Q2166866,Cuneiform Tablet CBS 09895,create,11,1,written,,
141160,Q2166867,"Cuneiform Tablet UTI 5, 3141",create,11,1,written,,
558485,Q2166868,Cuneiform Tablet BM 046150,create,9,1,written,,
336690,Q2026074,"Cuneiform Tablet SAA 11, 048",update,4,8,written,,
318238,Q2166869,Cuneiform Tablet BM 018653,create,11,1,written,,
117700,Q1961523,"Cuneiform Tablet MVN 14, 0019",update,4,8,written,,
365708,Q2166870,"Cuneiform Tablet CT 22, pl. 42, 231",create,10,1,written,,
144698,Q2033463,"Cuneiform Tablet SAT 3, 1498",update,4,8,written,,
593581,Q2166871,Cuneiform Tablet BM 076747,create,11,1,written,,
333168,Q2011076,"Cuneiform Tablet RA 009, 077-078",update,3,7,written,,
596279,Q2166872,Cuneiform Artifact BM 081912,create,10,1,written,,
260668,Q2166873,Cuneiform Tablet CBS 04351,create,8,1,written,,
601145,Q2166874,Cuneiform Tablet BM 101204,create,10,1,written,,
282401,Q1981965,"Cuneiform Tablet AfO 10, 44, 108",update,4,6,written,,
522670,Q1929046,"Cuneiform Tablet KAM 11, 011",update,5,5,written,,
493319,Q1987025,Cuneiform Tablet AO 11147 unpublished assigned,update,4,8,written,,
387561,Q2166875,"Cuneiform Tablet CUSAS 21, 230",create,8,1,written,,
427710,Q2166876,"Cuneiform Artifact RINBE 1, Nebuchadnezzar II nn, ex. nn",create,9,1,written,,
471170,Q2166877,Cuneiform Tablet PTS 3078,create,9,1,written,,
236008,Q2166878,Cuneiform Tablet P236008,create,10,1,written,,
574010,Q2166879,"Cuneiform Tablet OBO 260, no. 593",create,11,1,written,,
367735,Q2166880,"Cuneiform Tablet CT 57, 0594",create,11,1,written,,
509520,Q2166881,Cuneiform Tablet Gautier Dilbat 36,create,10,1,written,,
234035,Q2166882,"Cuneiform Artifact RIME 3/1.01.07.041, ex. 109",create,11,1,written,,
262655,Q2018176,Cuneiform Tablet CBS 07654,update,3,7,written,,
603178,Q2166883,Cuneiform Tablet Auctionzip no. 1,create,10,1,written,,
331155,Q1982537,"Cuneiform Tablet Nisaba 05/1, 093",update,5,7,written,,
249505,Q2166884,"Cuneiform Tablet AUCT 5, 062",create,9,1,written,,
594244,Q2166885,Cuneiform Tablet BM 078047,create,9,1,written,,
491324,Q2166886,"Cuneiform Tablet É-dub-ba-a 07, 045",create,10,1,written,,
527188,Q1996704,"Cuneiform Tablet BATSH 6, 063",update,5,8,written,,
378839,Q2166887,Cuneiform Tablet BM 087634,create,10,1,written,,
474688,Q2166888,Cuneiform Artifact CDLI Seals 007911 (physical),create,10,1,written,,
382299,Q2042306,"Cuneiform Tablet TCBI 1, 047",update,4,6,written,,
120473,Q1969011,"Cuneiform Tablet MVN 21, 236",update,4,8,written,,
204483,Q2166889,Cuneiform Tablet BM 025484,create,11,1,written,,
263947,Q2166890,Cuneiform Tablet CBS 06279,create,7,1,written,,
539196,Q2166891,Cuneiform Artifact CDLI Seals 018374 (physical),create,7,1,written,,
357383,Q1370758,"Cuneiform Tablet TCL 04, 048",update,5,7,written,,
366827,Q2166892,"Cuneiform Tablet CT 56, 512",create,11,1,written,,
523962,Q2166893,Cuneiform Tablet 1114.4100000000001 unpublished assigned,create,10,1,written,,
410463,Q2166894,Cuneiform Tablet CUNES 49-03-190,create,9,1,written,,
588267,Q2166895,Cuneiform Tablet BM 069047,create,9,1,written,,
9186,Q2166896,"Cuneiform Tablet MDP 26S, 0340",create,10,1,written,,
515503,Q2052546,"Cuneiform Tablet CUSAS 40, 0719",update,4,7,written,,
228016,Q1995074,"Cuneiform Tablet OIP 011, 177",update,4,8,written,,
446203,Q2166897,"Cuneiform Tablet KUB 42, 030",create,10,1,written,,
203346,Q2166898,Cuneiform Tablet BM 023789,create,11,1,written,,
543363,Q2166899,Cuneiform Artifact TA 1934 0010a,create,8,0,written,,
337982,Q2166900,Cuneiform Tablet OIM A05614,create,11,1,written,,
255526,Q2166901,Cuneiform Tablet UM 29-13-595,create,10,1,written,,
306226,Q2166902,"Cuneiform Tablet SCCNH 01, 384-385, 412 04",create,10,1,written,,
568033,Q2166903,Cuneiform Tablet BM 041886,create,9,1,written,,
144732,Q2033531,"Cuneiform Tablet SAT 3, 1532",update,4,8,written,,
139202,Q2058342,"Cuneiform Tablet UET 9, 1072",update,4,8,written,,
469813,Q2166904,Cuneiform Tablet RLM 5L,create,10,1,written,,
116812,Q1957855,"Cuneiform Tablet MVN 13, 039",update,4,8,written,,
350446,Q2166905,"Cuneiform Tablet ARM 12, 003",create,11,1,written,,
112152,Q1926877,"Cuneiform Tablet JCS 35, 191 3",update,4,7,written,,
422142,Q2166906,"Cuneiform Artifact RIMA 1.0.086.002, ex. 16",create,11,1,written,,
378993,Q2166907,Cuneiform Tablet BM 087818,create,10,1,written,,
280596,Q2166908,Cuneiform Tablet N 6847,create,8,1,written,,
318392,Q2166909,Cuneiform Tablet BM 018842,create,11,1,written,,
576187,Q2166910,Cuneiform Tablet BM 051071,create,8,1,written,,
329836,Q2166911,Cuneiform Tablet CUNES 48-10-271,create,6,1,written,,
349237,Q2166912,"Cuneiform Tablet AUWE 23, 242",create,9,1,written,,
425687,Q2166913,Cuneiform Tablet Sm 0969,create,9,1,written,,
527022,Q2049846,"Cuneiform Tablet TTKY 7,35, 40, 90, 110",update,4,7,written,,
474722,Q2166914,Cuneiform Artifact CDLI Seals 007945 (physical),create,9,1,written,,
571642,Q2166915,Cuneiform Tablet BM 048639 + BM 048646,create,7,1,written,,
494576,Q2166916,Cuneiform Tablet P494576,create,8,1,written,,
267007,Q2166917,Cuneiform Tablet CBS 11869,create,11,1,written,,
382333,Q2042374,"Cuneiform Tablet TCBI 1, 081",update,4,6,written,,
334707,Q1974278,Cuneiform Tablet ABL 1061,update,4,8,written,,
409212,Q2166918,"Cuneiform Tablet HSS 16, 178",create,10,1,written,,
362167,Q2166919,"Cuneiform Tablet Nisaba 33, 397",create,11,1,written,,
591416,Q2166920,Cuneiform Tablet BM 072818,create,9,1,written,,
114985,Q1950959,"Cuneiform Tablet MVN 07, 054",update,4,8,written,,
115697,Q1954173,"Cuneiform Tablet MVN 09, 054",update,3,8,written,,
20341,Q2063697,"Cuneiform Tablet VS 27, 025",update,4,8,written,,
231667,Q2031878,"Cuneiform Tablet CDLI Literary 000797, ex. 048 & 000821, ex. 047",update,4,8,written,,
570950,Q2166921,Cuneiform Tablet BM 047339a,create,8,1,written,,
230975,Q2031745,"Cuneiform Tablet CDLI Literary 000796, ex. 137",update,4,8,written,,
335815,Q1981262,Cuneiform Tablet ADD 0993,update,4,8,written,,
444394,Q2166922,"Cuneiform Tablet KUB 16, 054",create,10,1,written,,
475830,Q2166923,Cuneiform Artifact CDLI Seals 009090 (physical),create,10,1,written,,
279019,Q2031035,"Cuneiform Tablet CDLI Literary 000782, ex. 040",update,4,8,written,,
379681,Q2166924,Cuneiform Tablet BM 088787,create,10,1,written,,
125221,Q2001353,"Cuneiform Tablet OrSP 47-49, 331",update,4,8,written,,
517494,Q1990925,"Cuneiform Tablet Nisaba 33, 318",update,4,7,written,,
357229,Q2166925,"Cuneiform Tablet ABAW 143, 087",create,10,1,written,,
204529,Q2004689,Cuneiform Tablet BM 024155,update,4,8,written,,
510351,Q2166926,Cuneiform Tablet Hiring Workers 081,create,11,1,written,,
301449,Q2166927,Cuneiform Tablet NBC 10516,create,10,1,written,,
252349,Q2166928,"Cuneiform Tablet CUSAS 43, 61",create,8,1,written,,
424995,Q2166929,"Cuneiform Tablet Rm 2, 215",create,9,1,written,,
443451,Q2166930,"Cuneiform Tablet KBo 57, 042",create,10,1,written,,
355214,Q2166931,"Cuneiform Tablet ARM 27, 111",create,11,1,written,,
250374,Q1984366,Cuneiform Tablet AlT 445,update,4,7,written,,
337828,Q2166932,Cuneiform Tablet OIM A05138,create,10,1,written,,
468701,Q2166933,Cuneiform Tablet YBC 15828,create,11,1,written,,
145820,Q2166934,"Cuneiform Artifact JCS 52, 038 26",create,10,1,written,,
206514,Q1984617,"Cuneiform Tablet Nisaba 10, 079",update,4,8,written,,
480165,Q2166935,Cuneiform Tablet P480165,create,9,1,written,,
568199,Q2166936,Cuneiform Tablet BM 042463,create,8,1,written,,
320314,Q2166937,Cuneiform Tablet BM 023292,create,11,1,written,,
225274,Q2017983,"Cuneiform Tablet RIME 4.01.04.04, ex. 14",update,3,7,written,,
130920,Q2041083,Cuneiform Tablet Syracuse 369,update,4,7,written,,
273414,Q2032741,Cuneiform Tablet CDLJ 2006/2 §06,update,4,7,written,,
585005,Q2166938,Cuneiform Tablet BM 065312,create,9,1,written,,
376574,Q2166939,Cuneiform Tablet BM 110678,create,10,1,written,,
303474,Q2014167,"Cuneiform Tablet BPOA 07, 2702",update,4,8,written,,
232948,Q2166940,"Cuneiform Artifact RIME 3/1.01.07.037, ex. 0197",create,11,1,written,,
460331,Q2166941,Cuneiform Tablet FLP 1873,create,8,1,written,,
258744,Q2166942,Cuneiform Tablet CBS 01411,create,9,1,written,,
101284,Q1986126,"Cuneiform Tablet AnOr 01, 293",update,4,8,written,,
396720,Q2166943,Cuneiform Tablet K 06669,create,11,1,written,,
293640,Q1974492,Cuneiform Tablet NBC 04348,update,4,8,written,,
436551,Q2166944,"Cuneiform Tablet KBo 22, 074",create,10,1,written,,
533431,Q2166945,Cuneiform Artifact CDLI Seals 002498.3 (composite),create,7,0,written,,
294185,Q2166946,"Cuneiform Tablet GCCI 1, 079",create,10,1,written,,
400930,Q2166947,Cuneiform Tablet K 14678,create,10,1,written,,
562594,Q2166948,Cuneiform Tablet BM 034382,create,8,1,written,,
342928,Q2166949,"Cuneiform Tablet VS 10, 120",create,9,1,written,,
565251,Q2166950,"Cuneiform Tablet ADART 2, no. -222",create,10,1,written,,
451895,Q2166951,Cuneiform Tablet P451895,create,9,1,written,,
505850,Q2166952,Cuneiform Tablet YBC 17048,create,7,1,written,,
247848,Q2033294,"Cuneiform Tablet Civil copies, BM 61634",update,4,7,written,,
340915,Q2166953,"Cuneiform Tablet BPOA 02, 2261",create,11,1,written,,
322329,Q2166954,Cuneiform Tablet CUNES 47-12-111,create,9,1,written,,
271429,Q2166955,"Cuneiform Tablet Emar 6/1, p. 041, Msk 7356",create,9,1,written,,
106541,Q2000586,"Cuneiform Tablet BIN 05, 107",update,4,8,written,,
227249,Q2166956,"Cuneiform Tablet Subartu 02, 070",create,10,1,written,,
3421,Q2166957,"Cuneiform Tablet ATU 7, pl. 033, W 20044,20",create,9,1,written,,
431294,Q1985268,Cuneiform Tablet P431294,update,4,7,written,,
245875,Q2166958,Cuneiform Tablet P245875,create,10,1,written,,
341607,Q2166959,"Cuneiform Tablet ARM 09, 025",create,11,1,written,,
587038,Q2166960,Cuneiform Tablet BM 067761,create,10,1,written,,
579272,Q2166961,Cuneiform Tablet BM 055145,create,9,1,written,,
309079,Q2166962,Cuneiform Tablet YBC 08191,create,10,2,written,,
552122,Q2166963,Cuneiform Tablet Nbn. 700,create,10,1,written,,
212107,Q2061666,"Cuneiform Tablet Hermitage 3, 254",update,4,8,written,,
374549,Q1987660,"Cuneiform Tablet Nisaba 18, 079",update,4,8,written,,
504742,Q2166964,Cuneiform Tablet YBC 08505,create,7,1,written,,
244767,Q2166965,Cuneiform Tablet P244767,create,10,1,written,,
599026,Q2166966,Cuneiform Tablet BM 093961,create,9,1,written,,
239257,Q2166967,Cuneiform Tablet K 14248 ?,create,10,1,written,,
401622,Q2166968,Cuneiform Tablet K 15858,create,10,1,written,,
397832,Q2166969,Cuneiform Tablet K 08967,create,10,1,written,,
450787,Q1988079,Cuneiform Artifact P450787,update,3,4,written,,
292952,Q2001122,"Cuneiform Tablet BIN 07, 160",update,4,8,written,,
457042,Q2166970,Cuneiform Artifact CDLI Seals 004332 (composite),create,10,0,written,,
519873,Q2166971,"Cuneiform Tablet New IM 3, 065",create,10,1,written,,
499344,Q2041475,"Cuneiform Tablet CTPSM 1, 106",update,5,7,written,,
503087,Q2028299,"Cuneiform Tablet SANTAG 09, 123",update,4,8,written,,
404420,Q2166972,Cuneiform Tablet K 19622,create,10,1,written,,
557320,Q2166973,Cuneiform Tablet BM 035728,create,9,1,written,,
452240,Q2166974,Cuneiform Tablet Davidson 26,create,10,1,written,,
566884,Q2166975,"Cuneiform Tablet Bab Arch 2, no. 1",create,10,1,written,,
501540,Q2166976,"Cuneiform Tablet TCTI 3, 05448",create,11,1,written,,
131632,Q2043114,"Cuneiform Tablet TCL 02, 5543",update,4,8,written,,
339135,Q2166977,"Cuneiform Tablet BPOA 01, 0477",create,11,1,written,,
241565,Q2166978,"Cuneiform Tablet ARET 07, 092",create,10,1,written,,
217305,Q2166979,Cuneiform Tablet Tutub 49,create,10,1,written,,
344405,Q2166980,Cuneiform Tablet PRAK A 113,create,8,1,written,,
579788,Q2166981,Cuneiform Tablet BM 058704,create,10,1,written,,
275939,Q2166982,Cuneiform Tablet NATN p. 56 catalogue,create,11,1,written,,
134430,Q894115,"Cuneiform Tablet TMH NF 1-2, 118",update,5,7,written,,
370859,Q2039396,"Cuneiform Tablet CTN 1, 26",update,4,8,written,,
312265,Q2166983,Cuneiform Tablet YBC 12312,create,10,1,written,,
102851,Q1990789,"Cuneiform Tablet AUCT 1, 005",update,4,7,written,,
259856,Q2166984,"Cuneiform Tablet PBS 02/2, 132",create,10,1,written,,
368090,Q2166985,"Cuneiform Tablet CT 57, 0951",create,11,1,written,,
372864,Q1893289,"Cuneiform Tablet VS 16, 007",update,4,8,written,,
277904,Q2166986,Cuneiform Tablet N 2835,create,8,1,written,,
432841,Q2166987,"Cuneiform Tablet AuOr 15, 139-194 13",create,11,1,written,,
537921,Q2166988,Cuneiform Artifact CDLI Seals 017096 (physical),create,8,1,written,,
346438,Q2166989,"Cuneiform Tablet UET 6, 0395",create,9,1,written,,
215338,Q2166990,"Cuneiform Tablet MAD 5, 011",create,10,1,written,,
506285,Q2166991,Cuneiform Tablet RBC 02907,create,6,1,written,,
243558,Q2166992,"Cuneiform Tablet ARET 12, 0342",create,10,1,written,,
455585,Q2166993,Cuneiform Artifact CDLI Seals 002875 (composite),create,10,0,written,,
393522,Q2166994,"Cuneiform Tablet HSS 05, 034",create,10,1,written,,
268608,Q2166995,Cuneiform Tablet CBS 13580 + CBS 13597 + CBS 13600 + CBS 13620,create,10,1,written,,
310258,Q2166996,Cuneiform Tablet YBC 09536,create,11,1,written,,
358426,Q1359039,"Cuneiform Tablet CCT 1, 18, BM 113599",update,5,6,written,,
536633,Q1363777,"Cuneiform Tablet AKT 9a, 130",update,6,5,written,,
560053,Q2166997,Cuneiform Tablet BM 014223,create,9,1,written,,
580207,Q2166998,Cuneiform Tablet BM 059149,create,10,1,written,,
433753,Q2166999,Cuneiform Tablet FHL 080,create,10,1,written,,
296442,Q2167000,"Cuneiform Tablet BRM 1, 075",create,10,1,written,,
465133,Q2167001,"Cuneiform Artifact RIMA 3.0.102.044, ex. 119",create,11,1,written,,
104086,Q1993274,"Cuneiform Tablet AUCT 2, 268",update,4,7,written,,
434096,Q2167002,Cuneiform Tablet HT 097,create,10,1,written,,
325116,Q2049317,"Cuneiform Tablet CUSAS 33, 182",update,4,7,written,,
567796,Q2167003,Cuneiform Tablet BM 040439,create,9,1,written,,
103743,Q1992592,"Cuneiform Tablet AUCT 1, 898",update,4,7,written,,
128413,Q2024959,Cuneiform Tablet RTC 154 + RTC 159 + RTC 160,update,4,8,written,,
309583,Q2167004,Cuneiform Tablet YBC 08750,create,10,1,written,,
291387,Q2167005,"Cuneiform Tablet YOS 13, 462",create,10,1,written,,
512696,Q2167006,"Cuneiform Tablet TMH 10, 167",create,11,1,written,,
373776,Q1925817,"Cuneiform Artifact JAOS 088, 194",update,4,7,written,,
120023,Q1967711,"Cuneiform Tablet MVN 18, 662",update,3,8,written,,
255176,Q2167007,Cuneiform Tablet UM 29-13-186,create,11,1,written,,
203716,Q2005253,Cuneiform Tablet BM 024925,update,4,8,written,,
441196,Q2167008,"Cuneiform Tablet KBo 45, 170",create,10,1,written,,
306676,Q2167009,Cuneiform Tablet YBC 05609,create,10,1,written,,
228446,Q1937988,"Cuneiform Tablet MSL 14, 021 Di r",update,4,8,written,,
446653,Q2167010,"Cuneiform Tablet KUB 48, 017",create,10,1,written,,
410033,Q2167011,Cuneiform Tablet CUNES 48-12-115,create,6,1,written,,
350016,Q2167012,"Cuneiform Tablet ARM 10, 052",create,11,1,written,,
420485,Q2167013,Cuneiform Tablet SMUI 1913.14.0105,create,8,1,written,,
515153,Q2051878,"Cuneiform Tablet CUSAS 40, 0369",update,4,7,written,,
568463,Q2167014,Cuneiform Tablet BM 049312,create,8,1,written,,
595906,Q2167015,Cuneiform Tablet BM 081425,create,10,1,written,,
588637,Q2167016,Cuneiform Tablet BM 069461,create,9,1,written,,
543733,Q2167017,Cuneiform Tablet LB 1805 (unpublished),create,10,1,written,,
601515,Q2167018,Cuneiform Tablet BM 101624,create,10,1,written,,
285794,Q2167019,"Cuneiform Tablet CT 45, 108",create,10,1,written,,
307964,Q2167020,"Cuneiform Tablet YOS 13, 452",create,11,1,written,,
447941,Q2167021,Cuneiform Tablet VBoT 113,create,9,1,written,,
589925,Q2167022,Cuneiform Tablet BM 070957,create,9,1,written,,
117350,Q1960241,"Cuneiform Tablet MVN 13, 577",update,4,8,written,,
573385,Q2167023,Cuneiform Tablet NBDSPC no. 11,create,11,1,written,,
596629,Q2167024,Cuneiform Tablet BM 082981,create,9,1,written,,
333538,Q2167025,Cuneiform Tablet ILAJ II 43,create,9,1,written,,
202804,Q2167026,"Cuneiform Tablet BPOA 01, 0356",create,11,1,written,,
260238,Q2167027,Cuneiform Tablet CBS 03892,create,10,1,written,,
318668,Q2167028,Cuneiform Tablet BM 019198,create,11,1,written,,
509170,Q2167029,"Cuneiform Artifact OIP 043, 148 TA 1930 T355",create,9,1,written,,
141530,Q2061738,"Cuneiform Tablet UTI 6, 3514",update,4,8,written,,
236458,Q2167030,"Cuneiform Tablet BIN 09, 448",create,10,1,written,,
331505,Q1983050,"Cuneiform Tablet Nisaba 05/1, 478",update,5,7,written,,
493749,Q2167031,Cuneiform Tablet P493749,create,7,1,written,,
234465,Q2167032,"Cuneiform Artifact RIME 3/1.01.07.063, ex. add121",create,11,1,written,,
491774,Q2167033,Cuneiform Tablet SFS Ist Si 0016 pl. 3,create,11,1,written,,
594614,Q2167034,Cuneiform Tablet BM 078919,create,9,1,written,,
367365,Q2167035,"Cuneiform Tablet CT 57, 0223",create,11,1,written,,
110495,Q2167036,"Cuneiform Tablet ITT 2, 00626",create,11,1,written,,
262205,Q2003074,"Cuneiform Tablet PBS 08/2, 156",update,4,8,written,,
574440,Q2167037,"Cuneiform Tablet AOAT 50, pl. 11",create,7,1,written,,
282051,Q1928324,Cuneiform Tablet KAJ 036,update,4,6,written,,
387131,Q2167038,"Cuneiform Tablet TCL 12, 066",create,10,1,written,,
249155,Q1971245,"Cuneiform Tablet AAICAB 1/3, pl. 236, Bod S 248",update,4,8,written,,
513984,Q2167039,"Cuneiform Tablet Shemshara 1, 097",create,11,1,written,,
471520,Q2167040,Cuneiform Tablet PTS 3428,create,9,1,written,,
305959,Q2167041,"Cuneiform Tablet YOS 05, 027",create,11,1,written,,
200839,Q2012717,"Cuneiform Tablet BPOA 07, 2224",update,4,8,written,,
313862,Q2167042,"Cuneiform Tablet CT 53, 449",create,11,1,written,,
216902,Q2024905,Cuneiform Tablet RTC 123,update,4,7,written,,
291692,Q1974235,Cuneiform Tablet NBC 02861,update,4,8,written,,
6336,Q2167043,Cuneiform Tablet MS 4567,create,9,1,written,,
434583,Q2167044,"Cuneiform Tablet IBoT 04, 240",create,10,1,written,,
103256,Q1991604,"Cuneiform Tablet AUCT 1, 411",update,4,7,written,,
309096,Q2167045,Cuneiform Tablet YBC 08210,create,10,2,written,,
358133,Q1371549,"Cuneiform Tablet TMH 01, 26d",update,5,6,written,,
128106,Q2024100,Cuneiform Tablet Rochester 001,update,4,8,written,,
556927,Q2167046,"Cuneiform Tablet ADART 4, p. 297, BM 036170",create,8,1,written,,
560546,Q2167047,Cuneiform Tablet BM 017216,create,9,1,written,,
453847,Q1985556,"Cuneiform Tablet Nisaba 15, 0442",update,4,7,written,,
498943,Q1362496,"Cuneiform Tablet AKT 6a, 140",update,5,7,written,,
393037,Q2167048,"Cuneiform Tablet KTT p. 031 Bi.29/49:149,02",create,7,1,written,,
567283,Q2167049,Cuneiform Tablet BM 031896,create,11,1,written,,
296157,Q2167050,Cuneiform Tablet MLC 01407,create,9,1,written,,
536326,Q1363423,"Cuneiform Tablet AKT 8, 193",update,5,6,written,,
325403,Q2167051,"Cuneiform Artifact Nisaba 32, 161",create,9,1,written,,
373263,Q2167052,"Cuneiform Tablet VS 20, 086",create,9,1,written,,
433246,Q2167053,Cuneiform Tablet X.3.274 unpublished assigned,create,7,1,written,,
580712,Q2167054,Cuneiform Tablet BM 059751,create,10,1,written,,
134125,Q2046552,"Cuneiform Tablet TJA pl.57, IOS 31",update,4,7,written,,
507882,Q2167055,Cuneiform Tablet P507882,create,10,1,written,,
506790,Q2167056,"Cuneiform Tablet Nisaba 34, 0598",create,9,1,written,,
104593,Q1994254,"Cuneiform Tablet AUCT 3, 382",update,4,7,written,,
581800,Q2167057,Cuneiform Tablet BM 061521,create,9,1,written,,
450768,Q1988067,Cuneiform Artifact P450768,update,3,4,written,,
503068,Q2167058,"Cuneiform Tablet SANTAG 09, 104",create,11,1,written,,
368585,Q2167059,"Cuneiform Tablet TCL 32, 103",create,9,1,written,,
555608,Q2167060,Cuneiform Artifact CDLI Seals 026858 (composite),create,7,0,written,,
528338,Q2167061,"Cuneiform Artifact SAAB 09, 115",create,11,1,written,,
499651,Q2167062,"Cuneiform Tablet KAL 03, 068",create,11,1,written,,
404135,Q2167063,Cuneiform Tablet K 19242,create,10,1,written,,
452755,Q2167064,Cuneiform Tablet P452755,create,10,1,written,,
406108,Q2167065,Cuneiform Tablet SM 1899.02.427,create,11,1,written,,
339420,Q2167066,"Cuneiform Tablet BPOA 01, 0764",create,11,1,written,,
455090,Q2167067,Cuneiform Artifact CDLI Seals 002380 (composite),create,10,0,written,,
241070,Q2167068,"Cuneiform Tablet ARET 07, 099",create,10,1,written,,
344110,Q2167069,Cuneiform Tablet PRAK B 294,create,8,1,written,,
290980,Q1974101,Cuneiform Tablet NBC 02032,update,4,8,written,,
557635,Q2167070,Cuneiform Tablet BM 038965,create,8,1,written,,
479405,Q2167071,"Cuneiform Tablet CT 33, pl. 36, BM 080714",create,10,1,written,,
136118,Q2050987,"Cuneiform Tablet UCP 09-02-2, 114",update,4,8,written,,
312770,Q2167072,Cuneiform Artifact YBC 15925,create,9,1,written,,
217610,Q1979416,Cuneiform Tablet Adab 1002,update,4,7,written,,
244788,Q2167073,Cuneiform Tablet P244788,create,10,1,written,,
548939,Q2167074,"Cuneiform Tablet GS Black, 159 IM 142074",create,8,1,written,,
331010,Q2167075,Cuneiform Tablet IM 0616??,create,11,1,written,,
491261,Q2167076,"Cuneiform Tablet É-dub-ba-a 07, 006",create,10,1,written,,
509465,Q2167077,"Cuneiform Tablet MHET 1/1, 089",create,11,1,written,,
262710,Q2167078,Cuneiform Tablet CBS 07700A,create,8,1,written,,
594301,Q2167079,Cuneiform Tablet BM 078150,create,9,1,written,,
367670,Q2167080,"Cuneiform Tablet CT 57, 0529",create,11,1,written,,
234170,Q2167081,"Cuneiform Artifact RIME 3/1.01.07.041, ex. 244",create,11,1,written,,
249440,Q2167082,"Cuneiform Tablet AUCT 5, 128",create,8,1,written,,
110180,Q2063331,Cuneiform Tablet HLC 309 (pl. 010),update,4,8,written,,
282544,Q2167083,Cuneiform Tablet Stelen 73,create,7,1,written,,
574155,Q2167084,"Cuneiform Tablet OBO 260, no. 40",create,11,1,written,,
522735,Q1929174,"Cuneiform Tablet KAM 11, 076",update,5,5,written,,
471035,Q2167085,Cuneiform Tablet PTS 2943,create,10,1,written,,
387424,Q2167086,"Cuneiform Tablet TCL 18, 128",create,10,1,written,,
143018,Q1968289,"Cuneiform Tablet MVN 20, 085",update,4,8,written,,
494599,Q2167087,Cuneiform Tablet P494599,create,8,1,written,,
115678,Q1954092,"Cuneiform Tablet MVN 09, 035",update,4,8,written,,
362188,Q2167088,"Cuneiform Tablet Nisaba 33, 418",create,11,1,written,,
231688,Q2032177,"Cuneiform Tablet CDLI Literary 000821, ex. 027",update,4,8,written,,
285281,Q2167089,"Cuneiform Tablet BAM 2, 189",create,10,1,written,,
438959,Q2167090,"Cuneiform Tablet KBo 35, 181",create,10,1,written,,
573690,Q2167091,"Cuneiform Tablet OrNS 69, 335",create,10,1,written,,
10718,Q2049306,Cuneiform Tablet TSŠ 0047,update,4,8,written,,
117645,Q1961394,"Cuneiform Tablet MVN 13, 873",update,4,8,written,,
601000,Q2167092,Cuneiform Tablet BM 101036,create,10,1,written,,
458358,Q2167093,Cuneiform Artifact CDLI Seals 005648 (composite),create,10,0,written,,
425668,Q2167094,Cuneiform Tablet Sm 0934,create,9,1,written,,
520708,Q2167095,Cuneiform Tablet KTU3 4.581,create,10,1,written,,
141025,Q2061535,"Cuneiform Tablet UTI 5, 3006",update,4,8,written,,
576168,Q2167096,"Cuneiform Tablet AMD 8/3, text 8.61.a pl. 26",create,9,1,written,,
385419,Q2167097,"Cuneiform Tablet OECT 10, 406",create,9,1,written,,
280579,Q2167098,Cuneiform Tablet N 6830,create,8,1,written,,
350503,Q2167099,"Cuneiform Tablet ARM 12, 060",create,11,1,written,,
473008,Q2167100,Cuneiform Artifact CDLI Seals 006753 (physical),create,9,1,written,,
108949,Q2055236,Cuneiform Tablet DAS 202,update,4,8,written,,
255463,Q2030569,"Cuneiform Tablet CDLI Literary 000768, ex. 024",update,4,8,written,,
568176,Q2167101,Cuneiform Tablet BM 042377,create,8,1,written,,
572982,Q2167102,Cuneiform Tablet BM 050028,create,8,1,written,,
116957,Q1958534,"Cuneiform Tablet MVN 13, 185",update,4,8,written,,
228153,Q1937863,"Cuneiform Tablet MSL 14, 018 Aj",update,4,8,written,,
306363,Q2058733,Cuneiform Tablet Feuerherm diss. K074,update,3,8,written,,
515446,Q2052438,"Cuneiform Tablet CUSAS 40, 0662",update,4,7,written,,
588322,Q2167103,Cuneiform Tablet BM 069105,create,9,1,written,,
543226,Q2167104,Cuneiform Artifact TA 1931 T0674,create,8,0,written,,
446346,Q2167105,"Cuneiform Tablet KUB 44, 006",create,10,1,written,,
410526,Q2167106,Cuneiform Tablet CUNES 49-03-253,create,8,1,written,,
441483,Q2167107,"Cuneiform Tablet KBo 46, 175",create,10,1,written,,
120536,Q1969129,"Cuneiform Tablet MVN 21, 299",update,4,8,written,,
366962,Q2167108,"Cuneiform Tablet CT 56, 647",create,10,1,written,,
263802,Q2167109,Cuneiform Artifact CDLI Seals 000862 (physical),create,7,1,written,,
546024,Q2167110,Cuneiform Artifact CDLI Seals 023695 (physical),create,9,1,written,,
523827,Q2167111,Cuneiform Tablet BM 097642,create,11,1,written,,
510644,Q1893808,"Cuneiform Tablet AbB 12, 121",update,3,8,written,,
319995,Q2167112,Cuneiform Tablet BM 022363,create,11,1,written,,
443144,Q2167113,"Cuneiform Tablet KBo 54, 032",create,10,1,written,,
415724,Q2167114,"Cuneiform Tablet UET 5, 0854",create,10,1,written,,
303161,Q2167115,"Cuneiform Tablet YOS 19, 158",create,11,1,written,,
355701,Q2167116,Cuneiform Tablet Fs Lambert figs. 3 and 7,create,9,1,written,,
250661,Q2167117,Cuneiform Tablet MS 1949/4,create,8,1,written,,
206001,Q2004971,"Cuneiform Tablet PPAC 5, 0412",update,4,8,written,,
127709,Q2011522,"Cuneiform Tablet RA 019, 043 098",update,4,7,written,,
138805,Q2057547,"Cuneiform Tablet UET 9, 0675",update,4,8,written,,
306699,Q2065512,"Cuneiform Tablet YOS 11, 71",update,3,8,written,,
381909,Q2167118,"Cuneiform Tablet Nisaba 12/1, 19",create,10,1,written,,
9539,Q2167119,Cuneiform Tablet Yahya 15,create,10,1,written,,
125734,Q2167120,"Cuneiform Tablet PDT 1, 0318",create,11,1,written,,
255199,Q2167121,Cuneiform Tablet UM 29-13-210,create,11,1,written,,
383934,Q2167122,"Cuneiform Tablet OIP 092, 1248",create,10,1,written,,
408815,Q2167123,"Cuneiform Tablet HSS 14, 533",create,10,1,written,,
444681,Q2167124,"Cuneiform Tablet KUB 22, 054",create,10,1,written,,
517181,Q2167125,Cuneiform Tablet P517181,create,9,1,written,,
544019,Q2167126,Cuneiform Tablet LB 2583 (unpublished),create,10,1,written,,
417719,Q1997000,"Cuneiform Tablet BATSH 9, 008",update,5,7,written,,
348830,Q2037595,"Cuneiform Tablet SpTU 5, 243",update,4,6,written,,
512679,Q894510,"Cuneiform Tablet TMH 10, 150",update,5,7,written,,
379394,Q2167127,Cuneiform Tablet BM 088325,create,10,1,written,,
382626,Q2167128,"Cuneiform Tablet CT 11, pl. 43, K 15034",create,10,1,written,,
422457,Q2167129,"Cuneiform Artifact RIMA 1.0.086.002, ex. 12",create,11,1,written,,
441179,Q2167130,"Cuneiform Tablet KBo 45, 153",create,10,1,written,,
299758,Q2167131,"Cuneiform Tablet AOAT 330, 197-268 no. 23",create,11,1,written,,
539529,Q2167132,Cuneiform Artifact CDLI Seals 018649 (physical),create,7,1,written,,
231372,Q1971217,Cuneiform Tablet N 5461,update,4,7,written,,
445993,Q2167133,"Cuneiform Tablet KUB 39, 015",create,10,1,written,,
349722,Q1987445,"Cuneiform Tablet AOAT 275, 572, BM 070511",update,5,7,written,,
527537,Q2167134,Cuneiform Tablet BM 097263,create,10,1,written,,
591103,Q2167135,Cuneiform Tablet BM 072421,create,9,1,written,,
571357,Q2167136,Cuneiform Tablet BM 048186,create,9,1,written,,
409707,Q2167137,Cuneiform Tablet CUNES 48-09-332,create,6,1,written,,
494063,Q2167138,Cuneiform Tablet P494063,create,7,1,written,,
334212,Q1973033,Cuneiform Tablet ABL 0329,update,4,8,written,,
267512,Q2167139,"Cuneiform Tablet BE 14, 137",create,10,1,written,,
115382,Q1952831,"Cuneiform Tablet MVN 07, 582",update,4,8,written,,
112447,Q1930822,Cuneiform Tablet Kyoto 42,update,4,7,written,,
124826,Q2167140,"Cuneiform Tablet OrSP 06, 58 Wengler 42",create,10,1,written,,
139717,Q2167141,"Cuneiform Tablet UTI 3, 1698",create,11,1,written,,
144227,Q2032534,"Cuneiform Tablet SAT 2, 1027",update,4,8,written,,
362472,Q2167142,"Cuneiform Tablet Nisaba 33, 664",create,11,1,written,,
414836,Q2167143,"Cuneiform Tablet UET 4, 0140",create,10,1,written,,
251973,Q2167144,"Cuneiform Tablet CUSAS 43, 06a",create,8,1,written,,
354813,Q2167145,"Cuneiform Tablet ARM 26/1, 256",create,11,1,written,,
425392,Q2167146,"Cuneiform Tablet RIMB 2.02.08.05, ex. 002",create,11,2,written,,
576492,Q2167147,Cuneiform Tablet BM 051417,create,9,1,written,,
511956,Q2167148,Cuneiform Artifact CDLI Seals 013426 (physical),create,9,1,written,,
450292,Q2167149,"Cuneiform Artifact RINAP 3/1 Sennacherib 004, ex. 022",create,11,1,written,,
564856,Q2167150,Cuneiform Tablet BM 041284,create,9,1,written,,
503592,Q2167151,Cuneiform Tablet RS 17.0232,create,9,0,written,,
318687,Q2167152,Cuneiform Tablet BM 019217,create,11,1,written,,
341312,Q2167153,"Cuneiform Tablet ARM 07, 109",create,11,1,written,,
317572,Q2167154,Cuneiform Tablet BM 016290,create,11,1,written,,
100883,Q1984445,Cuneiform Tablet Amherst 045,update,4,7,written,,
224873,Q2167155,"Cuneiform Tablet TIM 07, 181",create,10,1,written,,
212412,Q2167156,Cuneiform Tablet NM 44.0016,create,8,1,written,,
599533,Q2167157,Cuneiform Tablet BM 095221 + BM 095246 + BM 095275,create,10,1,written,,
244272,Q2167158,"Cuneiform Tablet ARET 12, 0988",create,10,1,written,,
579767,Q2167159,Cuneiform Tablet BM 058683,create,10,1,written,,
131327,Q2030192,"Cuneiform Tablet SAT 1, 218",update,4,8,written,,
457557,Q2167160,Cuneiform Artifact CDLI Seals 004847 (composite),create,10,0,written,,
552437,Q2167161,Cuneiform Tablet Nbn. 682,create,11,1,written,,
562081,Q2167162,Cuneiform Tablet BM 032671,create,8,1,written,,
401337,Q2167163,Cuneiform Tablet K 15371,create,10,1,written,,
238850,Q2167164,"Cuneiform Tablet CT 14, pl. 23, K 09283",create,11,1,written,,
291368,Q2011338,"Cuneiform Tablet BPOA 07, 1880",update,4,8,written,,
449549,Q2167165,Cuneiform Tablet CUNES 49-05-110,create,9,1,written,,
3134,Q2167166,"Cuneiform Tablet ATU 7, pl. 015, W 19408,86",create,9,1,written,,
106054,Q1999640,"Cuneiform Tablet BIN 03, 248",update,4,8,written,,
462619,Q2167167,Cuneiform Tablet CST 414,create,10,1,written,,
434079,Q2167168,Cuneiform Tablet HT 078,create,10,1,written,,
578875,Q2167169,Cuneiform Tablet BM 054563,create,11,1,written,,
294490,Q2167170,"Cuneiform Tablet GCCI 2, 206",create,10,1,written,,
480470,Q2167171,Cuneiform Tablet BM 132550,create,7,1,written,,
320601,Q2167172,"Cuneiform Tablet Nisaba 08, 182",create,11,1,written,,
394208,Q2167173,Cuneiform Tablet K 02138,create,10,1,written,,
567779,Q2167174,Cuneiform Tablet BM 040416,create,9,1,written,,
273101,Q2167175,"Cuneiform Tablet ARM 03, 054",create,11,1,written,,
585510,Q2167176,Cuneiform Tablet BM 065923,create,10,1,written,,
531119,Q1995940,"Cuneiform Tablet BATSH 18, 03",update,5,7,written,,
225761,Q2058513,Cuneiform Tablet Erm 15776,update,4,8,written,,
293355,Q2167177,"Cuneiform Artifact RINAP 5/3, Ashurbanipal 259, ex. 021",create,11,1,written,,
376061,Q1988806,"Cuneiform Tablet Nisaba 26, 052",update,4,8,written,,
101791,Q2167178,"Cuneiform Artifact ARRIM 4, 22 30",create,10,1,written,,
258251,Q2167179,Cuneiform Tablet CBS 00798,create,9,1,written,,
460624,Q2167180,Cuneiform Tablet FLP 2233,create,8,1,written,,
436044,Q2167181,"Cuneiform Tablet KBo 18, 057",create,10,1,written,,
533124,Q2167182,Cuneiform Tablet Fort. 1876-102,create,9,0,written,,
396235,Q2167183,"Cuneiform Tablet CT 30, pl. 02, K 06905",create,11,1,written,,
565744,Q2167184,"Cuneiform Tablet Kaskal 4 (2007) p. 43-64, no. 05",create,9,0,written,,
104069,Q1993240,"Cuneiform Tablet AUCT 2, 251",update,4,7,written,,
432904,Q2167185,Cuneiform Tablet MM 1055,create,8,1,written,,
373799,Q2167186,"Cuneiform Tablet RA 017, 132 (K 04160)",create,10,1,written,,
343285,Q2027854,"Cuneiform Tablet CDLI Literary 000499, ex. 006",update,4,8,written,,
1109,Q2167187,"Cuneiform Tablet ATU 5, pl. 045, W 9169,ag",create,10,1,written,,
277841,Q2167188,Cuneiform Tablet N 2774,create,11,1,written,,
388381,Q2167189,Cuneiform Tablet Education in the Earliest Schools 188,create,9,1,written,,
210585,Q2008817,"Cuneiform Tablet BPOA 06, 0819",update,4,8,written,,
100929,Q1984677,Cuneiform Tablet Amherst 090,update,4,7,written,,
372921,Q1893321,"Cuneiform Tablet VS 16, 066",update,4,8,written,,
528768,Q2167190,Cuneiform Artifact CDLI Seals 015844 (physical),create,6,1,written,,
450338,Q2167191,"Cuneiform Artifact RINAP 3/1 Sennacherib 015, ex. 009",create,11,1,written,,
406558,Q2167192,Cuneiform Tablet SM 1909.05.447,create,11,1,written,,
555258,Q2167193,Cuneiform Tablet MacGinnis Letter Orders from Sippar 11,create,11,1,written,,
5849,Q2167194,"Cuneiform Tablet UET 2, 0254",create,11,1,written,,
503438,Q2167195,Cuneiform Tablet RS 16.0239,create,9,0,written,,
323884,Q2167196,Cuneiform Tablet CUNES 49-13-064,create,10,1,written,,
241420,Q2167197,"Cuneiform Tablet ARET 07, 149",create,10,1,written,,
404565,Q2167198,Cuneiform Tablet K 19790,create,10,1,written,,
102914,Q1990918,"Cuneiform Tablet AUCT 1, 068",update,4,7,written,,
501405,Q2167199,"Cuneiform Tablet TCTI 3, 05274",create,11,1,written,,
312320,Q2167200,Cuneiform Tablet YBC 12376,create,11,1,written,,
134575,Q894519,"Cuneiform Tablet TMH NF 1-2, 264",update,5,7,written,,
499201,Q2167201,Cuneiform Tablet P499201,create,11,1,written,,
344540,Q2167202,Cuneiform Tablet PRAK A 248,create,8,1,written,,
535859,Q1363559,"Cuneiform Tablet AKT 7a, 042",update,6,5,written,,
599499,Q2167203,Cuneiform Tablet BM 095093,create,10,1,written,,
339070,Q2167204,"Cuneiform Tablet BPOA 01, 0411",create,11,1,written,,
557265,Q2167205,Cuneiform Tablet BM 035006,create,9,1,written,,
136548,Q2052263,"Cuneiform Tablet UET 3, 0231",update,4,8,written,,
322796,Q2047603,"Cuneiform Tablet CUSAS 20, 114",update,4,7,written,,
587487,Q2167206,Cuneiform Tablet BM 068308,create,9,1,written,,
271096,Q2167207,Cuneiform Tablet EA 295,create,9,1,written,,
373633,Q2167208,"Cuneiform Tablet VS 28, 047",create,10,1,written,,
325053,Q2045966,"Cuneiform Tablet CUSAS 13, 054",update,4,6,written,,
103606,Q1992304,"Cuneiform Tablet AUCT 1, 761",update,4,7,written,,
276753,Q2167209,Cuneiform Tablet N 1629,create,10,1,written,,
560116,Q2167210,Cuneiform Artifact BM 015640,create,9,1,written,,
418546,Q2167211,Cuneiform Tablet K 20054,create,10,1,written,,
580342,Q2167212,Cuneiform Tablet BM 059307,create,10,1,written,,
536776,Q1368722,"Cuneiform Tablet AKT 11a, 041",update,7,5,written,,
358563,Q1359178,"Cuneiform Tablet CCT 2, 08-10, BM 115041",update,5,6,written,,
296507,Q2167213,Cuneiform Tablet MLC 01850,create,10,1,written,,
465076,Q2167214,"Cuneiform Artifact RIMA 3.0.102.043, ex. 01",create,11,1,written,,
446716,Q2167215,"Cuneiform Tablet KUB 19, 055 + KUB 48, 090 + KBo 18, 117",create,12,1,written,,
393467,Q2167216,"Cuneiform Tablet HSS 09, 022",create,10,1,written,,
433616,Q2024612,"Cuneiform Tablet RSO 83, 352 50",update,4,7,written,,
543676,Q2167217,Cuneiform Tablet LB 1777 (unpublished),create,11,1,written,,
228503,Q1971319,Cuneiform Tablet N 5606,update,4,7,written,,
588772,Q2167218,Cuneiform Tablet BM 069606,create,9,1,written,,
515016,Q2051613,"Cuneiform Tablet CUSAS 40, 0232",update,4,7,written,,
9493,Q2167219,"Cuneiform Tablet RA 050, 202 14",create,10,1,written,,
203653,Q2167220,Cuneiform Tablet BM 027228,create,11,1,written,,
255033,Q2167221,"Cuneiform Tablet MCT 030, YBC 06632",create,9,1,written,,
410176,Q2167222,Cuneiform Tablet CUNES 49-02-108,create,7,1,written,,
568526,Q2167223,Cuneiform Tablet BM 049380,create,9,1,written,,
539483,Q2167224,Cuneiform Artifact CDLI Seals 018603 (physical),create,6,1,written,,
595843,Q2167225,Cuneiform Tablet BM 081328,create,10,1,written,,
350153,Q2167226,"Cuneiform Tablet ARM 11, 010",create,11,1,written,,
357696,Q1371061,"Cuneiform Tablet TCL 20, 130",update,5,7,written,,
204196,Q2003848,Cuneiform Tablet BM 020391,update,4,8,written,,
120166,Q1967990,"Cuneiform Tablet MVN 19, 040",update,4,8,written,,
306733,Q2065421,"Cuneiform Tablet YOS 08, 009",update,4,8,written,,
522365,Q2167227,Cuneiform Artifact CDLI Seals 015367 (physical),create,7,1,written,,
471465,Q2167228,Cuneiform Tablet PTS 3373,create,10,1,written,,
282114,Q1928449,Cuneiform Tablet KAJ 100,update,4,6,written,,
367220,Q2167229,"Cuneiform Tablet CT 57, 0079",create,11,1,written,,
574505,Q2167230,Cuneiform Tablet BM 055280,create,7,1,written,,
387074,Q2167231,"Cuneiform Tablet TCL 12, 009",create,10,1,written,,
509035,Q2167232,"Cuneiform Tablet BiMes 06, 072 TA 1930 T0781",create,10,1,written,,
262340,Q2167233,Cuneiform Artifact CDLI Seals 000785 (physical),create,7,1,written,,
331440,Q2167234,"Cuneiform Tablet Nisaba 05/1, 413 U 30400",create,11,1,written,,
594751,Q2167235,Cuneiform Tablet BM 079143,create,10,1,written,,
491631,Q2046435,"Cuneiform Tablet TIMA 1, 119",update,4,8,written,,
356984,Q2167236,Cuneiform Tablet Ist Ni 09962,create,10,1,written,,
234520,Q2167237,"Cuneiform Artifact RIME 3/1.01.07.063, ex. 050",create,11,1,written,,
143448,Q2031013,"Cuneiform Tablet SAT 2, 0248",update,4,8,written,,
10348,Q1995943,"Cuneiform Tablet OIP 099, 419",update,4,8,written,,
349688,Q1987419,"Cuneiform Tablet AOAT 275, 545, BM 068067",update,4,6,written,,
115228,Q1952140,"Cuneiform Tablet MVN 07, 362",update,4,8,written,,
445839,Q2167238,"Cuneiform Tablet KUB 37, 099",create,10,1,written,,
117215,Q1959664,"Cuneiform Tablet MVN 13, 442",update,4,8,written,,
336385,Q2021941,Cuneiform Tablet RMA 036a,update,4,8,written,,
307821,Q1938305,"Cuneiform Tablet MSL 14, 112",update,3,6,written,,
141475,Q2167239,"Cuneiform Tablet UTI 5, 3457",create,11,1,written,,
593094,Q2167240,Cuneiform Tablet BM 076098,create,9,1,written,,
540959,Q2167241,Cuneiform Artifact CDLI Seals 020083 (physical),create,10,1,written,,
558190,Q2167242,Cuneiform Tablet BM 043037,create,8,1,written,,
202941,Q2167243,Cuneiform Tablet BM 028773,create,11,1,written,,
576538,Q2167244,Cuneiform Tablet BM 051468,create,10,1,written,,
447804,Q2167245,"Cuneiform Tablet KUB 60, 143",create,10,1,written,,
542964,Q2167246,Cuneiform Artifact CDLI Seals 022110 (physical),create,8,1,written,,
520358,Q2167247,Cuneiform Tablet NHMU 1822,create,8,1,written,,
601450,Q2167248,Cuneiform Tablet BM 101550,create,10,1,written,,
589860,Q2167249,Cuneiform Tablet BM 070886,create,9,1,written,,
280129,Q2167250,Cuneiform Tablet N 6365,create,8,1,written,,
458708,Q2167251,Cuneiform Artifact CDLI Seals 005998 (composite),create,10,0,written,,
473458,Q2167252,Cuneiform Artifact CDLI Seals 007203 (physical),create,9,1,written,,
385049,Q2167253,"Cuneiform Tablet OECT 10, 036",create,9,1,written,,
409357,Q2167254,"Cuneiform Tablet HSS 16, 379",create,10,1,written,,
494433,Q2167255,Cuneiform Tablet P494433,create,7,1,written,,
362022,Q2167256,"Cuneiform Tablet Nisaba 33, 988",create,10,1,written,,
231722,Q1907308,Cuneiform Tablet P231722,update,4,7,written,,
334642,Q1974117,Cuneiform Tablet ABL 0952,update,4,8,written,,
571707,Q2167257,Cuneiform Tablet BM 048761,create,10,1,written,,
591553,Q2167258,Cuneiform Tablet BM 072968,create,9,1,written,,
603197,Q2167259,"Cuneiform Artifact ZA 110, 9 no. 3",create,10,1,written,,
382276,Q2042260,"Cuneiform Tablet TCBI 1, 024",update,4,6,written,,
349372,Q2167260,"Cuneiform Tablet OIP 111, pl. 100, 14 N 241",create,9,1,written,,
527167,Q1996663,"Cuneiform Tablet BATSH 6, 042",update,5,7,written,,
474667,Q2167261,Cuneiform Artifact CDLI Seals 007890 (physical),create,10,1,written,,
139347,Q2058631,"Cuneiform Tablet UET 9, 1217",update,4,8,written,,
329973,Q2167262,Cuneiform Tablet CUNES 48-06-365,create,8,1,written,,
469956,Q2167263,"Cuneiform Artifact RIME 4.04.01.02, ex. add166",create,10,1,written,,
422007,Q2167264,Cuneiform Tablet BM 098807,create,7,1,written,,
596296,Q2167265,Cuneiform Artifact BM 081933,create,10,1,written,,
112017,Q1926644,"Cuneiform Tablet JCS 28, 100",update,4,7,written,,
303531,Q2014382,"Cuneiform Tablet BPOA 07, 2758",update,4,8,written,,
144677,Q2033421,"Cuneiform Tablet SAT 3, 1477",update,4,8,written,,
260687,Q2167266,Cuneiform Tablet CBS 04370,create,9,1,written,,
261995,Q2003356,"Cuneiform Tablet PBS 11/2, 032 + 048 +",update,4,7,written,,
250231,Q2167267,Cuneiform Tablet AUAM 73.3095,create,8,1,written,,
355351,Q2167268,"Cuneiform Tablet ARM 28, 075",create,11,1,written,,
510214,Q2167269,"Cuneiform Tablet MHET 2/5, 838",create,10,1,written,,
443514,Q2167270,"Cuneiform Tablet KBo 57, 105",create,10,1,written,,
206451,Q2004832,Cuneiform Tablet BM 024348,update,4,8,written,,
468644,Q2167271,Cuneiform Artifact CDLI Seals 012522 (physical),create,9,1,written,,
9169,Q2167272,"Cuneiform Tablet MDP 26, 481",create,10,1,written,,
415374,Q2167273,"Cuneiform Tablet UET 5, 0499",create,10,1,written,,
328661,Q2167274,"Cuneiform Tablet CUSAS 30, 065",create,9,1,written,,
475975,Q2167275,Cuneiform Artifact CDLI Seals 009234 (physical),create,8,1,written,,
570815,Q2167276,Cuneiform Tablet BM 047147,create,8,1,written,,
588288,Q2167277,Cuneiform Tablet BM 069069,create,8,1,written,,
127359,Q2167278,"Cuneiform Tablet RA 009, 044 SA 34",create,10,1,written,,
477948,Q2167279,Cuneiform Artifact CDLI Seals 011207 (physical),create,7,1,written,,
335950,Q1981530,Cuneiform Tablet ADD 1168 +,update,4,7,written,,
230830,Q1971303,Cuneiform Tablet N 5586,update,4,7,written,,
352494,Q2167280,"Cuneiform Tablet ARM 22, 048",create,11,1,written,,
399590,Q2167281,"Cuneiform Tablet RIMA 2.0.087.002, ex. 05",create,11,1,written,,
201394,Q2009722,"Cuneiform Tablet Princeton 2, 395",update,4,8,written,,
20204,Q2063055,"Cuneiform Tablet VS 14, 194",update,4,8,written,,
125364,Q2001620,"Cuneiform Tablet OrSP 47-49, 475",update,4,8,written,,
512229,Q2167282,"Cuneiform Tablet Wool Economy ANE, p. 228",create,11,1,written,,
245930,Q2167283,Cuneiform Tablet P245930,create,10,1,written,,
441529,Q2167284,"Cuneiform Tablet KBo 46, 222",create,10,1,written,,
299308,Q2167285,Cuneiform Tablet NBC 07851,create,10,1,written,,
539179,Q2167286,Cuneiform Artifact CDLI Seals 018357 (physical),create,7,1,written,,
582685,Q2167287,Cuneiform Tablet BM 062584,create,9,1,written,,
572828,Q2167288,Cuneiform Tablet BM 049846,create,8,1,written,,
544449,Q2167289,Cuneiform Tablet TA 1935 T0089,create,9,1,written,,
106404,Q2000312,"Cuneiform Tablet BIN 03, 597",update,4,8,written,,
505915,Q2167290,Cuneiform Tablet YBC 08813,create,8,1,written,,
274294,Q2167291,"Cuneiform Tablet TCTI 3, 06631",create,11,1,written,,
549781,Q2167292,Cuneiform Artifact Ashm 1939-0332 (030),create,9,1,written,,
340850,Q2167293,"Cuneiform Tablet BPOA 02, 2197",create,11,1,written,,
3564,Q2167294,"Cuneiform Tablet ATU 7, pl. 048, W 20274,66",create,9,1,written,,
400875,Q2167295,Cuneiform Tablet K 14497,create,10,1,written,,
394658,Q2167296,"Cuneiform Tablet MC 25, 445",create,10,1,written,,
434429,Q2167297,"Cuneiform Tablet IBoT 04, 073",create,10,1,written,,
291738,Q2009180,"Cuneiform Tablet BPOA 06, 1066",update,4,8,written,,
462249,Q2167298,Cuneiform Tablet CST 044,create,10,1,written,,
531549,Q892369,Cuneiform Tablet Elamica 11,update,4,7,written,,
449119,Q2048931,"Cuneiform Tablet CUSAS 27, 217",update,3,6,written,,
567329,Q2167299,"Cuneiform Tablet OLP 28, 85",create,9,1,written,,
132858,Q2167300,"Cuneiform Tablet TCTI 2, 03644",create,11,1,written,,
396665,Q2167301,Cuneiform Tablet K 06596,create,10,1,written,,
533574,Q2167302,Cuneiform Artifact CDLI Seals 003006.01b (composite),create,7,0,written,,
565314,Q2167303,"Cuneiform Tablet ADART 3, no. -134 A",create,10,1,written,,
460274,Q2167304,Cuneiform Tablet FLP 1808,create,8,1,written,,
130865,Q2040983,Cuneiform Tablet Syracuse 314,update,4,7,written,,
293705,Q2167305,"Cuneiform Artifact RIME 3/1.01.12.03, ex. add27",create,11,1,written,,
436414,Q2167306,"Cuneiform Tablet KBo 21, 008",create,10,1,written,,
225331,Q2167307,"Cuneiform Artifact RIME 4.01.05.04, ex. 011",create,9,1,written,,
376431,Q1988432,"Cuneiform Tablet Nisaba 23, 123",update,4,8,written,,
104439,Q1993974,"Cuneiform Tablet AUCT 3, 219",update,4,7,written,,
585140,Q2167308,Cuneiform Tablet BM 065468,create,9,1,written,,
214895,Q2167309,"Cuneiform Tablet JCS 35, 168, 01",create,8,1,written,,
480020,Q2167310,"Cuneiform Tablet CT 49, 102",create,11,1,written,,
1559,Q2167311,"Cuneiform Tablet ATU 5, pl. 103, W 9656,eo",create,10,1,written,,
389969,Q2167312,Cuneiform Artifact LB 2386,create,8,1,written,,
402848,Q2167313,Cuneiform Tablet K 17514,create,10,1,written,,
215787,Q1980335,"Cuneiform Tablet Nik 2, 006",update,5,6,written,,
507928,Q2167314,Cuneiform Tablet P507928,create,10,1,written,,
519936,Q2042173,Cuneiform Tablet CUNES 58-01-115,update,4,7,written,,
528292,Q2167315,"Cuneiform Artifact SAAB 09, 069",create,11,1,written,,
346087,Q2025035,"Cuneiform Tablet CDLI Literary 000352, ex. 002",update,4,8,written,,
358099,Q1371514,"Cuneiform Tablet TMH 01, 16b",update,5,6,written,,
599163,Q2167316,Cuneiform Tablet BM 094404,create,10,1,written,,
397977,Q2167317,"Cuneiform Tablet MC 24, no. 70",create,10,1,written,,
504607,Q2167318,Cuneiform Artifact CDLI Seals 013479 (physical),create,9,1,written,,
552067,Q2167319,"Cuneiform Tablet CM 20, no. 227",create,11,1,written,,
131777,Q2043393,"Cuneiform Tablet TCL 05, 6164",update,4,8,written,,
292817,Q2167320,"Cuneiform Tablet BIN 07, 210",create,10,2,written,,
259913,Q2167321,"Cuneiform Tablet BE 08/1, 042",create,10,1,written,,
401767,Q2167322,Cuneiform Tablet K 16045,create,10,1,written,,
457107,Q2167323,Cuneiform Artifact CDLI Seals 004397 (composite),create,10,0,written,,
212042,Q2061456,"Cuneiform Tablet Hermitage 3, 146",update,4,8,written,,
341742,Q2167324,"Cuneiform Tablet ARM 09, 160",create,11,1,written,,
583997,Q2167325,Cuneiform Tablet BM 063952,create,10,1,written,,
419707,Q2167326,Cuneiform Tablet K 21422,create,10,1,written,,
548893,Q2167327,Cuneiform Artifact CDLI Seals 026278 (physical),create,9,1,written,,
244622,Q2167328,Cuneiform Tablet P244622,create,10,1,written,,
221372,Q2049198,Cuneiform Tablet TSA 11,update,4,8,written,,
134826,Q2048456,Cuneiform Tablet TRU 062,update,4,7,written,,
239312,Q2167329,Cuneiform Tablet K 15033,create,11,1,written,,
579337,Q2167330,Cuneiform Tablet BM 055237,create,10,1,written,,
455993,Q2167331,Cuneiform Artifact CDLI Seals 003283 (composite),create,10,0,written,,
372472,Q2167332,"Cuneiform Tablet VS 08, 058",create,10,1,written,,
297746,Q2167333,Cuneiform Tablet NBC 04725,create,11,1,written,,
432457,Q2167334,Cuneiform Tablet MMUM 35519,create,8,1,written,,
581103,Q2167335,Cuneiform Artifact BM 060499,create,9,1,written,,
561357,Q2167336,Cuneiform Tablet BM 085522,create,10,1,written,,
308687,Q2167337,Cuneiform Tablet YBC 07769,create,10,1,written,,
105382,Q1997937,"Cuneiform Tablet BCT 2, 141",update,4,7,written,,
537537,Q2167338,Cuneiform Tablet JNES 24 167-92 1963-14,create,11,0,written,,
392626,Q2061852,"Cuneiform Tablet UVB 15, 036",update,4,6,written,,
359722,Q1369545,"Cuneiform Tablet ICK 2, 134",update,5,6,written,,
566492,Q2167339,Cuneiform Tablet BM 035527,create,11,1,written,,
501956,Q2167340,"Cuneiform Tablet TCTI 3, 06193",create,11,1,written,,
344813,Q2167341,Cuneiform Tablet PRAK A 508,create,8,1,written,,
129717,Q2167342,Cuneiform Tablet SET 309,create,10,1,written,,
404836,Q1975208,"Cuneiform Tablet AchHist 15, 134",update,4,8,written,,
435392,Q2167343,"Cuneiform Tablet KBo 12, 124",create,10,1,written,,
345701,Q894331,"Cuneiform Tablet TMH NF 4, 61",update,5,6,written,,
313161,Q2167344,Cuneiform Tablet ARN 041,create,10,1,written,,
216001,Q1995403,"Cuneiform Tablet OIP 014, 145",update,4,7,written,,
102447,Q2167345,"Cuneiform Tablet ASJ 11, 324 09",create,10,1,written,,
478214,Q2167346,Cuneiform Artifact CDLI Seals 011420 (physical),create,10,1,written,,
241973,Q2167347,Cuneiform Tablet P241973,create,10,1,written,,
556024,Q2167348,"Cuneiform Tablet AOAT 451, no. 236",create,10,1,written,,
240661,Q2167349,"Cuneiform Tablet ARET 10, 127",create,10,1,written,,
405724,Q2167350,Cuneiform Tablet SM 1891.11.117,create,9,1,written,,
338231,Q2167351,"Cuneiform Artifact MSVO 2, ED seal no. 053c",create,10,1,written,,
500644,Q1362673,Cuneiform Tablet P500644,update,5,5,written,,
498040,Q2167352,Cuneiform Artifact CDLI Seals 012109 (composite),create,10,0,written,,
128805,Q2026914,"Cuneiform Tablet SACT 1, 050",update,4,8,written,,
391909,Q2019002,"Cuneiform Tablet RIME 4.04.01.02, ex. add077",update,3,8,written,,
453144,Q2167353,"Cuneiform Artifact RIME 3/1.01.07.037, ex. add1343",create,10,1,written,,
309995,Q2167354,Cuneiform Tablet YBC 09273,create,11,1,written,,
294869,Q2167355,Cuneiform Tablet MLC 00055,create,9,1,written,,
393934,Q2167356,"Cuneiform Artifact RINAP 3/1 Sennacherib 004, ex. 012",create,11,1,written,,
358830,Q1359449,"Cuneiform Tablet CCT 5, 37, BM 115128",update,5,6,written,,
369394,Q2167357,Cuneiform Tablet KAR 435,create,11,1,written,,
245199,Q1907215,Cuneiform Tablet P245199,update,4,7,written,,
296854,Q2167358,Cuneiform Tablet MLC 02287,create,9,1,written,,
137709,Q2054544,"Cuneiform Tablet UET 3, 1384",update,4,8,written,,
507181,Q2167359,"Cuneiform Tablet Nisaba 34, 1134",create,10,1,written,,
135734,Q2050169,Cuneiform Tablet TUT 161,update,4,8,written,,
529529,Q2167360,Cuneiform Tablet Fs Veenhof 013-030 no. 10,create,11,1,written,,
289758,Q2167361,Cuneiform Tablet NBC 11720,create,11,1,written,,
418815,Q2167362,Cuneiform Tablet K 20389,create,10,1,written,,
480889,Q2167363,Cuneiform Tablet Bo 0166/d,create,11,1,written,,
554019,Q2167364,Cuneiform Tablet Dar. 139,create,10,1,written,,
407719,Q2167365,Cuneiform Tablet SM 1913.02.099,create,11,1,written,,
502679,Q1362687,Cuneiform Tablet P502679,update,5,6,written,,
451179,Q1988495,Cuneiform Artifact P451179,update,3,4,written,,
600611,Q2167366,Cuneiform Tablet BM 099919,create,10,1,written,,
568875,Q2167367,Cuneiform Tablet BM 043657,create,9,1,written,,
572081,Q2167368,Cuneiform Tablet BM 049608,create,8,1,written,,
421781,Q2167369,Cuneiform Tablet P421781,create,11,1,written,,
140634,Q2167370,"Cuneiform Tablet UTI 4, 2615",create,11,1,written,,
228850,Q1938232,"Cuneiform Tablet MSL 14, 028 Ks",update,4,8,written,,
472619,Q1932543,Cuneiform Tablet Lippmann Coll 319,update,3,7,written,,
384208,Q2167371,"Cuneiform Tablet OIP 092, 1522",create,10,1,written,,
521119,Q2167372,Cuneiform Tablet KTU3 4.611,create,10,1,written,,
577779,Q2167373,Cuneiform Tablet BM 052817,create,9,1,written,,
424079,Q2167374,"Cuneiform Tablet AbB 10, 201",create,11,1,written,,
281368,Q2167375,Cuneiform Tablet N 7640,create,8,1,written,,
283355,Q2167376,Cuneiform Tablet VAT 20072,create,8,1,written,,
426044,Q2167377,Cuneiform Tablet Sm 1682,create,9,1,written,,
235761,Q2167378,"Cuneiform Tablet Fs Kraus 012-025, no. 08",create,9,1,written,,
459549,Q2167379,"Cuneiform Tablet MDP 55, 68",create,10,1,written,,
470624,Q2167380,"Cuneiform Tablet dubsar 3, 072",create,11,1,written,,
263101,Q2167381,Cuneiform Tablet CBS 08229,create,10,1,written,,
575744,Q2167382,Cuneiform Tablet BM 050486,create,8,1,written,,
363799,Q2167383,Cuneiform Tablet LBAT 0030 + 0031 + 0032,create,10,1,written,,
248251,Q2167384,Cuneiform Tablet HMA 9-02524,create,10,1,written,,
111791,Q1925791,"Cuneiform Tablet JAOS 033, 026 2",update,4,7,written,,
508274,Q2167385,Cuneiform Tablet al-Ubaid diss. IM 92722,create,10,1,written,,
595510,Q2167386,Cuneiform Tablet BM 080611,create,10,1,written,,
330601,Q1971781,"Cuneiform Tablet AAICAB 1/4, Bod S 535",update,4,8,written,,
114069,Q2167387,"Cuneiform Artifact MVN 04, 117",create,11,1,written,,
142609,Q2066842,"Cuneiform Tablet Zinbun 21, pl. 07 39",update,4,8,written,,
331913,Q1983684,"Cuneiform Tablet Nisaba 05/2, 251",update,5,7,written,,
234873,Q1930137,Cuneiform Tablet KM 89084,update,4,8,written,,
230099,Q2066338,Cuneiform Tablet Ist Ni 05143,update,4,6,written,,
110883,Q2067067,"Cuneiform Tablet ITT 2, 01013",update,4,8,written,,
11109,Q2064162,Cuneiform Tablet WF 151,update,4,8,written,,
495388,Q2167388,Cuneiform Tablet P495388,create,8,1,written,,
574856,Q2167389,Cuneiform Tablet BM 071811,create,7,1,written,,
420893,Q2167390,Cuneiform Tablet SMUI 1913.14.0684,create,8,1,written,,
440292,Q2167391,"Cuneiform Tablet KBo 41, 184",create,10,1,written,,
589533,Q2167392,Cuneiform Tablet BM 070506,create,9,1,written,,
471936,Q2167393,"Cuneiform Tablet ARM 30, p. 398 M 11833",create,11,1,written,,
513592,Q896815,"Cuneiform Tablet TMH NF 5, 51",update,9,3,written,,
514257,Q2038555,"Cuneiform Tablet StAT 3, 037",update,4,8,written,,
542437,Q2167394,Cuneiform Artifact CDLI Seals 021583 (physical),create,9,1,written,,
121327,Q1973216,Cuneiform Tablet NATN 629,update,4,8,written,,
447557,Q2167395,"Cuneiform Tablet KUB 58, 069",create,10,1,written,,
601903,Q2167396,Cuneiform Tablet BM 108966,create,11,1,written,,
141926,Q2060185,Cuneiform Tablet UNT 107,update,4,8,written,,
569767,Q2167397,Cuneiform Tablet BM 044838,create,8,1,written,,
229742,Q2032133,"Cuneiform Tablet CDLI Literary 000821, ex. 005",update,4,9,written,,
411337,Q2167398,"Cuneiform Tablet CUSAS 29, 198",create,9,1,written,,
202412,Q2167399,Cuneiform Tablet BM 025146,create,10,1,written,,
307572,Q2167400,Cuneiform Tablet YBC 06544,create,10,1,written,,
351312,Q2167401,"Cuneiform Tablet ARM 13, 122",create,11,1,written,,
445090,Q2167402,"Cuneiform Tablet KUB 29, 018 +? KUB 29, 020",create,10,1,written,,
378585,Q2006037,"Cuneiform Tablet PPAC 5, 0964",update,4,8,written,,
494960,Q2167403,"Cuneiform Tablet MDP 22, 094",create,11,1,written,,
516790,Q2054883,"Cuneiform Tablet CUSAS 40, 2006",update,3,7,written,,
298149,Q1974894,Cuneiform Tablet NBC 05232,update,4,8,written,,
124125,Q1998232,"Cuneiform Tablet OIP 121, 395",update,4,8,written,,
254272,Q2167404,"Cuneiform Tablet ARM 01, 071",create,11,1,written,,
591800,Q2167405,Cuneiform Tablet BM 073273,create,9,1,written,,
207610,Q2005961,Cuneiform Tablet BM 027563,update,4,8,written,,
416108,Q2045233,"Cuneiform Tablet TCTI 3, 06420",update,4,8,written,,
302770,Q2167406,Cuneiform Tablet NCBT 00717,create,11,1,written,,
538338,Q2167407,Cuneiform Artifact CDLI Seals 017513 (physical),create,7,1,written,,
545608,Q2167408,Cuneiform Artifact CDLI Seals 023237 (physical),create,7,1,written,,
513068,Q2012650,"Cuneiform Tablet RA 085, 045 20",update,4,7,written,,
251070,Q2167409,"Cuneiform Tablet CUSAS 09, 324",create,8,1,written,,
440768,Q2167410,"Cuneiform Tablet KBo 43, 303",create,10,1,written,,
414135,Q2167411,Cuneiform Tablet BL 171,create,11,1,written,,
354110,Q2167412,"Cuneiform Tablet ARM 25, 371",create,11,1,written,,
511055,Q2167413,"Cuneiform Tablet AbB 05, 029",create,11,1,written,,
547635,Q2167414,Cuneiform Artifact CDLI Seals 025060 (physical),create,9,1,written,,
307088,Q2167415,"Cuneiform Tablet YOS 12, 459",create,11,2,written,,
329420,Q2043687,"Cuneiform Tablet CUSAS 03, 0883",update,4,7,written,,
8328,Q2167416,"Cuneiform Tablet MDP 17, 130",create,10,1,written,,
442755,Q2167417,"Cuneiform Tablet KBo 50, 234",create,10,1,written,,
280980,Q2167418,Cuneiform Tablet N 7246,create,8,1,written,,
558939,Q2167419,Cuneiform Tablet BM 025708,create,11,1,written,,
126118,Q2167420,"Cuneiform Tablet PDT 1, 0702",create,11,1,written,,
546927,Q2167421,Cuneiform Artifact CDLI Seals 024364 (physical),create,7,1,written,,
281692,Q2167422,"Cuneiform Tablet Zinbun 34, Text 129",create,11,1,written,,
424583,Q2167423,"Cuneiform Artifact RINAP 5/1 Ashurbanipal 011, ex. 095",create,10,1,written,,
319096,Q2167424,Cuneiform Tablet BM 019706,create,11,1,written,,
254788,Q2167425,Cuneiform Tablet Platt,create,10,1,written,,
138106,Q2055327,"Cuneiform Tablet UET 3, 1780",update,4,8,written,,
443847,Q2167426,"Cuneiform Tablet KUB 04, 002",create,10,1,written,,
303862,Q2167427,Cuneiform Tablet NCBT 01822,create,10,2,written,,
577283,Q2167428,Cuneiform Tablet BM 052266,create,9,1,written,,
113256,Q1943663,"Cuneiform Tablet MVN 01, 223",update,4,8,written,,
114593,Q1949760,"Cuneiform Tablet MVN 06, 137",update,4,8,written,,
590712,Q2167429,Cuneiform Tablet BM 071831,create,9,1,written,,
363263,Q1975596,Cuneiform Tablet ACT 1031,update,4,7,written,,
230563,Q2059422,Cuneiform Tablet UM 29-16-575,update,4,7,written,,
408116,Q2167430,Cuneiform Tablet SM 1995.03.100,create,10,1,written,,
335403,Q1980450,Cuneiform Tablet ADD 0463,update,4,8,written,,
206902,Q2167431,Cuneiform Tablet BM 025075,create,11,1,written,,
348133,Q2167432,Cuneiform Tablet AlT 166,create,10,1,written,,
570546,Q2167433,Cuneiform Tablet BM 046695,create,9,1,written,,
383037,Q2167434,"Cuneiform Tablet OIP 092, 0351",create,10,1,written,,
286157,Q2167435,Cuneiform Tablet HFAC 098,create,11,1,written,,
475426,Q2167436,Cuneiform Artifact CDLI Seals 008686 (physical),create,10,1,written,,
495672,Q2167437,Cuneiform Tablet P495672,create,8,1,written,,
423246,Q2167438,Cuneiform Tablet BM 134520,create,7,1,written,,
562982,Q2167439,Cuneiform Tablet BM 036342,create,8,1,written,,
266303,Q2167440,Cuneiform Tablet CBS 11142,create,11,1,written,,
238153,Q2167441,Cuneiform Tablet AAT pl. 28,create,11,1,written,,
553226,Q2167442,Cuneiform Tablet Nbn. 617,create,10,1,written,,
526326,Q2167443,"Cuneiform Tablet ABAW 143, 224",create,9,1,written,,
456346,Q2167444,Cuneiform Artifact CDLI Seals 003636 (composite),create,10,0,written,,
505446,Q2167445,Cuneiform Tablet YBC 16510,create,7,1,written,,
245463,Q2167446,Cuneiform Tablet P245463,create,10,1,written,,
400526,Q2167447,Cuneiform Tablet K 13892,create,10,1,written,,
578176,Q2167448,Cuneiform Tablet BM 053269,create,9,1,written,,
598322,Q2167449,Cuneiform Tablet BM 084989,create,9,1,written,,
213203,Q2058622,"Cuneiform Tablet FAOS 19, Ad 05",update,4,8,written,,
3837,Q2167450,"Cuneiform Tablet ATU 7, pl. 070, W 20511,31",create,9,1,written,,
106957,Q2007336,Cuneiform Tablet BM Messenger 078,update,4,8,written,,
130536,Q2040354,Cuneiform Tablet SumTemDocs 09,update,4,7,written,,
340503,Q2167451,"Cuneiform Tablet BPOA 02, 1848",create,11,1,written,,
376962,Q1989577,"Cuneiform Tablet Nisaba 31/2, 040",update,4,8,written,,
502383,Q2167452,"Cuneiform Tablet TCTI 3, 09068",create,11,1,written,,
533827,Q2167453,Cuneiform Artifact CDLI Seals 004003.2 (composite),create,7,0,written,,
273802,Q2167454,Cuneiform Tablet Education in the Earliest Schools 015,create,7,1,written,,
564155,Q2167455,Cuneiform Tablet BM 039012,create,10,1,written,,
532735,Q2167456,Cuneiform Tablet SPAB 275,create,11,1,written,,
461035,Q2167457,Cuneiform Tablet FLP unn46,create,10,1,written,,
397424,Q2167458,Cuneiform Tablet K 07993,create,10,1,written,,
436947,Q2167459,"Cuneiform Tablet KBo 25, 042",create,10,1,written,,
292544,Q2010692,"Cuneiform Tablet BPOA 07, 1711",update,4,8,written,,
437655,Q2167460,"Cuneiform Tablet KBo 29, 024",create,10,1,written,,
259440,Q2167461,"Cuneiform Tablet BE 14, 104",create,9,1,written,,
100180,Q1972299,Cuneiform Tablet AAS 200,update,3,7,written,,
584301,Q2167462,Cuneiform Tablet BM 064410,create,9,1,written,,
481261,Q2167463,"Cuneiform Tablet SANTAG 4, 141",create,9,1,written,,
377670,Q2167464,Cuneiform Tablet BM 112915,create,10,1,written,,
321010,Q2167465,"Cuneiform Tablet Nisaba 08, 363",create,11,1,written,,
519465,Q2024630,"Cuneiform Tablet RSO 92, 037-045 02",update,4,7,written,,
221688,Q2039206,"Cuneiform Tablet CTMMA 1, 003",update,4,7,written,,
372188,Q2167466,"Cuneiform Tablet VS 06, 293",create,8,1,written,,
224170,Q2167467,Cuneiform Tablet OBTR 092,create,11,1,written,,
430190,Q2167468,Cuneiform Artifact CDLI Seals 000090 (composite),create,10,0,written,,
2725,Q2167469,Cuneiform Tablet IM 046049,create,10,1,written,,
428959,Q2167470,"Cuneiform Tablet Iraq 23, 041, pl. 22, ND 2652",create,9,1,written,,
272710,Q2167471,Cuneiform Tablet Fowler X77-345,create,10,1,written,,
107645,Q2034034,Cuneiform Tablet CST (JRL) 133,update,4,8,written,,
105678,Q1998475,"Cuneiform Tablet BE 03/1, 126",update,4,8,written,,
295281,Q2167472,Cuneiform Tablet MLC 00483,create,7,1,written,,
563690,Q2167473,Cuneiform Tablet BM 038240,create,10,1,written,,
530708,Q2167474,Cuneiform Artifact CDLI Seals 015196 (physical),create,8,1,written,,
290579,Q2012110,"Cuneiform Tablet BPOA 07, 2070",update,4,8,written,,
566168,Q2167475,Cuneiform Tablet BM 037634,create,9,1,written,,
395419,Q2167476,"Cuneiform Tablet Boissier Choix 1, 094",create,10,1,written,,
118949,Q2167477,"Cuneiform Tablet MVN 16, 0901",create,11,1,written,,
500214,Q2045312,Cuneiform Tablet TCUR 27,update,4,7,written,,
405374,Q1982411,"Cuneiform Tablet Nisaba 04/2, 62",update,4,7,written,,
498410,Q2167478,Cuneiform Artifact P498410,create,6,1,written,,
435668,Q2167479,"Cuneiform Tablet KBo 14, 006",create,10,1,written,,
556474,Q2167480,"Cuneiform Tablet MC 25, 418",create,7,1,written,,
216451,Q2016305,"Cuneiform Tablet RIME 2.01.02.11, ex. 14",update,3,7,written,,
338661,Q2039416,"Cuneiform Tablet STT 2, 346",update,5,6,written,,
271995,Q2058388,"Cuneiform Tablet Emar 6/2, p. 571-574, Msk 74247",update,4,7,written,,
313531,Q2036966,"Cuneiform Tablet CT 53, 116",update,4,8,written,,
345351,Q2029257,"Cuneiform Tablet CDLI Literary 000720, ex. 001",update,4,8,written,,
478644,Q2167481,Cuneiform Artifact CDLI Seals 011850 (physical),create,9,1,written,,
562828,Q2167482,Cuneiform Tablet BM 035827,create,7,1,written,,
240231,Q2167483,Cuneiform Tablet Sm 0045,create,11,1,written,,
135364,Q2044131,Cuneiform Tablet TCNU 518,update,4,8,written,,
137359,Q2053853,"Cuneiform Tablet UET 3, 1034",update,4,8,written,,
342494,Q2063139,"Cuneiform Tablet VS 15, 41",update,4,8,written,,
325950,Q2167484,"Cuneiform Artifact CUSAS 20, 373",create,9,1,written,,
467948,Q2167485,Cuneiform Tablet U 00992,create,7,0,written,,
211394,Q2029106,"Cuneiform Tablet SANTAG 6, 271",update,4,8,written,,
389590,Q1372191,"Cuneiform Tablet NINO Annual Report 2009, 22-25",update,5,6,written,,
598288,Q2167486,Cuneiform Tablet BM 084927,create,9,1,written,,
220830,Q2056263,Cuneiform Tablet DP 180,update,4,8,written,,
554449,Q2167487,Cuneiform Tablet Camb. 181,create,10,1,written,,
502229,Q2167488,"Cuneiform Tablet TCTI 3, 08257",create,11,1,written,,
297316,Q1370384,"Cuneiform Tablet BIN 06, 184",update,6,6,written,,
560815,Q2167489,Cuneiform Tablet BM 022510,create,9,1,written,,
464667,Q2167490,"Cuneiform Artifact RIMA 2.0.101.113, ex. 39",create,11,1,written,,
407349,Q2167491,"Cuneiform Tablet HSS 68, 404",create,11,1,written,,
465975,Q2013918,"Cuneiform Tablet RIMA 1.0.076.001, ex. 10 = RIMA 1.0.076.008, ex. 02",update,4,8,written,,
451529,Q1988784,Cuneiform Artifact P451529,update,3,5,written,,
529179,Q2167492,Cuneiform Artifact CDLI Seals 016326 (physical),create,6,1,written,,
324642,Q2044152,"Cuneiform Tablet CUSAS 03, 1164",update,4,7,written,,
392276,Q2167493,"Cuneiform Artifact RINAP 5/1 Ashurbanipal 009, ex. 175",create,11,1,written,,
419357,Q2167494,Cuneiform Tablet K 21023,create,10,1,written,,
359372,Q2167495,Cuneiform Tablet Prag 815,create,10,1,written,,
581553,Q2167496,Cuneiform Tablet BM 061194,create,9,1,written,,
277142,Q2167497,Cuneiform Tablet N 2031,create,11,1,written,,
221722,Q1979736,"Cuneiform Tablet Nik 1, 015",update,4,8,written,,
561707,Q2167498,Cuneiform Tablet BM 031656,create,10,1,written,,
323187,Q2046152,"Cuneiform Tablet CUSAS 13, 151",update,4,7,written,,
372022,Q2167499,"Cuneiform Tablet VS 06, 127",create,11,1,written,,
479956,Q2167500,"Cuneiform Tablet CT 49, 044",create,11,1,written,,
129347,Q2027935,Cuneiform Tablet SAKF 077,update,4,8,written,,
586296,Q2167501,Cuneiform Tablet BM 066839,create,9,1,written,,
102017,Q1989096,"Cuneiform Tablet ASJ 03, 076",update,4,8,written,,
282817,Q2065755,"Cuneiform Tablet Iraq 30, pl. 53 TR 2907",update,6,5,written,,
387977,Q1986150,"Cuneiform Tablet Nisaba 15, 0770",update,4,7,written,,
249913,Q2167502,Cuneiform Tablet AUAM 73.2594,create,8,1,written,,
339973,Q2167503,"Cuneiform Tablet BPOA 01, 1318",create,11,1,written,,
509936,Q2167504,"Cuneiform Tablet MHET 2/4, 557",create,10,1,written,,
356087,Q2028456,"Cuneiform Tablet CDLI Literary 000619, ex. 028",update,4,8,written,,
121777,Q2167505,"Cuneiform Artifact Nik 2, 094",create,11,1,written,,
538292,Q2167506,Cuneiform Artifact CDLI Seals 017467 (physical),create,7,1,written,,
202042,Q1982055,"Cuneiform Tablet Nisaba 03/2, 08",update,4,8,written,,
351742,Q2167507,"Cuneiform Tablet ARM 19, 203",create,11,1,written,,
569337,Q2167508,Cuneiform Tablet BM 044357,create,7,1,written,,
254622,Q2167509,"Cuneiform Tablet New MCT, §05.4 IM 054559",create,10,1,written,,
593997,Q2167510,Cuneiform Tablet BM 077622,create,11,1,written,,
307122,Q2167511,Cuneiform Tablet YBC 06087,create,10,1,written,,
558893,Q2167512,Cuneiform Tablet BM 025626,create,11,1,written,,
447107,Q2167513,"Cuneiform Tablet KUB 52, 095",create,10,1,written,,
514607,Q2020943,"Cuneiform Artifact RINAP 5/1 Ashurbanipal 059, ex. 004",update,4,8,written,,
589163,Q2167514,Cuneiform Tablet BM 070092,create,9,1,written,,
229312,Q894867,"Cuneiform Tablet MSL 12, 176 O",update,4,8,written,,
542067,Q2167515,Cuneiform Artifact CDLI Seals 021229 (physical),create,9,1,written,,
411767,Q2167516,Cuneiform Tablet CUNES 52-18-160,create,8,1,written,,
559781,Q2167517,Cuneiform Tablet BM 025634,create,10,1,written,,
515915,Q2053343,"Cuneiform Tablet CUSAS 40, 1131",update,4,7,written,,
8282,Q2167518,"Cuneiform Tablet MDP 17, 084",create,10,1,written,,
337594,Q2167519,Cuneiform Tablet OIM A04395,create,11,1,written,,
140264,Q2167520,"Cuneiform Tablet UTI 3, 2245",create,11,1,written,,
600241,Q2167521,Cuneiform Tablet BM 098464,create,8,1,written,,
592685,Q2167522,Cuneiform Tablet BM 074462,create,11,1,written,,
255930,Q2167523,Cuneiform Tablet UM 29-15-080,create,11,1,written,,
264294,Q2017607,Cuneiform Tablet CBS 06862,update,4,7,written,,
459119,Q2167524,Cuneiform Tablet CAJS 31,create,6,1,written,,
281738,Q1929742,Cuneiform Tablet KAV 102,update,4,6,written,,
350850,Q2167525,"Cuneiform Tablet ARM 12, 407",create,11,1,written,,
116404,Q1956561,"Cuneiform Tablet MVN 12, 142",update,4,8,written,,
122858,Q1993923,Cuneiform Tablet NYPL 320,update,4,8,written,,
424429,Q2058360,"Cuneiform Tablet Emar 6/2, p. 506, Msk 74206b",update,4,7,written,,
472249,Q2167527,"Cuneiform Tablet ARM 32, p. 483 M 15073",create,11,1,written,,
384658,Q2167528,"Cuneiform Tablet OIP 092, 1972",create,10,1,written,,
235331,Q2060219,Cuneiform Tablet USC 6516,update,4,8,written,,
577329,Q2167529,Cuneiform Tablet BM 052318,create,9,1,written,,
330251,Q2167530,Cuneiform Tablet OIM A30607,create,11,1,written,,
521549,Q1975058,"Cuneiform Tablet AchHist 15, 060",update,4,8,written,,
204895,Q2167531,"Cuneiform Tablet BPOA 01, 0113",create,11,1,written,,
120865,Q1972472,Cuneiform Tablet NATN 167,update,4,8,written,,
508624,Q2167532,Cuneiform Tablet IM 052690,create,9,1,written,,
366431,Q2167533,"Cuneiform Tablet CT 56, 116",create,10,1,written,,
426414,Q2167534,Cuneiform Tablet Sm 0049 + Sm 0752,create,9,1,written,,
248601,Q1970262,"Cuneiform Tablet AAICAB 1/2, pl. 089, 1935-526",update,4,8,written,,
386665,Q2167535,"Cuneiform Tablet TCL 01, 229",create,11,1,written,,
595140,Q2167536,Cuneiform Tablet BM 079649,create,10,1,written,,
523574,Q2167537,Cuneiform Artifact CDLI Seals 015015 (physical),create,6,1,written,,
412848,Q2167538,Cuneiform Tablet BM 100212,create,10,1,written,,
348099,Q2167539,Cuneiform Tablet AlT 132,create,10,1,written,,
399969,Q2167540,Cuneiform Tablet K 12657,create,10,1,written,,
470274,Q2167541,"Cuneiform Artifact RINBE 1, Nebuchadnezzar II nn, ex. nn",create,10,1,written,,
261096,Q2167542,Cuneiform Tablet CBS 04900,create,7,1,written,,
145066,Q2034187,"Cuneiform Tablet SAT 3, 1866",update,4,8,written,,
142259,Q2065082,"Cuneiform Tablet YOS 04, 195",update,4,8,written,,
575314,Q2167543,Cuneiform Tablet BM 077146,create,7,1,written,,
332796,Q2167544,Cuneiform Tablet CUNES 48-08-239,create,8,1,written,,
348563,Q2037035,"Cuneiform Tablet SpTU 1, 144",update,4,6,written,,
526776,Q2167545,"Cuneiform Tablet ABAW 143, 683",create,10,1,written,,
383467,Q2167547,"Cuneiform Tablet OIP 092, 0781",create,10,1,written,,
423616,Q2167548,"Cuneiform Tablet MSL 14, 349 A",create,11,2,written,,
597487,Q2167549,Cuneiform Tablet BM 083986,create,9,1,written,,
570116,Q2167550,Cuneiform Tablet BM 045217,create,7,1,written,,
138556,Q2057047,"Cuneiform Tablet UET 9, 0425",update,4,8,written,,
602786,Q2167551,"Cuneiform Tablet RA 90, 43 no. 2",create,9,1,written,,
335053,Q1979743,Cuneiform Tablet ADD 0101A,update,4,7,written,,
230133,Q2057768,"Cuneiform Tablet EEN 316, N 6157",update,4,7,written,,
590342,Q2167552,Cuneiform Tablet BM 071411,create,9,1,written,,
475076,Q2167553,Cuneiform Artifact CDLI Seals 008299 (physical),create,9,1,written,,
495222,Q2167554,Cuneiform Tablet P495222,create,8,1,written,,
286507,Q1894012,"Cuneiform Tablet YNER 04, 035",update,4,8,written,,
266753,Q2167555,Cuneiform Tablet CBS 11612,create,11,1,written,,
113606,Q1945051,"Cuneiform Tablet MVN 02, 307",update,4,7,written,,
353285,Q2167556,"Cuneiform Tablet ARM 23, 497",create,11,1,written,,
124575,Q1999076,"Cuneiform Tablet Ontario 1, 162",update,4,8,written,,
398381,Q2167557,Cuneiform Tablet K 09895,create,10,1,written,,
200585,Q2066493,"Cuneiform Tablet ZA 090, 169, AO 29700",update,4,8,written,,
408546,Q2167558,"Cuneiform Tablet HSS 13, 372",create,10,1,written,,
362921,Q1986829,"Cuneiform Tablet Nisaba 16, 006",update,4,8,written,,
440338,Q2167559,"Cuneiform Tablet KUB 06, 012 + KUB 16, 019 + KUB 18, 010 + KBo 41, 230",create,10,1,written,,
545258,Q2167560,Cuneiform Artifact CDLI Seals 022906 (physical),create,6,1,written,,
422904,Q2167561,Cuneiform Tablet BM 128148,create,7,1,written,,
298519,Q1975160,Cuneiform Tablet NBC 06698,update,4,8,written,,
527864,Q2167562,Cuneiform Artifact BM 097948,create,10,1,written,,
416558,Q2167563,"Cuneiform Tablet HSS 14, 016",create,9,1,written,,
442305,Q2167564,"Cuneiform Tablet KBo 49, 077",create,10,1,written,,
414565,Q2065801,"Cuneiform Tablet YOS 15, 202",update,4,7,written,,
538768,Q2167565,Cuneiform Artifact CDLI Seals 017943 (physical),create,9,1,written,,
251420,Q2167566,Cuneiform Tablet MS 2224,create,7,1,written,,
110929,Q2006504,"Cuneiform Tablet ITT 2, 03193",update,4,8,written,,
547265,Q2167567,Cuneiform Artifact CDLI Seals 024693 (physical),create,8,1,written,,
329070,Q2047518,"Cuneiform Tablet CUSAS 20, 069",update,4,6,written,,
333884,Q1360112,"Cuneiform Tablet VS 26, 154",update,5,6,written,,
511405,Q2167569,Cuneiform Artifact Parrot Glyptique 065,create,9,1,written,,
207240,Q2167570,Cuneiform Tablet BM 027721,create,11,1,written,,
589499,Q2167571,Cuneiform Tablet BM 070467,create,11,1,written,,
354540,Q2167572,"Cuneiform Tablet ARM 25, 801",create,11,1,written,,
420939,Q2167573,Cuneiform Tablet SMUI 1913.14.0753,create,8,1,written,,
8778,Q2167574,"Cuneiform Tablet MDP 26, 090",create,10,1,written,,
126548,Q2167575,"Cuneiform Tablet PDT 2, 1218",create,11,1,written,,
584751,Q2167576,Cuneiform Tablet BM 064981,create,10,1,written,,
519035,Q2021503,"Cuneiform Artifact RINBE 2, Nabonidus 28, ex. 48",update,4,8,written,,
302320,Q2167577,Cuneiform Tablet NCBT 00267,create,11,1,written,,
377220,Q2167578,Cuneiform Tablet BM 113038,create,10,1,written,,
224520,Q2039496,"Cuneiform Tablet CTN 2, 011",update,4,8,written,,
272340,Q2167579,"Cuneiform Tablet Emar 6/2, p. 707-708, Msk 752",create,9,1,written,,
481631,Q2167580,Cuneiform Tablet ACT 0605,create,11,1,written,,
525859,Q2167581,"Cuneiform Tablet ARM 33, 224",create,11,1,written,,
437205,Q2167583,"Cuneiform Tablet KBo 26, 151",create,10,1,written,,
564505,Q2167584,Cuneiform Tablet BM 039587,create,10,1,written,,
346984,Q2167585,"Cuneiform Tablet UET 7, 0019",create,9,1,written,,
397074,Q2167586,Cuneiform Tablet K 07162,create,10,1,written,,
259010,Q2167587,Cuneiform Tablet CBS 01678,create,8,1,written,,
292114,Q1370167,"Cuneiform Tablet BIN 04, 021",update,6,6,written,,
532365,Q2167588,"Cuneiform Artifact BiMes 29 = TFR 2, Terqa 7-19",create,10,1,written,,
461465,Q2167589,Cuneiform Artifact UM 84-26-102,create,8,1,written,,
550959,Q2167590,Cuneiform Tablet Nbk. 250,create,10,1,written,,
552964,Q2167591,Cuneiform Tablet Nbn. 770,create,11,1,written,,
359688,Q1369504,"Cuneiform Tablet ICK 2, 100",update,5,6,written,,
455839,Q2167592,Cuneiform Artifact CDLI Seals 003129 (composite),create,10,0,written,,
348,Q2020561,"Cuneiform Tablet CDLI Lexical 000002, ex. 163",update,4,7,written,,
105228,Q1997626,"Cuneiform Tablet BCT 1, 126",update,4,7,written,,
457804,Q2167593,Cuneiform Artifact CDLI Seals 005094 (composite),create,10,0,written,,
317821,Q2167594,Cuneiform Tablet BM 018114,create,11,1,written,,
2375,Q2167595,"Cuneiform Tablet IM 023438,4",create,10,1,written,,
275485,Q2167596,Cuneiform Tablet N 0225,create,10,1,written,,
599860,Q2167597,Cuneiform Tablet BM 096266,create,11,1,written,,
212941,Q2033810,Cuneiform Tablet CST (JRL) 017,update,3,7,written,,
548190,Q2167598,Cuneiform Artifact CDLI Seals 025575 (physical),create,8,1,written,,
326385,Q2048432,"Cuneiform Tablet CUSAS 23, 135",update,4,7,written,,
583094,Q2167599,"Cuneiform Tablet MacGinnis, Mes 31, no. 12",create,10,1,written,,
107215,Q2007794,Cuneiform Tablet BM Messenger 337,update,4,8,written,,
395049,Q2167600,"Cuneiform Tablet CT 31, pl. 23, K 03490 +",create,11,1,written,,
530358,Q2167601,Cuneiform Artifact CDLI Seals 014680 (physical),create,8,1,written,,
435238,Q2167602,"Cuneiform Tablet KBo 11, 33",create,10,1,written,,
566538,Q2167603,Cuneiform Artifact BM 034179,create,9,1,written,,
213653,Q2066482,"Cuneiform Tablet ITT 1, 01201",update,4,7,written,,
448708,Q2167604,"Cuneiform Tablet UET 7, 0168 (catalogue)",create,11,2,written,,
245033,Q2167605,Cuneiform Tablet P245033,create,10,1,written,,
578526,Q2167606,Cuneiform Tablet BM 053765,create,8,1,written,,
340153,Q2167607,"Cuneiform Tablet BPOA 01, 1498",create,11,1,written,,
598772,Q2167608,Cuneiform Tablet BM 088358,create,10,1,written,,
456716,Q2167609,Cuneiform Artifact CDLI Seals 004006 (physical),create,8,1,written,,
290129,Q2167610,"Cuneiform Tablet YOS 10, 53",create,10,1,written,,
400176,Q2167611,Cuneiform Tablet K 13236,create,10,1,written,,
505016,Q2167612,Cuneiform Tablet YBC 13869,create,7,1,written,,
238503,Q2038735,"Cuneiform Tablet CT 54, 224",update,4,8,written,,
529483,Q2167613,Cuneiform Artifact CDLI Seals 016819 (physical),create,8,1,written,,
553676,Q2167614,"Cuneiform Tablet PIHANS 86, pl. 10",create,10,1,written,,
480923,Q2061909,Cuneiform Tablet VAT 11088,update,3,6,written,,
396848,Q2167615,Cuneiform Tablet K 06856 + K 07890,create,10,1,written,,
130166,Q2036611,Cuneiform Tablet SNAT 406,update,4,8,written,,
347696,Q2167616,"Cuneiform Artifact OECT 15, 354",create,10,1,written,,
269388,Q2167618,Cuneiform Artifact CDLI Seals 001076 (physical),create,7,1,written,,
214196,Q2167619,"Cuneiform Tablet ITT 2, 04367",create,10,1,written,,
585843,Q2167621,Cuneiform Tablet BM 066296,create,10,1,written,,
389744,Q2167622,"Cuneiform Tablet TLB 04, 061",create,10,1,written,,
293928,Q2167623,"Cuneiform Tablet GCCI 2, 056",create,10,1,written,,
130648,Q2040559,Cuneiform Tablet Syracuse 097,update,4,7,written,,
314020,Q2037927,"Cuneiform Tablet CT 53, 608",update,4,8,written,,
211140,Q2167624,Cuneiform Tablet YBC 15442,create,11,1,written,,
342640,Q2167625,"Cuneiform Tablet CUSAS 17, 098",create,8,1,written,,
429535,Q2167626,"Cuneiform Tablet Iraq 71, 023 IAS 536",create,10,1,written,,
507705,Q2167627,Cuneiform Tablet BM 092995,create,9,1,written,,
580895,Q2167628,Cuneiform Tablet BM 059959,create,10,1,written,,
551165,Q2167629,"Cuneiform Tablet TMH 02-3, 003",create,11,1,written,,
402665,Q2167630,Cuneiform Tablet K 17314,create,10,1,written,,
578208,Q2167631,Cuneiform Tablet BM 053330,create,9,1,written,,
505738,Q2167632,Cuneiform Tablet YBC 13363,create,7,1,written,,
553158,Q2167633,Cuneiform Tablet Nbn. 932,create,10,1,written,,
209989,Q2167634,Cuneiform Tablet OIM A02588,create,11,1,written,,
400658,Q2167635,Cuneiform Tablet K 14161,create,10,1,written,,
119525,Q2167636,"Cuneiform Tablet MVN 16, 1477",create,11,1,written,,
291915,Q2009867,"Cuneiform Tablet BPOA 06, 1420",update,4,8,written,,
369510,Q2167637,Cuneiform Tablet OBTI 080,create,10,1,written,,
394875,Q2167638,Cuneiform Tablet Shamash Religious Texts pl. 07 K 03214,create,10,1,written,,
478490,Q2167639,Cuneiform Artifact CDLI Seals 011696 (physical),create,9,1,written,,
132675,Q2044878,"Cuneiform Tablet TCTI 2, 03443",update,4,8,written,,
456038,Q2167640,Cuneiform Artifact CDLI Seals 003328 (composite),create,10,0,written,,
133967,Q2043894,Cuneiform Tablet TCND 359,update,4,8,written,,
375533,Q2167641,Cuneiform Tablet BM 106559,create,11,1,written,,
323353,Q2167642,Cuneiform Tablet CUNES 49-04-010,create,10,1,written,,
217997,Q2167643,Cuneiform Tablet StLouis 091,create,10,1,written,,
226233,Q2167644,"Cuneiform Artifact RIME 3/2.01.01.11, ex. 082",create,11,1,written,,
586042,Q2167645,Cuneiform Tablet BM 066513,create,9,1,written,,
290607,Q2012223,"Cuneiform Tablet BPOA 07, 2099",update,4,8,written,,
435516,Q2167646,"Cuneiform Tablet KBo 13, 115 470.503.B",create,10,1,written,,
395767,Q2167647,Cuneiform Tablet K 04882,create,10,1,written,,
308003,Q2167648,Cuneiform Tablet YBC 07004,create,10,1,written,,
566216,Q2167649,Cuneiform Tablet BM 037955,create,9,1,written,,
530476,Q2167650,Cuneiform Artifact CDLI Seals 014798 (physical),create,7,1,written,,
506817,Q2167651,"Cuneiform Tablet Nisaba 34, 0627",create,10,1,written,,
403977,Q2167652,Cuneiform Tablet K 18935,create,10,1,written,,
246832,Q2167653,Cuneiform Tablet P246832,create,10,1,written,,
581787,Q2167654,Cuneiform Tablet BM 061507,create,9,1,written,,
105506,Q1998168,"Cuneiform Tablet BCT 2, 266",update,4,7,written,,
466,Q2021157,"Cuneiform Tablet CDLI Lexical 000011, ex. 022",update,4,6,written,,
277396,Q2167655,Cuneiform Tablet N 2300,create,11,1,written,,
129193,Q2027672,"Cuneiform Tablet SACT 2, 236",update,4,8,written,,
343952,Q2167656,Cuneiform Tablet PRAK B 135,create,8,1,written,,
419183,Q2167657,Cuneiform Tablet K 20806,create,10,1,written,,
324496,Q2043964,"Cuneiform Tablet CUSAS 03, 1026",update,4,7,written,,
388856,Q2167658,Cuneiform Tablet LB 0331,create,11,1,written,,
336852,Q2167659,"Cuneiform Tablet StAT 2, 044",create,11,1,written,,
126266,Q2167660,"Cuneiform Tablet PDT 2, 0906",create,11,1,written,,
8056,Q2167661,"Cuneiform Tablet MDP 06, 263",create,10,1,written,,
351596,Q2167662,"Cuneiform Tablet ARM 19, 057",create,11,1,written,,
448026,Q2167663,"Cuneiform Artifact RIME 4.04.01.01, ex. 09",create,11,1,written,,
476877,Q2167664,Cuneiform Artifact CDLI Seals 010136 (physical),create,8,1,written,,
573917,Q2167665,"Cuneiform Tablet OBO 260, no. 246",create,10,1,written,,
416276,Q2167666,Cuneiform Tablet CULC 368,create,6,1,written,,
545576,Q2167667,Cuneiform Artifact CDLI Seals 023205 (physical),create,7,1,written,,
278063,Q2167668,Cuneiform Tablet N 3000,create,11,1,written,,
205553,Q1969465,"Cuneiform Tablet MVN 22, 063",update,4,8,written,,
298237,Q1975025,Cuneiform Tablet NBC 05750,update,4,8,written,,
300433,Q2167669,Cuneiform Tablet NBC 09185,create,10,1,written,,
538046,Q2167670,Cuneiform Artifact CDLI Seals 017221 (physical),create,8,1,written,,
513316,Q2167671,"Cuneiform Tablet OIP 043, 173 TA 1930 T747",create,10,1,written,,
440416,Q2167672,"Cuneiform Tablet KBo 42, 077",create,10,1,written,,
262897,Q2027499,"Cuneiform Tablet CDLI Literary 000481, ex. 013",update,4,8,written,,
253333,Q2050239,"Cuneiform Tablet CUSAS 35, 342",update,4,7,written,,
286229,Q2167673,Cuneiform Tablet YBC 13229,create,10,1,written,,
526058,Q2167674,Cuneiform Artifact CDLI Seals 014431 (composite),create,10,0,written,,
263785,Q2167675,Cuneiform Artifact CDLI Seals 000845 (physical),create,8,1,written,,
475758,Q2167676,Cuneiform Artifact CDLI Seals 009018 (physical),create,10,1,written,,
383349,Q2167677,"Cuneiform Tablet OIP 092, 0663",create,10,1,written,,
595394,Q2167678,Cuneiform Tablet BM 080032,create,10,1,written,,
570638,Q2167679,Cuneiform Tablet BM 046855,create,7,1,written,,
145748,Q2044574,"Cuneiform Tablet TCS 1, 257",update,5,7,written,,
111115,Q2167680,"Cuneiform Tablet TCTI 3, 05112",create,11,1,written,,
330085,Q2167681,Cuneiform Tablet CUNES 48-06-448,create,8,1,written,,
468869,Q2015440,"Cuneiform Artifact RINAP 5/3, Ashurbanipal 241, ex. 014",update,4,8,written,,
477765,Q2167682,Cuneiform Artifact CDLI Seals 011024 (physical),create,8,1,written,,
113128,Q1938998,"Cuneiform Tablet MVN 01, 095",update,4,7,written,,
421105,Q2167683,Cuneiform Tablet SMUI 1913.14.1085,create,9,1,written,,
381374,Q2167684,Cuneiform Tablet BM 085559,create,11,1,written,,
524065,Q2167685,"Cuneiform Tablet WO 17, 11-16",create,10,1,written,,
232620,Q2167686,"Cuneiform Artifact RIME 3/1.01.07.031, ex. 036",create,11,1,written,,
497531,Q1985415,Cuneiform Tablet P497531,update,4,7,written,,
572605,Q2167687,"Cuneiform Tablet RA 82, 156-157",create,11,1,written,,
264040,Q2167688,Cuneiform Tablet CBS 06376,create,8,1,written,,
600095,Q2167689,Cuneiform Tablet BM 096554,create,10,1,written,,
361120,Q1369096,Cuneiform Tablet POAT 07,update,5,6,written,,
138278,Q2056489,"Cuneiform Tablet UET 9, 0147",update,4,8,written,,
337740,Q2167690,Cuneiform Tablet OIM A04877,create,11,1,written,,
602552,Q2167691,Cuneiform Tablet BM 132808,create,10,1,written,,
408792,Q2167692,"Cuneiform Tablet HSS 14, 264",create,10,1,written,,
592451,Q2167693,Cuneiform Tablet BM 074082,create,10,1,written,,
444906,Q2167694,"Cuneiform Tablet KUB 26, 077",create,10,1,written,,
541866,Q2167695,Cuneiform Artifact CDLI Seals 021028 (physical),create,8,0,written,,
559555,Q2167696,Cuneiform Tablet BM 085364,create,11,1,written,,
304923,Q2167697,"Cuneiform Tablet YOS 03, 033",create,11,1,written,,
266587,Q2167698,Cuneiform Tablet CBS 11445,create,11,1,written,,
114317,Q1948615,"Cuneiform Tablet MVN 05, 097",update,4,7,written,,
335287,Q1980218,Cuneiform Tablet ADD 0343,update,4,7,written,,
590196,Q2167699,Cuneiform Tablet BM 071257,create,10,1,written,,
201843,Q1982001,"Cuneiform Tablet Nisaba 03/1, 212",update,4,8,written,,
597653,Q2167700,"Cuneiform Tablet Pihans 135, 218",create,9,0,written,,
364322,Q2167701,Cuneiform Tablet LBAT 1574,create,10,1,written,,
261242,Q2167702,Cuneiform Artifact CDLI Seals 000656 (physical),create,8,1,written,,
492733,Q2167703,Cuneiform Tablet P492733,create,11,1,written,,
237422,Q2167704,Cuneiform Tablet P237422,create,10,1,written,,
355886,Q2167705,"Cuneiform Tablet JNES 14, 015",create,10,1,written,,
332542,Q1998656,"Cuneiform Tablet OLP 20, 018",update,4,7,written,,
521267,Q2167706,Cuneiform Tablet KTU3 4.864,create,10,1,written,,
577407,Q2167707,Cuneiform Tablet BM 052408,create,8,1,written,,
319612,Q2167708,Cuneiform Tablet BM 021706,create,11,1,written,,
138782,Q2057501,"Cuneiform Tablet UET 9, 0651",update,4,8,written,,
459637,Q2167709,Cuneiform Tablet FLP 0728,create,8,1,written,,
447629,Q2167710,"Cuneiform Tablet KUB 59, 037",create,10,1,written,,
384176,Q2167711,"Cuneiform Tablet OIP 092, 1490",create,10,1,written,,
514129,Q2167712,"Cuneiform Tablet Shemshara 2, 142",create,11,1,written,,
411049,Q2167713,Cuneiform Tablet CUNES 50-05-097,create,6,1,written,,
281016,Q2167714,Cuneiform Tablet N 7283,create,8,1,written,,
542749,Q2167715,Cuneiform Artifact CDLI Seals 021895 (physical),create,9,1,written,,
472567,Q1932441,Cuneiform Tablet Lippmann Coll 267,update,4,7,written,,
569419,Q2167716,Cuneiform Tablet BM 044458,create,7,1,written,,
139890,Q2167717,"Cuneiform Tablet UTI 3, 1871",create,11,1,written,,
318900,Q2167718,Cuneiform Tablet BM 019487,create,11,1,written,,
108334,Q2035339,Cuneiform Tablet CST (JRL) 827,update,4,8,written,,
493821,Q2167719,Cuneiform Tablet P493821,create,7,1,written,,
458925,Q2167720,Cuneiform Artifact CDLI Seals 006187 (composite),create,9,0,written,,
278599,Q2167721,Cuneiform Tablet N 3574,create,9,1,written,,
596941,Q2167722,Cuneiform Tablet BM 083364,create,9,1,written,,
200751,Q2033217,Cuneiform Tablet Christie's Erlenmeyer no. 73,update,5,7,written,,
123064,Q2002515,Cuneiform Tablet OTR 129,update,4,7,written,,
121059,Q1972745,Cuneiform Tablet NATN 361,update,4,8,written,,
438324,Q2167723,"Cuneiform Tablet KBo 32, 139",create,10,1,written,,
305631,Q2167724,Cuneiform Tablet YBC 04386,create,10,1,written,,
256131,Q2167725,Cuneiform Tablet UM 29-15-307,create,11,1,written,,
398155,Q2167726,Cuneiform Tablet K 09504 + K 10172,create,10,1,written,,
409880,Q2167727,Cuneiform Tablet CUNES 48-11-078,create,9,1,written,,
353051,Q2167728,"Cuneiform Tablet ARM 23, 263",create,11,1,written,,
413074,Q2167729,Cuneiform Tablet BM 102333,create,11,1,written,,
469281,Q2167730,Cuneiform Tablet BM 086005,create,9,1,written,,
378301,Q2167731,Cuneiform Tablet BM 086827,create,10,1,written,,
445614,Q2167732,"Cuneiform Tablet KUB 35, 101",create,10,1,written,,
129469,Q2167733,Cuneiform Tablet SET 059,create,10,1,written,,
563014,Q2167734,Cuneiform Tablet BM 036405,create,9,1,written,,
535674,Q1364936,"Cuneiform Tablet AKT 6e, 1054",update,5,6,written,,
540774,Q2167735,Cuneiform Artifact CDLI Seals 019898 (physical),create,10,1,written,,
208361,Q2167736,Cuneiform Tablet BM 023937,create,11,1,written,,
466174,Q2167737,"Cuneiform Artifact RIMA 1.0.076.045, ex. 01",create,11,1,written,,
516114,Q2053718,"Cuneiform Tablet CUSAS 40, 1330",update,3,7,written,,
102739,Q2167739,"Cuneiform Tablet ASJ 19, 217 49",create,10,1,written,,
295405,Q2167740,Cuneiform Tablet MLC 00610,create,9,1,written,,
390565,Q1370695,"Cuneiform Tablet RA 059, 154 no. 24",update,5,7,written,,
583240,Q2167741,Cuneiform Tablet BM 063087,create,10,1,written,,
275651,Q2167742,Cuneiform Tablet N 0450 + N 0512,create,11,1,written,,
430714,Q2061974,"Cuneiform Tablet VFMOS 2/3, 11",update,4,6,written,,
561029,Q2167743,Cuneiform Artifact BM 023494,create,10,1,written,,
223031,Q2167744,"Cuneiform Tablet TIM 02, 070",create,10,1,written,,
326151,Q2046356,"Cuneiform Tablet CUSAS 14, 050",update,4,7,written,,
548344,Q2167745,Cuneiform Artifact CDLI Seals 025729 (physical),create,8,1,written,,
392558,Q2167746,Cuneiform Tablet OIM A35221,create,9,1,written,,
464149,Q2167747,"Cuneiform Tablet CUSAS 31, 032",create,8,1,written,,
537649,Q2167748,Cuneiform Artifact CDLI Seals 016940 (physical),create,8,1,written,,
528945,Q2167749,Cuneiform Artifact CDLI Seals 015680 (physical),create,6,1,written,,
419479,Q2167750,Cuneiform Tablet K 21169,create,10,1,written,,
432729,Q2167751,Cuneiform Artifact RIMI nn,create,10,1,written,,
297438,Q1370487,"Cuneiform Tablet BIN 06, 170",update,5,7,written,,
584585,Q2167752,Cuneiform Tablet BM 064761,create,9,1,written,,
272194,Q2167753,"Cuneiform Tablet Emar 6/1, p. 180, Msk 7460",create,9,1,written,,
407467,Q2167754,"Cuneiform Tablet HSS 68, 502",create,11,1,written,,
502507,Q1362680,Cuneiform Artifact KKBullae 321 kt b/k 254,update,6,6,written,,
214342,Q2167755,"Cuneiform Tablet ITT 2, 04531",create,10,1,written,,
100704,Q1984109,Cuneiform Tablet Aleppo 372,update,4,8,written,,
320986,Q2167756,"Cuneiform Tablet Nisaba 08, 353",create,11,1,written,,
268960,Q2167757,Cuneiform Tablet CBS 13962,create,10,1,written,,
554367,Q2167758,Cuneiform Tablet Cyr. 69,create,10,1,written,,
451207,Q1988542,Cuneiform Artifact P451207,update,3,4,written,,
5664,Q2167759,"Cuneiform Tablet UET 2, 0089",create,11,1,written,,
242522,Q2167760,"Cuneiform Tablet ARET 03, 329",create,10,1,written,,
289426,Q2167761,Cuneiform Tablet NBC 10250,create,10,1,written,,
311222,Q2167762,Cuneiform Tablet YBC 10939,create,9,1,written,,
4976,Q2167763,"Cuneiform Tablet BagM 22, 161, W 24244,1",create,10,1,written,,
529657,Q2167764,"Cuneiform Tablet JA 307, 044-046 no. 15",create,11,1,written,,
137477,Q2054083,"Cuneiform Tablet UET 3, 1152",update,4,8,written,,
340387,Q2167765,"Cuneiform Tablet BPOA 01, 1732",create,11,1,written,,
213487,Q2167767,"Cuneiform Artifact Iraq 04, 178, 185 A 393",create,11,1,written,,
534966,Q1366906,"Cuneiform Tablet AKT 6b, 497",update,5,6,written,,
274943,Q2167769,"Cuneiform Tablet RIME 4.03.06.add21, ex. 22",create,11,1,written,,
371823,Q2167770,"Cuneiform Tablet VS 05, 089",create,8,1,written,,
431806,Q2018497,"Cuneiform Tablet RIME 4.02.14.12, ex. 01",update,4,7,written,,
290257,Q2013541,"Cuneiform Tablet BPOA 07, 2427",update,4,8,written,,
347442,Q2167771,"Cuneiform Tablet OECT 15, 099",create,9,1,written,,
395337,Q2167772,"Cuneiform Tablet CT 31, pl. 17-18, K 07588",create,11,1,written,,
308453,Q2167773,"Cuneiform Tablet YOS 06, 121",create,11,1,written,,
435146,Q2167774,"Cuneiform Tablet KBo 09, 134",create,10,1,written,,
226663,Q2167775,"Cuneiform Artifact RIME 3/2.01.03.01, ex. 10",create,11,1,written,,
270003,Q2167776,Cuneiform Tablet CBS 19824,create,10,1,written,,
566646,Q2167778,"Cuneiform Tablet Cuneiform in Canaan, Shechem 01",create,9,1,written,,
375163,Q2167779,Cuneiform Tablet BM 095053,create,11,1,written,,
323703,Q2045882,"Cuneiform Tablet CUSAS 13, 009",update,4,7,written,,
530026,Q2167780,"Cuneiform Tablet PIHANS 117, L.T. 6",create,11,1,written,,
105156,Q1997484,"Cuneiform Tablet BCT 1, 054",update,4,7,written,,
586412,Q2167781,Cuneiform Tablet BM 066995,create,10,1,written,,
36,Q2022238,"Cuneiform Tablet CDLI Lexical 000028, ex. 01",update,4,7,written,,
242488,Q2167782,"Cuneiform Tablet ARET 03, 295",create,10,1,written,,
311388,Q2167783,Cuneiform Tablet YBC 11142,create,11,1,written,,
130218,Q2167784,Cuneiform Tablet SNAT 458,create,11,1,written,,
432683,Q2019134,"Cuneiform Tablet RIME 4.04.01.02, ex. add117",update,3,8,written,,
297592,Q2167785,Cuneiform Tablet NBC 04573,create,11,1,written,,
551535,Q2167786,"Cuneiform Tablet ADART 7, 48",create,8,1,written,,
561183,Q2167787,Cuneiform Tablet BM 028928,create,9,1,written,,
507355,Q2167788,"Cuneiform Tablet Nisaba 34, 1019",create,10,1,written,,
460809,Q2167789,Cuneiform Artifact FLP 2472,create,10,1,written,,
565969,Q2167791,"Cuneiform Tablet Fs Lambert 196-197, text 40 A",create,11,1,written,,
433991,Q2167792,Cuneiform Tablet HKM 098,create,10,1,written,,
454455,Q2167793,Cuneiform Artifact CDLI Seals 001745 (composite),create,10,0,written,,
369140,Q2167794,Cuneiform Tablet KAR 172,create,11,1,written,,
389314,Q2167795,"Cuneiform Tablet AfK 2, 58-60",create,10,1,written,,
402235,Q2167796,Cuneiform Tablet K 16798,create,10,1,written,,
314470,Q2167797,"Cuneiform Tablet CT 55, 079",create,11,1,written,,
429165,Q2167798,Cuneiform Tablet MAH 00000F13,create,7,1,written,,
342210,Q1999001,"Cuneiform Tablet BiMes 24, 04",update,4,8,written,,
211510,Q2061691,"Cuneiform Tablet Hermitage 3, 267",update,4,8,written,,
505368,Q2167799,Cuneiform Tablet YBC 16304,create,7,1,written,,
247370,Q2167800,Cuneiform Tablet P247370,create,10,1,written,,
371989,Q2167801,"Cuneiform Tablet VS 06, 094",create,8,1,written,,
400208,Q2167802,"Cuneiform Tablet CT 40, pl. 38, K 13290",create,10,1,written,,
456468,Q2167803,Cuneiform Artifact CDLI Seals 003758 (composite),create,10,0,written,,
578658,Q2167804,Cuneiform Tablet BM 053998,create,9,1,written,,
322811,Q2059044,Cuneiform Tablet Fs Klein 073-084,update,3,7,written,,
132225,Q2167805,"Cuneiform Tablet TCTI 2, 02614",create,11,1,written,,
553508,Q2167806,"Cuneiform Tablet Abraham, BPPE 083",create,10,1,written,,
103981,Q1993067,"Cuneiform Tablet AUCT 2, 163",update,4,7,written,,
567954,Q2167807,Cuneiform Tablet BM 041739,create,8,1,written,,
227971,Q1995203,"Cuneiform Tablet OIP 011, p. 014, CBS 04825 (unpub. dup.)",update,4,8,written,,
408638,Q2167808,"Cuneiform Tablet HSS 13, 484",create,10,1,written,,
119175,Q2167809,"Cuneiform Tablet MVN 16, 1127",create,11,1,written,,
500490,Q1998747,"Cuneiform Tablet Belleten 26, 043 Ni 13211",update,4,8,written,,
304889,Q2167810,"Cuneiform Tablet YOS 07, 100",create,11,1,written,,
423568,Q2019872,"Cuneiform Tablet RIME 4.04.01.04, ex. 001",update,4,8,written,,
526408,Q2167811,"Cuneiform Tablet ABAW 143, 307",create,10,1,written,,
575590,Q2167812,Cuneiform Tablet BM 050311,create,9,1,written,,
475308,Q2167813,Cuneiform Artifact CDLI Seals 008531 (physical),create,9,1,written,,
570268,Q2167814,Cuneiform Tablet BM 045416,create,9,1,written,,
417934,Q2167815,"Cuneiform Tablet HSS 15, 231",create,10,1,written,,
383719,Q2167816,"Cuneiform Tablet OIP 092, 1033",create,10,1,written,,
426290,Q2167817,"Cuneiform Tablet RINAP 5/2, Ashurbanipal 196 ex. 001",create,11,1,written,,
248085,Q2167818,"Cuneiform Tablet UCP 10-01, 055",create,11,1,written,,
283181,Q2167819,"Cuneiform Tablet KAM 10, 11",create,9,1,written,,
510869,Q1893864,"Cuneiform Tablet AbB 13, 173",update,3,8,written,,
138628,Q2057194,"Cuneiform Tablet UET 9, 0497",update,4,8,written,,
357911,Q1371272,"Cuneiform Tablet RA 081, 003-096 018",update,5,7,written,,
299975,Q1936451,Cuneiform Tablet Model Contracts pl. 21-22,update,3,8,written,,
415909,Q2167820,"Cuneiform Tablet AOAT 282, 047 [41.47]",create,10,1,written,,
252871,Q2049901,"Cuneiform Tablet CUSAS 35, 167",update,4,7,written,,
364288,Q2167821,Cuneiform Tablet LBAT 1539,create,10,1,written,,
492699,Q2167822,Cuneiform Tablet P492699,create,7,1,written,,
113578,Q1944910,"Cuneiform Tablet MVN 02, 279",update,5,7,written,,
145318,Q2034678,"Cuneiform Tablet SAT 3, 2118",update,4,8,written,,
237588,Q2167823,Cuneiform Tablet Geers Heft G p. 040,create,10,1,written,,
497161,Q2167824,"Cuneiform Tablet MARI 04, p. 430v",create,11,1,written,,
111545,Q1924972,"Cuneiform Tablet ITT 5, 06837+ ?",update,4,8,written,,
337310,Q2167825,Cuneiform Tablet OIM A02753,create,11,1,written,,
264410,Q2167826,"Cuneiform Artifact PBS 14, 0044",create,9,1,written,,
361570,Q1371877,"Cuneiform Tablet Belleten 58, 30, 40",update,5,6,written,,
592001,Q2167827,Cuneiform Tablet BM 073543,create,9,1,written,,
559105,Q2167828,Cuneiform Tablet BM 026665,create,11,1,written,,
116280,Q1956398,"Cuneiform Tablet MVN 12, 018",update,4,8,written,,
421555,Q2167829,Cuneiform Tablet SMUI 1913.14.1704,create,8,1,written,,
572255,Q2167830,Cuneiform Tablet BM 049796,create,9,1,written,,
524435,Q2167831,"Cuneiform Tablet MDP 24, 373",create,11,1,written,,
477335,Q2167832,Cuneiform Artifact CDLI Seals 010594 (physical),create,7,1,written,,
229596,Q1937608,"Cuneiform Tablet MSL 13, 040 B",update,4,7,written,,
446891,Q2167833,"Cuneiform Tablet KUB 50, 074",create,10,1,written,,
381724,Q2059526,"Cuneiform Tablet Fs Sigrist 016, no. 4",update,4,7,written,,
447783,Q2167834,"Cuneiform Tablet KUB 60, 122",create,10,1,written,,
8406,Q2167835,"Cuneiform Tablet MDP 17, 208",create,10,1,written,,
380836,Q2167836,Cuneiform Tablet BM 107302,create,10,1,written,,
514083,Q2167837,"Cuneiform Tablet Shemshara 2, 096",create,11,1,written,,
356603,Q2028044,"Cuneiform Tablet CDLI Literary 000543, ex. 004 & 000562, ex. 007 & 000563, ex. 007",update,4,8,written,,
285956,Q2167838,"Cuneiform Tablet CT 51, 094",create,8,1,written,,
126636,Q2048293,Cuneiform Tablet Trouvaille 66,update,4,8,written,,
300063,Q2167839,Cuneiform Tablet NBC 08724,create,10,1,written,,
538416,Q2167840,Cuneiform Artifact CDLI Seals 017591 (physical),create,8,1,written,,
205103,Q2005277,"Cuneiform Tablet PPAC 5, 0567",update,4,8,written,,
253763,Q2167841,Cuneiform Tablet MS 4733,create,7,1,written,,
545126,Q2167842,Cuneiform Artifact CDLI Seals 022774 (physical),create,7,1,written,,
513746,Q2167843,Cuneiform Artifact CDLI Seals 013737 (composite),create,10,0,written,,
440046,Q2167844,"Cuneiform Tablet KBo 40, 290",create,10,1,written,,
278433,Q2167845,Cuneiform Tablet N 3398,create,11,1,written,,
411419,Q2167846,Cuneiform Tablet CUNES 51-03-058,create,8,1,written,,
542319,Q2167847,Cuneiform Artifact CDLI Seals 021478 (physical),create,10,1,written,,
416626,Q2167848,"Cuneiform Tablet HSS 14, 152",create,9,1,written,,
117868,Q1962297,"Cuneiform Tablet MVN 14, 0187",update,4,8,written,,
123434,Q1997056,"Cuneiform Tablet OIP 115, 290",update,4,8,written,,
233898,Q2167849,"Cuneiform Artifact RIME 3/1.01.07.037, ex. 1147",create,10,1,written,,
260900,Q2003595,"Cuneiform Tablet PBS 12, 43",update,4,7,written,,
447279,Q2167850,"Cuneiform Tablet KUB 55, 019",create,10,1,written,,
569049,Q2167851,Cuneiform Tablet BM 043976,create,8,1,written,,
425845,Q2167852,Cuneiform Tablet Sm 1279,create,9,1,written,,
511281,Q2167853,"Cuneiform Tablet JCS 09, 107 060",create,11,1,written,,
520925,Q2167854,Cuneiform Tablet KTU3 4.205,create,10,1,written,,
108764,Q2167855,Cuneiform Tablet CTNMC 33,create,11,1,written,,
442581,Q2167856,"Cuneiform Tablet KBo 50, 054",create,10,1,written,,
121409,Q1973363,Cuneiform Tablet NATN 711,update,4,8,written,,
365860,Q2167857,"Cuneiform Tablet CT 27, pl. 07, K 11860",create,11,1,written,,
522918,Q1983293,"Cuneiform Tablet Akkadica Supp. 13, ACP 69",update,3,7,written,,
445244,Q2167858,"Cuneiform Tablet KUB 31, 129",create,10,1,written,,
300599,Q2167859,Cuneiform Tablet NBC 09432,create,10,2,written,,
571880,Q2167860,Cuneiform Tablet BM 049064,create,8,1,written,,
253299,Q2050137,"Cuneiform Tablet CUSAS 35, 291",update,4,7,written,,
413424,Q2167861,Cuneiform Tablet BM 103575,create,11,1,written,,
516544,Q2054473,"Cuneiform Tablet CUSAS 40, 1760",update,3,7,written,,
427878,Q2167862,"Cuneiform Artifact RINAP 3/2 Sennacherib 091, ex. 001",create,11,1,written,,
438774,Q2167863,"Cuneiform Tablet KBo 34, 242",create,10,1,written,,
540324,Q2167864,Cuneiform Artifact CDLI Seals 019505 (physical),create,8,1,written,,
256561,Q2167865,Cuneiform Tablet UM 29-15-884,create,10,1,written,,
115855,Q1954746,"Cuneiform Tablet MVN 09, 215",update,4,7,written,,
378751,Q2006182,"Cuneiform Tablet PPAC 5, 1036",update,4,8,written,,
305261,Q2167866,"Cuneiform Tablet YOS 06, 221",create,11,1,written,,
439866,Q2167867,"Cuneiform Tablet KBo 40, 091 + KBo 34, 016 + KBo 15, 040 + KBo 33, 207 + KBo 35, 136 + KBo 38, 265 + KBo 39, 163",create,10,1,written,,
142127,Q2064823,"Cuneiform Tablet YOS 04, 063",update,4,8,written,,
398505,Q2167868,Cuneiform Tablet K 10123,create,10,1,written,,
353401,Q2167869,"Cuneiform Tablet ARM 23, 613",create,11,1,written,,
200301,Q1981443,"Cuneiform Tablet Nisaba 01, 247",update,4,8,written,,
10935,Q2167870,Cuneiform Tablet TSŠ 0900,create,11,1,written,,
379843,Q2167871,Cuneiform Tablet BM 088989,create,10,1,written,,
570792,Q2167872,Cuneiform Tablet BM 047103,create,7,1,written,,
521637,Q1975305,"Cuneiform Tablet AchHist 15, 184",update,4,8,written,,
423092,Q2167873,"Cuneiform Artifact RIMA 2.0.101.113, ex. 21",create,11,1,written,,
384526,Q2167874,"Cuneiform Tablet OIP 092, 1840",create,10,1,written,,
286383,Q2167875,Cuneiform Tablet NBC 07741,create,11,1,written,,
319242,Q2167876,Cuneiform Tablet BM 019881,create,11,1,written,,
281446,Q2167877,Cuneiform Tablet N 7722,create,8,1,written,,
424757,Q2167878,"Cuneiform Tablet CT 17, pl. 43-45, Rm 422",create,9,1,written,,
332112,Q2004034,"Cuneiform Tablet PPAC 4, 193",update,4,7,written,,
114747,Q1950055,"Cuneiform Tablet MVN 06, 304",update,4,8,written,,
602102,Q2167879,Cuneiform Tablet BM 114849,create,10,1,written,,
472137,Q2167880,"Cuneiform Tablet ARM 30, p. 553 M 05998",create,11,1,written,,
577057,Q2167881,Cuneiform Tablet BM 052027,create,9,1,written,,
459267,Q2167882,Cuneiform Tablet PTS 0031,create,8,1,written,,
492363,Q2167883,"Cuneiform Tablet BBVOT 01, 035",create,9,1,written,,
364772,Q2167884,Cuneiform Tablet LBAT 0629 (34897 only),create,11,1,written,,
237072,Q2167885,Cuneiform Tablet K 21091,create,11,1,written,,
597203,Q2167886,Cuneiform Tablet BM 083671,create,11,1,written,,
214712,Q2167887,"Cuneiform Tablet ITT 4, 07240",create,10,1,written,,
261612,Q1998609,"Cuneiform Tablet BE 09, 069",update,4,7,written,,
311672,Q2167888,Cuneiform Tablet YBC 11503,create,11,1,written,,
109876,Q2167889,Cuneiform Artifact Hirose 405,create,10,1,written,,
407037,Q1988970,"Cuneiform Tablet Nisaba 27, 034",update,5,7,written,,
529207,Q2167890,Cuneiform Artifact CDLI Seals 016359 (physical),create,7,2,written,,
269222,Q2167891,"Cuneiform Artifact PBS 14, 0026",create,9,1,written,,
258986,Q2016693,Cuneiform Tablet CBS 01654,update,3,9,written,,
242172,Q2167892,Cuneiform Tablet P242172,create,10,1,written,,
502157,Q2167893,"Cuneiform Tablet TCTI 3, 06435",create,11,1,written,,
505692,Q2167894,Cuneiform Tablet YBC 16085,create,7,1,written,,
293882,Q1370307,"Cuneiform Tablet BIN 04, 135",update,6,6,written,,
554737,Q2167895,"Cuneiform Tablet ZA 4, 140 Nbp. 10",create,8,1,written,,
347012,Q2167896,"Cuneiform Tablet UET 7, 0047",create,9,1,written,,
209823,Q2000010,"Cuneiform Tablet Ontario 2, 466",update,4,8,written,,
113082,Q1938903,"Cuneiform Tablet MVN 01, 049",update,4,7,written,,
238387,Q2167897,"Cuneiform Tablet Iraq 42, 051 fig. 20",create,11,1,written,,
456192,Q2167898,Cuneiform Artifact CDLI Seals 003482 (composite),create,10,0,written,,
137027,Q2053187,"Cuneiform Tablet UET 3, 0704",update,4,8,written,,
452978,Q2017772,"Cuneiform Tablet RIME 3/2.01.02.add100, ex. 01",update,3,8,written,,
375499,Q2167899,Cuneiform Tablet BM 106475,create,11,1,written,,
582902,Q2167900,Cuneiform Tablet BM 062830,create,9,1,written,,
557818,Q2167901,"Cuneiform Tablet ADART 4, no. -144",create,10,1,written,,
549806,Q2167902,Cuneiform Artifact Ashm 1939-0332 (045.1),create,9,1,written,,
583610,Q2167903,Cuneiform Tablet BM 063489,create,9,1,written,,
326501,Q2167904,"Cuneiform Tablet CUSAS 30, 381",create,9,1,written,,
548714,Q2167905,Cuneiform Artifact CDLI Seals 026099 (physical),create,8,1,written,,
129039,Q2027376,"Cuneiform Tablet SACT 2, 082",update,4,8,written,,
102369,Q1989702,"Cuneiform Tablet ASJ 09, 316 05",update,4,7,written,,
107491,Q2033139,Cuneiform Tablet CHEU 060,update,4,7,written,,
223461,Q2028859,"Cuneiform Tablet CDLI Literary 000624, ex. 026",update,4,9,written,,
563444,Q2167906,Cuneiform Tablet BM 037737,create,8,1,written,,
390135,Q1931728,Cuneiform Tablet LB 3069,update,5,7,written,,
535224,Q1368800,Cuneiform Tablet P535224,update,6,5,written,,
295055,Q2167907,Cuneiform Tablet MLC 00247,create,8,1,written,,
275201,Q2065281,Cuneiform Tablet ICP varia 04,update,4,7,written,,
370361,Q1932843,"Cuneiform Tablet LTBA 1, 38",update,4,6,written,,
430344,Q2167908,Cuneiform Artifact CDLI Seals 000246 (composite),create,10,0,written,,
561479,Q2167909,Cuneiform Artifact BM 030108,create,8,1,written,,
504980,Q2167910,Cuneiform Tablet YBC 13698,create,7,1,written,,
466524,Q2167911,"Cuneiform Artifact RIMA 1.0.078.042, ex. 01",create,11,1,written,,
419029,Q2167912,Cuneiform Artifact K 20640,create,10,1,written,,
246998,Q2167913,Cuneiform Tablet P246998,create,10,1,written,,
208731,Q1984287,"Cuneiform Tablet Nisaba 09, 188",update,4,8,written,,
392108,Q2167914,"Cuneiform Artifact RIME 4.01.10.06, ex. 01-02",create,9,1,written,,
297068,Q2167915,Cuneiform Tablet MLC 02686,create,9,1,written,,
555825,Q2167916,"Cuneiform Tablet Tallies and trends, text 3A",create,8,1,written,,
450945,Q1988276,Cuneiform Artifact P450945,update,3,4,written,,
564381,Q2167917,Cuneiform Tablet BM 039393,create,8,1,written,,
437481,Q2167918,"Cuneiform Tablet KBo 28, 018",create,10,1,written,,
259694,Q2167919,Cuneiform Tablet CBS 03320,create,9,1,written,,
215800,Q1980359,"Cuneiform Tablet Nik 2, 019",update,5,6,written,,
292790,Q2001067,"Cuneiform Tablet BIN 07, 062",update,4,8,written,,
310960,Q2167920,Cuneiform Tablet YBC 10674,create,10,1,written,,
5234,Q2167921,"Cuneiform Tablet MSVO 1, 167",create,10,1,written,,
457629,Q2167922,Cuneiform Artifact CDLI Seals 004919 (composite),create,10,0,written,,
401049,Q2167923,Cuneiform Tablet K 14876,create,10,1,written,,
133064,Q2167924,"Cuneiform Tablet TCTI 2, 03868",create,11,1,written,,
552749,Q2167925,"Cuneiform Tablet AOAT 291, pl. 2, BM 049301",create,10,1,written,,
504129,Q2167926,Cuneiform Tablet RS 94.2442,create,9,0,written,,
448925,Q2167927,"Cuneiform Tablet Nisaba 19, 237",create,11,1,written,,
100354,Q1983421,Cuneiform Tablet Aleppo 022,update,4,8,written,,
344794,Q2167928,Cuneiform Tablet PRAK A 489,create,8,1,written,,
217094,Q2039616,"Cuneiform Tablet STTI 1, 049",update,4,7,written,,
579419,Q2167929,Cuneiform Tablet BM 055361,create,8,1,written,,
308900,Q2167930,Cuneiform Tablet YBC 07982,create,10,1,written,,
129890,Q2036283,Cuneiform Tablet SNAT 129,update,4,8,written,,
118334,Q1965891,"Cuneiform Tablet MVN 15, 054",update,4,7,written,,
268599,Q2167931,Cuneiform Tablet CBS 13569,create,10,1,written,,
586941,Q2167932,Cuneiform Tablet BM 067655,create,9,1,written,,
131059,Q2041401,Cuneiform Tablet TAD 17,update,4,8,written,,
403074,Q2167933,Cuneiform Tablet K 17776,create,10,1,written,,
455614,Q2167934,Cuneiform Artifact CDLI Seals 002904 (composite),create,10,0,written,,
368301,Q2167935,"Cuneiform Tablet UET 7, 0196",create,10,1,written,,
428324,Q2167936,"Cuneiform Artifact RINBE 1, Nebuchadnezzar II nn, ex. nn",create,9,1,written,,
246131,Q2167937,Cuneiform Tablet P246131,create,10,1,written,,
210751,Q2167938,Cuneiform Tablet YBC 14915,create,11,1,written,,
550774,Q2167939,Cuneiform Tablet Nbk. 029,create,10,1,written,,
388155,Q894517,"Cuneiform Tablet TMH 08, 24",update,4,7,written,,
343051,Q2063219,"Cuneiform Tablet VS 17, 32",update,3,7,written,,
506114,Q2167940,Cuneiform Tablet RBC 02737,create,6,1,written,,
314923,Q2167941,"Cuneiform Tablet CT 55, 530",create,11,1,written,,
315631,Q2167942,Cuneiform Tablet BM 012760,create,10,1,written,,
580196,Q2167943,Cuneiform Tablet BM 059138,create,10,1,written,,
419880,Q2167944,Cuneiform Tablet K 21618,create,10,1,written,,
418792,Q2167945,Cuneiform Tablet K 20362,create,10,1,written,,
1277,Q2167946,"Cuneiform Tablet ATU 5, pl. 066, W 9579,ad",create,10,1,written,,
211843,Q2060745,"Cuneiform Tablet Hermitage 3, 022",update,4,8,written,,
276587,Q2167947,Cuneiform Tablet N 1443,create,11,1,written,,
325287,Q2167948,"Cuneiform Tablet CUSAS 08, 032",create,9,1,written,,
551866,Q2167949,Cuneiform Tablet Dar. 83,create,10,1,written,,
128782,Q2026864,"Cuneiform Tablet SACT 1, 025",update,4,8,written,,
394176,Q2167950,Cuneiform Tablet ACh Suppl. 2 Ishtar 57,create,11,1,written,,
104317,Q1993732,"Cuneiform Tablet AUCT 3, 086",update,4,7,written,,
531267,Q2167951,Cuneiform Tablet Textes Scolaires 021,create,9,1,written,,
454906,Q2167952,Cuneiform Artifact CDLI Seals 002196 (composite),create,10,0,written,,
567407,Q2167953,"Cuneiform Tablet Cuneiform in Canaan, Hebron 01",create,10,0,written,,
434307,Q2167954,"Cuneiform Tablet IBoT 03, 066",create,10,1,written,,
587653,Q2167955,Cuneiform Tablet BM 068526,create,9,1,written,,
309612,Q2167956,"Cuneiform Tablet YOS 19, 268",create,11,1,written,,
462567,Q2167957,Cuneiform Tablet CST 362,create,10,1,written,,
291016,Q2167958,Cuneiform Tablet NBC 02304,create,11,1,written,,
374322,Q2167959,"Cuneiform Tablet Nisaba 18, 083a-d & NATN 676 & CST (JRL) 030 & RA 010, 065 22 & unpub",create,11,1,written,,
227422,Q2167960,"Cuneiform Artifact RIME 3/2.01.01.39, ex. 04",create,10,1,written,,
345886,Q1997372,"Cuneiform Tablet BBVOT 03, 25",update,4,8,written,,
449637,Q2167961,Cuneiform Tablet CUNES 50-11-037,create,8,1,written,,
322542,Q2043820,"Cuneiform Tablet CUSAS 03, 0951",update,4,7,written,,
204342,Q2167962,Cuneiform Artifact BM 023954,create,11,1,written,,
111816,Q1925901,"Cuneiform Tablet JCS 01, 118, 87",update,3,7,written,,
252522,Q2167963,"Cuneiform Tablet CUSAS 36, 126",create,9,1,written,,
299426,Q2167964,Cuneiform Tablet NBC 07972A,create,11,1,written,,
330986,Q2167965,Cuneiform Tablet IM 061670,create,11,1,written,,
417467,Q2167966,Cuneiform Artifact ROM 992.226.062,create,10,1,written,,
539657,Q2167967,Cuneiform Artifact CDLI Seals 018777 (physical),create,7,1,written,,
441207,Q2167968,"Cuneiform Tablet KBo 45, 181",create,10,1,written,,
357442,Q1370816,"Cuneiform Tablet TCL 21, 272 & TCL 04, 107",update,6,5,written,,
279672,Q2167969,Cuneiform Tablet N 5385,create,9,1,written,,
512507,Q2167970,"Cuneiform Tablet Tell ed-Dēr 2, 172 38",create,11,1,written,,
544367,Q2167971,Cuneiform Tablet LB 5155 (unpublished),create,10,1,written,,
301222,Q2167972,Cuneiform Tablet NBC 10244,create,10,1,written,,
264943,Q2167973,Cuneiform Artifact CBS 09596,create,10,1,written,,
600996,Q2167974,Cuneiform Tablet BM 101032,create,10,1,written,,
139469,Q2058869,"Cuneiform Tablet UET 9, 1339",update,4,8,written,,
361823,Q2167975,"Cuneiform Tablet Nisaba 33, 790",create,11,1,written,,
203487,Q2167976,Cuneiform Tablet BM 024774,create,11,1,written,,
144159,Q2032403,"Cuneiform Tablet SAT 2, 0959",update,4,8,written,,
558344,Q2167977,Cuneiform Tablet BM 045509,create,8,1,written,,
127477,Q2010706,"Cuneiform Tablet RA 009, 049 SA 143",update,4,7,written,,
593240,Q2167978,Cuneiform Tablet BM 076283,create,10,1,written,,
336151,Q2036250,"Cuneiform Tablet CT 35, pl. 30, Rm 2, 236",update,4,7,written,,
112739,Q2167979,"Cuneiform Tablet MCS 3, 93 BM 113147",create,11,1,written,,
350387,Q2167980,"Cuneiform Tablet ARM 11, 244",create,11,1,written,,
233031,Q2167981,"Cuneiform Artifact RIME 3/1.01.07.037, ex. 0280",create,11,1,written,,
265651,Q2025748,"Cuneiform Tablet CDLI Literary 000369, ex. 006",update,4,8,written,,
360731,Q1360894,"Cuneiform Tablet OIP 027, 08",update,5,5,written,,
380565,Q2167982,Cuneiform Tablet BM 096798,create,10,1,written,,
8955,Q2167983,"Cuneiform Tablet MDP 26, 267",create,10,1,written,,
601684,Q2167984,"Cuneiform Tablet Kaskal 6, 184 no. 23",create,11,1,written,,
573014,Q2167985,Cuneiform Tablet BM 050063,create,8,1,written,,
525674,Q2167986,"Cuneiform Tablet Fs Finet I, 099-111 02",create,11,1,written,,
476174,Q2167987,Cuneiform Artifact CDLI Seals 009433 (physical),create,8,1,written,,
422729,Q2167988,"Cuneiform Artifact RINAP 5/1 Ashurbanipal 009, ex. 102",create,10,1,written,,
420714,Q2167989,Cuneiform Tablet SMUI 1913.14.0334,create,7,1,written,,
285405,Q2167990,"Cuneiform Tablet BAM 4, 323",create,11,1,written,,
278960,Q1970324,Cuneiform Tablet N 4046,update,4,8,written,,
527649,Q2167991,Cuneiform Tablet BM 097518,create,10,1,written,,
571029,Q2167992,Cuneiform Tablet BM 047485,create,9,1,written,,
594585,Q2167993,Cuneiform Artifact BM 078869,create,10,1,written,,
538945,Q2167994,Cuneiform Artifact CDLI Seals 018123 (physical),create,7,1,written,,
520476,Q2167995,"Cuneiform Tablet BAH 214, 40",create,10,1,written,,
425516,Q2167996,Cuneiform Tablet Sm 0630,create,9,1,written,,
331694,Q1983315,"Cuneiform Tablet Nisaba 05/2, 029",update,5,7,written,,
110704,Q2167997,"Cuneiform Tablet ITT 2, 00834",create,11,1,written,,
473376,Q2167998,Cuneiform Artifact CDLI Seals 007121 (physical),create,10,1,written,,
385767,Q2167999,"Cuneiform Tablet OECT 13, 238",create,9,1,written,,
576216,Q2168000,Cuneiform Tablet BM 051107,create,8,1,written,,
236233,Q2002219,"Cuneiform Tablet BIN 09, 223",update,4,7,written,,
262194,Q2168001,Cuneiform Tablet CBS 07160,create,11,1,written,,
139193,Q2058324,"Cuneiform Tablet UET 9, 1063",update,4,8,written,,
318003,Q2168002,Cuneiform Tablet BM 018340,create,11,1,written,,
207997,Q2168003,Cuneiform Tablet BM 024405,create,11,1,written,,
333353,Q2168004,"Cuneiform Tablet AJSL 32, p. 273-4, 284, no. 8",create,11,1,written,,
365533,Q2168005,"Cuneiform Tablet CT 22, pl. 12, 056",create,11,1,written,,
458026,Q2168006,Cuneiform Artifact CDLI Seals 005316 (composite),create,10,0,written,,
260453,Q2168007,Cuneiform Tablet CBS 04138,create,8,1,written,,
596042,Q2168008,Cuneiform Tablet BM 081634,create,10,1,written,,
143366,Q2030852,"Cuneiform Tablet SAT 2, 0165",update,4,8,written,,
256832,Q2168009,Cuneiform Tablet UM 29-16-286,create,11,1,written,,
267396,Q2168010,"Cuneiform Tablet BE 08/1, 037",create,10,1,written,,
591787,Q2168011,Cuneiform Tablet BM 073260,create,10,1,written,,
123967,Q1997913,"Cuneiform Tablet OIP 121, 237",update,4,8,written,,
334496,Q1973690,Cuneiform Tablet ABL 0701,update,4,8,written,,
409183,Q2168012,"Cuneiform Tablet HSS 16, 138",create,10,1,written,,
508809,Q2168013,"Cuneiform Tablet Sumer 14, 003-078 no. 35",create,11,1,written,,
10466,Q2168014,"Cuneiform Tablet JAOS 052, 112",create,11,1,written,,
516817,Q2168015,"Cuneiform Tablet CUSAS 40, 2033",create,10,1,written,,
413977,Q2035854,Cuneiform Tablet Shurpu 3 q,update,4,8,written,,
115506,Q1953338,"Cuneiform Tablet MVN 08, 115",update,4,7,written,,
120648,Q1969353,"Cuneiform Tablet MVN 21, 411",update,4,8,written,,
541165,Q2168016,Cuneiform Artifact CDLI Seals 020300 (physical),create,8,1,written,,
444005,Q2168017,"Cuneiform Tablet KUB 07, 020",create,10,1,written,,
386848,Q2168018,"Cuneiform Tablet TCL 10, 031",create,10,1,written,,
412665,Q2168019,Cuneiform Tablet BM 112121,create,10,1,written,,
279388,Q2168020,Cuneiform Tablet N 4531,create,11,1,written,,
283928,Q2168021,Cuneiform Tablet Kress 030,create,8,1,written,,
304020,Q1989161,"Cuneiform Tablet Nisaba 27, 129",update,4,8,written,,
352640,Q2168022,"Cuneiform Tablet ARM 22, 194",create,11,1,written,,
201140,Q2009269,"Cuneiform Tablet Princeton 2, 142",update,4,8,written,,
399744,Q2168023,Cuneiform Tablet K 12296,create,10,1,written,,
379510,Q2168024,Cuneiform Tablet BM 088505,create,10,1,written,,
439535,Q2168025,"Cuneiform Tablet KBo 38, 294",create,10,1,written,,
590895,Q2168026,Cuneiform Tablet BM 072124,create,9,1,written,,
446038,Q2168027,"Cuneiform Tablet KUB 39, 073",create,10,1,written,,
568208,Q2168028,Cuneiform Tablet BM 042474,create,9,1,written,,
543158,Q2168029,Cuneiform Artifact TA 1930 T0633a,create,8,0,written,,
468490,Q2168030,"Cuneiform Tablet Gurney, MBLETU, no. 77",create,8,0,written,,
515738,Q2052991,"Cuneiform Tablet CUSAS 40, 0954",update,4,7,written,,
122675,Q1993583,Cuneiform Tablet NYPL 139,update,4,8,written,,
206685,Q2168031,Cuneiform Tablet BM 023704,create,11,1,written,,
281915,Q2063358,"Cuneiform Tablet VS 21, 23",update,4,6,written,,
355185,Q2168032,"Cuneiform Tablet ARM 27, 082",create,11,1,written,,
465758,Q2168033,"Cuneiform Artifact RIMA 1.0.034.004, ex. 01",create,11,1,written,,
109525,Q2062144,Cuneiform Tablet Hirose 054,update,4,7,written,,
384875,Q2168034,"Cuneiform Tablet OECT 03, 51",create,11,1,written,,
433138,Q2168035,"Cuneiform Artifact RINBE 1, Nebuchadnezzar II nn, ex. nn unpublished assigned",create,10,1,written,,
536058,Q1365085,"Cuneiform Tablet AKT 7a, 235",update,6,5,written,,
296229,Q2168036,Cuneiform Tablet MLC 01535,create,9,1,written,,
393349,Q2168037,"Cuneiform Tablet HSS 09, 118",create,10,1,written,,
320085,Q2168038,Cuneiform Tablet BM 022845,create,11,1,written,,
101115,Q1985792,"Cuneiform Tablet AnOr 01, 124",update,4,8,written,,
273785,Q2168039,"Cuneiform Tablet BiMes 03, 40",create,10,1,written,,
560638,Q2168040,Cuneiform Tablet BM 017414,create,9,1,written,,
4075,Q2168041,Cuneiform Tablet IM 134564,create,10,1,written,,
585394,Q2168042,Cuneiform Tablet BM 065797,create,9,1,written,,
103128,Q1991349,"Cuneiform Tablet AUCT 1, 283",update,4,7,written,,
128278,Q2168043,Cuneiform Tablet Rochester 173,create,10,1,written,,
582451,Q2168044,Cuneiform Tablet BM 062306,create,10,1,written,,
274040,Q2168045,Cuneiform Tablet ND DTR08,create,9,1,written,,
371120,Q2168046,"Cuneiform Tablet Umm el-Qaab 1, 124",create,9,1,written,,
222620,Q2168047,"Cuneiform Artifact RIME 1.09.09.add15, ex. a2",create,11,1,written,,
6048,Q2168048,Cuneiform Tablet MS 2431,create,9,1,written,,
549555,Q2168049,Cuneiform Artifact CDLI Seals 026797 (physical),create,7,1,written,,
294214,Q2168050,"Cuneiform Tablet GCCI 1, 046",create,10,1,written,,
209570,Q1999211,"Cuneiform Tablet Ontario 2, 052",update,4,8,written,,
391374,Q2168051,Cuneiform Tablet OIM A01617,create,9,1,written,,
534065,Q2168052,Cuneiform Artifact CDLI Seals 005453.1 (composite),create,7,0,written,,
563917,Q2168053,Cuneiform Tablet BM 038623,create,7,1,written,,
467765,Q2168054,"Cuneiform Tablet CUSAS 26, 257",create,11,1,written,,
326852,Q1990331,"Cuneiform Tablet Nisaba 32, 225",update,4,7,written,,
136266,Q2051554,Cuneiform Tablet UDT 132,update,4,8,written,,
341596,Q2168055,"Cuneiform Tablet ARM 09, 014",create,11,1,written,,
346253,Q2055535,"Cuneiform Tablet UET 6, 0168",update,4,8,written,,
562605,Q2168056,Cuneiform Tablet BM 034414,create,9,1,written,,
272897,Q2168057,"Cuneiform Artifact RIME 3/1.01.07.011, ex. add49",create,9,1,written,,
212296,Q2168058,"Cuneiform Artifact Hermitage 3, 549",create,11,1,written,,
555576,Q2168059,Cuneiform Tablet BM 084351,create,11,1,written,,
223932,Q2168060,Cuneiform Tablet OBTR 097,create,11,1,written,,
310433,Q2168061,"Cuneiform Tablet Proverbs 333, pl.132",create,10,1,written,,
528046,Q2168062,"Cuneiform Tablet Chagar Bazar 3, 037",create,11,1,written,,
503316,Q2168063,Cuneiform Tablet RS 15.0085,create,9,0,written,,
296383,Q2168064,Cuneiform Tablet MLC 01705,create,9,2,written,,
433092,Q2168065,Cuneiform Tablet DoCu 614,create,7,1,written,,
369843,Q1935305,"Cuneiform Tablet MDP 27, 095",update,5,5,written,,
429866,Q2168066,Cuneiform Tablet SE 138 (missing),create,6,1,written,,
1627,Q2168067,"Cuneiform Tablet ATU 5, pl. 112, W 9656,hf",create,10,1,written,,
587203,Q2168068,Cuneiform Tablet BM 067949,create,9,1,written,,
560792,Q2168069,Cuneiform Tablet BM 022082,create,8,1,written,,
104747,Q2016469,"Cuneiform Tablet BWAth 6, 48 13",update,4,8,written,,
271612,Q2168070,"Cuneiform Tablet Emar 6/1, p. 321, Msk 74127c",create,9,1,written,,
374772,Q2168071,Cuneiform Tablet BM 094098,create,11,1,written,,
449267,Q2168072,Cuneiform Tablet CUNES 55-09-002,create,7,1,written,,
394526,Q2168073,Cuneiform Tablet K 02580,create,10,1,written,,
309242,Q2168074,"Cuneiform Tablet YOS 12, 408",create,11,1,written,,
567057,Q2168075,Cuneiform Tablet BM 041214,create,9,1,written,,
103082,Q1991257,"Cuneiform Tablet AUCT 1, 237",update,4,7,written,,
531637,Q2168076,Cuneiform Tablet Elamica 11,create,10,1,written,,
462137,Q1926557,"Cuneiform Tablet JCS 24, 093, 17",update,4,8,written,,
579049,Q2168077,Cuneiform Tablet BM 054862,create,9,1,written,,
107868,Q2034448,Cuneiform Tablet CST (JRL) 353,update,4,8,written,,
223898,Q2168078,Cuneiform Tablet OBTR 062,create,11,1,written,,
2908,Q2168079,"Cuneiform Tablet ATU 7, pl. 001, W 18247,4a",create,9,1,written,,
457279,Q2168080,Cuneiform Artifact CDLI Seals 004569 (composite),create,10,0,written,,
291446,Q2168081,"Cuneiform Tablet BIN 01, 025",create,11,1,written,,
434757,Q2168082,"Cuneiform Tablet KBo 03, 10",create,10,1,written,,
504579,Q2168083,Cuneiform Artifact CDLI Seals 023449 (physical),create,8,1,written,,
501281,Q2168084,"Cuneiform Tablet TCTI 3, 05096",create,11,1,written,,
435845,Q2168085,"Cuneiform Tablet KBo 16, 022",create,10,1,written,,
119876,Q1967422,"Cuneiform Tablet MVN 18, 515",update,4,8,written,,
401419,Q2168086,Cuneiform Tablet K 15517,create,10,1,written,,
552319,Q2168087,Cuneiform Tablet Nbn. 238,create,10,1,written,,
375860,Q2168088,Cuneiform Tablet BM 114687,create,10,1,written,,
530925,Q2168089,Cuneiform Tablet Ibrahim diss. no. 19,create,11,1,written,,
499485,Q2168090,"Cuneiform Tablet HSS 15, 316r",create,10,1,written,,
270900,Q2168091,Cuneiform Tablet EA 083,create,9,1,written,,
118764,Q2168092,"Cuneiform Tablet MVN 16, 0716",create,11,1,written,,
452581,Q2168093,"Cuneiform Artifact RINAP 5/1 Ashurbanipal 011, ex. 121",create,11,1,written,,
532918,Q2168094,Cuneiform Tablet SPAB 460,create,11,1,written,,
243299,Q2168095,"Cuneiform Tablet ARET 12, 0123",create,10,1,written,,
310599,Q2065674,"Cuneiform Tablet YOS 14, 333",update,4,8,written,,
210301,Q2168096,"Cuneiform Tablet BPOA 06, 0516",create,11,1,written,,
131409,Q2030320,"Cuneiform Tablet SAT 1, 300",update,4,8,written,,
246561,Q2168097,Cuneiform Tablet P246561,create,10,1,written,,
428774,Q2168098,Cuneiform Artifact BM 090509,create,10,1,written,,
343401,Q2028198,"Cuneiform Tablet CDLI Literary 000564, ex. 001",update,4,8,written,,
437878,Q2168099,"Cuneiform Tablet KBo 30, 067",create,10,1,written,,
315261,Q2168100,"Cuneiform Tablet CT 55, 868",create,11,1,written,,
935,Q2168101,"Cuneiform Tablet ATU 5, pl. 024, W 7067,f",create,10,1,written,,
105855,Q1999240,"Cuneiform Tablet BIN 03, 049",update,4,8,written,,
388505,Q2168102,"Cuneiform Tablet AASOR 16, 026",create,10,1,written,,
455244,Q2168103,Cuneiform Artifact CDLI Seals 002534 (composite),create,10,0,written,,
403424,Q2168104,Cuneiform Tablet K 18178,create,10,1,written,,
506544,Q2168105,"Cuneiform Tablet Nisaba 34, 0228",create,10,1,written,,
561880,Q2168106,Cuneiform Tablet BM 032020,create,9,1,written,,
236399,Q2168107,"Cuneiform Tablet BIN 09, 389",create,10,1,written,,
368751,Q2168108,Cuneiform Tablet TMN Ist Ni 03470,create,10,1,written,,
493088,Q2168109,Cuneiform Tablet P493088,create,7,1,written,,
139039,Q2058019,"Cuneiform Tablet UET 9, 0909",update,4,8,written,,
380135,Q2007174,"Cuneiform Tablet PPAC 5, 1531",update,4,8,written,,
144509,Q2033091,"Cuneiform Tablet SAT 3, 1309",update,4,8,written,,
547818,Q2168110,Cuneiform Artifact CDLI Seals 025243 (physical),create,8,1,written,,
442978,Q2168111,"Cuneiform Tablet KBo 53, 175",create,10,1,written,,
525224,Q2168112,Cuneiform Tablet Al-Mayali diss. no. 14,create,10,1,written,,
365499,Q2168113,"Cuneiform Tablet CT 22, pl. 06, 022",create,11,1,written,,
558714,Q2168114,Cuneiform Tablet BM 048970,create,8,1,written,,
573444,Q2168115,Cuneiform Tablet NBDSPC no. 94,create,11,1,written,,
360361,Q1360496,"Cuneiform Tablet TPAK 1, 149",update,5,6,written,,
476524,Q2168116,Cuneiform Artifact CDLI Seals 009783 (physical),create,8,1,written,,
420344,Q2168117,Cuneiform Tablet K 22205,create,10,1,written,,
496770,Q2168118,"Cuneiform Tablet FM 11, 005",create,11,1,written,,
336501,Q2022939,Cuneiform Tablet RMA 198,update,4,8,written,,
117491,Q1960824,"Cuneiform Tablet MVN 13, 718",update,4,8,written,,
233461,Q2168119,"Cuneiform Artifact RIME 3/1.01.07.037, ex. 0710",create,11,1,written,,
527219,Q1996766,"Cuneiform Tablet BATSH 6, 094",update,5,7,written,,
593610,Q2168120,Cuneiform Tablet BM 076779,create,9,1,written,,
409029,Q2168121,"Cuneiform Tablet HSS 15, 249",create,10,1,written,,
571479,Q2168122,Cuneiform Tablet BM 048378,create,7,1,written,,
422379,Q2168123,Cuneiform Tablet BM 121128,create,7,1,written,,
300960,Q2168124,Cuneiform Artifact NBC 09854,create,10,1,written,,
282790,Q2065704,"Cuneiform Tablet Iraq 30, pl. 47 TR 2031",update,6,5,written,,
474519,Q2168125,Cuneiform Artifact CDLI Seals 007742 (physical),create,10,1,written,,
545825,Q2168127,Cuneiform Artifact CDLI Seals 023496 (physical),create,7,1,written,,
110354,Q2064221,"Cuneiform Tablet HSS 04, 081",update,5,7,written,,
249694,Q2168128,Cuneiform Tablet P249694,create,9,1,written,,
205800,Q2005069,"Cuneiform Tablet PPAC 5, 0463",update,4,8,written,,
440945,Q2168129,"Cuneiform Tablet KBo 44, 170",create,10,1,written,,
441657,Q2168130,"Cuneiform Tablet KBo 47, 023",create,10,1,written,,
512157,Q2168131,Cuneiform Artifact CDLI Seals 013651 (physical),create,9,1,written,,
283882,Q2168132,Cuneiform Tablet KUG 25,create,11,1,written,,
544737,Q2168133,Cuneiform Artifact CDLI Seals 022388 (physical),create,10,1,written,,
574381,Q2168134,Cuneiform Tablet BM 053801,create,7,1,written,,
279222,Q2168135,Cuneiform Tablet N 4363,create,11,1,written,,
204712,Q2168136,Cuneiform Tablet BM 028401,create,11,1,written,,
252172,Q2168137,Cuneiform Tablet MS 3161,create,8,1,written,,
417037,Q2168138,Cuneiform Tablet ROM 910x209.185,create,9,1,written,,
539207,Q2168139,Cuneiform Artifact CDLI Seals 018385 (physical),create,7,1,written,,
301672,Q2168140,Cuneiform Tablet NBC 10777,create,11,1,written,,
357012,Q2168141,Cuneiform Tablet Ist Ni 02455,create,10,1,written,,
497862,Q2168142,"Cuneiform Tablet RA 103, 55 no. 1 Deare tablet",create,9,1,written,,
592902,Q2168143,Cuneiform Tablet BM 075377,create,9,1,written,,
559806,Q2168144,Cuneiform Tablet BM 026699,create,11,1,written,,
127027,Q2008531,"Cuneiform Tablet Princeton 1, 338",update,4,8,written,,
446192,Q2168145,"Cuneiform Tablet KUB 42, 016",create,10,1,written,,
515692,Q2052901,"Cuneiform Tablet CUSAS 40, 0908",update,4,7,written,,
9217,Q2168146,"Cuneiform Tablet MDP 26S, 4780",create,10,1,written,,
228387,Q1937026,"Cuneiform Tablet MSL 09, 051 S14",update,4,8,written,,
252488,Q2168147,"Cuneiform Tablet CUSAS 43, 02m",create,8,1,written,,
301388,Q2168148,Cuneiform Tablet NBC 10454,create,10,1,written,,
575969,Q2168149,Cuneiform Tablet BM 050823,create,9,1,written,,
470809,Q2168150,Cuneiform Tablet PTS 2717,create,9,1,written,,
399314,Q2168151,Cuneiform Tablet K 11545,create,10,1,written,,
304470,Q2168152,Cuneiform Tablet YBC 01899,create,10,2,written,,
201510,Q2010280,Cuneiform Tablet PTS 1073bis,update,4,8,written,,
20480,Q894203,"Cuneiform Tablet TMH 05, 066",update,5,7,written,,
517355,Q1990651,"Cuneiform Tablet Nisaba 33, 175",update,4,7,written,,
142824,Q1970117,"Cuneiform Tablet AAICAB 1/1, pl. 062, 1924-0660",update,4,8,written,,
352210,Q2168153,"Cuneiform Tablet ARM 21, 208",create,11,1,written,,
423991,Q2168154,Cuneiform Tablet TEBA 60,create,10,1,written,,
439165,Q2168155,"Cuneiform Tablet KUB 28, 027 +? KUB 28, 029 + KBo 37, 035 +? KBo 37, 034",create,10,1,written,,
257370,Q2168156,Cuneiform Tablet UM 55-21-251,create,11,1,written,,
412235,Q2168157,"Cuneiform Tablet CTMMA 2, 062",create,9,1,written,,
541535,Q2168158,Cuneiform Artifact CDLI Seals 020697 (physical),create,8,1,written,,
379140,Q2168159,Cuneiform Tablet BM 087987,create,10,1,written,,
568658,Q2168160,Cuneiform Tablet BM 043184,create,9,1,written,,
444455,Q2168161,"Cuneiform Tablet KUB 18, 004",create,10,1,written,,
602801,Q2168162,Cuneiform Tablet BM 051245,create,8,1,written,,
140819,Q2168163,"Cuneiform Tablet UTI 4, 2800",create,11,1,written,,
515368,Q2052286,"Cuneiform Tablet CUSAS 40, 0584",update,4,7,written,,
361989,Q2168164,"Cuneiform Tablet Nisaba 33, 955",create,11,1,written,,
446468,Q2168165,"Cuneiform Tablet KUB 45, 077",create,10,1,written,,
543508,Q2168166,Cuneiform Tablet LB 1608 (unpublished),create,10,1,written,,
577954,Q2168167,Cuneiform Tablet BM 053006,create,9,1,written,,
410208,Q2168168,Cuneiform Tablet CUNES 49-02-183,create,9,1,written,,
443390,Q2168169,"Cuneiform Tablet KBo 54, 282",create,10,1,written,,
109175,Q2055736,"Cuneiform Tablet DecChaldée pl. 41, no. 4",update,4,7,written,,
113981,Q1947114,"Cuneiform Tablet MVN 04, 029",update,4,8,written,,
510490,Q2168170,Cuneiform Tablet CHJ pl. 18 HE 193,create,10,1,written,,
472834,Q2168171,Cuneiform Artifact CDLI Seals 006579 (physical),create,10,1,written,,
237971,Q2168172,Cuneiform Tablet ABL 0277,create,11,1,written,,
332811,Q2168173,Cuneiform Tablet CUNES 55-01-005,create,10,1,written,,
122225,Q1993047,"Cuneiform Tablet NRVN 1, 012",update,4,8,written,,
236663,Q2002686,"Cuneiform Tablet BIN 10, 119",update,4,7,written,,
493572,Q2168174,Cuneiform Tablet P493572,create,7,1,written,,
458476,Q2168175,Cuneiform Artifact CDLI Seals 005766 (composite),create,9,0,written,,
333703,Q1985048,"Cuneiform Tablet Nisaba 15, 0107",update,4,7,written,,
260003,Q2168176,"Cuneiform Tablet BE 08/1, 076",create,10,1,written,,
425146,Q2168177,"Cuneiform Tablet Rm 2, 510",create,9,1,written,,
112693,Q2168178,"Cuneiform Tablet MCS 3, 86 BM 105486",create,11,1,written,,
576646,Q2168179,Cuneiform Tablet BM 051589,create,9,1,written,,
318453,Q2168180,Cuneiform Tablet BM 018917,create,11,1,written,,
571183,Q2168181,Cuneiform Tablet BM 047823,create,7,1,written,,
385337,Q2168182,"Cuneiform Tablet OECT 10, 324",create,8,1,written,,
280257,Q2025860,"Cuneiform Tablet CDLI Literary 000370, ex. 036",update,4,8,written,,
143736,Q2031574,"Cuneiform Tablet SAT 2, 0536",update,4,8,written,,
115156,Q1951825,"Cuneiform Tablet MVN 07, 277",update,4,8,written,,
457783,Q2168183,Cuneiform Artifact CDLI Seals 005073 (composite),create,10,0,written,,
10036,Q2036401,"Cuneiform Tablet CT 50, 022",update,4,8,written,,
422683,Q2168184,"Cuneiform Artifact RINAP 5/1 Ashurbanipal 009, ex. 090",create,10,1,written,,
239596,Q2168185,Cuneiform Tablet K 18682,create,10,1,written,,
295956,Q2168186,"Cuneiform Tablet YOS 13, 158",create,9,2,written,,
136636,Q2052425,"Cuneiform Tablet UET 3, 0315",update,4,8,written,,
406626,Q2168187,Cuneiform Tablet SM 1909.05.532,create,11,1,written,,
268433,Q2168188,Cuneiform Tablet CBS 13354,create,11,1,written,,
390836,Q2168189,"Cuneiform Tablet BPOA 06, 0260",create,11,1,written,,
504083,Q2168190,Cuneiform Tablet RS 94.2296,create,9,0,written,,
450046,Q2168191,Cuneiform Tablet CUNES 49-15-724,create,9,1,written,,
503746,Q2168192,Cuneiform Tablet RS 19.0008,create,9,0,written,,
310063,Q2168193,Cuneiform Tablet YBC 09341,create,11,1,written,,
555126,Q2168194,Cuneiform Artifact BM 089946,create,10,1,written,,
296679,Q2015452,"Cuneiform Tablet BRM 2, 03",update,4,7,written,,
346603,Q2028498,"Cuneiform Tablet CDLI Literary 000619, ex. 049",update,4,8,written,,
243763,Q2168195,"Cuneiform Tablet ARET 12, 0519",create,10,1,written,,
465308,Q2168196,"Cuneiform Artifact RIMA 3.0.102.108, ex. 02",create,11,1,written,,
560268,Q2168198,Cuneiform Tablet BM 016597,create,10,1,written,,
528416,Q2168199,Cuneiform Tablet Hamid diss. no. 26,create,9,1,written,,
215103,Q1933168,"Cuneiform Tablet MAD 1, 273",update,4,7,written,,
393719,Q2168200,"Cuneiform Tablet Babyloniaca 01, 191, 1882-05-22, 0520",create,10,1,written,,
433568,Q1933020,Cuneiform Tablet MAA 1931.271,update,4,7,written,,
536408,Q1362967,"Cuneiform Tablet AKT 8, 276",update,6,6,written,,
135919,Q2050590,"Cuneiform Tablet UCP 09-02-1, 015",update,4,8,written,,
289975,Q2168201,Cuneiform Tablet RBC 02615,create,8,1,written,,
101545,Q1986631,"Cuneiform Tablet AnOr 07, 250",update,4,8,written,,
242871,Q2168202,"Cuneiform Tablet ARET 03, 676",create,10,1,written,,
418638,Q2168203,Cuneiform Tablet K 20165,create,10,1,written,,
407934,Q2065127,"Cuneiform Tablet HSS 68, 651",update,5,7,written,,
293181,Q2168204,"Cuneiform Tablet YNER 04, 107",create,11,1,written,,
565590,Q2168205,Cuneiform Tablet Ismail diss. no. 110,create,11,0,written,,
347911,Q2013176,"Cuneiform Tablet Ras Shamra-Ougarit 07, 073",update,4,7,written,,
4425,Q2168206,"Cuneiform Tablet ATU 7, pl. 077, W 21654,3",create,9,1,written,,
258085,Q2168207,Cuneiform Tablet CBS 00631,create,9,1,written,,
374288,Q2168208,Cuneiform Tablet BM 093272,create,11,1,written,,
314889,Q2168209,"Cuneiform Tablet CT 55, 496",create,10,1,written,,
103578,Q1992249,"Cuneiform Tablet AUCT 1, 733",update,4,7,written,,
502854,Q2168210,Cuneiform Artifact CDLI Seals 012481 (physical),create,7,1,written,,
500869,Q2168211,"Cuneiform Tablet CTMMA 4, 139",create,10,1,written,,
227588,Q1925253,"Cuneiform Tablet ITT 5, 09226",update,3,8,written,,
436290,Q2168212,"Cuneiform Tablet KBo 19, 131",create,10,1,written,,
405909,Q2168213,Cuneiform Tablet SM 1899.02.132,create,9,1,written,,
6418,Q2168214,"Cuneiform Tablet CUSAS 31, 121",create,9,1,written,,
467335,Q2168215,"Cuneiform Artifact RIMA 2.0.087.001, ex. 30",create,11,1,written,,
209120,Q1984374,"Cuneiform Tablet Nisaba 09, 253",update,4,8,written,,
128628,Q2025491,Cuneiform Tablet SA 021,update,4,7,written,,
431555,Q2168216,"Cuneiform Artifact RIME 4.02.09.02, ex. 01",create,10,1,written,,
562255,Q2168217,Cuneiform Tablet BM 033364,create,8,1,written,,
456891,Q2168218,Cuneiform Artifact CDLI Seals 004181 (composite),create,10,0,written,,
137924,Q2054970,"Cuneiform Tablet UET 3, 1598",update,4,8,written,,
274410,Q1925569,"Cuneiform Tablet ITT 5, 10058",update,4,8,written,,
294644,Q2168219,"Cuneiform Tablet GCCI 1, 412",create,10,1,written,,
371570,Q2168220,"Cuneiform Tablet VS 04, 046",create,8,1,written,,
222270,Q2168221,"Cuneiform Artifact RIME 3/2.01.06.1043, ex. 01",create,11,1,written,,
549105,Q2168222,Cuneiform Artifact CDLI Seals 026463 (physical),create,8,1,written,,
391724,Q2168223,Cuneiform Tablet OIM A04898,create,10,1,written,,
571496,Q2168224,Cuneiform Tablet BM 048399,create,8,1,written,,
106280,Q2000069,"Cuneiform Tablet BIN 03, 473",update,4,8,written,,
582001,Q2168225,Cuneiform Tablet BM 061790,create,9,1,written,,
422396,Q2168226,"Cuneiform Artifact RIMA 2.0.101.113, ex. 05",create,11,1,written,,
516952,Q2168227,Cuneiform Artifact CDLI Seals 013938 (composite),create,10,0,written,,
413832,Q2168228,Cuneiform Tablet BM 087910,create,10,1,written,,
143223,Q2030580,"Cuneiform Tablet SAT 2, 0024",update,4,8,written,,
115443,Q1953106,"Cuneiform Tablet MVN 08, 052",update,4,7,written,,
353817,Q2168229,"Cuneiform Tablet ARM 25, 078",create,11,1,written,,
236376,Q2168230,"Cuneiform Tablet BIN 09, 366",create,10,1,written,,
256977,Q2168231,Cuneiform Tablet UM 29-16-487,create,11,1,written,,
398913,Q2168232,Cuneiform Tablet K 10826,create,10,1,written,,
458163,Q2168233,Cuneiform Artifact CDLI Seals 005453 (composite),create,10,0,written,,
260516,Q2168234,Cuneiform Tablet CBS 04199,create,8,1,written,,
493067,Q2168235,Cuneiform Tablet P493067,create,7,1,written,,
365476,Q2018586,"Cuneiform Tablet RIME 4.03.06.14Sumerian, ex. 01",update,4,7,written,,
596107,Q2168236,Cuneiform Tablet BM 081719,create,10,1,written,,
280742,Q2168237,Cuneiform Tablet N 6996,create,8,1,written,,
473233,Q2168238,Cuneiform Artifact CDLI Seals 006978 (physical),create,9,1,written,,
123822,Q1997639,"Cuneiform Tablet OIP 121, 092",update,4,8,written,,
425453,Q2168239,Cuneiform Tablet BMS 54,create,11,1,written,,
112386,Q2168240,"Cuneiform Tablet JSOR 13, 179 49",create,10,1,written,,
10523,Q1993301,Cuneiform Tablet NTSŠ 0296,update,4,8,written,,
442997,Q2168241,"Cuneiform Tablet KBo 53, 194",create,10,1,written,,
576353,Q2168242,Cuneiform Tablet BM 051266,create,9,1,written,,
489893,Q2168243,"Cuneiform Tablet BagM 18, 133-198 no. 59",create,11,1,written,,
588119,Q2168244,Cuneiform Tablet BM 029086,create,9,1,written,,
306158,Q2168245,Cuneiform Tablet YBC 05025,create,10,1,written,,
350738,Q2168246,"Cuneiform Tablet ARM 12, 295",create,11,1,written,,
520533,Q2168247,Cuneiform Tablet KTU3 4.322,create,10,1,written,,
203038,Q2033501,"Cuneiform Tablet CM 26, 070",update,4,8,written,,
318146,Q2168248,Cuneiform Tablet BM 018546,create,11,1,written,,
255658,Q2168249,Cuneiform Tablet UM 29-13-743,create,11,1,written,,
443685,Q2168250,"Cuneiform Tablet KBo 57, 280",create,10,1,written,,
281850,Q2168251,"Cuneiform Tablet VS 19, 54",create,9,1,written,,
228368,Q1970953,Cuneiform Tablet N 5107,update,4,8,written,,
384930,Q2168252,"Cuneiform Tablet OECT 03, 07",create,11,1,written,,
352705,Q2168253,"Cuneiform Tablet ARM 22, 259",create,11,1,written,,
109460,Q2060395,Cuneiform Tablet Georgica 8.2.3,update,4,8,written,,
399601,Q2168254,Cuneiform Tablet K 12052 + K 12053,create,10,1,written,,
257665,Q2168255,Cuneiform Tablet CBS 00100,create,10,1,written,,
304165,Q2168256,Cuneiform Tablet NCBT 02128,create,11,1,written,,
201005,Q2009009,"Cuneiform Tablet Princeton 2, 007",update,4,8,written,,
439470,Q2168257,"Cuneiform Tablet KBo 38, 223",create,10,1,written,,
412720,Q2168258,Cuneiform Tablet BM 100082,create,10,1,written,,
20195,Q2063039,"Cuneiform Tablet VS 14, 184",update,4,8,written,,
385622,Q2168259,"Cuneiform Tablet OECT 13, 093",create,9,1,written,,
379455,Q2168260,Cuneiform Tablet BM 088408,create,10,1,written,,
444140,Q2168261,"Cuneiform Tablet KUB 10, 014",create,10,1,written,,
338909,Q2168262,"Cuneiform Tablet ARM 05, 059",create,11,1,written,,
449288,Q2168263,Cuneiform Tablet CUNES 49-00-027,create,8,1,written,,
294351,Q2168264,"Cuneiform Tablet GCCI 1, 261",create,10,1,written,,
119899,Q1967468,"Cuneiform Tablet MVN 18, 538",update,3,8,written,,
467620,Q2000625,"Cuneiform Tablet OrNS 81, 293 18",update,4,7,written,,
209435,Q1999337,"Cuneiform Tablet Ontario 2, 116",update,4,8,written,,
391231,Q2168265,"Cuneiform Artifact RIME 3/1.01.07.041, ex. add380",create,9,1,written,,
562740,Q2168266,Cuneiform Tablet BM 035409,create,8,1,written,,
274105,Q2168267,"Cuneiform Artifact RIME 4.04.01.03, ex. add359",create,9,1,written,,
222765,Q2168268,"Cuneiform Artifact RIME 1.11.add13.01, ex. 01",create,10,1,written,,
371065,Q2168269,"Cuneiform Tablet Umm el-Qaab 1, 069",create,9,1,written,,
534120,Q2168270,Cuneiform Artifact CDLI Seals 005673.3 (composite),create,7,0,written,,
582514,Q2168271,Cuneiform Tablet BM 062372,create,10,1,written,,
106795,Q2003128,"Cuneiform Tablet BJRL 64, 098 01",update,4,8,written,,
549410,Q2168272,Cuneiform Artifact CDLI Seals 026652 (physical),create,6,1,written,,
276138,Q2168273,Cuneiform Tablet N 0990,create,10,1,written,,
358308,Q1360292,"Cuneiform Tablet VS 26, 181",update,5,5,written,,
220758,Q2056131,Cuneiform Tablet DP 108,update,4,8,written,,
373058,Q1893326,"Cuneiform Tablet VS 16, 202",update,4,8,written,,
429889,Q2168274,Cuneiform Artifact CDLI Seals 001481 (physical),create,7,1,written,,
580529,Q2168275,Cuneiform Tablet BM 059521,create,10,1,written,,
325638,Q2046540,"Cuneiform Tablet CUSAS 14, 146",update,4,7,written,,
101050,Q1985663,"Cuneiform Tablet AnOr 01, 059",update,4,8,written,,
4130,Q2168276,Cuneiform Tablet IM 134605,create,10,1,written,,
565085,Q2168277,"Cuneiform Tablet MSL 5, 89",create,10,1,written,,
293494,Q2168278,Cuneiform Tablet NBC 05043,create,11,1,written,,
503253,Q2168279,Cuneiform Tablet RIH 77/17,create,9,0,written,,
436785,Q2168280,"Cuneiform Tablet KBo 23, 077",create,10,1,written,,
555433,Q2168281,Cuneiform Tablet BM 061273,create,10,1,written,,
406333,Q2168282,Cuneiform Tablet SM 1909.05.126,create,11,1,written,,
310576,Q2168283,"Cuneiform Tablet YOS 14, 236",create,10,1,written,,
346316,Q2030426,"Cuneiform Tablet CDLI Literary 000767, ex. 008",update,4,8,written,,
528103,Q2168284,"Cuneiform Tablet Chagar Bazar 3, 094",create,11,1,written,,
268126,Q2168285,"Cuneiform Tablet PBS 02/1, 058",create,11,1,written,,
437897,Q2168286,"Cuneiform Tablet KBo 30, 090",create,10,1,written,,
215416,Q1933595,"Cuneiform Tablet MAD 5, 093",update,4,7,written,,
223877,Q2168287,Cuneiform Tablet OBTR 052,create,11,1,written,,
243276,Q2168288,"Cuneiform Tablet ARET 12, 0102",create,10,1,written,,
450553,Q2020762,"Cuneiform Artifact RINAP 4 Esarhaddon 130, ex. 001",update,3,7,written,,
107887,Q2034486,Cuneiform Tablet CST (JRL) 372,update,4,8,written,,
563852,Q2168289,Cuneiform Tablet BM 038500,create,8,1,written,,
326917,Q2046467,"Cuneiform Tablet CUSAS 14, 109",update,4,7,written,,
457296,Q2168290,Cuneiform Artifact CDLI Seals 004586 (composite),create,10,0,written,,
504596,Q2168291,Cuneiform Artifact CDLI Seals 013407 (physical),create,10,1,written,,
136323,Q2051842,"Cuneiform Tablet UET 3, 0007",update,4,8,written,,
239083,Q2168292,"Cuneiform Tablet Zukunftsbewältigung 543, K 12179",create,10,1,written,,
584839,Q2168293,Cuneiform Tablet BM 065088,create,9,1,written,,
210614,Q2168294,"Cuneiform Tablet BPOA 06, 0848",create,11,1,written,,
481959,Q2168295,"Cuneiform Tablet CT 49, 128",create,11,1,written,,
315774,Q1929501,"Cuneiform Tablet Kaskal 04, 069 04",update,4,8,written,,
246074,Q2168296,Cuneiform Tablet P246074,create,10,1,written,,
288688,Q1934184,"Cuneiform Tablet MARV 6, 07",update,4,7,written,,
428261,Q2168297,"Cuneiform Artifact RINBE 1, Nebuchadnezzar II nn, ex. nn",create,9,1,written,,
297984,Q2168298,Cuneiform Tablet NBC 04964,create,11,1,written,,
455751,Q2168299,Cuneiform Artifact CDLI Seals 003041 (composite),create,10,0,written,,
506051,Q2168300,Cuneiform Tablet RBC 02675,create,6,1,written,,
343114,Q2168301,"Cuneiform Tablet CDLI Literary needed, ex. 001 ?",create,10,1,written,,
388010,Q1986089,"Cuneiform Tablet Nisaba 15, 0739",update,4,7,written,,
550631,Q2168302,"Cuneiform Tablet OLA 233, no. 071",create,11,1,written,,
212629,Q2001260,"Cuneiform Tablet BIN 08, 073",update,4,8,written,,
403131,Q2168303,"Cuneiform Tablet CDLI Literary 002718.01, ex. 034",create,11,1,written,,
341129,Q2168304,"Cuneiform Tablet BPOA 02, 2473",create,11,1,written,,
239579,Q2168305,Cuneiform Tablet K 18637,create,10,1,written,,
501794,Q2168306,"Cuneiform Artifact TCTI 3, 05984",create,11,1,written,,
244049,Q2168307,"Cuneiform Tablet ARET 12, 0797",create,10,1,written,,
452094,Q2168308,Cuneiform Artifact BM 092494,create,7,1,written,,
118271,Q1965426,"Cuneiform Tablet MVN 14, 0591",update,4,8,written,,
599708,Q2168309,Cuneiform Tablet BM 095632,create,9,1,written,,
103597,Q1992286,"Cuneiform Tablet AUCT 1, 752",update,4,7,written,,
499190,Q2168310,Cuneiform Tablet P499190,create,11,1,written,,
587716,Q2168311,Cuneiform Tablet BM 068602,create,10,1,written,,
448860,Q2168312,"Cuneiform Tablet Nisaba 19, 165",create,11,1,written,,
374267,Q1987515,"Cuneiform Tablet Nisaba 17, 139",update,4,8,written,,
271307,Q2168313,"Cuneiform Tablet Emar 6/1, p. 116, Msk 731037",create,9,1,written,,
227567,Q1925243,"Cuneiform Tablet ITT 5, 09221",update,3,8,written,,
449772,Q2168314,"Cuneiform Tablet CUSAS 29, 013",create,9,1,written,,
586804,Q2168315,Cuneiform Tablet BM 067505,create,9,1,written,,
322407,Q2043860,"Cuneiform Tablet CUSAS 03, 0971",update,4,7,written,,
567542,Q2168316,Cuneiform Tablet VAT 13160,create,8,1,written,,
462422,Q2168317,Cuneiform Tablet CST 217,create,10,1,written,,
309757,Q2168318,Cuneiform Tablet YBC 09025,create,11,1,written,,
394033,Q2168319,"Cuneiform Tablet CDLI Literary 002701.01, ex. 017",create,11,1,written,,
531322,Q2168320,Cuneiform Tablet Textes Scolaires 079,create,9,1,written,,
291153,Q2011591,"Cuneiform Tablet BPOA 07, 1940",update,4,8,written,,
500886,Q2168321,"Cuneiform Tablet CTMMA 4, 039",create,10,1,written,,
551923,Q2168322,Cuneiform Tablet Dar. 422,create,10,1,written,,
454843,Q2168323,Cuneiform Artifact CDLI Seals 002133 (composite),create,10,0,written,,
296696,Q2015531,"Cuneiform Tablet BRM 2, 20",update,4,7,written,,
433587,Q2024553,"Cuneiform Tablet RSO 83, 346 20",update,4,7,written,,
434242,Q2168324,"Cuneiform Tablet IBoT 02, 133",create,10,1,written,,
560287,Q2168325,Cuneiform Tablet BM 016619,create,9,1,written,,
211906,Q2061937,"Cuneiform Tablet Hermitage 3, 385",update,4,8,written,,
127532,Q2010863,"Cuneiform Tablet RA 009, 051 SA 193",update,4,7,written,,
1332,Q2168326,"Cuneiform Tablet ATU 5, pl. 072, W 9579,ci",create,10,1,written,,
314866,Q2168327,"Cuneiform Tablet CT 55, 473",create,11,1,written,,
104252,Q1993602,"Cuneiform Tablet AUCT 3, 019",update,4,7,written,,
515387,Q2052322,"Cuneiform Tablet CUSAS 40, 0603",update,4,7,written,,
361966,Q2168328,"Cuneiform Tablet Nisaba 33, 933",create,11,1,written,,
417522,Q2168329,"Cuneiform Tablet ROMCT 2, 46",create,9,1,written,,
421943,Q2168330,"Cuneiform Tablet MC 25, 629",create,7,1,written,,
446487,Q2168331,"Cuneiform Tablet KUB 46, 006 + IBoT 04, 0119",create,10,1,written,,
228692,Q1937367,"Cuneiform Tablet MSL 12, 030 D'",update,4,8,written,,
279737,Q2168332,Cuneiform Tablet N 5581,create,9,1,written,,
544222,Q2168333,Cuneiform Tablet LB 2765 (unpublished),create,9,1,written,,
575986,Q2168334,Cuneiform Tablet BM 050850,create,10,1,written,,
441342,Q2168335,"Cuneiform Tablet KBo 46, 031",create,10,1,written,,
252467,Q2168336,"Cuneiform Tablet CUSAS 43, 30",create,8,1,written,,
204207,Q2004413,Cuneiform Tablet BM 021502,update,4,8,written,,
299563,Q1975263,Cuneiform Tablet NBC 08120,update,4,8,written,,
539712,Q2168337,Cuneiform Artifact CDLI Seals 018894 (physical),create,7,1,written,,
512442,Q2168338,"Cuneiform Tablet Akkadica 137, 046 25",create,11,1,written,,
357507,Q1370873,"Cuneiform Tablet TCL 14, 17",update,5,7,written,,
111953,Q1926442,"Cuneiform Tablet JCS 22, 057",update,4,7,written,,
301367,Q1975483,Cuneiform Tablet NBC 10431,update,4,8,written,,
591338,Q2168339,Cuneiform Tablet BM 072714,create,9,1,written,,
349519,Q2168340,"Cuneiform Tablet AOAT 275, 339, BM 050686",create,9,1,written,,
362649,Q2168341,Cuneiform Tablet PUL Ex 1203,create,10,1,written,,
334029,Q1972594,Cuneiform Tablet ABL 0080,update,4,8,written,,
494258,Q2168342,Cuneiform Tablet P494258,create,7,1,written,,
231149,Q1970704,Cuneiform Tablet N 4862,update,4,8,written,,
538800,Q2168343,Cuneiform Artifact CDLI Seals 017978 (physical),create,8,1,written,,
278825,Q2168344,Cuneiform Tablet N 3844,create,10,1,written,,
282285,Q1928791,Cuneiform Tablet KAJ 273,update,4,6,written,,
574694,Q2168345,Cuneiform Tablet BM 068314,create,7,1,written,,
458499,Q2168346,Cuneiform Artifact CDLI Seals 005789 (composite),create,10,0,written,,
110641,Q2168347,"Cuneiform Tablet ITT 2, 00771",create,11,1,written,,
525731,Q2168348,"Cuneiform Tablet ARM 33, 048",create,11,1,written,,
249381,Q2019798,"Cuneiform Tablet CDLI Lexical 000001, ex. 051",update,3,7,written,,
218224,Q2029527,"Cuneiform Tablet SANTAG 7, 149",update,4,8,written,,
8810,Q2168349,"Cuneiform Tablet MDP 26, 122",create,10,1,written,,
285540,Q2168350,Cuneiform Tablet KAV 064,create,8,1,written,,
380420,Q2007404,"Cuneiform Tablet PPAC 5, 1651",update,4,8,written,,
573151,Q2168351,Cuneiform Tablet BM 077426,create,9,1,written,,
476031,Q2168352,Cuneiform Artifact CDLI Seals 009290 (physical),create,8,1,written,,
229980,Q893863,Cuneiform Tablet HS 1825,update,4,6,written,,
420651,Q2168353,Cuneiform Tablet SMUI 1913.14.0269,create,8,1,written,,
336014,Q1981656,Cuneiform Tablet ADD 1253,update,4,7,written,,
360674,Q1360836,"Cuneiform Tablet AKT 3, 065",update,5,7,written,,
117184,Q1959509,"Cuneiform Tablet MVN 13, 411",update,4,8,written,,
588549,Q2168354,Cuneiform Tablet BM 069368,create,10,1,written,,
593305,Q2168355,Cuneiform Tablet BM 076366,create,9,1,written,,
558201,Q2168356,Cuneiform Tablet BM 043054,create,8,1,written,,
233174,Q2168357,"Cuneiform Artifact RIME 3/1.01.07.037, ex. 0423",create,11,1,written,,
600979,Q2168358,Cuneiform Tablet BM 101015,create,10,1,written,,
265714,Q2168359,Cuneiform Tablet CBS 10508,create,9,1,written,,
127498,Q2010768,"Cuneiform Tablet RA 009, 050 SA 162",update,4,7,written,,
228738,Q1982220,"Cuneiform Tablet AfO 29/30, 032, UM 29-16-337",update,4,8,written,,
524989,Q1992503,Cuneiform Artifact NMI BK 00574,update,4,3,written,,
350368,Q2168360,"Cuneiform Tablet ARM 11, 225",create,11,1,written,,
496265,Q2168361,"Cuneiform Tablet MDP 09, 265",create,11,1,written,,
255208,Q2168362,Cuneiform Tablet UM 29-13-219,create,11,1,written,,
306508,Q2168363,Cuneiform Tablet YBC 05437,create,10,1,written,,
203468,Q2004035,Cuneiform Tablet BM 020639,update,4,8,written,,
332954,Q1999467,"Cuneiform Tablet Ontario 2, 180",update,4,8,written,,
237834,Q1972955,Cuneiform Tablet ABL 0283,update,4,8,written,,
330969,Q2168364,Cuneiform Tablet IM 061640,create,11,1,written,,
206390,Q2168365,Cuneiform Tablet BM 021408,create,11,1,written,,
468185,Q2168366,Cuneiform Tablet U 07833h,create,7,0,written,,
472971,Q2168367,Cuneiform Artifact CDLI Seals 006716 (physical),create,9,1,written,,
544388,Q2168368,Cuneiform Tablet LB 5190 (unpublished),create,10,1,written,,
577811,Q2168369,Cuneiform Tablet BM 052854,create,8,1,written,,
417488,Q2168370,"Cuneiform Tablet ROMCT 2, 12",create,9,1,written,,
541470,Q2168371,Cuneiform Artifact CDLI Seals 020632 (physical),create,9,1,written,,
602944,Q2168372,"Cuneiform Tablet Schaudig, Babil 5, no. 103 (N13: 145)",create,9,1,written,,
517210,Q2168373,"Cuneiform Tablet Nisaba 33, 10",create,9,1,written,,
379005,Q2006394,"Cuneiform Tablet PPAC 5, 1144",update,4,8,written,,
266991,Q2168374,Cuneiform Tablet CBS 11853,create,10,1,written,,
257235,Q2168375,"Cuneiform Tablet AfO 29/30, 039, UM 55-21-075",create,10,1,written,,
444510,Q2168376,"Cuneiform Tablet KUB 19, 028",create,10,1,written,,
399251,Q2168377,Cuneiform Tablet K 11358,create,10,1,written,,
412370,Q2168378,"Cuneiform Tablet CTMMA 3, 092",create,10,1,written,,
352355,Q2168379,"Cuneiform Tablet ARM 21, 353",create,11,1,written,,
439020,Q2168380,"Cuneiform Tablet KBo 35, 254",create,10,1,written,,
304535,Q2168381,Cuneiform Tablet YBC 01971,create,10,1,written,,
334183,Q1972914,Cuneiform Tablet ABL 0248,update,4,8,written,,
201455,Q2009842,"Cuneiform Tablet Princeton 2, 456",update,4,8,written,,
591292,Q2168382,Cuneiform Tablet BM 072637,create,9,1,written,,
409496,Q2168383,Cuneiform Tablet CUNES 48-00-030,create,6,1,written,,
10173,Q2168384,"Cuneiform Tablet OIP 099, 193",create,11,1,written,,
142961,Q1968175,"Cuneiform Tablet MVN 20, 028",update,4,8,written,,
115013,Q1951074,"Cuneiform Tablet MVN 07, 091",update,4,8,written,,
425003,Q2168385,"Cuneiform Tablet Rm 2, 228",create,9,1,written,,
143673,Q2031448,"Cuneiform Tablet SAT 2, 0473",update,4,8,written,,
473663,Q2168386,Cuneiform Artifact CDLI Seals 007408 (physical),create,8,1,written,,
139486,Q2058903,"Cuneiform Tablet UET 9, 1356",update,4,8,written,,
280312,Q2026330,"Cuneiform Tablet CDLI Literary 000379, ex. 057",update,4,8,written,,
236726,Q2002815,"Cuneiform Tablet BIN 10, 182",update,4,7,written,,
385272,Q2168387,"Cuneiform Tablet OECT 10, 259",create,8,1,written,,
318516,Q2168388,Cuneiform Tablet BM 018997,create,11,1,written,,
458533,Q2168389,Cuneiform Artifact CDLI Seals 005823 (composite),create,10,0,written,,
260146,Q2168390,"Cuneiform Tablet BagM 28, 191 03",create,9,1,written,,
596557,Q2168391,Cuneiform Tablet BM 082782,create,10,1,written,,
493437,Q2168392,"Cuneiform Tablet TBER pl. 48, AO 17632",create,7,1,written,,
576703,Q2168393,Cuneiform Tablet BM 051653,create,9,1,written,,
333646,Q1986468,"Cuneiform Tablet Nisaba 15, 0941",update,4,7,written,,
346746,Q2168394,"Cuneiform Tablet UET 6, 0709",create,10,1,written,,
365026,Q2168395,Cuneiform Tablet LBAT 0932,create,10,1,written,,
310126,Q2168396,"Cuneiform Tablet YOS 17, 017",create,11,1,written,,
584993,Q2168397,Cuneiform Tablet BM 065299,create,9,1,written,,
528553,Q2168398,Cuneiform Artifact CDLI Seals 015913 (physical),create,7,1,written,,
555063,Q2168399,Cuneiform Artifact BM 084760,create,9,1,written,,
243626,Q2168400,"Cuneiform Tablet ARET 12, 0411",create,10,1,written,,
503603,Q2168401,Cuneiform Tablet RS 17.0251,create,9,0,written,,
215046,Q2168402,"Cuneiform Tablet MAD 1, 110",create,10,1,written,,
295813,Q2168403,Cuneiform Tablet MLC 01034,create,9,1,written,,
450103,Q2168404,Cuneiform Tablet CUNES 50-02-162,create,8,1,written,,
390973,Q2168405,"Cuneiform Tablet BPOA 07, 2504",create,11,1,written,,
212783,Q2001507,"Cuneiform Tablet BIN 08, 239",update,3,7,written,,
394199,Q2168406,Cuneiform Tablet K 02116,create,10,1,written,,
462588,Q2168407,Cuneiform Tablet CST 383,create,10,1,written,,
341083,Q2168408,"Cuneiform Tablet BPOA 02, 2427",create,11,1,written,,
136773,Q2052692,"Cuneiform Tablet UET 3, 0451",update,4,8,written,,
531288,Q2168409,Cuneiform Tablet Textes Scolaires 042,create,9,1,written,,
240909,Q2168410,Cuneiform Tablet P240909,create,10,1,written,,
345869,Q2168411,"Cuneiform Tablet BBVOT 03, 08",create,10,1,written,,
213891,Q2168412,"Cuneiform Tablet ITT 2, 02829",create,10,1,written,,
137861,Q2054847,"Cuneiform Tablet UET 3, 1535",update,4,8,written,,
549040,Q2168413,Cuneiform Artifact CDLI Seals 026398 (physical),create,8,1,written,,
222335,Q2168414,"Cuneiform Tablet AAICAB 1/1, pl. 008, 1928-442",create,10,1,written,,
274555,Q2168415,"Cuneiform Tablet LTBA 2, 9a-b? +",create,11,1,written,,
371435,Q2168416,"Cuneiform Tablet VS 03, 143",create,8,1,written,,
582144,Q2168417,Cuneiform Tablet BM 061959,create,9,1,written,,
431410,Q2168418,Cuneiform Artifact CDLI Seals 006368 (physical),create,7,1,written,,
562310,Q2168419,Cuneiform Tablet BM 033444,create,9,1,written,,
294701,Q2168420,"Cuneiform Tablet GCCI 2, 333",create,10,1,written,,
391661,Q2168421,Cuneiform Artifact OIM A04618,create,10,1,written,,
1298,Q2168422,"Cuneiform Tablet ATU 5, pl. 068, W 9579,az",create,10,1,written,,
209065,Q2168423,"Cuneiform Tablet BPOA 02, 2596",create,11,1,written,,
580179,Q2168424,Cuneiform Tablet BM 059120,create,10,1,written,,
276568,Q2168425,Cuneiform Tablet N 1423 + N 1425 + N 1426 + N 1427 + N 1428 (+) N 1422,create,11,1,written,,
325268,Q2168426,"Cuneiform Tablet CUSAS 08, 016",create,9,1,written,,
373408,Q2168427,"Cuneiform Tablet VS 22, 86",create,11,1,written,,
551889,Q2168428,Cuneiform Tablet Dar. 146,create,10,1,written,,
320590,Q2168429,"Cuneiform Tablet Nisaba 08, 171",create,11,1,written,,
585681,Q2168430,Cuneiform Tablet BM 066110,create,9,1,written,,
407871,Q2168431,Cuneiform Tablet SM 1913.02.255,create,9,1,written,,
358758,Q1359374,"Cuneiform Tablet CCT 5, 15, BM 120507",update,5,5,written,,
502911,Q1362724,Cuneiform Tablet KKBullae 330 kt z/t 015,update,6,5,written,,
289830,Q2168432,Cuneiform Artifact YBC 16428,create,11,1,written,,
242934,Q2168433,"Cuneiform Tablet ARET 03, 738",create,10,1,written,,
4560,Q2168434,"Cuneiform Tablet ATU 7, pl. 086, W 22104,4f",create,9,1,written,,
101400,Q1986351,"Cuneiform Tablet AnOr 07, 105",update,4,8,written,,
567112,Q2168435,Cuneiform Tablet BM 041312,create,9,1,written,,
128297,Q2168436,Cuneiform Tablet Rochester 192,create,10,1,written,,
347854,Q2168437,"Cuneiform Tablet Ras Shamra-Ougarit 07, 016",create,10,1,written,,
531772,Q892761,Cuneiform Tablet Elamica 11,update,4,7,written,,
309307,Q2168438,Cuneiform Tablet YBC 08435,create,10,1,written,,
291503,Q2168439,"Cuneiform Tablet dubsar 3, 077",create,11,1,written,,
434612,Q2168440,"Cuneiform Tablet IBoT 04, 270",create,10,1,written,,
374637,Q1987664,"Cuneiform Tablet Nisaba 18, 081",update,4,8,written,,
587346,Q2168441,Cuneiform Tablet BM 068139,create,9,1,written,,
119933,Q1967535,"Cuneiform Tablet MVN 18, 572",update,4,8,written,,
227137,Q2017836,"Cuneiform Tablet RIME 3/2.01.04.01, ex. 01 & RIME 3/2.01.04.08, ex. 01 & RIME 3/2.01.04.09, ex. 01",update,4,9,written,,
449322,Q2168442,Cuneiform Tablet CUNES 49-03-345,create,9,1,written,,
394463,Q2168443,"Cuneiform Tablet ABRT 1, 63 - 66",create,11,1,written,,
580483,Q2168444,Cuneiform Tablet BM 059468,create,10,1,written,,
271757,Q2168445,"Cuneiform Tablet Emar 6/2, p. 405, Msk 74159j",create,9,1,written,,
325792,Q1990232,"Cuneiform Tablet Nisaba 32, 175",update,3,7,written,,
276092,Q2168446,Cuneiform Tablet N 0932,create,11,1,written,,
429923,Q1985257,Cuneiform Tablet P429923,update,3,7,written,,
369906,Q2168447,"Cuneiform Tablet MDP 27, 159",create,9,1,written,,
1762,Q2168448,"Cuneiform Tablet ATU 6, pl. 009, W 10797",create,10,1,written,,
104602,Q1994273,"Cuneiform Tablet AUCT 3, 392",update,4,7,written,,
377918,Q2168449,Cuneiform Tablet BM 086133,create,10,1,written,,
272878,Q2168450,Cuneiform Artifact CDLI Seals 001368 (physical),create,9,1,written,,
403561,Q2168451,Cuneiform Tablet K 18339,create,10,1,written,,
428631,Q2168452,Cuneiform Artifact BM 138718,create,8,1,written,,
246424,Q2168453,Cuneiform Tablet P246424,create,10,1,written,,
506401,Q2168454,Cuneiform Tablet EAH 00179,create,7,1,written,,
406299,Q2168455,"Cuneiform Artifact RIME 3/1.01.07.048, ex. add102",create,11,1,written,,
455301,Q2168456,Cuneiform Artifact CDLI Seals 002591 (composite),create,10,0,written,,
105910,Q1999350,"Cuneiform Tablet BIN 03, 104",update,4,8,written,,
343544,Q2018206,"Cuneiform Tablet RIME 4.01.05.add10, ex. 15",update,4,8,written,,
210244,Q2168457,"Cuneiform Tablet BPOA 06, 0460",create,11,1,written,,
870,Q2168458,Cuneiform Tablet P000870,create,10,1,written,,
599358,Q2168459,Cuneiform Tablet BM 094729,create,10,1,written,,
239129,Q2168460,Cuneiform Tablet K 12583,create,11,1,written,,
244419,Q2168461,"Cuneiform Tablet ARET 12, 1123",create,10,1,written,,
212279,Q2168462,"Cuneiform Artifact Hermitage 3, 542",create,11,1,written,,
317319,Q2168463,Cuneiform Tablet BM 016018,create,11,1,written,,
136289,Q2051610,Cuneiform Tablet UDT 155,update,4,8,written,,
133571,Q2045379,Cuneiform Tablet TÉL 063,update,4,8,written,,
270845,Q2168464,Cuneiform Tablet EA 346,create,9,1,written,,
341579,Q2168465,"Cuneiform Tablet ARM 08, 100",create,11,1,written,,
375925,Q2059447,"Cuneiform Tablet Fs Pomponio 162, 4",update,4,8,written,,
344281,Q2168466,Cuneiform Tablet PRAK B 464,create,8,1,written,,
217581,Q1975817,Cuneiform Tablet Adab 0942,update,4,7,written,,
530860,Q2168467,Cuneiform Tablet Royal archive Iluni no. 41,create,10,1,written,,
118621,Q2168468,"Cuneiform Tablet MVN 15, 356",create,10,1,written,,
334479,Q1973655,Cuneiform Tablet ABL 0681,update,4,8,written,,
231519,Q2031561,"Cuneiform Tablet CDLI Literary 000796, ex. 044",update,4,8,written,,
591768,Q2168469,Cuneiform Tablet BM 073238,create,9,1,written,,
479794,Q2168470,"Cuneiform Tablet FM 07, 009",create,11,1,written,,
435900,Q2168471,"Cuneiform Tablet KBo 16, 096",create,10,1,written,,
494608,Q2168472,Cuneiform Tablet P494608,create,8,1,written,,
362219,Q2168473,"Cuneiform Artifact Nisaba 33, 0449bis",create,11,1,written,,
349149,Q2168474,"Cuneiform Tablet AUWE 23, 146",create,10,1,written,,
413998,Q2168475,Cuneiform Tablet LKA 089,create,11,1,written,,
545960,Q2168476,Cuneiform Artifact CDLI Seals 023631 (physical),create,9,1,written,,
440800,Q2168477,"Cuneiform Tablet KBo 44, 015",create,10,1,written,,
267379,Q2168478,Cuneiform Tablet CBS 12777,create,11,1,written,,
300825,Q2168479,Cuneiform Tablet NBC 09708,create,10,1,written,,
331381,Q2168480,"Cuneiform Tablet Nisaba 05/1, 351 U 30313",create,11,1,written,,
262481,Q2024017,"Cuneiform Tablet Robertson diss. p. 253, CBS 07480",update,4,8,written,,
594090,Q2168481,Cuneiform Tablet BM 077796  + 1884-02-11 unnum.,create,10,1,written,,
205945,Q2168482,Cuneiform Tablet BM 029734,create,11,1,written,,
143389,Q2030897,"Cuneiform Tablet SAT 2, 0188",update,4,8,written,,
473399,Q2168483,Cuneiform Artifact CDLI Seals 007144 (physical),create,9,1,written,,
10489,Q1993239,Cuneiform Tablet NTSŠ 0092,update,4,8,written,,
110211,Q2063389,Cuneiform Tablet HLC 340 (pl. 036),update,4,8,written,,
123988,Q1997958,"Cuneiform Tablet OIP 121, 258",update,4,8,written,,
385788,Q2168484,"Cuneiform Tablet OECT 13, 259",create,9,1,written,,
520499,Q2168485,Cuneiform Tablet KTU3 4.196,create,10,1,written,,
302818,Q2168486,Cuneiform Tablet NCBT 00765,create,11,1,written,,
489939,Q2168487,"Cuneiform Tablet BagM 31, 136 339",create,11,1,written,,
336444,Q2022463,Cuneiform Tablet RMA 128,update,4,8,written,,
593755,Q2168488,Cuneiform Tablet BID pl. 15-16,create,9,1,written,,
207978,Q2168489,Cuneiform Tablet BM 027726,create,11,1,written,,
265344,Q2023777,"Cuneiform Tablet CDLI Literary 000335, ex. 051",update,4,8,written,,
496635,Q2168490,"Cuneiform Tablet FM 09, 004",create,11,1,written,,
351980,Q2168491,"Cuneiform Tablet ARM 19, 441",create,11,1,written,,
380070,Q2007095,"Cuneiform Tablet PPAC 5, 1490",update,4,8,written,,
558651,Q2168492,Cuneiform Tablet BM 048257,create,8,1,written,,
233524,Q2168493,"Cuneiform Artifact RIME 3/1.01.07.037, ex. 0773",create,11,1,written,,
573501,Q2168494,Cuneiform Tablet SCT 110,create,7,1,written,,
420201,Q2168495,Cuneiform Tablet K 22031,create,10,1,written,,
525361,Q2168496,Cuneiform Artifact CDLI Seals 014342 (composite),create,10,0,written,,
285110,Q2168497,"Cuneiform Tablet BAM 1, 006",create,8,1,written,,
476461,Q2168498,Cuneiform Artifact CDLI Seals 009720 (physical),create,7,1,written,,
497927,Q2168499,"Cuneiform Tablet RA 069, 027 no. 4",create,11,1,written,,
127162,Q2008801,"Cuneiform Tablet Princeton 1, 473",update,4,8,written,,
350692,Q2168500,"Cuneiform Tablet ARM 12, 249",create,11,1,written,,
601391,Q2168501,Cuneiform Tablet BM 101486,create,10,1,written,,
252037,Q2168502,"Cuneiform Tablet MSCT 1, 247, MS 3031",create,8,1,written,,
360224,Q1360352,"Cuneiform Tablet TPAK 1, 012",update,6,5,written,,
592847,Q2168503,Cuneiform Tablet BM 075099,create,9,1,written,,
559943,Q2168504,Cuneiform Tablet BM 013157,create,9,1,written,,
9352,Q2168505,"Cuneiform Tablet MDP 31, 012",create,10,1,written,,
417172,Q2168506,Cuneiform Tablet ROM 910x209.398,create,10,1,written,,
357157,Q2168507,"Cuneiform Tablet CDLI Literary 000504, ex. 001",create,9,1,written,,
441712,Q2168508,"Cuneiform Tablet KBo 47, 078",create,10,1,written,,
301737,Q2168509,"Cuneiform Tablet BiMes 11, no. 222",create,11,1,written,,
521322,Q2168510,"Cuneiform Tablet BAH 214, 64",create,10,1,written,,
539342,Q2168511,Cuneiform Artifact CDLI Seals 018520 (physical),create,6,0,written,,
204657,Q2168512,Cuneiform Tablet BM 028202,create,11,1,written,,
424242,Q2168513,"Cuneiform Tablet TJDB pl. 60, MAH 16524",create,11,1,written,,
279367,Q2168514,Cuneiform Tablet N 4509,create,11,1,written,,
319757,Q2168515,Cuneiform Tablet BM 022043,create,11,1,written,,
512012,Q1932982,Cuneiform Tablet MA. Thesis 15,update,3,6,written,,
544672,Q2168516,Cuneiform Artifact CDLI Seals 022323 (physical),create,8,1,written,,
281153,Q2168517,Cuneiform Tablet N 7421,create,8,1,written,,
597716,Q2168518,"Cuneiform Tablet Pihans 135, 304",create,9,0,written,,
384033,Q2168519,"Cuneiform Tablet OIP 092, 1347",create,10,1,written,,
510886,Q1893881,"Cuneiform Tablet AbB 13, 190",update,3,8,written,,
472422,Q1932148,Cuneiform Tablet Lippmann Coll 122,update,4,7,written,,
577542,Q2168520,Cuneiform Tablet BM 052558,create,9,1,written,,
459772,Q2168521,Cuneiform Tablet FLP 1141,create,8,1,written,,
332407,Q2168522,Cuneiform Tablet OwenEL 001,create,10,1,written,,
113597,Q1944992,"Cuneiform Tablet MVN 02, 298",update,3,7,written,,
142432,Q2065891,"Cuneiform Tablet YOS 18, 038",update,4,8,written,,
492676,Q2168523,Cuneiform Tablet P492676,create,9,1,written,,
114252,Q1948319,"Cuneiform Tablet MVN 05, 032",update,4,7,written,,
423587,Q2024464,Cuneiform Tablet Rouse 01,update,4,7,written,,
304866,Q2168524,"Cuneiform Tablet YOS 06, 088",create,11,1,written,,
261307,Q2168525,Cuneiform Artifact CDLI Seals 000721 (physical),create,7,1,written,,
201906,Q2059837,"Cuneiform Tablet UMTBM 03, 42",update,4,8,written,,
237567,Q2039080,"Cuneiform Tablet CT 54, 586",update,4,8,written,,
570287,Q2168526,Cuneiform Tablet BM 045445,create,7,1,written,,
602417,Q2168527,Cuneiform Tablet BM 114842,create,10,1,written,,
594839,Q2168528,Cuneiform Tablet BM 079250,create,10,1,written,,
540631,Q2168529,Cuneiform Artifact CDLI Seals 019812 (physical),create,6,1,written,,
413131,Q2168530,Cuneiform Tablet BM 102394,create,10,1,written,,
541923,Q2168531,Cuneiform Artifact CDLI Seals 021085 (physical),create,8,1,written,,
445751,Q2168532,"Cuneiform Tablet KUB 36, 101",create,10,1,written,,
378244,Q2168533,Cuneiform Tablet BM 086767,create,10,1,written,,
438261,Q2168534,"Cuneiform Tablet KBo 32, 074",create,10,1,written,,
398010,Q2168535,Cuneiform Tablet AMT pl. 098 02,create,11,1,written,,
353114,Q2168536,"Cuneiform Tablet ARM 23, 326",create,11,1,written,,
444843,Q2168537,"Cuneiform Tablet KUB 25, 039",create,10,1,written,,
256074,Q2168538,Cuneiform Tablet UM 29-15-246,create,11,1,written,,
589708,Q2168539,Cuneiform Tablet BM 070708,create,9,1,written,,
200614,Q2058803,Cuneiform Tablet Foods in the ANE 9,update,4,7,written,,
229579,Q2168540,"Cuneiform Artifact MSL 13, 015 Y1",create,11,1,written,,
516051,Q2053600,"Cuneiform Tablet CUSAS 40, 1267",update,4,7,written,,
254049,Q2168541,"Cuneiform Artifact CUSAS 35, 234",create,10,1,written,,
307749,Q2168542,Cuneiform Tablet YBC 06731,create,10,1,written,,
596804,Q2168543,Cuneiform Tablet BM 083209,create,9,1,written,,
351129,Q2168544,"Cuneiform Tablet ARM 12, 686",create,11,1,written,,
123121,Q2002623,Cuneiform Tablet OTR 186,update,4,7,written,,
458860,Q2168545,Cuneiform Artifact CDLI Seals 006150 (composite),create,10,0,written,,
305774,Q1893509,"Cuneiform Tablet YOS 02, 090",update,4,8,written,,
202629,Q2168546,Cuneiform Tablet BM 028260,create,11,1,written,,
581338,Q2168547,Cuneiform Tablet Ist B 0222,create,11,1,written,,
318845,Q2168548,Cuneiform Tablet BM 019421,create,11,1,written,,
511794,Q2168549,Cuneiform Artifact CDLI Seals 013316 (physical),create,9,1,written,,
442094,Q2168550,"Cuneiform Tablet KBo 48, 152",create,10,1,written,,
324029,Q2043583,"Cuneiform Tablet CUSAS 03, 0807",update,4,7,written,,
108271,Q2035215,Cuneiform Tablet CST (JRL) 754,update,4,8,written,,
372649,Q2168551,"Cuneiform Tablet VS 09, 134",create,10,1,written,,
359519,Q1369342,"Cuneiform Tablet ICK 1, 122",update,5,6,written,,
292285,Q2168552,Cuneiform Tablet NBC 00867,create,11,1,written,,
437194,Q2168553,"Cuneiform Tablet KBo 26, 140",create,10,1,written,,
564694,Q2168554,Cuneiform Tablet BM 039916,create,8,1,written,,
221149,Q2056910,Cuneiform Tablet DP 499,update,4,8,written,,
100641,Q1983993,Cuneiform Tablet Aleppo 309,update,4,8,written,,
5721,Q2168555,"Cuneiform Tablet UET 2, 0139",create,11,1,written,,
528800,Q2168556,Cuneiform Artifact CDLI Seals 015892 (physical),create,7,1,written,,
326014,Q2047327,"Cuneiform Tablet CUSAS 19, 188",update,4,7,written,,
548201,Q2168557,Cuneiform Artifact CDLI Seals 025586 (physical),create,8,1,written,,
223174,Q2168558,"Cuneiform Tablet TIM 03, 057",create,9,1,written,,
275714,Q2168559,Cuneiform Tablet N 0515,create,11,1,written,,
583305,Q2168560,Cuneiform Tablet BM 063156,create,10,1,written,,
390420,Q2168561,Cuneiform Tablet LB 1155,create,7,1,written,,
535731,Q1366888,"Cuneiform Tablet AKT 6e, 1115",update,5,6,written,,
430651,Q2168562,Cuneiform Artifact CDLI Seals 000557 (composite),create,10,0,written,,
107184,Q2007747,Cuneiform Tablet BM Messenger 305,update,4,8,written,,
239980,Q2168563,Cuneiform Tablet K 20663,create,10,1,written,,
238692,Q2168564,Cuneiform Tablet Multabiltu no. 040,create,11,1,written,,
563151,Q2168565,Cuneiform Tablet BM 036670,create,,,written,manual recovery after FactGrid timeout created duplicates Q2168565-Q2168574; keep lower QID Q2168565,
456487,Q892134,Cuneiform Artifact CDLI Seals 003777 (composite),rewrite,0,0,rewrite_ambiguous,FactGrid accepted one or more clear=True rewrite attempts but client received 502/503/504; inspect item before retrying.,
505387,Q892391,Cuneiform Tablet YBC 16353,rewrite,7,1,written,,
371966,Q892473,"Cuneiform Tablet VS 06, 071",rewrite,11,1,written,,
295540,Q894528,Cuneiform Tablet MLC 00751,rewrite,9,1,written,,
529712,Q894733,"Cuneiform Tablet MDP 58, 377-397 04",rewrite,11,1,written,,
274806,Q894869,Cuneiform Tablet SAKF 140,rewrite,8,1,written,,
242467,Q896993,"Cuneiform Tablet ARET 03, 274",rewrite,10,1,written,,
347507,Q896997,"Cuneiform Tablet OECT 15, 165",rewrite,9,1,written,,
4833,Q897001,"Cuneiform Tablet BagM 22, 103, W 24013,21",rewrite,10,1,written,,
311367,Q897004,Cuneiform Tablet YBC 11098,rewrite,11,1,written,,
554222,Q897010,Cuneiform Tablet Cyr. 113,rewrite,10,1,written,,
565986,Q897011,Cuneiform Tablet BM 045727,rewrite,11,1,written,,
598119,Q897012,Cuneiform Tablet BM 084347,rewrite,9,1,written,,
502442,Q897016,"Cuneiform Tablet TCTI 3, 26995",rewrite,11,1,written,,
340738,Q897017,"Cuneiform Tablet BPOA 02, 2085",rewrite,11,1,written,,
245658,Q897018,Cuneiform Tablet P245658,rewrite,10,1,written,,
132730,Q897019,"Cuneiform Tablet TCTI 2, 03501",rewrite,11,1,written,,
394930,Q897022,"Cuneiform Tablet BE 31, 057",rewrite,11,1,written,,
500185,Q897023,Cuneiform Tablet KTU 5.20,rewrite,11,1,written,,
316158,Q897025,Cuneiform Tablet BM 014835,rewrite,10,1,written,,
119460,Q897026,"Cuneiform Tablet MVN 16, 1412",rewrite,11,1,written,,
551020,Q897028,Cuneiform Tablet Nbk. 311,rewrite,10,1,written,,
258969,Q897030,"Cuneiform Tablet PBS 07, 131",rewrite,10,1,written,,
402720,Q897046,Cuneiform Tablet K 17371,rewrite,10,1,written,,
507640,Q897048,"Cuneiform Tablet CM 20, no. 021",rewrite,10,1,written,,
369455,Q897059,Cuneiform Tablet OBTI 025,rewrite,10,1,written,,
429470,Q1090978,Cuneiform Tablet P429470,rewrite,6,1,written,,
342705,Q1362309,"Cuneiform Tablet CUSAS 27, 212",rewrite,9,1,written,,
246977,Q1362365,Cuneiform Tablet P246977,rewrite,10,1,written,,
211005,Q1362366,Cuneiform Tablet YBC 15238,rewrite,11,1,written,,
403832,Q1362368,Cuneiform Tablet K 18696,rewrite,10,1,written,,
388913,Q1362369,Cuneiform Tablet LB 0390,rewrite,10,1,written,,
297087,Q1362483,"Cuneiform Tablet BIN 01, 161",rewrite,11,1,written,,
506952,Q1362549,"Cuneiform Tablet Nisaba 34, 0761",rewrite,10,1,written,,
343817,Q1362555,Cuneiform Tablet PRAK A 011,rewrite,8,1,written,,
435453,Q1362558,"Cuneiform Tablet KBo 13, 048",rewrite,10,1,written,,
432396,Q1362571,Cuneiform Tablet Holt 16,rewrite,8,1,written,,
561496,Q1362572,Cuneiform Tablet BM 030219,rewrite,10,1,written,,
395622,Q1362574,Cuneiform Tablet Bauer Asb. pl. 42 K 04535,rewrite,10,1,written,,
566353,Q1362575,Cuneiform Tablet BM 045720,rewrite,9,1,written,,
530533,Q1362577,Cuneiform Artifact CDLI Seals 014855 (physical),rewrite,7,1,written,,
308146,Q1362604,Cuneiform Tablet YBC 07162,rewrite,10,1,written,,
226376,Q1362607,"Cuneiform Artifact RIME 3/2.01.05.01, ex. 09",rewrite,11,1,written,,
586107,Q1362648,Cuneiform Tablet BM 066595,rewrite,9,1,written,,
448163,Q1362983,"Cuneiform Artifact RIME 4.05.06.01, ex. 03",rewrite,11,1,written,,
133822,Q1363186,Cuneiform Tablet TÉL 305,rewrite,11,1,written,,
375476,Q1363569,Cuneiform Tablet BM 106445,rewrite,11,1,written,,
300576,Q1363878,Cuneiform Tablet NBC 09409,rewrite,10,1,written,,
538103,Q1364190,Cuneiform Artifact CDLI Seals 017278 (physical),rewrite,7,1,written,,
513253,Q1364211,"Cuneiform Tablet OIP 043, 173 TA 1931 T129",rewrite,10,1,written,,
205416,Q1364407,Cuneiform Tablet BM 028620,rewrite,11,1,written,,
416333,Q1364558,Cuneiform Tablet CULC 449,rewrite,8,1,written,,
278126,Q1364913,Cuneiform Tablet N 3065,rewrite,10,1,written,,
545433,Q1364959,Cuneiform Artifact CDLI Seals 023062 (physical),rewrite,7,1,written,,
440553,Q1365070,"Cuneiform Tablet KBo 43, 075",rewrite,10,1,written,,
427897,Q1365635,"Cuneiform Artifact RIMB 2.06.21.02, ex. 009",rewrite,11,1,written,,
447296,Q1365671,"Cuneiform Tablet KUB 55, 036",rewrite,10,1,written,,
573852,Q1365821,"Cuneiform Tablet OBO 260, no. 367",rewrite,11,1,written,,
8113,Q1365893,"Cuneiform Tablet MDP 06, 324",rewrite,10,1,written,,
476932,Q1365927,Cuneiform Artifact CDLI Seals 010191 (physical),rewrite,8,1,written,,
126323,Q1365997,"Cuneiform Tablet PDT 2, 0975",rewrite,11,1,written,,
233877,Q1366101,"Cuneiform Artifact RIME 3/1.01.07.037, ex. 1126",rewrite,11,1,written,,
328909,Q1366115,Cuneiform Tablet CUNES 52-17-255,rewrite,9,1,written,,
459288,Q1366121,Cuneiform Tablet PTS 0052,rewrite,8,1,written,,
337605,Q1366162,Cuneiform Tablet OIM A04426,rewrite,11,1,written,,
232765,Q1366170,"Cuneiform Artifact RIME 3/1.01.07.037, ex. 0014",rewrite,11,1,written,,
559410,Q1366173,Cuneiform Tablet BM 029312,rewrite,11,1,written,,
477620,Q1366181,Cuneiform Artifact CDLI Seals 010879 (physical),rewrite,8,1,written,,
421040,Q1366667,Cuneiform Tablet SMUI 1913.14.0947,rewrite,9,1,written,,
592514,Q1366760,Cuneiform Tablet BM 074154,rewrite,9,1,written,,
381231,Q1366808,Cuneiform Tablet BM 085257,rewrite,11,1,written,,
572740,Q1366952,"Cuneiform Tablet Ambos, Baurituale no. 21",rewrite,12,1,written,,
439889,Q1367016,"Cuneiform Tablet KBo 40, 118",rewrite,10,1,written,,
590529,Q1367040,Cuneiform Tablet BM 071623,rewrite,9,1,written,,
348308,Q1367122,Cuneiform Tablet AlT 341,rewrite,10,1,written,,
266138,Q1367225,Cuneiform Tablet CBS 10945,rewrite,9,1,written,,
495449,Q1367239,Cuneiform Tablet P495449,rewrite,8,1,written,,
545599,Q1367254,Cuneiform Artifact CDLI Seals 023228 (physical),rewrite,7,1,written,,
283494,Q1367316,Cuneiform Tablet VAT 20285,rewrite,8,1,written,,
575085,Q1367319,Cuneiform Tablet BM 073712,rewrite,8,1,written,,
416299,Q1367334,Cuneiform Tablet CULC 391,rewrite,7,1,written,,
111050,Q1367406,"Cuneiform Tablet TCTI 3, 04927",rewrite,11,1,written,,
262878,Q1367471,Cuneiform Tablet CBS 07918,rewrite,8,1,written,,
367918,Q1367557,"Cuneiform Tablet CT 57, 0779",rewrite,11,1,written,,
256424,Q1367592,Cuneiform Tablet UM 29-15-706,rewrite,11,1,written,,
438631,Q1367619,"Cuneiform Tablet KBo 34, 063",rewrite,10,1,written,,
305324,Q1367796,"Cuneiform Tablet YOS 16, YBC 04012",rewrite,11,1,written,,
398440,Q1367822,Cuneiform Tablet K 10005,rewrite,10,1,written,,
353544,Q1367849,"Cuneiform Tablet ARM 24, 129",rewrite,11,1,written,,
413561,Q1367922,Cuneiform Tablet BM 103713,rewrite,10,1,written,,
445301,Q1367998,"Cuneiform Tablet KUB 32, 071",rewrite,10,1,written,,
378614,Q1368114,Cuneiform Tablet BM 087190,rewrite,10,1,written,,
307319,Q1368127,Cuneiform Tablet YBC 06283,rewrite,10,1,written,,
351579,Q1368178,"Cuneiform Tablet ARM 19, 040",rewrite,11,1,written,,
126289,Q1368185,"Cuneiform Tablet PDT 2, 0932",rewrite,11,1,written,,
540261,Q1368244,Cuneiform Artifact CDLI Seals 019442 (physical),rewrite,8,1,written,,
476898,Q1368260,Cuneiform Artifact CDLI Seals 010157 (physical),rewrite,8,1,written,,
589358,Q1368278,Cuneiform Tablet BM 070314,rewrite,9,1,written,,
520860,Q1368350,Cuneiform Tablet KTU3 4.143,rewrite,10,1,written,,
425900,Q1368396,"Cuneiform Tablet CT 40, pl. 19, Sm 1408",rewrite,11,1,written,,
469794,Q1368462,Cuneiform Tablet RLM 4C,rewrite,10,1,written,,
354281,Q1368484,"Cuneiform Tablet ARM 25, 542",rewrite,11,1,written,,
364637,Q1368600,Cuneiform Tablet LBAT 0466 + 0467 + 0470,rewrite,11,1,written,,
365925,Q1368628,"Cuneiform Tablet CT 28, pl. 37, 1889-07-08, 89 ?",rewrite,11,1,written,,
597346,Q1368807,Cuneiform Tablet BM 083831,rewrite,10,1,written,,
468886,Q1368814,"Cuneiform Tablet Nisaba 34, 0461",rewrite,10,1,written,,
261757,Q1368819,Cuneiform Tablet CBS 05564,rewrite,7,1,written,,
237137,Q1368825,Cuneiform Tablet K 21118,rewrite,11,1,written,,
384463,Q1368916,"Cuneiform Tablet OIP 092, 1777",rewrite,10,1,written,,
459322,Q1368980,Cuneiform Tablet PTS 0085,rewrite,8,1,written,,
319307,Q1906916,Cuneiform Tablet BM 019961,rewrite,11,1,written,,
577112,Q1906917,Cuneiform Tablet BM 052083,rewrite,10,1,written,,
424612,Q1906918,Cuneiform Tablet Rm 0084,rewrite,9,1,written,,
472072,Q1908875,"Cuneiform Tablet ARM 30, p. 492 M 12383",rewrite,11,1,written,,
281503,Q1928062,Cuneiform Tablet N 7779,rewrite,8,1,written,,
602047,Q1931878,Cuneiform Tablet BM 114561,rewrite,10,1,written,,
492226,Q1931908,Cuneiform Tablet P492226,rewrite,7,1,written,,
439923,Q1931975,"Cuneiform Tablet KBo 40, 155",rewrite,10,1,written,,
408287,Q1931979,"Cuneiform Tablet HSS 13, 008",rewrite,10,1,written,,
340692,Q1931983,"Cuneiform Tablet BPOA 02, 2039",rewrite,11,1,written,,
266092,Q1931986,Cuneiform Tablet CBS 10899,rewrite,9,1,written,,
590483,Q1932787,Cuneiform Tablet BM 071568,rewrite,9,1,written,,
582847,Q1932789,Cuneiform Tablet BM 062772,rewrite,9,1,written,,
549943,Q1932802,Cuneiform Artifact Ashm 1930-0408 (02),rewrite,9,1,written,,
214657,Q1932804,"Cuneiform Tablet ITT 2, 05850",rewrite,10,1,written,,
269367,Q1932806,Cuneiform Artifact CDLI Seals 001064 (physical),rewrite,7,1,written,,
407172,Q1936332,Cuneiform Tablet SM 1911.10.145,rewrite,11,1,written,,
451712,Q1936727,"Cuneiform Tablet AbB 10, 130",rewrite,10,1,written,,
502012,Q1937463,"Cuneiform Tablet TCTI 3, 06264",rewrite,11,1,written,,
242037,Q1937465,Cuneiform Tablet P242037,rewrite,10,1,written,,
311737,Q1937473,Cuneiform Tablet YBC 11569,rewrite,11,1,written,,
554672,Q1938253,Cuneiform Tablet Camb. 191,rewrite,11,1,written,,
372219,Q1938255,"Cuneiform Tablet VS 06, 324",rewrite,11,1,written,,
347157,Q1938257,"Cuneiform Tablet VS 24, 038",rewrite,9,1,written,,
403998,Q1938261,Cuneiform Tablet K 18957,rewrite,10,1,written,,
529342,Q1938263,Cuneiform Artifact CDLI Seals 016617 (physical),rewrite,8,1,written,,
581768,Q1938387,Cuneiform Tablet NABU 2006/001,rewrite,10,1,written,,
221519,Q1938432,"Cuneiform Artifact BIN 08, 389",rewrite,10,1,written,,
5371,Q1959465,"Cuneiform Tablet MSVO 3, 60",rewrite,10,1,written,,
310825,Q1971990,"Cuneiform Tablet YOS 14, 222",rewrite,10,1,written,,
272481,Q1982412,"Cuneiform Tablet AuOrS 01, 096",rewrite,9,1,written,,
584090,Q1987899,Cuneiform Tablet BM 064071,rewrite,11,1,written,,
555960,Q1994177,"Cuneiform Tablet AOAT 451, no. 222",rewrite,9,1,written,,
217978,Q1995662,Cuneiform Tablet StLouis 065,rewrite,10,1,written,,
395788,Q1998691,Cuneiform Tablet K 04918 + K 05004 + K 05029 + K 05125 + K 05145 + K 05233 + K 05275 + K 05342 + K 06046 + K 08417 + K 13426 + K 13519 + K 13556 + K 17835 + K 21847,rewrite,10,1,written,,
535361,Q2010581,"Cuneiform Tablet ArAn 13/2, 101-122 no. 11",rewrite,10,1,written,,
530499,Q2010862,Cuneiform Artifact CDLI Seals 014821 (physical),rewrite,7,1,written,,
563501,Q2011062,Cuneiform Tablet BM 037812,rewrite,9,1,written,,
295110,Q2011074,Cuneiform Tablet MLC 00304,rewrite,8,1,written,,
430201,Q2011248,Cuneiform Artifact CDLI Seals 000102 (composite),rewrite,10,0,written,,
466461,Q2011281,"Cuneiform Artifact RIMA 1.0.078.030, ex. 08",rewrite,11,1,written,,
583755,Q2011295,Cuneiform Tablet BM 063651,rewrite,9,1,written,,
370224,Q2011374,"Cuneiform Tablet MDP 18, 194",rewrite,10,2,written,,
275344,Q2011427,Cuneiform Tablet N 0071,rewrite,11,1,written,,
548651,Q2011479,Cuneiform Artifact CDLI Seals 026036 (physical),rewrite,8,1,written,,
326444,Q2011820,Cuneiform Tablet CUNES 52-13-086,rewrite,9,1,written,,
208674,Q2011837,"Cuneiform Tablet BPOA 02, 2619",rewrite,11,1,written,,
419496,Q2012066,Cuneiform Tablet K 21187,rewrite,10,1,written,,
375026,Q2012144,Cuneiform Tablet BM 094784,rewrite,11,1,written,,
581292,Q2012248,Cuneiform Tablet BM 060941,rewrite,10,1,written,,
270146,Q2012290,"Cuneiform Artifact RINAP 5/3, Ashurbanipal x2016, ex. 007-008",rewrite,11,1,written,,
586557,Q2012401,Cuneiform Tablet BM 067168,rewrite,9,1,written,,
435003,Q2012460,"Cuneiform Tablet KBo 08, 128",rewrite,10,1,written,,
530163,Q2012547,Cuneiform Tablet Vincente diss. no. 143,rewrite,11,1,written,,
308516,Q2012613,Cuneiform Tablet YBC 07573,rewrite,10,1,written,,
395272,Q2012727,Cuneiform Tablet BMS 53,rewrite,11,1,written,,
566703,Q2012788,Cuneiform Tablet BM 040495,rewrite,11,1,written,,
316508,Q2012873,Cuneiform Tablet BM 015317,rewrite,11,1,written,,
598549,Q2012899,Cuneiform Tablet BM 087248,rewrite,10,1,written,,
340368,Q2013036,"Cuneiform Tablet BPOA 01, 1713",rewrite,11,1,written,,
238738,Q2013121,Cuneiform Tablet K 08497,rewrite,11,1,written,,
567811,Q2013243,Cuneiform Tablet BM 040456,rewrite,8,1,written,,
119030,Q2013289,"Cuneiform Tablet MVN 16, 0982",rewrite,11,1,written,,
478185,Q2013332,Cuneiform Artifact CDLI Seals 011391 (physical),rewrite,9,1,written,,
320969,Q2013445,"Cuneiform Tablet Nisaba 08, 341",rewrite,11,1,written,,
345490,Q2013565,Cuneiform Artifact CDLI Seals 022469 (physical),rewrite,10,1,written,,
225809,Q2013571,"Cuneiform Tablet MARI 05, 074, 109 no. 09",rewrite,11,1,written,,
554388,Q2013692,Cuneiform Tablet Cyr. 265,rewrite,10,1,written,,
314535,Q2013775,"Cuneiform Tablet CT 55, 144",rewrite,11,1,written,,
4999,Q2013849,"Cuneiform Tablet IM 0234XX,1",rewrite,10,1,written,,
407488,Q2013933,"Cuneiform Tablet HSS 68, 520",rewrite,11,1,written,,
507210,Q2014043,"Cuneiform Tablet Nisaba 34, 1162",rewrite,10,1,written,,
276991,Q2014102,Cuneiform Tablet N 1877,rewrite,11,1,written,,
369005,Q2014232,Cuneiform Tablet KAR 020,rewrite,11,1,written,,
389251,Q2014266,"Cuneiform Tablet TLB 04, 103",rewrite,10,1,written,,
247235,Q2014376,Cuneiform Tablet P247235,rewrite,10,1,written,,
402370,Q2014409,Cuneiform Tablet K 16974,rewrite,10,1,written,,
521288,Q2014520,Cuneiform Tablet KTU3 5.34,rewrite,9,1,written,,
551470,Q2014617,"Cuneiform Tablet ADART 6, 102",rewrite,9,1,written,,
477270,Q2014687,Cuneiform Artifact CDLI Seals 010529 (physical),rewrite,7,1,written,,
600580,Q2014708,Cuneiform Tablet BM 099879,rewrite,10,1,written,,
454510,Q2014937,Cuneiform Artifact CDLI Seals 001800 (composite),rewrite,9,0,written,,
421410,Q2015111,Cuneiform Tablet CDCPP 022,rewrite,8,1,written,,
384199,Q2015148,"Cuneiform Tablet OIP 092, 1513",rewrite,10,1,written,,
524570,Q2015272,"Cuneiform Tablet MDP 28, 486",rewrite,11,1,written,,
572310,Q2015277,Cuneiform Tablet BM 043391,rewrite,8,1,written,,
497024,Q2015313,"Cuneiform Tablet MARI 03, p. 088 no. 032",rewrite,11,1,written,,
232335,Q2015628,"Cuneiform Artifact RIME 3/1.01.07.006, ex. 01",rewrite,10,1,written,,
337255,Q2015844,Cuneiform Tablet OIM A02691,rewrite,11,1,written,,
592144,Q2015906,Cuneiform Tablet BM 073713,rewrite,9,1,written,,
361435,Q2015976,Cuneiform Tablet P361435,rewrite,7,1,written,,
559040,Q2016103,Cuneiform Tablet BM 026563,rewrite,11,1,written,,
266568,Q2016210,"Cuneiform Tablet BE 17/1, 003",rewrite,10,1,written,,
541889,Q2016294,Cuneiform Artifact CDLI Seals 021051 (physical),rewrite,7,0,written,,
495019,Q2016315,Cuneiform Tablet P495019,rewrite,8,1,written,,
142598,Q2016347,"Cuneiform Tablet Zinbun 18, 097 02",rewrite,11,1,written,,
590179,Q2016356,Cuneiform Tablet BM 071240,rewrite,9,1,written,,
299830,Q2016497,Cuneiform Tablet NBC 08473,rewrite,11,1,written,,
512911,Q2016534,Cuneiform Tablet BM 023232,rewrite,9,1,written,,
417871,Q2016551,"Cuneiform Tablet HSS 15, 092",rewrite,10,1,written,,
545063,Q2016882,Cuneiform Artifact CDLI Seals 022711 (physical),rewrite,8,1,written,,
252934,Q2017009,Cuneiform Tablet MS 3869/03,rewrite,8,1,written,,
513603,Q2017037,"Cuneiform Tablet TMH NF 5, 63",rewrite,11,1,written,,
595681,Q2017074,Cuneiform Tablet BM 081064,rewrite,10,1,written,,
416763,Q2017145,"Cuneiform Tablet MARV 7, 040",rewrite,11,1,written,,
440103,Q2017198,"Cuneiform Tablet KBo 40, 353",rewrite,10,1,written,,
538553,Q2017321,Cuneiform Artifact CDLI Seals 017728 (physical),rewrite,8,1,written,,
594993,Q2017354,Cuneiform Tablet BM 079449,rewrite,10,1,written,,
300126,Q2017400,Cuneiform Tablet NBC 08788,rewrite,10,1,written,,
351083,Q2017476,"Cuneiform Tablet ARM 12, 640",rewrite,11,1,written,,
380973,Q2017641,Cuneiform Tablet BM 109236,rewrite,10,1,written,,
537976,Q2017697,Cuneiform Artifact CDLI Seals 017151 (physical),rewrite,7,1,written,,
8543,Q2017700,"Cuneiform Tablet MDP 17, 345",rewrite,10,1,written,,
432816,Q2017849,"Cuneiform Tablet AuOr 15, 139-194 12",rewrite,11,1,written,,
285813,Q2017855,"Cuneiform Tablet CT 46, 05",rewrite,11,2,written,,
372833,Q2017866,"Cuneiform Tablet VS 13, 082",rewrite,10,1,written,,
312232,Q2018109,Cuneiform Tablet YBC 12276,rewrite,9,1,written,,
344452,Q2018243,Cuneiform Tablet PRAK A 160,rewrite,8,1,written,,
557377,Q2018291,Cuneiform Tablet BM 036068,rewrite,8,1,written,,
404477,Q2018490,Cuneiform Tablet K 19687,rewrite,10,1,written,,
241532,Q2018661,Cuneiform Tablet P241532,rewrite,10,1,written,,
501517,Q2018686,"Cuneiform Tablet TCTI 3, 05421",rewrite,11,1,written,,
339162,Q2018870,"Cuneiform Tablet BPOA 01, 0504",rewrite,11,1,written,,
271184,Q2018895,Cuneiform Tablet EA 029,rewrite,9,1,written,,
587595,Q2019099,Cuneiform Tablet BM 068454 + BM 069328,rewrite,8,1,written,,
549369,Q2019250,Cuneiform Artifact CDLI Seals 026611 (physical),rewrite,7,1,written,,
294428,Q2019415,"Cuneiform Tablet GCCI 1, 417",rewrite,10,1,written,,
431739,Q2019442,"Cuneiform Artifact RIME 4.02.13.16, ex. 74",rewrite,10,1,written,,
580250,Q2019538,Cuneiform Tablet BM 059198,rewrite,11,1,written,,
562039,Q2019649,"Cuneiform Tablet MSL 11, 067 E",rewrite,8,1,written,,
560004,Q2019694,Cuneiform Tablet BM 013920,rewrite,9,1,written,,
391548,Q2019707,Cuneiform Artifact OIM A04176,rewrite,10,1,written,,
465164,Q2019857,"Cuneiform Artifact RIMA 3.0.102.044, ex. 142",rewrite,11,1,written,,
373721,Q2019863,"Cuneiform Tablet VS 28, 135",rewrite,10,1,written,,
433704,Q2019924,Cuneiform Tablet FHL 029,rewrite,10,1,written,,
393575,Q2020047,"Cuneiform Tablet HSS 05, 087",rewrite,10,1,written,,
296415,Q2020224,"Cuneiform Tablet YOS 13, 529",rewrite,10,1,written,,
4649,Q2020273,"Cuneiform Tablet ATU 7, pl. 090, W 22123,h",rewrite,9,1,written,,
529968,Q2020353,"Cuneiform Tablet PIHANS 117, 166",rewrite,11,1,written,,
543764,Q2020387,Cuneiform Tablet LB 1753 (unpublished),rewrite,9,1,written,,
410064,Q2020553,"Cuneiform Tablet Semitica 57, 033-042",rewrite,10,1,written,,
568434,Q2020725,Cuneiform Tablet BM 049282,rewrite,9,1,written,,
446604,Q2020750,"Cuneiform Tablet KUB 47, 071",rewrite,10,1,written,,
588660,Q2020841,Cuneiform Tablet BM 069487,rewrite,9,1,written,,
255121,Q2020855,Cuneiform Tablet NATN p. 40 catalogue,rewrite,11,1,written,,
306621,Q2020899,"Cuneiform Tablet YOS 12, 068",rewrite,10,2,written,,
459908,Q2020951,Cuneiform Tablet FLP 1392,rewrite,8,1,written,,
350041,Q2021029,"Cuneiform Tablet ARM 10, 077",rewrite,11,1,written,,
539591,Q2021092,Cuneiform Artifact CDLI Seals 018711 (physical),rewrite,6,1,written,,
595951,Q2021154,Cuneiform Tablet BM 081502,rewrite,10,1,written,,
228411,Q2021183,Cuneiform Artifact N 5212,rewrite,11,1,written,,
444639,Q2021243,"Cuneiform Tablet KUB 21, 044",rewrite,10,1,written,,
541759,Q2021393,Cuneiform Artifact CDLI Seals 020921 (physical),rewrite,8,1,written,,
439309,Q2021447,"Cuneiform Tablet KBo 38, 035",rewrite,10,1,written,,
574417,Q2021719,Cuneiform Tablet BM 053929,rewrite,7,1,written,,
471577,Q2021728,"Cuneiform Tablet Nisaba 34, 0471",rewrite,10,1,written,,
491723,Q2021803,"Cuneiform Tablet BA 05, 490 11",rewrite,11,1,written,,
387166,Q2021823,"Cuneiform Tablet TCL 12, 101",rewrite,10,1,written,,
399178,Q2021951,Cuneiform Tablet K 11250,rewrite,10,1,written,,
234432,Q2021966,"Cuneiform Artifact RIME 3/1.01.07.053, ex. 01",rewrite,11,1,written,,
367332,Q2021969,"Cuneiform Tablet CT 57, 0190",rewrite,11,1,written,,
262252,Q2022124,Cuneiform Tablet CBS 07222,rewrite,10,1,written,,
509127,Q2022292,Cuneiform Artifact CDLI Seals 012829 (composite),rewrite,10,0,written,,
558082,Q2022347,Cuneiform Tablet BM 042850,rewrite,8,1,written,,
202853,Q2022447,Cuneiform Tablet BM 025595,rewrite,11,1,written,,
593186,Q2022560,Cuneiform Tablet BM 076217,rewrite,9,1,written,,
307933,Q2022619,Cuneiform Tablet YBC 06918,rewrite,11,1,written,,
265597,Q2022633,Cuneiform Tablet CBS 10379,rewrite,9,1,written,,
447916,Q2022695,Cuneiform Tablet VBoT 076,rewrite,10,1,written,,
267050,Q2022812,Cuneiform Tablet CBS 11914,rewrite,11,1,written,,
589972,Q2022834,Cuneiform Tablet BM 071008,rewrite,9,1,written,,
409245,Q2023011,"Cuneiform Tablet HSS 16, 221",rewrite,10,1,written,,
601542,Q2023144,Cuneiform Tablet BM 101653,rewrite,10,1,written,,
591441,Q2023156,Cuneiform Tablet BM 072846,rewrite,10,1,written,,
362130,Q2023173,"Cuneiform Tablet Nisaba 33, 1091",rewrite,11,1,written,,
542876,Q2023267,Cuneiform Artifact CDLI Seals 022022 (physical),rewrite,9,1,written,,
494521,Q2023360,Cuneiform Tablet P494521,rewrite,8,1,written,,
571615,Q2023402,Cuneiform Tablet BM 048587,rewrite,7,1,written,,
527075,Q2023532,Cuneiform Artifact CDLI Seals 014468 (composite),rewrite,10,0,written,,
349260,Q2023536,"Cuneiform Tablet AUWE 23, 266",rewrite,9,1,written,,
474775,Q2023550,Cuneiform Artifact CDLI Seals 007998 (physical),rewrite,9,1,written,,
469844,Q2023664,"Cuneiform Tablet Nisaba 34, 0146",rewrite,10,1,written,,
333095,Q2023673,Cuneiform Tablet OIM A00694,rewrite,10,1,written,,
573628,Q2023753,Cuneiform Tablet BM 075567,rewrite,11,1,written,,
558578,Q2023756,Cuneiform Tablet BM 047739,rewrite,8,1,written,,
476748,Q2023773,Cuneiform Artifact CDLI Seals 010007 (physical),rewrite,8,1,written,,
420128,Q2024118,Cuneiform Tablet K 21927,rewrite,10,1,written,,
285239,Q2024365,"Cuneiform Tablet BAM 2, 143",rewrite,10,1,written,,
206543,Q2024658,Cuneiform Tablet BM 100318,rewrite,11,1,written,,
525048,Q2024680,"Cuneiform Artifact UmCT 2, 034",rewrite,11,1,written,,
250323,Q2025049,Cuneiform Tablet AUAM 73.3308a,rewrite,6,1,written,,
415266,Q2025061,"Cuneiform Tablet UET 5, 0386",rewrite,10,1,written,,
303423,Q2025083,Cuneiform Tablet NCBT 01371,rewrite,11,1,written,,
355243,Q2025109,"Cuneiform Tablet ARM 27, 141",rewrite,11,1,written,,
443406,Q2025117,"Cuneiform Tablet KBo 54, 298",rewrite,10,1,written,,
475867,Q2025280,Cuneiform Artifact CDLI Seals 009127 (physical),rewrite,10,1,written,,
570907,Q2025386,Cuneiform Tablet BM 047281,rewrite,7,1,written,,
352586,Q2025540,"Cuneiform Tablet ARM 22, 140",rewrite,11,1,written,,
399482,Q2025542,Cuneiform Tablet K 11846,rewrite,10,1,written,,
3476,Q2025546,"Cuneiform Tablet ATU 7, pl. 038, W 20214,9",rewrite,9,1,written,,
549693,Q2025663,"Cuneiform Tablet Iraq 11, 149 14",rewrite,11,1,written,,
340942,Q2025666,"Cuneiform Tablet BPOA 02, 2288",rewrite,11,1,written,,
245822,Q2025921,Cuneiform Tablet P245822,rewrite,10,1,written,,
505807,Q2026023,Cuneiform Tablet YBC 17056,rewrite,7,1,written,,
533466,Q2026027,Cuneiform Artifact CDLI Seals 002584.3 (composite),rewrite,7,0,written,,
400967,Q2026029,Cuneiform Tablet K 14744,rewrite,10,1,written,,
582797,Q2026115,Cuneiform Tablet BM 062710,rewrite,10,1,written,,
460366,Q2026275,Cuneiform Tablet FLP 1911,rewrite,8,1,written,,
565206,Q2026277,"Cuneiform Tablet ADART 1, no. -264",rewrite,10,1,written,,
436506,Q2026478,"Cuneiform Tablet KBo 22, 019",rewrite,10,1,written,,
258713,Q2026923,Cuneiform Tablet CBS 01380,rewrite,10,1,written,,
396777,Q2027128,Cuneiform Tablet K 06755,rewrite,10,1,written,,
585052,Q2027187,Cuneiform Tablet BM 065365,rewrite,9,1,written,,
320343,Q2027253,Cuneiform Tablet BM 023351,rewrite,11,1,written,,
259801,Q2027852,Cuneiform Tablet CBS 03427,rewrite,10,1,written,,
397865,Q2028052,Cuneiform Tablet K 09020,rewrite,10,1,written,,
528380,Q2028128,Cuneiform Tablet IM 090601,rewrite,9,1,written,,
292905,Q2028158,"Cuneiform Tablet BIN 07, 176",rewrite,11,2,written,,
506728,Q2028328,"Cuneiform Tablet Nisaba 34, 0502",rewrite,10,1,written,,
428518,Q2028378,"Cuneiform Artifact RINBE 2, Nabonidus 37, ex. 08",rewrite,9,1,written,,
403648,Q2028436,Cuneiform Tablet K 18431,rewrite,10,1,written,,
401675,Q2028438,Cuneiform Tablet K 15927,rewrite,10,1,written,,
455028,Q2028972,Cuneiform Artifact CDLI Seals 002318 (composite),rewrite,10,0,written,,
504715,Q2028996,Cuneiform Tablet RBC 02197,rewrite,6,1,written,,
239200,Q2029045,Cuneiform Tablet K 13308,rewrite,11,1,written,,
457015,Q2029105,Cuneiform Artifact CDLI Seals 004305 (composite),rewrite,10,0,written,,
244730,Q2029173,"Cuneiform Tablet ARET 12, 1416",rewrite,10,1,written,,
552175,Q2029175,Cuneiform Tablet Nbn. 165,rewrite,9,1,written,,
583885,Q2029848,Cuneiform Tablet BM 063798,rewrite,11,1,written,,
599071,Q2029860,Cuneiform Tablet BM 094198,rewrite,10,1,written,,
548981,Q2029862,Cuneiform Artifact CDLI Seals 026339 (physical),rewrite,8,1,written,,
550148,Q2030167,Cuneiform Tablet Bab 36669,rewrite,11,0,written,,
290938,Q2030169,Cuneiform Tablet NBC 01986,rewrite,11,1,written,,
579225,Q2030393,Cuneiform Tablet BM 055083,rewrite,8,1,written,,
133658,Q2030395,Cuneiform Tablet TÉL 146,rewrite,11,1,written,,
395858,Q2030421,Cuneiform Tablet K 05063,rewrite,10,1,written,,
341650,Q2030594,"Cuneiform Tablet ARM 09, 068",rewrite,11,1,written,,
317030,Q2030695,Cuneiform Tablet BM 015763,rewrite,11,1,written,,
339498,Q2031274,"Cuneiform Tablet BPOA 01, 0842",rewrite,11,1,written,,
309184,Q2031339,"Cuneiform Tablet YOS 12, 438",rewrite,11,2,written,,
291780,Q2031412,Cuneiform Tablet NBC 00395,rewrite,11,1,written,,
567391,Q2031629,"Cuneiform Tablet Iraq 59, 173, no. 55",rewrite,8,1,written,,
556835,Q2031778,"Cuneiform Tablet ADART 4, no. -179 F",rewrite,9,1,written,,
434491,Q2031788,"Cuneiform Tablet IBoT 04, 145",rewrite,10,1,written,,
6224,Q2031971,Cuneiform Tablet MS 2900/16,rewrite,9,1,written,,
431369,Q2032021,Cuneiform Tablet SE 089,rewrite,6,1,written,,
294078,Q2032092,"Cuneiform Tablet GCCI 1, 291",rewrite,10,1,written,,
391118,Q2032661,Cuneiform Tablet OIM A01040,rewrite,8,1,written,,
562469,Q2044626,Cuneiform Tablet BM 033897,rewrite,10,1,written,,
549739,Q2044627,Cuneiform Artifact Ashm 1939-0332 (163),rewrite,9,1,written,,
245988,Q2044628,Cuneiform Tablet P245988,rewrite,10,1,written,,
296045,Q2044629,Cuneiform Tablet MLC 01281,rewrite,10,2,written,,
507990,Q2044630,"Cuneiform Tablet É-dub-ba-a 09, 13",rewrite,10,1,written,,
433354,Q2044631,"Cuneiform Tablet HD: W 19900,025",rewrite,9,1,written,,
465534,Q2044632,Cuneiform Tablet CG 94-23-003,rewrite,10,1,written,,
560454,Q2044633,Cuneiform Tablet BM 016998,rewrite,9,1,written,,
393125,Q2044634,Cuneiform Tablet P393125,rewrite,8,1,written,,
276211,Q2044635,Cuneiform Tablet NATN p. 58 catalogue,rewrite,11,1,written,,
480098,Q2044636,"Cuneiform Tablet AfO Beih 27, pl. 08 BM 076598",rewrite,11,1,written,,
418004,Q2044637,"Cuneiform Tablet HSS 15, 327",rewrite,10,1,written,,
580600,Q2044638,Cuneiform Tablet BM 059608,rewrite,10,1,written,,
225389,Q2044639,"Cuneiform Artifact RIME 4.02.13.27, ex. 17",rewrite,10,1,written,,
554808,Q2044640,Cuneiform Tablet BM 047362,rewrite,9,1,written,,
581912,Q2044641,Cuneiform Tablet BM 061666,rewrite,10,1,written,,
506682,Q2044642,"Cuneiform Tablet Nisaba 34, 0422",rewrite,10,1,written,,
368497,Q2044643,"Cuneiform Tablet TCL 32, 020",rewrite,9,1,written,,
557727,Q2046977,Cuneiform Tablet BM 039704,rewrite,8,1,written,,
339532,Q2046979,"Cuneiform Tablet BPOA 01, 0876",rewrite,11,1,written,,
455182,Q2046991,Cuneiform Artifact CDLI Seals 002472 (composite),rewrite,10,0,written,,
373371,Q2046998,"Cuneiform Tablet VS 22, 49",rewrite,10,1,written,,
376489,Q2047000,Cuneiform Tablet BM 110591,rewrite,10,1,written,,
4219,Q2047002,Cuneiform Tablet IM 134685,rewrite,10,1,written,,
501147,Q2047004,"Cuneiform Tablet TCTI 3, 04883",rewrite,11,1,written,,
290892,Q2047008,Cuneiform Tablet YBC 00008,rewrite,11,1,written,,
241162,Q2047012,Cuneiform Tablet P241162,rewrite,10,1,written,,
479517,Q2047014,"Cuneiform Tablet FM 02, 099",rewrite,11,1,written,,
234062,Q2047016,"Cuneiform Artifact RIME 3/1.01.07.041, ex. 136",rewrite,11,1,written,,
491373,Q2047018,"Cuneiform Tablet É-dub-ba-a 07, 088",rewrite,11,1,written,,
331102,Q2047028,"Cuneiform Tablet Nisaba 05/1, 040 U 18859",rewrite,11,1,written,,
404027,Q2047030,Cuneiform Tablet K 19045,rewrite,10,1,written,,
594213,Q2047032,Cuneiform Tablet BM 078010,rewrite,9,1,written,,
509577,Q2047038,"Cuneiform Tablet FAOS 02, 025",rewrite,10,1,written,,
367762,Q2047040,"Cuneiform Tablet CT 57, 0621",rewrite,11,1,written,,
249552,Q2047042,"Cuneiform Tablet AUCT 5, 015",rewrite,8,1,written,,
471127,Q2047044,Cuneiform Tablet PTS 3035,rewrite,10,1,written,,
427747,Q2047046,"Cuneiform Artifact RINBE 1, Nebuchadnezzar II nn, ex. nn",rewrite,9,1,written,,
387536,Q2047047,"Cuneiform Tablet CUSAS 21, 286",rewrite,8,1,written,,
574047,Q2047048,"Cuneiform Tablet OBO 260, no. 248",rewrite,10,1,written,,
601112,Q2047050,Cuneiform Tablet BM 101164,rewrite,10,1,written,,
420082,Q2047052,Cuneiform Tablet K 21867,rewrite,10,1,written,,
573782,Q2047056,"Cuneiform Tablet OBO 260, no. 205",rewrite,10,1,written,,
141137,Q2047058,"Cuneiform Tablet UTI 5, 3118",rewrite,11,1,written,,
285393,Q2047060,"Cuneiform Tablet BAM 3, 309",rewrite,8,1,written,,
306271,Q2047062,Cuneiform Tablet YBC 05179,rewrite,10,1,written,,
543334,Q2047064,Cuneiform Artifact TA 1933 0008,rewrite,8,0,written,,
350411,Q2047066,"Cuneiform Tablet ARM 11, 268",rewrite,11,1,written,,
255571,Q2047068,Cuneiform Tablet UM 29-13-645,rewrite,11,1,written,,
568064,Q2047070,Cuneiform Tablet BM 042019,rewrite,8,1,written,,
521908,Q2047072,"Cuneiform Tablet CUSAS 28, 032",rewrite,10,1,written,,
588230,Q2047075,Cuneiform Tablet BM 069007,rewrite,9,1,written,,
446254,Q2047077,"Cuneiform Tablet KUB 42, 082",rewrite,10,1,written,,
410434,Q2047079,Cuneiform Tablet CUNES 49-03-161,rewrite,8,1,written,,
523935,Q2047081,Cuneiform Tablet 3064.1289999999999 unpublished assigned,rewrite,10,1,written,,
512291,Q2047083,"Cuneiform Tablet JCS 02, 112 28",rewrite,10,1,written,,
572890,Q2047085,Cuneiform Tablet BM 049915,rewrite,9,1,written,,
263910,Q2047087,Cuneiform Tablet CBS 06145,rewrite,7,1,written,,
366870,Q2047089,"Cuneiform Tablet CT 56, 555",rewrite,9,1,written,,
250289,Q2047091,Cuneiform Tablet AUAM 73.3217,rewrite,8,1,written,,
399528,Q2047093,Cuneiform Tablet AMT pl. 035 05,rewrite,11,1,written,,
439759,Q2047096,"Cuneiform Tablet KBo 39, 250",rewrite,10,1,written,,
441591,Q2047098,"Cuneiform Tablet KBo 46, 286",rewrite,10,1,written,,
444269,Q2047100,"Cuneiform Tablet KUB 12, 035",rewrite,10,1,written,,
303589,Q2047102,Cuneiform Artifact NCBT 01542,rewrite,10,1,written,,
319887,Q2047104,Cuneiform Tablet BM 022226,rewrite,11,1,written,,
412409,Q2047106,"Cuneiform Tablet CTMMA 3, 131",rewrite,10,1,written,,
415636,Q2047108,"Cuneiform Tablet UET 5, 0766",rewrite,10,1,written,,
443056,Q2047110,"Cuneiform Tablet KBo 53, 253",rewrite,10,1,written,,
541309,Q2047112,Cuneiform Artifact CDLI Seals 020367 (physical),rewrite,9,1,written,,
546136,Q2047114,Cuneiform Artifact CDLI Seals 023807 (physical),rewrite,8,1,written,,
468306,Q2047116,Cuneiform Tablet U 16088,rewrite,7,0,written,,
125626,Q2047118,"Cuneiform Tablet PDT 1, 0210",rewrite,11,1,written,,
303073,Q2047120,"Cuneiform Tablet YOS 19, 281",rewrite,11,1,written,,
379286,Q2047122,Cuneiform Tablet BM 088187,rewrite,10,1,written,,
408907,Q2047124,"Cuneiform Tablet HSS 15, 030",rewrite,10,1,written,,
383826,Q2047126,"Cuneiform Tablet OIP 092, 1140",rewrite,10,1,written,,
348922,Q2047128,"Cuneiform Tablet OECT 11, 036",rewrite,9,1,written,,
517093,Q2047130,"Cuneiform Tablet New IM 1, 042",rewrite,11,1,written,,
444793,Q2047132,"Cuneiform Tablet KUB 23, 118",rewrite,10,1,written,,
355613,Q2047134,"Cuneiform Artifact RIME 4.01.04.05, ex. add25",rewrite,9,1,written,,
382734,Q2047136,"Cuneiform Tablet OIP 092, 0048",rewrite,10,1,written,,
474325,Q2047138,Cuneiform Artifact CDLI Seals 007548 (physical),rewrite,9,1,written,,
445881,Q2047140,"Cuneiform Tablet KUB 37, 151",rewrite,10,1,written,,
422545,Q2047142,"Cuneiform Artifact RIMA 2.0.101.056, ex. 09",rewrite,11,1,written,,
362560,Q2047144,Cuneiform Tablet PUL Ex 1114,rewrite,10,1,written,,
115290,Q2047146,"Cuneiform Artifact MVN 07, 453",rewrite,11,1,written,,
571245,Q2047147,Cuneiform Tablet BM 047969,rewrite,9,1,written,,
591011,Q2047149,Cuneiform Tablet BM 072322,rewrite,9,1,written,,
494171,Q2047151,Cuneiform Tablet P494171,rewrite,7,1,written,,
267400,Q2047153,"Cuneiform Tablet BE 08/1, 156",rewrite,9,1,written,,
491689,Q2047155,Cuneiform Tablet SFS Ist Si 0085,rewrite,10,1,written,,
234598,Q2047157,"Cuneiform Artifact RIME 3/1.01.07.073, ex. 18",rewrite,11,1,written,,
409615,Q2047159,Cuneiform Artifact CUNES 48-09-240,rewrite,6,1,written,,
513879,Q2047161,"Cuneiform Tablet KUB 05, 007",rewrite,10,0,written,,
367298,Q2047163,"Cuneiform Tablet CT 57, 0156",rewrite,11,1,written,,
110568,Q2047165,"Cuneiform Tablet ITT 2, 00699",rewrite,11,1,written,,
280191,Q2047167,Cuneiform Tablet N 6427,rewrite,8,1,written,,
354901,Q2047169,"Cuneiform Tablet ARM 26/2, 344",rewrite,11,1,written,,
425280,Q2047171,Cuneiform Tablet Sm 0177,rewrite,9,1,written,,
416919,Q2047173,Cuneiform Tablet ROM 910x209.024,rewrite,9,1,written,,
251861,Q2047175,"Cuneiform Tablet CUSAS 17, 022",rewrite,8,1,written,,
511844,Q2047177,Cuneiform Tablet OB extispicy 15,rewrite,11,1,written,,
414924,Q2047179,"Cuneiform Tablet UET 5, 0020",rewrite,11,1,written,,
380709,Q2047181,Cuneiform Tablet BM 106237,rewrite,10,1,written,,
318795,Q2047183,Cuneiform Tablet BM 019361,rewrite,11,1,written,,
576580,Q2047185,Cuneiform Tablet BM 051513,rewrite,9,1,written,,
573278,Q2047187,Cuneiform Tablet NBDSPC no. 171,rewrite,10,1,written,,
476318,Q2047189,Cuneiform Artifact CDLI Seals 009577 (physical),rewrite,8,1,written,,
285669,Q2047191,"Cuneiform Artifact RA 063, 098-099",rewrite,11,1,written,,
558128,Q2047193,Cuneiform Tablet BM 042945,rewrite,8,1,written,,
307899,Q2047196,Cuneiform Tablet YBC 06884,rewrite,11,1,written,,
461824,Q2047198,Cuneiform Tablet UM 37-35-120,rewrite,7,1,written,,
420578,Q2047200,Cuneiform Tablet SMUI 1913.14.0196,rewrite,8,1,written,,
455478,Q2047202,Cuneiform Artifact CDLI Seals 002768 (composite),rewrite,10,0,written,,
564944,Q2047204,Cuneiform Tablet BM 046814,rewrite,8,1,written,,
503480,Q2047206,Cuneiform Tablet RS 16.0281,rewrite,9,0,written,,
428148,Q2047208,"Cuneiform Artifact RINBE 1, Nebuchadnezzar II nn, ex. nn",rewrite,9,1,written,,
403218,Q2047210,Cuneiform Tablet K 17935,rewrite,10,1,written,,
550518,Q2047212,"Cuneiform Tablet AnOr 08, 043",rewrite,10,1,written,,
506378,Q2047214,Cuneiform Tablet RBC 03000,rewrite,6,1,written,,
317460,Q2047216,Cuneiform Tablet BM 016138,rewrite,11,1,written,,
244360,Q2047218,"Cuneiform Tablet ARET 12, 1077",rewrite,10,1,written,,
239650,Q2047220,Cuneiform Tablet K 18782,rewrite,10,1,written,,
212500,Q2047222,"Cuneiform Tablet Himrin 4, 35",rewrite,10,1,written,,
401225,Q2047224,Cuneiform Tablet K 15194,rewrite,10,1,written,,
579675,Q2047226,Cuneiform Tablet BM 058587,rewrite,10,1,written,,
341200,Q2047228,"Cuneiform Tablet BPOA 02, 2542",rewrite,11,1,written,,
430981,Q2047230,"Cuneiform Tablet RA 027, 149",rewrite,9,1,written,,
457445,Q2047232,Cuneiform Artifact CDLI Seals 004735 (composite),rewrite,10,0,written,,
552525,Q2047234,Cuneiform Tablet Camb. 276,rewrite,10,1,written,,
599421,Q2047236,Cuneiform Tablet BM 094826,rewrite,10,1,written,,
133208,Q2047238,"Cuneiform Tablet TCTI 2, 04017",rewrite,11,1,written,,
566979,Q2047240,Cuneiform Tablet BM 040967,rewrite,10,1,written,,
504345,Q2047242,"Cuneiform Tablet Isin 4, 116, IB 1784",rewrite,10,1,written,,
312398,Q2047244,Cuneiform Tablet YBC 12455,rewrite,11,1,written,,
562193,Q2047246,Cuneiform Tablet BM 032915 + BM 032977,rewrite,9,1,written,,
431693,Q2047247,"Cuneiform Artifact RIME 4.02.13.10, ex. 24",rewrite,10,1,written,,
585402,Q2047249,Cuneiform Tablet BM 065805,rewrite,10,1,written,,
294582,Q2047251,"Cuneiform Tablet GCCI 2, 217",rewrite,10,1,written,,
238942,Q2047253,"Cuneiform Tablet CT 54, 223",rewrite,11,1,written,,
518366,Q2047255,Cuneiform Tablet Kress 302,rewrite,8,1,written,,
578967,Q2047257,Cuneiform Tablet BM 054708,rewrite,8,1,written,,
225673,Q2047259,"Cuneiform Artifact RIME 4.02.08.04, ex. 15",rewrite,10,1,written,,
3026,Q2047261,"Cuneiform Tablet IM 133627,26",rewrite,10,1,written,,
376173,Q2047263,Cuneiform Tablet BM 110325,rewrite,10,1,written,,
396327,Q2047265,Cuneiform Tablet K 06039,rewrite,10,1,written,,
565656,Q2047267,"Cuneiform Tablet OrNS 63/4 (1994) p. 305-344, L91-649",rewrite,11,0,written,,
436156,Q2047269,"Cuneiform Tablet KBo 18, 170 + (?) KBo 18, 170a",rewrite,10,1,written,,
273013,Q2047271,"Cuneiform Tablet ARM 02, 102",rewrite,11,1,written,,
293247,Q2047273,Cuneiform Tablet YBC 04365,rewrite,10,2,written,,
533036,Q2047275,Cuneiform Tablet PF-NN 2261,rewrite,9,0,written,,
460736,Q2047277,Cuneiform Tablet FLP 2352,rewrite,9,1,written,,
453406,Q2047279,"Cuneiform Tablet BE 09, 071",rewrite,8,1,written,,
556566,Q2047281,"Cuneiform Tablet AfO 44/45, 88, no. 19",rewrite,11,1,written,,
258343,Q2047285,Cuneiform Tablet CBS 00892,rewrite,9,1,written,,
338773,Q2047287,"Cuneiform Tablet ARM 04, 011",rewrite,11,1,written,,
240323,Q2047289,"Cuneiform Tablet R 5, 30, 5",rewrite,10,1,written,,
216543,Q2047291,Cuneiform Tablet CBS 08873,rewrite,9,1,written,,
478756,Q2047293,Cuneiform Artifact CDLI Seals 011962 (physical),rewrite,9,1,written,,
271887,Q2047296,"Cuneiform Tablet Emar 6/2, p. 496, Msk 74199v",rewrite,10,1,written,,
211286,Q2047298,Cuneiform Tablet YBC 15714,rewrite,11,1,written,,
342586,Q2047300,Cuneiform Tablet MW 0188/095,rewrite,7,1,written,,
560907,Q2047302,Cuneiform Tablet BM 022626,rewrite,9,1,written,,
297204,Q2047304,"Cuneiform Tablet BIN 02, 063",rewrite,9,1,written,,
389482,Q2047306,"Cuneiform Tablet TLB 01, 138",rewrite,9,1,written,,
561615,Q2047308,Cuneiform Tablet BM 031410,rewrite,8,1,written,,
325842,Q2047310,Cuneiform Tablet CUNES 52-03-001,rewrite,9,1,written,,
419245,Q2047312,Cuneiform Tablet K 20874,rewrite,10,1,written,,
372130,Q2047314,"Cuneiform Tablet VS 06, 235",rewrite,10,1,written,,
581441,Q2047316,Cuneiform Tablet BM 061050,rewrite,10,1,written,,
277050,Q2047318,Cuneiform Tablet N 1936,rewrite,11,1,written,,
100138,Q2047320,Cuneiform Tablet AAS 158,rewrite,11,1,written,,
270795,Q2047322,"Cuneiform Tablet CUSAS 15, 181",rewrite,8,1,written,,
5058,Q2047326,"Cuneiform Tablet ATU 6, pl. 091, VAT 21521",rewrite,10,1,written,,
586384,Q2047328,Cuneiform Tablet BM 066958,rewrite,8,1,written,,
339861,Q2047330,"Cuneiform Tablet BPOA 01, 1206",rewrite,11,1,written,,
563628,Q2047332,Cuneiform Tablet BM 038140,rewrite,10,1,written,,
430128,Q2047334,Cuneiform Artifact CDLI Seals 000027 (composite),rewrite,10,0,written,,
295239,Q2047336,Cuneiform Tablet MLC 00441,rewrite,9,2,written,,
548578,Q2047340,Cuneiform Artifact CDLI Seals 025963 (physical),rewrite,9,1,written,,
390359,Q2047342,"Cuneiform Tablet TLB 01, 126",rewrite,9,1,written,,
466748,Q2047344,"Cuneiform Artifact RINAP 3/2 Sennacherib 090, ex. 004",rewrite,10,1,written,,
249801,Q2047346,Cuneiform Tablet P249801,rewrite,9,1,written,,
538380,Q2047347,Cuneiform Artifact CDLI Seals 017555 (physical),rewrite,9,1,written,,
509824,Q2047351,"Cuneiform Tablet MHET 2/3, 444",rewrite,10,1,written,,
438518,Q2047353,"Cuneiform Tablet KBo 33, 129",rewrite,10,1,written,,
205695,Q2047355,"Cuneiform Tablet BPOA 01, 0109",rewrite,11,1,written,,
398769,Q2047357,Cuneiform Tablet K 10585,rewrite,10,1,written,,
540148,Q2047359,Cuneiform Artifact CDLI Seals 019331 (physical),rewrite,7,1,written,,
413648,Q2047361,Cuneiform Tablet BM 103802,rewrite,10,1,written,,
202150,Q2047369,Cuneiform Tablet BM 100491,rewrite,10,1,written,,
445028,Q2047373,"Cuneiform Tablet KUB 28, 060",rewrite,10,1,written,,
516728,Q2047379,"Cuneiform Tablet CUSAS 40, 1944",rewrite,9,1,written,,
593885,Q2047385,"Cuneiform Tablet Rechtsleben 2, 61",rewrite,12,1,written,,
558981,Q2047389,Cuneiform Tablet BM 026231,rewrite,11,1,written,,
307030,Q2047391,"Cuneiform Tablet YOS 13, 480",rewrite,11,2,written,,
569225,Q2047393,Cuneiform Tablet BM 044225,rewrite,7,1,written,,
351650,Q2047396,"Cuneiform Tablet ARM 19, 111",rewrite,11,1,written,,
589071,Q2047398,Cuneiform Tablet BM 069966,rewrite,10,1,written,,
447015,Q2047400,"Cuneiform Tablet KUB 51, 088",rewrite,10,1,written,,
8390,Q2047402,"Cuneiform Tablet MDP 17, 192",rewrite,10,1,written,,
542175,Q2047406,Cuneiform Artifact CDLI Seals 021333 (physical),rewrite,10,1,written,,
280938,Q2047409,Cuneiform Tablet N 7204,rewrite,8,1,written,,
411675,Q2047411,Cuneiform Artifact CUNES 52-10-154,rewrite,8,1,written,,
600353,Q2047413,Cuneiform Tablet BM 099532,rewrite,10,1,written,,
559693,Q2047415,Cuneiform Tablet BM 082697,rewrite,11,1,written,,
255822,Q2047419,Cuneiform Tablet UM 29-13-956,rewrite,11,1,written,,
337486,Q2047421,Cuneiform Tablet OIM A03303,rewrite,11,1,written,,
350942,Q2047425,"Cuneiform Tablet ARM 12, 499",rewrite,11,1,written,,
592797,Q2047427,Cuneiform Tablet BM 074784,rewrite,9,1,written,,
140376,Q2047431,"Cuneiform Tablet UTI 4, 2357",rewrite,11,1,written,,
595052,Q2047433,Cuneiform Tablet BM 079537,rewrite,10,1,written,,
330343,Q2047435,Cuneiform Tablet OIM A31205,rewrite,11,1,written,,
508736,Q2047437,Cuneiform Tablet Hussein diss. p. 179 IM 052760,rewrite,10,1,written,,
386777,Q2047439,"Cuneiform Tablet TCL 09, 107",rewrite,9,1,written,,
263443,Q2047441,"Cuneiform Artifact RINAP 4 Esarhaddon 132, ex. 001",rewrite,11,1,written,,
366523,Q2047443,"Cuneiform Tablet CT 56, 208",rewrite,10,1,written,,
575206,Q2047445,Cuneiform Tablet BM 076564 + BM 076745 + BM 082946,rewrite,7,1,written,,
261184,Q2047447,"Cuneiform Tablet PBS 02/1, 075",rewrite,10,1,written,,
597595,Q2047448,"Cuneiform Tablet Pihans 135, 139",rewrite,9,0,written,,
381548,Q2047452,Cuneiform Tablet BM 085842,rewrite,11,1,written,,
477159,Q2047458,Cuneiform Artifact CDLI Seals 010418 (physical),rewrite,8,1,written,,
470366,Q2047462,Cuneiform Tablet PTS 2273,rewrite,10,1,written,,
572039,Q2047464,Cuneiform Tablet BM 049563,rewrite,10,1,written,,
559369,Q2047466,Cuneiform Tablet BM 029224,rewrite,11,1,written,,
421739,Q2047470,Cuneiform Tablet Multabiltu no. 089,rewrite,11,1,written,,
423704,Q2047472,"Cuneiform Tablet JCS 11, 023 09",rewrite,9,1,written,,
475164,Q2047474,Cuneiform Artifact CDLI Seals 008387 (physical),rewrite,10,1,written,,
602694,Q2047476,Cuneiform Tablet Ist A 02709,rewrite,11,1,written,,
570004,Q2047480,Cuneiform Tablet BM 045095,rewrite,8,1,written,,
383575,Q2047482,"Cuneiform Tablet OIP 092, 0889",rewrite,10,1,written,,
526664,Q2047486,"Cuneiform Tablet ABAW 143, 562",rewrite,10,1,written,,
286415,Q2047490,Cuneiform Tablet NBC 10098,rewrite,10,1,written,,
495330,Q2047492,Cuneiform Tablet P495330,rewrite,8,1,written,,
590250,Q2047494,Cuneiform Tablet BM 071316,rewrite,9,1,written,,
266641,Q2047497,"Cuneiform Tablet BE 06/2, 001",rewrite,10,1,written,,
408454,Q2047499,"Cuneiform Tablet HSS 13, 254",rewrite,10,1,written,,
539968,Q2047501,Cuneiform Artifact CDLI Seals 019149 (physical),rewrite,7,1,written,,
398293,Q2047503,Cuneiform Tablet K 09750,rewrite,10,1,written,,
362833,Q2047505,Cuneiform Tablet PUL Ex 2347,rewrite,10,1,written,,
527976,Q2047507,"Cuneiform Tablet Akkadica Suppl. 10, 058",rewrite,11,1,written,,
511517,Q2047509,Cuneiform Artifact CDLI Seals 013040 (physical),rewrite,10,1,written,,
422816,Q2047511,Cuneiform Tablet BM 128049,rewrite,7,1,written,,
547377,Q2047513,Cuneiform Artifact CDLI Seals 024805 (physical),rewrite,9,1,written,,
302232,Q2047515,Cuneiform Tablet NCBT 00179,rewrite,11,1,written,,
251532,Q2047517,Cuneiform Tablet MS 2292,rewrite,8,1,written,,
442217,Q2047519,"Cuneiform Tablet KBo 48, 276",rewrite,10,1,written,,
354452,Q2047521,"Cuneiform Tablet ARM 25, 713",rewrite,11,1,written,,
207352,Q2047523,Cuneiform Tablet BM 028582,rewrite,11,1,written,,
481723,Q2047525,Cuneiform Tablet SM T.—,rewrite,9,1,written,,
584643,Q2047527,Cuneiform Tablet BM 064838,rewrite,10,1,written,,
377332,Q2047529,Cuneiform Tablet BM 112322,rewrite,10,1,written,,
259102,Q2047531,Cuneiform Tablet OB Legal 088,rewrite,11,1,written,,
346896,Q2047533,"Cuneiform Tablet UET 6, 0859",rewrite,9,1,written,,
437317,Q2047535,"Cuneiform Tablet KBo 27, 036",rewrite,10,1,written,,
461577,Q2047537,Cuneiform Tablet CBS 02496.45,rewrite,7,1,written,,
564417,Q2047539,Cuneiform Tablet BM 039449,rewrite,10,1,written,,
397166,Q2047541,Cuneiform Tablet K 07295,rewrite,10,1,written,,
457916,Q2047543,Cuneiform Artifact CDLI Seals 005206 (composite),rewrite,10,0,written,,
532277,Q2047545,"Cuneiform Tablet Mesopotamia 30, 033 HY 740",rewrite,10,1,written,,
552876,Q2047547,"Cuneiform Tablet AOAT 398, O.195",rewrite,11,1,written,,
583186,Q2047548,Cuneiform Tablet BM 063026,rewrite,9,1,written,,
326297,Q2047550,Cuneiform Tablet CUNES 52-12-007,rewrite,9,1,written,,
317933,Q2047552,Cuneiform Tablet BM 018251,rewrite,11,1,written,,
275597,Q2047554,Cuneiform Tablet CBS 08428 + N 0379 + N 0387 + N 0390 + N 0467,rewrite,8,1,written,,
578434,Q2047556,Cuneiform Tablet BM 053640,rewrite,9,1,written,,
245121,Q2047558,Cuneiform Tablet P245121,rewrite,10,1,written,,
340041,Q2047560,"Cuneiform Tablet BPOA 01, 1386",rewrite,11,1,written,,
599972,Q2047562,Cuneiform Tablet BM 096400,rewrite,10,1,written,,
213741,Q2047564,"Cuneiform Tablet ITT 1, 01311",rewrite,10,1,written,,
2267,Q2047566,"Cuneiform Tablet IM 023435,15",rewrite,10,1,written,,
505104,Q2047568,Cuneiform Tablet YBC 15472,rewrite,7,1,written,,
548082,Q2047570,Cuneiform Artifact CDLI Seals 025477 (physical),rewrite,9,1,written,,
598660,Q2047572,Cuneiform Tablet BM 087423,rewrite,10,1,written,,
456604,Q2047574,Cuneiform Artifact CDLI Seals 003894 (composite),rewrite,10,0,written,,
238411,Q2047576,"Cuneiform Tablet CT 54, 077",rewrite,11,1,written,,
338289,Q2047578,"Cuneiform Artifact MSVO 2, ED seal no. 109",rewrite,10,1,written,,
553764,Q2047580,"Cuneiform Tablet PIHANS 86, pl. 54",rewrite,10,1,written,,
400064,Q2047582,"Cuneiform Tablet Babyloniaca 06, 260 K 12794",rewrite,10,1,written,,
353397,Q2047584,"Cuneiform Tablet ARM 23, 609",rewrite,11,1,written,,
119319,Q2047586,"Cuneiform Tablet MVN 16, 1271",rewrite,11,1,written,,
214084,Q2047588,"Cuneiform Tablet ITT 2, 03052",rewrite,10,1,written,,
449908,Q2047590,"Cuneiform Tablet CUSAS 21, 151",rewrite,8,1,written,,
347784,Q2047592,"Cuneiform Tablet MSL SS 1, 062",rewrite,9,2,written,,
389178,Q2047594,"Cuneiform Tablet TLB 01, 211",rewrite,9,1,written,,
454639,Q2047598,Cuneiform Artifact CDLI Seals 001929 (composite),rewrite,10,0,written,,
507139,Q2047600,"Cuneiform Tablet Nisaba 34, 0952",rewrite,10,1,written,,
551759,Q2047602,"Cuneiform Tablet CM 20, no. 048 B",rewrite,10,1,written,,
402059,Q2047604,Cuneiform Tablet K 16498,rewrite,10,1,written,,
585951,Q2047606,Cuneiform Tablet BM 066414,rewrite,10,1,written,,
429309,Q2047608,"Cuneiform Tablet HSS 16, 354",rewrite,8,1,written,,
372560,Q2047610,"Cuneiform Tablet VS 09, 030",rewrite,10,1,written,,
419615,Q2047612,Cuneiform Tablet K 21314,rewrite,10,1,written,,
277400,Q2047614,Cuneiform Tablet N 2304,rewrite,11,1,written,,
581011,Q2047616,Cuneiform Tablet BM 060148,rewrite,9,1,written,,
561245,Q2047618,Cuneiform Tablet BM 085004,rewrite,10,1,written,,
537425,Q2047620,"Cuneiform Tablet OIP 65, 12b",rewrite,11,0,written,,
455881,Q2047622,Cuneiform Artifact CDLI Seals 003171 (composite),rewrite,10,0,written,,
392734,Q2047624,Cuneiform Tablet KTT 099,rewrite,10,1,written,,
529591,Q2047626,Cuneiform Tablet TCT-SAMA 29,rewrite,10,1,written,,
297654,Q2047628,"Cuneiform Tablet YOS 17, 064",rewrite,11,1,written,,
481689,Q2047630,"Cuneiform Tablet MHET 2/2, 332",rewrite,10,1,written,,
432545,Q2047632,"Cuneiform Tablet AOAT 003, 63",rewrite,11,1,written,,
503879,Q2047634,"Cuneiform Tablet RS 20.0186,c+d",rewrite,9,0,written,,
406919,Q2047636,Cuneiform Tablet SM 1911.04.007,rewrite,11,1,written,,
5408,Q2047638,"Cuneiform Tablet MSVO 4, 06",rewrite,10,1,written,,
501844,Q2047640,"Cuneiform Tablet TCTI 3, 06050",rewrite,11,1,written,,
566580,Q2047642,Cuneiform Tablet BM 034974,rewrite,8,1,written,,
290191,Q2047644,Cuneiform Tablet NBC 04094,rewrite,11,1,written,,
377298,Q2047646,Cuneiform Tablet BM 113152,rewrite,10,1,written,,
308795,Q2047647,Cuneiform Tablet YBC 07878,rewrite,10,2,written,,
435280,Q2047648,"Cuneiform Tablet KBo 12, 009",rewrite,10,1,written,,
241861,Q2047650,Cuneiform Tablet P241861,rewrite,10,1,written,,
404924,Q2047652,Cuneiform Tablet BWL pl. 72 Bo 3157,rewrite,11,1,written,,
563278,Q2047654,Cuneiform Tablet BM 037300,rewrite,7,1,written,,
466318,Q2047656,"Cuneiform Artifact RIMA 1.0.077.024, ex. 16",rewrite,10,1,written,,
295669,Q2047658,"Cuneiform Tablet YOS 13, 153",rewrite,10,1,written,,
548128,Q2047660,"Cuneiform Artifact RIME 3/1.01.07.037, ex. Add1511",rewrite,9,1,written,,
240773,Q2047662,"Cuneiform Tablet ARET 10, 163",rewrite,10,1,written,,
430578,Q2047664,Cuneiform Artifact CDLI Seals 000482 (composite),rewrite,10,0,written,,
478306,Q2047668,Cuneiform Artifact CDLI Seals 011512 (physical),rewrite,9,1,written,,
313073,Q2047670,"Cuneiform Tablet MARV 4, 165",rewrite,9,1,written,,
405636,Q2047672,Cuneiform Tablet SM 1891.11.017,rewrite,10,1,written,,
309887,Q2047674,Cuneiform Tablet YBC 09165,rewrite,11,1,written,,
453056,Q2047676,Cuneiform Tablet NMS A.1907.690.62,rewrite,10,1,written,,
500756,Q2047678,"Cuneiform Tablet CTMMA 4, 107",rewrite,10,1,written,,
498152,Q2047680,Cuneiform Tablet YBC 15389,rewrite,11,1,written,,
556136,Q2047682,"Cuneiform Tablet AOAT 451, no. 341",rewrite,11,1,written,,
369286,Q2047684,Cuneiform Tablet KAR 321,rewrite,11,1,written,,
296946,Q2047686,"Cuneiform Tablet YOS 13, 250",rewrite,10,1,written,,
393826,Q2047688,Cuneiform Tablet K 00431 + K 01853 + K 06262 + K 11260 + K 13358 + K 13813,rewrite,11,1,written,,
507093,Q2047690,"Cuneiform Artifact Nisaba 34, 0905",rewrite,10,1,written,,
568967,Q2047692,Cuneiform Tablet BM 043853,rewrite,7,1,written,,
418907,Q2047694,Cuneiform Tablet K 20490,rewrite,10,1,written,,
454793,Q2047698,Cuneiform Artifact CDLI Seals 002083 (composite),rewrite,10,0,written,,
600703,Q2047700,Cuneiform Tablet BM 100718,rewrite,10,1,written,,
140726,Q2047704,"Cuneiform Tablet UTI 4, 2707",rewrite,11,1,written,,
572193,Q2047706,Cuneiform Tablet BM 049729,rewrite,8,1,written,,
421693,Q2047708,Cuneiform Tablet CULC 606,rewrite,7,1,written,,
508366,Q2047712,Cuneiform Tablet Ott no. 44,rewrite,11,1,written,,
470736,Q2047716,Cuneiform Tablet PTS 2644,rewrite,10,1,written,,
575656,Q2047718,Cuneiform Tablet BM 050383,rewrite,9,1,written,,
248343,Q2047720,Cuneiform Tablet HMA 9-02841,rewrite,9,1,written,,
595402,Q2047722,Cuneiform Tablet BM 080046,rewrite,10,1,written,,
366173,Q2047724,"Cuneiform Tablet CT 47, 43",rewrite,10,1,written,,
330713,Q2047726,Cuneiform Tablet IM 058859,rewrite,11,1,written,,
471824,Q2047728,"Cuneiform Tablet ARM 30, p. 321 M 10483",rewrite,11,1,written,,
331801,Q2047730,"Cuneiform Tablet Nisaba 05/2, 138 U 31138",rewrite,11,1,written,,
513480,Q2047732,Cuneiform Tablet PUAM 1999-238,rewrite,7,1,written,,
574944,Q2047734,Cuneiform Tablet BM 072162,rewrite,8,1,written,,
540518,Q2047738,Cuneiform Artifact CDLI Seals 019699 (physical),rewrite,8,1,written,,
413218,Q2047740,Cuneiform Tablet BM 103146,rewrite,9,1,written,,
440380,Q2047742,"Cuneiform Tablet KBo 42, 040",rewrite,10,1,written,,
445478,Q2047744,"Cuneiform Tablet KUB 34, 061",rewrite,10,1,written,,
447445,Q2047746,"Cuneiform Tablet KUB 57, 070",rewrite,10,1,written,,
411225,Q2047747,"Cuneiform Tablet CUSAS 29, 104",rewrite,9,1,written,,
398339,Q2047748,Cuneiform Tablet K 09829,rewrite,10,1,written,,
514345,Q2047750,Cuneiform Artifact CDLI Seals 013782 (composite),rewrite,10,0,written,,
438148,Q2047752,"Cuneiform Tablet KBo 31, 179",rewrite,10,1,written,,
202500,Q2047756,Cuneiform Tablet BM 029160,rewrite,10,1,written,,
569675,Q2047758,Cuneiform Tablet BM 044735,rewrite,8,1,written,,
601811,Q2047760,"Cuneiform Tablet AfO 50, 241 no. 22",rewrite,10,1,written,,
589421,Q2047762,Cuneiform Tablet BM 070383,rewrite,10,1,written,,
542525,Q2047764,Cuneiform Artifact CDLI Seals 021671 (physical),rewrite,9,1,written,,
576979,Q2047766,Cuneiform Tablet BM 051944,rewrite,9,1,written,,
351200,Q2047768,"Cuneiform Tablet ARM 13, 010",rewrite,11,1,written,,
307460,Q2047770,Cuneiform Tablet YBC 06426,rewrite,10,1,written,,
302398,Q2047772,Cuneiform Tablet NCBT 00345,rewrite,11,1,written,,
445182,Q2047774,"Cuneiform Tablet KUB 31, 038",rewrite,10,1,written,,
494872,Q2047776,"Cuneiform Tablet MDP 10, 70 108",rewrite,10,1,written,,
378497,Q2047778,Cuneiform Tablet BM 087061,rewrite,10,1,written,,
591912,Q2047780,Cuneiform Tablet BM 073423,rewrite,10,1,written,,
302662,Q2047785,Cuneiform Tablet NCBT 00609,rewrite,11,1,written,,
354002,Q2047787,"Cuneiform Tablet ARM 25, 263",rewrite,11,1,written,,
511147,Q2047789,"Cuneiform Tablet AbB 05, 201",rewrite,11,1,written,,
547727,Q2047791,Cuneiform Artifact CDLI Seals 025152 (physical),rewrite,9,1,written,,
329532,Q2047793,Cuneiform Tablet CUNES 48-02-170,rewrite,7,1,written,,
280892,Q2047795,Cuneiform Tablet N 7153,rewrite,8,1,written,,
251162,Q2047798,"Cuneiform Tablet CUSAS 09, 347",rewrite,8,1,written,,
414027,Q2047800,Cuneiform Tablet LKA 118,rewrite,11,1,written,,
442647,Q2047802,"Cuneiform Tablet KBo 50, 123",rewrite,10,1,written,,
443955,Q2047804,"Cuneiform Tablet KUB 06, 006 + KUB 50, 094",rewrite,10,1,written,,
207702,Q2047806,Cuneiform Tablet BM 027383,rewrite,11,1,written,,
319184,Q2047808,Cuneiform Tablet BM 019818,rewrite,11,1,written,,
577391,Q2047810,Cuneiform Tablet BM 052391,rewrite,9,1,written,,
303970,Q2047812,Cuneiform Tablet NCBT 01932,rewrite,10,1,written,,
206810,Q2047814,Cuneiform Tablet BM 024301,rewrite,11,1,written,,
424491,Q2047816,Cuneiform Tablet DT 095,rewrite,9,1,written,,
559739,Q2047818,Cuneiform Tablet BM 082774,rewrite,11,1,written,,
255988,Q2047820,Cuneiform Tablet UM 29-15-150,rewrite,11,1,written,,
477509,Q2047824,Cuneiform Artifact CDLI Seals 010768 (physical),rewrite,8,1,written,,
572469,Q2047826,Cuneiform Tablet BM 046285,rewrite,8,1,written,,
408004,Q2047828,Cuneiform Tablet SM 1929.01.011,rewrite,11,1,written,,
381118,Q2047830,Cuneiform Tablet BM 085008,rewrite,11,1,written,,
421369,Q2047832,Cuneiform Tablet SMUI 1913.14.1517,rewrite,8,1,written,,
524209,Q2047834,"Cuneiform Tablet MDP 22, 113",rewrite,11,1,written,,
495760,Q2047836,Cuneiform Tablet Sb 09507,rewrite,7,1,written,,
266211,Q2047838,"Cuneiform Artifact PBS 14, 0536 CBS 11036",rewrite,9,1,written,,
570454,Q2047840,Cuneiform Tablet BM 046503,rewrite,8,1,written,,
475534,Q2047842,Cuneiform Artifact CDLI Seals 008794 (physical),rewrite,9,1,written,,
590600,Q2047844,Cuneiform Tablet BM 071709,rewrite,10,1,written,,
348021,Q2047846,Cuneiform Tablet AlT 054,rewrite,10,1,written,,
383125,Q2047848,"Cuneiform Tablet OIP 092, 0439",rewrite,10,1,written,,
423354,Q2047849,Cuneiform Tablet NBTS 25,rewrite,10,1,written,,
544808,Q2047851,Cuneiform Artifact CDLI Seals 022455 (physical),rewrite,8,1,written,,
441968,Q2047853,"Cuneiform Tablet KBo 48, 027",rewrite,10,1,written,,
505554,Q2047855,Cuneiform Tablet YBC 16761,rewrite,10,1,written,,
526234,Q2047857,"Cuneiform Tablet ABAW 143, 116",rewrite,10,1,written,,
366489,Q2047859,"Cuneiform Tablet CT 56, 174",rewrite,9,1,written,,
400434,Q2047861,Cuneiform Tablet K 13730,rewrite,10,1,written,,
553334,Q2047863,Cuneiform Tablet Nbn. 179,rewrite,10,1,written,,
562890,Q2047865,Cuneiform Tablet BM 036015,rewrite,8,1,written,,
598230,Q2047867,Cuneiform Tablet BM 084472,rewrite,10,1,written,,
316271,Q2047869,Cuneiform Tablet BM 015064,rewrite,11,1,written,,
456254,Q2047871,Cuneiform Artifact CDLI Seals 003544 (composite),rewrite,10,0,written,,
578064,Q2047873,Cuneiform Tablet BM 053125,rewrite,9,1,written,,
245571,Q2047875,Cuneiform Tablet P245571,rewrite,10,1,written,,
340411,Q2047877,"Cuneiform Tablet BPOA 01, 1756",rewrite,11,1,written,,
213311,Q2047879,"Cuneiform Tablet HSS 10, 045",rewrite,9,1,written,,
434868,Q2047881,"Cuneiform Tablet KBo 07, 43",rewrite,10,1,written,,
3925,Q2047883,"Cuneiform Tablet IM 134467,3",rewrite,10,1,written,,
313589,Q2047885,"Cuneiform Tablet CT 53, 174",rewrite,11,1,written,,
132419,Q2047887,"Cuneiform Tablet TCTI 2, 03164",rewrite,11,1,written,,
376870,Q2047889,Cuneiform Tablet BM 111090,rewrite,10,1,written,,
502291,Q2047891,"Cuneiform Tablet TCTI 3, 08733",rewrite,11,1,written,,
507569,Q2047893,Cuneiform Tablet YBC 02268,rewrite,7,1,written,,
551309,Q2047895,"Cuneiform Tablet TMH 02-3, 148",rewrite,11,1,written,,
454269,Q2047898,Cuneiform Artifact CDLI Seals 001560 (composite),rewrite,10,0,written,,
436855,Q2047900,"Cuneiform Tablet KBo 24, 045 + KBo 24, 045 + KBo 38, 196",rewrite,10,1,written,,
533935,Q2047902,Cuneiform Artifact CDLI Seals 004518.2 (composite),rewrite,7,0,written,,
389528,Q2047906,"Cuneiform Tablet TLB 01, 046",rewrite,10,1,written,,
402409,Q2047908,Cuneiform Tablet K 17015,rewrite,10,1,written,,
259552,Q2047910,"Cuneiform Tablet Pihans 136, 69 2",rewrite,11,1,written,,
564047,Q2047912,Cuneiform Tablet BM 038832,rewrite,10,1,written,,
1918,Q2047914,"Cuneiform Tablet ATU 3, pl. 082, W 13917",rewrite,10,1,written,,
532627,Q2047916,Cuneiform Tablet SPAB 165,rewrite,11,1,written,,
397536,Q2047918,Cuneiform Tablet K 08210,rewrite,10,1,written,,
437747,Q2047920,"Cuneiform Tablet KBo 29, 130",rewrite,10,1,written,,
224062,Q2047922,Cuneiform Tablet OBTR 282,rewrite,11,1,written,,
481373,Q2047924,"Cuneiform Tablet MHET 2/1, 129",rewrite,10,1,written,,
377762,Q2047926,Cuneiform Tablet BM 112586,rewrite,10,1,written,,
272602,Q2047928,Cuneiform Tablet P272602,rewrite,9,1,written,,
519577,Q2047930,Cuneiform Artifact CDLI Seals 014207 (composite),rewrite,10,0,written,,
563782,Q2047932,Cuneiform Tablet BM 038388,rewrite,8,1,written,,
2637,Q2047934,Cuneiform Tablet IM 046056,rewrite,10,1,written,,
495275,Q2047938,Cuneiform Tablet P495275,rewrite,8,1,written,,
430082,Q2047940,"Cuneiform Artifact RINAP 3/1 Sennacherib 023, ex. 001",rewrite,11,1,written,,
408511,Q2047942,"Cuneiform Tablet HSS 13, 324",rewrite,10,1,written,,
584213,Q2047944,Cuneiform Tablet BM 064263,rewrite,9,1,written,,
295393,Q2047946,Cuneiform Tablet MLC 00598,rewrite,10,1,written,,
286550,Q2047948,Cuneiform Tablet NBC 06319,rewrite,10,1,written,,
590315,Q2047949,Cuneiform Tablet BM 071384,rewrite,9,1,written,,
570141,Q2047951,Cuneiform Tablet BM 045248,rewrite,7,1,written,,
423641,Q2047953,"Cuneiform Tablet CT 14, pl. 35, Sm 1316",rewrite,11,2,written,,
526721,Q2047955,"Cuneiform Tablet ABAW 143, 623",rewrite,9,1,written,,
475021,Q2047957,Cuneiform Artifact CDLI Seals 008244 (physical),rewrite,9,1,written,,
577684,Q2047959,Cuneiform Tablet BM 052714,rewrite,9,1,written,,
279808,Q2047961,Cuneiform Tablet N 5729,rewrite,10,1,written,,
383430,Q2047963,"Cuneiform Tablet OIP 092, 0744",rewrite,10,1,written,,
281295,Q2047965,Cuneiform Tablet N 7566,rewrite,8,1,written,,
319491,Q2047967,Cuneiform Tablet BM 021568,rewrite,11,1,written,,
424184,Q2047969,Cuneiform Tablet MAH 16391,rewrite,8,1,written,,
497248,Q2047971,"Cuneiform Tablet MARI 06, p. 563, 565",rewrite,11,1,written,,
568988,Q2047973,Cuneiform Tablet BM 043888,rewrite,9,1,written,,
592328,Q2047977,Cuneiform Tablet BM 073936,rewrite,10,1,written,,
302377,Q2047979,Cuneiform Tablet NCBT 00324,rewrite,11,1,written,,
232159,Q2047981,"Cuneiform Artifact RIME 3/1.01.06.04, ex. 342",rewrite,11,1,written,,
354517,Q2047983,"Cuneiform Tablet ARM 25, 778",rewrite,11,1,written,,
511452,Q2047985,Cuneiform Artifact CDLI Seals 012975 (physical),rewrite,9,1,written,,
442352,Q2047987,"Cuneiform Tablet KBo 49, 125",rewrite,10,1,written,,
251477,Q2047989,"Cuneiform Tablet MSCT 2, 036-037",rewrite,8,1,written,,
207217,Q2047991,Cuneiform Tablet BM 027547,rewrite,11,1,written,,
576996,Q2047993,Cuneiform Tablet BM 051963,rewrite,9,1,written,,
445497,Q2047995,"Cuneiform Tablet KUB 34, 088",rewrite,10,1,written,,
527833,Q2047998,Cuneiform Tablet BM 097894,rewrite,10,1,written,,
547232,Q2048000,Cuneiform Artifact CDLI Seals 024660 (physical),rewrite,6,1,written,,
422953,Q2048002,"Cuneiform Tablet RINAP 2, Sargon II 092 ex. 023",rewrite,11,1,written,,
563297,Q2048004,Cuneiform Tablet BM 037371,rewrite,7,1,written,,
107242,Q2048006,"Cuneiform Artifact BRM 3, 012",rewrite,10,1,written,,
457853,Q2048008,Cuneiform Artifact CDLI Seals 005143 (composite),rewrite,10,0,written,,
317876,Q2048010,Cuneiform Tablet BM 018182,rewrite,11,1,written,,
2322,Q2048012,"Cuneiform Tablet IM 023436,10",rewrite,10,1,written,,
552933,Q2048014,Cuneiform Tablet Nbn. 1092,rewrite,10,1,written,,
461432,Q2048016,Cuneiform Artifact UM 84-26-069,rewrite,8,1,written,,
430597,Q2048018,Cuneiform Artifact CDLI Seals 000501 (composite),rewrite,10,0,written,,
599837,Q2048020,Cuneiform Tablet BM 096239,rewrite,11,1,written,,
259047,Q2048022,"Cuneiform Tablet PBS 08/2, 260",rewrite,10,1,written,,
532332,Q2048024,"Cuneiform Tablet BiMes 29 = TFR 2, Terqa 5-07",rewrite,11,1,written,,
397023,Q2048026,Cuneiform Tablet K 07097,rewrite,10,1,written,,
437252,Q2048028,"Cuneiform Tablet KBo 26, 198",rewrite,10,1,written,,
503896,Q2048030,Cuneiform Tablet RS 20.0220,rewrite,9,0,written,,
272317,Q2048032,"Cuneiform Tablet Emar 6/1, p. 239, Msk 7498d",rewrite,9,1,written,,
377277,Q2048034,Cuneiform Tablet BM 113118,rewrite,10,1,written,,
564552,Q2048036,Cuneiform Tablet BM 039668,rewrite,8,1,written,,
519062,Q2048038,"Cuneiform Artifact RINBE 2, Nabonidus 37, ex. 14",rewrite,11,1,written,,
584706,Q2048040,Cuneiform Tablet BM 064928,rewrite,10,1,written,,
481666,Q2048042,Cuneiform Tablet TCD 4687/10,rewrite,10,1,written,,
585814,Q2048044,Cuneiform Tablet BM 066263,rewrite,9,1,written,,
502784,Q2048046,Cuneiform Artifact CDLI Seals 012411 (physical),rewrite,7,1,written,,
247059,Q2048048,Cuneiform Tablet P247059,rewrite,10,1,written,,
369269,Q2048049,Cuneiform Tablet KAR 300,rewrite,11,1,written,,
598725,Q2048051,Cuneiform Tablet BM 087990,rewrite,10,1,written,,
314759,Q2048055,"Cuneiform Tablet CT 55, 368",rewrite,10,1,written,,
505041,Q2048057,Cuneiform Tablet YBC 14112,rewrite,7,1,written,,
294994,Q2048059,Cuneiform Tablet MLC 00186,rewrite,10,1,written,,
400121,Q2048061,Cuneiform Tablet K 12893,rewrite,10,1,written,,
238554,Q2048063,"Cuneiform Tablet CT 54, 168",rewrite,11,1,written,,
213604,Q2048065,"Cuneiform Tablet ITT 1, 01141",rewrite,10,1,written,,
340104,Q2048067,"Cuneiform Tablet BPOA 01, 1449",rewrite,11,1,written,,
245064,Q2048069,Cuneiform Tablet P245064,rewrite,10,1,written,,
456741,Q2048071,Cuneiform Artifact CDLI Seals 004031 (composite),rewrite,10,0,written,,
578571,Q2048073,Cuneiform Tablet BM 053870,rewrite,9,1,written,,
507586,Q2048075,Cuneiform Tablet YBC 02593,rewrite,7,1,written,,
309868,Q2048077,Cuneiform Tablet YBC 09146,rewrite,11,1,written,,
560842,Q2048079,Cuneiform Tablet BM 022547,rewrite,9,1,written,,
587829,Q2048081,Cuneiform Tablet BM 068739,rewrite,9,1,written,,
465922,Q2048083,"Cuneiform Artifact RIMA 1.0.069.001, ex. 03",rewrite,11,1,written,,
454286,Q2048085,Cuneiform Artifact CDLI Seals 001576.2 (composite),rewrite,10,0,written,,
478613,Q2048089,Cuneiform Artifact CDLI Seals 011819 (physical),rewrite,9,1,written,,
240266,Q2048091,Cuneiform Tablet Sm 0419,rewrite,11,1,written,,
453543,Q2048093,"Cuneiform Tablet PBS 02/1, 197",rewrite,9,1,written,,
435795,Q2048095,"Cuneiform Tablet KBo 15, 14",rewrite,10,1,written,,
556423,Q2048098,"Cuneiform Tablet MC 24, no. 108",rewrite,11,1,written,,
498447,Q2048100,Cuneiform Tablet YBC 15168,rewrite,11,1,written,,
339924,Q2048102,"Cuneiform Tablet BPOA 01, 1269",rewrite,11,1,written,,
566095,Q2048104,Cuneiform Tablet BM 036935,rewrite,9,1,written,,
434887,Q2048106,"Cuneiform Tablet KBo 07, 63",rewrite,10,1,written,,
208418,Q2048108,Cuneiform Tablet BM 024558,rewrite,11,1,written,,
583539,Q2048110,Cuneiform Tablet BM 063415,rewrite,9,1,written,,
326628,Q2048112,"Cuneiform Tablet CUSAS 30, 189",rewrite,9,1,written,,
223748,Q2048116,"Cuneiform Tablet MSKH 1, IM 050026",rewrite,8,1,written,,
370048,Q2048120,"Cuneiform Tablet MDP 18, 012",rewrite,9,1,written,,
324615,Q2048124,Cuneiform Tablet CUNES 49-15-609,rewrite,10,1,written,,
581504,Q2048126,Cuneiform Tablet BM 061130,rewrite,10,1,written,,
277115,Q2057710,Cuneiform Tablet N 2004,rewrite,11,1,written,,
419300,Q2057712,Cuneiform Tablet K 20961,rewrite,10,1,written,,
372075,Q2057716,"Cuneiform Tablet VS 06, 180",rewrite,9,1,written,,
561750,Q2057720,Cuneiform Tablet BM 031740,rewrite,9,1,written,,
392221,Q2057722,"Cuneiform Artifact RINAP 5/1 Ashurbanipal 003, ex. 133 ?",rewrite,11,1,written,,
368881,Q2057724,Cuneiform Tablet TMN Ist Ni 05211,rewrite,10,1,written,,
447150,Q2057726,"Cuneiform Tablet KUB 53, 033",rewrite,10,1,written,,
411730,Q2057728,Cuneiform Tablet CUNES 52-17-079,rewrite,8,1,written,,
514650,Q2057730,"Cuneiform Artifact RINAP 5/1 Ashurbanipal 068, ex. 004",rewrite,11,1,written,,
519598,Q2057734,Cuneiform Artifact CDLI Seals 014218 (composite),rewrite,10,0,written,,
589134,Q2057738,Cuneiform Tablet BM 070056,rewrite,9,1,written,,
569360,Q2063549,Cuneiform Tablet BM 044382,rewrite,7,1,written,,
202015,Q2063551,Cuneiform Tablet BM 100574,rewrite,10,1,written,,
542030,Q2063557,Cuneiform Artifact CDLI Seals 021192 (physical),rewrite,8,1,written,,
307175,Q2063559,"Cuneiform Tablet YOS 02, 102",rewrite,11,1,written,,
121720,Q2063561,Cuneiform Tablet Nebraska 35,rewrite,10,1,written,,
249944,Q2063566,Cuneiform Tablet AUAM 73.2684,rewrite,8,1,written,,
351715,Q2063568,"Cuneiform Tablet ARM 19, 176",rewrite,11,1,written,,
378478,Q2063570,Cuneiform Tablet BM 087039,rewrite,10,1,written,,
440695,Q2063572,"Cuneiform Tablet KBo 43, 228 + KBo 24, 080",rewrite,10,1,written,,
353728,Q2063574,"Cuneiform Tablet ARM 24, 313 + M 08805bis",rewrite,11,1,written,,
575343,Q2063576,Cuneiform Tablet BM 077717,rewrite,7,1,written,,
305148,Q2063578,"Cuneiform Tablet YOS 17, 291",rewrite,11,1,written,,
513195,Q2063580,"Cuneiform Tablet OIP 043, 182 TA 1931 T076",rewrite,10,1,written,,
441987,Q2063582,"Cuneiform Tablet KBo 48, 046",rewrite,10,1,written,,
386632,Q2063584,"Cuneiform Tablet TCL 01, 196",rewrite,10,1,written,,
366466,Q2063586,"Cuneiform Tablet CT 56, 151",rewrite,10,1,written,,
470223,Q2063588,Cuneiform Tablet PTS 2127,rewrite,11,1,written,,
426443,Q2063590,Cuneiform Tablet Meier Maqlu 02 Sm 0673,rewrite,11,1,written,,
283752,Q2063596,"Cuneiform Tablet CT 42, 30 BM 017149",rewrite,10,1,written,,
595117,Q2063598,Cuneiform Tablet BM 079618,rewrite,10,1,written,,
330206,Q2063600,Cuneiform Tablet Christie's Erlenmeyer no. 68d,rewrite,8,1,written,,
263506,Q2063602,Cuneiform Tablet MUN 263,rewrite,11,1,written,,
508673,Q2063604,Cuneiform Tablet IM 052012,rewrite,9,1,written,,
255967,Q2063608,Cuneiform Tablet UM 29-15-125,rewrite,10,1,written,,
140233,Q2063612,"Cuneiform Tablet UTI 3, 2214",rewrite,11,1,written,,
350807,Q2063614,"Cuneiform Tablet ARM 12, 364",rewrite,11,1,written,,
600216,Q2063616,Cuneiform Tablet BM 096908,rewrite,9,1,written,,
515942,Q2063618,"Cuneiform Artifact CUSAS 40, 1158",rewrite,9,1,written,,
421386,Q2063620,Cuneiform Tablet CDCPP 012,rewrite,8,1,written,,
511002,Q2063622,"Cuneiform Tablet VS 29, 108",rewrite,10,1,written,,
410822,Q2063624,Cuneiform Tablet CUNES 50-02-060,rewrite,8,1,written,,
547662,Q2063626,Cuneiform Artifact CDLI Seals 025087 (physical),rewrite,9,1,written,,
329477,Q2063628,Cuneiform Tablet CUNES 48-02-103,rewrite,9,1,written,,
572486,Q2063630,Cuneiform Tablet BM 047398,rewrite,9,1,written,,
442702,Q2063632,"Cuneiform Tablet KBo 50, 178",rewrite,10,1,written,,
354147,Q2063636,"Cuneiform Tablet ARM 25, 408",rewrite,11,1,written,,
302727,Q2063638,Cuneiform Tablet NCBT 00674,rewrite,11,1,written,,
469452,Q2063640,Cuneiform Tablet U 30768,rewrite,8,1,written,,
251027,Q2063642,"Cuneiform Tablet CUSAS 09, 091",rewrite,8,1,written,,
591857,Q2063643,Cuneiform Tablet BM 073348,rewrite,9,1,written,,
398786,Q2063645,Cuneiform Tablet K 10622,rewrite,10,1,written,,
353682,Q2063647,"Cuneiform Tablet ARM 24, 267",rewrite,11,1,written,,
602381,Q2063649,Cuneiform Tablet BM 114777,rewrite,10,1,written,,
423211,Q2063651,"Cuneiform Artifact RINAP 5/1 Ashurbanipal 010, ex. 012",rewrite,11,1,written,,
475471,Q2063653,Cuneiform Artifact CDLI Seals 008731 (physical),rewrite,10,1,written,,
286100,Q2063655,Cuneiform Tablet OIM A31611,rewrite,9,1,written,,
494937,Q2063657,"Cuneiform Tablet MDP 22, 062",rewrite,11,1,written,,
348164,Q2063659,Cuneiform Tablet AlT 197,rewrite,10,1,written,,
526371,Q2063663,"Cuneiform Tablet ABAW 143, 270",rewrite,11,1,written,,
399894,Q2063666,Cuneiform Tablet K 12515,rewrite,10,1,written,,
383060,Q2063668,"Cuneiform Tablet OIP 092, 0374",rewrite,10,1,written,,
570511,Q2063670,Cuneiform Tablet BM 046652,rewrite,9,1,written,,
266354,Q2063672,Cuneiform Tablet CBS 11192a,rewrite,7,1,written,,
495625,Q2063674,Cuneiform Tablet P495625,rewrite,8,1,written,,
352990,Q2063676,"Cuneiform Tablet ARM 23, 202",rewrite,11,1,written,,
590745,Q2063678,Cuneiform Tablet BM 071865,rewrite,9,1,written,,
386798,Q2063680,"Cuneiform Tablet TCL 09, 128",rewrite,9,1,written,,
470389,Q2063682,Cuneiform Tablet PTS 2296,rewrite,10,1,written,,
206955,Q2063684,Cuneiform Tablet BM 025521,rewrite,11,1,written,,
204968,Q2063686,Cuneiform Tablet BM 026112,rewrite,11,1,written,,
597080,Q2063688,Cuneiform Tablet BM 083525,rewrite,10,1,written,,
443810,Q2063690,"Cuneiform Tablet KUB 03, 081",rewrite,10,1,written,,
261491,Q2063692,"Cuneiform Tablet BE 09, 061",rewrite,10,1,written,,
497618,Q2063694,"Cuneiform Tablet Studia Orontica 6, p. 59 TH02-T0411",rewrite,11,1,written,,
232509,Q2063696,"Cuneiform Artifact RIME 3/1.01.07.024, ex. 15",rewrite,11,1,written,,
337469,Q2063698,Cuneiform Tablet OIM A03260,rewrite,11,1,written,,
592778,Q2063700,Cuneiform Tablet BM 074666,rewrite,10,1,written,,
140399,Q2063702,"Cuneiform Tablet UTI 4, 2380",rewrite,11,1,written,,
436910,Q2063704,"Cuneiform Tablet KBo 24, 128",rewrite,10,1,written,,
273855,Q2063708,Cuneiform Tablet Education in the Earliest Schools 041,rewrite,7,1,written,,
347291,Q2063710,"Cuneiform Tablet Tall Munbaqa-Ekalte 2, 46",rewrite,9,1,written,,
529084,Q2063712,Cuneiform Artifact CDLI Seals 016611 (physical),rewrite,6,1,written,,
533870,Q2063714,Cuneiform Artifact CDLI Seals 004301.1 (composite),rewrite,7,0,written,,
465888,Q2063716,"Cuneiform Artifact RIMA 1.0.060.001, ex. 13",rewrite,11,1,written,,
247409,Q2063718,Cuneiform Tablet P247409,rewrite,10,1,written,,
340554,Q2063720,"Cuneiform Tablet BPOA 02, 1901",rewrite,11,1,written,,
342569,Q2063722,Cuneiform Tablet MW 0188/078,rewrite,7,1,written,,
369639,Q2063724,Cuneiform Artifact OBTI 209,rewrite,10,1,written,,
211269,Q2063726,Cuneiform Tablet YBC 15681,rewrite,11,1,written,,
316334,Q2063728,Cuneiform Tablet BM 015192,rewrite,11,1,written,,
245434,Q2063730,Cuneiform Tablet P245434,rewrite,10,1,written,,
578121,Q2063732,Cuneiform Tablet BM 053210,rewrite,9,1,written,,
598375,Q2063734,Cuneiform Artifact BM 086110,rewrite,10,1,written,,
3860,Q2063738,"Cuneiform Tablet ATU 7, pl. 073, W 20522,7",rewrite,9,1,written,,
505411,Q2063742,Cuneiform Tablet YBC 16388,rewrite,7,1,written,,
456311,Q2063743,Cuneiform Artifact CDLI Seals 003601 (composite),rewrite,10,0,written,,
553271,Q2063745,Cuneiform Tablet Nbn. 1010,rewrite,10,1,written,,
400571,Q2063747,Cuneiform Tablet K 13991,rewrite,10,1,written,,
374908,Q2063749,Cuneiform Tablet BM 094373,rewrite,11,1,written,,
326782,Q2063751,"Cuneiform Tablet CUSAS 30, 318",rewrite,9,1,written,,
548597,Q2063753,Cuneiform Artifact CDLI Seals 025982 (physical),rewrite,9,1,written,,
583493,Q2063755,Cuneiform Tablet BM 063363,rewrite,9,1,written,,
238104,Q2063757,Cuneiform Tablet ABL 0278,rewrite,11,1,written,,
2772,Q2063759,Cuneiform Tablet IM 045986,rewrite,10,1,written,,
556589,Q2063763,Cuneiform Tablet BM 034265,rewrite,8,1,written,,
224127,Q2063766,Cuneiform Artifact CDLI Seals 014090 (composite),rewrite,11,1,written,,
481236,Q2063768,"Cuneiform Tablet SANTAG 4, 094",rewrite,9,1,written,,
377627,Q2063770,Cuneiform Tablet BM 112871,rewrite,10,1,written,,
519432,Q2063774,"Cuneiform Tablet Nisaba 34, 1197",rewrite,10,1,written,,
259417,Q2063776,"Cuneiform Tablet BE 14, 038",rewrite,10,1,written,,
584356,Q2063778,Cuneiform Tablet BM 064471,rewrite,9,1,written,,
437602,Q2063782,"Cuneiform Tablet KBo 28, 153",rewrite,10,1,written,,
397473,Q2063786,Cuneiform Tablet TBP 05,rewrite,10,1,written,,
532762,Q2063788,Cuneiform Tablet SPAB 302,rewrite,11,1,written,,
344844,Q2063790,Cuneiform Tablet PRAK A 559,rewrite,11,1,written,,
564102,Q2063792,Cuneiform Tablet BM 038926,rewrite,8,1,written,,
241924,Q2063794,"Cuneiform Tablet ARET 13, 04",rewrite,11,1,written,,
586691,Q2063796,Cuneiform Tablet BM 067345,rewrite,9,1,written,,
501901,Q2063798,"Cuneiform Tablet TCTI 3, 06117",rewrite,11,1,written,,
552899,Q2063800,"Cuneiform Tablet PIHANS 86, pl. 22",rewrite,11,1,written,,
208048,Q2063802,Cuneiform Tablet BM 028659,rewrite,11,1,written,,
370418,Q2063804,"Cuneiform Tablet MVAG 18/6, 72-78",rewrite,11,1,written,,
583169,Q2063806,Cuneiform Tablet BM 063002,rewrite,10,1,written,,
223318,Q2063808,"Cuneiform Tablet TIM 05, 02",rewrite,9,1,written,,
2288,Q2063810,"Cuneiform Tablet ATU 6, pl. 063, W 15772,g",rewrite,10,1,written,,
537560,Q2063812,Cuneiform Artifact CDLI Seals 016851 (physical),rewrite,8,1,written,,
561300,Q2063814,Cuneiform Tablet BM 085176,rewrite,9,1,written,,
275578,Q2063816,Cuneiform Tablet N 0354,rewrite,11,1,written,,
392671,Q2063818,Cuneiform Tablet KTT 034,rewrite,10,1,written,,
210881,Q2063820,Cuneiform Tablet YBC 15071,rewrite,11,1,written,,
581154,Q2063824,Cuneiform Tablet BM 060724,rewrite,9,1,written,,
243919,Q2063826,"Cuneiform Tablet ARET 12, 0673",rewrite,10,1,written,,
297711,Q2063828,Cuneiform Tablet NBC 04692,rewrite,11,1,written,,
277545,Q2063830,Cuneiform Tablet NATN p. 59 catalogue,rewrite,10,1,written,,
419750,Q2063832,Cuneiform Tablet K 21471,rewrite,10,1,written,,
532298,Q2063836,"Cuneiform Tablet Mesopotamia 36, 098 HY 762/II",rewrite,10,1,written,,
418842,Q2063838,Cuneiform Tablet K 20421,rewrite,10,1,written,,
461598,Q2063840,Cuneiform Tablet CBS 02496.q,rewrite,7,1,written,,
296803,Q2063842,"Cuneiform Tablet YOS 13, 360",rewrite,10,2,written,,
498017,Q2063843,Cuneiform Artifact CDLI Seals 012086 (composite),rewrite,10,0,written,,
500613,Q2063845,Cuneiform Artifact CDLI Seals 012181 (composite),rewrite,10,0,written,,
405773,Q2063847,"Cuneiform Tablet ZA 073,114-120",rewrite,9,1,written,,
478243,Q2063849,Cuneiform Artifact CDLI Seals 011449 (physical),rewrite,9,1,written,,
240636,Q2063851,"Cuneiform Tablet ARET 10, 067",rewrite,10,1,written,,
216056,Q2063853,"Cuneiform Tablet OIP 053, 12",rewrite,10,1,written,,
556073,Q2063855,"Cuneiform Tablet AOAT 451, no. 200",rewrite,11,1,written,,
338266,Q2063857,"Cuneiform Artifact MSVO 2, ED seal no. 087",rewrite,10,1,written,,
393963,Q2063859,Cuneiform Tablet K 01670,rewrite,10,1,written,,
595547,Q2063861,Cuneiform Tablet BM 080745,rewrite,10,1,written,,
345756,Q2063863,Cuneiform Tablet BM 059903,rewrite,11,1,written,,
587983,Q2063866,Cuneiform Tablet BM 068915,rewrite,9,1,written,,
508223,Q2063868,Cuneiform Tablet Mustafa diss. 120,rewrite,10,1,written,,
330656,Q2063870,"Cuneiform Artifact AAICAB 1/4, TCICA 04",rewrite,10,1,written,,
523173,Q2063872,"Cuneiform Artifact RINBE 1/1, Nebuchadnezzar II 013 ex. 09",rewrite,10,0,written,,
575713,Q2063874,Cuneiform Tablet BM 050453,rewrite,9,1,written,,
248206,Q2063876,Cuneiform Tablet HMA 9-02479,rewrite,10,1,written,,
539987,Q2063878,Cuneiform Artifact CDLI Seals 019168 (physical),rewrite,7,1,written,,
600646,Q2063880,Cuneiform Tablet BM 099958,rewrite,10,1,written,,
283302,Q2063882,"Cuneiform Tablet MARV 7, 083",rewrite,11,1,written,,
426013,Q2063884,Cuneiform Tablet Sm 1608,rewrite,9,1,written,,
470673,Q2063886,Cuneiform Tablet PTS 2581,rewrite,10,1,written,,
559386,Q2063888,Cuneiform Tablet BM 029253,rewrite,11,1,written,,
337193,Q2063890,Cuneiform Tablet OIM A02621,rewrite,11,1,written,,
140663,Q2063892,"Cuneiform Tablet UTI 4, 2644",rewrite,11,1,written,,
592282,Q2063894,Cuneiform Tablet BM 073875,rewrite,9,1,written,,
254225,Q2063896,"Cuneiform Tablet ARM 01, 024 + M 05012",rewrite,11,1,written,,
568822,Q2063898,Cuneiform Tablet BM 043552,rewrite,8,1,written,,
569730,Q2063900,Cuneiform Tablet BM 044798,rewrite,8,1,written,,
351345,Q2063902,"Cuneiform Tablet ARM 14, 005",rewrite,11,1,written,,
447500,Q2063904,"Cuneiform Tablet KUB 58, 003",rewrite,10,1,written,,
307525,Q2063906,Cuneiform Tablet YBC 06493,rewrite,10,2,written,,
265981,Q2063908,Cuneiform Tablet CBS 10782,rewrite,10,1,written,,
542460,Q2063910,Cuneiform Artifact CDLI Seals 021606 (physical),rewrite,10,1,written,,
589564,Q2063912,Cuneiform Tablet BM 070541,rewrite,9,1,written,,
411360,Q2063914,"Cuneiform Tablet MSCT 17, 106",rewrite,9,1,written,,
601954,Q2063916,Cuneiform Tablet BM 110982,rewrite,11,1,written,,
8685,Q2063918,"Cuneiform Tablet MDP 17, 487",rewrite,10,1,written,,
547398,Q2063920,Cuneiform Artifact CDLI Seals 024826 (physical),rewrite,9,1,written,,
414498,Q2063922,"Cuneiform Tablet YOS 15, 077",rewrite,8,1,written,,
471961,Q2063924,"Cuneiform Tablet ARM 30, p. 416 M 06388",rewrite,11,1,written,,
538695,Q2063926,Cuneiform Artifact CDLI Seals 017870 (physical),rewrite,8,1,written,,
356480,Q2063928,"Cuneiform Tablet SLFN 80, 3N-T918,424",rewrite,10,1,written,,
353378,Q2063930,"Cuneiform Tablet ARM 23, 590",rewrite,11,1,written,,
378028,Q2063932,Cuneiform Tablet BM 086507,rewrite,10,1,written,,
305518,Q2063934,"Cuneiform Tablet YOS 12, 274",rewrite,10,2,written,,
469901,Q2063936,Cuneiform Tablet PTS 0290,rewrite,8,1,written,,
527999,Q2063938,"Cuneiform Tablet Akkadica Suppl. 10, 100",rewrite,11,1,written,,
574801,Q2063940,Cuneiform Tablet BM 070565,rewrite,7,1,written,,
425795,Q2063943,Cuneiform Tablet Sm 1185,rewrite,9,1,written,,
318280,Q2063945,Cuneiform Tablet BM 018698,rewrite,11,1,written,,
280484,Q2063947,Cuneiform Tablet N 6729,rewrite,8,1,written,,
329924,Q2063949,Cuneiform Tablet CUNES 48-06-316,rewrite,9,1,written,,
496459,Q2064550,"Cuneiform Tablet RA 022, 154",rewrite,10,1,written,,
233748,Q2142305,"Cuneiform Artifact RIME 3/1.01.07.037, ex. 0997",rewrite,11,1,written,,
593539,Q2142329,Cuneiform Tablet BM 076686,rewrite,9,1,written,,
349325,Q2142339,"Cuneiform Tablet AUWE 23, 332",rewrite,8,1,written,,
265128,Q2142345,"Cuneiform Tablet JNES 35, 264",rewrite,11,1,written,,
576095,Q2142367,Cuneiform Tablet BM 050969,rewrite,9,1,written,,
382221,Q2142403,Cuneiform Artifact RIMB 3.nn,rewrite,8,1,written,,
474630,Q2142417,Cuneiform Artifact CDLI Seals 007853 (physical),rewrite,9,1,written,,
571750,Q2142450,Cuneiform Tablet BM 048839,rewrite,8,1,written,,
591504,Q2142474,Cuneiform Tablet BM 072917,rewrite,9,1,written,,
422050,Q2142490,"Cuneiform Tablet CDLI Lexical 000076, ex. nn",rewrite,9,1,written,,
494464,Q2142498,Cuneiform Tablet P494464,rewrite,7,1,written,,
362075,Q2142517,"Cuneiform Tablet Nisaba 33, 1037",rewrite,11,1,written,,
267115,Q2142529,Cuneiform Tablet CBS 11982,rewrite,11,1,written,,
409300,Q2142533,"Cuneiform Tablet HSS 16, 298",rewrite,10,1,written,,
443543,Q2142534,"Cuneiform Tablet KBo 57, 135",rewrite,10,1,written,,
444286,Q2142581,"Cuneiform Tablet KUB 12, 061 + KUB 31, 118 + KUB 36, 037",rewrite,10,1,written,,
570842,Q2142640,Cuneiform Tablet BM 047195,rewrite,7,1,written,,
475922,Q2142650,Cuneiform Artifact CDLI Seals 009182 (physical),rewrite,9,1,written,,
546423,Q2142660,Cuneiform Artifact CDLI Seals 024062 (physical),rewrite,8,1,written,,
468613,Q2142681,Cuneiform Artifact CDLI Seals 012664 (physical),rewrite,9,1,written,,
355306,Q2142691,"Cuneiform Tablet ARM 28, 029",rewrite,11,1,written,,
424887,Q2142702,Cuneiform Tablet Rm 0947,rewrite,9,1,written,,
303566,Q2142705,Cuneiform Artifact NCBT 01519,rewrite,10,2,written,,
250266,Q2142713,Cuneiform Tablet AUAM 73.3193,rewrite,8,1,written,,
585117,Q2142717,Cuneiform Tablet BM 065441,rewrite,9,1,written,,
320206,Q2142724,Cuneiform Tablet BM 023004,rewrite,11,1,written,,
225366,Q2142745,"Cuneiform Artifact RIME 4.04.01.07, ex. 03",rewrite,11,1,written,,
258656,Q2142768,"Cuneiform Tablet PBS 08/2, 244",rewrite,11,1,written,,
533523,Q2142791,Cuneiform Artifact CDLI Seals 002811.2 (composite),rewrite,7,0,written,,
565343,Q2142797,"Cuneiform Tablet Wiseman, Iraq 30/2 (1968), p. 200-201, TR 2067",rewrite,10,0,written,,
451987,Q2142814,"Cuneiform Tablet BA 05, 644-645",rewrite,11,1,written,,
436443,Q2142825,"Cuneiform Tablet KBo 21, 047 + (?) KBo 23, 49 + KBo 24, 110 + KBo 38, 045",rewrite,10,1,written,,
396632,Q2142854,Cuneiform Tablet K 06557 + K 16900,rewrite,10,1,written,,
294097,Q2142863,"Cuneiform Tablet GCCI 1, 276",rewrite,10,1,written,,
505942,Q2142864,Cuneiform Tablet YBC 09850,rewrite,7,1,written,,
562486,Q2142869,Cuneiform Tablet BM 034006,rewrite,8,1,written,,
431386,Q2142926,Cuneiform Tablet SE 107,rewrite,6,1,written,,
340807,Q2142944,"Cuneiform Tablet BPOA 02, 2154",rewrite,11,1,written,,
460223,Q2142945,Cuneiform Tablet FLP 1727,rewrite,8,1,written,,
400822,Q2142947,"Cuneiform Tablet RINAP 5/2, Ashurbanipal 239 ex. 001",rewrite,11,1,written,,
245967,Q2142956,Cuneiform Tablet P245967,rewrite,10,1,written,,
579360,Q2142979,Cuneiform Tablet BM 055276,rewrite,9,1,written,,
3533,Q2142985,"Cuneiform Tablet W 20274,035",rewrite,10,1,written,,
341715,Q2142991,"Cuneiform Tablet ARM 09, 133",rewrite,11,1,written,,
239345,Q2143008,Cuneiform Tablet K 15288,rewrite,10,1,written,,
457150,Q2143035,Cuneiform Artifact CDLI Seals 004440 (composite),rewrite,10,0,written,,
244675,Q2143040,"Cuneiform Tablet ARET 12, 1373",rewrite,10,1,written,,
401730,Q2143064,"Cuneiform Tablet MC 25, 633",rewrite,10,1,written,,
552030,Q2143065,"Cuneiform Tablet CM 20, no. 026",rewrite,11,1,written,,
599134,Q2143079,Cuneiform Tablet BM 094297,rewrite,9,1,written,,
259944,Q2143081,Cuneiform Tablet CBS 03571,rewrite,9,1,written,,
397920,Q2143099,Cuneiform Tablet K 09117,rewrite,10,1,written,,
246648,Q2143102,Cuneiform Tablet P246648,rewrite,10,1,written,,
504650,Q2143109,Cuneiform Artifact CDLI Seals 013516 (physical),rewrite,9,1,written,,
368478,Q2143111,"Cuneiform Tablet TCL 32, 001",rewrite,9,1,written,,
210028,Q2143116,Cuneiform Tablet LB 2367,rewrite,11,1,written,,
339027,Q2143128,"Cuneiform Tablet BPOA 01, 0367",rewrite,11,1,written,,
557232,Q2143212,Cuneiform Tablet BM 033771,rewrite,9,1,written,,
566996,Q2143236,Cuneiform Tablet BM 041000,rewrite,10,1,written,,
452352,Q2143241,Cuneiform Tablet P452352,rewrite,10,1,written,,
315148,Q2143253,"Cuneiform Tablet CT 55, 755",rewrite,11,1,written,,
404532,Q2143292,Cuneiform Tablet K 19749,rewrite,10,1,written,,
344517,Q2143300,Cuneiform Tablet PRAK A 225,rewrite,8,1,written,,
312377,Q2143337,Cuneiform Tablet YBC 12433,rewrite,11,1,written,,
241477,Q2143376,Cuneiform Tablet P241477,rewrite,10,1,written,,
432953,Q2143393,Cuneiform Tablet DoCu 165,rewrite,7,1,written,,
455497,Q2143398,Cuneiform Artifact CDLI Seals 002787 (composite),rewrite,10,0,written,,
537833,Q2143445,Cuneiform Artifact CDLI Seals 017065 (physical),rewrite,8,1,written,,
368182,Q2143485,"Cuneiform Tablet BagM 13, 030, W 29248,25",rewrite,9,1,written,,
506397,Q2143491,Cuneiform Tablet EAH 00135,rewrite,7,1,written,,
296550,Q2143523,Cuneiform Tablet MLC 01908,rewrite,10,1,written,,
433641,Q2143537,Cuneiform Tablet 628,rewrite,10,1,written,,
393430,Q2143573,"Cuneiform Tablet HSS 09, 078",rewrite,10,1,written,,
418511,Q2143587,Cuneiform Tablet K 20011,rewrite,10,1,written,,
580315,Q2143627,Cuneiform Tablet BM 059280,rewrite,10,1,written,,
373664,Q2143643,"Cuneiform Tablet VS 28, 078",rewrite,10,1,written,,
560141,Q2143650,Cuneiform Artifact BM 015694,rewrite,9,1,written,,
518389,Q2143655,Cuneiform Tablet STUBM 094,rewrite,11,1,written,,
567684,Q2143679,Cuneiform Tablet BM 040265,rewrite,9,1,written,,
578988,Q2143733,Cuneiform Tablet BM 054761,rewrite,10,1,written,,
434184,Q2143738,"Cuneiform Tablet IBoT 02, 063",rewrite,10,1,written,,
291295,Q2143778,Cuneiform Tablet YBC 17020,rewrite,8,1,written,,
309491,Q2143790,Cuneiform Tablet YBC 08656,rewrite,10,1,written,,
582328,Q2143791,Cuneiform Tablet BM 062174,rewrite,9,1,written,,
327039,Q2143801,"Cuneiform Tablet CUSAS 37, 062",rewrite,9,1,written,,
274739,Q2143809,"Cuneiform Artifact BRM 3, 021a",rewrite,8,1,written,,
595814,Q2143812,Cuneiform Tablet BM 081284,rewrite,10,1,written,,
371659,Q2143894,"Cuneiform Tablet VS 04, 136",rewrite,8,1,written,,
441084,Q2143899,"Cuneiform Tablet KBo 45, 056",rewrite,10,1,written,,
304759,Q2143938,Cuneiform Tablet YBC 03319,rewrite,10,1,written,,
379269,Q2143965,Cuneiform Tablet BM 088170,rewrite,10,1,written,,
257059,Q2143995,Cuneiform Tablet UM 29-16-623,rewrite,11,1,written,,
350104,Q2144010,"Cuneiform Tablet ARM 10, 140",rewrite,11,1,written,,
352139,Q2144025,"Cuneiform Tablet ARM 21, 137",rewrite,11,1,written,,
568571,Q2144026,Cuneiform Tablet BM 049428,rewrite,11,1,written,,
306764,Q2144036,Cuneiform Tablet YBC 05715,rewrite,10,1,written,,
255064,Q2144047,"Cuneiform Tablet MCT 022, YBC 08595",rewrite,9,1,written,,
543621,Q2144099,Cuneiform Artifact LB 0930/8 (unpublished),rewrite,8,1,written,,
588725,Q2144109,Cuneiform Tablet BM 069556,rewrite,9,1,written,,
446741,Q2144116,"Cuneiform Tablet KUB 48, 125",rewrite,10,1,written,,
597829,Q2144117,Cuneiform Tablet BM 084022,rewrite,9,1,written,,
410121,Q2144128,Cuneiform Tablet CUNES 48-12-203,rewrite,9,1,written,,
420597,Q2144146,Cuneiform Tablet SMUI 1913.14.0215,rewrite,8,1,written,,
542933,Q2144147,Cuneiform Artifact CDLI Seals 022079 (physical),rewrite,8,1,written,,
447853,Q2144148,Cuneiform Tablet KuSa 1/1.30,rewrite,10,1,written,,
601407,Q2144150,Cuneiform Tablet BM 101505,rewrite,10,1,written,,
589837,Q2144163,Cuneiform Tablet BM 070859,rewrite,10,1,written,,
285686,Q2144175,"Cuneiform Artifact RIME 4.07.add02.01, ex. 01",rewrite,9,1,written,,
573297,Q2144215,Cuneiform Tablet NBDSPC no. 202,rewrite,11,1,written,,
234577,Q2144277,"Cuneiform Artifact RIME 3/1.01.07.072, ex. 01",rewrite,11,1,written,,
141422,Q2144278,"Cuneiform Tablet UTI 5, 3403",rewrite,11,1,written,,
307876,Q2144285,"Cuneiform Tablet YOS 07, 108",rewrite,11,1,written,,
594706,Q2144295,Cuneiform Tablet BM 079081,rewrite,10,1,written,,
202916,Q2144299,Cuneiform Tablet BM 024382,rewrite,11,1,written,,
509062,Q2144320,"Cuneiform Tablet BiMes 06, 072 TA 1930 T0493",rewrite,10,1,written,,
471432,Q2144324,Cuneiform Tablet PTS 3340,rewrite,9,1,written,,
522332,Q2144329,Cuneiform Artifact CDLI Seals 015334 (physical),rewrite,7,1,written,,
513896,Q2144341,"Cuneiform Tablet Shemshara 1, 011",rewrite,11,1,written,,
387023,Q2144356,"Cuneiform Tablet TCL 11, 208",rewrite,10,1,written,,
367277,Q2144367,"Cuneiform Tablet CT 57, 0135",rewrite,11,1,written,,
574552,Q2144381,Cuneiform Tablet BM 059250 + BM 059965,rewrite,8,1,written,,
352093,Q2144412,"Cuneiform Tablet ARM 21, 091",rewrite,11,1,written,,
399197,Q2144442,Cuneiform Tablet Zukunftsbewältigung 533,rewrite,11,1,written,,
408842,Q2144457,"Cuneiform Tablet HSS 14, 579",rewrite,10,1,written,,
597983,Q2144458,Cuneiform Tablet BM 084195,rewrite,10,1,written,,
468243,Q2144473,"Cuneiform Tablet UET 8/1, 0055",rewrite,8,1,written,,
443113,Q2144482,"Cuneiform Tablet KBo 53, 310",rewrite,10,1,written,,
415773,Q2144483,Cuneiform Tablet P415773,rewrite,9,1,written,,
383963,Q2144490,"Cuneiform Tablet OIP 092, 1277",rewrite,10,1,written,,
303136,Q2144522,Cuneiform Tablet NCBT 01083,rewrite,11,1,written,,
260280,Q2144539,Cuneiform Tablet CBS 03952,rewrite,10,1,written,,
414861,Q2144570,"Cuneiform Tablet UET 4, 0165",rewrite,10,1,written,,
546073,Q2144575,Cuneiform Artifact CDLI Seals 023744 (physical),rewrite,8,1,written,,
511901,Q2144593,Cuneiform Artifact CDLI Seals 013369 (physical),rewrite,11,1,written,,
333580,Q2144610,Cuneiform Tablet ILAJ III 34,rewrite,9,1,written,,
354844,Q2144627,"Cuneiform Tablet ARM 26/2, 287",rewrite,11,1,written,,
251924,Q2144645,"Cuneiform Tablet CUSAS 36, 090",rewrite,9,1,written,,
139740,Q2144679,"Cuneiform Tablet UTI 3, 1721",rewrite,11,1,written,,
596691,Q2144690,Cuneiform Tablet BM 083085,rewrite,9,1,written,,
496009,Q2144696,"Cuneiform Tablet MDP 09, 006",rewrite,11,1,written,,
265578,Q2144702,Cuneiform Tablet CBS 10354,rewrite,8,1,written,,
141588,Q2144715,"Cuneiform Tablet UTI 6, 3579",rewrite,11,1,written,,
593169,Q2144720,Cuneiform Tablet BM 076194,rewrite,10,1,written,,
233318,Q2144738,"Cuneiform Artifact RIME 3/1.01.07.037, ex. 0567",rewrite,11,1,written,,
200881,Q2144750,Cuneiform Tablet NBC 05753,rewrite,11,1,written,,
218048,Q2144752,Cuneiform Tablet P218048,rewrite,10,1,written,,
362425,Q2144758,"Cuneiform Tablet Nisaba 33, 631",rewrite,11,1,written,,
267545,Q2144771,"Cuneiform Tablet PBS 02/1, 037",rewrite,10,1,written,,
542899,Q2144778,Cuneiform Artifact CDLI Seals 022045 (physical),rewrite,9,1,written,,
591154,Q2144815,Cuneiform Tablet BM 072479,rewrite,9,1,written,,
382671,Q2144845,Cuneiform Artifact CDLI Seals 001403 (physical),rewrite,8,1,written,,
409750,Q2144877,Cuneiform Tablet CUNES 48-10-046,rewrite,7,1,written,,
494034,Q2144911,"Cuneiform Tablet Syria 58, 090 AO 24185",rewrite,10,1,written,,
571300,Q2144936,Cuneiform Tablet BM 048058,rewrite,8,1,written,,
349775,Q2146011,"Cuneiform Tablet AOAT 275, 604, BM 073028",rewrite,9,1,written,,
527560,Q2146020,Cuneiform Tablet BM 097331,rewrite,9,1,written,,
422400,Q2146027,Cuneiform Tablet BM 122614,rewrite,7,1,written,,
474260,Q2146029,Cuneiform Artifact CDLI Seals 007483 (physical),rewrite,9,1,written,,
471598,Q2146056,"Cuneiform Tablet Nisaba 34, 0359",rewrite,10,1,written,,
522298,Q2146061,Cuneiform Artifact CDLI Seals 015300 (physical),rewrite,5,1,written,,
356879,Q2146078,Cuneiform Tablet Ist Ni 09531,rewrite,10,1,written,,
401360,Q2146100,Cuneiform Tablet K 15441,rewrite,10,1,written,,
387189,Q2146141,"Cuneiform Tablet TCL 13, 124",rewrite,10,1,written,,
457500,Q2146147,Cuneiform Artifact CDLI Seals 004790 (composite),rewrite,10,0,written,,
504200,Q2146179,Cuneiform Tablet RS 94.2590,rewrite,9,0,written,,
599564,Q2146189,Cuneiform Tablet BM 095262 + BM 095328,rewrite,11,1,written,,
239715,Q2146194,Cuneiform Tablet K 19021,rewrite,10,1,written,,
552460,Q2146233,Cuneiform Tablet Cyr. 217,rewrite,11,1,written,,
579730,Q2146245,Cuneiform Tablet BM 058643,rewrite,9,1,written,,
317525,Q2146255,Cuneiform Tablet BM 016212,rewrite,11,1,written,,
244225,Q2146271,"Cuneiform Tablet ARET 12, 0940",rewrite,10,1,written,,
528695,Q2146288,Cuneiform Artifact CDLI Seals 015691 (physical),rewrite,7,1,written,,
341345,Q2146302,"Cuneiform Tablet ARM 07, 142",rewrite,11,1,written,,
224824,Q2146316,"Cuneiform Tablet TIM 07, 132",rewrite,10,1,written,,
404498,Q2146392,Cuneiform Tablet K 19713,rewrite,10,1,written,,
557398,Q2146414,Cuneiform Tablet BM 036130,rewrite,8,1,written,,
564801,Q2146432,Cuneiform Tablet BM 040036,rewrite,8,1,written,,
346480,Q2146469,"Cuneiform Tablet UET 6, 0441",rewrite,10,1,written,,
368028,Q2146518,"Cuneiform Tablet CT 57, 0889",rewrite,11,1,written,,
537999,Q2146521,Cuneiform Artifact CDLI Seals 017174 (physical),rewrite,8,1,written,,
565713,Q2146581,"Cuneiform Tablet OrNS 63/4 (1994) p. 305-344, L91-455A",rewrite,11,0,written,,
210478,Q2146584,"Cuneiform Tablet BPOA 06, 0701",rewrite,11,1,written,,
246218,Q2146599,Cuneiform Tablet P246218,rewrite,10,1,written,,
396262,Q2146633,"Cuneiform Tablet CT 28, pl. 16, K 12534",rewrite,11,1,written,,
460673,Q2146677,Cuneiform Tablet FLP 2286,rewrite,8,1,written,,
533173,Q2146704,Cuneiform Tablet PFa 02,rewrite,10,0,written,,
293302,Q2146708,Cuneiform Tablet NBC 11489,rewrite,10,1,written,,
436013,Q2146712,"Cuneiform Tablet KBo 18, 026",rewrite,10,1,written,,
585547,Q2146717,"Cuneiform Tablet Kaskal 6, 175 no. 13",rewrite,11,1,written,,
258206,Q2146772,Cuneiform Tablet CBS 00752,rewrite,9,1,written,,
320656,Q2146774,"Cuneiform Tablet Nisaba 08, 212",rewrite,11,1,written,,
480427,Q2146782,"Cuneiform Tablet StPohl SM 11, 04",rewrite,10,1,written,,
274693,Q2146809,"Cuneiform Tablet YOS 11, 02",rewrite,10,1,written,,
549386,Q2146822,Cuneiform Artifact CDLI Seals 026628 (physical),rewrite,7,1,written,,
529987,Q2146828,"Cuneiform Tablet PIHANS 117, 185",rewrite,11,1,written,,
238807,Q2146829,"Cuneiform Tablet RA 091, 065",rewrite,11,1,written,,
389894,Q2146845,Cuneiform Tablet LB 2278,rewrite,11,1,written,,
578822,Q2146869,Cuneiform Tablet BM 054247,rewrite,9,1,written,,
582282,Q2146885,Cuneiform Tablet BM 062118,rewrite,9,1,written,,
3163,Q2146892,Cuneiform Tablet IM 133666,rewrite,10,1,written,,
373234,Q2146906,"Cuneiform Tablet VS 20, 057",rewrite,9,1,written,,
325454,Q2146934,"Cuneiform Tablet CUSAS 01, 156",rewrite,8,1,written,,
580745,Q2146957,Cuneiform Tablet BM 059789,rewrite,11,1,written,,
433211,Q2146971,Cuneiform Tablet X.3.239 unpublished assigned,rewrite,7,1,written,,
560511,Q2147030,Cuneiform Tablet BM 017160,rewrite,9,1,written,,
296100,Q2147034,Cuneiform Tablet MLC 01344,rewrite,9,2,written,,
396798,Q2147061,"Cuneiform Tablet CT 38, pl. 48 K 06786 +",rewrite,10,1,written,,
533489,Q2147074,Cuneiform Artifact CDLI Seals 002738.1 (composite),rewrite,7,0,written,,
460389,Q2147082,Cuneiform Tablet FLP 1937,rewrite,8,1,written,,
311808,Q2147100,"Cuneiform Tablet YOS 16, YBC 11647",rewrite,11,1,written,,
556970,Q2147102,"Cuneiform Tablet ADART 4, p. 319, BM 036884",rewrite,8,1,written,,
322391,Q2147108,Cuneiform Tablet CUNES 47-12-174,rewrite,8,1,written,,
587080,Q2147121,Cuneiform Tablet BM 067805,rewrite,9,1,written,,
274369,Q2147144,"Cuneiform Tablet ITT 5, 10018",rewrite,11,1,written,,
271491,Q2147161,"Cuneiform Tablet Emar 6/1, p. 269, Msk 74106d",rewrite,9,1,written,,
216955,Q2147177,Cuneiform Artifact RTC 179,rewrite,11,1,written,,
371209,Q2147192,"Cuneiform Artifact VS 01, 046",rewrite,9,1,written,,
3499,Q2147201,"Cuneiform Tablet W 20274,001",rewrite,10,1,written,,
582778,Q2147203,Cuneiform Tablet BM 062691,rewrite,10,1,written,,
6361,Q2147211,"Cuneiform Tablet CUSAS 31, 084",rewrite,9,1,written,,
400988,Q2147228,"Cuneiform Tablet BAM 6, 569",rewrite,11,1,written,,
479452,Q2147232,"Cuneiform Tablet FM 02, 027",rewrite,11,1,written,,
312727,Q2147235,Cuneiform Tablet YBC 15478,rewrite,10,1,written,,
501002,Q2147244,"Cuneiform Tablet TCTI 3, 00492",rewrite,11,1,written,,
241027,Q2147253,"Cuneiform Tablet ARET 13, 21",rewrite,10,1,written,,
499606,Q2147335,"Cuneiform Tablet KAL 02, 066",rewrite,11,1,written,,
557662,Q2147336,Cuneiform Tablet BM 039144,rewrite,8,1,written,,
339477,Q2147343,"Cuneiform Tablet BPOA 01, 0821",rewrite,11,1,written,,
404162,Q2147377,Cuneiform Tablet K 19274,rewrite,10,1,written,,
452702,Q2147413,Cuneiform Tablet Shurpu 7 B,rewrite,11,2,written,,
581857,Q2147428,Cuneiform Tablet BM 061595,rewrite,10,1,written,,
210182,Q2147432,"Cuneiform Tablet BPOA 06, 0383",rewrite,11,1,written,,
593493,Q2147444,Cuneiform Tablet BM 076615,rewrite,9,1,written,,
558597,Q2147458,Cuneiform Tablet BM 047917,rewrite,8,1,written,,
141072,Q2147465,"Cuneiform Tablet UTI 5, 3053",rewrite,11,1,written,,
471062,Q2147483,Cuneiform Tablet PTS 2970,rewrite,10,1,written,,
427602,Q2147535,"Cuneiform Tablet MDP 57, 11",rewrite,7,1,written,,
249417,Q2147550,"Cuneiform Tablet AUCT 5, 152",rewrite,8,1,written,,
262747,Q2147571,"Cuneiform Tablet PBS 08/2, 163",rewrite,11,1,written,,
234127,Q2147578,"Cuneiform Artifact RIME 3/1.01.07.041, ex. 201",rewrite,11,1,written,,
574102,Q2147607,"Cuneiform Tablet OBO 260, no. 319",rewrite,10,1,written,,
601057,Q2147637,Cuneiform Tablet BM 101099,rewrite,10,1,written,,
491236,Q2147640,"Cuneiform Tablet É-dub-ba-a 01, 05",rewrite,11,1,written,,
509432,Q2147653,"Cuneiform Tablet MHET 1/1, 055",rewrite,11,1,written,,
367627,Q2147703,"Cuneiform Tablet CT 57, 0485",rewrite,11,1,written,,
263855,Q2147714,"Cuneiform Tablet PBS 10/4, 12",rewrite,11,1,written,,
366935,Q2147786,"Cuneiform Tablet CT 56, 620",rewrite,10,1,written,,
594356,Q2147832,Cuneiform Tablet BM 078449,rewrite,10,1,written,,
331047,Q2147842,"Cuneiform Artifact ITT 5, 09727",rewrite,11,1,written,,
204591,Q2147862,Cuneiform Tablet BM 028686,rewrite,11,1,written,,
539084,Q2147888,Cuneiform Artifact CDLI Seals 018262 (physical),rewrite,8,1,written,,
475888,Q2147895,Cuneiform Artifact CDLI Seals 009148 (physical),rewrite,9,1,written,,
304309,Q2147904,Cuneiform Tablet NCBT 02273,rewrite,11,1,written,,
352569,Q2147910,"Cuneiform Tablet ARM 22, 123",rewrite,11,1,written,,
523870,Q2147911,Cuneiform Tablet 3064.02 unpublished assigned,rewrite,10,1,written,,
379639,Q2147946,Cuneiform Tablet BM 088712,rewrite,10,1,written,,
588375,Q2148000,Cuneiform Tablet BM 069161,rewrite,9,1,written,,
543271,Q2148019,Cuneiform Artifact TA 1932 0740,rewrite,8,1,written,,
410571,Q2148027,Cuneiform Tablet CUNES 49-03-298,rewrite,7,1,written,,
446311,Q2148042,"Cuneiform Tablet KUB 43, 042",rewrite,10,1,written,,
9094,Q2148083,"Cuneiform Tablet MDP 26, 406",rewrite,10,1,written,,
255434,Q2148136,Cuneiform Tablet UM 29-13-484,rewrite,10,1,written,,
257409,Q2148137,"Cuneiform Artifact RIME 4.01.06.01, ex. 28",rewrite,11,1,written,,
337890,Q2148169,Cuneiform Tablet OIM A05349,rewrite,11,1,written,,
568121,Q2148178,Cuneiform Tablet BM 042189,rewrite,8,1,written,,
350554,Q2148191,"Cuneiform Tablet ARM 12, 111",rewrite,11,1,written,,
546589,Q2148195,Cuneiform Artifact CDLI Seals 024075 (physical),rewrite,6,1,written,,
364908,Q2148224,Cuneiform Tablet LBAT 0789,rewrite,10,1,written,,
242867,Q2148227,"Cuneiform Tablet ARET 03, 672",rewrite,10,1,written,,
203254,Q2148305,Cuneiform Tablet BM 028314,rewrite,11,1,written,,
565586,Q2148306,Cuneiform Tablet Ismail diss. no. 106,rewrite,11,0,written,,
4433,Q2148321,Cuneiform Tablet IM 134949,rewrite,10,1,written,,
407922,Q2148324,Cuneiform Tablet SM 1913.02.303,rewrite,10,1,written,,
258093,Q2148337,Cuneiform Tablet CBS 00639,rewrite,9,1,written,,
431543,Q2148357,"Cuneiform Artifact RIME 4.01.06.01, ex. 47",rewrite,9,1,written,,
436286,Q2148372,"Cuneiform Tablet KBo 19, 125",rewrite,10,1,written,,
294652,Q2148375,"Cuneiform Tablet GCCI 2, 383",rewrite,10,1,written,,
467323,Q2148382,"Cuneiform Artifact RIMA 2.0.087.001, ex. 13",rewrite,11,1,written,,
562243,Q2148394,Cuneiform Tablet BM 033345,rewrite,7,1,written,,
456887,Q2148397,Cuneiform Artifact CDLI Seals 004177 (composite),rewrite,10,0,written,,
502842,Q2148445,Cuneiform Artifact CDLI Seals 012469 (physical),rewrite,7,1,written,,
371566,Q2148477,"Cuneiform Tablet VS 04, 042",rewrite,8,1,written,,
582017,Q2148491,Cuneiform Tablet BM 061809,rewrite,10,1,written,,
549113,Q2148496,Cuneiform Artifact CDLI Seals 026471 (physical),rewrite,8,1,written,,
391732,Q2148505,Cuneiform Tablet OIM A05081,rewrite,10,1,written,,
312048,Q2148542,Cuneiform Tablet YBC 12084,rewrite,10,1,written,,
344628,Q2148570,Cuneiform Tablet PRAK A 336,rewrite,8,1,written,,
339318,Q2148606,"Cuneiform Tablet BPOA 01, 0662",rewrite,11,1,written,,
448899,Q2148609,"Cuneiform Tablet Nisaba 19, 209",rewrite,11,1,written,,
241748,Q2148619,"Cuneiform Tablet ARET 02, 39",rewrite,10,1,written,,
390820,Q2148640,"Cuneiform Tablet BPOA 06, 0225",rewrite,11,1,written,,
499169,Q2148663,Cuneiform Tablet Fs Leichty 460-461,rewrite,10,1,written,,
457795,Q2148701,Cuneiform Artifact CDLI Seals 005085 (composite),rewrite,10,0,written,,
239580,Q2148704,Cuneiform Tablet K 18639,rewrite,10,1,written,,
504095,Q2148714,Cuneiform Tablet RS 94.2373,rewrite,9,0,written,,
428298,Q2148731,"Cuneiform Artifact RIMA 1.0.076.031, ex. 06",rewrite,10,1,written,,
503750,Q2148754,"Cuneiform Tablet RS 19.0019,a",rewrite,9,0,written,,
295940,Q2148821,Cuneiform Tablet MLC 01168,rewrite,9,1,written,,
310075,Q2148824,Cuneiform Tablet YBC 09353,rewrite,11,1,written,,
406630,Q2148834,Cuneiform Tablet SM 1909.05.536,rewrite,11,1,written,,
268425,Q2148836,Cuneiform Tablet CBS 13346,rewrite,9,1,written,,
450050,Q2148860,Cuneiform Tablet CUNES 49-15-744,rewrite,9,1,written,,
555130,Q2148861,Cuneiform Artifact BM 089963,rewrite,10,1,written,,
528400,Q2148878,Cuneiform Tablet IM 092726,rewrite,9,1,written,,
243775,Q2148890,"Cuneiform Tablet ARET 12, 0535",rewrite,10,1,written,,
260015,Q2148904,"Cuneiform Tablet BE 14, 005",rewrite,9,1,written,,
601738,Q2148964,Cuneiform Tablet BM 101878,rewrite,10,1,written,,
493564,Q2148968,Cuneiform Tablet P493564,rewrite,7,1,written,,
458460,Q2148976,Cuneiform Artifact CDLI Seals 005750 (composite),rewrite,10,0,written,,
365175,Q2149006,"Cuneiform Tablet CT 08, pl. 12, Bu 1888-05-12, 220",rewrite,10,1,written,,
576650,Q2149010,Cuneiform Tablet BM 051593,rewrite,9,1,written,,
112685,Q2149019,"Cuneiform Tablet MCS 3, 85 BM 105453",rewrite,11,1,written,,
280241,Q2149056,Cuneiform Tablet N 6478,rewrite,8,1,written,,
425150,Q2149129,"Cuneiform Tablet Rm 2, 515",rewrite,9,1,written,,
385321,Q2149150,"Cuneiform Tablet OECT 10, 308",rewrite,8,1,written,,
318445,Q2149157,Cuneiform Artifact BM 018906,rewrite,11,1,written,,
594439,Q2149173,Cuneiform Tablet BM 078549,rewrite,10,1,written,,
249378,Q2149174,"Cuneiform Tablet AUCT 5, 191",rewrite,8,1,written,,
422695,Q2149188,"Cuneiform Artifact RINAP 5/1 Ashurbanipal 009, ex. 018",rewrite,11,1,written,,
367148,Q2149240,"Cuneiform Tablet CT 57, 0007",rewrite,11,1,written,,
571195,Q2149245,Cuneiform Tablet BM 047836,rewrite,8,1,written,,
399302,Q2149252,Cuneiform Tablet K 11447,rewrite,10,1,written,,
304466,Q2149253,Cuneiform Tablet YBC 01893,rewrite,10,1,written,,
439173,Q2149290,"Cuneiform Tablet KBo 37, 043",rewrite,10,1,written,,
423987,Q2149293,Cuneiform Tablet TEBA 70c,rewrite,10,1,written,,
541523,Q2149298,Cuneiform Artifact CDLI Seals 020685 (physical),rewrite,8,1,written,,
352206,Q2149316,"Cuneiform Tablet ARM 21, 204",rewrite,11,1,written,,
602817,Q2149363,Cuneiform Tablet Peek 11,rewrite,9,1,written,,
443386,Q2149372,"Cuneiform Tablet KBo 54, 278",rewrite,10,1,written,,
577942,Q2149392,Cuneiform Tablet BM 052993,rewrite,9,1,written,,
412223,Q2149395,"Cuneiform Tablet CTMMA 2, 050",rewrite,9,1,written,,
444443,Q2149424,"Cuneiform Tablet KUB 17, 028",rewrite,10,1,written,,
332807,Q2149498,"Cuneiform Artifact RIME 1.09.04.add22, ex. 01",rewrite,9,1,written,,
237967,Q2149502,Cuneiform Tablet ABL 0736,rewrite,11,1,written,,
510486,Q2149512,Cuneiform Tablet CHJ pl. 15 HE 140,rewrite,10,1,written,,
472822,Q2149519,Cuneiform Artifact CDLI Seals 006567 (physical),rewrite,9,1,written,,
439489,Q2149522,"Cuneiform Tablet KBo 38, 242",rewrite,10,1,written,,
122233,Q2149533,"Cuneiform Tablet NRVN 1, 021",rewrite,11,1,written,,
495849,Q2149560,Cuneiform Tablet Sb 12352,rewrite,7,1,written,,
441641,Q2149562,"Cuneiform Tablet KBo 47, 007",rewrite,10,1,written,,
417021,Q2149564,Cuneiform Tablet ROM 910x209.166,rewrite,10,1,written,,
590929,Q2149569,Cuneiform Tablet BM 072189,rewrite,8,1,written,,
279234,Q2149571,Cuneiform Tablet N 4375,rewrite,11,1,written,,
512141,Q2149583,Cuneiform Artifact CDLI Seals 013635 (physical),rewrite,9,1,written,,
283894,Q2149587,Cuneiform Tablet KUG 37,rewrite,11,1,written,,
252164,Q2149592,Cuneiform Tablet MS 3153,rewrite,7,1,written,,
544721,Q2149596,Cuneiform Artifact CDLI Seals 022372 (physical),rewrite,8,1,written,,
357004,Q2149629,Cuneiform Tablet Ist Ni 13202,rewrite,10,1,written,,
301664,Q2149656,Cuneiform Tablet NBC 10769,rewrite,11,1,written,,
539211,Q2149675,Cuneiform Artifact CDLI Seals 018389 (physical),rewrite,7,1,written,,
355039,Q2149682,"Cuneiform Tablet ARM 26/2, 482",rewrite,11,1,written,,
592914,Q2149705,Cuneiform Tablet BM 075427,rewrite,9,1,written,,
497874,Q2149757,Cuneiform Artifact CDLI Seals 013693 (composite),rewrite,10,0,written,,
559810,Q2149781,Cuneiform Tablet BM 026749,rewrite,11,1,written,,
250159,Q2149797,Cuneiform Tablet AUAM 73.3000,rewrite,7,1,written,,
9201,Q2149829,"Cuneiform Tablet MDP 26S, 4763",rewrite,10,1,written,,
446184,Q2149854,"Cuneiform Tablet KUB 42, 001",rewrite,10,1,written,,
573452,Q2149880,Cuneiform Tablet NBDSPC no. 46,rewrite,11,1,written,,
525232,Q2149895,Cuneiform Tablet Al-Mayali diss. no. 22,rewrite,10,1,written,,
380123,Q2149925,Cuneiform Tablet BM 095795,rewrite,10,1,written,,
558702,Q2149974,Cuneiform Tablet BM 048870,rewrite,8,1,written,,
476532,Q2149993,Cuneiform Artifact CDLI Seals 009791 (physical),rewrite,8,1,written,,
117487,Q2149998,"Cuneiform Artifact MVN 13, 714",rewrite,10,1,written,,
593606,Q2150005,Cuneiform Tablet BM 076775,rewrite,9,1,written,,
300976,Q2150010,Cuneiform Tablet NBC 09870,rewrite,10,1,written,,
233477,Q2150030,"Cuneiform Artifact RIME 3/1.01.07.037, ex. 0726",rewrite,11,1,written,,
265217,Q2150037,"Cuneiform Artifact RIME 1.14.20.01, ex. 79",rewrite,11,1,written,,
574397,Q2150046,Cuneiform Tablet BM 053851,rewrite,7,1,written,,
440953,Q2150063,"Cuneiform Tablet KBo 44, 178",rewrite,10,1,written,,
249682,Q2150115,Cuneiform Tablet P249682,rewrite,9,1,written,,
501297,Q2150172,"Cuneiform Tablet TCTI 3, 05122",rewrite,11,1,written,,
435853,Q2150209,"Cuneiform Tablet KBo 16, 031",rewrite,10,1,written,,
118772,Q2150234,"Cuneiform Tablet MVN 16, 0724",rewrite,11,1,written,,
496766,Q2150252,"Cuneiform Tablet FM 10, 089",rewrite,11,1,written,,
545833,Q2150260,Cuneiform Artifact CDLI Seals 023504 (physical),rewrite,7,1,written,,
133422,Q2150276,"Cuneiform Tablet TCTI 2, 04261",rewrite,11,1,written,,
499493,Q2150278,Cuneiform Tablet SM 1995.03.122 (cast),rewrite,10,1,written,,
452597,Q2150296,Cuneiform Tablet P452597,rewrite,10,1,written,,
270916,Q2150313,Cuneiform Tablet EA 155,rewrite,9,1,written,,
428762,Q2150328,Cuneiform Artifact N 2033,rewrite,8,1,written,,
210317,Q2150345,"Cuneiform Tablet BPOA 06, 0532",rewrite,11,1,written,,
375876,Q2150358,Cuneiform Tablet BM 116651,rewrite,10,1,written,,
246577,Q2150374,Cuneiform Tablet P246577,rewrite,10,1,written,,
403432,Q2150376,Cuneiform Tablet K 18188,rewrite,10,1,written,,
368747,Q2150414,Cuneiform Tablet TMN Ist Ni 03456,rewrite,10,1,written,,
923,Q2150452,Cuneiform Tablet P000923,rewrite,10,1,written,,
455252,Q2150458,Cuneiform Artifact CDLI Seals 002542 (composite),rewrite,10,0,written,,
506552,Q2150502,"Cuneiform Tablet Nisaba 34, 0236",rewrite,10,1,written,,
388513,Q2150503,"Cuneiform Tablet AASOR 16, 034",rewrite,9,1,written,,
320139,Q2150521,Cuneiform Tablet BM 022917,rewrite,11,1,written,,
561896,Q2150527,Cuneiform Tablet BM 032050,rewrite,9,1,written,,
480348,Q2150535,"Cuneiform Tablet SANTAG 4, 120",rewrite,9,1,written,,
273639,Q2150563,Cuneiform Tablet SA 170,rewrite,8,1,written,,
376759,Q2150573,Cuneiform Tablet BM 110866,rewrite,10,1,written,,
296395,Q2150583,"Cuneiform Tablet BRM 1, 085",rewrite,10,1,written,,
585228,Q2150605,Cuneiform Tablet BM 065583,rewrite,9,1,written,,
258569,Q2150608,Cuneiform Tablet CBS 01237,rewrite,9,1,written,,
560784,Q2150620,Cuneiform Tablet BM 022049,rewrite,9,1,written,,
369855,Q2150634,"Cuneiform Tablet MDP 27, 107",rewrite,10,1,written,,
1631,Q2150665,"Cuneiform Tablet ATU 5, pl. 113, W 9656,hi",rewrite,10,1,written,,
433084,Q2150672,Cuneiform Tablet DoCu 606,rewrite,7,1,written,,
271604,Q2150686,"Cuneiform Tablet Emar 6/1, p. 319, Msk 74124g",rewrite,9,1,written,,
374764,Q2150691,Cuneiform Tablet BM 094087,rewrite,11,1,written,,
449271,Q2150697,Cuneiform Tablet CUNES 55-12-004,rewrite,6,1,written,,
587215,Q2150702,Cuneiform Tablet BM 067962,rewrite,9,1,written,,
567041,Q2150804,Cuneiform Tablet BM 041152,rewrite,10,1,written,,
462121,Q2150817,Cuneiform Artifact CDLI Seals 012049 (composite),rewrite,9,0,written,,
394530,Q2150842,"Cuneiform Tablet AfO 18, 289 pl. 12",rewrite,10,1,written,,
291450,Q2150847,"Cuneiform Tablet BIN 01, 029",rewrite,11,1,written,,
312418,Q2150875,Cuneiform Tablet YBC 12477,rewrite,11,1,written,,
241318,Q2150886,Cuneiform Tablet P241318,rewrite,10,1,written,,
434741,Q2150926,"Cuneiform Tablet KBo 02, 24",rewrite,10,1,written,,
499539,Q2150979,"Cuneiform Artifact RIME 3/2.01.01.02, ex. add65",rewrite,9,1,written,,
339748,Q2150981,"Cuneiform Artifact BPOA 01, 1093",rewrite,11,1,written,,
530899,Q2151002,"Cuneiform Tablet OBO 250, 067-089 no. 3",rewrite,11,1,written,,
563901,Q2151012,Cuneiform Tablet BM 038575,rewrite,8,1,written,,
212280,Q2151031,"Cuneiform Artifact Hermitage 3, 532",rewrite,11,1,written,,
341580,Q2151047,"Cuneiform Tablet ARM 08, 101",rewrite,11,1,written,,
223924,Q2151049,Cuneiform Tablet OBTR 082,rewrite,11,1,written,,
889,Q2151050,Cuneiform Tablet P000889,rewrite,10,1,written,,
528050,Q2151085,"Cuneiform Tablet Chagar Bazar 3, 041",rewrite,11,1,written,,
403598,Q2151141,Cuneiform Tablet K 18380,rewrite,10,1,written,,
272881,Q2151206,Cuneiform Artifact CDLI Seals 001371 (physical),rewrite,9,1,written,,
555560,Q2151214,Cuneiform Tablet BM 083342,rewrite,11,1,written,,
450400,Q2151234,"Cuneiform Artifact RINAP 4 Esarhaddon 001, ex. 033",rewrite,11,1,written,,
406260,Q2151236,Cuneiform Tablet SM 1906.02.007,rewrite,10,1,written,,
503300,Q2151260,Cuneiform Tablet RS 15.0014,rewrite,9,0,written,,
243325,Q2151292,"Cuneiform Tablet ARET 12, 0147",rewrite,10,1,written,,
310425,Q2151315,Cuneiform Tablet YBC 09893,rewrite,7,1,written,,
222636,Q2151319,"Cuneiform Artifact RIME 1.09.09.14, ex. a",rewrite,11,1,written,,
320093,Q2151331,Cuneiform Tablet BM 022854,rewrite,11,1,written,,
582447,Q2151404,Cuneiform Tablet BM 062302,rewrite,9,1,written,,
549543,Q2151431,Cuneiform Artifact CDLI Seals 026785 (physical),rewrite,6,1,written,,
4063,Q2151483,Cuneiform Tablet IM 134553,rewrite,10,1,written,,
585382,Q2151486,Cuneiform Tablet BM 065785,rewrite,9,1,written,,
371136,Q2151492,"Cuneiform Tablet Umm el-Qaab 1, 140",rewrite,9,1,written,,
294202,Q2151548,"Cuneiform Tablet GCCI 1, 126",rewrite,10,1,written,,
467773,Q2151575,"Cuneiform Tablet CUSAS 26, 255",rewrite,11,1,written,,
534073,Q2151593,Cuneiform Artifact CDLI Seals 005470.1 (composite),rewrite,7,0,written,,
391362,Q2151601,"Cuneiform Tablet OIP 122, 085",rewrite,9,1,written,,
562613,Q2151605,Cuneiform Tablet BM 034441,rewrite,8,1,written,,
541173,Q2151629,Cuneiform Artifact CDLI Seals 020276 (physical),rewrite,9,1,written,,
399752,Q2151634,Cuneiform Tablet K 12312,rewrite,10,1,written,,
352656,Q2151649,"Cuneiform Tablet ARM 22, 210 + 214",rewrite,7,1,written,,
444013,Q2151717,"Cuneiform Tablet KUB 07, 031",rewrite,10,1,written,,
412673,Q2151732,Cuneiform Tablet BM 113707,rewrite,10,1,written,,
379506,Q2151753,Cuneiform Tablet BM 088497,rewrite,10,1,written,,
439523,Q2151763,"Cuneiform Tablet KBo 38, 281",rewrite,10,1,written,,
468486,Q2151764,"Cuneiform Tablet AMD 1, 247 Fig. 12",rewrite,8,1,written,,
206693,Q2151770,Cuneiform Tablet BM 023720,rewrite,11,1,written,,
355193,Q2151773,"Cuneiform Tablet ARM 27, 090",rewrite,11,1,written,,
590883,Q2151826,Cuneiform Tablet BM 072099,rewrite,8,1,written,,
281903,Q2151827,"Cuneiform Tablet VS 19, 46",rewrite,9,1,written,,
476498,Q2151833,Cuneiform Artifact CDLI Seals 009757 (physical),rewrite,8,1,written,,
525398,Q2151849,"Cuneiform Tablet SAAB 26, 16-18 no. 13",rewrite,11,1,written,,
351979,Q2151850,"Cuneiform Tablet ARM 19, 440",rewrite,11,1,written,,
254819,Q2151857,"Cuneiform Tablet MDP 34, 12",rewrite,11,1,written,,
601368,Q2151862,Cuneiform Tablet BM 101455,rewrite,10,1,written,,
385771,Q2151869,"Cuneiform Tablet OECT 13, 242",rewrite,9,1,written,,
520460,Q2151871,Cuneiform Tablet KTU3 4.105,rewrite,10,1,written,,
493134,Q2151886,Cuneiform Tablet P493134,rewrite,7,1,written,,
425500,Q2151899,Cuneiform Tablet Sm 0604,rewrite,9,1,written,,
576200,Q2151961,Cuneiform Tablet BM 051088,rewrite,9,1,written,,
473360,Q2151977,Cuneiform Artifact CDLI Seals 007105 (physical),rewrite,9,1,written,,
260445,Q2151978,Cuneiform Tablet CBS 04130,rewrite,9,1,written,,
207981,Q2152011,Cuneiform Tablet BM 028132,rewrite,11,1,written,,
333345,Q2152025,Cuneiform Artifact CDLI Seals 001384 (physical),rewrite,8,1,written,,
596054,Q2152029,Cuneiform Tablet BM 081647,rewrite,10,1,written,,
458030,Q2152063,Cuneiform Artifact CDLI Seals 005320 (composite),rewrite,10,0,written,,
365525,Q2152077,"Cuneiform Tablet CT 22, pl. 11, 048",rewrite,10,1,written,,
234218,Q2152086,"Cuneiform Artifact RIME 3/1.01.07.041, ex. 292",rewrite,11,1,written,,
545999,Q2152088,Cuneiform Artifact CDLI Seals 023670 (physical),rewrite,8,1,written,,
249728,Q2152097,Cuneiform Tablet P249728,rewrite,9,1,written,,
591791,Q2152127,Cuneiform Tablet BM 073264,rewrite,9,1,written,,
594069,Q2152132,Cuneiform Tablet BM 077762,rewrite,10,1,written,,
367518,Q2152173,"Cuneiform Tablet CT 57, 0376",rewrite,11,1,written,,
262478,Q2152179,Cuneiform Tablet CBS 07477,rewrite,9,1,written,,
267380,Q2152181,Cuneiform Tablet CBS 12778,rewrite,11,1,written,,
353944,Q2152190,"Cuneiform Tablet ARM 25, 205",rewrite,11,1,written,,
409195,Q2152193,"Cuneiform Tablet HSS 16, 156",rewrite,10,1,written,,
593256,Q2152214,Cuneiform Tablet BM 076308,rewrite,9,1,written,,
558352,Q2152215,Cuneiform Tablet BM 045726,rewrite,9,1,written,,
233027,Q2152231,"Cuneiform Artifact RIME 3/1.01.07.037, ex. 0276",rewrite,11,1,written,,
398840,Q2152237,Cuneiform Tablet K 10703,rewrite,10,1,written,,
573002,Q2152249,Cuneiform Tablet BM 050051,rewrite,11,1,written,,
380573,Q2152252,Cuneiform Tablet BM 096811,rewrite,10,1,written,,
525662,Q2152275,"Cuneiform Tablet FM 16/2, 052",rewrite,11,1,written,,
538953,Q2152276,Cuneiform Artifact CDLI Seals 018131 (physical),rewrite,7,1,written,,
601692,Q2152277,Cuneiform Tablet BM 101828,rewrite,10,1,written,,
278976,Q2152316,"Cuneiform Tablet AuOr 33, 097-098 6",rewrite,10,1,written,,
262182,Q2152355,Cuneiform Tablet CBS 07147,rewrite,11,1,written,,
476162,Q2152384,Cuneiform Artifact CDLI Seals 009421 (physical),rewrite,8,1,written,,
8943,Q2152391,"Cuneiform Tablet MDP 26, 255",rewrite,10,1,written,,
420702,Q2152412,Cuneiform Tablet SMUI 1913.14.0322,rewrite,7,1,written,,
110712,Q2152521,"Cuneiform Tablet ITT 2, 00842",rewrite,11,1,written,,
541489,Q2152524,Cuneiform Artifact CDLI Seals 020651 (physical),rewrite,8,1,written,,
285413,Q2152545,"Cuneiform Tablet BAM 4, 333",rewrite,10,1,written,,
266968,Q2152553,Cuneiform Tablet CBS 11831,rewrite,11,1,written,,
594593,Q2152555,Cuneiform Tablet BM 078879,rewrite,10,1,written,,
252534,Q2152583,"Cuneiform Tablet MSCT 16, 035",rewrite,9,1,written,,
299430,Q2152596,Cuneiform Tablet NBC 07975,rewrite,11,1,written,,
363808,Q2152670,Cuneiform Tablet LBAT 0044 + 0045,rewrite,10,1,written,,
111800,Q2152676,"Cuneiform Tablet JAOS 033, 175 08",rewrite,11,1,written,,
204354,Q2152681,Cuneiform Tablet BM 025759,rewrite,11,1,written,,
412389,Q2152691,"Cuneiform Tablet CTMMA 3, 111",rewrite,10,1,written,,
539641,Q2152753,Cuneiform Artifact CDLI Seals 018761 (physical),rewrite,6,1,written,,
301234,Q2152795,Cuneiform Tablet NBC 10263,rewrite,10,1,written,,
441211,Q2152797,"Cuneiform Tablet KBo 45, 185",rewrite,10,1,written,,
330990,Q2152801,Cuneiform Tablet IM 061675,rewrite,11,1,written,,
279664,Q2152803,Cuneiform Tablet N 5372,rewrite,9,1,written,,
544371,Q2152812,Cuneiform Tablet LB 5159 (unpublished),rewrite,11,1,written,,
250509,Q2152870,Cuneiform Tablet MS 1813/3,rewrite,8,1,written,,
303209,Q2152871,Cuneiform Tablet NCBT 01156,rewrite,11,1,written,,
472988,Q2152915,Cuneiform Artifact CDLI Seals 006733 (physical),rewrite,10,1,written,,
350391,Q2152920,"Cuneiform Tablet ARM 11, 248",rewrite,11,1,written,,
421810,Q2152941,"Cuneiform Artifact RINAP 5/1 Ashurbanipal 009, ex. 069",rewrite,10,1,written,,
600980,Q2152962,Cuneiform Tablet BM 101016,rewrite,10,1,written,,
203491,Q2152971,Cuneiform Tablet BM 027653,rewrite,11,1,written,,
264955,Q2152980,"Cuneiform Artifact RIME 1.14.20.01, ex. 34",rewrite,11,1,written,,
524970,Q2152992,"Cuneiform Tablet IrAnt 45, 225-257 no. 25",rewrite,9,1,written,,
376309,Q2153000,Cuneiform Tablet BM 111077,rewrite,10,1,written,,
258139,Q2153012,Cuneiform Tablet CBS 00685,rewrite,9,1,written,,
361835,Q2153013,"Cuneiform Tablet Nisaba 33, 802",rewrite,11,1,written,,
585678,Q2153080,Cuneiform Tablet BM 066107,rewrite,9,1,written,,
407888,Q2153090,Cuneiform Tablet SM 1913.02.272,rewrite,10,1,written,,
320569,Q2153113,"Cuneiform Tablet Nisaba 08, 150",rewrite,11,1,written,,
314935,Q2153121,"Cuneiform Tablet CT 55, 542",rewrite,10,1,written,,
4599,Q2153127,"Cuneiform Tablet ATU 7, pl. 089, W 22118,0",rewrite,9,1,written,,
225409,Q2153130,"Cuneiform Artifact RIME 4.04.01.04, ex. 037",rewrite,10,1,written,,
1261,Q2153160,"Cuneiform Tablet ATU 5, pl. 063, W 9579,n",rewrite,10,1,written,,
418784,Q2153161,Cuneiform Tablet K 20350,rewrite,10,1,written,,
580180,Q2153200,Cuneiform Tablet BM 059121,rewrite,10,1,written,,
325291,Q2153208,"Cuneiform Tablet CUSAS 08, 034",rewrite,9,1,written,,
213868,Q2153216,"Cuneiform Tablet ITT 1, 01461",rewrite,10,1,written,,
551870,Q2153232,Cuneiform Tablet Dar. 36,rewrite,10,1,written,,
454910,Q2153246,Cuneiform Artifact CDLI Seals 002200 (composite),rewrite,10,0,written,,
598949,Q2153257,Cuneiform Tablet BM 093310,rewrite,7,1,written,,
394160,Q2153264,"Cuneiform Tablet RA 013, 190-191",rewrite,10,1,written,,
567411,Q2153286,"Cuneiform Artifact Cuneiform in Canaan, Beer Sheva 01",rewrite,8,0,written,,
467289,Q2153291,"Cuneiform Artifact RIMA 1.0.086.008, ex. 03",rewrite,10,1,written,,
391698,Q2153324,"Cuneiform Artifact RIME 4.04.01.03, ex. add203",rewrite,10,1,written,,
531271,Q2153362,Cuneiform Tablet Textes Scolaires 025,rewrite,9,1,written,,
587645,Q2153371,Cuneiform Tablet BM 068518,rewrite,10,1,written,,
449621,Q2153376,Cuneiform Tablet CUNES 49-15-753,rewrite,9,1,written,,
374334,Q2153379,Cuneiform Tablet BM 093385,rewrite,11,1,written,,
462571,Q2153386,Cuneiform Tablet CST 366,rewrite,10,1,written,,
434311,Q2153409,"Cuneiform Tablet IBoT 03, 073",rewrite,10,1,written,,
309604,Q2153435,Cuneiform Tablet YBC 08771,rewrite,10,2,written,,
271254,Q2153439,"Cuneiform Tablet Emar 6/1, p. 024, Msk 7223",rewrite,9,1,written,,
586957,Q2153475,Cuneiform Tablet BM 067672,rewrite,9,1,written,,
133072,Q2153486,"Cuneiform Tablet TCTI 2, 03876",rewrite,11,1,written,,
308916,Q2153503,"Cuneiform Tablet YOS 14, 136",rewrite,10,1,written,,
479297,Q2153529,"Cuneiform Artifact BRM 4, 56",rewrite,8,1,written,,
344782,Q2153579,Cuneiform Tablet PRAK A 477,rewrite,8,1,written,,
345890,Q2153580,"Cuneiform Tablet BBVOT 03, 29",rewrite,10,1,written,,
403062,Q2153604,Cuneiform Tablet K 17763,rewrite,10,1,written,,
455602,Q2153613,Cuneiform Artifact CDLI Seals 002892 (composite),rewrite,10,0,written,,
550762,Q2153657,Cuneiform Tablet Nbk. 015,rewrite,11,1,written,,
506102,Q2153660,Cuneiform Tablet RBC 02725,rewrite,6,1,written,,
428332,Q2153662,"Cuneiform Artifact RIMA 2.0.101.125, ex. 03",rewrite,11,1,written,,
246127,Q2153716,Cuneiform Tablet P246127,rewrite,10,1,written,,
388143,Q2153762,"Cuneiform Artifact RIME 3/1.01.06.04, ex. add477",rewrite,9,1,written,,
368317,Q2153785,"Cuneiform Tablet MDP 12, p. 77 fig. 38",rewrite,8,1,written,,
548702,Q2153804,Cuneiform Artifact CDLI Seals 026087 (physical),rewrite,9,1,written,,
210747,Q2153823,Cuneiform Tablet YBC 14911,rewrite,11,1,written,,
315627,Q2153829,Cuneiform Tablet BM 012751,rewrite,10,1,written,,
583606,Q2153886,Cuneiform Tablet BM 063485,rewrite,9,1,written,,
419896,Q2153887,Cuneiform Tablet K 21638,rewrite,10,1,written,,
326517,Q2153901,"Cuneiform Tablet CUSAS 30, 360",rewrite,9,1,written,,
295043,Q2153910,"Cuneiform Tablet YOS 13, 104",rewrite,9,1,written,,
430352,Q2153916,Cuneiform Artifact CDLI Seals 000254 (composite),rewrite,10,0,written,,
504996,Q2153919,Cuneiform Tablet YBC 13756,rewrite,7,1,written,,
563452,Q2153937,Cuneiform Tablet BM 037745,rewrite,8,1,written,,
535232,Q2153971,Cuneiform Artifact P535232,rewrite,10,1,written,,
466532,Q2153996,"Cuneiform Artifact RIMA 1.0.078.x1008, ex. 01",rewrite,10,1,written,,
564397,Q2153999,Cuneiform Tablet BM 039416,rewrite,10,1,written,,
437497,Q2154018,"Cuneiform Tablet KBo 28, 036",rewrite,10,1,written,,
259682,Q2154022,"Cuneiform Tablet BE 15, 174",rewrite,10,1,written,,
555833,Q2154036,"Cuneiform Tablet AOAT 451, no. 167",rewrite,10,1,written,,
292786,Q2154110,Cuneiform Tablet NBC 05317,rewrite,10,2,written,,
5222,Q2154112,"Cuneiform Tablet MSVO 1, 155",rewrite,10,1,written,,
310976,Q2154124,Cuneiform Tablet YBC 10690,rewrite,10,1,written,,
580929,Q2154144,Cuneiform Tablet BM 059998,rewrite,10,1,written,,
529211,Q2154147,Cuneiform Artifact CDLI Seals 016363 (physical),rewrite,7,2,written,,
347004,Q2154173,"Cuneiform Tablet UET 7, 0039",rewrite,11,1,written,,
242164,Q2154186,"Cuneiform Tablet ARET 12, 0466 + unp. frag.",rewrite,10,1,written,,
214704,Q2154192,"Cuneiform Tablet ITT 2, 05904",rewrite,10,1,written,,
311664,Q2154203,Cuneiform Tablet YBC 11495,rewrite,11,1,written,,
554721,Q2154207,Cuneiform Tablet Camb. 403,rewrite,9,1,written,,
502141,Q2154250,"Cuneiform Tablet TCTI 3, 06407",rewrite,11,1,written,,
269234,Q2154265,"Cuneiform Artifact PBS 14, 0550",rewrite,10,1,written,,
258990,Q2154269,Cuneiform Tablet CBS 01658,rewrite,9,1,written,,
240159,Q2154287,Cuneiform Tablet Geers Heft D p. 016 (Rm.0381),rewrite,10,1,written,,
345039,Q2154291,Cuneiform Tablet PRAK D 024,rewrite,9,1,written,,
505684,Q2154309,Cuneiform Tablet YBC 15793,rewrite,7,1,written,,
119499,Q2154320,"Cuneiform Tablet MVN 16, 1451",rewrite,11,1,written,,
238391,Q2154323,Cuneiform Tablet Geers Heft B p. 021a (K.05328),rewrite,11,1,written,,
582914,Q2154327,Cuneiform Tablet BM 062844,rewrite,9,1,written,,
595228,Q2154340,Cuneiform Tablet BM 079772,rewrite,9,1,written,,
248569,Q2154344,Cuneiform Tablet HMA unident07,rewrite,7,1,written,,
549810,Q2154385,Cuneiform Artifact Ashm 1939-0332 (047.1),rewrite,9,1,written,,
366759,Q2154397,"Cuneiform Tablet CT 56, 444",rewrite,11,1,written,,
456184,Q2154424,Cuneiform Artifact CDLI Seals 003474 (composite),rewrite,10,0,written,,
490348,Q2154450,"Cuneiform Tablet BagM 19, 521 034",rewrite,11,1,written,,
415323,Q2142556,"Cuneiform Tablet UET 5, 0446",rewrite,10,1,written,,
263639,Q2154451,Cuneiform Tablet CBS 08817,rewrite,10,1,written,,
439870,Q2154460,"Cuneiform Tablet KBo 40, 097",rewrite,10,1,written,,
602114,Q2154487,Cuneiform Tablet BM 114040,rewrite,11,1,written,,
286395,Q2154514,Cuneiform Tablet NBC 10243,rewrite,10,1,written,,
384530,Q2154534,"Cuneiform Tablet OIP 092, 1844",rewrite,10,1,written,,
577041,Q2154537,Cuneiform Tablet BM 052011,rewrite,9,1,written,,
600129,Q2154551,Cuneiform Tablet BM 096648,rewrite,9,1,written,,
319254,Q2154592,Cuneiform Tablet BM 019894,rewrite,11,1,written,,
424741,Q2154603,"Cuneiform Tablet MC 24, no. 76",rewrite,9,1,written,,
570784,Q2154606,Cuneiform Tablet BM 047093,rewrite,8,1,written,,
472121,Q2154617,"Cuneiform Tablet ARM 30, p. 542 M 05508a",rewrite,11,1,written,,
597215,Q2154631,Cuneiform Tablet BM 083684,rewrite,10,1,written,,
459271,Q2154640,Cuneiform Tablet PTS 0035,rewrite,8,1,written,,
237064,Q2154653,Cuneiform Tablet K 21069,rewrite,11,1,written,,
261604,Q2154663,"Cuneiform Tablet BE 09, 056",rewrite,10,1,written,,
364764,Q2154664,Cuneiform Tablet LBAT 0618,rewrite,10,1,written,,
281450,Q2154684,Cuneiform Tablet N 7726,rewrite,8,1,written,,
260916,Q2154706,Cuneiform Artifact CBS 04625,rewrite,11,1,written,,
492375,Q2154720,"Cuneiform Tablet BBVOT 01, 046",rewrite,9,1,written,,
520933,Q2154723,Cuneiform Tablet KTU3 4.213,rewrite,10,1,written,,
445252,Q2154737,"Cuneiform Tablet KUB 31, 140",rewrite,10,1,written,,
442597,Q2154811,"Cuneiform Tablet KBo 50, 071",rewrite,10,1,written,,
425853,Q2154813,Cuneiform Tablet Sm 1299,rewrite,9,1,written,,
413432,Q2154837,Cuneiform Tablet BM 103583,rewrite,11,1,written,,
571896,Q2154850,Cuneiform Tablet BM 049088,rewrite,8,1,written,,
108772,Q2154851,Cuneiform Tablet CTNMC 41,rewrite,11,1,written,,
540332,Q2154852,Cuneiform Artifact CDLI Seals 019513 (physical),rewrite,9,1,written,,
378747,Q2154853,Cuneiform Tablet BM 087513,rewrite,10,1,written,,
353417,Q2154854,"Cuneiform Tablet ARM 24, 002",rewrite,11,1,written,,
438762,Q2154855,"Cuneiform Tablet KBo 34, 230",rewrite,10,1,written,,
305277,Q2154856,Cuneiform Tablet YBC 03965,rewrite,11,1,written,,
398513,Q2154857,Cuneiform Tablet K 10142,rewrite,10,1,written,,
354628,Q2154858,"Cuneiform Tablet ARM 26/1, 071",rewrite,11,1,written,,
207128,Q2154859,Cuneiform Tablet BM 026976,rewrite,11,1,written,,
329318,Q2154860,Cuneiform Tablet CUNES 52-10-131,rewrite,6,1,written,,
302048,Q2154899,Cuneiform Tablet NBC 11594,rewrite,11,1,written,,
380820,Q2154907,Cuneiform Tablet BM 107066,rewrite,10,1,written,,
447795,Q2154922,"Cuneiform Tablet KUB 60, 134",rewrite,10,1,written,,
356615,Q2154946,Cuneiform Tablet P356615,rewrite,7,1,written,,
538400,Q2154952,Cuneiform Artifact CDLI Seals 017575 (physical),rewrite,8,1,written,,
514095,Q2154958,"Cuneiform Tablet Shemshara 2, 108",rewrite,11,1,written,,
126620,Q2154993,"Cuneiform Tablet PDT 2, 1298",rewrite,11,1,written,,
300075,Q2154994,Cuneiform Tablet NBC 08737,rewrite,10,2,written,,
438298,Q2155007,"Cuneiform Tablet KBo 32, 111",rewrite,10,1,written,,
545130,Q2155018,Cuneiform Artifact CDLI Seals 022778 (physical),rewrite,7,1,written,,
440050,Q2155043,"Cuneiform Tablet KBo 40, 294",rewrite,10,1,written,,
513750,Q2155082,Cuneiform Tablet P513750,rewrite,10,1,written,,
248093,Q2155120,"Cuneiform Tablet UCP 10-01, 069",rewrite,11,1,written,,
575586,Q2155124,Cuneiform Tablet BM 050306,rewrite,9,1,written,,
417922,Q2155139,"Cuneiform Tablet HSS 15, 206",rewrite,10,1,written,,
278425,Q2155164,Cuneiform Tablet N 3389,rewrite,10,1,written,,
416630,Q2155170,"Cuneiform Tablet HSS 14, 160",rewrite,9,1,written,,
426286,Q2155176,"Cuneiform Tablet RINAP 5/2, Ashurbanipal 107 ex. 001",rewrite,11,1,written,,
299963,Q2155207,"Cuneiform Tablet YOS 14, 017",rewrite,11,1,written,,
497177,Q2155213,"Cuneiform Tablet MARI 05, 085-86 no. 28",rewrite,11,1,written,,
232266,Q2156203,"Cuneiform Artifact RIME 3/1.01.06.09, ex. 01",rewrite,11,1,written,,
337306,Q2156204,Cuneiform Tablet OIM A02749,rewrite,11,1,written,,
592017,Q2156224,Cuneiform Tablet BM 073566,rewrite,9,1,written,,
421543,Q2156234,Cuneiform Tablet CDCPP 024,rewrite,8,1,written,,
559113,Q2156235,Cuneiform Tablet BM 026674,rewrite,11,1,written,,
264406,Q2156240,Cuneiform Artifact CBS 06994,rewrite,9,1,written,,
477323,Q2156245,Cuneiform Artifact CDLI Seals 010582 (physical),rewrite,7,1,written,,
361566,Q2156259,"Cuneiform Tablet OAA 1, 156",rewrite,10,1,written,,
524423,Q2156276,"Cuneiform Tablet MDP 24, 361",rewrite,11,1,written,,
572243,Q2156323,"Cuneiform Tablet ISIMU 23, 93",rewrite,10,1,written,,
551523,Q2156333,"Cuneiform Tablet ADART 7, 5",rewrite,8,1,written,,
454443,Q2156352,Cuneiform Artifact CDLI Seals 001733 (composite),rewrite,10,0,written,,
433987,Q2156367,Cuneiform Tablet HKM 094,rewrite,10,1,written,,
446887,Q2156368,"Cuneiform Tablet KUB 50, 069",rewrite,10,1,written,,
507343,Q2156405,"Cuneiform Tablet Nisaba 34, 1006",rewrite,10,1,written,,
247366,Q2156429,Cuneiform Tablet P247366,rewrite,10,1,written,,
402223,Q2156479,Cuneiform Tablet K 16780,rewrite,10,1,written,,
389302,Q2156502,"Cuneiform Tablet Urkunden, p.26 P132",rewrite,9,1,written,,
314466,Q2156507,"Cuneiform Tablet CT 55, 075",rewrite,11,1,written,,
132233,Q2156593,"Cuneiform Tablet TCTI 2, 02622",rewrite,11,1,written,,
567942,Q2156602,Cuneiform Tablet BM 041727,rewrite,9,1,written,,
119163,Q2156606,"Cuneiform Tablet MVN 16, 1115",rewrite,11,1,written,,
435150,Q2156607,"Cuneiform Tablet KBo 09, 138",rewrite,10,1,written,,
239979,Q2156644,Cuneiform Tablet K 20646,rewrite,11,1,written,,
308445,Q2156693,"Cuneiform Tablet YOS 06, 066",rewrite,11,1,written,,
530030,Q2156711,Cuneiform Tablet Vincente diss. no. 007,rewrite,11,1,written,,
566650,Q2156731,"Cuneiform Artifact Cuneiform in Canaan, Megiddo 03",rewrite,8,0,written,,
226675,Q2156741,"Cuneiform Artifact RIME 3/2.01.03.15, ex. 09",rewrite,11,1,written,,
395321,Q2156742,Cuneiform Tablet K 03942,rewrite,10,1,written,,
586404,Q2156746,Cuneiform Tablet BM 066984,rewrite,10,1,written,,
270015,Q2156824,"Cuneiform Artifact RIME 4.02.08.04, ex. 02",rewrite,11,1,written,,
481559,Q2156837,"Cuneiform Tablet MHET 2/2, 298",rewrite,10,1,written,,
375175,Q2156872,Cuneiform Tablet BM 095065,rewrite,11,1,written,,
259378,Q2156874,"Cuneiform Tablet BE 14, 042",rewrite,11,1,written,,
584439,Q2156882,Cuneiform Tablet BM 064587,rewrite,9,1,written,,
272028,Q2156933,"Cuneiform Tablet Emar 6/2, p. 591 and Emar 6/2, p. 636, Msk 74281",rewrite,9,1,written,,
377148,Q2156975,Cuneiform Tablet BM 111375,rewrite,10,1,written,,
432695,Q2157000,"Cuneiform Artifact RIME 3/1.01.06.04, ex. add461",rewrite,10,1,written,,
561195,Q2157037,Cuneiform Tablet BM 029159,rewrite,10,1,written,,
402389,Q2157054,Cuneiform Tablet K 16994,rewrite,10,1,written,,
373808,Q2157070,"Cuneiform Tablet RA 017, 143 (K 04578)",rewrite,10,1,written,,
297584,Q2157077,Cuneiform Tablet NBC 04565,rewrite,11,1,written,,
551489,Q2157089,"Cuneiform Tablet ADART 6, 149",rewrite,8,1,written,,
407471,Q2157097,"Cuneiform Tablet HSS 68, 506",rewrite,11,1,written,,
554371,Q2157105,Cuneiform Tablet Cyr. 344,rewrite,10,1,written,,
289430,Q2157125,Cuneiform Tablet NBC 10817,rewrite,11,1,written,,
320990,Q2157139,"Cuneiform Tablet Nisaba 08, 356",rewrite,11,1,written,,
242534,Q2157178,"Cuneiform Tablet ARET 03, 342",rewrite,10,1,written,,
311234,Q2157202,Cuneiform Tablet YBC 10950,rewrite,10,2,written,,
4960,Q2157230,"Cuneiform Tablet BagM 22, 154, W 24217,a",rewrite,10,1,written,,
338159,Q2157258,"Cuneiform Artifact MSVO 2, ED seal no. 012n",rewrite,10,1,written,,
240509,Q2157261,"Cuneiform Tablet ARET 09, 037",rewrite,10,1,written,,
498328,Q2157331,Cuneiform Tablet YBC 13871,rewrite,11,1,written,,
347454,Q2157341,"Cuneiform Tablet OECT 15, 111",rewrite,10,1,written,,
340391,Q2157345,"Cuneiform Tablet BPOA 01, 1736",rewrite,11,1,written,,
371835,Q2157353,"Cuneiform Tablet VS 05, 101",rewrite,8,1,written,,
313209,Q2157355,Cuneiform Tablet ARN 091,rewrite,10,1,written,,
345469,Q2157374,"Cuneiform Tablet CT 15, pl. 37, K 08199",rewrite,9,1,written,,
208377,Q2157392,Cuneiform Tablet BM 027728,rewrite,11,1,written,,
563002,Q2157393,Cuneiform Tablet BM 036374,rewrite,7,1,written,,
430702,Q2157403,Cuneiform Tablet New MCT Ch. 7,rewrite,10,1,written,,
466162,Q2157414,"Cuneiform Artifact RIMA 1.0.076.044, ex. 14",rewrite,11,1,written,,
583256,Q2157423,Cuneiform Tablet BM 063103,rewrite,9,1,written,,
548352,Q2157428,Cuneiform Artifact CDLI Seals 025737 (physical),rewrite,8,1,written,,
295413,Q2157469,Cuneiform Tablet MLC 00619,rewrite,9,1,written,,
528953,Q2157531,Cuneiform Artifact CDLI Seals 015696 (physical),rewrite,7,1,written,,
223027,Q2157545,"Cuneiform Tablet TIM 02, 066",rewrite,10,1,written,,
5672,Q2157580,"Cuneiform Tablet UET 2, 0097",rewrite,11,1,written,,
584593,Q2157602,Cuneiform Tablet BM 064770,rewrite,10,1,written,,
272182,Q2157624,"Cuneiform Tablet Emar 6/1, p. 187, Msk 7446",rewrite,9,1,written,,
493837,Q2157630,Cuneiform Tablet P493837,rewrite,7,1,written,,
354782,Q2157658,"Cuneiform Tablet ARM 26/1, 225",rewrite,11,1,written,,
458933,Q2157685,Cuneiform Artifact CDLI Seals 006195 (composite),rewrite,9,0,written,,
256127,Q2157703,Cuneiform Tablet MUN 368,rewrite,11,1,written,,
469297,Q2157713,"Cuneiform Tablet ZA 076, 275",rewrite,7,1,written,,
200747,Q2157716,Cuneiform Tablet Calendars 197-198,rewrite,11,1,written,,
438332,Q2157769,"Cuneiform Tablet KBo 32, 147",rewrite,10,1,written,,
353047,Q2157776,"Cuneiform Tablet ARM 23, 259",rewrite,11,1,written,,
445602,Q2157797,"Cuneiform Tablet KUB 35, 086",rewrite,10,1,written,,
398143,Q2157806,Cuneiform Tablet K 09482 + K 13772,rewrite,10,1,written,,
305627,Q2157822,Cuneiform Tablet YBC 04381,rewrite,10,1,written,,
413062,Q2157826,Cuneiform Tablet BM 102320,rewrite,11,1,written,,
596957,Q2157850,Cuneiform Tablet BM 083383,rewrite,10,1,written,,
540762,Q2157876,Cuneiform Artifact CDLI Seals 019886 (physical),rewrite,9,1,written,,
366309,Q2157886,"Cuneiform Tablet CT 48, 113",rewrite,10,1,written,,
248139,Q2157894,"Cuneiform Tablet UCP 10-01, 027",rewrite,10,1,written,,
378317,Q2157898,Cuneiform Tablet BM 086843,rewrite,10,1,written,,
595678,Q2157909,Cuneiform Tablet BM 081059,rewrite,10,1,written,,
541870,Q2157913,Cuneiform Artifact CDLI Seals 021032 (physical),rewrite,7,0,written,,
417888,Q2157929,"Cuneiform Tablet HSS 15, 129",rewrite,10,1,written,,
444910,Q2158002,"Cuneiform Tablet KUB 26, 082",rewrite,10,1,written,,
408784,Q2158011,"Cuneiform Tablet HSS 14, 255",rewrite,10,1,written,,
266591,Q2158021,Cuneiform Tablet CBS 11449,rewrite,10,1,written,,
304935,Q2158028,"Cuneiform Tablet YOS 06, 035",rewrite,11,1,written,,
590180,Q2158036,Cuneiform Tablet BM 071241,rewrite,10,1,written,,
142561,Q2158047,"Cuneiform Tablet ZA 053, 090 26",rewrite,11,1,written,,
602544,Q2158077,Cuneiform Tablet BM 132238,rewrite,9,1,written,,
600579,Q2158080,Cuneiform Tablet BM 099878,rewrite,10,1,written,,
477289,Q2158084,Cuneiform Artifact CDLI Seals 010548 (physical),rewrite,7,1,written,,
588949,Q2158115,Cuneiform Tablet BM 069814,rewrite,10,1,written,,
306908,Q2158118,"Cuneiform Tablet ZA 106, 152-153 03",rewrite,11,2,written,,
364334,Q2158150,Cuneiform Tablet LBAT 1589,rewrite,10,1,written,,
332554,Q2158171,"Cuneiform Tablet RA 079, 018 36 catalogue",rewrite,9,1,written,,
524589,Q2158183,"Cuneiform Tablet MDP 28, 506",rewrite,11,1,written,,
203868,Q2158186,Cuneiform Tablet BM 024978,rewrite,11,1,written,,
459621,Q2158191,Cuneiform Tablet FLP 0676,rewrite,9,1,written,,
577411,Q2158211,Cuneiform Tablet BM 052412,rewrite,9,1,written,,
597645,Q2158250,"Cuneiform Tablet Pihans 135, 210",rewrite,9,0,written,,
355890,Q2158281,"Cuneiform Tablet RA 066, 141, BM 097877",rewrite,10,1,written,,
261254,Q2158301,Cuneiform Artifact CDLI Seals 000668 (physical),rewrite,7,1,written,,
237434,Q2158322,Cuneiform Tablet P237434,rewrite,11,1,written,,
521271,Q2158333,Cuneiform Tablet KTU3 2.107,rewrite,10,1,written,,
319604,Q2158337,Cuneiform Tablet BM 021696,rewrite,11,1,written,,
384160,Q2158343,"Cuneiform Tablet OIP 092, 1474",rewrite,10,1,written,,
492725,Q2158366,Cuneiform Tablet P492725,rewrite,11,1,written,,
263793,Q2158377,Cuneiform Artifact CDLI Seals 000853 (physical),rewrite,7,1,written,,
595382,Q2158386,Cuneiform Tablet BM 080013,rewrite,10,1,written,,
600083,Q2158391,Cuneiform Tablet BM 096538,rewrite,10,1,written,,
330093,Q2158441,Cuneiform Tablet CUNES 48-06-456,rewrite,7,1,written,,
477773,Q2158443,Cuneiform Artifact CDLI Seals 011032 (physical),rewrite,8,1,written,,
424311,Q2158464,Cuneiform Tablet FHG 11,rewrite,9,1,written,,
421113,Q2158466,Cuneiform Tablet SMUI 1913.14.1101,rewrite,9,1,written,,
524073,Q2158506,Cuneiform Tablet BM 097161,rewrite,11,1,written,,
232636,Q2158551,"Cuneiform Artifact RIME 3/1.01.07.031, ex. 052",rewrite,11,1,written,,
381362,Q2158558,Cuneiform Tablet BM 085525,rewrite,11,1,written,,
572613,Q2158565,Cuneiform Tablet Jakob-Rost FuB 10 no.9,rewrite,9,1,written,,
559543,Q2158582,Cuneiform Tablet BM 029612,rewrite,11,1,written,,
592447,Q2158595,Cuneiform Tablet BM 074078,rewrite,9,1,written,,
329748,Q2158599,Cuneiform Tablet CUNES 48-08-051,rewrite,8,1,written,,
337756,Q2158607,Cuneiform Tablet OIM A04926,rewrite,11,1,written,,
354278,Q2158618,"Cuneiform Tablet ARM 25, 539",rewrite,11,1,written,,
520899,Q2158626,Cuneiform Tablet KTU3 4.180,rewrite,10,1,written,,
302418,Q2158641,Cuneiform Tablet NCBT 00365,rewrite,11,1,written,,
233924,Q2158683,"Cuneiform Artifact RIME 3/1.01.07.039, ex. 02",rewrite,11,1,written,,
126270,Q2158707,"Cuneiform Tablet PDT 2, 0910",rewrite,11,1,written,,
351580,Q2158762,"Cuneiform Tablet ARM 19, 041",rewrite,11,1,written,,
251318,Q2158764,"Cuneiform Tablet CUSAS 09, 167",rewrite,8,1,written,,
231919,Q2158793,"Cuneiform Artifact RIME 3/1.01.06.04, ex. 102",rewrite,11,1,written,,
573901,Q2158804,"Cuneiform Tablet OBO 260, no. 534",rewrite,11,1,written,,
476861,Q2158849,Cuneiform Artifact CDLI Seals 010120 (physical),rewrite,8,1,written,,
8040,Q2158853,"Cuneiform Tablet MDP 06, 243",rewrite,10,1,written,,
413598,Q2158890,Cuneiform Tablet BM 103750,rewrite,9,1,written,,
540298,Q2158909,Cuneiform Artifact CDLI Seals 019479 (physical),rewrite,7,1,written,,
538050,Q2158931,Cuneiform Artifact CDLI Seals 017225 (physical),rewrite,8,1,written,,
513300,Q2158938,Cuneiform Artifact TA 1930 T049,rewrite,9,1,written,,
545560,Q2158941,Cuneiform Artifact CDLI Seals 023189 (physical),rewrite,7,1,written,,
416260,Q2158942,Cuneiform Tablet CULC 352,rewrite,7,1,written,,
440400,Q2158944,"Cuneiform Tablet KBo 42, 060",rewrite,10,1,written,,
298221,Q2158953,Cuneiform Tablet NBC 05708,rewrite,11,1,written,,
244819,Q2158966,Cuneiform Tablet P244819,rewrite,10,1,written,,
466498,Q2158968,"Cuneiform Artifact RIMA 1.0.078.038, ex. 23",rewrite,11,1,written,,
226225,Q2158970,"Cuneiform Artifact RIME 3/2.01.01.11, ex. 075",rewrite,11,1,written,,
375525,Q2158986,Cuneiform Tablet BM 106547,rewrite,11,1,written,,
217981,Q2159038,Cuneiform Tablet StLouis 069,rewrite,10,1,written,,
435500,Q2159050,"Cuneiform Tablet KBo 13, 099 Bo 4658",rewrite,10,1,written,,
566200,Q2159058,Cuneiform Tablet BM 037869,rewrite,9,1,written,,
586054,Q2159061,Cuneiform Tablet BM 066525,rewrite,10,1,written,,
5388,Q2159074,"Cuneiform Tablet MSVO 3, 77",rewrite,10,1,written,,
481109,Q2159085,"Cuneiform Tablet AOAT 025, 048 W 2-07",rewrite,10,1,written,,
395771,Q2159094,Cuneiform Tablet K 04890,rewrite,10,1,written,,
272478,Q2159107,"Cuneiform Tablet AuOrS 01, 009",rewrite,9,1,written,,
530460,Q2159210,Cuneiform Artifact CDLI Seals 014782 (physical),rewrite,6,1,written,,
259728,Q2159219,Cuneiform Tablet CBS 03354,rewrite,9,1,written,,
555999,Q2159230,"Cuneiform Tablet AOAT 451, no. 231",rewrite,10,1,written,,
224218,Q2159244,"Cuneiform Tablet OIP 114, 056",rewrite,11,1,written,,
403961,Q2159255,Cuneiform Tablet K 18916,rewrite,10,1,written,,
377518,Q2159276,Cuneiform Tablet BM 112552,rewrite,10,1,written,,
584069,Q2159294,Cuneiform Tablet BM 064041,rewrite,11,1,written,,
506801,Q2159298,"Cuneiform Tablet Nisaba 34, 0611",rewrite,10,1,written,,
246824,Q2159319,Cuneiform Tablet P246824,rewrite,10,1,written,,
343944,Q2159320,Cuneiform Tablet PRAK B 127,rewrite,11,1,written,,
581791,Q2159331,Cuneiform Tablet BM 061511,rewrite,9,1,written,,
419195,Q2159333,Cuneiform Tablet K 20819,rewrite,10,1,written,,
211156,Q2159373,Cuneiform Tablet YBC 15483,rewrite,10,1,written,,
389752,Q2159393,"Cuneiform Tablet TLB 04, 034",rewrite,10,1,written,,
507713,Q2159402,Cuneiform Tablet BM 092733,rewrite,9,1,written,,
580883,Q2159429,Cuneiform Tablet BM 059941,rewrite,10,1,written,,
369506,Q2159436,Cuneiform Tablet OBTI 076,rewrite,11,1,written,,
247736,Q2159449,"Cuneiform Artifact RIME 1.14.17.01, ex. 11",rewrite,11,1,written,,
402673,Q2159455,Cuneiform Tablet K 17322,rewrite,10,1,written,,
394863,Q2159458,Cuneiform Tablet K 03196 + K 03344,rewrite,10,1,written,,
119533,Q2159471,"Cuneiform Tablet MVN 16, 1485",rewrite,11,1,written,,
551173,Q2159499,"Cuneiform Tablet TMH 02-3, 012",rewrite,10,1,written,,
478486,Q2159516,Cuneiform Artifact CDLI Seals 011692 (physical),rewrite,9,1,written,,
132663,Q2159528,"Cuneiform Tablet TCTI 2, 03431",rewrite,11,1,written,,
513615,Q2159553,"Cuneiform Tablet TMH NF 5, 75",rewrite,11,1,written,,
409879,Q2159566,Cuneiform Tablet CUNES 48-11-077,rewrite,7,1,written,,
545075,Q2159568,Cuneiform Artifact CDLI Seals 022723 (physical),rewrite,8,1,written,,
382958,Q2159598,"Cuneiform Tablet OIP 092, 0272",rewrite,11,1,written,,
300130,Q2159629,Cuneiform Tablet NBC 08792,rewrite,10,1,written,,
440115,Q2159632,"Cuneiform Tablet KBo 40, 365",rewrite,10,1,written,,
416775,Q2159633,"Cuneiform Tablet MARV 7, 034",rewrite,11,1,written,,
538545,Q2159656,Cuneiform Artifact CDLI Seals 017720 (physical),rewrite,9,1,written,,
594985,Q2159673,Cuneiform Tablet BM 079440,rewrite,10,1,written,,
511628,Q2159720,Cuneiform Artifact CDLI Seals 013150 (physical),rewrite,11,1,written,,
139869,Q2159744,"Cuneiform Tablet UTI 3, 1850",rewrite,11,1,written,,
547048,Q2159833,Cuneiform Artifact CDLI Seals 024476 (physical),rewrite,6,1,written,,
414748,Q2159852,"Cuneiform Tablet UET 4, 0052",rewrite,9,1,written,,
469278,Q2159863,Cuneiform Tablet BM 061547,rewrite,9,1,written,,
442128,Q2159866,"Cuneiform Tablet KBo 48, 187",rewrite,10,1,written,,
285805,Q2159932,"Cuneiform Tablet CT 45, 119",rewrite,10,1,written,,
253630,Q2159937,Cuneiform Tablet MS 4533/11,rewrite,7,1,written,,
380965,Q2159947,Cuneiform Tablet BM 109216,rewrite,10,1,written,,
477266,Q2159971,Cuneiform Artifact CDLI Seals 010525 (physical),rewrite,7,1,written,,
8555,Q2159973,"Cuneiform Tablet MDP 17, 357",rewrite,10,1,written,,
351095,Q2160060,"Cuneiform Tablet ARM 12, 652",rewrite,11,1,written,,
524566,Q2160069,"Cuneiform Tablet MDP 28, 482",rewrite,11,1,written,,
202795,Q2160073,Cuneiform Tablet BM 023735,rewrite,11,1,written,,
421406,Q2160078,Cuneiform Tablet CDCPP 094,rewrite,8,1,written,,
232323,Q2160101,"Cuneiform Artifact RIME 3/1.01.07.003, ex. 10",rewrite,11,1,written,,
559056,Q2160108,Cuneiform Tablet BM 026599,rewrite,11,1,written,,
572306,Q2160118,Cuneiform Tablet BM 043381,rewrite,9,1,written,,
497032,Q2160120,"Cuneiform Tablet MARI 03, p. 089 no. 039",rewrite,11,1,written,,
600596,Q2160123,Cuneiform Tablet BM 099896,rewrite,10,1,written,,
592152,Q2160125,Cuneiform Tablet BM 073724,rewrite,9,1,written,,
252922,Q2160143,Cuneiform Tablet MS 3862,rewrite,8,1,written,,
337243,Q2160188,Cuneiform Tablet OIM A02677,rewrite,11,1,written,,
512907,Q2160238,Cuneiform Tablet BM 023264,rewrite,9,1,written,,
595697,Q2160251,Cuneiform Tablet BM 081097,rewrite,10,1,written,,
417867,Q2160277,"Cuneiform Tablet HSS 15, 088",rewrite,10,1,written,,
263286,Q2160281,Cuneiform Tablet CBS 08479,rewrite,10,1,written,,
567807,Q2160313,Cuneiform Tablet BM 040452,rewrite,9,1,written,,
216386,Q2160331,"Cuneiform Tablet RA 024, 043",rewrite,8,1,written,,
119026,Q2160346,"Cuneiform Tablet MVN 16, 0978",rewrite,11,1,written,,
345486,Q2160354,"Cuneiform Tablet CT 15, pl. 50, DT 001",rewrite,11,1,written,,
132376,Q2160356,"Cuneiform Tablet TCTI 2, 02777",rewrite,11,1,written,,
478193,Q2160375,Cuneiform Artifact CDLI Seals 011399 (physical),rewrite,9,1,written,,
276987,Q2160400,Cuneiform Tablet N 1872,rewrite,11,1,written,,
314523,Q2160412,"Cuneiform Tablet CT 55, 132",rewrite,10,1,written,,
369013,Q2160415,Cuneiform Tablet KAR 029,rewrite,11,1,written,,
389247,Q2160417,"Cuneiform Tablet TLB 04, 078",rewrite,10,1,written,,
507206,Q2160427,"Cuneiform Tablet Nisaba 34, 1159",rewrite,10,1,written,,
247223,Q2160471,Cuneiform Tablet P247223,rewrite,10,1,written,,
551466,Q2160485,"Cuneiform Tablet ADART 6, 98",rewrite,9,1,written,,
402366,Q2160486,Cuneiform Tablet K 16970,rewrite,10,1,written,,
454506,Q2160489,Cuneiform Artifact CDLI Seals 001796 (composite),rewrite,10,0,written,,
564728,Q2160509,Cuneiform Tablet BM 039953,rewrite,8,1,written,,
532148,Q2160512,"Cuneiform Tablet BagM 27, 397 262",rewrite,11,1,written,,
437028,Q2160548,"Cuneiform Tablet KBo 25, 140",rewrite,10,1,written,,
397259,Q2160570,Cuneiform Tablet K 07727,rewrite,10,1,written,,
581284,Q2160589,Cuneiform Tablet BM 060928,rewrite,11,1,written,,
208398,Q2160593,Cuneiform Tablet BM 024551,rewrite,11,1,written,,
268999,Q2160597,Cuneiform Tablet CBS 13417,rewrite,7,1,written,,
277695,Q2160599,Cuneiform Tablet N 2614,rewrite,11,1,written,,
419480,Q2160628,Cuneiform Tablet K 21170,rewrite,10,1,written,,
579819,Q2160636,Cuneiform Tablet BM 058736,rewrite,10,1,written,,
105005,Q2160638,"Cuneiform Tablet BBVO 11, 265, 5N-T081",rewrite,11,1,written,,
2158,Q2160639,Cuneiform Tablet P002158,rewrite,10,1,written,,
226730,Q2160669,"Cuneiform Artifact RIME 3/2.01.03.15, ex. 14",rewrite,11,1,written,,
586541,Q2160725,Cuneiform Tablet BM 067150,rewrite,9,1,written,,
375030,Q2160747,Cuneiform Tablet BM 094799,rewrite,11,1,written,,
270150,Q2160761,Cuneiform Artifact CBS 16562,rewrite,9,1,written,,
308500,Q2160763,"Cuneiform Tablet YOS 07, 040",rewrite,11,1,written,,
435015,Q2160833,"Cuneiform Tablet KBo 08, 140",rewrite,10,1,written,,
566715,Q2160873,Cuneiform Tablet BM 040514,rewrite,10,1,written,,
395264,Q2160882,"Cuneiform Tablet CT 41, pl. 23-24, K 03844 +",rewrite,11,1,written,,
530175,Q2160890,Cuneiform Tablet Vincente diss. no. 155,rewrite,11,1,written,,
5367,Q2160928,"Cuneiform Tablet MSVO 3, 56",rewrite,10,1,written,,
584086,Q2160942,Cuneiform Tablet ABC no. 35,rewrite,12,1,written,,
310833,Q2160946,Cuneiform Tablet YBC 10546,rewrite,10,1,written,,
272497,Q2160976,"Cuneiform Tablet AuOrS 01, 034",rewrite,9,1,written,,
555976,Q2161029,"Cuneiform Tablet AOAT 451, no. 109",rewrite,10,1,written,,
563517,Q2161031,Cuneiform Tablet BM 037850,rewrite,7,1,written,,
390066,Q2161046,Cuneiform Tablet LB 2518,rewrite,10,1,written,,
466477,Q2161061,"Cuneiform Artifact RIMA 1.0.078.036, ex. 01",rewrite,11,1,written,,
430217,Q2161072,Cuneiform Artifact CDLI Seals 000118 (composite),rewrite,10,0,written,,
208662,Q2161101,"Cuneiform Tablet Nisaba 09, 088",rewrite,11,1,written,,
370232,Q2161107,"Cuneiform Tablet MDP 18, 203",rewrite,11,1,written,,
326452,Q2161111,"Cuneiform Tablet CUSAS 30, 263",rewrite,9,1,written,,
583743,Q2161133,Cuneiform Tablet BM 063637,rewrite,9,1,written,,
275352,Q2161221,Cuneiform Tablet N 0082,rewrite,10,1,written,,
548647,Q2161236,Cuneiform Artifact CDLI Seals 026032 (physical),rewrite,9,1,written,,
295106,Q2161240,Cuneiform Tablet MLC 00300,rewrite,9,1,written,,
478469,Q2161268,Cuneiform Artifact CDLI Seals 011675 (physical),rewrite,9,1,written,,
340684,Q2161271,"Cuneiform Tablet BPOA 02, 2031",rewrite,11,1,written,,
556659,Q2161285,Cuneiform Tablet BM 042205,rewrite,8,1,written,,
500039,Q2161333,Cuneiform Tablet P500039,rewrite,11,1,written,,
209970,Q2161365,Cuneiform Tablet OIM A02566,rewrite,11,1,written,,
549955,Q2161366,Cuneiform Artifact Ashm 1931-0158,rewrite,9,1,written,,
582851,Q2161376,Cuneiform Tablet BM 062776,rewrite,10,1,written,,
502004,Q2161380,"Cuneiform Tablet TCTI 3, 06253",rewrite,11,1,written,,
214641,Q2161382,"Cuneiform Tablet ITT 2, 05833",rewrite,10,1,written,,
407164,Q2161406,"Cuneiform Tablet HSS 68, 264",rewrite,11,1,written,,
311721,Q2161407,Cuneiform Tablet YBC 11553,rewrite,11,1,written,,
242021,Q2161411,Cuneiform Tablet P242021,rewrite,10,1,written,,
529354,Q2161430,Cuneiform Artifact CDLI Seals 016640 (physical),rewrite,6,1,written,,
554664,Q2161472,Cuneiform Tablet Camb. 345,rewrite,10,1,written,,
347141,Q2161521,"Cuneiform Tablet VS 24, 022",rewrite,8,1,written,,
364621,Q2161535,Cuneiform Tablet LBAT 0449,rewrite,11,1,written,,
140049,Q2161567,"Cuneiform Tablet UTI 3, 2030",rewrite,11,1,written,,
468890,Q2161615,"Cuneiform Tablet Nisaba 34, 0168",rewrite,10,1,written,,
492230,Q2161624,Cuneiform Tablet P492230,rewrite,7,1,written,,
319311,Q2161627,Cuneiform Tablet BM 019977,rewrite,11,1,written,,
577104,Q2161648,Cuneiform Tablet BM 052075,rewrite,8,1,written,,
459334,Q2161659,Cuneiform Tablet PTS 0096,rewrite,8,1,written,,
261741,Q2161758,Cuneiform Tablet CBS 05548,rewrite,7,1,written,,
597350,Q2161813,Cuneiform Tablet BM 083836,rewrite,10,1,written,,
237121,Q2161824,"Cuneiform Tablet CT 30, pl. 10, 1882-03-23, 098",rewrite,11,1,written,,
384475,Q2161870,"Cuneiform Tablet OIP 092, 1789",rewrite,10,1,written,,
472064,Q2161871,"Cuneiform Tablet ARM 30, p. 480 M 11892 + M 12499bis",rewrite,11,1,written,,
575139,Q2161875,Cuneiform Tablet BM 074226,rewrite,8,1,written,,
523759,Q2161880,"Cuneiform Tablet BiOr 73, 591-592",rewrite,11,1,written,,
281515,Q2161881,Cuneiform Tablet N 7791,rewrite,8,1,written,,
424604,Q2162068,"Cuneiform Artifact RINAP 5/1 Ashurbanipal 011, ex. 102",rewrite,10,1,written,,
508409,Q2162083,Cuneiform Tablet Menshed diss. no. 12,rewrite,10,1,written,,
602051,Q2162084,Cuneiform Tablet BM 114572,rewrite,11,1,written,,
283528,Q2162099,"Cuneiform Tablet MARV 8, 54",rewrite,11,1,written,,
408291,Q2162122,"Cuneiform Tablet HSS 13, 019",rewrite,10,1,written,,
379910,Q2162177,Cuneiform Tablet BM 093195,rewrite,10,1,written,,
439935,Q2162180,"Cuneiform Tablet KBo 40, 170 + (?) KBo 38, 118",rewrite,10,1,written,,
590495,Q2162195,Cuneiform Tablet BM 071584,rewrite,9,1,written,,
438627,Q2162196,"Cuneiform Tablet KBo 34, 059",rewrite,10,1,written,,
305332,Q2162198,"Cuneiform Tablet YOS 07, 043",rewrite,11,1,written,,
256432,Q2162252,Cuneiform Tablet UM 29-15-716,rewrite,11,1,written,,
413577,Q2162255,Cuneiform Tablet BM 103729,rewrite,10,1,written,,
398456,Q2162270,Cuneiform Tablet K 10033,rewrite,10,1,written,,
540277,Q2162277,Cuneiform Artifact CDLI Seals 019458 (physical),rewrite,7,1,written,,
445317,Q2162302,"Cuneiform Tablet KUB 32, 092",rewrite,10,1,written,,
516417,Q2162331,"Cuneiform Tablet CUSAS 40, 1633",rewrite,9,1,written,,
353552,Q2162350,"Cuneiform Tablet ARM 24, 137",rewrite,11,1,written,,
425916,Q2162361,Cuneiform Tablet Sm 1441,rewrite,9,1,written,,
520876,Q2162374,Cuneiform Tablet KTU3 4.160,rewrite,10,1,written,,
354297,Q2162392,"Cuneiform Tablet ARM 25, 558",rewrite,11,1,written,,
469782,Q2162393,Cuneiform Tablet RLM 3C,rewrite,10,1,written,,
232773,Q2162395,"Cuneiform Artifact RIME 3/1.01.07.037, ex. 0022",rewrite,9,1,written,,
559406,Q2162400,Cuneiform Tablet BM 029308,rewrite,11,1,written,,
264113,Q2162401,Cuneiform Tablet CBS 06605,rewrite,11,1,written,,
592502,Q2162443,Cuneiform Tablet BM 074142,rewrite,9,1,written,,
337613,Q2162445,Cuneiform Tablet OIM A04452,rewrite,11,1,written,,
421056,Q2162447,Cuneiform Tablet SMUI 1913.14.0979,rewrite,9,1,written,,
365933,Q2162460,"Cuneiform Tablet CT 28, pl. 38, K 03143",rewrite,11,1,written,,
381227,Q2162466,Cuneiform Tablet BM 085251,rewrite,11,1,written,,
524136,Q2162483,Cuneiform Tablet BM 097375,rewrite,11,1,written,,
575093,Q2162492,Cuneiform Tablet BM 073830,rewrite,8,1,written,,
283482,Q2162521,Cuneiform Tablet VAT 20270,rewrite,8,1,written,,
572756,Q2162522,Cuneiform Tablet Archives de Borsippa 244,rewrite,9,1,written,,
477636,Q2162544,Cuneiform Artifact CDLI Seals 010895 (physical),rewrite,8,1,written,,
474919,Q2162547,Cuneiform Artifact CDLI Seals 008142 (physical),rewrite,9,1,written,,
256598,Q2162554,Cuneiform Tablet UM 29-15-969,rewrite,11,1,written,,
305298,Q2162585,"Cuneiform Tablet YOS 06, 001",rewrite,11,1,written,,
538115,Q2162657,Cuneiform Artifact CDLI Seals 017290 (physical),rewrite,7,1,written,,
571879,Q2162666,Cuneiform Tablet BM 049063,rewrite,7,1,written,,
111046,Q2162671,"Cuneiform Tablet TCTI 3, 04924",rewrite,11,1,written,,
300560,Q2162687,Cuneiform Tablet NBC 09393,rewrite,10,1,written,,
298364,Q2162700,Cuneiform Tablet NBC 06449,rewrite,10,1,written,,
545425,Q2162702,Cuneiform Artifact CDLI Seals 023054 (physical),rewrite,7,1,written,,
416325,Q2162726,Cuneiform Tablet CULC 441,rewrite,8,1,written,,
427881,Q2162784,"Cuneiform Artifact RIMA 1.0.076.039, ex. 01",rewrite,10,1,written,,
365899,Q2162843,"Cuneiform Tablet CT 28, pl. 07-09, K 03823 +",rewrite,11,1,written,,
513245,Q2162845,"Cuneiform Tablet OIP 043, 177 TA 1930 T250",rewrite,10,1,written,,
440545,Q2162850,"Cuneiform Tablet KUB 15, 005 + KUB 48, 122 + KBo 43, 066",rewrite,10,1,written,,
469628,Q2162900,Cuneiform Tablet BM 131550,rewrite,7,1,written,,
547418,Q2162905,Cuneiform Artifact CDLI Seals 024846 (physical),rewrite,9,1,written,,
511278,Q2162912,"Cuneiform Tablet JCS 09, 106 057",rewrite,11,1,written,,
8105,Q2162970,"Cuneiform Tablet MDP 06, 316 + 322 + 324 + MDP 26S, 335 + Sb 15247",rewrite,10,1,written,,
573844,Q2162972,"Cuneiform Tablet OBO 260, no. 202",rewrite,11,1,written,,
476924,Q2162975,Cuneiform Artifact CDLI Seals 010183 (physical),rewrite,8,1,written,,
447280,Q2162988,"Cuneiform Tablet KUB 09, 004 + KUB 55, 020",rewrite,10,1,written,,
442578,Q2162991,"Cuneiform Tablet KBo 50, 051",rewrite,10,1,written,,
126335,Q2163027,"Cuneiform Tablet PDT 2, 0989",rewrite,11,1,written,,
437478,Q2163055,"Cuneiform Tablet KBo 28, 015",rewrite,10,1,written,,
397609,Q2163075,Cuneiform Tablet K 08385,rewrite,10,1,written,,
292769,Q2163088,"Cuneiform Tablet BIN 07, 177",rewrite,11,2,written,,
336901,Q2163101,"Cuneiform Tablet StAT 2, 093",rewrite,11,1,written,,
532518,Q2163113,Cuneiform Tablet SPAB 052,rewrite,11,1,written,,
564378,Q2163116,Cuneiform Tablet BM 039389,rewrite,8,1,written,,
233861,Q2163127,"Cuneiform Artifact RIME 3/1.01.07.037, ex. 1110",rewrite,11,1,written,,
310999,Q2163135,Cuneiform Tablet YBC 10713,rewrite,10,1,written,,
246961,Q2163141,"Cuneiform Tablet ARET 08, 21",rewrite,10,1,written,,
561480,Q2163150,Cuneiform Artifact BM 030109,rewrite,8,1,written,,
519648,Q2163220,Cuneiform Artifact CDLI Seals 014267 (composite),rewrite,10,0,written,,
388905,Q2163247,Cuneiform Tablet LB 0382,rewrite,9,1,written,,
432380,Q2163260,Cuneiform Artifact CDLI Seals 006363 (physical),rewrite,8,1,written,,
506944,Q2163268,"Cuneiform Tablet Nisaba 34, 0753",rewrite,10,1,written,,
403824,Q2163283,Cuneiform Tablet K 18681,rewrite,10,1,written,,
401819,Q2163297,Cuneiform Tablet K 16181,rewrite,10,1,written,,
370398,Q2163300,"Cuneiform Tablet LTBA 1, 78",rewrite,8,1,written,,
504979,Q2163311,Cuneiform Tablet YBC 13697,rewrite,7,1,written,,
297091,Q2163351,"Cuneiform Tablet BIN 01, 135",rewrite,11,1,written,,
530525,Q2163379,Cuneiform Artifact CDLI Seals 014847 (physical),rewrite,7,1,written,,
395634,Q2163386,Cuneiform Tablet K 04554,rewrite,10,1,written,,
2508,Q2163397,"Cuneiform Tablet IM 023447,?1",rewrite,10,1,written,,
566345,Q2163398,Cuneiform Tablet BM 045675,rewrite,10,1,written,,
448175,Q2163407,"Cuneiform Artifact RIME 4.05.08.01, ex. 11",rewrite,11,1,written,,
586111,Q2163409,Cuneiform Tablet BM 066601,rewrite,9,1,written,,
226360,Q2163433,"Cuneiform Artifact RIME 3/2.01.01.11, ex. 136",rewrite,11,1,written,,
375460,Q2163436,Cuneiform Tablet BM 106414,rewrite,11,1,written,,
435445,Q2163445,"Cuneiform Tablet KBo 13, 038",rewrite,10,1,written,,
132726,Q2163450,"Cuneiform Tablet TCTI 2, 03497",rewrite,11,1,written,,
394926,Q2163490,"Cuneiform Tablet Maqlu 2, 53-56",rewrite,11,1,written,,
119476,Q2163493,"Cuneiform Tablet MVN 16, 1428",rewrite,11,1,written,,
551036,Q2163498,Cuneiform Tablet Nbk. 327,rewrite,11,1,written,,
314173,Q2163502,"Cuneiform Tablet CT 53, 763",rewrite,11,1,written,,
369443,Q2163507,Cuneiform Tablet OBTI 013,rewrite,11,1,written,,
507656,Q2163509,Cuneiform Tablet Cyr. 222,rewrite,10,1,written,,
342713,Q2163522,Cuneiform Tablet NYPLC 008,rewrite,10,1,written,,
247673,Q2163525,"Cuneiform Artifact RIME 1.09.09.12, ex. 01",rewrite,11,1,written,,
211013,Q2163583,Cuneiform Tablet YBC 15247,rewrite,10,1,written,,
402736,Q2163610,Cuneiform Tablet K 17389,rewrite,10,1,written,,
556209,Q2163619,"Cuneiform Tablet Mediterr. Archaeol. Suppl. 2, p. 299-302, no. 1",rewrite,7,0,written,,
478039,Q2163633,Cuneiform Artifact CDLI Seals 011245 (physical),rewrite,9,1,written,,
405509,Q2163681,Cuneiform Tablet WML 1963.188.4,rewrite,7,1,written,,
500469,Q2163713,"Cuneiform Tablet RA 012, 115",rewrite,10,1,written,,
456491,Q2163741,Cuneiform Artifact CDLI Seals 003781 (composite),rewrite,10,0,written,,
505391,Q2163744,Cuneiform Tablet YBC 16362,rewrite,7,1,written,,
371970,Q2163761,"Cuneiform Tablet VS 06, 075",rewrite,8,1,written,,
274810,Q2163770,Cuneiform Tablet SAKF 144,rewrite,9,1,written,,
247389,Q2163778,Cuneiform Tablet P247389,rewrite,10,1,written,,
433968,Q2163797,Cuneiform Tablet HKM 075,rewrite,10,1,written,,
314489,Q2163801,"Cuneiform Tablet CT 55, 098",rewrite,10,1,written,,
242471,Q2163805,"Cuneiform Tablet ARET 03, 278",rewrite,10,1,written,,
347511,Q2163825,"Cuneiform Tablet OECT 15, 169",rewrite,9,1,written,,
529704,Q2163831,"Cuneiform Tablet RA 113, 059-069 11",rewrite,10,1,written,,
565990,Q2163858,Cuneiform Tablet BM 046297 + BM 046328,rewrite,10,1,written,,
311371,Q2163901,Cuneiform Tablet YBC 11104,rewrite,11,1,written,,
4825,Q2163907,Cuneiform Tablet IM 135596,rewrite,10,1,written,,
554234,Q2163911,Cuneiform Tablet Cyr. 247,rewrite,10,1,written,,
564682,Q2163925,Cuneiform Tablet BM 039900,rewrite,8,1,written,,
502454,Q2163933,"Cuneiform Tablet TCTI 3, 27641",rewrite,11,1,written,,
259397,Q2163996,"Cuneiform Tablet BE 15, 003",rewrite,10,1,written,,
292293,Q2164014,"Cuneiform Artifact BIN 02, 038",rewrite,9,1,written,,
437182,Q2164039,"Cuneiform Tablet KBo 26, 125",rewrite,10,1,written,,
583313,Q2164067,Cuneiform Tablet BM 063164,rewrite,10,1,written,,
5737,Q2164096,"Cuneiform Tablet UET 2, 0154",rewrite,11,1,written,,
528816,Q2164129,Cuneiform Artifact CDLI Seals 015927 (physical),rewrite,6,1,written,,
548217,Q2164138,Cuneiform Artifact CDLI Seals 025602 (physical),rewrite,8,1,written,,
563147,Q2164189,Cuneiform Tablet BM 036640,rewrite,8,1,written,,
223162,Q2164226,"Cuneiform Tablet TIM 03, 045",rewrite,9,1,written,,
275702,Q2164246,Cuneiform Tablet N 0503,rewrite,11,1,written,,
466027,Q2164255,"Cuneiform Artifact RIMA 1.0.076.002, ex. 13",rewrite,11,1,written,,
208232,Q2164261,Cuneiform Tablet BM 025087,rewrite,11,1,written,,
239996,Q2164277,Cuneiform Tablet K 21017,rewrite,11,1,written,,
295556,Q2164282,Cuneiform Tablet MLC 00767,rewrite,9,1,written,,
445747,Q2164314,"Cuneiform Tablet KUB 36, 097",rewrite,10,1,written,,
438277,Q2164315,"Cuneiform Tablet KBo 32, 090a + (?) KBo 32, 090b",rewrite,10,1,written,,
413127,Q2164321,Cuneiform Tablet BM 102390,rewrite,10,1,written,,
256062,Q2164332,Cuneiform Tablet UM 29-15-233,rewrite,11,1,written,,
540627,Q2164351,Cuneiform Artifact CDLI Seals 019808 (physical),rewrite,8,0,written,,
398006,Q2164352,"Cuneiform Tablet CT 17, pl. 36, K 9272+",rewrite,10,1,written,,
353102,Q2164385,"Cuneiform Tablet ARM 23, 314",rewrite,11,1,written,,
596812,Q2164403,Cuneiform Tablet BM 083217,rewrite,9,1,written,,
493972,Q2164431,Cuneiform Tablet P493972,rewrite,7,1,written,,
458876,Q2164439,Cuneiform Artifact CDLI Seals 006166 (composite),rewrite,10,0,written,,
442082,Q2164452,"Cuneiform Tablet KBo 48, 140",rewrite,10,1,written,,
511782,Q2164503,Cuneiform Artifact CDLI Seals 013304 (physical),rewrite,9,1,written,,
140419,Q2164545,"Cuneiform Tablet UTI 4, 2400",rewrite,11,1,written,,
497198,Q2164558,"Cuneiform Tablet MARI 05, 598 no. 07",rewrite,11,1,written,,
543908,Q2164587,Cuneiform Tablet LB 1749 (unpublished),rewrite,11,1,written,,
318853,Q2164591,Cuneiform Tablet BM 019432,rewrite,11,1,written,,
521334,Q2164600,"Cuneiform Tablet BAH 214, 74",rewrite,10,1,written,,
446868,Q2164625,"Cuneiform Tablet KUB 50, 046",rewrite,10,1,written,,
384025,Q2164649,"Cuneiform Tablet OIP 092, 1339",rewrite,10,1,written,,
281145,Q2164657,Cuneiform Tablet NATN p. 61 catalogue,rewrite,10,1,written,,
319741,Q2164670,Cuneiform Tablet BM 022016,rewrite,11,1,written,,
577554,Q2164673,Cuneiform Tablet BM 052571,rewrite,8,1,written,,
597700,Q2164696,"Cuneiform Tablet Pihans 135, 283",rewrite,9,0,written,,
459764,Q2164701,Cuneiform Tablet FLP 1133,rewrite,9,1,written,,
261311,Q2164738,Cuneiform Artifact CDLI Seals 000725 (physical),rewrite,7,1,written,,
575569,Q2164753,Cuneiform Tablet BM 050286,rewrite,10,1,written,,
492660,Q2164758,Cuneiform Tablet P492660,rewrite,9,1,written,,
237571,Q2164815,Cuneiform Tablet BM 099274,rewrite,11,1,written,,
283178,Q2164821,"Cuneiform Tablet KAM 10, 27",rewrite,9,1,written,,
426269,Q2164825,"Cuneiform Artifact RINAP 5/1 Ashurbanipal 003, ex. 025 ?",rewrite,10,1,written,,
304870,Q2164826,Cuneiform Tablet YBC 03431,rewrite,11,1,written,,
470409,Q2164836,Cuneiform Tablet PTS 2316,rewrite,11,1,written,,
508059,Q2164844,"Cuneiform Artifact RIME 4.01.05.03, ex. add102",rewrite,10,1,written,,
386018,Q2164856,"Cuneiform Tablet TCL 07, 025",rewrite,11,1,written,,
252888,Q2164862,Cuneiform Tablet MS 3850/3,rewrite,8,1,written,,
444855,Q2164873,"Cuneiform Tablet KUB 26, 003",rewrite,10,1,written,,
570291,Q2164875,Cuneiform Tablet BM 045452,rewrite,8,1,written,,
541935,Q2164907,Cuneiform Artifact CDLI Seals 021097 (physical),rewrite,8,1,written,,
468469,Q2164959,Cuneiform Tablet U 30343,rewrite,7,0,written,,
415159,Q2164963,"Cuneiform Tablet UET 5, 0275",rewrite,10,1,written,,
602401,Q2164968,Cuneiform Tablet BM 114820,rewrite,10,1,written,,
443739,Q2164983,"Cuneiform Tablet KUB 02, 001",rewrite,10,1,written,,
546659,Q2164989,Cuneiform Artifact CDLI Seals 024136 (physical),rewrite,9,1,written,,
497931,Q2164998,Cuneiform Tablet Missing designation,rewrite,6,1,written,,
510039,Q2165045,"Cuneiform Tablet MHET 2/5, 662",rewrite,10,1,written,,
350684,Q2165048,"Cuneiform Tablet ARM 12, 241",rewrite,11,1,written,,
559955,Q2165063,Cuneiform Tablet BM 013259,rewrite,9,1,written,,
592851,Q2165073,Cuneiform Tablet BM 075117,rewrite,9,1,written,,
539354,Q2165098,Cuneiform Artifact CDLI Seals 018799 (physical),rewrite,7,1,written,,
357141,Q2165106,Cuneiform Tablet BWL pl. 65 K 15227+,rewrite,11,1,written,,
204641,Q2165110,Cuneiform Artifact BM 025257,rewrite,11,1,written,,
301721,Q2165134,Cuneiform Tablet NBC 11111,rewrite,11,1,written,,
441704,Q2165150,"Cuneiform Tablet KBo 47, 070",rewrite,10,1,written,,
279371,Q2165164,Cuneiform Tablet N 4513,rewrite,11,1,written,,
417164,Q2165179,Cuneiform Tablet ROM 910x209.389,rewrite,9,1,written,,
544664,Q2165180,Cuneiform Artifact CDLI Seals 022315 (physical),rewrite,9,1,written,,
545976,Q2165194,Cuneiform Artifact CDLI Seals 023647 (physical),rewrite,8,1,written,,
440816,Q2165247,"Cuneiform Tablet KBo 44, 033",rewrite,10,1,written,,
205953,Q2165257,Cuneiform Tablet BM 025402,rewrite,11,1,written,,
262497,Q2165259,Cuneiform Tablet CBS 07495,rewrite,9,1,written,,
300833,Q2165269,Cuneiform Artifact NBC 09716,rewrite,9,1,written,,
594086,Q2165270,Cuneiform Tablet BM 077791,rewrite,10,1,written,,
593743,Q2165275,Cuneiform Tablet BM 076951,rewrite,9,1,written,,
331397,Q2165295,"Cuneiform Tablet Nisaba 05/1, 367",rewrite,11,1,written,,
496623,Q2165308,"Cuneiform Tablet FM 08, 042",rewrite,11,1,written,,
233532,Q2165336,"Cuneiform Artifact RIME 3/1.01.07.037, ex. 0781",rewrite,11,1,written,,
9344,Q2165338,"Cuneiform Tablet MDP 31, 005",rewrite,10,1,written,,
351996,Q2165357,"Cuneiform Tablet ARM 19, 457",rewrite,11,1,written,,
380066,Q2165375,Cuneiform Tablet BM 095726,rewrite,10,1,written,,
573517,Q2165395,Cuneiform Tablet BM 050835 + BM 051546 + BM 052855,rewrite,10,1,written,,
525377,Q2165419,Cuneiform Artifact CDLI Seals 014358 (composite),rewrite,10,0,written,,
285106,Q2165425,"Cuneiform Tablet BAM 1, 001",rewrite,9,1,written,,
420217,Q2165442,Cuneiform Tablet K 22052,rewrite,10,1,written,,
476477,Q2165479,Cuneiform Artifact CDLI Seals 009736 (physical),rewrite,7,1,written,,
558647,Q2165493,Cuneiform Tablet BM 048235,rewrite,8,1,written,,
455317,Q2165500,Cuneiform Artifact CDLI Seals 002607 (composite),rewrite,10,0,written,,
428627,Q2165507,Cuneiform Artifact BM 137860,rewrite,8,1,written,,
246432,Q2165527,Cuneiform Tablet P246432,rewrite,10,1,written,,
368602,Q2165533,"Cuneiform Tablet TCL 32, 116",rewrite,9,1,written,,
601387,Q2165599,Cuneiform Tablet BM 101481,rewrite,10,1,written,,
506417,Q2165617,"Cuneiform Tablet Nisaba 34, 0015",rewrite,10,1,written,,
403577,Q2165627,Cuneiform Tablet K 18357,rewrite,10,1,written,,
343552,Q2165639,"Cuneiform Tablet CDLI Literary needed, ex. nn ?",rewrite,10,1,written,,
866,Q2165660,"Cuneiform Tablet ATU 5, pl. 018, W 6881,o1",rewrite,10,1,written,,
133567,Q2165678,Cuneiform Tablet TÉL 059,rewrite,11,1,written,,
315332,Q2165683,Cuneiform Tablet TJA UMM G 07,rewrite,10,1,written,,
479782,Q2165695,"Cuneiform Tablet FM 06, 063",rewrite,11,1,written,,
270853,Q2165698,Cuneiform Tablet EA 354,rewrite,10,1,written,,
3749,Q2165714,"Cuneiform Tablet ATU 7, pl. 065, W 20493,45",rewrite,9,1,written,,
394475,Q2165791,"Cuneiform Tablet CT 16, pl. 12-14, K 02507+",rewrite,10,1,written,,
530876,Q2165800,"Cuneiform Tablet Fs Součková-Siegelová 422, 13",rewrite,10,1,written,,
435916,Q2165803,"Cuneiform Tablet KBo 17, 018",rewrite,10,1,written,,
434604,Q2165805,"Cuneiform Tablet IBoT 04, 262",rewrite,10,1,written,,
567104,Q2165849,Cuneiform Tablet BM 041292,rewrite,9,1,written,,
291515,Q2165852,"Cuneiform Tablet BIN 01, 149",rewrite,11,1,written,,
128281,Q2165872,Cuneiform Tablet Rochester 176,rewrite,10,1,written,,
374621,Q2165892,Cuneiform Tablet BM 093868,rewrite,11,1,written,,
587350,Q2165893,Cuneiform Tablet BM 068143,rewrite,10,1,written,,
396448,Q2165899,Cuneiform Tablet Thompson Gilg. pl. 17,rewrite,10,1,written,,
533759,Q2165920,Cuneiform Artifact CDLI Seals 003656.3 (composite),rewrite,7,0,written,,
227121,Q2165971,"Cuneiform Artifact RIME 3/2.01.02.003, ex. 18",rewrite,11,1,written,,
449334,Q2165999,Cuneiform Tablet CUNES 49-03-362,rewrite,9,1,written,,
565139,Q2166006,Cuneiform Tablet BM 038695,rewrite,8,1,written,,
436639,Q2166026,"Cuneiform Tablet KBo 22, 166",rewrite,10,1,written,,
276084,Q2166028,Cuneiform Tablet NATN p. 58 catalogue,rewrite,11,1,written,,
460059,Q2166035,Cuneiform Tablet Dillard diss. FLP 1551,rewrite,10,1,written,,
1774,Q2166039,"Cuneiform Tablet ATU 6, pl. 011, W 10931",rewrite,10,1,written,,
580495,Q2166043,Cuneiform Tablet BM 059480,rewrite,10,1,written,,
293528,Q2166064,Cuneiform Tablet NBC 04431,rewrite,11,1,written,,
518409,Q2166093,Cuneiform Tablet STUBM 026,rewrite,11,1,written,,
213887,Q2166128,"Cuneiform Tablet ITT 2, 02825",rewrite,10,1,written,,
274543,Q2166139,"Cuneiform Tablet ZA 004, 159 9",rewrite,11,1,written,,
549056,Q2166141,Cuneiform Artifact CDLI Seals 026414 (physical),rewrite,8,1,written,,
371423,Q2166187,"Cuneiform Tablet VS 03, 134",rewrite,11,1,written,,
222323,Q2166191,"Cuneiform Tablet AAICAB 1/1, pl. 005, 1928-427",rewrite,10,1,written,,
294717,Q2166213,"Cuneiform Tablet GCCI 2, 386",rewrite,10,2,written,,
582152,Q2166218,Cuneiform Tablet BM 061971,rewrite,10,1,written,,
369910,Q2166223,"Cuneiform Tablet MDP 27, 163",rewrite,9,1,written,,
391677,Q2166263,Cuneiform Artifact OIM A04672,rewrite,10,1,written,,
562306,Q2166270,Cuneiform Tablet BM 033438,rewrite,8,1,written,,
242922,Q2166289,"Cuneiform Tablet ARET 03, 726",rewrite,10,1,written,,
289826,Q2166311,Cuneiform Artifact YBC 16999,rewrite,11,1,written,,
585697,Q2166322,Cuneiform Tablet BM 066128,rewrite,10,1,written,,
320586,Q2166333,"Cuneiform Tablet Nisaba 08, 167",rewrite,11,1,written,,
407867,Q2166349,Cuneiform Tablet SM 1913.02.251,rewrite,10,1,written,,
297838,Q2166355,"Cuneiform Tablet YOS 17, 106",rewrite,11,1,written,,
419879,Q2166392,Cuneiform Tablet K 21617,rewrite,10,1,written,,
273286,Q2166396,Cuneiform Tablet P273286,rewrite,6,1,written,,
4576,Q2166414,Cuneiform Tablet IM 134990,rewrite,10,1,written,,
392958,Q2166460,Cuneiform Tablet KTT 323,rewrite,10,1,written,,
347842,Q2166467,"Cuneiform Tablet Ras Shamra-Ougarit 07, 004",rewrite,10,1,written,,
215050,Q2166524,"Cuneiform Tablet MAD 1, 115",rewrite,10,1,written,,
503615,Q2166525,"Cuneiform Tablet RS 17.0318,a + RS 17.0349,a",rewrite,9,0,written,,
310130,Q2166532,"Cuneiform Tablet YOS 17, 245",rewrite,11,1,written,,
450115,Q2166545,Cuneiform Tablet CUNES 50-07-030,rewrite,9,1,written,,
243630,Q2166546,"Cuneiform Tablet ARET 12, 0415",rewrite,10,1,written,,
584985,Q2166629,Cuneiform Tablet BM 065284,rewrite,10,1,written,,
555075,Q2166641,Cuneiform Artifact BM 084787,rewrite,10,1,written,,
406775,Q2166657,"Cuneiform Tablet HSS 68, 010",rewrite,11,1,written,,
501628,Q2166659,"Cuneiform Tablet TCTI 3, 05549",rewrite,11,1,written,,
452128,Q2166666,Cuneiform Tablet P452128,rewrite,9,1,written,,
390965,Q2166681,"Cuneiform Tablet BPOA 07, 2495",rewrite,11,1,written,,
404748,Q2166687,Cuneiform Tablet DUROM 1952.5,rewrite,6,1,written,,
557048,Q2166713,"Cuneiform Tablet ADART 4, p. 537, BM 099640",rewrite,8,1,written,,
212795,Q2166737,"Cuneiform Tablet BIN 08, 251",rewrite,9,1,written,,
295805,Q2166794,Cuneiform Tablet MLC 01024,rewrite,9,1,written,,
341095,Q2166820,"Cuneiform Tablet BPOA 02, 2439",rewrite,11,1,written,,
387259,Q2166822,"Cuneiform Tablet TCL 13, 194",rewrite,9,1,written,,
522148,Q2166842,"Cuneiform Artifact RIME 4.01.05.04, ex. add139",rewrite,9,1,written,,
509218,Q2166882,Cuneiform Artifact CDLI Seals 012848 (composite),rewrite,8,0,written,,
409480,Q2166888,Cuneiform Tablet CUNES 47-00-004,rewrite,6,1,written,,
574728,Q2166940,Cuneiform Tablet BM 069459,rewrite,7,1,written,,
591284,Q2166970,Cuneiform Tablet BM 072628,rewrite,9,1,written,,
569819,Q2166993,Cuneiform Tablet BM 044899,rewrite,7,1,written,,
141658,Q2167001,"Cuneiform Tablet UTI 6, 3661",rewrite,11,1,written,,
280304,Q2167032,Cuneiform Tablet N 6544,rewrite,8,1,written,,
117038,Q2167051,"Cuneiform Artifact MVN 13, 266",rewrite,11,1,written,,
473675,Q2167061,Cuneiform Artifact CDLI Seals 007420 (physical),rewrite,8,1,written,,
10165,Q2167067,"Cuneiform Tablet OIP 099, 183",rewrite,11,1,written,,
425015,Q2167081,"Cuneiform Tablet Rm 2, 248",rewrite,9,1,written,,
576715,Q2167093,Cuneiform Tablet BM 051666,rewrite,8,1,written,,
385264,Q2167116,"Cuneiform Tablet OECT 10, 251",rewrite,8,1,written,,
493421,Q2167160,Cuneiform Tablet P493421,rewrite,7,1,written,,
458525,Q2167177,Cuneiform Artifact CDLI Seals 005815 (composite),rewrite,10,0,written,,
318500,Q2167191,Cuneiform Tablet BM 018978,rewrite,11,1,written,,
260150,Q2167214,Cuneiform Tablet CBS 03777,rewrite,9,1,written,,
365030,Q2167237,Cuneiform Tablet LBAT 0937,rewrite,10,1,written,,
596541,Q2167251,Cuneiform Tablet BM 082594,rewrite,9,1,written,,
355486,Q2167263,"Cuneiform Tablet ARM 31, 064",rewrite,11,1,written,,
122376,Q2167305,"Cuneiform Tablet NRVN 1, 160",rewrite,11,1,written,,
468193,Q2167307,Cuneiform Tablet U 07833s,rewrite,7,0,written,,
577807,Q2167315,Cuneiform Tablet BM 052850,rewrite,9,1,written,,
472967,Q2167323,Cuneiform Artifact CDLI Seals 006712 (physical),rewrite,9,1,written,,
541466,Q2167331,Cuneiform Artifact CDLI Seals 020628 (physical),rewrite,9,1,written,,
412366,Q2167346,"Cuneiform Tablet CTMMA 3, 088",rewrite,10,1,written,,
266987,Q2167353,Cuneiform Tablet CBS 11849,rewrite,11,1,written,,
444506,Q2167387,"Cuneiform Tablet KUB 19, 023",rewrite,10,1,written,,
379013,Q2167444,Cuneiform Tablet BM 087838,rewrite,10,1,written,,
602952,Q2167454,"Cuneiform Tablet Schaudig, Babil 5, no. 95 (N13: 258)",rewrite,9,1,written,,
399247,Q2167468,Cuneiform Tablet K 11353,rewrite,10,1,written,,
517206,Q2167484,"Cuneiform Tablet Nisaba 33, 6",rewrite,9,1,written,,
304523,Q2167490,Cuneiform Tablet YBC 01959,rewrite,10,1,written,,
352343,Q2167493,"Cuneiform Tablet ARM 21, 341",rewrite,11,1,written,,
257223,Q2167592,"Cuneiform Artifact RINAP 4 Esarhaddon 057, ex. 001",rewrite,11,2,written,,
110657,Q2167593,"Cuneiform Artifact ITT 2, 00787",rewrite,11,1,written,,
538816,Q2167609,Cuneiform Artifact CDLI Seals 017994 (physical),rewrite,7,1,written,,
439036,Q2167640,"Cuneiform Tablet KBo 36, 010",rewrite,10,1,written,,
278833,Q2167644,Cuneiform Tablet N 3856,rewrite,10,1,written,,
574682,Q2167659,Cuneiform Tablet BM 068082,rewrite,7,1,written,,
249397,Q2167663,"Cuneiform Tablet AUCT 5, 172",rewrite,8,1,written,,
380436,Q2167686,Cuneiform Tablet BM 096462,rewrite,10,1,written,,
420647,Q2167737,Cuneiform Tablet SMUI 1913.14.0265,rewrite,8,1,written,,
573147,Q2167775,Cuneiform Tablet BM 068456 (cast),rewrite,8,1,written,,
525727,Q2167793,"Cuneiform Tablet ARM 33, 043",rewrite,11,1,written,,
476027,Q2167803,Cuneiform Artifact CDLI Seals 009286 (physical),rewrite,8,1,written,,
8806,Q2167849,"Cuneiform Tablet MDP 26, 118",rewrite,10,1,written,,
593313,Q2167862,Cuneiform Tablet BM 076375,rewrite,10,1,written,,
558217,Q2167898,Cuneiform Tablet BM 043079,rewrite,8,1,written,,
496273,Q2167908,"Cuneiform Tablet MDP 09, 273",rewrite,11,1,written,,
265702,Q2167911,Cuneiform Tablet BagM 33 Tafel 2 24,rewrite,11,1,written,,
415509,Q2167914,"Cuneiform Tablet UET 5, 0637",rewrite,10,1,written,,
233162,Q2167922,"Cuneiform Artifact RIME 3/1.01.07.037, ex. 0411",rewrite,11,1,written,,
443369,Q2167934,"Cuneiform Tablet KBo 54, 261",rewrite,10,1,written,,
510469,Q2167952,Cuneiform Tablet CHJ pl. 05 HE 112,rewrite,10,1,written,,
361970,Q2167960,"Cuneiform Tablet Nisaba 33, 937",rewrite,11,1,written,,
421955,Q2167981,Cuneiform Tablet BM 098746,rewrite,7,1,written,,
446491,Q2168006,"Cuneiform Tablet KUB 46, 010",rewrite,10,1,written,,
546209,Q2168015,Cuneiform Artifact CDLI Seals 023880 (physical),rewrite,8,1,written,,
125519,Q2168033,"Cuneiform Tablet PDT 1, 0103",rewrite,11,1,written,,
304489,Q2168047,Cuneiform Tablet YBC 01918,rewrite,10,2,written,,
575990,Q2168057,Cuneiform Tablet BM 050854,rewrite,9,1,written,,
441354,Q2168058,"Cuneiform Tablet KBo 46, 044",rewrite,10,1,written,,
423968,Q2168080,Cuneiform Tablet TEBA 06,rewrite,11,1,written,,
279721,Q2168103,Cuneiform Tablet N 5525,rewrite,9,1,written,,
512454,Q2168119,"Cuneiform Tablet NAPR 6, 07 Di 690",rewrite,11,1,written,,
544234,Q2168125,Cuneiform Tablet LB 2774/1 (unpublished),rewrite,10,1,written,,
252471,Q2168175,"Cuneiform Tablet MSCT 16, 108",rewrite,9,1,written,,
299575,Q2168183,Cuneiform Tablet NBC 08132,rewrite,10,1,written,,
301371,Q2168196,Cuneiform Tablet NBC 10436,rewrite,10,2,written,,
539704,Q2168215,Cuneiform Artifact CDLI Seals 018886 (physical),rewrite,7,1,written,,
553908,Q2168216,Cuneiform Tablet Nbn. 188,rewrite,10,1,written,,
456868,Q2168218,Cuneiform Artifact CDLI Seals 004158 (composite),rewrite,10,0,written,,
371589,Q2168221,"Cuneiform Tablet VS 04, 065",rewrite,9,1,written,,
3319,Q2168233,"Cuneiform Tablet W 19684,a",rewrite,10,1,written,,
587700,Q2168265,Cuneiform Tablet BM 068581,rewrite,9,1,written,,
449764,Q2168267,"Cuneiform Tablet CUSAS 29, 025",rewrite,9,1,written,,
271311,Q2168268,"Cuneiform Tablet Emar 6/1, p. 119-120, Msk 731040",rewrite,9,1,written,,
567554,Q2168290,Cuneiform Tablet VAT 13381,rewrite,8,1,written,,
394025,Q2168291,"Cuneiform Artifact RINAP 5/1 Ashurbanipal 011, ex. 041",rewrite,11,1,written,,
462434,Q2168299,Cuneiform Tablet CST 229,rewrite,10,1,written,,
531334,Q2168323,Cuneiform Tablet Textes Scolaires 091,rewrite,9,1,written,,
434254,Q2168346,"Cuneiform Tablet IBoT 03, 007",rewrite,10,1,written,,
565569,Q2168357,Cuneiform Tablet Ismail diss. no. 089,rewrite,11,0,written,,
460409,Q2168389,Cuneiform Tablet FLP 1957,rewrite,9,1,written,,
533309,Q2168450,Cuneiform Artifact CDLI Seals 001828.1 (composite),rewrite,7,0,written,,
396018,Q2168456,Cuneiform Tablet AMT pl. 014 03,rewrite,11,1,written,,
500890,Q2168462,"Cuneiform Tablet CTMMA 4, 117",rewrite,10,1,written,,
242888,Q2168493,"Cuneiform Tablet ARET 03, 692",rewrite,10,1,written,,
293178,Q2168540,Cuneiform Tablet NBC 06286,rewrite,10,1,written,,
454855,Q2168541,Cuneiform Artifact CDLI Seals 002145 (composite),rewrite,10,0,written,,
560291,Q2168545,Cuneiform Tablet BM 016623,rewrite,9,1,written,,
551935,Q2168562,Cuneiform Tablet Dar. 67,rewrite,9,1,written,,
314870,Q2168566,"Cuneiform Tablet CT 55, 477",rewrite,11,1,written,,
1324,Q2168567,"Cuneiform Tablet ATU 5, pl. 071, W 9579,ca",rewrite,10,1,written,,
246062,Q2168568,Cuneiform Tablet P246062,rewrite,10,1,written,,
428277,Q2168569,"Cuneiform Artifact RINBE 1, Nebuchadnezzar II nn, ex. nn",rewrite,9,1,written,,
436269,Q2168570,"Cuneiform Tablet KUB 43, 070a-b +? KBo 19, 107",rewrite,10,1,written,,
210602,Q2168571,"Cuneiform Tablet BPOA 06, 0836",rewrite,11,1,written,,
403127,Q2168572,Cuneiform Tablet K 17838,rewrite,10,1,written,,
315762,Q2168573,Cuneiform Tablet BM 013399,rewrite,11,1,written,,
455747,Q2168574,Cuneiform Artifact CDLI Seals 003037 (composite),rewrite,10,0,written,,
297992,Q2168688,Cuneiform Tablet NBC 05046,create,11,1,written,,
550627,Q2168689,"Cuneiform Tablet OLA 233, no. 067",create,11,1,written,,
452082,Q2168690,"Cuneiform Artifact RINBE 1, Nebuchadnezzar II nn, ex. nn",create,11,1,written,,
448876,Q2168691,"Cuneiform Tablet Nisaba 19, 186",create,11,1,written,,
506047,Q2168692,Cuneiform Tablet RBC 02671,create,6,1,written,,
315298,Q2168693,Cuneiform Tablet TJA FM 16,create,9,1,written,,
246598,Q2168694,Cuneiform Tablet P246598,create,10,1,written,,
586812,Q2168695,Cuneiform Tablet BM 067513,create,9,1,written,,
308853,Q2168696,Cuneiform Tablet YBC 07936,create,10,1,written,,
368252,Q2168697,"Cuneiform Tablet SCIAMVS 05, 022-023 no. 10",create,10,1,written,,
464919,Q2168698,Cuneiform Tablet BSNS C12890,create,9,1,written,,
437881,Q2168699,"Cuneiform Tablet KBo 30, 070",create,10,1,written,,
561879,Q2168700,Cuneiform Tablet BM 032019,create,9,1,written,,
406325,Q2168701,Cuneiform Tablet SM 1909.05.117,create,11,1,written,,
555425,Q2168702,Cuneiform Tablet BM 060752,create,11,1,written,,
503245,Q2168703,Cuneiform Tablet de Boer diss. p. 437-438,create,9,1,written,,
310560,Q2168704,"Cuneiform Tablet YOS 14, 233",create,10,1,written,,
268130,Q2168705,"Cuneiform Tablet PBS 02/1, 166",create,11,1,written,,
501278,Q2168706,"Cuneiform Tablet TCTI 3, 05091",create,11,1,written,,
528115,Q2168707,"Cuneiform Tablet Chagar Bazar 3, 106",create,11,1,written,,
243260,Q2168708,Cuneiform Tablet P243260,create,10,1,written,,
452578,Q2168709,Cuneiform Tablet P452578,create,10,1,written,,
375899,Q2168710,Cuneiform Tablet BM 123087,create,11,1,written,,
479628,Q2168711,"Cuneiform Tablet FM 03, 105",create,11,1,written,,
557418,Q2168712,Cuneiform Tablet BM 036172,create,8,1,written,,
404318,Q2168713,"Cuneiform Tablet HES 2, p. 256, pl. 24",create,10,1,written,,
215400,Q2168714,"Cuneiform Tablet MAD 5, 077",create,10,1,written,,
223861,Q2168715,Cuneiform Tablet OBTR 039,create,11,1,written,,
239095,Q2168716,Cuneiform Tablet K 12266,create,11,1,written,,
504580,Q2168717,"Cuneiform Tablet GCCI 2, 001",create,10,1,written,,
294347,Q2168718,"Cuneiform Tablet GCCI 1, 207",create,10,1,written,,
457280,Q2168719,Cuneiform Artifact CDLI Seals 004570 (composite),create,10,0,written,,
562756,Q2168720,Cuneiform Tablet BM 035452,create,8,1,written,,
391227,Q2168721,"Cuneiform Artifact RIME 3/1.01.07.041, ex. add376",create,9,1,written,,
563844,Q2168722,Cuneiform Tablet BM 038490,create,8,1,written,,
467636,Q2168723,Cuneiform Tablet Penn —,create,9,1,written,,
549406,Q2168724,Cuneiform Artifact CDLI Seals 026648 (physical),create,6,1,written,,
4126,Q2168725,Cuneiform Tablet IM 134602,create,10,1,written,,
582502,Q2168726,Cuneiform Tablet BM 062358,create,9,1,written,,
565093,Q2168727,"Cuneiform Tablet MSL 5, 7",create,8,1,written,,
371073,Q2168728,"Cuneiform Tablet Umm el-Qaab 1, 077",create,9,1,written,,
436793,Q2168729,"Cuneiform Tablet KBo 23, 086 + KBo 30, 106",create,10,1,written,,
384926,Q2168730,"Cuneiform Tablet OECT 03, 53",create,11,1,written,,
443693,Q2168731,"Cuneiform Tablet KBo 57, 288",create,10,1,written,,
293482,Q2168732,Cuneiform Tablet NBC 05026,create,10,2,written,,
399617,Q2168733,Cuneiform Tablet K 12091,create,10,1,written,,
257673,Q2168734,Cuneiform Tablet CBS 00108,create,10,1,written,,
352713,Q2168735,"Cuneiform Tablet ARM 22, 267",create,11,1,written,,
379443,Q2168736,Cuneiform Tablet BM 088386,create,10,1,written,,
439466,Q2168737,"Cuneiform Tablet KBo 38, 218",create,10,1,written,,
304173,Q2168738,Cuneiform Tablet NCBT 02136,create,11,1,written,,
412736,Q2168739,Cuneiform Tablet BM 100098,create,10,1,written,,
121809,Q2168740,"Cuneiform Tablet Nik 2, 126",create,11,1,written,,
300999,Q2168741,Cuneiform Tablet NBC 09893,create,10,1,written,,
509648,Q2168742,"Cuneiform Tablet FAOS 02, 103",create,10,1,written,,
471218,Q2168743,Cuneiform Tablet PTS 3126,create,9,1,written,,
444156,Q2168744,"Cuneiform Tablet KUB 10, 032",create,10,1,written,,
574378,Q2168745,Cuneiform Tablet BM 053788,create,7,1,written,,
413824,Q2168746,Cuneiform Tablet BM 132229,create,10,1,written,,
571480,Q2168747,Cuneiform Tablet BM 048379 + BM 048383,create,7,1,written,,
282769,Q2168748,"Cuneiform Tablet JCS 07, 148 - 176, 88",create,9,1,written,,
516944,Q2168749,Cuneiform Artifact CDLI Seals 013930 (composite),create,10,0,written,,
256961,Q2168750,Cuneiform Tablet UM 29-16-467,create,11,1,written,,
422380,Q2168751,Cuneiform Tablet BM 121129,create,7,1,written,,
398905,Q2168752,Cuneiform Tablet K 10815,create,10,1,written,,
141208,Q2168753,"Cuneiform Tablet UTI 5, 3189",create,11,1,written,,
353801,Q2168754,"Cuneiform Tablet ARM 25, 062",create,11,1,written,,
411819,Q2168755,Cuneiform Tablet CUNES 52-19-025,create,9,1,written,,
260500,Q2168756,Cuneiform Tablet CBS 04183,create,8,1,written,,
233498,Q2168757,"Cuneiform Artifact RIME 3/1.01.07.037, ex. 0747",create,11,1,written,,
458175,Q2168758,Cuneiform Artifact CDLI Seals 005465 (composite),create,10,0,written,,
493071,Q2168759,"Cuneiform Tablet BBVOT 01, 168",create,9,1,written,,
473225,Q2168760,Cuneiform Artifact CDLI Seals 006970 (physical),create,9,1,written,,
442981,Q2168761,"Cuneiform Tablet KBo 53, 178",create,10,1,written,,
425445,Q2168762,Cuneiform Tablet Sm 0493,create,9,1,written,,
236360,Q2168763,"Cuneiform Tablet BIN 09, 350",create,10,1,written,,
596111,Q2168764,Cuneiform Tablet BM 081723,create,10,1,written,,
318150,Q2168765,Cuneiform Tablet BM 018551,create,11,1,written,,
576345,Q2168766,Cuneiform Tablet BM 051250,create,9,1,written,,
259544,Q2168767,"Cuneiform Tablet BE 15, 160",create,10,1,written,,
496789,Q2168768,"Cuneiform Tablet FM 11, 037",create,11,1,written,,
520525,Q2168769,Cuneiform Tablet KTU3 4.293,create,10,1,written,,
385634,Q2168770,"Cuneiform Tablet OECT 13, 105",create,11,1,written,,
489885,Q2168771,"Cuneiform Tablet BagM 18, 133-198 no. 52",create,11,1,written,,
564051,Q2168772,Cuneiform Tablet BM 038842,create,8,1,written,,
437751,Q2168773,"Cuneiform Tablet KBo 29, 134",create,10,1,written,,
532631,Q2168774,Cuneiform Tablet SPAB 169,create,11,1,written,,
224074,Q2168775,Cuneiform Tablet OBTR 285,create,11,1,written,,
397520,Q2168776,"Cuneiform Tablet Tallqvist Maqlu 2, 96",create,10,1,written,,
481365,Q2168777,"Cuneiform Tablet MHET 2/1, 120",create,10,1,written,,
584205,Q2168778,Cuneiform Tablet BM 064249,create,9,1,written,,
377774,Q2168779,Cuneiform Tablet BM 112599,create,10,1,written,,
519561,Q2168780,Cuneiform Artifact CDLI Seals 014191 (composite),create,10,0,written,,
368878,Q2168781,Cuneiform Tablet TMN Ist Ni 05185,create,10,1,written,,
295385,Q2168782,Cuneiform Tablet MLC 00589,create,9,1,written,,
2621,Q2168783,Cuneiform Tablet W 17440,create,10,1,written,,
308279,Q2168784,Cuneiform Tablet YBC 07328,create,9,1,written,,
563794,Q2168785,Cuneiform Tablet BM 038408,create,8,1,written,,
430094,Q2168786,"Cuneiform Tablet New MCT, fig. 06.4.1 Haddad 3661",create,11,1,written,,
226049,Q2168787,"Cuneiform Tablet OIP 099, 397",create,10,1,written,,
323129,Q2168788,Cuneiform Tablet CUNES 48-10-140,create,10,1,written,,
598226,Q2168789,Cuneiform Tablet BM 084466,create,10,1,written,,
586238,Q2168790,Cuneiform Tablet BM 066771,create,9,1,written,,
553322,Q2168791,Cuneiform Tablet Nbn. 1130,create,10,1,written,,
562886,Q2168792,Cuneiform Tablet BM 036002,create,7,1,written,,
375749,Q2168793,Cuneiform Tablet BM 109771,create,11,1,written,,
400422,Q2168794,"Cuneiform Tablet MC 25, 441",create,10,1,written,,
316267,Q2168795,Cuneiform Tablet BM 015056,create,10,1,written,,
578072,Q2168796,Cuneiform Tablet BM 053142,create,9,1,written,,
456242,Q2168797,Cuneiform Artifact CDLI Seals 003532 (composite),create,10,0,written,,
245567,Q2168798,Cuneiform Tablet P245567,create,10,1,written,,
340407,Q2168799,"Cuneiform Tablet BPOA 01, 1752",create,11,1,written,,
376866,Q2168800,Cuneiform Tablet BM 111086,create,10,1,written,,
213307,Q2168801,"Cuneiform Tablet HSS 10, 041",create,9,1,written,,
106853,Q2168802,"Cuneiform Tablet BJRL 64, 109 59",create,10,1,written,,
3933,Q2168803,Cuneiform Tablet IM 134472,create,10,1,written,,
502287,Q2168804,"Cuneiform Tablet TCTI 3, 08690",create,11,1,written,,
319192,Q2168805,Cuneiform Tablet BM 019826,create,11,1,written,,
436843,Q2168806,"Cuneiform Tablet KBo 24, 030",create,10,1,written,,
533923,Q2168807,Cuneiform Artifact CDLI Seals 004452.3 (composite),create,7,0,written,,
577387,Q2168808,Cuneiform Tablet BM 052387,create,9,1,written,,
443943,Q2168809,"Cuneiform Tablet KUB 05, 017 + KUB 18, 055 + FHL 187",create,11,1,written,,
424487,Q2168810,"Cuneiform Tablet RINAP 4 Esarhaddon 055, ex. 001",create,11,1,written,,
546823,Q2168811,"Cuneiform Artifact RINBE 1/1, Nebuchadnezzar  II 013 ex. 18",create,10,1,written,,
206806,Q2168812,Cuneiform Tablet BM 024251,create,11,1,written,,
266207,Q2168813,Cuneiform Tablet CBS 11031,create,9,1,written,,
590616,Q2168814,Cuneiform Tablet BM 071726,create,9,1,written,,
408012,Q2168815,"Cuneiform Tablet AION Suppl. 77, no. A1-1",create,11,1,written,,
495776,Q2168816,"Cuneiform Tablet Schülertexte aus Susa, 200 T 248",create,8,1,written,,
475522,Q2168817,Cuneiform Artifact CDLI Seals 008782 (physical),create,9,1,written,,
570442,Q2168818,Cuneiform Tablet BM 046456,create,8,1,written,,
423342,Q2168819,Cuneiform Tablet BM 134827,create,7,1,written,,
286053,Q2168820,"Cuneiform Tablet CT 51, 192",create,9,1,written,,
348037,Q2168821,Cuneiform Tablet AlT 070,create,11,1,written,,
526222,Q2168822,"Cuneiform Tablet ABAW 143, 104",create,10,1,written,,
383133,Q2168823,"Cuneiform Tablet OIP 092, 0447",create,10,1,written,,
591904,Q2168824,Cuneiform Tablet BM 073413,create,9,1,written,,
445194,Q2168825,"Cuneiform Tablet KUB 31, 054",create,10,1,written,,
494864,Q2168826,"Cuneiform Tablet MDP 10, 67 100",create,10,1,written,,
300649,Q2168827,Cuneiform Tablet NBC 09483,create,9,1,written,,
253149,Q2168828,Cuneiform Tablet MS 4052,create,8,1,written,,
278219,Q2168829,Cuneiform Tablet N 3165,create,10,1,written,,
354014,Q2168830,"Cuneiform Tablet ARM 25, 275",create,11,1,written,,
469501,Q2168831,"Cuneiform Tablet Nisaba 34, 0415",create,10,1,written,,
302674,Q2168832,"Cuneiform Tablet YOS 19, 078",create,11,1,written,,
207714,Q2168833,Cuneiform Tablet BM 028177,create,11,1,written,,
251174,Q2168834,"Cuneiform Tablet CUSAS 09, 440",create,8,1,written,,
329524,Q2168835,Cuneiform Tablet CUNES 48-02-162,create,7,1,written,,
511151,Q2168836,"Cuneiform Tablet AbB 05, 205",create,11,1,written,,
547731,Q2168837,Cuneiform Artifact CDLI Seals 025156 (physical),create,9,1,written,,
442651,Q2168838,"Cuneiform Tablet KBo 50, 127",create,10,1,written,,
414031,Q2168839,Cuneiform Tablet LKA 122,create,11,1,written,,
593939,Q2168840,Cuneiform Tablet BM 077499,create,10,1,written,,
569399,Q2168841,Cuneiform Tablet BM 044432,create,9,1,written,,
471832,Q2168842,"Cuneiform Tablet ARM 30, p. 326 M 12362",create,11,1,written,,
496859,Q2168843,"Cuneiform Tablet FM 11, 142",create,11,1,written,,
411233,Q2168844,"Cuneiform Tablet CUSAS 29, 095",create,9,1,written,,
513496,Q2168845,Cuneiform Artifact CDLI Seals 013708 (composite),create,10,0,written,,
440396,Q2168846,"Cuneiform Tablet KBo 42, 056",create,10,1,written,,
447453,Q2168847,"Cuneiform Tablet KUB 57, 078",create,10,1,written,,
542533,Q2168848,Cuneiform Artifact CDLI Seals 021679 (physical),create,9,1,written,,
420997,Q2168849,Cuneiform Tablet SMUI 1913.14.0860,create,9,1,written,,
589437,Q2168850,Cuneiform Tablet BM 070399,create,9,1,written,,
574952,Q2168851,Cuneiform Tablet BM 072176,create,8,1,written,,
514353,Q2168852,Cuneiform Artifact CDLI Seals 013790 (composite),create,10,0,written,,
568971,Q2168853,Cuneiform Tablet BM 043860,create,7,1,written,,
141822,Q2168854,"Cuneiform Tablet UTI 6, 3826",create,11,1,written,,
569663,Q2168855,Cuneiform Tablet BM 044723,create,8,1,written,,
307476,Q2168856,"Cuneiform Tablet YOS 12, 083",create,10,1,written,,
202516,Q2168857,Cuneiform Tablet BM 025158,create,10,1,written,,
601807,Q2168858,"Cuneiform Tablet KAL 09, 02",create,11,1,written,,
140730,Q2168859,"Cuneiform Tablet UTI 4, 2711",create,11,1,written,,
600715,Q2168860,Cuneiform Tablet BM 100732,create,10,1,written,,
572185,Q2168861,Cuneiform Tablet BM 049720,create,9,1,written,,
351216,Q2168862,"Cuneiform Tablet ARM 13, 026",create,11,1,written,,
597429,Q2168863,Cuneiform Tablet BM 083921,create,9,1,written,,
421685,Q2168864,Cuneiform Tablet CULC 595,create,7,1,written,,
261038,Q2168865,Cuneiform Tablet CBS 04769,create,10,1,written,,
332738,Q2168866,Cuneiform Tablet CUNES 48-08-107,create,8,1,written,,
575640,Q2168867,Cuneiform Tablet BM 050365,create,9,1,written,,
426140,Q2168868,Cuneiform Tablet Sm 1854,create,9,1,written,,
470720,Q2168869,Cuneiform Tablet PTS 2628,create,10,1,written,,
508370,Q2168870,Cuneiform Tablet Ott no. 48,create,11,1,written,,
248355,Q2168871,Cuneiform Tablet HMA 9-02855,create,11,1,written,,
111695,Q2168872,"Cuneiform Tablet ITT 5, 06985",create,11,1,written,,
595414,Q2168873,Cuneiform Tablet BM 080061,create,10,1,written,,
602728,Q2168874,Cuneiform Tablet Rm 0682,create,11,1,written,,
330705,Q2168875,Cuneiform Tablet IM 058851,create,11,1,written,,
263005,Q2168876,"Cuneiform Tablet Pihans 136, 292",create,11,1,written,,
405620,Q2168877,Cuneiform Tablet SM 1890.04.012,create,9,1,written,,
478310,Q2168878,Cuneiform Artifact CDLI Seals 011516 (physical),create,11,1,written,,
240765,Q2168879,"Cuneiform Tablet ARET 10, 044",create,10,1,written,,
309891,Q2168880,Cuneiform Tablet YBC 09169,create,11,1,written,,
500740,Q2168881,"Cuneiform Tablet BiMes 11, no. 202",create,11,1,written,,
578588,Q2168882,Cuneiform Tablet BM 053897,create,9,1,written,,
313065,Q2168883,"Cuneiform Tablet MARV 4, 143",create,9,1,written,,
453040,Q2168884,"Cuneiform Artifact RIME 4.02.09.02, ex. add14",create,10,1,written,,
498144,Q2168885,"Cuneiform Tablet Nisaba 34, 0246",create,10,1,written,,
338335,Q2168886,"Cuneiform Tablet STT 1, 018",create,10,1,written,,
556120,Q2168887,"Cuneiform Tablet AOAT 451, no. 233",create,11,1,written,,
369290,Q2168888,Cuneiform Tablet KAR 326,create,11,1,written,,
296950,Q2168889,Cuneiform Tablet MLC 02545,create,9,1,written,,
454785,Q2168890,Cuneiform Artifact CDLI Seals 002075 (composite),create,10,0,written,,
393830,Q2168891,Cuneiform Tablet ABL 0075,create,11,1,written,,
214138,Q2168892,"Cuneiform Tablet ITT 2, 03118",create,10,1,written,,
507085,Q2168893,"Cuneiform Tablet Nisaba 34, 0897",create,10,1,written,,
418911,Q2168894,Cuneiform Tablet K 20494,create,10,1,written,,
311058,Q2168895,Cuneiform Tablet YBC 10773,create,10,1,written,,
242758,Q2168896,"Cuneiform Tablet ARET 03, 563",create,10,1,written,,
347638,Q2168897,"Cuneiform Tablet OECT 15, 296",create,10,1,written,,
269408,Q2168898,Cuneiform Artifact CDLI Seals 001096 (physical),create,7,1,written,,
419603,Q2168899,Cuneiform Tablet K 21301,create,10,1,written,,
372576,Q2168900,"Cuneiform Tablet VS 09, 048 & 049",create,10,1,written,,
581007,Q2168901,Cuneiform Tablet BM 060142,create,9,1,written,,
277416,Q2168902,Cuneiform Tablet N 2320,create,11,1,written,,
537433,Q2168903,"Cuneiform Tablet OIP 65, 20",create,9,1,written,,
297642,Q2168904,Cuneiform Tablet NBC 04623,create,11,1,written,,
455897,Q2168905,Cuneiform Artifact CDLI Seals 003187 (composite),create,10,0,written,,
561253,Q2168906,Cuneiform Tablet BM 085041,create,9,1,written,,
290187,Q2168907,Cuneiform Tablet NBC 04087,create,11,1,written,,
501852,Q2168908,"Cuneiform Tablet TCTI 3, 06058",create,11,1,written,,
435296,Q2168909,"Cuneiform Tablet KBo 12, 027",create,10,1,written,,
392722,Q2168910,Cuneiform Tablet KTT 087,create,10,1,written,,
308783,Q2168911,"Cuneiform Tablet YOS 12, 009",create,11,1,written,,
566596,Q2168912,Cuneiform Tablet Cuneiform in Canaan Hazor 15,create,11,0,written,,
129613,Q2168913,Cuneiform Tablet SET 203,create,10,1,written,,
404932,Q2168914,"Cuneiform Tablet Iraq 60, 205",create,9,1,written,,
241877,Q2168915,Cuneiform Tablet P241877,create,10,1,written,,
344917,Q2168916,Cuneiform Tablet PRAK C 043,create,11,1,written,,
340057,Q2168917,"Cuneiform Tablet BPOA 01, 1402",create,11,1,written,,
316637,Q2168918,Cuneiform Tablet BM 015382,create,11,1,written,,
578422,Q2168919,Cuneiform Tablet BM 053618,create,10,1,written,,
598676,Q2168920,Cuneiform Tablet BM 087574,create,10,1,written,,
213757,Q2168921,"Cuneiform Tablet ITT 1, 01329",create,10,1,written,,
456612,Q2168922,Cuneiform Artifact CDLI Seals 003902 (composite),create,10,0,written,,
245137,Q2168923,"Cuneiform Tablet ARET 12, 0337 + unp. frag.",create,10,1,written,,
400072,Q2168924,Cuneiform Tablet K 12806,create,10,1,written,,
505112,Q2168925,Cuneiform Tablet YBC 15492,create,9,1,written,,
214092,Q2168926,"Cuneiform Tablet ITT 2, 03061",create,10,1,written,,
585947,Q2168927,Cuneiform Tablet BM 066410,create,10,1,written,,
553772,Q2168928,"Cuneiform Tablet PIHANS 86, pl. 58",create,11,1,written,,
238407,Q2168929,Cuneiform Tablet Geers Heft Ag p. 46-47 (K.05373+ Sm.0438+ Sm.1337 part ?),create,11,2,written,,
529587,Q2168930,"Cuneiform Tablet FM 06, 067",create,8,1,written,,
272244,Q2168931,"Cuneiform Tablet Emar 6/1, p. 212, Msk 7480d",create,9,1,written,,
584655,Q2168932,Cuneiform Tablet BM 064853,create,9,1,written,,
259114,Q2168933,"Cuneiform Tablet PBS 07, 040",create,10,1,written,,
461561,Q2168934,Cuneiform Tablet CBS 02496.28,create,7,1,written,,
346880,Q2168935,"Cuneiform Tablet UET 6, 0843",create,9,1,written,,
377324,Q2168936,Cuneiform Tablet BM 112314,create,10,1,written,,
437301,Q2168937,"Cuneiform Tablet KBo 27, 020",create,10,1,written,,
537599,Q2168938,Cuneiform Artifact CDLI Seals 016890 (physical),create,7,1,written,,
564401,Q2168939,Cuneiform Tablet BM 039420,create,10,1,written,,
532261,Q2168940,"Cuneiform Tablet Mesopotamia 30, 026 HY 724",create,10,1,written,,
210878,Q2168941,Cuneiform Tablet YBC 15068,create,11,1,written,,
392688,Q2168942,Cuneiform Tablet KTT 054,create,10,1,written,,
552860,Q2168943,"Cuneiform Tablet AOAT 398, O.57",create,10,1,written,,
457900,Q2168944,Cuneiform Artifact CDLI Seals 005190 (physical),create,8,1,written,,
599964,Q2168945,Cuneiform Tablet BM 096388,create,11,1,written,,
548094,Q2168946,Cuneiform Artifact CDLI Seals 025489 (physical),create,7,1,written,,
583190,Q2168947,Cuneiform Tablet BM 063031,create,9,1,written,,
397170,Q2168948,Cuneiform Tablet K 07362,create,10,1,written,,
226419,Q2168949,"Cuneiform Artifact RIME 3/2.01.01.26, ex. 11",create,11,1,written,,
375319,Q2168950,Cuneiform Tablet BM 095517,create,11,1,written,,
2271,Q2168951,"Cuneiform Tablet IM 023435,07",create,10,1,written,,
317925,Q2168952,Cuneiform Tablet BM 018239,create,11,1,written,,
586668,Q2168953,Cuneiform Tablet BM 067308,create,9,1,written,,
404898,Q2168954,Cuneiform Tablet BWL pl. 19 BM 034773,create,11,1,written,,
362825,Q2168955,Cuneiform Tablet PUL Ex 2339,create,10,1,written,,
398285,Q2168956,Cuneiform Tablet K 09736,create,10,1,written,,
353381,Q2168957,"Cuneiform Tablet ARM 23, 593",create,11,1,written,,
422800,Q2168958,Cuneiform Tablet BM 128028,create,7,1,written,,
527960,Q2168959,"Cuneiform Tablet Akkadica Suppl. 10, 030",create,11,1,written,,
308629,Q2168960,Cuneiform Tablet YBC 07704,create,10,2,written,,
471998,Q2168961,"Cuneiform Tablet ARM 30, p. 444 M 12595",create,11,1,written,,
547361,Q2168962,Cuneiform Artifact CDLI Seals 024789 (physical),create,9,1,written,,
300219,Q2168963,Cuneiform Tablet NBC 08884,create,11,1,written,,
253519,Q2168964,Cuneiform Tablet MS 4366,create,8,1,written,,
442201,Q2168965,"Cuneiform Tablet KBo 48, 260",create,10,1,written,,
511501,Q2168966,Cuneiform Artifact CDLI Seals 013024 (physical),create,9,1,written,,
302224,Q2168967,Cuneiform Tablet NCBT 00171,create,11,1,written,,
414461,Q2168968,"Cuneiform Tablet YOS 15, 006",create,7,1,written,,
354444,Q2168969,"Cuneiform Tablet ARM 25, 705",create,11,1,written,,
112810,Q2168970,"Cuneiform Artifact MCS 6, 104 4 AO 8028",create,11,1,written,,
411399,Q2168971,Cuneiform Tablet CUNES 51-03-038,create,8,1,written,,
326002,Q2164144,Cuneiform Tablet CUNES 52-07-023,rewrite,10,1,written,,
207344,Q2168972,Cuneiform Tablet BM 028530,create,11,1,written,,
542499,Q2168973,Cuneiform Artifact CDLI Seals 021645 (physical),create,9,1,written,,
251524,Q2168974,Cuneiform Tablet MS 2286/1,create,8,1,written,,
332692,Q2168975,Cuneiform Tablet CUNES 48-07-130,create,8,1,written,,
597583,Q2168976,"Cuneiform Tablet Pihans 135, 123",create,9,0,written,,
602682,Q2168977,"Cuneiform Tablet AKT 11b, 293",create,10,1,written,,
475172,Q2168978,Cuneiform Artifact CDLI Seals 008395 (physical),create,9,1,written,,
526672,Q2168979,"Cuneiform Tablet ABAW 143, 570",create,10,1,written,,
261192,Q2168980,Cuneiform Tablet Entrepreneurs 014,create,10,1,written,,
383563,Q2168981,"Cuneiform Tablet OIP 092, 0877",create,10,1,written,,
408442,Q2168982,"Cuneiform Tablet HSS 13, 240",create,10,1,written,,
286403,Q2168983,Cuneiform Tablet NBC 10084,create,11,1,written,,
495326,Q2168984,Cuneiform Tablet P495326,create,8,1,written,,
266657,Q2168985,Cuneiform Tablet CBS 11515,create,11,1,written,,
570012,Q2168986,Cuneiform Tablet BM 045104,create,7,1,written,,
363737,Q2168987,Cuneiform Tablet LBAT 0101,create,10,1,written,,
600345,Q2168988,Cuneiform Tablet BM 099523,create,10,1,written,,
350954,Q2168989,"Cuneiform Tablet ARM 12, 511",create,11,1,written,,
590246,Q2168990,Cuneiform Tablet BM 071312,create,9,1,written,,
592781,Q2168991,Cuneiform Tablet BM 074674,create,10,1,written,,
140360,Q2168992,"Cuneiform Tablet UTI 4, 2341",create,11,1,written,,
559685,Q2168993,Cuneiform Tablet BM 082678,create,11,1,written,,
337490,Q2168994,Cuneiform Tablet OIM A03316,create,11,1,written,,
597079,Q2168995,Cuneiform Tablet BM 083524,create,9,1,written,,
261468,Q2168996,"Cuneiform Tablet BE 10, 035",create,10,1,written,,
546989,Q2168997,Cuneiform Artifact CDLI Seals 024417 (physical),create,6,1,written,,
364508,Q2168998,Cuneiform Tablet LBAT 0320,create,11,1,written,,
204991,Q2168999,Cuneiform Artifact BM 019391,create,11,1,written,,
255834,Q2169000,Cuneiform Tablet UM 29-13-973,create,11,1,written,,
319038,Q2169001,Cuneiform Tablet BM 019643,create,11,1,written,,
595044,Q2169002,Cuneiform Tablet BM 079527,create,10,1,written,,
508720,Q2169003,"Cuneiform Tablet JCS 24, 066 no. 66",create,11,1,written,,
386761,Q2169004,"Cuneiform Tablet dubsar 3, 104",create,11,1,written,,
366535,Q2169005,"Cuneiform Tablet CT 56, 220",create,11,1,written,,
330355,Q2169006,Cuneiform Tablet OIM A31234,create,11,1,written,,
263455,Q2169007,Cuneiform Tablet CBS 08660,create,11,1,written,,
575210,Q2169008,Cuneiform Tablet BM 076597,create,7,1,written,,
475488,Q2169009,Cuneiform Artifact CDLI Seals 008748 (physical),create,9,1,written,,
352969,Q2169010,"Cuneiform Tablet ARM 23, 181",create,11,1,written,,
470370,Q2169011,Cuneiform Tablet PTS 2277,create,11,1,written,,
383099,Q2169012,"Cuneiform Tablet OIP 092, 0413",create,10,1,written,,
526388,Q2169013,"Cuneiform Tablet ABAW 143, 287",create,11,1,written,,
602378,Q2169014,Cuneiform Tablet BM 114773,create,10,1,written,,
257809,Q2169015,Cuneiform Tablet CBS 00363,create,9,1,written,,
249817,Q2169016,Cuneiform Tablet P249817,create,8,1,written,,
538396,Q2169017,Cuneiform Artifact CDLI Seals 017571 (physical),create,8,1,written,,
282913,Q2169018,Cuneiform Tablet Ist A 00301,create,9,1,written,,
202146,Q2169019,Cuneiform Tablet BM 102109,create,10,1,written,,
509832,Q2169020,"Cuneiform Tablet MHET 2/3, 452",create,10,1,written,,
351646,Q2169021,"Cuneiform Tablet ARM 19, 107",create,11,1,written,,
558997,Q2169022,Cuneiform Tablet BM 026485,create,11,1,written,,
254726,Q2169023,Cuneiform Tablet MCT 056,create,9,1,written,,
593893,Q2169024,Cuneiform Tablet BM 077423,create,10,1,written,,
447003,Q2169025,"Cuneiform Tablet KUB 51, 075",create,10,1,written,,
307026,Q2169026,Cuneiform Tablet YBC 05991,create,11,2,written,,
569233,Q2169027,Cuneiform Tablet BM 044235,create,7,1,written,,
8386,Q2169028,"Cuneiform Tablet MDP 17, 188",create,10,1,written,,
542163,Q2169029,Cuneiform Artifact CDLI Seals 021322 (physical),create,7,0,written,,
514703,Q2169030,"Cuneiform Artifact RINAP 5/3 Sîn-šarru-iškun 13, ex. 021",create,10,0,written,,
589067,Q2169031,Cuneiform Tablet BM 069962,create,9,1,written,,
392372,Q2169032,"Cuneiform Artifact RINAP 5/1 Ashurbanipal 003, ex. 152 ?",create,11,1,written,,
537063,Q2169033,Cuneiform Artifact CDLI Seals 015450 (physical),create,8,1,written,,
561603,Q2169034,Cuneiform Tablet BM 031368,create,10,1,written,,
372126,Q2169035,"Cuneiform Tablet VS 06, 231",create,7,1,written,,
277046,Q2169036,Cuneiform Tablet N 1932,create,11,1,written,,
419253,Q2169037,Cuneiform Tablet K 20883,create,10,1,written,,
270783,Q2169038,"Cuneiform Tablet CUSAS 15, 166",create,8,1,written,,
581457,Q2169039,Cuneiform Tablet BM 061070,create,10,1,written,,
586392,Q2169040,Cuneiform Tablet BM 066969,create,9,1,written,,
339877,Q2169041,"Cuneiform Tablet BPOA 01, 1222",create,11,1,written,,
453410,Q2169042,"Cuneiform Tablet BE 08/1, 002",create,9,1,written,,
556570,Q2169043,Cuneiform Tablet BM 032949,create,8,1,written,,
271891,Q2169044,"Cuneiform Tablet Emar 6/2, p. 498, Msk 74200e",create,9,1,written,,
478740,Q2169045,Cuneiform Artifact CDLI Seals 011946 (physical),create,9,1,written,,
338765,Q2169046,"Cuneiform Tablet ARM 04, 003",create,11,1,written,,
553288,Q2169047,Cuneiform Tablet Nbn. 431,create,10,1,written,,
3899,Q2169048,Cuneiform Tablet IM 134440,create,10,1,written,,
400588,Q2169049,Cuneiform Tablet K 14022,create,10,1,written,,
222909,Q2169050,"Cuneiform Artifact RIME 1.09.10.02, ex. 01",create,11,1,written,,
342590,Q2169051,Cuneiform Tablet MW 0188/099,create,7,1,written,,
211290,Q2169052,Cuneiform Tablet YBC 15719,create,11,1,written,,
389494,Q2169053,"Cuneiform Tablet TLB 01, 071",create,9,1,written,,
465871,Q2169054,Cuneiform Artifact CDLI Seals 014093 (physical),create,10,1,written,,
560911,Q2169055,Cuneiform Tablet BM 022631,create,9,1,written,,
269058,Q2169056,Cuneiform Tablet CBS 14037,create,7,1,written,,
242308,Q2169057,"Cuneiform Tablet ARET 03, 120",create,10,1,written,,
311408,Q2169058,"Cuneiform Tablet YOS 14, 005",create,11,1,written,,
214568,Q2169059,"Cuneiform Tablet ITT 2, 05749",create,10,1,written,,
431685,Q2169060,"Cuneiform Artifact RIME 4.02.13.10, ex. 09",create,10,1,written,,
238954,Q2169061,"Cuneiform Tablet BA 05, 636-638",create,11,1,written,,
533889,Q2169062,Cuneiform Artifact CDLI Seals 004330.4 (composite),create,7,0,written,,
562185,Q2169063,Cuneiform Tablet BM 032842,create,7,1,written,,
347268,Q2169064,"Cuneiform Tablet Tall Munbaqa-Ekalte 2, 23",create,9,1,written,,
294594,Q2169065,"Cuneiform Tablet GCCI 2, 310",create,10,1,written,,
3030,Q2169066,Cuneiform Tablet IM 133630,create,10,1,written,,
578971,Q2169067,Cuneiform Tablet BM 054715,create,9,1,written,,
227658,Q2169068,"Cuneiform Artifact PBS 11/3, 078",create,9,1,written,,
271038,Q2169069,Cuneiform Tablet EA 008,create,9,1,written,,
309468,Q2169070,Cuneiform Tablet YBC 08632,create,10,1,written,,
585414,Q2169071,"Cuneiform Tablet BM 065817 + 1882-09-18, 05808",create,9,1,written,,
587429,Q2169072,Cuneiform Tablet BM 068241,create,9,1,written,,
225665,Q2169073,"Cuneiform Artifact RIME 4.02.08.04, ex. 14",create,10,1,written,,
273005,Q2169074,"Cuneiform Tablet ARM 02, 094",create,11,1,written,,
518370,Q2169075,Cuneiform Tablet STUBM 102,create,11,1,written,,
565640,Q2169076,"Cuneiform Tablet OrNS 63/4 (1994) p. 305-344, L91-326",create,11,0,written,,
396331,Q2169077,Cuneiform Tablet K 06045,create,10,1,written,,
436140,Q2169078,"Cuneiform Tablet KBo 18, 153 + KBo 18, 153 + (?) KBo 18, 153a",create,10,1,written,,
376165,Q2169079,Cuneiform Tablet BM 110316,create,10,1,written,,
533020,Q2169080,Cuneiform Tablet PF-NN 0530,create,9,0,written,,
293251,Q2169081,"Cuneiform Tablet YOS 12, 417",create,11,2,written,,
503496,Q2169082,Cuneiform Tablet RS 16.0344,create,9,0,written,,
460720,Q2169083,Cuneiform Tablet FLP 2335,create,8,1,written,,
461832,Q2169084,Cuneiform Tablet UM 39-09-002,create,7,1,written,,
564952,Q2169085,Cuneiform Tablet BM 046896,create,8,1,written,,
212516,Q2169086,"Cuneiform Tablet ETB 2, 14",create,10,1,written,,
341216,Q2169087,"Cuneiform Tablet ARM 07, 013",create,11,1,written,,
244376,Q2169088,"Cuneiform Tablet ARET 12, 1093",create,10,1,written,,
450396,Q2169089,"Cuneiform Artifact RINAP 4 Esarhaddon 001, ex. 021",create,11,1,written,,
579663,Q2169090,Cuneiform Tablet BM 058573,create,10,1,written,,
457453,Q2169091,Cuneiform Artifact CDLI Seals 004743 (composite),create,10,0,written,,
552533,Q2169092,Cuneiform Tablet Camb. 149,create,10,1,written,,
599437,Q2169093,Cuneiform Tablet BM 094860,create,11,1,written,,
401233,Q2169094,Cuneiform Tablet K 15210,create,10,1,written,,
239646,Q2169095,Cuneiform Tablet K 18776,create,10,1,written,,
430997,Q2169096,"Cuneiform Tablet RA 028, 105",create,6,1,written,,
382722,Q2169097,"Cuneiform Tablet OIP 092, 0036",create,10,1,written,,
504353,Q2169098,Cuneiform Tablet IM 067670,create,9,1,written,,
445897,Q2169099,"Cuneiform Tablet KUB 37, 173",create,10,1,written,,
571253,Q2169100,Cuneiform Tablet BM 047980,create,8,1,written,,
591007,Q2169101,Cuneiform Tablet BM 072317,create,9,1,written,,
422553,Q2169102,"Cuneiform Artifact RIMA 2.0.101.057, ex. 05",create,11,1,written,,
494167,Q2169103,Cuneiform Tablet P494167,create,7,1,written,,
474333,Q2169104,Cuneiform Artifact CDLI Seals 007556 (physical),create,10,1,written,,
362576,Q2169105,"Cuneiform Tablet Nisaba 33, 385",create,11,1,written,,
267416,Q2169106,"Cuneiform Tablet BE 08/1, 041",create,10,1,written,,
409603,Q2169107,Cuneiform Tablet CUNES 48-09-228,create,6,1,written,,
354917,Q2169108,"Cuneiform Tablet ARM 26/2, 360",create,11,1,written,,
112543,Q2169109,Cuneiform Tablet Prima del’alfabeto 44,create,10,1,written,,
139613,Q2169110,Cuneiform Tablet Umma 104,create,10,1,written,,
511852,Q2169111,Cuneiform Artifact CDLI Seals 013320 (physical),create,11,1,written,,
425296,Q2169112,Cuneiform Tablet Sm 0204,create,9,1,written,,
251877,Q2169113,"Cuneiform Tablet MSCT 1, 169, 193, MS 2830",create,8,1,written,,
414932,Q2169114,"Cuneiform Tablet UET 5, 0028",create,11,1,written,,
576596,Q2169115,Cuneiform Tablet BM 051532,create,9,1,written,,
319891,Q2169116,Cuneiform Tablet BM 022230,create,11,1,written,,
443040,Q2169117,"Cuneiform Tablet KBo 53, 237",create,10,1,written,,
415620,Q2169118,"Cuneiform Tablet UET 5, 0750",create,10,1,written,,
355605,Q2169119,"Cuneiform Tablet YOS 10, 60",create,10,1,written,,
468310,Q2169120,Cuneiform Tablet U 16240a,create,7,0,written,,
546120,Q2169121,Cuneiform Artifact CDLI Seals 023791 (physical),create,9,1,written,,
303065,Q2169122,Cuneiform Tablet NCBT 01012,create,11,1,written,,
379290,Q2169123,Cuneiform Tablet BM 088191,create,10,1,written,,
444785,Q2169124,"Cuneiform Tablet KUB 23, 109 +? VSNF 12.130",create,11,1,written,,
383830,Q2169125,"Cuneiform Tablet OIP 092, 1144",create,10,1,written,,
517085,Q2169126,"Cuneiform Tablet New IM 1, 034",create,11,1,written,,
568588,Q2169127,Cuneiform Tablet BM 049445,create,9,1,written,,
408911,Q2169128,"Cuneiform Tablet HSS 15, 042",create,10,1,written,,
568072,Q2169129,Cuneiform Tablet BM 042050,create,9,1,written,,
350407,Q2169130,"Cuneiform Tablet ARM 11, 264",create,11,1,written,,
279408,Q2169131,Cuneiform Tablet N 4594,create,9,1,written,,
255567,Q2169132,Cuneiform Tablet UM 29-13-641,create,11,1,written,,
543322,Q2169133,Cuneiform Artifact TA 1932 1313,create,9,1,written,,
588226,Q2169134,Cuneiform Tablet BM 069002,create,10,1,written,,
446242,Q2169135,"Cuneiform Tablet KUB 42, 070",create,10,1,written,,
366866,Q2169136,"Cuneiform Tablet CT 56, 551",create,10,1,written,,
410422,Q2169137,Cuneiform Tablet CUNES 49-03-149,create,8,1,written,,
523923,Q2169138,Cuneiform Tablet 1096.27 unpublished assigned,create,10,1,written,,
572886,Q2169139,Cuneiform Tablet BM 049910,create,8,1,written,,
512287,Q2169140,"Cuneiform Tablet JCS 02, 111 24",create,10,1,written,,
441587,Q2169141,"Cuneiform Tablet KBo 46, 282",create,10,1,written,,
234074,Q2169142,"Cuneiform Artifact RIME 3/1.01.07.041, ex. 148",create,11,1,written,,
367774,Q2169143,"Cuneiform Tablet CT 57, 0634",create,11,1,written,,
331114,Q2169144,"Cuneiform Tablet Nisaba 05/1, 052",create,11,1,written,,
249544,Q2169145,"Cuneiform Tablet AUCT 5, 023",create,8,1,written,,
594205,Q2169146,Cuneiform Tablet BM 078000,create,9,1,written,,
471131,Q2169147,Cuneiform Tablet PTS 3039,create,11,1,written,,
574051,Q2169148,"Cuneiform Tablet OBO 260, no. 351",create,10,1,written,,
427751,Q2169149,"Cuneiform Artifact RINBE 1, Nebuchadnezzar II nn, ex. nn",create,9,1,written,,
387520,Q2169150,"Cuneiform Tablet CUSAS 21, 251",create,8,1,written,,
603139,Q2169151,"Cuneiform Tablet PEQ 32 (1900), 261 no. 2",create,9,0,written,,
573794,Q2169152,"Cuneiform Tablet OBO 260, no. 478",create,11,1,written,,
420094,Q2169153,Cuneiform Tablet K 21881,create,10,1,written,,
285385,Q2169154,"Cuneiform Tablet BAM 3, 301",create,8,1,written,,
601104,Q2169155,Cuneiform Tablet BM 101155,create,10,1,written,,
260629,Q2169156,Cuneiform Tablet CBS 04312,create,9,1,written,,
596238,Q2169157,Cuneiform Artifact BM 081865,create,10,1,written,,
493358,Q2169158,Cuneiform Tablet P493358,create,7,1,written,,
141121,Q2169159,"Cuneiform Tablet UTI 5, 3102",create,11,1,written,,
365749,Q2169160,"Cuneiform Tablet CT 24, pl. 03-11, K 04333",create,9,1,written,,
506694,Q2169161,"Cuneiform Tablet Nisaba 34, 0444",create,10,1,written,,
581904,Q2169162,Cuneiform Tablet BM 061657,create,11,1,written,,
368481,Q2169163,"Cuneiform Tablet TCL 32, 004",create,9,1,written,,
455194,Q2169164,Cuneiform Artifact CDLI Seals 002484 (composite),create,10,0,written,,
318279,Q2169165,Cuneiform Tablet BM 018696,create,11,1,written,,
310649,Q2169166,Cuneiform Tablet YBC 10359,create,10,1,written,,
557731,Q2169167,Cuneiform Tablet BM 039756,create,8,1,written,,
452651,Q2169168,Cuneiform Tablet P452651,create,10,1,written,,
501151,Q2169169,"Cuneiform Tablet TCTI 3, 04887",create,11,1,written,,
339524,Q2169170,"Cuneiform Tablet BPOA 01, 0868",create,11,1,written,,
344014,Q2169171,Cuneiform Tablet PRAK B 198,create,11,1,written,,
404031,Q2169172,Cuneiform Tablet K 19054,create,10,1,written,,
243149,Q2169173,"Cuneiform Tablet ARET 03, 953",create,10,1,written,,
241174,Q2169174,Cuneiform Tablet P241174,create,10,1,written,,
583939,Q2169175,Cuneiform Tablet BM 063872,create,10,1,written,,
479501,Q2169176,"Cuneiform Tablet FM 02, 076",create,11,1,written,,
579399,Q2169177,Cuneiform Tablet BM 055331,create,10,1,written,,
216806,Q2169178,"Cuneiform Artifact RIME 2.15.01.01, ex. 06",create,9,1,written,,
567387,Q2169179,"Cuneiform Tablet Iraq 59, 172, no. 51",create,8,1,written,,
556823,Q2169180,"Cuneiform Tablet ADART 4, p. 111, BM 032316",create,9,1,written,,
434487,Q2169181,"Cuneiform Tablet IBoT 04, 141",create,10,1,written,,
433342,Q2169182,"Cuneiform Tablet W 19900,012",create,9,1,written,,
296053,Q2169183,"Cuneiform Tablet YOS 13, 254",create,10,1,written,,
291796,Q2169184,Cuneiform Tablet NBC 00415,create,11,1,written,,
309192,Q2169185,Cuneiform Tablet YBC 08309,create,10,2,written,,
560442,Q2169186,Cuneiform Tablet BM 016957,create,9,1,written,,
465522,Q2169187,"Cuneiform Artifact RIMA 1.0.077.002, ex. 40",create,11,1,written,,
393133,Q2169188,Cuneiform Tablet P393133,create,8,1,written,,
276207,Q2169189,Cuneiform Tablet N 1061,create,11,1,written,,
418012,Q2169190,"Cuneiform Tablet HSS 15, 335f",create,10,1,written,,
373367,Q2169191,"Cuneiform Tablet VS 22, 45",create,10,1,written,,
507986,Q2169192,"Cuneiform Tablet É-dub-ba-a 09, 09",create,9,1,written,,
580616,Q2169193,Cuneiform Tablet BM 059636,create,10,1,written,,
528396,Q2169194,Cuneiform Tablet IM 090627,create,9,1,written,,
504703,Q2169195,Cuneiform Artifact CDLI Seals 013576 (physical),create,8,1,written,,
401663,Q2169196,Cuneiform Tablet K 15907 + K 16807,create,10,1,written,,
397873,Q2169197,Cuneiform Tablet K 09031,create,10,1,written,,
259817,Q2169198,"Cuneiform Tablet BE 15, 190",create,10,1,written,,
599067,Q2169199,Cuneiform Tablet BM 094185,create,10,1,written,,
457003,Q2169200,Cuneiform Artifact CDLI Seals 004293 (composite),create,10,0,written,,
579233,Q2169201,Cuneiform Tablet BM 055091,create,8,1,written,,
583893,Q2169202,Cuneiform Tablet BM 063808,create,11,1,written,,
548997,Q2169203,Cuneiform Artifact CDLI Seals 026355 (physical),create,8,1,written,,
552163,Q2169204,Cuneiform Tablet Nbn. 1083,create,9,1,written,,
341646,Q2169205,"Cuneiform Tablet ARM 09, 064",create,11,1,written,,
244726,Q2169206,"Cuneiform Tablet ARET 12, 1413",create,10,1,written,,
340954,Q2169207,"Cuneiform Tablet BPOA 02, 2300",create,11,1,written,,
245834,Q2169208,Cuneiform Tablet P245834,create,10,1,written,,
549685,Q2169209,"Cuneiform Tablet Sumer 09, 25 28",create,11,1,written,,
582781,Q2169210,Cuneiform Tablet BM 062694,create,10,1,written,,
400971,Q2169211,Cuneiform Tablet K 14748,create,10,1,written,,
505811,Q2169212,Cuneiform Tablet YBC 01938,create,7,1,written,,
322368,Q2169213,Cuneiform Tablet CUNES 47-12-151,create,9,1,written,,
374508,Q2169214,Cuneiform Tablet BM 093658,create,11,1,written,,
556989,Q2169215,"Cuneiform Tablet ADART 4, no. -368",create,9,1,written,,
309038,Q2169216,Cuneiform Tablet YBC 08146,create,10,1,written,,
271468,Q2169217,"Cuneiform Tablet Emar 6/1, p. 258 and Emar 6/1 p. 259, Msk 74103f",create,9,1,written,,
3460,Q2169218,Cuneiform Tablet IM 133962,create,10,1,written,,
533470,Q2169219,Cuneiform Artifact CDLI Seals 002586.1 (composite),create,7,0,written,,
227208,Q2169220,"Cuneiform Tablet Subartu 02, 029",create,10,1,written,,
565210,Q2169221,"Cuneiform Tablet ADART 1, no. -302",create,10,1,written,,
587079,Q2169222,Cuneiform Tablet BM 067804,create,9,1,written,,
396761,Q2169223,"Cuneiform Tablet CT 41, pl. 02, K 06734",create,11,1,written,,
460370,Q2169224,Cuneiform Tablet FLP 1916,create,8,1,written,,
436510,Q2169225,"Cuneiform Tablet KBo 22, 024",create,10,1,written,,
258705,Q2169226,Cuneiform Tablet CBS 01372,create,10,1,written,,
6398,Q2169227,"Cuneiform Tablet CUSAS 31, 052",create,9,1,written,,
376535,Q2169228,Cuneiform Tablet BM 110639,create,10,1,written,,
585044,Q2169229,Cuneiform Tablet BM 065357,create,9,1,written,,
273455,Q2169230,Cuneiform Tablet P273455,create,8,1,written,,
320355,Q2169231,Cuneiform Tablet BM 023395,create,11,1,written,,
465488,Q2169232,"Cuneiform Artifact RIMA 3.0.105.x1001, ex. 01",create,11,1,written,,
510310,Q2169233,Cuneiform Artifact Hiring Workers 005,create,11,1,written,,
443410,Q2169234,"Cuneiform Tablet KBo 54, 302",create,10,1,written,,
355255,Q2169235,"Cuneiform Tablet ARM 27, 153",create,11,1,written,,
415270,Q2169236,"Cuneiform Tablet UET 5, 0391",create,10,1,written,,
328765,Q2169237,Cuneiform Tablet CUNES 52-20-066,create,9,1,written,,
475871,Q2169238,Cuneiform Artifact CDLI Seals 009131 (physical),create,9,1,written,,
410588,Q2169239,Cuneiform Tablet CUNES 49-08-035,create,8,1,written,,
543288,Q2169240,Cuneiform Artifact TA 1932 0829,create,9,1,written,,
570911,Q2169241,Cuneiform Tablet BM 047286,create,8,1,written,,
232909,Q2169242,"Cuneiform Artifact RIME 3/1.01.07.037, ex. 0158",create,11,1,written,,
337869,Q2169243,Cuneiform Tablet OIM A05281,create,11,1,written,,
399494,Q2169244,Cuneiform Tablet K 11867,create,10,1,written,,
252308,Q2169245,Cuneiform Tablet MS 3367,create,7,1,written,,
352590,Q2169246,"Cuneiform Tablet ARM 22, 144",create,11,1,written,,
279058,Q2169247,Cuneiform Tablet N 4193,create,11,1,written,,
591457,Q2169248,Cuneiform Tablet BM 072864,create,9,1,written,,
523889,Q2169249,Cuneiform Tablet 3080.04 unpublished assigned,create,10,1,written,,
362126,Q2169250,"Cuneiform Tablet Nisaba 33, 1087",create,11,1,written,,
267046,Q2169251,Cuneiform Tablet CBS 11910,create,11,1,written,,
409253,Q2169252,"Cuneiform Tablet HSS 16, 231",create,10,1,written,,
527063,Q2169253,Cuneiform Artifact CDLI Seals 014456 (composite),create,10,0,written,,
603093,Q2169254,"Cuneiform Tablet Fs Lambert 209, text 51 B",create,10,1,written,,
494537,Q2169255,Cuneiform Tablet P494537,create,8,1,written,,
571603,Q2169256,Cuneiform Tablet BM 048571,create,8,1,written,,
349276,Q2169257,"Cuneiform Tablet AUWE 23, 283",create,10,1,written,,
474763,Q2169258,Cuneiform Artifact CDLI Seals 007986 (physical),create,11,1,written,,
329877,Q2169259,Cuneiform Tablet CUNES 47-00-002,create,9,1,written,,
422103,Q2169260,"Cuneiform Artifact RINAP 5/1 Ashurbanipal 011, ex. 133",create,10,1,written,,
260783,Q2169261,Cuneiform Tablet CBS 04466,create,10,1,written,,
333083,Q2169262,Cuneiform Tablet OIM A00630,create,11,1,written,,
471561,Q2169263,Cuneiform Tablet PTS 3470,create,9,1,written,,
262244,Q2169264,Cuneiform Tablet CBS 07213,create,10,1,written,,
356880,Q2169265,Cuneiform Tablet Ist Ni 09535,create,10,1,written,,
387170,Q2169266,"Cuneiform Tablet TCL 12, 105",create,11,1,written,,
367324,Q2169267,"Cuneiform Tablet CT 57, 0182",create,11,1,written,,
282010,Q2169268,"Cuneiform Tablet MARV 3, 78",create,9,1,written,,
491735,Q2169269,"Cuneiform Tablet BA 05, 498 23",create,11,1,written,,
574401,Q2169270,Cuneiform Tablet BM 053859,create,8,1,written,,
509131,Q2169271,Cuneiform Artifact CDLI Seals 012833 (composite),create,9,0,written,,
594655,Q2169272,Cuneiform Tablet BM 078990,create,10,1,written,,
234424,Q2169273,"Cuneiform Artifact RIME 3/1.01.07.051, ex. 08",create,11,1,written,,
382688,Q2169274,"Cuneiform Tablet OIP 092, 0002",create,11,1,written,,
527599,Q2169275,Cuneiform Tablet BM 097422,create,10,1,written,,
305918,Q2169276,"Cuneiform Tablet YOS 05, 107",create,11,1,written,,
200878,Q2169277,Cuneiform Tablet NBC 05191,create,11,1,written,,
593190,Q2169278,Cuneiform Tablet BM 076221,create,10,1,written,,
558094,Q2169279,Cuneiform Tablet BM 042866,create,8,1,written,,
265581,Q2169280,Cuneiform Tablet MUN 367,create,11,1,written,,
202845,Q2169281,Cuneiform Tablet BM 023899,create,11,1,written,,
474299,Q2169282,Cuneiform Artifact CDLI Seals 007522 (physical),create,9,1,written,,
307925,Q2169283,Cuneiform Tablet YBC 06910,create,11,1,written,,
141571,Q2169284,"Cuneiform Tablet UTI 6, 3558",create,11,1,written,,
589964,Q2169285,Cuneiform Tablet BM 071000,create,9,1,written,,
318629,Q2169286,Cuneiform Tablet BM 019149,create,11,1,written,,
601554,Q2169287,Cuneiform Tablet BM 101665,create,10,1,written,,
542860,Q2169288,Cuneiform Artifact CDLI Seals 022006 (physical),create,10,1,written,,
447900,Q2169289,Cuneiform Tablet VBoT 054,create,9,1,written,,
414898,Q2169290,"Cuneiform Tablet UET 4, 0202",create,10,1,written,,
260279,Q2169291,Cuneiform Tablet CBS 03951,create,10,1,written,,
236419,Q2169292,"Cuneiform Tablet BIN 09, 409",create,10,1,written,,
493708,Q2169293,Cuneiform Tablet P493708,create,7,1,written,,
365319,Q2169294,"Cuneiform Tablet CT 14, pl. 07, K 04206 +",create,9,1,written,,
543772,Q2169295,Cuneiform Tablet LB 2552 (unpublished),create,10,1,written,,
596668,Q2169296,Cuneiform Tablet BM 083062,create,9,1,written,,
588676,Q2169297,Cuneiform Tablet BM 069506,create,9,1,written,,
333579,Q2169298,Cuneiform Tablet ILAJ III 33,create,8,1,written,,
410072,Q2169299,Cuneiform Tablet CUNES 48-12-154,create,6,1,written,,
446612,Q2169300,"Cuneiform Tablet KUB 47, 082",create,10,1,written,,
350057,Q2169301,"Cuneiform Tablet ARM 10, 093",create,11,1,written,,
203757,Q2169302,Cuneiform Tablet BM 024997,create,11,1,written,,
595947,Q2169303,Cuneiform Tablet BM 081497,create,10,1,written,,
568422,Q2169304,Cuneiform Tablet BM 049270,create,9,1,written,,
306637,Q2169305,Cuneiform Tablet YBC 05569,create,10,2,written,,
539587,Q2169306,Cuneiform Artifact CDLI Seals 018707 (physical),create,6,1,written,,
255137,Q2169307,Cuneiform Tablet UM 29-13-102,create,11,1,written,,
271192,Q2169308,Cuneiform Tablet EA 203,create,9,1,written,,
587583,Q2169309,Cuneiform Tablet BM 068438,create,10,1,written,,
580246,Q2169310,Cuneiform Tablet BM 059194,create,10,1,written,,
433712,Q2169311,Cuneiform Tablet FHL 037,create,10,1,written,,
373737,Q2169312,"Cuneiform Tablet VS 28, 151",create,10,1,written,,
325157,Q2169313,"Cuneiform Tablet CUSAS 01, 007",create,9,1,written,,
465172,Q2169314,"Cuneiform Artifact RIMA 3.0.102.044, ex. 155",create,11,1,written,,
560012,Q2169315,Cuneiform Tablet BM 013968,create,9,1,written,,
296403,Q2169316,"Cuneiform Tablet JCS 05, 095, MLC 01726",create,9,1,written,,
372825,Q2169317,"Cuneiform Tablet VS 13, 074",create,10,1,written,,
432800,Q2169318,"Cuneiform Tablet OrSP 2, p. 56-57, tab. I, III.",create,7,1,written,,
393563,Q2169319,"Cuneiform Tablet HSS 05, 075",create,10,1,written,,
277945,Q2169320,Cuneiform Tablet N 2876,create,11,1,written,,
210481,Q2169321,"Cuneiform Tablet BPOA 06, 0705",create,11,1,written,,
388285,Q2169322,Cuneiform Tablet Education in the Earliest Schools 050,create,7,1,written,,
537960,Q2169323,Cuneiform Artifact CDLI Seals 017135 (physical),create,7,1,written,,
215379,Q2169324,"Cuneiform Tablet MAD 5, 056",create,10,1,written,,
312224,Q2169325,Cuneiform Tablet YBC 12268,create,10,1,written,,
346479,Q2169326,"Cuneiform Tablet UET 6, 0440",create,10,1,written,,
310219,Q2169327,Cuneiform Tablet YBC 09497,create,11,1,written,,
501501,Q2169328,"Cuneiform Tablet TCTI 3, 05392",create,11,1,written,,
344444,Q2169329,Cuneiform Tablet PRAK A 152,create,8,1,written,,
557361,Q2169330,Cuneiform Tablet BM 035953,create,8,1,written,,
404461,Q2169331,Cuneiform Tablet K 19668,create,10,1,written,,
339174,Q2169332,"Cuneiform Tablet BPOA 01, 0516",create,11,1,written,,
241524,Q2169333,Cuneiform Tablet P241524,create,10,1,written,,
452201,Q2169334,Cuneiform Tablet P452201,create,9,1,written,,
204587,Q2169335,Cuneiform Tablet BM 028264,create,11,1,written,,
275978,Q2169336,Cuneiform Tablet NATN p. 58 catalogue,create,11,1,written,,
552499,Q2169337,Cuneiform Tablet Cyr. 196,create,11,1,written,,
401399,Q2169338,Cuneiform Tablet K 15495,create,10,1,written,,
366923,Q2169339,"Cuneiform Tablet CT 56, 608",create,11,1,written,,
370818,Q2169340,Cuneiform Tablet LFBD 06,create,10,1,written,,
539092,Q2169341,Cuneiform Artifact CDLI Seals 018270 (physical),create,8,1,written,,
410567,Q2169342,Cuneiform Tablet CUNES 49-03-294,create,8,1,written,,
523866,Q2169343,Cuneiform Tablet 3064.0129999999999 unpublished assigned,create,10,1,written,,
588363,Q2169344,Cuneiform Tablet BM 069149,create,9,1,written,,
9082,Q2169345,"Cuneiform Tablet MDP 26, 394",create,10,1,written,,
543267,Q2169346,Cuneiform Artifact TA 1932 0727c,create,8,0,written,,
350542,Q2169347,"Cuneiform Tablet ARM 12, 099",create,11,1,written,,
306322,Q2169348,Cuneiform Tablet YBC 05231,create,10,1,written,,
446307,Q2169349,"Cuneiform Tablet KUB 43, 036",create,10,1,written,,
141064,Q2169350,"Cuneiform Tablet UTI 5, 3045",create,11,1,written,,
255422,Q2169351,Cuneiform Tablet UM 29-13-472a,create,11,1,written,,
593485,Q2169352,Cuneiform Tablet BM 076603 + BM 076788,create,9,1,written,,
558581,Q2169353,Cuneiform Tablet BM 047843,create,8,1,written,,
568137,Q2169354,Cuneiform Tablet BM 042225,create,10,1,written,,
425629,Q2169355,Cuneiform Tablet Sm 0855,create,9,1,written,,
280538,Q2169356,Cuneiform Tablet N 6787,create,8,1,written,,
337886,Q2169357,Cuneiform Tablet OIM A05325,create,11,1,written,,
576129,Q2169358,Cuneiform Tablet BM 051008,create,9,1,written,,
601041,Q2169359,Cuneiform Tablet BM 101079,create,10,1,written,,
473049,Q2169360,Cuneiform Artifact CDLI Seals 006794 (physical),create,10,1,written,,
520749,Q2169361,Cuneiform Tablet KTU3 4.652,create,10,1,written,,
385458,Q2169362,"Cuneiform Tablet OECT 12, pl. 17, A 120",create,10,1,written,,
471074,Q2169363,Cuneiform Tablet PTS 2982,create,10,1,written,,
574114,Q2169364,"Cuneiform Tablet OBO 260, no. 589",create,11,1,written,,
458319,Q2169365,Cuneiform Artifact CDLI Seals 005609 (composite),create,10,0,written,,
262751,Q2169366,Cuneiform Tablet CBS 07738,create,10,1,written,,
249401,Q2169367,"Cuneiform Tablet AUCT 5, 168",create,8,1,written,,
234131,Q2169368,"Cuneiform Artifact RIME 3/1.01.07.041, ex. 205",create,11,1,written,,
387465,Q2169369,Cuneiform Tablet Fourth Symposium 89ff. photo 1,create,10,1,written,,
594340,Q2169370,Cuneiform Tablet BM 078401,create,11,1,written,,
491220,Q2169371,"Cuneiform Artifact RIME 1.15.add045.01, ex. 01",create,9,1,written,,
438918,Q2169372,"Cuneiform Tablet KBo 35, 130",create,10,1,written,,
331051,Q2169373,"Cuneiform Artifact ITT 5, 09751",create,11,1,written,,
367631,Q2169374,"Cuneiform Tablet CT 57, 0489",create,11,1,written,,
349299,Q2169375,"Cuneiform Tablet AUWE 23, 306",create,9,1,written,,
509424,Q2169376,"Cuneiform Tablet MHET 1/1, 047",create,11,1,written,,
479444,Q2169377,"Cuneiform Tablet FM 02, 019",create,11,1,written,,
312731,Q2169378,Cuneiform Tablet YBC 15531,create,9,1,written,,
501014,Q2169379,"Cuneiform Tablet TCTI 3, 00580+",create,11,1,written,,
404174,Q2169380,Cuneiform Tablet K 19291,create,10,1,written,,
339461,Q2169381,"Cuneiform Tablet BPOA 01, 0805",create,11,1,written,,
241031,Q2169382,Cuneiform Tablet P241031,create,10,1,written,,
344151,Q2169383,Cuneiform Tablet PRAK B 335,create,11,1,written,,
499610,Q2169384,"Cuneiform Tablet KAL 03, 004",create,11,1,written,,
557674,Q2169385,Cuneiform Tablet BM 039205,create,8,1,written,,
599088,Q2169386,Cuneiform Artifact BM 094227,create,9,1,written,,
136159,Q2169387,Cuneiform Tablet UDT 030,create,11,1,written,,
210194,Q2169388,Cuneiform Tablet YBC 14071,create,11,1,written,,
452714,Q2169389,"Cuneiform Tablet BBR pl. 61 1883-01-18, 0504",create,10,1,written,,
581841,Q2169390,Cuneiform Tablet BM 061576,create,9,1,written,,
548978,Q2169391,Cuneiform Artifact CDLI Seals 026336 (physical),create,8,1,written,,
555649,Q2169392,Cuneiform Tablet BM 017682,create,10,1,written,,
276342,Q2169393,"Cuneiform Artifact Hattori diss. p. 280, N 1191",create,11,1,written,,
503029,Q2169394,"Cuneiform Tablet SANTAG 09, 064",create,11,1,written,,
528379,Q2169395,Cuneiform Tablet IM 090600,create,9,1,written,,
465467,Q2169396,"Cuneiform Artifact RIMA 3.0.104.021, ex. 01",create,11,1,written,,
580753,Q2169397,Cuneiform Tablet BM 059798,create,10,1,written,,
325442,Q2169398,Cuneiform Tablet CUNES 51-05-015,create,10,1,written,,
296116,Q2169399,"Cuneiform Tablet YOS 13, 298",create,9,2,written,,
433207,Q2169400,Cuneiform Tablet X.3.235 unpublished assigned,create,7,1,written,,
373222,Q2169401,"Cuneiform Tablet VS 20, 045",create,9,1,written,,
556966,Q2169402,"Cuneiform Tablet ADART 4, p. 317, BM 036863",create,8,1,written,,
560507,Q2169403,Cuneiform Tablet BM 017150,create,9,1,written,,
587096,Q2169404,Cuneiform Tablet BM 067822,create,9,1,written,,
216943,Q2169405,Cuneiform Artifact RTC 167,create,10,1,written,,
322387,Q2169406,Cuneiform Tablet CUNES 47-12-170,create,8,1,written,,
396274,Q2169407,"Cuneiform Tablet BPO 4, 202 G, K 05936",create,11,1,written,,
271487,Q2169408,"Cuneiform Tablet Emar 6/1, p. 267, Msk 74105k",create,10,1,written,,
565705,Q2169409,"Cuneiform Tablet OrNS 63/4 (1994) p. 305-344, L91-822",create,11,0,written,,
460665,Q2169410,Cuneiform Tablet FLP 2276,create,9,1,written,,
6377,Q2169411,"Cuneiform Tablet CUSAS 01, 105",create,8,1,written,,
436005,Q2169412,"Cuneiform Tablet KBo 18, 018",create,10,1,written,,
533165,Q2169413,Cuneiform Tablet PF-NN 0711,create,9,0,written,,
529991,Q2169414,"Cuneiform Tablet PIHANS 117, 189",create,11,1,written,,
273140,Q2169415,Cuneiform Tablet Gilgamesh II 108 JJ,create,11,1,written,,
258210,Q2169416,Cuneiform Tablet CBS 00757,create,9,1,written,,
1148,Q2169417,"Cuneiform Tablet ATU 5, pl. 047, W 9206,q",create,10,1,written,,
293314,Q2169418,"Cuneiform Tablet CRRAI 61, 281-291 NBC 11509",create,10,2,written,,
585551,Q2169419,Cuneiform Tablet BM 065970,create,9,1,written,,
225720,Q2169420,"Cuneiform Artifact RIME 4.02.13.20, ex. 06",create,10,1,written,,
480431,Q2169421,"Cuneiform Tablet StPohl SM 11, 37",create,9,1,written,,
578834,Q2169422,Cuneiform Tablet BM 054264,create,10,1,written,,
3175,Q2169423,Cuneiform Tablet IM 133670,create,10,1,written,,
582294,Q2169424,Cuneiform Tablet BM 062133,create,10,1,written,,
394249,Q2169425,"Cuneiform Tablet Nisaba 2, pl. V 2",create,10,1,written,,
567738,Q2169426,Cuneiform Tablet BM 040358,create,9,1,written,,
549390,Q2169427,Cuneiform Artifact CDLI Seals 026632 (physical),create,7,1,written,,
238811,Q2169428,Cuneiform Tablet K 08884,create,10,1,written,,
457516,Q2169429,Cuneiform Artifact CDLI Seals 004806 (composite),create,10,0,written,,
462658,Q2169430,Cuneiform Tablet CST 453,create,10,1,written,,
449508,Q2169431,Cuneiform Artifact CUNES 49-05-036,create,8,1,written,,
401376,Q2169432,Cuneiform Tablet K 15461,create,10,1,written,,
434038,Q2169433,Cuneiform Tablet HT 034,create,10,1,written,,
239703,Q2169434,Cuneiform Tablet K 19002,create,11,1,written,,
599572,Q2169435,Cuneiform Artifact BM 095270,create,10,1,written,,
244233,Q2169436,"Cuneiform Tablet ARET 12, 0947",create,10,1,written,,
579726,Q2169437,Cuneiform Tablet BM 058638,create,10,1,written,,
212453,Q2169438,"Cuneiform Tablet MAD 1, 180",create,9,1,written,,
552476,Q2169439,Cuneiform Tablet Cyr. 149,create,10,1,written,,
504216,Q2169440,Cuneiform Tablet RS 94.2995,create,9,0,written,,
528683,Q2169441,Cuneiform Artifact CDLI Seals 016344 (physical),create,9,1,written,,
224832,Q2169442,"Cuneiform Tablet TIM 07, 140",create,10,1,written,,
341353,Q2169443,"Cuneiform Tablet ARM 07, 150",create,11,1,written,,
564817,Q2169444,Cuneiform Tablet BM 040363,create,8,1,written,,
511917,Q2169445,Cuneiform Artifact CDLI Seals 013385 (physical),create,9,1,written,,
354852,Q2169446,"Cuneiform Tablet ARM 26/2, 295",create,11,1,written,,
139756,Q2169447,"Cuneiform Tablet UTI 3, 1737",create,11,1,written,,
414877,Q2169448,"Cuneiform Tablet UET 4, 0181",create,9,1,written,,
596687,Q2169449,Cuneiform Tablet BM 083081,create,9,1,written,,
251932,Q2169450,"Cuneiform Tablet CUSAS 36, 186",create,9,1,written,,
362433,Q2169451,"Cuneiform Tablet Nisaba 33, 638",create,11,1,written,,
591142,Q2169452,Cuneiform Tablet BM 072464,create,9,1,written,,
333596,Q2169453,Cuneiform Tablet ILAJ III 50,create,9,1,written,,
200897,Q2169454,Cuneiform Tablet Script.vKampen 05,create,10,1,written,,
349763,Q2169455,"Cuneiform Tablet AOAT 275, 594, BM 072523",create,9,1,written,,
571316,Q2169456,Cuneiform Tablet Disputation poems p. 333,create,8,1,written,,
494022,Q2169457,"Cuneiform Tablet Syria 58, 092 AO 24173",create,10,1,written,,
124867,Q2169458,"Cuneiform Tablet OrSP 18, pl. 07 23",create,10,1,written,,
409746,Q2169459,Cuneiform Tablet CUNES 48-10-033,create,8,1,written,,
267553,Q2169460,Cuneiform Tablet Entrepreneurs 048,create,10,1,written,,
383975,Q2169461,"Cuneiform Tablet OIP 092, 1289",create,10,1,written,,
422416,Q2169462,Cuneiform Tablet BM 122633,create,7,1,written,,
382667,Q2169463,Cuneiform Artifact P382667,create,8,1,written,,
527576,Q2169464,Cuneiform Tablet BM 097365,create,10,1,written,,
408854,Q2169465,"Cuneiform Tablet HSS 14, 597",create,10,1,written,,
474276,Q2169466,Cuneiform Artifact CDLI Seals 007499 (physical),create,10,1,written,,
399181,Q2169467,Cuneiform Tablet K 11254,create,10,1,written,,
125775,Q2169468,"Cuneiform Tablet PDT 1, 0359",create,11,1,written,,
352085,Q2169469,"Cuneiform Tablet ARM 21, 083",create,11,1,written,,
299719,Q2169470,Cuneiform Tablet NBC 08359,create,10,1,written,,
468255,Q2169471,Cuneiform Tablet U 10632,create,7,0,written,,
539568,Q2169472,Cuneiform Artifact CDLI Seals 018688 (physical),create,6,1,written,,
441138,Q2169473,"Cuneiform Tablet KBo 45, 112",create,10,1,written,,
206040,Q2169474,Cuneiform Tablet BM 023966,create,11,1,written,,
250620,Q2169475,"Cuneiform Artifact CUSAS 39, 169",create,10,1,written,,
544058,Q2169476,Cuneiform Tablet LB 2623 (unpublished),create,10,1,written,,
597995,Q2169477,Cuneiform Tablet BM 084207,create,9,1,written,,
512638,Q2169478,"Cuneiform Tablet TMH 10, 109",create,11,1,written,,
546065,Q2169479,Cuneiform Artifact CDLI Seals 023736 (physical),create,8,1,written,,
443105,Q2169480,"Cuneiform Tablet KBo 53, 302",create,10,1,written,,
303120,Q2169481,Cuneiform Tablet NCBT 01067,create,11,1,written,,
415765,Q2169482,"Cuneiform Artifact RIME 4.04.01.03, ex. add375",create,9,1,written,,
588699,Q2169483,Cuneiform Tablet BM 069529,create,9,1,written,,
285690,Q2169484,"Cuneiform Tablet CT 45, 004",create,10,1,written,,
381948,Q2169485,"Cuneiform Tablet Nisaba 12/3, 4 = Nisaba 19, 2",create,10,1,written,,
573281,Q2169486,Cuneiform Tablet NBDSPC no. 129,create,11,1,written,,
447845,Q2169487,Cuneiform Tablet KuSa 1/1.21,create,10,1,written,,
420581,Q2169488,Cuneiform Tablet SMUI 1913.14.0199,create,8,1,written,,
601411,Q2169489,Cuneiform Tablet BM 101509,create,10,1,written,,
589821,Q2169490,Cuneiform Tablet BM 070839,create,9,1,written,,
307860,Q2169491,Cuneiform Tablet YBC 06845,create,11,1,written,,
280168,Q2169492,Cuneiform Tablet N 6404,create,8,1,written,,
542925,Q2169493,Cuneiform Artifact CDLI Seals 022071 (physical),create,8,1,written,,
473419,Q2169494,Cuneiform Artifact CDLI Seals 007164 (physical),create,9,1,written,,
520319,Q2169495,Cuneiform Tablet Agricultural lands Tell Al-Wilayah 19,create,10,1,written,,
458749,Q2169496,Cuneiform Artifact CDLI Seals 006039 (physical),create,8,1,written,,
425279,Q2169497,Cuneiform Tablet Sm 0175,create,9,1,written,,
262301,Q2169498,Cuneiform Tablet CBS 07276,create,10,1,written,,
385008,Q2169499,"Cuneiform Tablet OECT 06, p. 80-82, K 00101",create,9,1,written,,
576579,Q2169500,Cuneiform Tablet BM 051512,create,9,1,written,,
367261,Q2169501,"Cuneiform Tablet CT 57, 0120a",create,11,1,written,,
594710,Q2169502,Cuneiform Tablet BM 079086,create,10,1,written,,
471424,Q2169503,Cuneiform Tablet PTS 3332,create,9,1,written,,
540918,Q2169504,Cuneiform Artifact CDLI Seals 020042 (physical),create,9,1,written,,
513880,Q2169505,"Cuneiform Tablet KUB 06, 027",create,10,0,written,,
522324,Q2169506,Cuneiform Artifact CDLI Seals 015326 (physical),create,7,1,written,,
387035,Q2169507,"Cuneiform Tablet TCL 11, 220",create,10,1,written,,
574544,Q2169508,Cuneiform Tablet BM 058656,create,8,1,written,,
362599,Q2169509,Cuneiform Tablet PUL Ex 1153,create,10,1,written,,
494188,Q2169510,Cuneiform Tablet P494188,create,7,1,written,,
10309,Q2169511,"Cuneiform Tablet OIP 099, 375",create,11,1,written,,
595802,Q2169512,Cuneiform Tablet BM 081260,create,10,1,written,,
441092,Q2169513,"Cuneiform Tablet KBo 45, 064",create,10,1,written,,
350112,Q2169514,"Cuneiform Tablet ARM 10, 148",create,11,1,written,,
588733,Q2169515,Cuneiform Tablet BM 069565,create,9,1,written,,
255072,Q2169516,"Cuneiform Tablet MCT 023, YBC 09883",create,9,1,written,,
568567,Q2169517,"Cuneiform Tablet Nebukadnezar III/IV, no. 25",create,10,1,written,,
543637,Q2169518,Cuneiform Tablet LB 2036 (unpublished),create,10,1,written,,
446757,Q2169519,"Cuneiform Tablet KUB 49, 020",create,10,1,written,,
433657,Q2169520,Cuneiform Tablet ABoT 27,create,10,1,written,,
560157,Q2169521,Cuneiform Artifact BM 015742,create,9,1,written,,
296546,Q2169522,Cuneiform Tablet MLC 01904,create,9,1,written,,
393426,Q2169523,"Cuneiform Tablet HSS 09, 088",create,10,1,written,,
580303,Q2169524,Cuneiform Tablet BM 059265,create,10,1,written,,
418507,Q2169525,Cuneiform Tablet K 20007,create,10,1,written,,
567692,Q2169526,Cuneiform Tablet BM 040275,create,10,1,written,,
373672,Q2169527,"Cuneiform Tablet VS 28, 086",create,10,1,written,,
291283,Q2169528,"Cuneiform Artifact YOS 01, 18",create,10,1,written,,
309487,Q2169529,Cuneiform Tablet YBC 08652,create,10,1,written,,
339031,Q2169530,"Cuneiform Tablet BPOA 01, 0371",create,11,1,written,,
276712,Q2169531,Cuneiform Tablet N 1588,create,11,1,written,,
566980,Q2169532,Cuneiform Tablet BM 040968,create,9,1,written,,
557224,Q2169533,Cuneiform Tablet BM 033601,create,9,1,written,,
404524,Q2169534,Cuneiform Tablet K 19740,create,10,1,written,,
501444,Q2169535,"Cuneiform Tablet TCTI 3, 05321",create,11,1,written,,
452344,Q2169536,Cuneiform Tablet P452344,create,10,1,written,,
434192,Q2169537,"Cuneiform Tablet IBoT 02, 071 + (?) VS 28, 020",create,11,1,written,,
344501,Q2169538,Cuneiform Tablet PRAK A 209,create,8,1,written,,
312361,Q2169539,Cuneiform Tablet YBC 12417,create,11,1,written,,
241461,Q2169540,Cuneiform Tablet P241461,create,10,1,written,,
317499,Q2169541,Cuneiform Tablet BM 016168,create,11,1,written,,
430978,Q2169542,"Cuneiform Tablet RA 027, 097",create,9,1,written,,
535818,Q2169543,"Cuneiform Tablet AKT 7a, 003",create,10,1,written,,
537825,Q2169544,Cuneiform Artifact CDLI Seals 017057 (physical),create,8,1,written,,
368194,Q2169545,"Cuneiform Tablet BiOr 58, 061",create,10,1,written,,
455481,Q2169546,Cuneiform Artifact CDLI Seals 002771 (composite),create,10,0,written,,
432945,Q2169547,Cuneiform Tablet Fs Sanmartín 293-298 MM unn. 08,create,7,1,written,,
506381,Q2169548,Cuneiform Tablet RBC 03003,create,6,1,written,,
555219,Q2169549,Cuneiform Artifact BM 136988,create,9,1,written,,
503479,Q2169550,"Cuneiform Tablet RS 16.0280,d",create,9,0,written,,
406519,Q2169551,Cuneiform Tablet SM 1909.05.400,create,11,1,written,,
5808,Q2169552,"Cuneiform Tablet UET 2, 0213",create,11,1,written,,
450379,Q2169553,"Cuneiform Artifact RINAP 3/1 Sennacherib 033, ex. 001",create,10,1,written,,
528729,Q2169554,Cuneiform Artifact CDLI Seals 015759 (physical),create,6,1,written,,
244663,Q2169555,"Cuneiform Tablet ARET 12, 1361",create,10,1,written,,
341703,Q2169556,"Cuneiform Tablet ARM 09, 121",create,11,1,written,,
579376,Q2169557,Cuneiform Tablet BM 055298,create,9,1,written,,
457146,Q2169558,Cuneiform Artifact CDLI Seals 004436 (composite),create,10,0,written,,
401726,Q2169559,Cuneiform Tablet K 15989,create,10,1,written,,
599122,Q2169560,Cuneiform Tablet BM 094281,create,10,1,written,,
239353,Q2169561,"Cuneiform Tablet CT 54, 309",create,11,1,written,,
504646,Q2169562,Cuneiform Artifact CDLI Seals 013525 (physical),create,9,1,written,,
552026,Q2169563,"Cuneiform Tablet CM 20, no. 221",create,9,1,written,,
259952,Q2169564,"Cuneiform Tablet BE 08/1, 098",create,11,1,written,,
450683,Q2169565,"Cuneiform Tablet ARET 12, 0169",create,10,1,written,,
397936,Q2169566,Cuneiform Tablet K 09146,create,10,1,written,,
585101,Q2169567,Cuneiform Tablet BM 065422,create,9,1,written,,
320210,Q2169568,Cuneiform Tablet BM 023010,create,11,1,written,,
376470,Q2169569,Cuneiform Tablet BM 110572,create,10,1,written,,
225370,Q2169570,"Cuneiform Artifact RIME 4.01.05.06, ex. 34",create,11,1,written,,
396624,Q2169571,Cuneiform Tablet K 06549,create,10,1,written,,
533535,Q2169572,Cuneiform Artifact CDLI Seals 002827.1 (composite),create,7,0,written,,
451991,Q2169573,"Cuneiform Tablet RINAP 5/2, Ashurbanipal 206 ex. 001",create,11,1,written,,
565355,Q2169574,"Cuneiform Tablet Wiseman, Iraq 30/2 (1968), p. 200-201, TR 2073",create,10,0,written,,
1518,Q2169575,"Cuneiform Tablet ATU 5, pl. 098, W 9656,cz",create,10,1,written,,
436455,Q2169576,"Cuneiform Tablet KBo 21, 066",create,10,1,written,,
402809,Q2169577,Cuneiform Tablet K 17470,create,10,1,written,,
258640,Q2169578,"Cuneiform Tablet PBS 01/2, 021",create,11,1,written,,
460235,Q2169579,Cuneiform Tablet FLP 1750,create,9,1,written,,
373388,Q2169580,"Cuneiform Tablet VS 22, 66",create,10,1,written,,
431390,Q2169581,Cuneiform Tablet SE 112,create,6,1,written,,
562490,Q2169582,Cuneiform Tablet BM 034011,create,8,1,written,,
294081,Q2169583,"Cuneiform Tablet GCCI 1, 266",create,10,1,written,,
400834,Q2169584,Cuneiform Tablet K 14443,create,10,1,written,,
505954,Q2169585,Cuneiform Tablet YBC 08935,create,7,1,written,,
340811,Q2169586,"Cuneiform Tablet BPOA 02, 2158",create,11,1,written,,
3525,Q2169587,"Cuneiform Tablet W 20274,027",create,10,1,written,,
245971,Q2169588,Cuneiform Tablet P245971,create,10,1,written,,
449158,Q2169589,Cuneiform Tablet CUNES 49-05-133,create,7,1,written,,
132819,Q2169590,"Cuneiform Tablet TCTI 2, 03604",create,11,1,written,,
394619,Q2169591,Cuneiform Tablet K 02707,create,10,1,written,,
567368,Q2169592,"Cuneiform Tablet Iraq 59, 160, no. 29",create,8,1,written,,
434468,Q2169593,"Cuneiform Tablet IBoT 04, 122",create,10,1,written,,
462208,Q2169594,Cuneiform Tablet CST 003,create,10,1,written,,
379785,Q2169595,Cuneiform Tablet BM 088919,create,10,1,written,,
444290,Q2169596,"Cuneiform Tablet KUB 13, 007",create,10,1,written,,
475934,Q2169597,Cuneiform Artifact CDLI Seals 009194 (physical),create,9,1,written,,
114881,Q2169598,"Cuneiform Tablet MVN 06, 488",create,11,1,written,,
570854,Q2169599,Cuneiform Tablet BM 047210,create,8,1,written,,
417308,Q2169600,Cuneiform Tablet ROM 910x209.566,create,10,1,written,,
544408,Q2169601,Cuneiform Tablet TA 1934 T0013,create,8,1,written,,
441568,Q2169602,"Cuneiform Tablet KBo 46, 263",create,10,1,written,,
366889,Q2169603,"Cuneiform Tablet CT 56, 574",create,10,1,written,,
443555,Q2169604,"Cuneiform Tablet KBo 57, 147",create,10,1,written,,
299349,Q2169605,Cuneiform Tablet NBC 07892,create,10,1,written,,
512268,Q2169606,"Cuneiform Tablet JCS 02, 104 05",create,10,1,written,,
415335,Q2169607,"Cuneiform Tablet UET 5, 0459",create,10,1,written,,
539138,Q2169608,Cuneiform Artifact CDLI Seals 018316 (physical),create,8,1,written,,
250270,Q2169609,Cuneiform Tablet AUAM 73.3197,create,8,1,written,,
424891,Q2169610,Cuneiform Tablet Rm 0953,create,11,2,written,,
477909,Q2169611,Cuneiform Artifact CDLI Seals 011168 (physical),create,8,1,written,,
468605,Q2169612,Cuneiform Artifact CDLI Seals 012514 (physical),create,9,1,written,,
355310,Q2169613,"Cuneiform Tablet ARM 28, 034",create,11,1,written,,
255588,Q2169614,Cuneiform Tablet UM 29-13-664,create,11,1,written,,
469917,Q2169615,Cuneiform Tablet PTS 0954,create,9,1,written,,
572869,Q2169616,Cuneiform Tablet BM 049890,create,8,1,written,,
280492,Q2169617,Cuneiform Tablet N 6737,create,8,1,written,,
9128,Q2169618,"Cuneiform Tablet MDP 26, 440",create,10,1,written,,
329932,Q2169619,Cuneiform Artifact CUNES 48-06-324,create,8,1,written,,
425783,Q2169620,Cuneiform Tablet Sm 1167,create,9,1,written,,
318296,Q2169621,Cuneiform Tablet BM 018718,create,11,1,written,,
382237,Q2169622,Cuneiform Artifact MAA 1952.356,create,8,1,written,,
349333,Q2169623,"Cuneiform Tablet OIP 111, pl. 094, 13 N 573",create,9,1,written,,
571746,Q2169624,Cuneiform Tablet BM 048831,create,7,1,written,,
576083,Q2169625,Cuneiform Tablet BM 050955,create,8,1,written,,
422046,Q2169626,Cuneiform Tablet BM 098887,create,7,1,written,,
474626,Q2169627,Cuneiform Artifact CDLI Seals 007849 (physical),create,9,1,written,,
362063,Q2169628,"Cuneiform Tablet Nisaba 33, 1028",create,11,1,written,,
591512,Q2169629,Cuneiform Tablet BM 072925,create,10,1,written,,
254233,Q2169630,"Cuneiform Tablet ARM 01, 032",create,11,1,written,,
494472,Q2169631,Cuneiform Tablet P494472,create,7,1,written,,
409316,Q2169633,"Cuneiform Tablet HSS 16, 323",create,10,1,written,,
447516,Q2169634,"Cuneiform Tablet KUB 58, 024",create,10,1,written,,
569726,Q2169635,Cuneiform Tablet BM 044794,create,8,1,written,,
351353,Q2169636,"Cuneiform Tablet ARM 14, 013",create,11,1,written,,
267103,Q2169637,Cuneiform Tablet CBS 11970,create,11,1,written,,
265997,Q2169638,"Cuneiform Tablet BE 17/1, 021",create,11,1,written,,
411376,Q2169639,Cuneiform Tablet CUNES 51-02-143,create,9,1,written,,
589572,Q2169640,Cuneiform Tablet BM 070551,create,9,1,written,,
574817,Q2169641,Cuneiform Tablet BM 070732,create,7,1,written,,
8693,Q2169642,"Cuneiform Tablet MDP 26, 005",create,10,1,written,,
601942,Q2169643,Cuneiform Tablet BM 109889,create,11,1,written,,
538683,Q2169644,Cuneiform Artifact CDLI Seals 017858 (physical),create,10,1,written,,
471977,Q2169645,"Cuneiform Tablet ARM 30, p. 428 M 08599",create,11,1,written,,
595551,Q2169646,Cuneiform Tablet BM 080755,create,11,1,written,,
366020,Q2169647,"Cuneiform Tablet CT 37, pl. 21, BM 038284",create,7,1,written,,
542476,Q2169648,Cuneiform Artifact CDLI Seals 021622 (physical),create,10,1,written,,
263140,Q2169649,"Cuneiform Tablet PBS 13, 58",create,11,1,written,,
523165,Q2169650,"Cuneiform Artifact RINBE 1/1, Nebuchadnezzar II 012 ex. 01",create,11,1,written,,
235720,Q2169651,Cuneiform Tablet P235720,create,9,1,written,,
575705,Q2169652,Cuneiform Tablet BM 050443,create,9,1,written,,
508235,Q2169653,Cuneiform Tablet Mustafa diss. 137,create,11,1,written,,
248210,Q2169654,Cuneiform Tablet HMA 9-02483,create,10,1,written,,
539991,Q2169655,Cuneiform Artifact CDLI Seals 019172 (physical),create,7,1,written,,
470665,Q2169656,"Cuneiform Tablet AOAT 358, no. 17",create,11,1,written,,
283314,Q2169657,"Cuneiform Tablet MARV 7, 059",create,11,1,written,,
600650,Q2169659,Cuneiform Tablet BM 099963,create,10,1,written,,
426005,Q2169660,Cuneiform Tablet Sm 1596,create,9,1,written,,
140675,Q2169661,"Cuneiform Tablet UTI 4, 2656",create,11,1,written,,
568834,Q2169662,Cuneiform Tablet BM 043583,create,8,1,written,,
264685,Q2169664,"Cuneiform Artifact RIME 1.14.20.01, ex. 15",create,11,1,written,,
337185,Q2169665,Cuneiform Tablet OIM A02610,create,11,1,written,,
559390,Q2169668,Cuneiform Tablet BM 029263,create,11,1,written,,
521158,Q2169669,Cuneiform Tablet KTU3 4.677,create,10,1,written,,
459508,Q2169670,"Cuneiform Tablet MDP 55, 26",create,10,1,written,,
577738,Q2169671,Cuneiform Tablet BM 052776,create,11,1,written,,
384249,Q2169672,"Cuneiform Tablet OIP 092, 1563",create,10,1,written,,
592294,Q2169673,Cuneiform Tablet BM 073891,create,9,1,written,,
281329,Q2169674,Cuneiform Tablet N 7601,create,8,1,written,,
424038,Q2169675,"Cuneiform Tablet Genava NS 15, 005-023 09",create,10,1,written,,
389181,Q2169676,"Cuneiform Tablet TLB 01, 294",create,9,1,written,,
418854,Q2169677,Cuneiform Tablet K 20435,create,10,1,written,,
393975,Q2169678,"Cuneiform Artifact RINBE 1, Nebuchadnezzar II nn, ex. nn",create,11,1,written,,
296815,Q2169679,Cuneiform Tablet MLC 02246,create,9,2,written,,
554058,Q2169680,Cuneiform Tablet Dar. 539,create,11,1,written,,
407758,Q2169681,Cuneiform Tablet SM 1913.02.138,create,11,1,written,,
529568,Q2169682,Cuneiform Tablet Fs Birot (1985) 161-177 no. 18,create,11,1,written,,
498001,Q2169683,Cuneiform Artifact CDLI Seals 012070 (physical),create,9,1,written,,
453105,Q2169684,Cuneiform Tablet NMS A.1927.472,create,10,1,written,,
338270,Q2169685,"Cuneiform Artifact MSVO 2, ED seal no. 091a",create,10,1,written,,
405765,Q2169686,Cuneiform Tablet SM 1893.05.030,create,9,1,written,,
556065,Q2169687,"Cuneiform Tablet AOAT 451, no. 263",create,10,1,written,,
502638,Q2169688,Cuneiform Artifact CDLI Seals 012350 (physical),create,7,1,written,,
500605,Q2169689,Cuneiform Artifact CDLI Seals 012173 (composite),create,10,0,written,,
240620,Q2169690,"Cuneiform Tablet ARET 10, 086",create,10,1,written,,
313120,Q2169691,"Cuneiform Tablet OIP 097, 45",create,9,1,written,,
478255,Q2169692,Cuneiform Artifact CDLI Seals 011461 (physical),create,9,1,written,,
294828,Q2169693,Cuneiform Tablet MLC 00012,create,9,1,written,,
391948,Q2169694,"Cuneiform Artifact RIME 4.04.01.04, ex. add106",create,10,1,written,,
345740,Q2169695,Cuneiform Tablet BM 054235,create,10,1,written,,
587995,Q2169696,Cuneiform Tablet BM 068930,create,9,1,written,,
586687,Q2169697,Cuneiform Tablet BM 067339,create,10,1,written,,
598699,Q2169698,Cuneiform Tablet BM 087765,create,10,1,written,,
344852,Q2169699,Cuneiform Tablet PRAK A 567,create,10,1,written,,
501917,Q2169700,"Cuneiform Tablet TCTI 3, 06136",create,11,1,written,,
241932,Q2169701,Cuneiform Tablet P241932,create,10,1,written,,
537576,Q2169702,Cuneiform Artifact CDLI Seals 016867 (physical),create,8,1,written,,
392667,Q2169703,Cuneiform Tablet KTT 026,create,10,1,written,,
432416,Q2169704,"Cuneiform Tablet BAM 6, 516",create,11,1,written,,
297707,Q2169705,Cuneiform Tablet NBC 04688,create,11,1,written,,
561316,Q2169706,Cuneiform Tablet BM 085234,create,10,1,written,,
581142,Q2169707,Cuneiform Tablet BM 060700,create,11,1,written,,
210897,Q2169708,Cuneiform Tablet YBC 15092,create,11,1,written,,
548581,Q2169709,Cuneiform Artifact CDLI Seals 025966 (physical),create,8,1,written,,
419746,Q2169710,Cuneiform Tablet K 21464,create,10,1,written,,
583485,Q2169711,Cuneiform Tablet BM 063355,create,10,1,written,,
326794,Q2169712,"Cuneiform Tablet CUSAS 30, 195",create,9,1,written,,
2764,Q2169713,Cuneiform Tablet IM 045985,create,10,1,written,,
118908,Q2169714,"Cuneiform Tablet MVN 16, 0860",create,11,1,written,,
277553,Q2169715,Cuneiform Tablet N 2465,create,11,1,written,,
435629,Q2169716,"Cuneiform Tablet KBo 13, 233",create,10,1,written,,
566129,Q2169717,Cuneiform Tablet BM 037303,create,9,1,written,,
530749,Q2169718,Cuneiform Artifact CDLI Seals 015237 (physical),create,8,1,written,,
339898,Q2169719,"Cuneiform Tablet BPOA 01, 1243",create,10,1,written,,
224131,Q2169720,Cuneiform Artifact OBTR seal 10,create,11,1,written,,
395458,Q2169721,"Cuneiform Tablet MSL 04, 011",create,11,1,written,,
481220,Q2169722,Cuneiform Tablet Amel-Marduk 64,create,10,1,written,,
519424,Q2169723,"Cuneiform Tablet Nisaba 34, 1187",create,10,1,written,,
584340,Q2169724,Cuneiform Tablet BM 064454,create,9,1,written,,
377631,Q2169725,Cuneiform Tablet BM 112875,create,10,1,written,,
532774,Q2169726,Cuneiform Tablet SPAB 315,create,11,1,written,,
461074,Q2169727,"Cuneiform Artifact RIME 1.09.05.03, ex. add64",create,11,1,written,,
397465,Q2169728,Cuneiform Tablet Meier Maqlu 04 K 08057,create,11,1,written,,
259401,Q2169729,"Cuneiform Tablet BE 14, 060",create,10,1,written,,
533866,Q2169730,Cuneiform Artifact CDLI Seals 004155.3 (composite),create,7,0,written,,
436906,Q2169731,"Cuneiform Tablet KBo 24, 124",create,10,1,written,,
428918,Q2169732,Cuneiform Tablet ND 02341,create,9,1,written,,
759,Q2169733,"Cuneiform Tablet ATU 5, pl. 005, W 6288",create,10,1,written,,
564114,Q2169734,Cuneiform Tablet BM 038941,create,8,1,written,,
273843,Q2169735,Cuneiform Tablet Education in the Earliest Schools 187,create,7,1,written,,
347287,Q2169736,"Cuneiform Tablet Tall Munbaqa-Ekalte 2, 42",create,9,1,written,,
578137,Q2169737,Cuneiform Tablet BM 053228,create,9,1,written,,
245422,Q2169738,Cuneiform Tablet P245422,create,10,1,written,,
340542,Q2169739,"Cuneiform Tablet BPOA 02, 1889",create,11,1,written,,
316322,Q2169740,Cuneiform Tablet BM 015167,create,10,1,written,,
598363,Q2169741,Cuneiform Tablet BM 086088,create,10,1,written,,
553267,Q2169742,Cuneiform Tablet Nbn. 452,create,10,1,written,,
529092,Q2169743,Cuneiform Artifact CDLI Seals 015953 (physical),create,6,1,written,,
3876,Q2169744,"Cuneiform Tablet IM 134429,08",create,10,1,written,,
238112,Q2169745,Cuneiform Tablet ABL 0285,create,11,1,written,,
505407,Q2169746,Cuneiform Tablet YBC 16402,create,7,1,written,,
456307,Q2169747,Cuneiform Artifact CDLI Seals 003597 (composite),create,10,0,written,,
400567,Q2169748,Cuneiform Tablet K 13987,create,10,1,written,,
602397,Q2169749,Cuneiform Tablet BM 114816,create,10,1,written,,
475467,Q2169750,Cuneiform Artifact CDLI Seals 008727 (physical),create,9,1,written,,
383076,Q2169751,"Cuneiform Tablet OIP 092, 0390",create,10,1,written,,
348172,Q2169752,Cuneiform Tablet AlT 205,create,10,1,written,,
570507,Q2169753,Cuneiform Tablet BM 046647,create,10,1,written,,
399882,Q2169754,Cuneiform Tablet K 12499,create,10,1,written,,
495633,Q2169755,Cuneiform Tablet P495633,create,8,1,written,,
352986,Q2169756,"Cuneiform Tablet ARM 23, 198",create,11,1,written,,
206943,Q2169757,Cuneiform Tablet BM 025389,create,11,1,written,,
590753,Q2169758,Cuneiform Tablet BM 071874,create,9,1,written,,
526367,Q2169759,"Cuneiform Tablet ABAW 143, 266",create,10,1,written,,
597096,Q2169760,Cuneiform Tablet BM 083547,create,9,1,written,,
303823,Q2169761,Cuneiform Tablet NCBT 01782,create,10,1,written,,
261487,Q2169762,"Cuneiform Tablet BE 09, 046",create,10,1,written,,
546966,Q2169763,"Cuneiform Tablet KAL 17, 17",create,9,1,written,,
443806,Q2169764,"Cuneiform Tablet KUB 03, 076",create,10,1,written,,
442714,Q2169765,"Cuneiform Tablet KBo 50, 191",create,10,1,written,,
302731,Q2169766,Cuneiform Tablet NCBT 00678,create,11,1,written,,
354151,Q2169767,"Cuneiform Tablet ARM 25, 412",create,11,1,written,,
547674,Q2169768,Cuneiform Artifact CDLI Seals 025099 (physical),create,8,1,written,,
511014,Q2169769,"Cuneiform Tablet VS 29, 120",create,10,1,written,,
414174,Q2169770,Cuneiform Tablet LKU 032,create,10,1,written,,
251031,Q2169771,"Cuneiform Tablet CUSAS 09, 011",create,9,1,written,,
589088,Q2169772,Cuneiform Tablet BM 069992,create,9,1,written,,
353694,Q2169773,"Cuneiform Tablet ARM 24, 279",create,11,1,written,,
126159,Q2169774,"Cuneiform Tablet PDT 2, 0794",create,11,1,written,,
558978,Q2169775,Cuneiform Tablet BM 026019,create,10,1,written,,
591841,Q2169776,Cuneiform Tablet BM 073325,create,10,1,written,,
469444,Q2169777,Cuneiform Tablet U 30760,create,8,1,written,,
398790,Q2169778,Cuneiform Tablet BBR pl. 69 K 10630 +,create,10,1,written,,
513029,Q2169779,Cuneiform Tablet BM 085019,create,9,1,written,,
494921,Q2169780,"Cuneiform Tablet MDP 22, 030",create,11,1,written,,
8369,Q2169781,"Cuneiform Tablet MDP 17, 171",create,10,1,written,,
545649,Q2169782,Cuneiform Artifact CDLI Seals 023278 (physical),create,7,1,written,,
416149,Q2169783,"Cuneiform Artifact RIME 4.01.07.01, ex. 04",create,11,1,written,,
440729,Q2169784,"Cuneiform Tablet KBo 43, 264",create,10,1,written,,
441991,Q2169785,"Cuneiform Tablet KBo 48, 050",create,10,1,written,,
575355,Q2169786,Cuneiform Tablet BM 078116,create,7,1,written,,
386624,Q2169787,"Cuneiform Tablet TCL 01, 188",create,11,1,written,,
538379,Q2169788,Cuneiform Artifact CDLI Seals 017554 (physical),create,9,1,written,,
366470,Q2169789,"Cuneiform Tablet CT 56, 155",create,11,1,written,,
508665,Q2169790,Cuneiform Tablet Hamid diss. no. 09,create,9,1,written,,
595101,Q2169791,Cuneiform Tablet BM 079598,create,9,1,written,,
470235,Q2169792,Cuneiform Tablet PTS 2139,create,10,1,written,,
399928,Q2169793,Cuneiform Tablet K 12581,create,10,1,written,,
330210,Q2169794,Cuneiform Tablet Christie's Erlenmeyer no. 71a,create,11,1,written,,
490061,Q2169795,"Cuneiform Tablet BagM 24, 167-173 204",create,11,1,written,,
495799,Q2169796,Cuneiform Tablet Sb 11258,create,7,1,written,,
255971,Q2169797,Cuneiform Tablet UM 29-15-129,create,11,1,written,,
412809,Q2169798,Cuneiform Tablet BM 100173,create,10,1,written,,
350811,Q2169799,"Cuneiform Tablet ARM 12, 368",create,11,1,written,,
140225,Q2169800,"Cuneiform Tablet UTI 3, 2206",create,11,1,written,,
572490,Q2169801,Cuneiform Tablet BM 047446,create,9,1,written,,
600200,Q2169802,Cuneiform Tablet BM 096868,create,9,1,written,,
577368,Q2169803,Cuneiform Tablet BM 052366,create,8,1,written,,
384619,Q2169804,"Cuneiform Tablet OIP 092, 1933",create,10,1,written,,
421390,Q2169805,Cuneiform Tablet CDCPP 014,create,8,1,written,,
410834,Q2169806,Cuneiform Tablet CUNES 50-02-072,create,8,1,written,,
424468,Q2169807,Cuneiform Tablet DT 022,create,9,1,written,,
472208,Q2169808,"Cuneiform Tablet ARM 32, p. 392 M 12507",create,11,1,written,,
447146,Q2169809,"Cuneiform Tablet KUB 53, 028",create,10,1,written,,
411726,Q2169810,Cuneiform Tablet CUNES 52-16-112,create,8,1,written,,
459158,Q2169811,Cuneiform Artifact CDLI Seals 006338 (physical),create,9,1,written,,
514646,Q2169812,"Cuneiform Artifact RINAP 5/1 Ashurbanipal 067, ex. 001",create,11,1,written,,
202003,Q2169813,Cuneiform Tablet BM 100561,create,10,1,written,,
509977,Q2169814,"Cuneiform Tablet MHET 2/5, 599",create,10,1,written,,
542026,Q2169815,Cuneiform Artifact CDLI Seals 021188 (physical),create,8,1,written,,
121736,Q2169816,Cuneiform Tablet Nebraska 51,create,10,1,written,,
351703,Q2169817,"Cuneiform Tablet ARM 19, 164",create,11,1,written,,
569376,Q2169818,Cuneiform Tablet BM 044400,create,8,1,written,,
440683,Q2169819,"Cuneiform Tablet KBo 43, 214",create,10,1,written,,
589122,Q2169820,Cuneiform Tablet BM 070042,create,9,1,written,,
513183,Q2169821,"Cuneiform Tablet OIP 043, 181 TA 1931 T436",create,10,1,written,,
249952,Q2169822,Cuneiform Tablet AUAM 73.2694,create,8,1,written,,
339932,Q2169823,"Cuneiform Tablet BPOA 01, 1277",create,11,1,written,,
435783,Q2169824,"Cuneiform Tablet KBo 15, 02 + HHT 78",create,10,1,written,,
308296,Q2169825,"Cuneiform Tablet Proverbs 331, pl.129",create,9,1,written,,
372063,Q2169826,"Cuneiform Tablet VS 06, 168",create,11,1,written,,
581512,Q2169827,Cuneiform Tablet BM 061139,create,10,1,written,,
277103,Q2169828,Cuneiform Tablet N 1992,create,11,1,written,,
566083,Q2169829,Cuneiform Tablet BM 036623,create,9,1,written,,
419316,Q2169830,Cuneiform Tablet K 20979,create,10,1,written,,
507590,Q2169831,Cuneiform Tablet YBC 13080,create,7,1,written,,
561746,Q2169832,Cuneiform Tablet BM 031729,create,9,1,written,,
368897,Q2169833,Cuneiform Tablet TMN Ist Ni 05339,create,10,1,written,,
454290,Q2169834,Cuneiform Artifact CDLI Seals 001580 (composite),create,10,0,written,,
465934,Q2169835,"Cuneiform Artifact RIMA 1.0.071.001, ex. 01",create,11,1,written,,
560854,Q2169836,Cuneiform Tablet BM 022560,create,9,1,written,,
325911,Q2169837,Cuneiform Tablet CUNES 52-04-087,create,10,1,written,,
289349,Q2169838,Cuneiform Tablet NBC 06353,create,10,1,written,,
407308,Q2169839,"Cuneiform Tablet HSS 68, 374",create,11,1,written,,
529138,Q2169840,Cuneiform Artifact CDLI Seals 016734 (physical),create,8,1,written,,
376889,Q2169841,Cuneiform Tablet BM 111109,create,10,1,written,,
502268,Q2169843,"Cuneiform Tablet TCTI 3, 08538",create,11,1,written,,
478605,Q2169844,Cuneiform Artifact CDLI Seals 011811 (physical),create,9,1,written,,
554408,Q2169845,Cuneiform Tablet Cyr. 92,create,10,1,written,,
453555,Q2169846,"Cuneiform Tablet PBS 02/1, 209",create,9,1,written,,
434891,Q2169847,"Cuneiform Tablet KBo 07, 68 + (?) KBo 07, 69",create,10,1,written,,
240270,Q2169848,"Cuneiform Tablet CT 54, 399",create,11,1,written,,
316288,Q2169849,Cuneiform Tablet BM 015106,create,11,1,written,,
556435,Q2169850,"Cuneiform Tablet MC 25, 392",create,9,1,written,,
245588,Q2169851,Cuneiform Tablet P245588,create,10,1,written,,
562869,Q2169852,Cuneiform Tablet BM 035952,create,7,1,written,,
467909,Q2169853,Cuneiform Tablet U 00579,create,8,1,written,,
294982,Q2169854,Cuneiform Tablet MLC 00173,create,10,1,written,,
585802,Q2169855,Cuneiform Tablet BM 066249,create,9,1,written,,
480962,Q2169856,Cuneiform Artifact NFT p. 248 AO 04201,create,11,1,written,,
598733,Q2169857,Cuneiform Tablet BM 088006,create,10,1,written,,
502792,Q2169858,Cuneiform Artifact CDLI Seals 012419 (physical),create,7,1,written,,
238542,Q2169859,Cuneiform Tablet Geers Heft B p. 022 (K.05744),create,10,1,written,,
553637,Q2169860,Cuneiform Tablet Dar. 439,create,9,1,written,,
505057,Q2169861,Cuneiform Tablet YBC 15329,create,7,1,written,,
400137,Q2169862,Cuneiform Tablet K 12924,create,10,1,written,,
456757,Q2169863,Cuneiform Artifact CDLI Seals 004047 (composite),create,10,0,written,,
130127,Q2169864,Cuneiform Tablet SNAT 367,create,11,1,written,,
213612,Q2169865,"Cuneiform Tablet ITT 1, 01150",create,10,1,written,,
340112,Q2169866,"Cuneiform Tablet BPOA 01, 1457",create,11,1,written,,
317860,Q2169867,Cuneiform Tablet BM 018160,create,11,1,written,,
107254,Q2169868,"Cuneiform Artifact BRM 3, 032",create,10,1,written,,
2334,Q2169869,"Cuneiform Tablet ATU 6, pl. 066, W 15774,i",create,10,1,written,,
563281,Q2169870,Cuneiform Tablet BM 037308,create,7,1,written,,
578567,Q2169871,Cuneiform Tablet BM 053864,create,9,1,written,,
552925,Q2169872,Cuneiform Tablet Nbn. 1041,create,10,1,written,,
457845,Q2169873,Cuneiform Artifact CDLI Seals 005135 (composite),create,10,0,written,,
245072,Q2169874,Cuneiform Tablet P245072,create,10,1,written,,
599821,Q2169875,Cuneiform Tablet BM 096215,create,10,1,written,,
430581,Q2169876,Cuneiform Artifact CDLI Seals 000485 (composite),create,10,0,written,,
435279,Q2169877,"Cuneiform Tablet KBo 12, 008",create,10,1,written,,
566579,Q2169878,Cuneiform Tablet BM 034874,create,8,1,written,,
295690,Q2169879,Cuneiform Tablet MLC 00904,create,9,1,written,,
448749,Q2169880,"Cuneiform Tablet Nisaba 19, 032",create,11,1,written,,
395008,Q2169881,Cuneiform Tablet BMS 33,create,11,1,written,,
530319,Q2169882,Cuneiform Artifact CDLI Seals 014641 (physical),create,6,1,written,,
461424,Q2169883,Cuneiform Artifact UM 84-26-060,create,8,1,written,,
503880,Q2169884,"Cuneiform Tablet RS 20.0189,d",create,9,0,written,,
437244,Q2169885,"Cuneiform Tablet KBo 26, 190",create,10,1,written,,
259051,Q2169886,Cuneiform Tablet CBS 01719,create,9,1,written,,
241898,Q2169887,Cuneiform Tablet P241898,create,10,1,written,,
532324,Q2169888,"Cuneiform Tablet BiMes 16, TFR 1 no. 11",create,11,1,written,,
564544,Q2169889,Cuneiform Tablet BM 039658,create,7,1,written,,
397035,Q2169890,Cuneiform Tablet K 07113,create,10,1,written,,
272301,Q2169891,"Cuneiform Tablet Emar 6/1, p. 230, 234, 526, 562, Msk 7493h+7496d+74228b+74238z",create,10,1,written,,
481670,Q2169892,"Cuneiform Tablet ACT 0824, 1050",create,11,1,written,,
584710,Q2169893,Cuneiform Tablet BM 064932,create,9,1,written,,
377261,Q2169894,Cuneiform Tablet BM 113097,create,10,1,written,,
372599,Q2169895,"Cuneiform Tablet VS 09, 080",create,11,1,written,,
455878,Q2169896,Cuneiform Artifact CDLI Seals 003168 (composite),create,10,0,written,,
550918,Q2169897,Cuneiform Tablet Nbk. 209,create,11,1,written,,
207201,Q2169898,Cuneiform Tablet BM 027349,create,11,1,written,,
302361,Q2169899,Cuneiform Tablet NCBT 00308,create,11,1,written,,
469014,Q2169900,"Cuneiform Artifact RIMB 2.S.un.x1002.x1002, ex. 001",create,11,1,written,,
354501,Q2169901,"Cuneiform Tablet ARM 25, 762",create,11,1,written,,
547224,Q2169902,Cuneiform Artifact CDLI Seals 024652 (physical),create,6,1,written,,
251461,Q2169903,Cuneiform Tablet MS 2259/23,create,7,1,written,,
511444,Q2169904,Cuneiform Artifact CDLI Seals 012967 (physical),create,11,1,written,,
442344,Q2169905,"Cuneiform Tablet KBo 49, 116",create,10,1,written,,
525818,Q2169906,"Cuneiform Tablet ARM 33, 173",create,11,1,written,,
576980,Q2169907,Cuneiform Tablet BM 051945,create,9,1,written,,
254399,Q2169908,"Cuneiform Tablet MKT 1, 126, TMB 074",create,10,1,written,,
307499,Q2169909,Cuneiform Tablet YBC 06466,create,10,1,written,,
8739,Q2169910,"Cuneiform Tablet MDP 26, 051",create,10,1,written,,
420978,Q2169911,Cuneiform Tablet SMUI 1913.14.0823,create,9,1,written,,
126509,Q2169912,"Cuneiform Tablet PDT 2, 1174",create,11,1,written,,
527825,Q2169913,Cuneiform Tablet BM 097880,create,10,1,written,,
445481,Q2169914,"Cuneiform Tablet KUB 34, 067 + KUB 39, 016",create,10,1,written,,
422945,Q2169915,Cuneiform Tablet BM 128192,create,7,1,written,,
538729,Q2169916,Cuneiform Artifact CDLI Seals 017904 (physical),create,9,1,written,,
545219,Q2169917,Cuneiform Artifact CDLI Seals 022867 (physical),create,7,1,written,,
230172,Q2169918,"Cuneiform Artifact PBS 11/3, 070",create,9,1,written,,
416519,Q2169919,Cuneiform Tablet LLIU —,create,6,1,written,,
495263,Q2169920,Cuneiform Tablet P495263,create,8,1,written,,
298558,Q2169921,"Cuneiform Tablet YOS 14, 020",create,11,1,written,,
408507,Q2169922,"Cuneiform Tablet HSS 13, 320",create,10,1,written,,
590303,Q2169923,Cuneiform Tablet BM 071370,create,9,1,written,,
423657,Q2169924,"Cuneiform Artifact RIME 3/1.01.07.037, ex. add1264",create,9,1,written,,
440379,Q2169925,"Cuneiform Tablet KBo 42, 039",create,10,1,written,,
383426,Q2169926,"Cuneiform Tablet OIP 092, 0740",create,10,1,written,,
475037,Q2169927,Cuneiform Artifact CDLI Seals 008260 (physical),create,9,1,written,,
526737,Q2169928,"Cuneiform Tablet ABAW 143, 640",create,10,1,written,,
286546,Q2169929,Cuneiform Tablet NBC 06255,create,10,2,written,,
424192,Q2169930,Cuneiform Tablet MAH 16412,create,9,1,written,,
319487,Q2169931,Cuneiform Tablet BM 021564,create,11,1,written,,
570157,Q2169932,Cuneiform Tablet BM 045265,create,8,1,written,,
281283,Q2169933,Cuneiform Tablet N 7554,create,8,1,written,,
237199,Q2169934,Cuneiform Tablet ABL 1236,create,11,1,written,,
577692,Q2169935,Cuneiform Tablet BM 052723,create,9,1,written,,
492288,Q2169936,Cuneiform Tablet P492288,create,7,1,written,,
468828,Q2169937,"Cuneiform Artifact RINAP 2, Sargon II 126 ex. 002",create,11,1,written,,
364699,Q2169938,Cuneiform Tablet LBAT 0543,create,11,1,written,,
592410,Q2169939,Cuneiform Tablet BM 074034,create,9,1,written,,
559514,Q2169940,Cuneiform Tablet BM 029536,create,11,1,written,,
232661,Q2169941,"Cuneiform Artifact RIME 3/1.01.07.031, ex. 077",create,10,1,written,,
497570,Q2169942,Cuneiform Tablet P497570,create,10,1,written,,
383308,Q2169943,"Cuneiform Tablet OIP 092, 0622",create,10,1,written,,
524024,Q2169944,Cuneiform Tablet BM 097729,create,10,1,written,,
421144,Q2169945,Cuneiform Tablet SMUI 1913.14.1160,create,9,1,written,,
572644,Q2169946,"Cuneiform Tablet Nebukadnezar III/IV, no. 18",create,9,1,written,,
477724,Q2169947,Cuneiform Artifact CDLI Seals 010983 (physical),create,8,1,written,,
337701,Q2169948,Cuneiform Tablet OIM A04764,create,11,1,written,,
526019,Q2169949,"Cuneiform Tablet Amurru 2, 065-066",create,11,1,written,,
475719,Q2169950,Cuneiform Artifact CDLI Seals 008979 (physical),create,9,1,written,,
423179,Q2169951,"Cuneiform Artifact RINAP 5/1 Ashurbanipal 003, ex. 076 ?",create,10,1,written,,
286268,Q2169952,Cuneiform Tablet YBC 13247,create,10,1,written,,
570679,Q2169953,Cuneiform Tablet BM 046921,create,10,1,written,,
381335,Q2169954,Cuneiform Tablet BM 085464,create,11,1,written,,
298276,Q2169955,"Cuneiform Artifact RINBE 1/1, Nebuchadnezzar II 023 ex. 05",create,11,1,written,,
575181,Q2169956,Cuneiform Tablet BM 076238,create,7,1,written,,
538007,Q2169957,Cuneiform Artifact CDLI Seals 017182 (physical),create,8,1,written,,
248494,Q2169958,Cuneiform Tablet HMA 9-03010,create,10,1,written,,
253372,Q2169959,Cuneiform Tablet MS 4299,create,8,1,written,,
278022,Q2169960,Cuneiform Tablet N 2956,create,11,1,written,,
205512,Q2169961,Cuneiform Tablet BM 024715,create,11,1,written,,
440457,Q2169962,"Cuneiform Tablet KBo 42, 121",create,10,1,written,,
416237,Q2169963,Cuneiform Tablet CULC 329,create,6,1,written,,
545537,Q2169964,Cuneiform Artifact CDLI Seals 023166 (physical),create,7,1,written,,
427993,Q2169965,"Cuneiform Artifact RIME 4.01.04.07, ex. 01",create,10,1,written,,
447392,Q2169966,"Cuneiform Tablet KUB 57, 014",create,10,1,written,,
476836,Q2169967,Cuneiform Artifact CDLI Seals 010095 (physical),create,8,1,written,,
513357,Q2169969,"Cuneiform Artifact OIP 043, 149 TA 1930 T704",create,11,1,written,,
233973,Q2169970,"Cuneiform Artifact RIME 3/1.01.07.041, ex. 047",create,10,1,written,,
126227,Q2169971,"Cuneiform Tablet PDT 2, 0867",create,11,1,written,,
573956,Q2169972,"Cuneiform Tablet OBO 260, no. 347",create,10,1,written,,
388817,Q2169973,Cuneiform Tablet LB 0288,create,10,1,written,,
8017,Q2169974,"Cuneiform Tablet MDP 06, 218",create,10,1,written,,
246873,Q2169975,Cuneiform Tablet P246873,create,10,1,written,,
297183,Q2169976,"Cuneiform Tablet BIN 02, 068",create,10,2,written,,
561592,Q2169977,Cuneiform Tablet BM 031291,create,9,1,written,,
403936,Q2169978,Cuneiform Tablet K 18886,create,10,1,written,,
343913,Q2169979,Cuneiform Tablet PRAK B 096,create,8,1,written,,
395726,Q2169980,"Cuneiform Tablet PSBA 10, 418-423 pl. 4",create,10,1,written,,
566257,Q2169981,Cuneiform Tablet BM 038542,create,9,1,written,,
530437,Q2169982,Cuneiform Artifact CDLI Seals 014759 (physical),create,6,1,written,,
435557,Q2169983,"Cuneiform Tablet KBo 13, 159",create,10,1,written,,
308042,Q2169984,Cuneiform Tablet YBC 07044,create,10,1,written,,
506856,Q2169985,"Cuneiform Tablet Nisaba 34, 0667",create,10,1,written,,
452893,Q2169986,Cuneiform Tablet P452893,create,10,1,written,,
499997,Q2169987,Cuneiform Tablet P499997,create,11,1,written,,
375572,Q2169988,Cuneiform Tablet BM 107848,create,11,1,written,,
270412,Q2169989,Cuneiform Artifact CDLI Seals 001326 (physical),create,8,1,written,,
448067,Q2169990,"Cuneiform Tablet JAC 24, 061 09",create,9,1,written,,
226272,Q2169991,"Cuneiform Artifact RIME 3/2.01.02.010, ex. 35",create,11,1,written,,
456079,Q2169992,Cuneiform Artifact CDLI Seals 003369 (composite),create,10,0,written,,
505779,Q2169993,Cuneiform Tablet YBC 15956,create,7,1,written,,
586003,Q2169994,Cuneiform Tablet BM 066473,create,9,1,written,,
291954,Q2169996,"Cuneiform Artifact RINBE 2, Nabonidus 37, ex. 18",create,10,1,written,,
553119,Q2169997,Cuneiform Tablet Nbn. 983,create,10,1,written,,
400619,Q2169998,Cuneiform Tablet K 14075,create,10,1,written,,
578249,Q2170000,Cuneiform Tablet BM 053402,create,9,1,written,,
119564,Q2170001,"Cuneiform Tablet MVN 16, 1516",create,11,1,written,,
500081,Q2170002,Cuneiform Tablet P500081,create,11,1,written,,
394834,Q2170003,Cuneiform Tablet K 03147,create,10,1,written,,
311799,Q2170005,Cuneiform Tablet YBC 11638,create,11,1,written,,
293969,Q2170007,"Cuneiform Tablet GCCI 1, 048",create,10,1,written,,
402624,Q2170008,Cuneiform Tablet K 17266,create,10,1,written,,
551124,Q2170009,Cuneiform Tablet Nbk. 417,create,10,1,written,,
242099,Q2170011,Cuneiform Tablet P242099,create,10,1,written,,
396809,Q2170012,"Cuneiform Tablet CT 41, pl. 03, K 06801",create,11,1,written,,
211101,Q2170013,Cuneiform Tablet YBC 15370,create,11,1,written,,
342601,Q2170014,Cuneiform Tablet MW 0188/110,create,7,1,written,,
389705,Q2170015,"Cuneiform Tablet TLB 01, 089",create,9,1,written,,
369551,Q2170016,Cuneiform Artifact OBTI 121,create,10,1,written,,
431847,Q2170017,"Cuneiform Artifact RIME 4.03.06.09, ex. 01",create,11,1,written,,
456583,Q2170018,Cuneiform Artifact CDLI Seals 003873 (composite),create,10,0,written,,
238796,Q2170019,Cuneiform Tablet K 08748,create,11,1,written,,
529616,Q2170020,"Cuneiform Tablet ZA 111, 037 122",create,10,1,written,,
371862,Q2170021,"Cuneiform Tablet VS 05, 128",create,8,1,written,,
274902,Q2170022,"Cuneiform Tablet W 20213,1",create,11,1,written,,
4937,Q2170023,"Cuneiform Tablet BagM 22, 147, W 24201,a",create,10,1,written,,
311263,Q2170024,Cuneiform Tablet YBC 10981,create,10,1,written,,
347403,Q2170025,"Cuneiform Tablet OECT 15, 060",create,10,1,written,,
505283,Q2170026,Cuneiform Tablet YBC 16056,create,10,1,written,,
242563,Q2170027,"Cuneiform Tablet ARET 03, 367",create,10,1,written,,
289467,Q2170028,Cuneiform Tablet NBC 10855,create,11,1,written,,
565882,Q2170029,Cuneiform Tablet BM 046032,create,10,1,written,,
554326,Q2170030,Cuneiform Artifact CM 70753,create,8,1,written,,
269633,Q2170031,"Cuneiform Tablet PBS 13, 75",create,11,1,written,,
502546,Q2170032,Cuneiform Artifact CDLI Seals 012258 (physical),create,7,1,written,,
407426,Q2170033,"Cuneiform Tablet HSS 68, 467",create,11,1,written,,
419438,Q2170034,Cuneiform Tablet K 21124,create,10,1,written,,
464108,Q2170035,Cuneiform Artifact CDLI Seals 006477 (composite),create,10,0,written,,
392519,Q2170036,"Cuneiform Tablet Nisaba 31/1, 14",create,11,1,written,,
537608,Q2170037,Cuneiform Artifact CDLI Seals 016899 (physical),create,7,1,written,,
561068,Q2170038,Cuneiform Tablet BM 023618,create,9,1,written,,
564790,Q2170039,Cuneiform Tablet BM 040020,create,8,1,written,,
5625,Q2170040,"Cuneiform Tablet UET 2, 0052",create,11,1,written,,
528904,Q2170041,Cuneiform Artifact CDLI Seals 016284 (physical),create,6,1,written,,
226788,Q2170042,"Cuneiform Artifact RIME 3/2.01.02.003, ex. 14",create,11,1,written,,
375088,Q2170043,Cuneiform Tablet BM 094943,create,11,1,written,,
275610,Q2170044,Cuneiform Tablet N 0353 + N 0357 + N 0364 + N 0380 + N 0389 + N 0392,create,11,1,written,,
548305,Q2170045,Cuneiform Artifact CDLI Seals 025690 (physical),create,9,1,written,,
583201,Q2170046,Cuneiform Tablet BM 063042,create,9,1,written,,
223070,Q2170047,"Cuneiform Tablet TIM 02, 111",create,10,1,written,,
326110,Q2170048,Cuneiform Tablet CUNES 52-09-004,create,10,1,written,,
208320,Q2170049,Cuneiform Tablet BM 027516,create,11,1,written,,
390524,Q2170050,Cuneiform Tablet P390524,create,9,1,written,,
239884,Q2170051,Cuneiform Tablet K 19627,create,11,1,written,,
253688,Q2170052,Cuneiform Tablet MS 4678,create,8,1,written,,
563055,Q2170053,Cuneiform Tablet BM 036496,create,8,1,written,,
300188,Q2170054,Cuneiform Tablet NBC 08850,create,10,1,written,,
413035,Q2170055,Cuneiform Tablet BM 102290,create,11,1,written,,
540735,Q2170056,Cuneiform Artifact CDLI Seals 019859 (physical),create,9,1,written,,
438365,Q2170057,"Cuneiform Tablet KBo 32, 180",create,10,1,written,,
353010,Q2170058,"Cuneiform Tablet ARM 23, 222",create,11,1,written,,
256170,Q2170059,Cuneiform Tablet UM 29-15-358,create,11,1,written,,
398114,Q2170060,Cuneiform Tablet K 09437,create,10,1,written,,
378340,Q2170061,Cuneiform Tablet BM 086867,create,10,1,written,,
305670,Q2170062,"Cuneiform Tablet YOS 12, 154",create,11,1,written,,
445655,Q2170063,"Cuneiform Tablet KUB 07, 057 + KUB 35, 148",create,10,1,written,,
411008,Q2170064,Cuneiform Tablet CUNES 50-05-056,create,9,1,written,,
447668,Q2170065,"Cuneiform Tablet KUB 60, 005",create,10,1,written,,
569458,Q2170066,Cuneiform Tablet BM 044501,create,8,1,written,,
458964,Q2170067,Cuneiform Artifact CDLI Seals 006226 (composite),create,9,0,written,,
596900,Q2170068,Cuneiform Tablet BM 083319,create,9,1,written,,
493860,Q2170069,Cuneiform Tablet P493860,create,7,1,written,,
318941,Q2170070,Cuneiform Tablet BM 019540,create,11,1,written,,
510982,Q2170071,"Cuneiform Tablet VS 29, 088",create,10,1,written,,
542708,Q2170072,Cuneiform Artifact CDLI Seals 021854 (physical),create,9,1,written,,
442190,Q2170073,"Cuneiform Tablet KBo 48, 249",create,10,1,written,,
424346,Q2170074,Cuneiform Artifact MAH 19621,create,8,1,written,,
521226,Q2170075,Cuneiform Tablet KTU3 4.799,create,10,1,written,,
384137,Q2170076,"Cuneiform Tablet OIP 092, 1451",create,10,1,written,,
577446,Q2170077,Cuneiform Tablet BM 052452,create,9,1,written,,
319653,Q2170078,Cuneiform Tablet BM 021757,create,11,1,written,,
237463,Q2170079,Cuneiform Tablet K 20898,create,11,1,written,,
261203,Q2170080,Cuneiform Artifact CDLI Seals 000617 (physical),create,7,1,written,,
492772,Q2170081,Cuneiform Tablet P492772,create,8,1,written,,
459676,Q2170082,Cuneiform Tablet FLP 0995,create,8,1,written,,
364363,Q2170083,Cuneiform Tablet LBAT 1618 + 1619,create,11,1,written,,
332503,Q2170084,"Cuneiform Tablet JCS 01, 101 Ad 519 catalogue",create,11,1,written,,
304962,Q2170085,Cuneiform Tablet YBC 03531,create,11,1,written,,
597612,Q2170086,"Cuneiform Tablet Pihans 135, 160",create,9,0,written,,
423483,Q2170087,"Cuneiform Artifact RIME 3/1.01.07.041, ex. add367",create,10,1,written,,
444947,Q2170088,"Cuneiform Tablet KUB 27, 033",create,10,1,written,,
570383,Q2170089,Cuneiform Artifact BM 045596,create,8,1,written,,
541827,Q2170090,Cuneiform Artifact CDLI Seals 020989 (physical),create,7,0,written,,
602513,Q2170091,Cuneiform Tablet BM 117696,create,11,1,written,,
513707,Q2170092,"Cuneiform Tablet Syria 55, 231 L.76.69",create,10,1,written,,
278472,Q2170093,Cuneiform Tablet N 3439,create,11,1,written,,
416667,Q2170094,"Cuneiform Tablet HSS 14, 241",create,9,1,written,,
545167,Q2170095,Cuneiform Artifact CDLI Seals 022815 (physical),create,6,1,written,,
298626,Q2170096,Cuneiform Tablet NBC 06912,create,11,1,written,,
594897,Q2170097,Cuneiform Tablet BM 079331,create,10,1,written,,
300022,Q2170098,Cuneiform Tablet NBC 08682,create,10,1,written,,
440007,Q2170099,"Cuneiform Tablet KBo 40, 247",create,10,1,written,,
126677,Q2170100,"Cuneiform Tablet PDT 2, 1369",create,11,1,written,,
538457,Q2170101,Cuneiform Artifact CDLI Seals 017632 (physical),create,8,1,written,,
380877,Q2170102,Cuneiform Tablet BM 108526,create,10,1,written,,
285917,Q2170103,"Cuneiform Tablet CT 51, 055",create,9,1,written,,
8447,Q2170104,"Cuneiform Tablet MDP 17, 249",create,10,1,written,,
415948,Q2170105,"Cuneiform Tablet AOAT 027, 077",create,10,1,written,,
572214,Q2170106,Cuneiform Tablet BM 049753,create,8,1,written,,
351187,Q2170107,"Cuneiform Tablet ARM 12, 744",create,11,1,written,,
477374,Q2170108,Cuneiform Artifact CDLI Seals 010633 (physical),create,8,1,written,,
421514,Q2170109,Cuneiform Tablet CDCPP 026,create,8,1,written,,
524474,Q2170110,"Cuneiform Tablet MDP 28, 406",create,11,1,written,,
337351,Q2170111,Cuneiform Tablet OIM A02841,create,11,1,written,,
559144,Q2170112,Cuneiform Tablet BM 026714,create,11,1,written,,
600484,Q2170113,Cuneiform Tablet BM 099766,create,10,1,written,,
203995,Q2170114,"Cuneiform Tablet BPOA 01, 0335",create,11,1,written,,
497120,Q2170115,"Cuneiform Tablet MARI 03, p. 102 no. 125",create,11,1,written,,
592040,Q2170116,Cuneiform Tablet BM 073593,create,10,1,written,,
383758,Q2170117,"Cuneiform Tablet OIP 092, 1072",create,10,1,written,,
526449,Q2170118,"Cuneiform Tablet ABAW 143, 348",create,11,1,written,,
232231,Q2170119,"Cuneiform Artifact RIME 3/1.01.06.04, ex. 414",create,10,1,written,,
408679,Q2170120,"Cuneiform Tablet HSS 14, 059",create,10,1,written,,
595785,Q2170121,Cuneiform Tablet BM 081231,create,10,1,written,,
475349,Q2170122,Cuneiform Artifact CDLI Seals 008572 (physical),create,9,1,written,,
570229,Q2170123,Cuneiform Tablet BM 045340,create,7,1,written,,
111504,Q2170124,"Cuneiform Tablet ITT 5, 06794",create,11,1,written,,
578619,Q2170125,Cuneiform Tablet BM 053950,create,9,1,written,,
400249,Q2170126,"Cuneiform Tablet AfO 21, 076 K 13354",create,11,1,written,,
299934,Q2170127,Cuneiform Tablet NBC 08579,create,10,1,written,,
456429,Q2170128,Cuneiform Artifact CDLI Seals 003719 (composite),create,10,0,written,,
417975,Q2170129,"Cuneiform Tablet HSS 15, 315b",create,10,1,written,,
567915,Q2170130,Cuneiform Tablet BM 041675,create,8,1,written,,
553549,Q2170131,Cuneiform Tablet Dar. 182,create,11,1,written,,
119134,Q2170132,"Cuneiform Tablet MVN 16, 1086",create,11,1,written,,
505329,Q2170133,Cuneiform Tablet YBC 16140,create,7,1,written,,
132264,Q2170134,"Cuneiform Tablet TCTI 2, 02656",create,11,1,written,,
345594,Q2170135,"Cuneiform Tablet CT 44, 89",create,9,1,written,,
478081,Q2170136,Cuneiform Artifact CDLI Seals 011287 (physical),create,10,1,written,,
460848,Q2170137,Cuneiform Tablet FLP 2517,create,8,1,written,,
247331,Q2170138,Cuneiform Tablet P247331,create,10,1,written,,
565928,Q2170139,Cuneiform Tablet BM 039184,create,10,1,written,,
314431,Q2170140,"Cuneiform Tablet CT 55, 040",create,11,1,written,,
389355,Q2170141,"Cuneiform Tablet AfO 08, 173 P034",create,7,1,written,,
429124,Q2170142,"Cuneiform Artifact RIME 4.01.05.03, ex. 032",create,10,1,written,,
454414,Q2170144,Cuneiform Artifact CDLI Seals 001704 (composite),create,10,0,written,,
402274,Q2170145,Cuneiform Tablet K 16863,create,10,1,written,,
507314,Q2170146,"Cuneiform Tablet Nisaba 34, 0980",create,10,1,written,,
419592,Q2170147,Cuneiform Tablet K 21289,create,10,1,written,,
277787,Q2170148,Cuneiform Tablet N 2719,create,11,1,written,,
551574,Q2170149,"Cuneiform Tablet ADART 7, 205",create,10,1,written,,
581396,Q2170150,Cuneiform Tablet Ist B 0137,create,10,1,written,,
375122,Q2170151,Cuneiform Tablet BM 094995,create,11,1,written,,
270042,Q2170152,"Cuneiform Artifact RIME 4.02.07.01, ex. 21-22",create,11,1,written,,
323742,Q2170153,Cuneiform Tablet CUNES 49-11-056,create,9,1,written,,
566607,Q2170154,"Cuneiform Tablet AfO 42/43. 54-55, no. 4b",create,8,1,written,,
586453,Q2170155,Cuneiform Tablet BM 067043,create,9,1,written,,
129582,Q2170156,Cuneiform Tablet SET 172,create,10,1,written,,
226622,Q2170157,"Cuneiform Artifact RIME 3/2.01.01.11, ex. 017",create,11,1,written,,
308412,Q2170158,"Cuneiform Tablet YOS 03, 016",create,11,1,written,,
435107,Q2170159,"Cuneiform Tablet KBo 09, 088",create,10,1,written,,
395376,Q2170160,Cuneiform Tablet K 04053 + K 04058 + K 10785,create,10,1,written,,
290216,Q2170161,Cuneiform Tablet NBC 04122,create,10,1,written,,
530067,Q2170162,Cuneiform Tablet Vincente diss. no. 044,create,11,1,written,,
297029,Q2170163,Cuneiform Tablet MLC 02641,create,9,1,written,,
561438,Q2170164,Cuneiform Tablet BM 030010,create,9,1,written,,
419068,Q2170165,Cuneiform Tablet K 20683,create,10,1,written,,
392149,Q2170166,"Cuneiform Artifact RINAP 5/1 Ashurbanipal 003, ex. 086 ?",create,11,1,written,,
584194,Q2170167,Cuneiform Tablet BM 064233,create,9,1,written,,
310921,Q2170168,Cuneiform Tablet YBC 10635,create,10,1,written,,
555864,Q2170169,"Cuneiform Tablet AOAT 451, no. 34",create,10,1,written,,
5275,Q2170170,"Cuneiform Tablet MSVO 1, 208",create,10,1,written,,
452939,Q2170171,Cuneiform Tablet P452939,create,10,1,written,,
208770,Q2170172,"Cuneiform Tablet BPOA 02, 2554",create,11,1,written,,
557859,Q2170173,Cuneiform Tablet BM 041158,create,9,1,written,,
295014,Q2170174,"Cuneiform Tablet YOS 13, 268",create,10,1,written,,
563405,Q2170175,Cuneiform Tablet BM 037666,create,8,1,written,,
370320,Q2170176,"Cuneiform Tablet IrAnt 45, 225-257 no. 21",create,9,1,written,,
430305,Q2170177,Cuneiform Artifact CDLI Seals 000207 (composite),create,10,0,written,,
326540,Q2170178,"Cuneiform Tablet CUSAS 30, 366",create,9,1,written,,
548755,Q2170179,Cuneiform Artifact CDLI Seals 026140 (physical),create,8,1,written,,
582943,Q2170180,Cuneiform Tablet BM 062875,create,9,1,written,,
223420,Q2170181,"Cuneiform Tablet TIM 09, 007",create,9,1,written,,
583651,Q2170182,Cuneiform Tablet BM 063533,create,8,1,written,,
340796,Q2170183,"Cuneiform Tablet BPOA 02, 2143",create,11,1,written,,
502116,Q2170184,"Cuneiform Tablet TCTI 3, 06381",create,11,1,written,,
554776,Q2170185,Cuneiform Artifact BM 041386,create,8,1,written,,
269263,Q2170186,Cuneiform Artifact CDLI Seals 000972 (physical),create,9,1,written,,
311633,Q2170187,"Cuneiform Tablet YOS 19, 205",create,11,1,written,,
549847,Q2170188,Cuneiform Artifact Ashm 1939-0332 (068),create,10,1,written,,
529246,Q2170189,Cuneiform Artifact CDLI Seals 016407 (physical),create,6,1,written,,
242133,Q2170190,Cuneiform Tablet P242133,create,10,1,written,,
261653,Q2170191,Cuneiform Artifact CDLI Seals 000744 (physical),create,7,1,written,,
492322,Q2170192,"Cuneiform Tablet RA 008, 076-077 no. 6",create,11,1,written,,
597242,Q2170193,Cuneiform Tablet BM 083716,create,10,1,written,,
237033,Q2170194,Cuneiform Tablet P237033,create,11,1,written,,
364733,Q2170195,Cuneiform Tablet LBAT 0583,create,11,1,written,,
472176,Q2170196,"Cuneiform Tablet ARM 32, p. 261 M 18115",create,11,1,written,,
384567,Q2170197,"Cuneiform Tablet OIP 092, 1881",create,10,1,written,,
577016,Q2170198,Cuneiform Tablet BM 051985,create,9,1,written,,
319203,Q2170199,Cuneiform Tablet BM 019838,create,11,1,written,,
590587,Q2170200,Cuneiform Tablet BM 071695,create,10,1,written,,
439827,Q2170201,"Cuneiform Tablet KBo 40, 038 + KBo 25, 190 + (?) KBo 35, 176 + KBo 33, 107",create,10,1,written,,
266196,Q2170202,"Cuneiform Tablet JCS 01, 069-070",create,10,1,written,,
408383,Q2170203,"Cuneiform Tablet HSS 13, 155",create,10,1,written,,
602143,Q2170204,Cuneiform Tablet BM 114360,create,10,1,written,,
522959,Q2170205,"Cuneiform Tablet KAN 04, 39",create,11,1,written,,
427839,Q2170206,"Cuneiform Artifact RINAP 3/2 Sennacherib 090, ex. 001",create,11,1,written,,
305220,Q2170207,"Cuneiform Tablet YOS 16, YBC 03862",create,11,1,written,,
353440,Q2170208,"Cuneiform Tablet ARM 24, 025",create,11,1,written,,
256520,Q2170209,Cuneiform Tablet UM 29-15-826,create,11,1,written,,
438735,Q2170210,"Cuneiform Tablet KBo 34, 202",create,10,1,written,,
398544,Q2170211,Cuneiform Tablet BL 087,create,10,1,written,,
445205,Q2170212,"Cuneiform Tablet KUB 31, 068",create,10,1,written,,
569008,Q2170213,Cuneiform Tablet BM 043923,create,7,1,written,,
540365,Q2170214,Cuneiform Artifact CDLI Seals 019546 (physical),create,7,1,written,,
542358,Q2170215,Cuneiform Artifact CDLI Seals 021517 (physical),create,8,1,written,,
413465,Q2170216,Cuneiform Tablet BM 103616,create,10,1,written,,
520964,Q2170217,Cuneiform Tablet KTU3 4.245,create,10,1,written,,
447238,Q2170218,"Cuneiform Tablet KUB 54, 072",create,10,1,written,,
514538,Q2170219,"Cuneiform Artifact RINAP 5/1 Ashurbanipal 012, ex. 001",create,11,1,written,,
260941,Q2170220,Cuneiform Artifact CBS 04650,create,11,1,written,,
354385,Q2170221,"Cuneiform Tablet ARM 25, 646 + M 08760",create,11,1,written,,
425804,Q2170222,Cuneiform Tablet TBP 29,create,9,1,written,,
571068,Q2170223,Cuneiform Tablet BM 047559,create,9,1,written,,
382519,Q2170224,"Cuneiform Tablet CT 02, pl. 10, Bu 1888-05-12, 201",create,9,1,written,,
527608,Q2170226,Cuneiform Tablet BM 097437,create,11,1,written,,
409438,Q2170227,"Cuneiform Tablet AASOR 16, 072",create,10,1,written,,
538904,Q2170228,Cuneiform Artifact CDLI Seals 018082 (physical),create,8,1,written,,
574790,Q2170229,Cuneiform Tablet BM 070131,create,7,1,written,,
422768,Q2170230,"Cuneiform Artifact RINAP 5/1 Ashurbanipal 009, ex. 051",create,11,1,written,,
249285,Q2170231,Cuneiform Tablet Neo-Babylonian Larsa 12,create,9,1,written,,
365088,Q2170232,"Cuneiform Tablet CT 02, pl. 07, Bu 1888-05-12, 175",create,10,1,written,,
278921,Q2170233,Cuneiform Tablet N 3964,create,10,1,written,,
493499,Q2170234,Cuneiform Tablet P493499,create,7,1,written,,
420755,Q2170235,Cuneiform Tablet SMUI 1913.14.0375,create,8,1,written,,
285444,Q2170236,"Cuneiform Tablet BAM 4, 373",create,8,1,written,,
476135,Q2170237,Cuneiform Artifact CDLI Seals 009394 (physical),create,8,1,written,,
573055,Q2170238,Cuneiform Tablet BM 050107,create,9,1,written,,
8914,Q2170239,"Cuneiform Tablet MDP 26, 226",create,10,1,written,,
380524,Q2170240,Cuneiform Tablet BM 096724,create,10,1,written,,
525635,Q2170241,"Cuneiform Tablet FM 16/2, 020",create,11,1,written,,
593201,Q2170242,Cuneiform Tablet BM 076235,create,9,1,written,,
558305,Q2170243,Cuneiform Tablet BM 044209,create,8,1,written,,
265610,Q2170244,"Cuneiform Tablet BE 17/1, 071",create,10,1,written,,
233070,Q2170245,"Cuneiform Artifact RIME 3/1.01.07.037, ex. 0319",create,11,1,written,,
264902,Q2170246,Cuneiform Tablet Ist Ni 00115 (cast: CBS 09536 ?),create,10,2,written,,
544326,Q2170247,Cuneiform Tablet LB 5104 (unpublished),create,10,1,written,,
421847,Q2170248,Cuneiform Tablet BM 098557,create,7,1,written,,
446583,Q2170249,"Cuneiform Tablet KUB 47, 046",create,10,1,written,,
417426,Q2170250,Cuneiform Artifact ROM 962.143.028,create,11,1,written,,
441246,Q2170251,"Cuneiform Tablet KBo 45, 220",create,10,1,written,,
575882,Q2170252,Cuneiform Tablet BM 050663,create,9,1,written,,
279633,Q2170253,"Cuneiform Tablet BagM 28, 202 21",create,10,1,written,,
252563,Q2170254,"Cuneiform Tablet CUSAS 43, 14",create,8,1,written,,
271203,Q2170255,Cuneiform Tablet EA 221,create,9,1,written,,
449676,Q2170256,Cuneiform Tablet CUNES 51-02-179,create,7,1,written,,
539616,Q2170257,Cuneiform Artifact CDLI Seals 018736 (physical),create,6,1,written,,
301263,Q2170258,Cuneiform Tablet NBC 10302,create,10,1,written,,
462526,Q2170259,Cuneiform Tablet CST 321,create,10,1,written,,
434346,Q2170260,"Cuneiform Tablet KUB 47, 069 + IBoT 03, 115 + 615.1",create,10,1,written,,
291057,Q2170261,Cuneiform Tablet NBC 02348,create,11,1,written,,
374363,Q2170262,Cuneiform Tablet BM 093428,create,11,1,written,,
587612,Q2170263,Cuneiform Tablet BM 068481,create,9,1,written,,
309653,Q2170264,"Cuneiform Tablet YOS 03, 185",create,11,1,written,,
500982,Q2170265,Cuneiform Artifact CDLI Seals 012564 (composite),create,10,0,written,,
394137,Q2170266,Cuneiform Tablet K 02013,create,10,1,written,,
567446,Q2170267,"Cuneiform Tablet ADART 7, 81",create,10,1,written,,
560383,Q2170268,Cuneiform Tablet BM 016755,create,9,1,written,,
433483,Q2170269,"Cuneiform Tablet HD: W 19900,149c",create,9,1,written,,
296792,Q2170270,Cuneiform Tablet MLC 02223,create,9,1,written,,
551827,Q2170271,Cuneiform Tablet Dar. 216,create,10,1,written,,
454947,Q2170272,Cuneiform Artifact CDLI Seals 002237 (composite),create,10,0,written,,
1236,Q2170273,"Cuneiform Tablet ATU 5, pl. 058, W 9578,d",create,10,1,written,,
314962,Q2170274,"Cuneiform Tablet CT 55, 569",create,11,1,written,,
310188,Q2170275,Cuneiform Tablet YBC 09466,create,11,1,written,,
243688,Q2170276,Cuneiform Tablet P243688,create,10,1,written,,
343010,Q2170277,"Cuneiform Tablet VS 10, 205",create,9,1,written,,
246170,Q2170278,Cuneiform Tablet P246170,create,10,1,written,,
388114,Q2170279,"Cuneiform Tablet CUSAS 10, 006:03",create,8,1,written,,
210710,Q2170280,Cuneiform Tablet YBC 14870,create,11,1,written,,
428365,Q2170281,"Cuneiform Artifact RIMA 1.0.076.044, ex. 01",create,11,1,written,,
455655,Q2170282,Cuneiform Artifact CDLI Seals 002945 (composite),create,10,0,written,,
403035,Q2170283,Cuneiform Tablet K 17729,create,10,1,written,,
552708,Q2170284,"Cuneiform Tablet CM 03, no. 373",create,9,1,written,,
579458,Q2170285,Cuneiform Tablet BM 055423,create,9,1,written,,
550735,Q2170286,"Cuneiform Tablet OLA 233, no. 178",create,11,1,written,,
297880,Q2170287,Cuneiform Tablet NBC 04858,create,11,1,written,,
506155,Q2170288,Cuneiform Tablet RBC 02778,create,6,1,written,,
457668,Q2170289,Cuneiform Artifact CDLI Seals 004958 (composite),create,10,0,written,,
504168,Q2170290,Cuneiform Tablet RS 94.2527,create,9,0,written,,
401008,Q2170291,Cuneiform Tablet K 14804,create,10,1,written,,
452190,Q2170292,"Cuneiform Artifact RINAP 5/1 Ashurbanipal 011, ex. 116",create,11,1,written,,
308941,Q2170293,Cuneiform Tablet YBC 08024,create,10,1,written,,
448964,Q2170294,"Cuneiform Tablet Nisaba 19, 276",create,10,1,written,,
501690,Q2170295,"Cuneiform Tablet TCTI 3, 05622",create,11,1,written,,
586900,Q2170296,Cuneiform Tablet BM 067612,create,9,1,written,,
437993,Q2170297,"Cuneiform Tablet KBo 31, 018",create,10,1,written,,
406237,Q2170298,Cuneiform Tablet SM 1904.06.043,create,11,1,written,,
133025,Q2170299,"Cuneiform Tablet TCTI 2, 03827",create,11,1,written,,
555537,Q2170300,"Cuneiform Tablet MacGinnis, Mes 31, no. 42",create,11,1,written,,
310472,Q2170301,Cuneiform Tablet YBC 09953,create,10,1,written,,
243372,Q2170302,"Cuneiform Tablet ARET 12, 0184",create,10,1,written,,
504492,Q2170303,"Cuneiform Tablet RSO 82 Supp. 1, 051",create,10,1,written,,
239187,Q2170304,"Cuneiform Tablet CT 54, 253",create,11,1,written,,
457392,Q2170305,Cuneiform Artifact CDLI Seals 004682 (composite),create,10,0,written,,
563956,Q2170306,Cuneiform Tablet BM 038686,create,7,1,written,,
227199,Q2170307,"Cuneiform Tablet Subartu 02, 020",create,10,1,written,,
374699,Q2170308,Cuneiform Tablet BM 093998,create,11,1,written,,
478828,Q2170309,"Cuneiform Tablet MSL 11, 003 S6",create,8,1,written,,
562644,Q2170310,Cuneiform Tablet BM 034505,create,9,1,written,,
534024,Q2170311,Cuneiform Artifact CDLI Seals 005314.4 (composite),create,7,0,written,,
528007,Q2170312,"Cuneiform Tablet Akkadica Suppl. 10, 108",create,11,1,written,,
223973,Q2170313,Cuneiform Tablet OBTR 140,create,11,1,written,,
391335,Q2170314,"Cuneiform Tablet AJSL 27, 207b",create,9,1,written,,
294255,Q2170315,"Cuneiform Tablet GCCI 2, 167",create,10,1,written,,
503357,Q2170316,Cuneiform Tablet RS 15.0180,create,9,0,written,,
549514,Q2170317,Cuneiform Artifact CDLI Seals 026756 (physical),create,6,1,written,,
582410,Q2170318,Cuneiform Tablet BM 062264,create,9,1,written,,
274001,Q2170319,Cuneiform Tablet Smith College 483,create,7,1,written,,
371161,Q2170320,"Cuneiform Tablet Umm el-Qaab 1, 165",create,9,1,written,,
560679,Q2170321,Cuneiform Tablet BM 017538,create,9,1,written,,
6009,Q2170322,"Cuneiform Tablet ATU 6, pl. 052, W 14731,ag12",create,10,1,written,,
465719,Q2170323,"Cuneiform Artifact RIMA 1.0.033.007, ex. 36",create,11,1,written,,
296268,Q2170324,"Cuneiform Tablet YOS 13, 435",create,10,2,written,,
393308,Q2170325,"Cuneiform Tablet HSS 19, 125",create,10,1,written,,
436681,Q2170326,"Cuneiform Tablet KBo 22, 209",create,10,1,written,,
433179,Q2170327,Cuneiform Tablet X.3.207 unpublished assigned,create,7,1,written,,
565181,Q2170328,Cuneiform Tablet Babylonian Horoscopes no. 24,create,9,1,written,,
568249,Q2170329,Cuneiform Tablet BM 042660,create,8,1,written,,
4034,Q2170330,"Cuneiform Tablet IM 134533,1",create,10,1,written,,
446079,Q2170331,"Cuneiform Tablet KUB 40, 023",create,10,1,written,,
258494,Q2170332,Cuneiform Tablet OB Legal 043,create,10,1,written,,
497989,Q2170333,Cuneiform Tablet CMA J,create,10,1,written,,
410619,Q2170334,Cuneiform Tablet CUNES 49-08-144,create,9,1,written,,
543119,Q2170335,Cuneiform Artifact TA 1930 T0192n,create,10,0,written,,
443781,Q2170336,"Cuneiform Tablet KUB 03, 044",create,10,1,written,,
384834,Q2170337,"Cuneiform Artifact CDLI Literary 000395, ex. 006",create,10,1,written,,
252099,Q2170338,"Cuneiform Tablet CUSAS 32, 016",create,9,1,written,,
386809,Q2170339,"Cuneiform Tablet dubsar 3, 065",create,11,1,written,,
439574,Q2170340,"Cuneiform Tablet KBo 39, 026",create,10,1,written,,
508848,Q2170341,Cuneiform Artifact CDLI Seals 012698 (composite),create,10,0,written,,
399705,Q2170342,Cuneiform Tablet K 12232,create,10,1,written,,
541124,Q2170343,Cuneiform Artifact CDLI Seals 020255 (physical),create,8,1,written,,
379551,Q2170344,Cuneiform Tablet BM 088564,create,10,1,written,,
444044,Q2170345,"Cuneiform Tablet KUB 08, 007",create,10,1,written,,
412624,Q2170346,Cuneiform Tablet SVJAD 142,create,9,1,written,,
352601,Q2170347,"Cuneiform Tablet ARM 22, 155",create,11,1,written,,
413936,Q2170348,Cuneiform Tablet LKA 029e,create,11,1,written,,
422292,Q2170349,Cuneiform Tablet BM 114697,create,7,1,written,,
353913,Q2170350,"Cuneiform Tablet ARM 25, 174",create,11,1,written,,
516856,Q2170351,"Cuneiform Tablet CUSAS 40, 2072",create,9,1,written,,
571592,Q2170352,Cuneiform Tablet BM 048548,create,7,1,written,,
10427,Q2170353,"Cuneiform Tablet OIP 099, 498",create,11,1,written,,
603302,Q2170354,"Cuneiform Tablet JCS 34, 248-249",create,8,0,written,,
256873,Q2170355,Cuneiform Tablet UM 29-16-355,create,11,1,written,,
398817,Q2170356,"Cuneiform Tablet CT 40, pl. 25, K 10668",create,11,1,written,,
365572,Q2170357,"Cuneiform Tablet CT 22, pl. 19, 095",create,10,1,written,,
260412,Q2170358,Cuneiform Tablet CBS 04097,create,9,1,written,,
596003,Q2170359,Cuneiform Tablet BM 081581,create,10,1,written,,
458067,Q2170360,Cuneiform Artifact CDLI Seals 005357 (composite),create,10,0,written,,
318042,Q2170361,Cuneiform Tablet BM 018420,create,11,1,written,,
442893,Q2170362,"Cuneiform Tablet KBo 53, 089",create,10,1,written,,
385726,Q2170363,"Cuneiform Tablet OECT 13, 197",create,10,1,written,,
576257,Q2170364,Cuneiform Tablet BM 051152,create,9,1,written,,
473337,Q2170365,Cuneiform Artifact CDLI Seals 007082 (physical),create,9,1,written,,
520437,Q2170366,Cuneiform Tablet KTU3 4.40,create,10,1,written,,
559847,Q2170367,Cuneiform Tablet BM 029175,create,10,1,written,,
9256,Q2170368,"Cuneiform Tablet MDP 26S, 5010",create,10,1,written,,
350796,Q2170369,"Cuneiform Tablet ARM 12, 353",create,11,1,written,,
203096,Q2170370,Cuneiform Tablet BM 021793,create,11,1,written,,
425557,Q2170371,Cuneiform Tablet Sm 0722,create,9,1,written,,
592943,Q2170372,Cuneiform Tablet BM 075693,create,10,1,written,,
301633,Q2170373,Cuneiform Artifact NBC 10734,create,10,1,written,,
497823,Q2170374,Cuneiform Tablet A 00486 + M 05319,create,6,1,written,,
357053,Q2170375,Cuneiform Tablet Ist Ni 09529,create,10,1,written,,
539246,Q2170376,Cuneiform Artifact CDLI Seals 018424 (physical),create,7,1,written,,
544776,Q2170377,Cuneiform Artifact CDLI Seals 022427 (physical),create,8,1,written,,
512116,Q2170378,Cuneiform Artifact CDLI Seals 013610 (physical),create,9,1,written,,
279263,Q2170379,Cuneiform Tablet N 4404,create,11,1,written,,
441616,Q2170380,"Cuneiform Tablet KBo 46, 311",create,10,1,written,,
382149,Q2170381,"Cuneiform Tablet TCBI 2/3, 17",create,8,1,written,,
422338,Q2170382,Cuneiform Tablet BM 121063,create,7,1,written,,
417076,Q2170383,Cuneiform Tablet ROM 910x209.234,create,9,1,written,,
474558,Q2170384,Cuneiform Artifact CDLI Seals 007781 (physical),create,11,1,written,,
440904,Q2170385,"Cuneiform Tablet KBo 44, 126",create,10,1,written,,
545864,Q2170386,Cuneiform Artifact CDLI Seals 023535 (physical),create,8,1,written,,
594194,Q2170387,Cuneiform Tablet BM 077983,create,10,1,written,,
205841,Q2170388,Cuneiform Artifact BM 029787,create,11,1,written,,
409068,Q2170389,"Cuneiform Tablet HSS 15, 309",create,10,1,written,,
571438,Q2170390,Cuneiform Tablet BM 048323,create,8,1,written,,
300921,Q2170391,Cuneiform Tablet NBC 09814,create,10,1,written,,
547859,Q2170392,Cuneiform Artifact CDLI Seals 025280 (physical),create,7,1,written,,
331285,Q2170393,"Cuneiform Tablet Nisaba 05/1, 255 U 30213",create,11,1,written,,
442939,Q2170394,"Cuneiform Tablet KBo 53, 136",create,10,1,written,,
593651,Q2170395,Cuneiform Tablet BM 076830,create,9,1,written,,
351884,Q2170396,"Cuneiform Tablet ARM 19, 345",create,11,1,written,,
233420,Q2170397,"Cuneiform Artifact RIME 3/1.01.07.037, ex. 0669",create,11,1,written,,
496731,Q2170398,"Cuneiform Tablet FM 10, 042",create,11,1,written,,
601295,Q2170399,Cuneiform Tablet BM 101374,create,10,1,written,,
420305,Q2170400,Cuneiform Tablet K 22164,create,10,1,written,,
558755,Q2170401,Cuneiform Tablet BM 055538,create,8,1,written,,
525265,Q2170402,"Cuneiform Artifact Sumer 53, 233-250 25",create,11,1,written,,
573405,Q2170403,Cuneiform Tablet NBDSPC no. 96,create,11,1,written,,
476565,Q2170404,Cuneiform Artifact CDLI Seals 009824 (physical),create,8,1,written,,
380174,Q2170405,Cuneiform Tablet BM 095876,create,10,1,written,,
532959,Q2170406,Cuneiform Tablet SPAB 501,create,11,1,written,,
368710,Q2170407,"Cuneiform Tablet TMN p. 329, Ist Ni 00768",create,10,1,written,,
437839,Q2170408,"Cuneiform Tablet KBo 30, 017",create,10,1,written,,
506505,Q2170409,"Cuneiform Tablet Nisaba 34, 0147",create,10,1,written,,
455205,Q2170410,Cuneiform Artifact CDLI Seals 002495 (composite),create,10,0,written,,
403465,Q2170411,Cuneiform Tablet K 18228,create,10,1,written,,
428735,Q2170412,Cuneiform Artifact P428735,create,10,1,written,,
343440,Q2170413,"Cuneiform Tablet CDLI Literary needed, ex. nn ?",create,10,1,written,,
324984,Q2170414,Cuneiform Tablet CUNES 50-04-105,create,9,1,written,,
550365,Q2170415,Cuneiform Artifact CDLI Seals 026822 (physical),create,8,1,written,,
974,Q2170416,"Cuneiform Tablet ATU 5, pl. 029, W 7272,e",create,10,1,written,,
315220,Q2170417,"Cuneiform Tablet CT 55, 827",create,11,1,written,,
210340,Q2170418,"Cuneiform Tablet BPOA 06, 0559",create,11,1,written,,
457238,Q2170419,Cuneiform Artifact CDLI Seals 004528 (composite),create,10,0,written,,
552358,Q2170420,Cuneiform Tablet Nbn. 508,create,10,1,written,,
246520,Q2170421,Cuneiform Tablet P246520,create,10,1,written,,
401458,Q2170422,Cuneiform Tablet K 15566,create,10,1,written,,
2949,Q2170423,"Cuneiform Tablet ATU 7, pl. 004, W 19361,28",create,9,1,written,,
479690,Q2170424,"Cuneiform Tablet FM 04, 022",create,11,1,written,,
579008,Q2170425,Cuneiform Tablet BM 054796,create,9,1,written,,
270941,Q2170426,Cuneiform Tablet EA 315,create,9,1,written,,
375821,Q2170427,Cuneiform Tablet BM 109896,create,11,1,written,,
504538,Q2170428,"Cuneiform Artifact RSO 82 Supp. 1, 097",create,10,1,written,,
530964,Q2170429,Cuneiform Artifact P530964,create,10,1,written,,
435804,Q2170430,"Cuneiform Tablet KUB 32, 137 + KBo 39, 11 + KBo 15, 24 + KBo 24, 109 + KBo 15, 24",create,10,1,written,,
118725,Q2170431,"Cuneiform Tablet MVN 16, 0677",create,11,1,written,,
344385,Q2170432,Cuneiform Tablet PRAK A 093,create,8,1,written,,
291407,Q2170433,"Cuneiform Tablet BIN 01, 116",create,11,1,written,,
309203,Q2170434,Cuneiform Tablet YBC 08320,create,10,2,written,,
462176,Q2170435,"Cuneiform Tablet CT 52, 130",create,11,1,written,,
394567,Q2170436,"Cuneiform Tablet RINAP 5/2, Ashurbanipal 167 ex. 001",create,11,1,written,,
449226,Q2170437,Cuneiform Tablet CUNES 51-03-321,create,6,1,written,,
567016,Q2170438,Cuneiform Tablet BM 041061,create,10,1,written,,
587242,Q2170439,Cuneiform Tablet BM 067992,create,10,1,written,,
271653,Q2170440,"Cuneiform Tablet Emar 6/1, p. 338, Msk 74132j+74174b",create,9,1,written,,
227033,Q2170441,"Cuneiform Artifact RIME 3/2.01.04.10, ex. 06",create,11,1,written,,
580587,Q2170442,Cuneiform Tablet BM 059593,create,10,1,written,,
429827,Q2170443,Cuneiform Tablet HUJI 07044,create,10,1,written,,
500828,Q2170444,"Cuneiform Tablet CTMMA 4, 099",create,10,1,written,,
276196,Q2170445,Cuneiform Tablet N 1050,create,11,1,written,,
1666,Q2170446,"Cuneiform Tablet ATU 5, pl. 115, W 9656,ip",create,10,1,written,,
405948,Q2170447,Cuneiform Tablet SM 1899.02.177,create,11,1,written,,
213995,Q2170448,"Cuneiform Tablet ITT 2, 02957",create,10,1,written,,
274451,Q2170449,Cuneiform Tablet MS 4533/08,create,7,1,written,,
371531,Q2170450,"Cuneiform Tablet VS 04, 007",create,10,1,written,,
562214,Q2170451,Cuneiform Tablet BM 033043,create,7,1,written,,
222231,Q2170452,Cuneiform Tablet NFT p. 296 and fn. 2,create,9,1,written,,
294605,Q2170453,"Cuneiform Tablet GCCI 2, 283",create,10,1,written,,
391765,Q2170454,Cuneiform Artifact OIM A05210,create,9,1,written,,
582040,Q2170455,Cuneiform Tablet BM 061835,create,10,1,written,,
418679,Q2170456,Cuneiform Tablet K 20220,create,10,1,written,,
431514,Q2170457,"Cuneiform Artifact RIME 4.01.05.06, ex. 69",create,11,1,written,,
393758,Q2170458,Cuneiform Tablet AAT pl. 57 (K 129),create,10,1,written,,
209161,Q2170459,"Cuneiform Tablet BPOA 02, 2591",create,11,1,written,,
296638,Q2170460,Cuneiform Tablet MLC 01999,create,8,1,written,,
465349,Q2170461,Cuneiform Artifact CDLI Seals 006511 (physical),create,8,1,written,,
4464,Q2170462,"Cuneiform Tablet W 21839,3",create,10,1,written,,
560229,Q2170463,Cuneiform Tablet BM 016523,create,9,1,written,,
407975,Q2170464,Cuneiform Tablet SM 1918.01.052,create,11,1,written,,
273394,Q2170465,"Cuneiform Tablet TDP, pl. 68, W 17360,t",create,11,1,written,,
502815,Q2170466,Cuneiform Artifact CDLI Seals 012442 (physical),create,7,1,written,,
242830,Q2170467,"Cuneiform Tablet ARET 03, 634",create,10,1,written,,
585785,Q2170468,Cuneiform Tablet BM 066227,create,9,1,written,,
243722,Q2170469,Cuneiform Tablet P243722,create,10,1,written,,
347950,Q2170470,"Cuneiform Tablet Ras Shamra-Ougarit 07, 112",create,9,1,written,,
584897,Q2170471,Cuneiform Tablet BM 065181,create,9,1,written,,
320494,Q2170472,"Cuneiform Tablet Nisaba 08, 016",create,11,1,written,,
503707,Q2170473,Cuneiform Tablet RS 18.0002,create,9,0,written,,
310022,Q2170474,Cuneiform Tablet YBC 09300,create,11,1,written,,
295917,Q2170475,Cuneiform Tablet MLC 01144,create,10,1,written,,
341187,Q2170476,"Cuneiform Tablet BPOA 02, 2531",create,11,1,written,,
450007,Q2170477,Cuneiform Tablet CUNES 49-04-050,create,9,1,written,,
390877,Q2170478,"Cuneiform Tablet BPOA 06, 0319",create,11,1,written,,
212687,Q2170479,"Cuneiform Tablet BIN 08, 141",create,9,1,written,,
409592,Q2170480,Cuneiform Tablet CUNES 48-09-217,create,6,1,written,,
591396,Q2170481,Cuneiform Tablet BM 072793,create,10,1,written,,
280216,Q2170482,Cuneiform Tablet N 6452,create,8,1,written,,
318412,Q2170483,Cuneiform Tablet BM 018863,create,11,1,written,,
425107,Q2170484,"Cuneiform Tablet Rm 2, 395",create,9,1,written,,
385376,Q2170485,"Cuneiform Tablet OECT 10, 363",create,9,1,written,,
576607,Q2170486,Cuneiform Tablet BM 051545,create,8,1,written,,
493533,Q2170487,"Cuneiform Tablet RA 052, 224 10",create,9,1,written,,
446429,Q2170488,"Cuneiform Tablet KUB 45, 034",create,10,1,written,,
260042,Q2170489,Cuneiform Tablet CBS 03670,create,9,1,written,,
458437,Q2170490,Cuneiform Artifact CDLI Seals 005727 (composite),create,10,0,written,,
410249,Q2170491,Cuneiform Tablet CUNES 49-02-224,create,7,1,written,,
543549,Q2170492,Cuneiform Tablet LB 1556 (unpublished),create,10,1,written,,
140858,Q2170493,"Cuneiform Tablet UTI 4, 2839",create,11,1,written,,
472875,Q2170494,Cuneiform Artifact CDLI Seals 006620 (physical),create,10,1,written,,
568619,Q2170495,Cuneiform Tablet BM 043109 + BM 043118,create,9,1,written,,
468081,Q2170496,"Cuneiform Tablet UE 06, pl. 47c",create,8,1,written,,
444414,Q2170497,"Cuneiform Tablet KUB 16, 075",create,10,1,written,,
470848,Q2170498,Cuneiform Tablet PTS 2756,create,10,1,written,,
577915,Q2170499,Cuneiform Tablet BM 052965,create,9,1,written,,
575928,Q2170500,Cuneiform Tablet BM 050750,create,9,1,written,,
541574,Q2170501,Cuneiform Artifact CDLI Seals 020736 (physical),create,9,1,written,,
379101,Q2170502,Cuneiform Tablet BM 087939,create,10,1,written,,
412274,Q2170503,"Cuneiform Tablet CTMMA 2, 103",create,8,1,written,,
257331,Q2170504,Cuneiform Tablet UM 55-21-152,create,10,1,written,,
439124,Q2170505,"Cuneiform Tablet KBo 36, 104",create,10,1,written,,
602840,Q2170506,"Cuneiform Tablet Kleber, Babil 4, no. 1a (N11: 42)",create,8,0,written,,
304431,Q2170507,Cuneiform Tablet YBC 01856,create,10,1,written,,
352251,Q2170508,"Cuneiform Tablet ARM 21, 249",create,11,1,written,,
266895,Q2170509,Cuneiform Tablet CBS 11755,create,11,1,written,,
563813,Q2170510,Cuneiform Tablet BM 038445,create,8,1,written,,
399355,Q2170511,Cuneiform Tablet K 11618,create,10,1,written,,
466973,Q2170512,"Cuneiform Artifact RINAP 3/2 Sennacherib 203, ex. 010",create,10,1,written,,
243237,Q2170513,"Cuneiform Tablet ARET 12, 0068",create,10,1,written,,
272993,Q2170514,"Cuneiform Tablet ARM 02, 082",create,11,1,written,,
528142,Q2170515,"Cuneiform Tablet Chagar Bazar 3, 133",create,11,1,written,,
223836,Q2170516,Cuneiform Tablet OBTR 233,create,11,1,written,,
580568,Q2170517,Cuneiform Tablet NABU 1997/011 BM 59568,create,11,1,written,,
406372,Q2170518,Cuneiform Tablet SM 1909.05.215,create,11,1,written,,
268167,Q2170519,Cuneiform Tablet CBS 13082,create,11,1,written,,
555472,Q2170520,Cuneiform Tablet BM 064772,create,11,1,written,,
450512,Q2170521,"Cuneiform Artifact RINAP 4 Esarhaddon 119, ex. 001",create,10,1,written,,
310537,Q2170522,"Cuneiform Tablet YOS 14, 246",create,10,1,written,,
1689,Q2170523,"Cuneiform Tablet ATU 5, pl. 119, VAT 17785",create,10,1,written,,
276179,Q2170524,"Cuneiform Tablet OB Contracts, pl. G3 no. 59",create,11,1,written,,
4171,Q2170525,"Cuneiform Tablet ATU 7, pl. 074, W 21004,14",create,9,1,written,,
320181,Q2170526,Cuneiform Tablet BM 022972,create,11,1,written,,
273681,Q2170527,Cuneiform Tablet TCVC 749,create,9,1,written,,
582555,Q2170528,Cuneiform Tablet BM 062432,create,9,1,written,,
585290,Q2170529,Cuneiform Tablet BM 065663,create,10,1,written,,
338948,Q2170530,"Cuneiform Tablet ARM 06, 011",create,11,1,written,,
274144,Q2170531,"Cuneiform Artifact Subartu 12, 171",create,11,1,written,,
394588,Q2170532,"Cuneiform Tablet RINAP 5/2, Ashurbanipal 085 ex. 001",create,11,1,written,,
371024,Q2170533,"Cuneiform Tablet Umm el-Qaab 1, 028",create,9,1,written,,
549451,Q2170534,Cuneiform Artifact CDLI Seals 026693 (physical),create,6,1,written,,
391270,Q2170535,Cuneiform Artifact OIM A01511,create,9,1,written,,
294310,Q2170536,"Cuneiform Tablet GCCI 1, 247",create,10,1,written,,
467661,Q2170537,Cuneiform Tablet P467661,create,10,1,written,,
417099,Q2170538,Cuneiform Tablet ROM 910x209.284,create,10,1,written,,
412761,Q2170539,Cuneiform Tablet BM 100124,create,10,1,written,,
544799,Q2170540,Cuneiform Artifact CDLI Seals 022446 (physical),create,8,1,written,,
379414,Q2170541,Cuneiform Tablet BM 088350,create,10,1,written,,
562701,Q2170542,Cuneiform Tablet BM 035194,create,10,1,written,,
444101,Q2170543,"Cuneiform Tablet KUB 09, 007",create,10,1,written,,
431001,Q2170544,Cuneiform Tablet Haddad unn 04,create,11,1,written,,
590991,Q2170545,Cuneiform Tablet BM 072300,create,9,1,written,,
439431,Q2170546,"Cuneiform Tablet KBo 38, 176",create,10,1,written,,
399640,Q2170547,"Cuneiform Tablet BPO 4, 202 A, K 12125",create,11,1,written,,
352744,Q2170548,"Cuneiform Tablet ARM 22, 298",create,11,1,written,,
255619,Q2170549,Cuneiform Tablet UM 29-13-696,create,11,1,written,,
350779,Q2170550,"Cuneiform Tablet ARM 12, 336",create,11,1,written,,
257624,Q2170551,"Cuneiform Tablet BE 06/1, 114",create,11,1,written,,
588158,Q2170552,"Cuneiform Artifact TBER pl. 79, Kd 006",create,11,1,written,,
203079,Q2170553,Cuneiform Tablet BM 028213,create,11,1,written,,
281811,Q2170554,"Cuneiform Tablet BAM 2, 161",create,11,1,written,,
384971,Q2170555,"Cuneiform Tablet OECT 06, pl. 22, K 02784",create,10,1,written,,
206781,Q2170556,Cuneiform Tablet BM 024039,create,11,1,written,,
385663,Q2170557,"Cuneiform Tablet OECT 13, 134",create,9,1,written,,
520572,Q2170558,Cuneiform Tablet KTU3 4.435,create,10,1,written,,
306119,Q2170559,"Cuneiform Tablet JCS 04, 090-091, 106 YBC 04973",create,11,1,written,,
355081,Q2170560,"Cuneiform Tablet ARM 26/2, 524",create,11,1,written,,
280703,Q2170561,Cuneiform Tablet N 6954,create,8,1,written,,
576312,Q2170562,Cuneiform Tablet BM 051210,create,9,1,written,,
473272,Q2170563,Cuneiform Artifact CDLI Seals 007017 (physical),create,9,1,written,,
318107,Q2170564,Cuneiform Tablet BM 018502,create,11,1,written,,
458122,Q2170565,Cuneiform Artifact CDLI Seals 005412 (composite),create,10,0,written,,
493026,Q2170566,Cuneiform Tablet P493026,create,7,1,written,,
365437,Q2170567,"Cuneiform Tablet CT 20, pl. 11, K 06724",create,10,1,written,,
353856,Q2170568,"Cuneiform Tablet ARM 25, 117",create,11,1,written,,
596146,Q2170569,Cuneiform Tablet BM 081760,create,10,1,written,,
207893,Q2170570,Cuneiform Tablet BM 024660,create,11,1,written,,
260557,Q2170571,Cuneiform Tablet CBS 04240,create,8,1,written,,
591683,Q2170572,Cuneiform Tablet BM 073141,create,9,1,written,,
398952,Q2170573,Cuneiform Tablet K 10887,create,10,1,written,,
409087,Q2170574,"Cuneiform Tablet HSS 15, 317b",create,10,1,written,,
413873,Q2170575,Cuneiform Tablet P413873,create,11,1,written,,
603247,Q2170576,"Cuneiform Tablet CM 13, no. 15",create,9,1,written,,
385399,Q2170577,"Cuneiform Tablet OECT 10, 386",create,9,1,written,,
558240,Q2170578,Cuneiform Tablet BM 043614,create,8,1,written,,
265755,Q2170579,Cuneiform Tablet CBS 10552,create,10,1,written,,
496224,Q2170580,"Cuneiform Tablet MDP 09, 224",create,11,1,written,,
593344,Q2170581,Cuneiform Tablet BM 076410,create,9,1,written,,
233135,Q2170582,"Cuneiform Artifact RIME 3/1.01.07.037, ex. 0384",create,11,1,written,,
476070,Q2170583,Cuneiform Artifact CDLI Seals 009329 (physical),create,8,1,written,,
285501,Q2170584,Cuneiform Tablet KAV 018,create,8,1,written,,
420610,Q2170585,Cuneiform Tablet SMUI 1913.14.0228,create,8,1,written,,
380461,Q2170586,Cuneiform Tablet BM 096605,create,10,1,written,,
601780,Q2170587,Cuneiform Tablet BM 101924,create,10,1,written,,
8851,Q2170588,"Cuneiform Tablet MDP 26, 163",create,10,1,written,,
494219,Q2170589,Cuneiform Tablet P494219,create,7,1,written,,
525770,Q2170590,"Cuneiform Tablet ARM 33, 107",create,11,1,written,,
573110,Q2170591,Cuneiform Tablet BM 050178,create,8,1,written,,
362608,Q2170592,Cuneiform Tablet PUL Ex 1162,create,10,1,written,,
591379,Q2170593,Cuneiform Tablet BM 072774,create,10,1,written,,
262090,Q2170594,"Cuneiform Tablet PBS 01/2, 004",create,11,1,written,,
538841,Q2170595,Cuneiform Artifact CDLI Seals 018019 (physical),create,7,1,written,,
539753,Q2170596,Cuneiform Artifact CDLI Seals 018935 (physical),create,7,1,written,,
594481,Q2170597,Cuneiform Tablet BM 078627,create,10,1,written,,
278864,Q2170598,Cuneiform Tablet N 3890,create,10,1,written,,
301326,Q2170599,Cuneiform Tablet NBC 10390,create,10,1,written,,
111912,Q2170600,"Cuneiform Tablet JCS 13, 013",create,10,1,written,,
330882,Q2170601,Cuneiform Tablet IM 061501,create,11,1,written,,
252426,Q2170602,"Cuneiform Tablet CUSAS 43, 04b",create,8,1,written,,
544263,Q2170603,Cuneiform Tablet LB 5025 (unpublished),create,11,1,written,,
441303,Q2170604,"Cuneiform Tablet KBo 45, 280",create,10,1,written,,
279776,Q2170605,Cuneiform Tablet N 5678,create,10,1,written,,
600892,Q2170606,Cuneiform Tablet BM 100922,create,10,1,written,,
204246,Q2170607,Cuneiform Tablet BM 028256,create,11,1,written,,
417563,Q2170608,"Cuneiform Tablet MARV 9, 063",create,11,1,written,,
350283,Q2170609,"Cuneiform Tablet ARM 11, 140",create,11,1,written,,
421902,Q2170610,Cuneiform Tablet BM 098648,create,7,1,written,,
361927,Q2170611,"Cuneiform Tablet Nisaba 33, 897",create,0,0,written,Recovered from timeout-after-create duplicate sequence; canonical selected as lowest QID Q2170611. Later duplicate QIDs Q2170612-Q2170614 should be added to reuse pool after audit.,
580092,Q2170612,Cuneiform Tablet BM 059029,rewrite,10,1,written,,
325383,Q2170613,Cuneiform Tablet CUNES 51-02-022,rewrite,10,1,written,,
314827,Q2170614,"Cuneiform Tablet CT 55, 435",rewrite,10,1,written,,
276483,Q2170616,Cuneiform Tablet N 1336,create,11,1,written,,
551962,Q2170617,Cuneiform Tablet Dar. 219,create,9,1,written,,
